"uid","project_number","civic_address","community","number_of_units","pid","housing_authority","county","municipality","x_coordina","y_coordina","location_1"
"1","4601","1602 Crossley Crt","Windsor","1","45075454","Western Regional Housing Authority","Hants","Town of Windsor","-64.12639941","44.9759401","(44.9759401, -64.12639941)"
"2","4601","1604 Crossley Crt","Windsor","1","45075454","Western Regional Housing Authority","Hants","Town of Windsor","-64.12696406","44.97622715","(44.97622715, -64.12696406)"
"3","4601","1600 Crossley Crt","Windsor","1","45075454","Western Regional Housing Authority","Hants","Town of Windsor","-64.12708982","44.97638052","(44.97638052, -64.12708982)"
"4","4601","1608 Crossley Crt","Windsor","1","45075454","Western Regional Housing Authority","Hants","Town of Windsor","-64.12682555","44.97608269","(44.97608269, -64.12682555)"
"5","4601","1612 Crossley Crt","Windsor","1","45075454","Western Regional Housing Authority","Hants","Town of Windsor","-64.12667425","44.97593823","(44.97593823, -64.12667425)"
"6","4601","1616 Crossley Crt","Windsor","1","45075454","Western Regional Housing Authority","Hants","Town of Windsor","-64.12651022","44.9758207","(44.9758207, -64.12651022)"
"7","4601","1614 Crossley Crt","Windsor","1","45075454","Western Regional Housing Authority","Hants","Town of Windsor","-64.12619422","44.9757704","(44.9757704, -64.12619422)"
"8","4601","1606 Crossley Crt","Windsor","1","45075454","Western Regional Housing Authority","Hants","Town of Windsor","-64.12633414","44.97588439","(44.97588439, -64.12633414)"
"9","4601","1618 Crossley Crt","Windsor","1","45075454","Western Regional Housing Authority","Hants","Town of Windsor","-64.12651022","44.9758207","(44.9758207, -64.12651022)"
"10","4601","1610 Crossley Crt","Windsor","1","45075454","Western Regional Housing Authority","Hants","Town of Windsor","-64.12626886","44.97582868","(44.97582868, -64.12626886)"
"11","4604","665 OBrien St","Windsor","1","45054590","Western Regional Housing Authority","Hants","Town of Windsor","-64.12880111","44.98997114","(44.98997114, -64.12880111)"
"12","4604","24 Underwood Dr","Windsor","1","45055118","Western Regional Housing Authority","Hants","Town of Windsor","-64.11935738","44.9837974","(44.9837974, -64.11935738)"
"13","4604","28 Underwood Dr","Windsor","1","45055092","Western Regional Housing Authority","Hants","Town of Windsor","-64.11877391","44.98381341","(44.98381341, -64.11877391)"
"14","4604","30 Underwood Dr","Windsor","1","45055084","Western Regional Housing Authority","Hants","Town of Windsor","-64.11848212","44.98383945","(44.98383945, -64.11848212)"
"15","4604","26 Underwood Dr","Windsor","1","45055100","Western Regional Housing Authority","Hants","Town of Windsor","-64.11909095","44.98380547","(44.98380547, -64.11909095)"
"16","4805","283 Panuke Rd","Three Mile Plains","1","45202173","Western Regional Housing Authority","Hants","West Hants","-64.08538655","44.95171528","(44.95171528, -64.08538655)"
"17","4805","279 Panuke Rd","Three Mile Plains","1","45202165","Western Regional Housing Authority","Hants","West Hants","-64.08534149","44.95187834","(44.95187834, -64.08534149)"
"18","4805","2561 Highway 215","Upper Burlington","1","45156692","Western Regional Housing Authority","Hants","West Hants","-64.05939089","45.05661005","(45.05661005, -64.05939089)"
"19","4807","28 Alexander Dr","Three Mile Plains","1","45205580","Western Regional Housing Authority","Hants","West Hants","-64.11742639","44.96193784","(44.96193784, -64.11742639)"
"20","4807","32 Alexander Dr","Three Mile Plains","1","45205572","Western Regional Housing Authority","Hants","West Hants","-64.11761981","44.96207143","(44.96207143, -64.11761981)"
"21","4809","186 Lantz Rd","Bramber","1","45204831","Western Regional Housing Authority","Hants","West Hants","-64.16034627","45.18016067","(45.18016067, -64.16034627)"
"22","4809","79 New Cheverie Rd","Lower Burlington","1","45204930","Western Regional Housing Authority","Hants","West Hants","-64.11718802","45.08843594","(45.08843594, -64.11718802)"
"23","4810","4 MacLeod Crt","Three Mile Plains","1","45215217","Western Regional Housing Authority","Hants","West Hants","-64.08344832","44.95757787","(44.95757787, -64.08344832)"
"24","4810","578 Town Rd","Falmouth","1","45170636","Western Regional Housing Authority","Hants","West Hants","-64.18128865","44.99463444","(44.99463444, -64.18128865)"
"25","4805","2551 Highway 215","Upper Burlington","1","45156700","Western Regional Housing Authority","Hants","West Hants","-64.05906471","45.05610485","(45.05610485, -64.05906471)"
"26","4811","8293 Highway 215","Cambridge","1","45174299","Western Regional Housing Authority","Hants","West Hants","-64.08931738","45.2036214","(45.2036214, -64.08931738)"
"27","4810","138 Gabriel Rd","Falmouth","1","45030681","Western Regional Housing Authority","Hants","West Hants","-64.16573747","44.99365394","(44.99365394, -64.16573747)"
"28","4811","7760 Highway 1","Ardoise","1","45012119","Western Regional Housing Authority","Hants","West Hants","-63.92200751","44.94104493","(44.94104493, -63.92200751)"
"29","5408","2693 Morse Rd","Carleton Corner","1","5143185","Western Regional Housing Authority","Annapolis","Municipality of the County of Annapolis","-65.28793907","44.82671617","(44.82671617, -65.28793907)"
"30","5408","2695 Morse Rd","Carleton Corner","1","5143185","Western Regional Housing Authority","Annapolis","Municipality of the County of Annapolis","-65.28765965","44.82674512","(44.82674512, -65.28765965)"
"31","5408","451 Old Post Rd","Clementsport","1","5092853","Western Regional Housing Authority","Annapolis","Municipality of the County of Annapolis","-65.6001528","44.68014173","(44.68014173, -65.6001528)"
"32","5410","2721 Morse Rd","Carleton Corner","1","5143128","Western Regional Housing Authority","Annapolis","Municipality of the County of Annapolis","-65.28856137","44.82783683","(44.82783683, -65.28856137)"
"33","5410","2727 Morse Rd","Carleton Corner","1","5143110","Western Regional Housing Authority","Annapolis","Municipality of the County of Annapolis","-65.28871694","44.82811474","(44.82811474, -65.28871694)"
"34","5410","8608 Highway 201","Nictaux","1","5072350","Western Regional Housing Authority","Annapolis","Municipality of the County of Annapolis","-65.05863049","44.91984457","(44.91984457, -65.05863049)"
"35","5410","8618 Highway 201","Nictaux","1","5072343","Western Regional Housing Authority","Annapolis","Municipality of the County of Annapolis","-65.05836611","44.92001685","(44.92001685, -65.05836611)"
"36","5408","453 Old Post Rd","Clementsport","1","5092853","Western Regional Housing Authority","Annapolis","Municipality of the County of Annapolis","-65.5998878","44.68009548","(44.68009548, -65.5998878)"
"37","5413","633 Inglewood Rd","Beaconsfield","1","5170980","Western Regional Housing Authority","Annapolis","Municipality of the County of Annapolis","-65.31036754","44.86782176","(44.86782176, -65.31036754)"
"38","5414","3362 Highway 201","Centrelea","1","5167135","Western Regional Housing Authority","Annapolis","Municipality of the County of Annapolis","-65.33589021","44.81430701","(44.81430701, -65.33589021)"
"39","5415","22 Fitch Rd","Lawrencetown","1","5179213","Western Regional Housing Authority","Annapolis","Municipality of the County of Annapolis","-65.15098477","44.89096246","(44.89096246, -65.15098477)"
"40","5413","1485 Inglisville Rd","Inglisville","1","5004833","Western Regional Housing Authority","Annapolis","Municipality of the County of Annapolis","-65.10571509","44.85860641","(44.85860641, -65.10571509)"
"41","5415","26 Fitch Rd","Lawrencetown","1","5179205","Western Regional Housing Authority","Annapolis","Municipality of the County of Annapolis","-65.15110105","44.89116882","(44.89116882, -65.15110105)"
"42","5703","242 Commercial St","Middleton","1","5030721","Western Regional Housing Authority","Annapolis","Town of Middleton","-65.07421955","44.95241315","(44.95241315, -65.07421955)"
"43","5703","258 Commercial St","Middleton","1","5031240","Western Regional Housing Authority","Annapolis","Town of Middleton","-65.07474469","44.95328823","(44.95328823, -65.07474469)"
"44","5703","260 Commercial St","Middleton","1","5031240","Western Regional Housing Authority","Annapolis","Town of Middleton","-65.07481285","44.95339669","(44.95339669, -65.07481285)"
"45","5703","262 Commercial St","Middleton","1","5030739","Western Regional Housing Authority","Annapolis","Town of Middleton","-65.074881","44.95350515","(44.95350515, -65.074881)"
"46","5703","264 Commercial St","Middleton","1","5030739","Western Regional Housing Authority","Annapolis","Town of Middleton","-65.07494916","44.95361362","(44.95361362, -65.07494916)"
"47","5703","266 Commercial St","Middleton","1","5030747","Western Regional Housing Authority","Annapolis","Town of Middleton","-65.07501731","44.95372208","(44.95372208, -65.07501731)"
"48","5703","268 Commercial St","Middleton","1","5030747","Western Regional Housing Authority","Annapolis","Town of Middleton","-65.07508468","44.95383046","(44.95383046, -65.07508468)"
"49","5703","270 Commercial St","Middleton","1","5030754","Western Regional Housing Authority","Annapolis","Town of Middleton","-65.07515202","44.95393918","(44.95393918, -65.07515202)"
"50","5703","272 Commercial St","Middleton","1","5030754","Western Regional Housing Authority","Annapolis","Town of Middleton","-65.07521936","44.9540479","(44.9540479, -65.07521936)"
"51","5703","274 Commercial St","Middleton","1","5030762","Western Regional Housing Authority","Annapolis","Town of Middleton","-65.07528669","44.95415662","(44.95415662, -65.07528669)"
"52","5703","276 Commercial St","Middleton","1","5030762","Western Regional Housing Authority","Annapolis","Town of Middleton","-65.07535403","44.95426534","(44.95426534, -65.07535403)"
"53","5703","280 Commercial St","Middleton","1","5030770","Western Regional Housing Authority","Annapolis","Town of Middleton","-65.0754887","44.95448278","(44.95448278, -65.0754887)"
"54","5703","282 Commercial St","Middleton","1","5030770","Western Regional Housing Authority","Annapolis","Town of Middleton","-65.07555604","44.9545915","(44.9545915, -65.07555604)"
"55","5703","240 Commercial St","Middleton","1","5030721","Western Regional Housing Authority","Annapolis","Town of Middleton","-65.07414973","44.95230962","(44.95230962, -65.07414973)"
"56","5801","91 Third Ave","Digby","2","30226971","Western Regional Housing Authority","Digby","Town of Digby","-65.76007633","44.61855088","(44.61855088, -65.76007633)"
"57","5801","130 Third Ave","Digby","1","30225981","Western Regional Housing Authority","Digby","Town of Digby","-65.76082323","44.62220555","(44.62220555, -65.76082323)"
"58","5801","134 Third Ave","Digby","1","30225999","Western Regional Housing Authority","Digby","Town of Digby","-65.76090369","44.62242965","(44.62242965, -65.76090369)"
"59","5801","132 Third Ave","Digby","1","30225981","Western Regional Housing Authority","Digby","Town of Digby","-65.76093109","44.62213085","(44.62213085, -65.76093109)"
"60","5801","136 Third Ave","Digby","1","30225999","Western Regional Housing Authority","Digby","Town of Digby","-65.76102672","44.6224212","(44.6224212, -65.76102672)"
"61","5801","131 King St","Digby","2","30225932","Western Regional Housing Authority","Digby","Town of Digby","-65.76019583","44.62232948","(44.62232948, -65.76019583)"
"62","5801","133 King St","Digby","2","30225924","Western Regional Housing Authority","Digby","Town of Digby","-65.76025071","44.62253589","(44.62253589, -65.76025071)"
"63","5801","93 Third Ave","Digby","2","30226963","Western Regional Housing Authority","Digby","Town of Digby","-65.76009522","44.61901609","(44.61901609, -65.76009522)"
"64","5805","27 First Ave","Digby","1","30229066","Western Regional Housing Authority","Digby","Town of Digby","-65.75421662","44.6144395","(44.6144395, -65.75421662)"
"65","5805","25 First Ave","Digby","1","30229066","Western Regional Housing Authority","Digby","Town of Digby","-65.75404278","44.61445964","(44.61445964, -65.75404278)"
"66","5805","31 First Ave","Digby","1","30229066","Western Regional Housing Authority","Digby","Town of Digby","-65.7542593","44.614664","(44.614664, -65.7542593)"
"67","5805","29 First Ave","Digby","1","30229066","Western Regional Housing Authority","Digby","Town of Digby","-65.75414607","44.61476699","(44.61476699, -65.75414607)"
"68","5805","33 First Ave","Digby","1","30229066","Western Regional Housing Authority","Digby","Town of Digby","-65.75424937","44.61507434","(44.61507434, -65.75424937)"
"69","5805","22 Queen St","Digby","1","30229066","Western Regional Housing Authority","Digby","Town of Digby","-65.75466455","44.61417357","(44.61417357, -65.75466455)"
"70","5805","26 Queen St","Digby","1","30229066","Western Regional Housing Authority","Digby","Town of Digby","-65.75471859","44.61434397","(44.61434397, -65.75471859)"
"71","5805","24 Queen St","Digby","1","30229066","Western Regional Housing Authority","Digby","Town of Digby","-65.7548578","44.61411429","(44.61411429, -65.7548578)"
"72","5805","30 Queen St","Digby","1","30229066","Western Regional Housing Authority","Digby","Town of Digby","-65.75477308","44.61453238","(44.61453238, -65.75477308)"
"73","5805","28 Queen St","Digby","1","30229066","Western Regional Housing Authority","Digby","Town of Digby","-65.75495694","44.61440324","(44.61440324, -65.75495694)"
"74","5805","32 Queen St","Digby","1","30229066","Western Regional Housing Authority","Digby","Town of Digby","-65.75505608","44.61469219","(44.61469219, -65.75505608)"
"75","5807","92 Church St","Digby","4","30226344","Western Regional Housing Authority","Digby","Town of Digby","-65.76527147","44.62104037","(44.62104037, -65.76527147)"
"76","5812","31 King St","Digby","1","30228753","Western Regional Housing Authority","Digby","Town of Digby","-65.7575678","44.61442065","(44.61442065, -65.7575678)"
"77","5809","132 Victoria St","Digby","4","30225627","Western Regional Housing Authority","Digby","Town of Digby","-65.76634659","44.62120376","(44.62120376, -65.76634659)"
"78","5812","97 Sydney St","Digby","1","30225684","Western Regional Housing Authority","Digby","Town of Digby","-65.76633619","44.62248654","(44.62248654, -65.76633619)"
"79","5805","23 First Ave","Digby","1","30229066","Western Regional Housing Authority","Digby","Town of Digby","-65.75413664","44.61423334","(44.61423334, -65.75413664)"
"80","5905","167 C Leblanc Br","Mavillette","1","30097828","Western Regional Housing Authority","Digby","Municipality of the District of Clare","-66.17021558","44.09763355","(44.09763355, -66.17021558)"
"81","5905","192 Langford Rd","Weaver Settlement","1","30023766","Western Regional Housing Authority","Digby","Municipality of the District of Clare","-65.9238056","44.37143996","(44.37143996, -65.9238056)"
"82","5905","489 Eustace Comeau Rd","Lower Saulnierville","1","30061451","Western Regional Housing Authority","Digby","Municipality of the District of Clare","-66.10901892","44.23238441","(44.23238441, -66.10901892)"
"83","6006","12575 Highway 217","Seabrook","1","30194112","Western Regional Housing Authority","Digby","Municipality of the District of Digby","-65.77161949","44.6209069","(44.6209069, -65.77161949)"
"84","6006","12571 Highway 217","Seabrook","1","30194112","Western Regional Housing Authority","Digby","Municipality of the District of Digby","-65.77181849","44.62078767","(44.62078767, -65.77181849)"
"85","6006","12563 Highway 217","Seabrook","1","30194112","Western Regional Housing Authority","Digby","Municipality of the District of Digby","-65.77226676","44.62053969","(44.62053969, -65.77226676)"
"86","6006","12567 Highway 217","Seabrook","1","30194112","Western Regional Housing Authority","Digby","Municipality of the District of Digby","-65.7720303","44.62067732","(44.62067732, -65.7720303)"
"87","6007","871 Sissiboo Rd","Weymouth Mills","2","30209340","Western Regional Housing Authority","Digby","Municipality of the District of Digby","-65.9434021","44.41217184","(44.41217184, -65.9434021)"
"88","6007","863 Sissiboo Rd","Weymouth Mills","1","30209332","Western Regional Housing Authority","Digby","Municipality of the District of Digby","-65.94384089","44.41215692","(44.41215692, -65.94384089)"
"89","6007","134 Old Yarmouth Rd","Weaver Settlement","1","30221139","Western Regional Housing Authority","Digby","Municipality of the District of Digby","-65.93891574","44.38640674","(44.38640674, -65.93891574)"
"90","6009","110 Beechwood Lane","Conway","1","30266688","Western Regional Housing Authority","Digby","Municipality of the District of Digby","-65.7708276","44.59346456","(44.59346456, -65.7708276)"
"91","6009","6 Jordantown Cross Rd","Conway","1","30266670","Western Regional Housing Authority","Digby","Municipality of the District of Digby","-65.77130689","44.59323686","(44.59323686, -65.77130689)"
"92","5102","2 Inglewood Ave","Kentville","1","55252712","Western Regional Housing Authority","Kings","Town of Kentville","-64.50290576","45.07044652","(45.07044652, -64.50290576)"
"93","5905","7670 Highway 1","Meteghan","1","30264436","Western Regional Housing Authority","Digby","Municipality of the District of Clare","-66.18065344","44.16936932","(44.16936932, -66.18065344)"
"94","5102","6 Inglewood Ave","Kentville","1","55252746","Western Regional Housing Authority","Kings","Town of Kentville","-64.50260621","45.07023047","(45.07023047, -64.50260621)"
"95","5102","232 Prospect Ave","Kentville","1","55252563","Western Regional Housing Authority","Kings","Town of Kentville","-64.50270783","45.07058716","(45.07058716, -64.50270783)"
"96","5102","10 Minas St","Kentville","1","55261143","Western Regional Housing Authority","Kings","Town of Kentville","-64.50156771","45.07032067","(45.07032067, -64.50156771)"
"97","5102","8 Inglewood Ave","Kentville","1","55252746","Western Regional Housing Authority","Kings","Town of Kentville","-64.50289764","45.07025619","(45.07025619, -64.50289764)"
"98","5102","4 Inglewood Ave","Kentville","1","55252712","Western Regional Housing Authority","Kings","Town of Kentville","-64.50314993","45.07042812","(45.07042812, -64.50314993)"
"99","5102","226 Prospect Ave","Kentville","1","55252555","Western Regional Housing Authority","Kings","Town of Kentville","-64.5025322","45.07074303","(45.07074303, -64.5025322)"
"100","5102","234 Prospect Ave","Kentville","1","55252563","Western Regional Housing Authority","Kings","Town of Kentville","-64.50319023","45.07051801","(45.07051801, -64.50319023)"
"101","5102","12 Minas St","Kentville","1","55261143","Western Regional Housing Authority","Kings","Town of Kentville","-64.50179806","45.07040191","(45.07040191, -64.50179806)"
"102","5102","14 Minas St","Kentville","1","55261150","Western Regional Housing Authority","Kings","Town of Kentville","-64.50180283","45.07020047","(45.07020047, -64.50180283)"
"103","5102","228 Prospect Ave","Kentville","1","55252555","Western Regional Housing Authority","Kings","Town of Kentville","-64.50299984","45.07064287","(45.07064287, -64.50299984)"
"104","5102","17 Minas St","Kentville","1","55261119","Western Regional Housing Authority","Kings","Town of Kentville","-64.50237087","45.07033644","(45.07033644, -64.50237087)"
"105","5102","19 Minas St","Kentville","1","55261119","Western Regional Housing Authority","Kings","Town of Kentville","-64.50239998","45.07014921","(45.07014921, -64.50239998)"
"106","5102","18 Minas St","Kentville","1","55261168","Western Regional Housing Authority","Kings","Town of Kentville","-64.50198719","45.07003652","(45.07003652, -64.50198719)"
"107","5102","20 Minas St","Kentville","1","55261168","Western Regional Housing Authority","Kings","Town of Kentville","-64.50229352","45.07006953","(45.07006953, -64.50229352)"
"108","5105","32 Sherry Ave","Kentville","1","55258818","Western Regional Housing Authority","Kings","Town of Kentville","-64.48993644","45.0890005","(45.0890005, -64.48993644)"
"109","5105","34 Sherry Ave","Kentville","1","55258800","Western Regional Housing Authority","Kings","Town of Kentville","-64.48998335","45.08922371","(45.08922371, -64.48998335)"
"110","5102","16 Minas St","Kentville","1","55261150","Western Regional Housing Authority","Kings","Town of Kentville","-64.50204579","45.07023572","(45.07023572, -64.50204579)"
"111","5105","35 Sherry Ave","Kentville","1","55258776","Western Regional Housing Authority","Kings","Town of Kentville","-64.49032253","45.08954814","(45.08954814, -64.49032253)"
"112","5105","36 Sherry Ave","Kentville","1","55258792","Western Regional Housing Authority","Kings","Town of Kentville","-64.49001131","45.0894563","(45.0894563, -64.49001131)"
"113","5205","7 Dale St","Wolfville","1","55276802","Western Regional Housing Authority","Kings","Town of Wolfville","-64.34968704","45.09010896","(45.09010896, -64.34968704)"
"114","5301","121 Mee Rd","North Kentville","1","55034961","Western Regional Housing Authority","Kings","Municipality of the County of Kings","-64.47978851","45.09124985","(45.09124985, -64.47978851)"
"115","5301","127 Mee Rd","North Kentville","1","55034979","Western Regional Housing Authority","Kings","Municipality of the County of Kings","-64.4795344","45.09140281","(45.09140281, -64.4795344)"
"116","5301","133 Mee Rd","North Kentville","1","55034987","Western Regional Housing Authority","Kings","Municipality of the County of Kings","-64.47924214","45.09155573","(45.09155573, -64.47924214)"
"117","5301","137 Mee Rd","North Kentville","1","55034995","Western Regional Housing Authority","Kings","Municipality of the County of Kings","-64.47901339","45.09170865","(45.09170865, -64.47901339)"
"118","5301","143 Mee Rd","North Kentville","1","55035000","Western Regional Housing Authority","Kings","Municipality of the County of Kings","-64.47879737","45.09185263","(45.09185263, -64.47879737)"
"119","5301","149 Mee Rd","North Kentville","1","55035018","Western Regional Housing Authority","Kings","Municipality of the County of Kings","-64.47849239","45.09205053","(45.09205053, -64.47849239)"
"120","5205","11 Dale St","Wolfville","1","55276794","Western Regional Housing Authority","Kings","Town of Wolfville","-64.34945838","45.09012666","(45.09012666, -64.34945838)"
"121","5301","155 Mee Rd","North Kentville","1","55035026","Western Regional Housing Authority","Kings","Municipality of the County of Kings","-64.47827631","45.09223048","(45.09223048, -64.47827631)"
"122","5301","161 Mee Rd","North Kentville","1","55035034","Western Regional Housing Authority","Kings","Municipality of the County of Kings","-64.47816198","45.09235646","(45.09235646, -64.47816198)"
"123","5301","324 Applecrest Dr","North Kentville","1","55032031","Western Regional Housing Authority","Kings","Municipality of the County of Kings","-64.4752983","45.08599316","(45.08599316, -64.4752983)"
"124","5301","332 Belcher St","North Kentville","1","55033161","Western Regional Housing Authority","Kings","Municipality of the County of Kings","-64.47476324","45.08570138","(45.08570138, -64.47476324)"
"125","5305","1068 Cavelle Ave","Canning","1","55008031","Western Regional Housing Authority","Kings","Municipality of the County of Kings","-64.42509538","45.16066392","(45.16066392, -64.42509538)"
"126","5305","1072 Cavelle Ave","Canning","1","55008049","Western Regional Housing Authority","Kings","Municipality of the County of Kings","-64.42481552","45.16068171","(45.16068171, -64.42481552)"
"127","5301","123 Mee Rd","North Kentville","1","55034961","Western Regional Housing Authority","Kings","Municipality of the County of Kings","-64.47981905","45.09099213","(45.09099213, -64.47981905)"
"128","5301","135 Mee Rd","North Kentville","1","55034987","Western Regional Housing Authority","Kings","Municipality of the County of Kings","-64.47913409","45.0913879","(45.0913879, -64.47913409)"
"129","5301","139 Mee Rd","North Kentville","1","55034995","Western Regional Housing Authority","Kings","Municipality of the County of Kings","-64.47891279","45.09152367","(45.09152367, -64.47891279)"
"130","5301","145 Mee Rd","North Kentville","1","55035000","Western Regional Housing Authority","Kings","Municipality of the County of Kings","-64.4785801","45.09173254","(45.09173254, -64.4785801)"
"131","5301","151 Mee Rd","North Kentville","1","55035018","Western Regional Housing Authority","Kings","Municipality of the County of Kings","-64.47827165","45.09194333","(45.09194333, -64.47827165)"
"132","5301","129 Mee Rd","North Kentville","1","55034979","Western Regional Housing Authority","Kings","Municipality of the County of Kings","-64.47947729","45.09119183","(45.09119183, -64.47947729)"
"133","5301","157 Mee Rd","North Kentville","1","55035026","Western Regional Housing Authority","Kings","Municipality of the County of Kings","-64.47800506","45.09216863","(45.09216863, -64.47800506)"
"134","5301","326 Applecrest Dr","North Kentville","1","55032031","Western Regional Housing Authority","Kings","Municipality of the County of Kings","-64.47553604","45.08594839","(45.08594839, -64.47553604)"
"135","5305","1076 Cavelle Ave","Canning","1","55008056","Western Regional Housing Authority","Kings","Municipality of the County of Kings","-64.42457383","45.16074459","(45.16074459, -64.42457383)"
"136","5304","332 Lincoln St","Kingston","1","55085658","Western Regional Housing Authority","Kings","Municipality of the County of Kings","-64.96217774","44.98660061","(44.98660061, -64.96217774)"
"137","5304","336 Lincoln St","Kingston","1","55085658","Western Regional Housing Authority","Kings","Municipality of the County of Kings","-64.96189931","44.98667375","(44.98667375, -64.96189931)"
"138","5304","342 Lincoln St","Kingston","1","55085658","Western Regional Housing Authority","Kings","Municipality of the County of Kings","-64.96168434","44.98674661","(44.98674661, -64.96168434)"
"139","5304","346 Lincoln St","Kingston","1","55085658","Western Regional Housing Authority","Kings","Municipality of the County of Kings","-64.96143123","44.98681059","(44.98681059, -64.96143123)"
"140","5304","350 Lincoln St","Kingston","1","55085658","Western Regional Housing Authority","Kings","Municipality of the County of Kings","-64.96120363","44.9868925","(44.9868925, -64.96120363)"
"141","5304","1461 Lincoln Crt","Kingston","1","55085815","Western Regional Housing Authority","Kings","Municipality of the County of Kings","-64.96172631","44.98723238","(44.98723238, -64.96172631)"
"142","5304","1465 Lincoln Crt","Kingston","1","55085807","Western Regional Housing Authority","Kings","Municipality of the County of Kings","-64.96182916","44.98741195","(44.98741195, -64.96182916)"
"143","5321","1041 Cavelle Terr","Canning","1","55008023","Western Regional Housing Authority","Kings","Municipality of the County of Kings","-64.42551547","45.16041224","(45.16041224, -64.42551547)"
"144","5321","1043 Cavelle Terr","Canning","1","55020515","Western Regional Housing Authority","Kings","Municipality of the County of Kings","-64.42560431","45.16056527","(45.16056527, -64.42560431)"
"145","5304","1469 Lincoln Crt","Kingston","1","55085799","Western Regional Housing Authority","Kings","Municipality of the County of Kings","-64.96184325","44.98759189","(44.98759189, -64.96184325)"
"146","5321","1470 Lincoln Crt","Kingston","1","55085765","Western Regional Housing Authority","Kings","Municipality of the County of Kings","-64.96114687","44.98772068","(44.98772068, -64.96114687)"
"147","5321","357 Lincoln St","Kingston","1","55085740","Western Regional Housing Authority","Kings","Municipality of the County of Kings","-64.96082769","44.987452","(44.987452, -64.96082769)"
"148","5321","353 Lincoln St","Kingston","1","55085757","Western Regional Housing Authority","Kings","Municipality of the County of Kings","-64.96110599","44.98736986","(44.98736986, -64.96110599)"
"149","5324","1035 Cavelle Terr","Canning","1","55008080","Western Regional Housing Authority","Kings","Municipality of the County of Kings","-64.42535045","45.16013317","(45.16013317, -64.42535045)"
"325","6103","3 Murphy Ave","Yarmouth","2","90210758","Western Regional Housing Authority","Yarmouth","Town of Yarmouth","-66.1129674","43.82995444","(43.82995444, -66.1129674)"
"150","5324","1037 Cavelle Terr","Canning","1","55008072","Western Regional Housing Authority","Kings","Municipality of the County of Kings","-64.42547754","45.16026823","(45.16026823, -64.42547754)"
"151","5321","1472 Lincoln Crt","Kingston","1","55085773","Western Regional Housing Authority","Kings","Municipality of the County of Kings","-64.96138855","44.98781871","(44.98781871, -64.96138855)"
"152","5324","1040 Cavelle Terr","Canning","1","55008064","Western Regional Housing Authority","Kings","Municipality of the County of Kings","-64.42499392","45.16042985","(45.16042985, -64.42499392)"
"153","5324","1473 Lincoln Crt","Kingston","1","55085781","Western Regional Housing Authority","Kings","Municipality of the County of Kings","-64.96167987","44.9877725","(44.9877725, -64.96167987)"
"154","5324","171 Mee Rd","North Kentville","1","55035042","Western Regional Housing Authority","Kings","Municipality of the County of Kings","-64.47770443","45.09273431","(45.09273431, -64.47770443)"
"155","5301","334 Belcher St","North Kentville","1","55033161","Western Regional Housing Authority","Kings","Municipality of the County of Kings","-64.47450235","45.08558205","(45.08558205, -64.47450235)"
"156","5324","1083 Sandy Crt","Aylesford","1","55092399","Western Regional Housing Authority","Kings","Municipality of the County of Kings","-64.83931701","45.02863547","(45.02863547, -64.83931701)"
"157","5324","177 Mee Rd","North Kentville","1","55035059","Western Regional Housing Authority","Kings","Municipality of the County of Kings","-64.47750109","45.09295024","(45.09295024, -64.47750109)"
"158","5324","953 Kelly Dr","Aylesford","1","55137103","Western Regional Housing Authority","Kings","Municipality of the County of Kings","-64.84554742","45.02010354","(45.02010354, -64.84554742)"
"159","5324","3140 Cornwallis Cres","Coldbrook","1","55153282","Western Regional Housing Authority","Kings","Municipality of the County of Kings","-64.56927787","45.06934105","(45.06934105, -64.56927787)"
"160","5305","1074 Cavelle Ave","Canning","1","55008049","Western Regional Housing Authority","Kings","Municipality of the County of Kings","-64.42477133","45.1608552","(45.1608552, -64.42477133)"
"161","5301","163 Mee Rd","North Kentville","1","55035034","Western Regional Housing Authority","Kings","Municipality of the County of Kings","-64.47774841","45.09239905","(45.09239905, -64.47774841)"
"162","5304","334 Lincoln St","Kingston","1","55085658","Western Regional Housing Authority","Kings","Municipality of the County of Kings","-64.96226294","44.986755","(44.986755, -64.96226294)"
"163","5324","3056 Highway 358","Norths Corner","1","55020390","Western Regional Housing Authority","Kings","Municipality of the County of Kings","-64.42575401","45.19244872","(45.19244872, -64.42575401)"
"164","5305","1070 Cavelle Ave","Canning","1","55008031","Western Regional Housing Authority","Kings","Municipality of the County of Kings","-64.4249922","45.16081646","(45.16081646, -64.4249922)"
"165","5305","1078 Cavelle Ave","Canning","1","55008056","Western Regional Housing Authority","Kings","Municipality of the County of Kings","-64.42455105","45.16089457","(45.16089457, -64.42455105)"
"166","5304","348 Lincoln St","Kingston","1","55085658","Western Regional Housing Authority","Kings","Municipality of the County of Kings","-64.9614542","44.98699425","(44.98699425, -64.9614542)"
"167","5304","344 Lincoln St","Kingston","1","55085658","Western Regional Housing Authority","Kings","Municipality of the County of Kings","-64.96168527","44.98692589","(44.98692589, -64.96168527)"
"168","5304","352 Lincoln St","Kingston","1","55085658","Western Regional Housing Authority","Kings","Municipality of the County of Kings","-64.96123896","44.98705752","(44.98705752, -64.96123896)"
"169","5304","338 Lincoln St","Kingston","1","55085658","Western Regional Housing Authority","Kings","Municipality of the County of Kings","-64.96203187","44.98682336","(44.98682336, -64.96203187)"
"170","5304","1463 Lincoln Crt","Kingston","1","55085815","Western Regional Housing Authority","Kings","Municipality of the County of Kings","-64.96147089","44.98722096","(44.98722096, -64.96147089)"
"171","5304","1471 Lincoln Crt","Kingston","1","55085799","Western Regional Housing Authority","Kings","Municipality of the County of Kings","-64.96158897","44.98748634","(44.98748634, -64.96158897)"
"172","5304","1467 Lincoln Crt","Kingston","1","55085807","Western Regional Housing Authority","Kings","Municipality of the County of Kings","-64.96152993","44.98735365","(44.98735365, -64.96152993)"
"173","5324","173 Mee Rd","North Kentville","1","55035042","Western Regional Housing Authority","Kings","Municipality of the County of Kings","-64.47739529","45.0928104","(45.0928104, -64.47739529)"
"174","5324","179 Mee Rd","North Kentville","1","55035059","Western Regional Housing Authority","Kings","Municipality of the County of Kings","-64.47726947","45.09307285","(45.09307285, -64.47726947)"
"175","5324","561 Aldershot Rd","North Kentville","1","55051783","Western Regional Housing Authority","Kings","Municipality of the County of Kings","-64.50390626","45.09506254","(45.09506254, -64.50390626)"
"176","5324","318 Black Hole Rd","Sheffield Mills","1","55009856","Western Regional Housing Authority","Kings","Municipality of the County of Kings","-64.47802111","45.16297222","(45.16297222, -64.47802111)"
"177","5324","16 Colonial Cres","New Minas","1","55212732","Western Regional Housing Authority","Kings","Municipality of the County of Kings","-64.44609579","45.07071027","(45.07071027, -64.44609579)"
"178","5324","28 Colonial Cres","New Minas","1","55212724","Western Regional Housing Authority","Kings","Municipality of the County of Kings","-64.44590199","45.07011622","(45.07011622, -64.44590199)"
"179","5324","27 Castle Loma Dr","New Minas","1","55212740","Western Regional Housing Authority","Kings","Municipality of the County of Kings","-64.44630026","45.07065456","(45.07065456, -64.44630026)"
"180","5324","39 Castle Loma Dr","New Minas","1","55212716","Western Regional Housing Authority","Kings","Municipality of the County of Kings","-64.44612497","45.07006248","(45.07006248, -64.44612497)"
"181","5326","999 Rafuse Rd","Waterville","1","55163240","Western Regional Housing Authority","Kings","Municipality of the County of Kings","-64.68419596","45.04658461","(45.04658461, -64.68419596)"
"182","5326","1003 Rafuse Rd","Waterville","1","55163232","Western Regional Housing Authority","Kings","Municipality of the County of Kings","-64.68432324","45.0466834","(45.0466834, -64.68432324)"
"183","5326","1023 Rafuse Rd","Waterville","1","55163190","Western Regional Housing Authority","Kings","Municipality of the County of Kings","-64.68522649","45.0472939","(45.0472939, -64.68522649)"
"184","5326","1031 Rafuse Rd","Waterville","1","55163182","Western Regional Housing Authority","Kings","Municipality of the County of Kings","-64.68559544","45.04754524","(45.04754524, -64.68559544)"
"185","5332","382 Orchard St","South Berwick","1","55122634","Western Regional Housing Authority","Kings","Municipality of the County of Kings","-64.74553116","45.03380737","(45.03380737, -64.74553116)"
"186","5332","386 Orchard St","South Berwick","1","55144760","Western Regional Housing Authority","Kings","Municipality of the County of Kings","-64.74527828","45.0340149","(45.0340149, -64.74527828)"
"187","5332","1749 Highway 359","Centreville","1","55054639","Western Regional Housing Authority","Kings","Municipality of the County of Kings","-64.52333997","45.12531075","(45.12531075, -64.52333997)"
"188","5332","451 West Brooklyn Mtn Rd","West Brooklyn","1","55233183","Western Regional Housing Authority","Kings","Municipality of the County of Kings","-64.26601748","45.0747688","(45.0747688, -64.26601748)"
"189","5334","952 Thompson Rd","Waterville","1","55149454","Western Regional Housing Authority","Kings","Municipality of the County of Kings","-64.674849","45.04529444","(45.04529444, -64.674849)"
"190","5334","958 Thompson Rd","Waterville","1","55168405","Western Regional Housing Authority","Kings","Municipality of the County of Kings","-64.67497667","45.0455282","(45.0455282, -64.67497667)"
"191","5334","141 Old Ratchford Rd","Cambridge","1","55150981","Western Regional Housing Authority","Kings","Municipality of the County of Kings","-64.6366054","45.06818636","(45.06818636, -64.6366054)"
"192","5334","3144 Cornwallis Cres","Coldbrook","1","55153290","Western Regional Housing Authority","Kings","Municipality of the County of Kings","-64.56897452","45.06937561","(45.06937561, -64.56897452)"
"193","5334","249 Rockwell Mountain Rd","Northville","1","55042428","Western Regional Housing Authority","Kings","Municipality of the County of Kings","-64.5642237","45.13895557","(45.13895557, -64.5642237)"
"194","5334","693 Bluff Rd","Avonport","1","55228217","Western Regional Housing Authority","Kings","Municipality of the County of Kings","-64.2244449","45.09928854","(45.09928854, -64.2244449)"
"195","5337","647 Bowlby Park Dr","Greenwood","1","55120927","Western Regional Housing Authority","Kings","Municipality of the County of Kings","-64.94137621","44.9760998","(44.9760998, -64.94137621)"
"196","5337","28 Memory Lane","New Minas","1","55212195","Western Regional Housing Authority","Kings","Municipality of the County of Kings","-64.42646117","45.07737847","(45.07737847, -64.42646117)"
"197","5337","1413 Park Rd","Kingston","1","55121354","Western Regional Housing Authority","Kings","Municipality of the County of Kings","-64.94558735","44.98452476","(44.98452476, -64.94558735)"
"198","5351","655 Bluff Rd","Avonport","1","55228225","Western Regional Housing Authority","Kings","Municipality of the County of Kings","-64.22461851","45.10018885","(45.10018885, -64.22461851)"
"199","5351","920 Summer St","Canning","1","55008601","Western Regional Housing Authority","Kings","Municipality of the County of Kings","-64.43467033","45.16330652","(45.16330652, -64.43467033)"
"200","5351","945 Mary Ave","Centreville","1","55057863","Western Regional Housing Authority","Kings","Municipality of the County of Kings","-64.52382717","45.13508361","(45.13508361, -64.52382717)"
"201","5351","6568 Highway 221","Lakeville","1","55062459","Western Regional Housing Authority","Kings","Municipality of the County of Kings","-64.60574768","45.11005584","(45.11005584, -64.60574768)"
"202","5351","1204 County Home Rd","Waterville","1","55164123","Western Regional Housing Authority","Kings","Municipality of the County of Kings","-64.67383609","45.0545561","(45.0545561, -64.67383609)"
"203","5332","5419 Highway 1","Waterville","1","55159214","Western Regional Housing Authority","Kings","Municipality of the County of Kings","-64.67413056","45.0494252","(45.0494252, -64.67413056)"
"204","5332","5417 Highway 1","Waterville","1","55159214","Western Regional Housing Authority","Kings","Municipality of the County of Kings","-64.67424614","45.04938211","(45.04938211, -64.67424614)"
"205","5332","513 West Brooklyn Mtn Rd","West Brooklyn","1","55233209","Western Regional Housing Authority","Kings","Municipality of the County of Kings","-64.26310227","45.07333193","(45.07333193, -64.26310227)"
"206","7004","140 Pine St","Bridgewater","1","60037694","Western Regional Housing Authority","Lunenburg","Town of Bridgewater","-64.50935496","44.3662229","(44.3662229, -64.50935496)"
"326","6102","8B Shaw Ave","Yarmouth","1","90204355","Western Regional Housing Authority","Yarmouth","Town of Yarmouth","-66.11515379","43.84597622","(43.84597622, -66.11515379)"
"207","7004","196 Pine St","Bridgewater","1","60037751","Western Regional Housing Authority","Lunenburg","Town of Bridgewater","-64.51044811","44.36471035","(44.36471035, -64.51044811)"
"208","7004","152 Pine St","Bridgewater","1","60037710","Western Regional Housing Authority","Lunenburg","Town of Bridgewater","-64.50946524","44.36582529","(44.36582529, -64.50946524)"
"209","7004","27 Pinehurst Ave","Bridgewater","1","60047305","Western Regional Housing Authority","Lunenburg","Town of Bridgewater","-64.5099168","44.38554457","(44.38554457, -64.5099168)"
"210","7009","71 Riverview Dr","Bridgewater","1","60020179","Western Regional Housing Authority","Lunenburg","Town of Bridgewater","-64.55239344","44.40132324","(44.40132324, -64.55239344)"
"211","7009","61 Riverview Dr","Bridgewater","1","60020161","Western Regional Housing Authority","Lunenburg","Town of Bridgewater","-64.55211202","44.40155394","(44.40155394, -64.55211202)"
"212","7012","29 Glen Allan Dr","Bridgewater","1","60043577","Western Regional Housing Authority","Lunenburg","Town of Bridgewater","-64.51438765","44.38330007","(44.38330007, -64.51438765)"
"213","7012","226 St Phillips St","Bridgewater","1","60023090","Western Regional Housing Authority","Lunenburg","Town of Bridgewater","-64.53890635","44.38110177","(44.38110177, -64.53890635)"
"214","7013","282 Pine St","Bridgewater","1","60040771","Western Regional Housing Authority","Lunenburg","Town of Bridgewater","-64.51172161","44.36196382","(44.36196382, -64.51172161)"
"215","7013","298 Pine St","Bridgewater","1","60040789","Western Regional Housing Authority","Lunenburg","Town of Bridgewater","-64.51152577","44.36142535","(44.36142535, -64.51152577)"
"216","7408","677 Conquerall Mills Rd","Hebbville","1","60348554","Western Regional Housing Authority","Lunenburg","Municipality of the District of Lunenburg","-64.5240042","44.33395827","(44.33395827, -64.5240042)"
"217","5332","1751 Highway 359","Centreville","1","55054639","Western Regional Housing Authority","Kings","Municipality of the County of Kings","-64.52316913","45.12552719","(45.12552719, -64.52316913)"
"218","5337","30 Memory Lane","New Minas","1","55208672","Western Regional Housing Authority","Kings","Municipality of the County of Kings","-64.42626773","45.07752204","(45.07752204, -64.42626773)"
"219","5337","649 Bowlby Park Dr","Greenwood","1","55120927","Western Regional Housing Authority","Kings","Municipality of the County of Kings","-64.94119855","44.97597095","(44.97597095, -64.94119855)"
"220","7408","1661 Highway 325","Whynotts Settlement","1","60250370","Western Regional Housing Authority","Lunenburg","Municipality of the District of Lunenburg","-64.46686163","44.41825563","(44.41825563, -64.46686163)"
"221","7012","23 Glen Allan Dr","Bridgewater","1","60043569","Western Regional Housing Authority","Lunenburg","Town of Bridgewater","-64.51457008","44.38347803","(44.38347803, -64.51457008)"
"222","7408","8 China Lake Rd","Italy Cross","1","60300043","Western Regional Housing Authority","Lunenburg","Municipality of the District of Lunenburg","-64.55520604","44.25125416","(44.25125416, -64.55520604)"
"223","6801","151 Old Port Mouton Rd","Liverpool","1","70019286","Western Regional Housing Authority","Queens","Region of Queens Municipality","-64.72326726","44.0319054","(44.0319054, -64.72326726)"
"224","6801","163 Old Port Mouton Rd","Liverpool","1","70019278","Western Regional Housing Authority","Queens","Region of Queens Municipality","-64.72366588","44.03158059","(44.03158059, -64.72366588)"
"225","6801","169 Old Port Mouton Rd","Liverpool","1","70019260","Western Regional Housing Authority","Queens","Region of Queens Municipality","-64.72391399","44.03140047","(44.03140047, -64.72391399)"
"226","6801","183 Old Port Mouton Rd","Liverpool","1","70019252","Western Regional Housing Authority","Queens","Region of Queens Municipality","-64.72437488","44.03111169","(44.03111169, -64.72437488)"
"227","6801","189 Old Port Mouton Rd","Liverpool","1","70019245","Western Regional Housing Authority","Queens","Region of Queens Municipality","-64.72462366","44.03095761","(44.03095761, -64.72462366)"
"228","6802","21 Payzant St","Liverpool","1","70018775","Western Regional Housing Authority","Queens","Region of Queens Municipality","-64.72261296","44.03619819","(44.03619819, -64.72261296)"
"229","6802","25 Payzant St","Liverpool","1","70018767","Western Regional Housing Authority","Queens","Region of Queens Municipality","-64.72240574","44.03611295","(44.03611295, -64.72240574)"
"230","6802","31 Payzant St","Liverpool","1","70018759","Western Regional Housing Authority","Queens","Region of Queens Municipality","-64.72219166","44.03604415","(44.03604415, -64.72219166)"
"231","6802","35 Payzant St","Liverpool","1","70018742","Western Regional Housing Authority","Queens","Region of Queens Municipality","-64.72202426","44.03595401","(44.03595401, -64.72202426)"
"232","6802","41 Payzant St","Liverpool","1","70018734","Western Regional Housing Authority","Queens","Region of Queens Municipality","-64.72183644","44.0358461","(44.0358461, -64.72183644)"
"233","6805","6 Millard Ave","Liverpool","1","70019831","Western Regional Housing Authority","Queens","Region of Queens Municipality","-64.71772369","44.0332367","(44.0332367, -64.71772369)"
"234","6805","50 Amherst St","Liverpool","1","70017454","Western Regional Housing Authority","Queens","Region of Queens Municipality","-64.7269616","44.03711832","(44.03711832, -64.7269616)"
"235","6805","65 Common St","Liverpool","1","70017512","Western Regional Housing Authority","Queens","Region of Queens Municipality","-64.72842189","44.03553504","(44.03553504, -64.72842189)"
"236","6805","69 Common St","Liverpool","1","70017538","Western Regional Housing Authority","Queens","Region of Queens Municipality","-64.72861083","44.03563665","(44.03563665, -64.72861083)"
"237","6805","73 Common St","Liverpool","1","70017520","Western Regional Housing Authority","Queens","Region of Queens Municipality","-64.72878","44.03570437","(44.03570437, -64.72878)"
"238","6805","214 George St","Liverpool","1","70017546","Western Regional Housing Authority","Queens","Region of Queens Municipality","-64.72876598","44.03518052","(44.03518052, -64.72876598)"
"239","6805","222 George St","Liverpool","1","70017553","Western Regional Housing Authority","Queens","Region of Queens Municipality","-64.72894306","44.03525975","(44.03525975, -64.72894306)"
"240","6805","230 George St","Liverpool","1","70017561","Western Regional Housing Authority","Queens","Region of Queens Municipality","-64.72916112","44.03533481","(44.03533481, -64.72916112)"
"241","6805","79 Brunswick St","Liverpool","1","70018247","Western Regional Housing Authority","Queens","Region of Queens Municipality","-64.72516172","44.03478932","(44.03478932, -64.72516172)"
"242","6809","118 Common St","Liverpool","1","70016464","Western Regional Housing Authority","Queens","Region of Queens Municipality","-64.73136293","44.03731729","(44.03731729, -64.73136293)"
"243","6811","87 King St","Liverpool","1","70029640","Western Regional Housing Authority","Queens","Region of Queens Municipality","-64.7288059","44.03753705","(44.03753705, -64.7288059)"
"244","6811","89 King St","Liverpool","1","70017074","Western Regional Housing Authority","Queens","Region of Queens Municipality","-64.72893647","44.03739637","(44.03739637, -64.72893647)"
"245","7403","16160 Highway 3","Hebbville","1","60292497","Western Regional Housing Authority","Lunenburg","Municipality of the District of Lunenburg","-64.56202894","44.32042229","(44.32042229, -64.56202894)"
"246","7403","16168 Highway 3","Hebbville","1","60292489","Western Regional Housing Authority","Lunenburg","Municipality of the District of Lunenburg","-64.56228771","44.32010428","(44.32010428, -64.56228771)"
"247","6805","44 Amherst St","Liverpool","1","70017447","Western Regional Housing Authority","Queens","Region of Queens Municipality","-64.72685321","44.03725407","(44.03725407, -64.72685321)"
"248","6905","30 M Smith Rd","White Point","1","70049432","Western Regional Housing Authority","Queens","Region of Queens Municipality","-64.72700071","44.0099367","(44.0099367, -64.72700071)"
"249","6905","42 M Smith Rd","White Point","1","70049408","Western Regional Housing Authority","Queens","Region of Queens Municipality","-64.72615186","44.00948762","(44.00948762, -64.72615186)"
"250","6905","44 M Smith Rd","White Point","1","70049416","Western Regional Housing Authority","Queens","Region of Queens Municipality","-64.72622555","44.00919032","(44.00919032, -64.72622555)"
"251","6905","31 M Smith Rd","White Point","1","70049390","Western Regional Housing Authority","Queens","Region of Queens Municipality","-64.72670283","44.01033284","(44.01033284, -64.72670283)"
"252","6906","734 Highway 8","Milton","1","70081005","Western Regional Housing Authority","Queens","Region of Queens Municipality","-64.77873989","44.08342066","(44.08342066, -64.77873989)"
"253","6906","732 Highway 8","Milton","1","70080973","Western Regional Housing Authority","Queens","Region of Queens Municipality","-64.77850152","44.08325969","(44.08325969, -64.77850152)"
"254","6801","165 Old Port Mouton Rd","Liverpool","1","70019278","Western Regional Housing Authority","Queens","Region of Queens Municipality","-64.72392572","44.03161769","(44.03161769, -64.72392572)"
"255","6801","153 Old Port Mouton Rd","Liverpool","1","70019286","Western Regional Housing Authority","Queens","Region of Queens Municipality","-64.72358734","44.0318835","(44.0318835, -64.72358734)"
"256","6801","191 Old Port Mouton Rd","Liverpool","1","70019245","Western Regional Housing Authority","Queens","Region of Queens Municipality","-64.72473591","44.03109381","(44.03109381, -64.72473591)"
"257","6801","171 Old Port Mouton Rd","Liverpool","1","70019260","Western Regional Housing Authority","Queens","Region of Queens Municipality","-64.72410988","44.03148759","(44.03148759, -64.72410988)"
"258","6801","185 Old Port Mouton Rd","Liverpool","1","70019252","Western Regional Housing Authority","Queens","Region of Queens Municipality","-64.72455375","44.03121715","(44.03121715, -64.72455375)"
"259","6802","29 Payzant St","Liverpool","1","70018767","Western Regional Housing Authority","Queens","Region of Queens Municipality","-64.72241296","44.0359759","(44.0359759, -64.72241296)"
"260","6802","23 Payzant St","Liverpool","1","70018775","Western Regional Housing Authority","Queens","Region of Queens Municipality","-64.72264845","44.03608874","(44.03608874, -64.72264845)"
"261","6802","33 Payzant St","Liverpool","1","70018759","Western Regional Housing Authority","Queens","Region of Queens Municipality","-64.72225256","44.0359043","(44.0359043, -64.72225256)"
"262","6802","37 Payzant St","Liverpool","1","70018742","Western Regional Housing Authority","Queens","Region of Queens Municipality","-64.72208802","44.03583067","(44.03583067, -64.72208802)"
"263","6802","43 Payzant St","Liverpool","1","70018734","Western Regional Housing Authority","Queens","Region of Queens Municipality","-64.72185024","44.035719","(44.035719, -64.72185024)"
"264","6906","49 Pine St","Caledonia","1","70154299","Western Regional Housing Authority","Queens","Region of Queens Municipality","-65.02761841","44.37856698","(44.37856698, -65.02761841)"
"265","6906","6 Spruce St","Caledonia","1","70154257","Western Regional Housing Authority","Queens","Region of Queens Municipality","-65.0279366","44.37767458","(44.37767458, -65.0279366)"
"266","6909","865 Old Port Mouton Rd","White Point","1","70047816","Western Regional Housing Authority","Queens","Region of Queens Municipality","-64.7513772","44.01064407","(44.01064407, -64.7513772)"
"267","6908","145 School St","Milton","1","70073036","Western Regional Housing Authority","Queens","Region of Queens Municipality","-64.76516731","44.05336149","(44.05336149, -64.76516731)"
"268","6908","67 River Rd","Milton","1","70080668","Western Regional Housing Authority","Queens","Region of Queens Municipality","-64.77926103","44.07997251","(44.07997251, -64.77926103)"
"269","6913","1147 Eastern Shore Rd","Eagle Head","1","70098025","Western Regional Housing Authority","Queens","Region of Queens Municipality","-64.61880026","44.07731747","(44.07731747, -64.61880026)"
"270","6401","102 Parr St","Shelburne","2","80148422","Western Regional Housing Authority","Shelburne","Town of Shelburne","-65.3149401","43.75969326","(43.75969326, -65.3149401)"
"271","6401","106 Parr St","Shelburne","2","80148406","Western Regional Housing Authority","Shelburne","Town of Shelburne","-65.31523116","43.76009621","(43.76009621, -65.31523116)"
"272","6401","108 Parr St","Shelburne","2","80148398","Western Regional Housing Authority","Shelburne","Town of Shelburne","-65.31537148","43.76036526","(43.76036526, -65.31537148)"
"273","6401","110 Parr St","Shelburne","2","80148380","Western Regional Housing Authority","Shelburne","Town of Shelburne","-65.31546168","43.76060765","(43.76060765, -65.31546168)"
"274","6401","104 Parr St","Shelburne","2","80148414","Western Regional Housing Authority","Shelburne","Town of Shelburne","-65.31511722","43.75993499","(43.75993499, -65.31511722)"
"275","6404","114 Water St","Shelburne","6","80150311","Western Regional Housing Authority","Shelburne","Town of Shelburne","-65.3210479","43.75936516","(43.75936516, -65.3210479)"
"276","6405","28 George St","Shelburne","4","80147945","Western Regional Housing Authority","Shelburne","Town of Shelburne","-65.31990068","43.75973418","(43.75973418, -65.31990068)"
"277","6406","113 Clements St","Shelburne","2","80147481","Western Regional Housing Authority","Shelburne","Town of Shelburne","-65.31315607","43.7617518","(43.7617518, -65.31315607)"
"278","6501","34 Manford St","Clark's Harbour","4","80068950","Western Regional Housing Authority","Shelburne","Town of Clark's Harbour","-65.6453693","43.44682064","(43.44682064, -65.6453693)"
"279","6501","46 Manford St","Clark's Harbour","4","80068950","Western Regional Housing Authority","Shelburne","Town of Clark's Harbour","-65.64591736","43.44640106","(43.44640106, -65.64591736)"
"280","6501","38 Manford St","Clark's Harbour","4","80068950","Western Regional Housing Authority","Shelburne","Town of Clark's Harbour","-65.6456122","43.44659765","(43.44659765, -65.6456122)"
"281","6605","89 Bayside Dr","Brass Hill","1","80049075","Western Regional Housing Authority","Shelburne","Municipality of the District of Barrington","-65.59725127","43.54920319","(43.54920319, -65.59725127)"
"282","6606","95 Bayside Dr","Brass Hill","1","80049083","Western Regional Housing Authority","Shelburne","Municipality of the District of Barrington","-65.597086","43.54896179","(43.54896179, -65.597086)"
"283","6703","1 Commission St","Sandy Point","1","80154297","Western Regional Housing Authority","Shelburne","Municipality of the District of Shelburne","-65.31156239","43.74500935","(43.74500935, -65.31156239)"
"284","6704","27 Commission St","Sandy Point","1","80161243","Western Regional Housing Authority","Shelburne","Municipality of the District of Shelburne","-65.31019678","43.74508424","(43.74508424, -65.31019678)"
"285","6704","29 Commission St","Sandy Point","1","80112261","Western Regional Housing Authority","Shelburne","Municipality of the District of Shelburne","-65.30997298","43.74515103","(43.74515103, -65.30997298)"
"286","6703","14 Commission St","Sandy Point","1","80154347","Western Regional Housing Authority","Shelburne","Municipality of the District of Shelburne","-65.31084817","43.74452839","(43.74452839, -65.31084817)"
"287","6605","91 Bayside Dr","Brass Hill","1","80049075","Western Regional Housing Authority","Shelburne","Municipality of the District of Barrington","-65.59755383","43.54922004","(43.54922004, -65.59755383)"
"288","6606","97 Bayside Dr","Brass Hill","1","80049083","Western Regional Housing Authority","Shelburne","Municipality of the District of Barrington","-65.59735276","43.54900818","(43.54900818, -65.59735276)"
"289","6909","867 Old Port Mouton Rd","White Point","1","70047816","Western Regional Housing Authority","Queens","Region of Queens Municipality","-64.75138722","44.01136159","(44.01136159, -64.75138722)"
"290","6706","16 School St","Sandy Point","1","80112469","Western Regional Housing Authority","Shelburne","Municipality of the District of Shelburne","-65.31024051","43.74642293","(43.74642293, -65.31024051)"
"291","6706","44 Commission St","Sandy Point","1","80112444","Western Regional Housing Authority","Shelburne","Municipality of the District of Shelburne","-65.30919105","43.7450172","(43.7450172, -65.30919105)"
"292","6706","46 Commission St","Sandy Point","1","80112436","Western Regional Housing Authority","Shelburne","Municipality of the District of Shelburne","-65.30900522","43.74504549","(43.74504549, -65.30900522)"
"293","6706","56 Commission St","Sandy Point","1","80112402","Western Regional Housing Authority","Shelburne","Municipality of the District of Shelburne","-65.30840038","43.74531083","(43.74531083, -65.30840038)"
"294","6706","76 Commission St","Sandy Point","1","80112394","Western Regional Housing Authority","Shelburne","Municipality of the District of Shelburne","-65.30733164","43.74616448","(43.74616448, -65.30733164)"
"295","6101","12 Kempt St","Yarmouth","1","90213778","Western Regional Housing Authority","Yarmouth","Town of Yarmouth","-66.12189276","43.82384512","(43.82384512, -66.12189276)"
"296","6706","18 School St","Sandy Point","1","80112477","Western Regional Housing Authority","Shelburne","Municipality of the District of Shelburne","-65.31016797","43.74656746","(43.74656746, -65.31016797)"
"297","6101","16 Kempt St","Yarmouth","1","90213760","Western Regional Housing Authority","Yarmouth","Town of Yarmouth","-66.12164417","43.82389424","(43.82389424, -66.12164417)"
"298","6101","36 Kempt St","Yarmouth","1","90213745","Western Regional Housing Authority","Yarmouth","Town of Yarmouth","-66.12045029","43.82406011","(43.82406011, -66.12045029)"
"299","6101","40 Kempt St","Yarmouth","1","90213737","Western Regional Housing Authority","Yarmouth","Town of Yarmouth","-66.1201803","43.82410533","(43.82410533, -66.1201803)"
"300","6101","44 Kempt St","Yarmouth","1","90213729","Western Regional Housing Authority","Yarmouth","Town of Yarmouth","-66.11991323","43.82413426","(43.82413426, -66.11991323)"
"301","6101","48 Kempt St","Yarmouth","1","90213711","Western Regional Housing Authority","Yarmouth","Town of Yarmouth","-66.11964328","43.82418035","(43.82418035, -66.11964328)"
"302","6101","27 South East St","Yarmouth","1","90211269","Western Regional Housing Authority","Yarmouth","Town of Yarmouth","-66.11586903","43.82955208","(43.82955208, -66.11586903)"
"303","6101","18 Kempt St","Yarmouth","1","90213760","Western Regional Housing Authority","Yarmouth","Town of Yarmouth","-66.12176523","43.82377425","(43.82377425, -66.12176523)"
"304","6101","42 Kempt St","Yarmouth","1","90213737","Western Regional Housing Authority","Yarmouth","Town of Yarmouth","-66.12009358","43.82402103","(43.82402103, -66.12009358)"
"305","6101","46 Kempt St","Yarmouth","1","90213729","Western Regional Housing Authority","Yarmouth","Town of Yarmouth","-66.11981496","43.82406216","(43.82406216, -66.11981496)"
"306","6101","31 South East St","Yarmouth","1","90211277","Western Regional Housing Authority","Yarmouth","Town of Yarmouth","-66.11562303","43.82953269","(43.82953269, -66.11562303)"
"307","6101","50 Kempt St","Yarmouth","1","90213711","Western Regional Housing Authority","Yarmouth","Town of Yarmouth","-66.11953635","43.82410328","(43.82410328, -66.11953635)"
"308","6101","29 South East St","Yarmouth","1","90211269","Western Regional Housing Authority","Yarmouth","Town of Yarmouth","-66.11542198","43.82960781","(43.82960781, -66.11542198)"
"309","6101","33 South East St","Yarmouth","1","90211277","Western Regional Housing Authority","Yarmouth","Town of Yarmouth","-66.11509172","43.82958922","(43.82958922, -66.11509172)"
"310","6101","38 Kempt St","Yarmouth","1","90213745","Western Regional Housing Authority","Yarmouth","Town of Yarmouth","-66.12037219","43.8239799","(43.8239799, -66.12037219)"
"311","6101","42 Tooker St","Yarmouth","1","90211467","Western Regional Housing Authority","Yarmouth","Town of Yarmouth","-66.11564598","43.82918543","(43.82918543, -66.11564598)"
"312","6101","14 Kempt St","Yarmouth","1","90213778","Western Regional Housing Authority","Yarmouth","Town of Yarmouth","-66.12204384","43.82373311","(43.82373311, -66.12204384)"
"313","6101","40 Tooker St","Yarmouth","1","90211475","Western Regional Housing Authority","Yarmouth","Town of Yarmouth","-66.1165932","43.82912194","(43.82912194, -66.1165932)"
"314","6101","55 Tooker St","Yarmouth","1","90211806","Western Regional Housing Authority","Yarmouth","Town of Yarmouth","-66.11339832","43.82877134","(43.82877134, -66.11339832)"
"315","6101","44 Tooker St","Yarmouth","1","90211467","Western Regional Housing Authority","Yarmouth","Town of Yarmouth","-66.1161001","43.82909697","(43.82909697, -66.1161001)"
"316","6101","38 Tooker St","Yarmouth","1","90211475","Western Regional Housing Authority","Yarmouth","Town of Yarmouth","-66.11588609","43.82921038","(43.82921038, -66.11588609)"
"317","6101","59 Tooker St","Yarmouth","1","90211814","Western Regional Housing Authority","Yarmouth","Town of Yarmouth","-66.11310321","43.82876503","(43.82876503, -66.11310321)"
"318","6101","57 Tooker St","Yarmouth","1","90211806","Western Regional Housing Authority","Yarmouth","Town of Yarmouth","-66.11388906","43.8288789","(43.8288789, -66.11388906)"
"319","6101","61 Tooker St","Yarmouth","1","90211814","Western Regional Housing Authority","Yarmouth","Town of Yarmouth","-66.11360148","43.82886607","(43.82886607, -66.11360148)"
"320","6102","4B Shaw Ave","Yarmouth","1","90204355","Western Regional Housing Authority","Yarmouth","Town of Yarmouth","-66.1156806","43.84616626","(43.84616626, -66.1156806)"
"321","6103","56 South East St","Yarmouth","2","90210741","Western Regional Housing Authority","Yarmouth","Town of Yarmouth","-66.11291164","43.82971919","(43.82971919, -66.11291164)"
"322","6102","6A Shaw Ave","Yarmouth","1","90204355","Western Regional Housing Authority","Yarmouth","Town of Yarmouth","-66.11541655","43.84607097","(43.84607097, -66.11541655)"
"323","6102","6B Shaw Ave","Yarmouth","1","90204355","Western Regional Housing Authority","Yarmouth","Town of Yarmouth","-66.11541655","43.84607097","(43.84607097, -66.11541655)"
"324","6102","8A Shaw Ave","Yarmouth","1","90204355","Western Regional Housing Authority","Yarmouth","Town of Yarmouth","-66.11515379","43.84597622","(43.84597622, -66.11515379)"
"327","6103","5 Murphy Ave","Yarmouth","2","90210766","Western Regional Housing Authority","Yarmouth","Town of Yarmouth","-66.11295869","43.83016988","(43.83016988, -66.11295869)"
"328","6102","10A Shaw Ave","Yarmouth","1","90204355","Western Regional Housing Authority","Yarmouth","Town of Yarmouth","-66.11489077","43.84588155","(43.84588155, -66.11489077)"
"329","6103","60 South East St","Yarmouth","1","90210733","Western Regional Housing Authority","Yarmouth","Town of Yarmouth","-66.11257606","43.82967585","(43.82967585, -66.11257606)"
"330","6102","10B Shaw Ave","Yarmouth","1","90204355","Western Regional Housing Authority","Yarmouth","Town of Yarmouth","-66.11489077","43.84588155","(43.84588155, -66.11489077)"
"331","6103","34 Pleasant St","Yarmouth","1","90210733","Western Regional Housing Authority","Yarmouth","Town of Yarmouth","-66.11256546","43.82975921","(43.82975921, -66.11256546)"
"332","6103","36 Pleasant St","Yarmouth","1","90210725","Western Regional Housing Authority","Yarmouth","Town of Yarmouth","-66.11253616","43.82996172","(43.82996172, -66.11253616)"
"333","6104","2 Pleasant St","Yarmouth","1","90211921","Western Regional Housing Authority","Yarmouth","Town of Yarmouth","-66.11278744","43.82706929","(43.82706929, -66.11278744)"
"334","6104","4 Pleasant St","Yarmouth","2","90211913","Western Regional Housing Authority","Yarmouth","Town of Yarmouth","-66.11275778","43.82728798","(43.82728798, -66.11275778)"
"335","6103","38 Pleasant St","Yarmouth","1","90210725","Western Regional Housing Authority","Yarmouth","Town of Yarmouth","-66.1123604","43.82994958","(43.82994958, -66.1123604)"
"336","6102","4A Shaw Ave","Yarmouth","1","90204355","Western Regional Housing Authority","Yarmouth","Town of Yarmouth","-66.1156806","43.84616626","(43.84616626, -66.1156806)"
"337","6104","90 Argyle St","Yarmouth","1","90211921","Western Regional Housing Authority","Yarmouth","Town of Yarmouth","-66.11279741","43.82701717","(43.82701717, -66.11279741)"
"338","6104","11 Pleasant St","Yarmouth","1","90216680","Western Regional Housing Authority","Yarmouth","Town of Yarmouth","-66.11223249","43.82761382","(43.82761382, -66.11223249)"
"339","6104","12 Pleasant St","Yarmouth","1","90211871","Western Regional Housing Authority","Yarmouth","Town of Yarmouth","-66.11271847","43.82791838","(43.82791838, -66.11271847)"
"340","6104","13 Pleasant St","Yarmouth","1","90216698","Western Regional Housing Authority","Yarmouth","Town of Yarmouth","-66.11222413","43.82781123","(43.82781123, -66.11222413)"
"341","6104","10 Pleasant St","Yarmouth","1","90211889","Western Regional Housing Authority","Yarmouth","Town of Yarmouth","-66.11271763","43.82778336","(43.82778336, -66.11271763)"
"342","6104","15 Pleasant St","Yarmouth","1","90216698","Western Regional Housing Authority","Yarmouth","Town of Yarmouth","-66.11238436","43.82805791","(43.82805791, -66.11238436)"
"343","6104","58 Pleasant St","Yarmouth","1","90209818","Western Regional Housing Authority","Yarmouth","Town of Yarmouth","-66.11232846","43.83211283","(43.83211283, -66.11232846)"
"344","6104","60 Pleasant St","Yarmouth","1","90209818","Western Regional Housing Authority","Yarmouth","Town of Yarmouth","-66.11232292","43.83226872","(43.83226872, -66.11232292)"
"345","6104","10 Goudey St","Yarmouth","1","90210964","Western Regional Housing Authority","Yarmouth","Town of Yarmouth","-66.11862571","43.83037802","(43.83037802, -66.11862571)"
"346","6104","17 Goudey St","Yarmouth","1","90210915","Western Regional Housing Authority","Yarmouth","Town of Yarmouth","-66.11811508","43.83000662","(43.83000662, -66.11811508)"
"347","6104","32 William St","Yarmouth","1","90210915","Western Regional Housing Authority","Yarmouth","Town of Yarmouth","-66.11804837","43.82990078","(43.82990078, -66.11804837)"
"348","6104","33 Prince St","Yarmouth","1","90210972","Western Regional Housing Authority","Yarmouth","Town of Yarmouth","-66.11861229","43.83050267","(43.83050267, -66.11861229)"
"349","6104","62 Pleasant St","Yarmouth","1","90209818","Western Regional Housing Authority","Yarmouth","Town of Yarmouth","-66.11222105","43.8314307","(43.8314307, -66.11222105)"
"350","6105","2 Ford Ave","Yarmouth","1","90220302","Western Regional Housing Authority","Yarmouth","Town of Yarmouth","-66.10440164","43.84825263","(43.84825263, -66.10440164)"
"351","6105","6 Ford Ave","Yarmouth","1","90220294","Western Regional Housing Authority","Yarmouth","Town of Yarmouth","-66.10427246","43.84844878","(43.84844878, -66.10427246)"
"352","6105","4 Ford Ave","Yarmouth","1","90220302","Western Regional Housing Authority","Yarmouth","Town of Yarmouth","-66.10434911","43.84830068","(43.84830068, -66.10434911)"
"353","6105","8 Ford Ave","Yarmouth","1","90220294","Western Regional Housing Authority","Yarmouth","Town of Yarmouth","-66.10422569","43.8484965","(43.8484965, -66.10422569)"
"354","6105","10 Ford Ave","Yarmouth","1","90220286","Western Regional Housing Authority","Yarmouth","Town of Yarmouth","-66.10414517","43.84865663","(43.84865663, -66.10414517)"
"355","6105","14 Ford Ave","Yarmouth","1","90220278","Western Regional Housing Authority","Yarmouth","Town of Yarmouth","-66.10404599","43.84883041","(43.84883041, -66.10404599)"
"356","6105","16 Ford Ave","Yarmouth","1","90220278","Western Regional Housing Authority","Yarmouth","Town of Yarmouth","-66.10399189","43.84890083","(43.84890083, -66.10399189)"
"357","6105","18 Ford Ave","Yarmouth","1","90220260","Western Regional Housing Authority","Yarmouth","Town of Yarmouth","-66.10391943","43.8490058","(43.8490058, -66.10391943)"
"358","6105","12 Ford Ave","Yarmouth","1","90220286","Western Regional Housing Authority","Yarmouth","Town of Yarmouth","-66.10410227","43.84870913","(43.84870913, -66.10410227)"
"359","6105","20 Ford Ave","Yarmouth","1","90220260","Western Regional Housing Authority","Yarmouth","Town of Yarmouth","-66.10386692","43.8490821","(43.8490821, -66.10386692)"
"360","6105","24 Ford Ave","Yarmouth","1","90220252","Western Regional Housing Authority","Yarmouth","Town of Yarmouth","-66.10377405","43.84926902","(43.84926902, -66.10377405)"
"361","6105","22 Ford Ave","Yarmouth","1","90220252","Western Regional Housing Authority","Yarmouth","Town of Yarmouth","-66.10383887","43.84920244","(43.84920244, -66.10383887)"
"362","6105","26 Ford Ave","Yarmouth","1","90220245","Western Regional Housing Authority","Yarmouth","Town of Yarmouth","-66.10369707","43.8493954","(43.8493954, -66.10369707)"
"363","6105","28 Ford Ave","Yarmouth","1","90220245","Western Regional Housing Authority","Yarmouth","Town of Yarmouth","-66.1036334","43.84947642","(43.84947642, -66.1036334)"
"364","6105","15 Hibernia St","Yarmouth","1","90200429","Western Regional Housing Authority","Yarmouth","Town of Yarmouth","-66.11093688","43.8541374","(43.8541374, -66.11093688)"
"365","6105","17 Hibernia St","Yarmouth","1","90200437","Western Regional Housing Authority","Yarmouth","Town of Yarmouth","-66.1107745","43.85412753","(43.85412753, -66.1107745)"
"366","6105","19 Hibernia St","Yarmouth","1","90200437","Western Regional Housing Authority","Yarmouth","Town of Yarmouth","-66.11065894","43.8541051","(43.8541051, -66.11065894)"
"367","6105","23 Hibernia St","Yarmouth","1","90200445","Western Regional Housing Authority","Yarmouth","Town of Yarmouth","-66.11023686","43.85405393","(43.85405393, -66.11023686)"
"368","6105","25 Hibernia St","Yarmouth","1","90200445","Western Regional Housing Authority","Yarmouth","Town of Yarmouth","-66.11010314","43.85403287","(43.85403287, -66.11010314)"
"369","6107","2 MacNeil Ave","Yarmouth","1","90214586","Western Regional Housing Authority","Yarmouth","Town of Yarmouth","-66.1123189","43.82664451","(43.82664451, -66.1123189)"
"370","6107","6 MacNeil Ave","Yarmouth","1","90214578","Western Regional Housing Authority","Yarmouth","Town of Yarmouth","-66.11234371","43.82645299","(43.82645299, -66.11234371)"
"371","6107","10 MacNeil Ave","Yarmouth","1","90214560","Western Regional Housing Authority","Yarmouth","Town of Yarmouth","-66.11236329","43.82625528","(43.82625528, -66.11236329)"
"372","6107","4 MacNeil Ave","Yarmouth","1","90214586","Western Regional Housing Authority","Yarmouth","Town of Yarmouth","-66.11250947","43.82667441","(43.82667441, -66.11250947)"
"373","6107","8 MacNeil Ave","Yarmouth","1","90214578","Western Regional Housing Authority","Yarmouth","Town of Yarmouth","-66.112519","43.82647722","(43.82647722, -66.112519)"
"374","6105","13 Hibernia St","Yarmouth","1","90200429","Western Regional Housing Authority","Yarmouth","Town of Yarmouth","-66.11104857","43.85415965","(43.85415965, -66.11104857)"
"375","6107","14 MacNeil Ave","Yarmouth","1","90214552","Western Regional Housing Authority","Yarmouth","Town of Yarmouth","-66.11237156","43.82605607","(43.82605607, -66.11237156)"
"376","6107","12 MacNeil Ave","Yarmouth","1","90214560","Western Regional Housing Authority","Yarmouth","Town of Yarmouth","-66.11252852","43.82628002","(43.82628002, -66.11252852)"
"377","6107","22 MacNeil Ave","Yarmouth","1","90214537","Western Regional Housing Authority","Yarmouth","Town of Yarmouth","-66.11274607","43.82584333","(43.82584333, -66.11274607)"
"378","6107","26 MacNeil Ave","Yarmouth","1","90214529","Western Regional Housing Authority","Yarmouth","Town of Yarmouth","-66.11302851","43.82584731","(43.82584731, -66.11302851)"
"379","6107","30 MacNeil Ave","Yarmouth","1","90214511","Western Regional Housing Authority","Yarmouth","Town of Yarmouth","-66.11330104","43.82585069","(43.82585069, -66.11330104)"
"380","6107","34 MacNeil Ave","Yarmouth","1","90214503","Western Regional Housing Authority","Yarmouth","Town of Yarmouth","-66.11357817","43.82584674","(43.82584674, -66.11357817)"
"381","6107","37 MacNeil Ave","Yarmouth","1","90214446","Western Regional Housing Authority","Yarmouth","Town of Yarmouth","-66.11408724","43.8262371","(43.8262371, -66.11408724)"
"382","6107","38 MacNeil Ave","Yarmouth","1","90214495","Western Regional Housing Authority","Yarmouth","Town of Yarmouth","-66.11384658","43.82586639","(43.82586639, -66.11384658)"
"383","6107","41 MacNeil Ave","Yarmouth","1","90214453","Western Regional Housing Authority","Yarmouth","Town of Yarmouth","-66.11437212","43.82624014","(43.82624014, -66.11437212)"
"384","6107","42 MacNeil Ave","Yarmouth","1","90214487","Western Regional Housing Authority","Yarmouth","Town of Yarmouth","-66.11413656","43.82587023","(43.82587023, -66.11413656)"
"385","6107","45 MacNeil Ave","Yarmouth","1","90214461","Western Regional Housing Authority","Yarmouth","Town of Yarmouth","-66.11465386","43.82625222","(43.82625222, -66.11465386)"
"386","6107","16 MacNeil Ave","Yarmouth","1","90214552","Western Regional Housing Authority","Yarmouth","Town of Yarmouth","-66.11259745","43.82606232","(43.82606232, -66.11259745)"
"387","6107","24 MacNeil Ave","Yarmouth","1","90214537","Western Regional Housing Authority","Yarmouth","Town of Yarmouth","-66.11318612","43.82599613","(43.82599613, -66.11318612)"
"388","6107","28 MacNeil Ave","Yarmouth","1","90214529","Western Regional Housing Authority","Yarmouth","Town of Yarmouth","-66.11345856","43.82600154","(43.82600154, -66.11345856)"
"389","6107","36 MacNeil Ave","Yarmouth","1","90214503","Western Regional Housing Authority","Yarmouth","Town of Yarmouth","-66.11400344","43.82601235","(43.82601235, -66.11400344)"
"390","6107","32 MacNeil Ave","Yarmouth","1","90214511","Western Regional Housing Authority","Yarmouth","Town of Yarmouth","-66.113731","43.82600694","(43.82600694, -66.113731)"
"391","6107","39 MacNeil Ave","Yarmouth","1","90214446","Western Regional Housing Authority","Yarmouth","Town of Yarmouth","-66.11427173","43.82612741","(43.82612741, -66.11427173)"
"392","6107","40 MacNeil Ave","Yarmouth","1","90214495","Western Regional Housing Authority","Yarmouth","Town of Yarmouth","-66.11427588","43.82601776","(43.82601776, -66.11427588)"
"393","6107","43 MacNeil Ave","Yarmouth","1","90214453","Western Regional Housing Authority","Yarmouth","Town of Yarmouth","-66.11454417","43.82613281","(43.82613281, -66.11454417)"
"394","6107","47 MacNeil Ave","Yarmouth","1","90214461","Western Regional Housing Authority","Yarmouth","Town of Yarmouth","-66.11481661","43.82613822","(43.82613822, -66.11481661)"
"395","6107","46 MacNeil Ave","Yarmouth","1","90214479","Western Regional Housing Authority","Yarmouth","Town of Yarmouth","-66.11438916","43.82588566","(43.82588566, -66.11438916)"
"396","6107","44 MacNeil Ave","Yarmouth","1","90214487","Western Regional Housing Authority","Yarmouth","Town of Yarmouth","-66.11454832","43.82602316","(43.82602316, -66.11454832)"
"397","6112","3 Havelock Dr","Yarmouth","1","90215013","Western Regional Housing Authority","Yarmouth","Town of Yarmouth","-66.10642973","43.82622242","(43.82622242, -66.10642973)"
"398","6112","5 Havelock Dr","Yarmouth","1","90215021","Western Regional Housing Authority","Yarmouth","Town of Yarmouth","-66.10646282","43.82606933","(43.82606933, -66.10646282)"
"399","6112","7 Havelock Dr","Yarmouth","1","90215039","Western Regional Housing Authority","Yarmouth","Town of Yarmouth","-66.10647135","43.82589808","(43.82589808, -66.10647135)"
"400","6112","18 Havelock Dr","Yarmouth","1","90215419","Western Regional Housing Authority","Yarmouth","Town of Yarmouth","-66.10596972","43.82526618","(43.82526618, -66.10596972)"
"401","6112","22 Havelock Dr","Yarmouth","1","90215393","Western Regional Housing Authority","Yarmouth","Town of Yarmouth","-66.10593486","43.824907","(43.824907, -66.10593486)"
"402","6112","20 Havelock Dr","Yarmouth","1","90215401","Western Regional Housing Authority","Yarmouth","Town of Yarmouth","-66.1060028","43.82511309","(43.82511309, -66.1060028)"
"403","6114","15 Barnard St","Yarmouth","4","90194218","Western Regional Housing Authority","Yarmouth","Town of Yarmouth","-66.12165713","43.82895909","(43.82895909, -66.12165713)"
"404","6114","17 Barnard St","Yarmouth","4","90194218","Western Regional Housing Authority","Yarmouth","Town of Yarmouth","-66.12172651","43.82871595","(43.82871595, -66.12172651)"
"405","6116","9 Havelock Dr","Yarmouth","1","90215047","Western Regional Housing Authority","Yarmouth","Town of Yarmouth","-66.10649181","43.82571836","(43.82571836, -66.10649181)"
"406","6107","48 MacNeil Ave","Yarmouth","1","90214479","Western Regional Housing Authority","Yarmouth","Town of Yarmouth","-66.11482076","43.82602857","(43.82602857, -66.11482076)"
"407","6116","11 Havelock Dr","Yarmouth","1","90215054","Western Regional Housing Authority","Yarmouth","Town of Yarmouth","-66.10651289","43.82557374","(43.82557374, -66.10651289)"
"408","6116","13 Havelock Dr","Yarmouth","1","90215062","Western Regional Housing Authority","Yarmouth","Town of Yarmouth","-66.10654601","43.82541978","(43.82541978, -66.10654601)"
"409","6116","15 Havelock Dr","Yarmouth","1","90215070","Western Regional Housing Authority","Yarmouth","Town of Yarmouth","-66.10656553","43.82522206","(43.82522206, -66.10656553)"
"410","6120","205 Belmont Cres","Yarmouth","1","90237967","Western Regional Housing Authority","Yarmouth","Town of Yarmouth","-66.10400015","43.82416915","(43.82416915, -66.10400015)"
"411","6120","201 Belmont Cres","Yarmouth","1","90237959","Western Regional Housing Authority","Yarmouth","Town of Yarmouth","-66.10394228","43.82432285","(43.82432285, -66.10394228)"
"412","6120","213 Belmont Cres","Yarmouth","1","90237983","Western Regional Housing Authority","Yarmouth","Town of Yarmouth","-66.10373082","43.82386675","(43.82386675, -66.10373082)"
"413","6120","217 Belmont Cres","Yarmouth","1","90237991","Western Regional Housing Authority","Yarmouth","Town of Yarmouth","-66.10346923","43.82383421","(43.82383421, -66.10346923)"
"414","6120","218 Belmont Cres","Yarmouth","1","90237942","Western Regional Housing Authority","Yarmouth","Town of Yarmouth","-66.10347876","43.82418512","(43.82418512, -66.10347876)"
"415","6120","220 Belmont Cres","Yarmouth","1","90237934","Western Regional Housing Authority","Yarmouth","Town of Yarmouth","-66.10327927","43.82415183","(43.82415183, -66.10327927)"
"416","6120","221 Belmont Cres","Yarmouth","1","90238007","Western Regional Housing Authority","Yarmouth","Town of Yarmouth","-66.10328218","43.82380058","(43.82380058, -66.10328218)"
"417","6120","225 Belmont Cres","Yarmouth","1","90238015","Western Regional Housing Authority","Yarmouth","Town of Yarmouth","-66.10303228","43.82377679","(43.82377679, -66.10303228)"
"418","6117","61 Argyle St","Yarmouth","1","90214354","Western Regional Housing Authority","Yarmouth","Town of Yarmouth","-66.11576851","43.82685835","(43.82685835, -66.11576851)"
"419","6117","79 Argyle St","Yarmouth","1","90214396","Western Regional Housing Authority","Yarmouth","Town of Yarmouth","-66.11429271","43.82674468","(43.82674468, -66.11429271)"
"420","6117","4 Butler St","Yarmouth","1","90197435","Western Regional Housing Authority","Yarmouth","Town of Yarmouth","-66.12206359","43.82585627","(43.82585627, -66.12206359)"
"421","6117","63 Argyle St","Yarmouth","1","90214354","Western Regional Housing Authority","Yarmouth","Town of Yarmouth","-66.11567143","43.82699188","(43.82699188, -66.11567143)"
"422","6122","2 Lewis Lane","Yarmouth","1","90196825","Western Regional Housing Authority","Yarmouth","Town of Yarmouth","-66.12279908","43.8267716","(43.8267716, -66.12279908)"
"423","6122","6 Lewis Lane","Yarmouth","1","90196817","Western Regional Housing Authority","Yarmouth","Town of Yarmouth","-66.12254943","43.82677756","(43.82677756, -66.12254943)"
"424","6126","52 Argyle St","Yarmouth","1","90212143","Western Regional Housing Authority","Yarmouth","Town of Yarmouth","-66.11699308","43.82737595","(43.82737595, -66.11699308)"
"425","6117","57 Main St","Yarmouth","1","90197435","Western Regional Housing Authority","Yarmouth","Town of Yarmouth","-66.1222219","43.82591428","(43.82591428, -66.1222219)"
"426","6126","54 Argyle St","Yarmouth","4","90212143","Western Regional Housing Authority","Yarmouth","Town of Yarmouth","-66.11662703","43.82736699","(43.82736699, -66.11662703)"
"427","6122","4 Lewis Lane","Yarmouth","1","90196825","Western Regional Housing Authority","Yarmouth","Town of Yarmouth","-66.12289628","43.82669425","(43.82669425, -66.12289628)"
"428","6203","156 Chebogue Rd","Arcadia","1","90186479","Western Regional Housing Authority","Yarmouth","Municipality of the District of Yarmouth","-66.07729356","43.81876985","(43.81876985, -66.07729356)"
"429","6122","8 Lewis Lane","Yarmouth","1","90196817","Western Regional Housing Authority","Yarmouth","Town of Yarmouth","-66.12243124","43.82668307","(43.82668307, -66.12243124)"
"430","6126","50 Argyle St","Yarmouth","1","90212143","Western Regional Housing Authority","Yarmouth","Town of Yarmouth","-66.11723079","43.82730063","(43.82730063, -66.11723079)"
"431","6203","168 Chebogue Rd","Arcadia","1","90186495","Western Regional Housing Authority","Yarmouth","Municipality of the District of Yarmouth","-66.07743981","43.8181807","(43.8181807, -66.07743981)"
"432","6203","158 Chebogue Rd","Arcadia","1","90186479","Western Regional Housing Authority","Yarmouth","Municipality of the District of Yarmouth","-66.07699721","43.81869504","(43.81869504, -66.07699721)"
"433","6117","77 Argyle St","Yarmouth","1","90214396","Western Regional Housing Authority","Yarmouth","Town of Yarmouth","-66.11417366","43.82687125","(43.82687125, -66.11417366)"
"434","6208","1430 Greenville Rd","Hebron","1","90140609","Western Regional Housing Authority","Yarmouth","Municipality of the District of Yarmouth","-66.08785908","43.87639864","(43.87639864, -66.08785908)"
"435","6208","1432 Greenville Rd","Hebron","1","90140609","Western Regional Housing Authority","Yarmouth","Municipality of the District of Yarmouth","-66.08782654","43.8762281","(43.8762281, -66.08782654)"
"436","6209","71 Highway 334","Arcadia","1","90184896","Western Regional Housing Authority","Yarmouth","Municipality of the District of Yarmouth","-66.05607662","43.82256287","(43.82256287, -66.05607662)"
"437","6209","79 Highway 334","Arcadia","1","90184888","Western Regional Housing Authority","Yarmouth","Municipality of the District of Yarmouth","-66.05583374","43.82223895","(43.82223895, -66.05583374)"
"438","6212","718 Greenville Rd","Greenville","1","90136730","Western Regional Housing Authority","Yarmouth","Municipality of the District of Yarmouth","-66.04865723","43.86140398","(43.86140398, -66.04865723)"
"439","6212","1438 Greenville Rd","Hebron","1","90140617","Western Regional Housing Authority","Yarmouth","Municipality of the District of Yarmouth","-66.08830874","43.8764288","(43.8764288, -66.08830874)"
"440","6212","1440 Greenville Rd","Hebron","1","90140617","Western Regional Housing Authority","Yarmouth","Municipality of the District of Yarmouth","-66.08831148","43.87625283","(43.87625283, -66.08831148)"
"441","6203","170 Chebogue Rd","Arcadia","1","90186495","Western Regional Housing Authority","Yarmouth","Municipality of the District of Yarmouth","-66.07716661","43.81819023","(43.81819023, -66.07716661)"
"442","6212","470 Ellis Rd","Sand Beach","1","90177338","Western Regional Housing Authority","Yarmouth","Municipality of the District of Yarmouth","-66.1017471","43.80072647","(43.80072647, -66.1017471)"
"443","6212","480 Ellis Rd","Sand Beach","1","90177320","Western Regional Housing Authority","Yarmouth","Municipality of the District of Yarmouth","-66.10199223","43.80034707","(43.80034707, -66.10199223)"
"444","6304","1357 Highway 334","Plymouth","1","90021775","Western Regional Housing Authority","Yarmouth","Municipality of the District of Argyle","-66.00453972","43.79090391","(43.79090391, -66.00453972)"
"445","6304","1363 Highway 334","Plymouth","1","90021767","Western Regional Housing Authority","Yarmouth","Municipality of the District of Argyle","-66.00433454","43.79065452","(43.79065452, -66.00433454)"
"446","1001","1 March Terr","Sydney","1","15147895","Cape Breton Island Housing Authority","Cape Breton","Cape Breton Regional Municipality","-60.18160559","46.16313104","(46.16313104, -60.18160559)"
"447","1001","3 March Terr","Sydney","1","15147895","Cape Breton Island Housing Authority","Cape Breton","Cape Breton Regional Municipality","-60.18163675","46.1631693","(46.1631693, -60.18163675)"
"448","1001","5 March Terr","Sydney","1","15147895","Cape Breton Island Housing Authority","Cape Breton","Cape Breton Regional Municipality","-60.181671","46.16321425","(46.16321425, -60.181671)"
"449","1001","9 March Terr","Sydney","1","15147895","Cape Breton Island Housing Authority","Cape Breton","Cape Breton Regional Municipality","-60.18172721","46.16327956","(46.16327956, -60.18172721)"
"450","1001","7 March Terr","Sydney","1","15147895","Cape Breton Island Housing Authority","Cape Breton","Cape Breton Regional Municipality","-60.18168947","46.16324568","(46.16324568, -60.18168947)"
"451","1001","15 March Terr","Sydney","1","15147895","Cape Breton Island Housing Authority","Cape Breton","Cape Breton Regional Municipality","-60.18178934","46.16336501","(46.16336501, -60.18178934)"
"452","1001","17 March Terr","Sydney","1","15147895","Cape Breton Island Housing Authority","Cape Breton","Cape Breton Regional Municipality","-60.1818235","46.16340996","(46.16340996, -60.1818235)"
"453","1001","11 March Terr","Sydney","1","15147895","Cape Breton Island Housing Authority","Cape Breton","Cape Breton Regional Municipality","-60.1817582","46.16332449","(46.16332449, -60.1817582)"
"454","1001","1 April Terr","Sydney","1","15147895","Cape Breton Island Housing Authority","Cape Breton","Cape Breton Regional Municipality","-60.18200163","46.16307317","(46.16307317, -60.18200163)"
"455","1001","3 April Terr","Sydney","1","15147895","Cape Breton Island Housing Authority","Cape Breton","Cape Breton Regional Municipality","-60.18202668","46.16310017","(46.16310017, -60.18202668)"
"456","1001","5 April Terr","Sydney","1","15147895","Cape Breton Island Housing Authority","Cape Breton","Cape Breton Regional Municipality","-60.18206102","46.1631385","(46.1631385, -60.18206102)"
"457","1001","7 April Terr","Sydney","1","15147895","Cape Breton Island Housing Authority","Cape Breton","Cape Breton Regional Municipality","-60.18208918","46.16317006","(46.16317006, -60.18208918)"
"458","1001","9 April Terr","Sydney","1","15147895","Cape Breton Island Housing Authority","Cape Breton","Cape Breton Regional Municipality","-60.18212664","46.16321282","(46.16321282, -60.18212664)"
"459","1001","15 April Terr","Sydney","1","15147895","Cape Breton Island Housing Authority","Cape Breton","Cape Breton Regional Municipality","-60.18218267","46.16328481","(46.16328481, -60.18218267)"
"460","1001","11 April Terr","Sydney","1","15147895","Cape Breton Island Housing Authority","Cape Breton","Cape Breton Regional Municipality","-60.18215148","46.16324877","(46.16324877, -60.18215148)"
"461","1001","17 April Terr","Sydney","1","15147895","Cape Breton Island Housing Authority","Cape Breton","Cape Breton Regional Municipality","-60.18220734","46.16332744","(46.16332744, -60.18220734)"
"462","1001","19 April Terr","Sydney","1","15147895","Cape Breton Island Housing Authority","Cape Breton","Cape Breton Regional Municipality","-60.18233415","46.16352513","(46.16352513, -60.18233415)"
"463","1001","23 April Terr","Sydney","1","15147895","Cape Breton Island Housing Authority","Cape Breton","Cape Breton Regional Municipality","-60.18236468","46.16359237","(46.16359237, -60.18236468)"
"464","1001","21 April Terr","Sydney","1","15147895","Cape Breton Island Housing Authority","Cape Breton","Cape Breton Regional Municipality","-60.18234956","46.16355428","(46.16355428, -60.18234956)"
"465","1001","25 April Terr","Sydney","1","15147895","Cape Breton Island Housing Authority","Cape Breton","Cape Breton Regional Municipality","-60.18237985","46.16362598","(46.16362598, -60.18237985)"
"466","1001","27 April Terr","Sydney","1","15147895","Cape Breton Island Housing Authority","Cape Breton","Cape Breton Regional Municipality","-60.18238215","46.16366614","(46.16366614, -60.18238215)"
"467","1001","29 April Terr","Sydney","1","15147895","Cape Breton Island Housing Authority","Cape Breton","Cape Breton Regional Municipality","-60.18238448","46.16370408","(46.16370408, -60.18238448)"
"468","1001","31 April Terr","Sydney","1","15147895","Cape Breton Island Housing Authority","Cape Breton","Cape Breton Regional Municipality","-60.18239921","46.16375774","(46.16375774, -60.18239921)"
"469","1001","3 May Terr","Sydney","1","15147895","Cape Breton Island Housing Authority","Cape Breton","Cape Breton Regional Municipality","-60.18242269","46.16304456","(46.16304456, -60.18242269)"
"470","1001","5 May Terr","Sydney","1","15147895","Cape Breton Island Housing Authority","Cape Breton","Cape Breton Regional Municipality","-60.18245074","46.16307832","(46.16307832, -60.18245074)"
"471","1001","1 May Terr","Sydney","1","15147895","Cape Breton Island Housing Authority","Cape Breton","Cape Breton Regional Municipality","-60.18239467","46.1630086","(46.1630086, -60.18239467)"
"472","1001","7 May Terr","Sydney","1","15147895","Cape Breton Island Housing Authority","Cape Breton","Cape Breton Regional Municipality","-60.18247864","46.16311655","(46.16311655, -60.18247864)"
"473","1001","9 May Terr","Sydney","1","15147895","Cape Breton Island Housing Authority","Cape Breton","Cape Breton Regional Municipality","-60.18250975","46.16315928","(46.16315928, -60.18250975)"
"474","1001","15 May Terr","Sydney","1","15147895","Cape Breton Island Housing Authority","Cape Breton","Cape Breton Regional Municipality","-60.18256596","46.16322459","(46.16322459, -60.18256596)"
"475","1001","17 May Terr","Sydney","1","15147895","Cape Breton Island Housing Authority","Cape Breton","Cape Breton Regional Municipality","-60.18259712","46.16326284","(46.16326284, -60.18259712)"
"476","1001","19 May Terr","Sydney","1","15147895","Cape Breton Island Housing Authority","Cape Breton","Cape Breton Regional Municipality","-60.18267745","46.16339308","(46.16339308, -60.18267745)"
"477","1001","21 May Terr","Sydney","1","15147895","Cape Breton Island Housing Authority","Cape Breton","Cape Breton Regional Municipality","-60.18269889","46.16343347","(46.16343347, -60.18269889)"
"478","1001","23 May Terr","Sydney","1","15147895","Cape Breton Island Housing Authority","Cape Breton","Cape Breton Regional Municipality","-60.18270745","46.16348035","(46.16348035, -60.18270745)"
"479","1001","25 May Terr","Sydney","1","15147895","Cape Breton Island Housing Authority","Cape Breton","Cape Breton Regional Municipality","-60.18271627","46.16351393","(46.16351393, -60.18271627)"
"480","1001","27 May Terr","Sydney","1","15147895","Cape Breton Island Housing Authority","Cape Breton","Cape Breton Regional Municipality","-60.18273136","46.16355422","(46.16355422, -60.18273136)"
"481","1001","29 May Terr","Sydney","1","15147895","Cape Breton Island Housing Authority","Cape Breton","Cape Breton Regional Municipality","-60.18273372","46.1635899","(46.1635899, -60.18273372)"
"482","6305","263 Chemin Tour des Buttes","Amiraults Hill","1","90030578","Western Regional Housing Authority","Yarmouth","Municipality of the District of Argyle","-65.97955308","43.80762751","(43.80762751, -65.97955308)"
"483","1001","31 May Terr","Sydney","1","15147895","Cape Breton Island Housing Authority","Cape Breton","Cape Breton Regional Municipality","-60.18274572","46.1636235","(46.1636235, -60.18274572)"
"484","1001","11 May Terr","Sydney","1","15147895","Cape Breton Island Housing Authority","Cape Breton","Cape Breton Regional Municipality","-60.18253791","46.16319083","(46.16319083, -60.18253791)"
"485","1001","35 May Terr","Sydney","1","15147895","Cape Breton Island Housing Authority","Cape Breton","Cape Breton Regional Municipality","-60.18277907","46.16370417","(46.16370417, -60.18277907)"
"486","1001","33 May Terr","Sydney","1","15147895","Cape Breton Island Housing Authority","Cape Breton","Cape Breton Regional Municipality","-60.18276084","46.16366159","(46.16366159, -60.18276084)"
"487","1001","250 James St","Sydney","10","15147895","Cape Breton Island Housing Authority","Cape Breton","Cape Breton Regional Municipality","-60.18197585","46.16369389","(46.16369389, -60.18197585)"
"488","1001","3 Rose Terr","Sydney","1","15092653","Cape Breton Island Housing Authority","Cape Breton","Cape Breton Regional Municipality","-60.17158023","46.13192514","(46.13192514, -60.17158023)"
"489","1001","5 Rose Terr","Sydney","1","15092653","Cape Breton Island Housing Authority","Cape Breton","Cape Breton Regional Municipality","-60.17162974","46.13195409","(46.13195409, -60.17162974)"
"490","1001","7 Rose Terr","Sydney","1","15092653","Cape Breton Island Housing Authority","Cape Breton","Cape Breton Regional Municipality","-60.17167941","46.13197647","(46.13197647, -60.17167941)"
"491","1001","1 Rose Terr","Sydney","1","15092653","Cape Breton Island Housing Authority","Cape Breton","Cape Breton Regional Municipality","-60.17151822","46.13189391","(46.13189391, -60.17151822)"
"492","1001","9 Rose Terr","Sydney","1","15092653","Cape Breton Island Housing Authority","Cape Breton","Cape Breton Regional Municipality","-60.17172271","46.13200102","(46.13200102, -60.17172271)"
"493","1001","15 Rose Terr","Sydney","1","15092653","Cape Breton Island Housing Authority","Cape Breton","Cape Breton Regional Municipality","-60.17179062","46.13204762","(46.13204762, -60.17179062)"
"494","1001","1 Lilac Terr","Sydney","1","15092653","Cape Breton Island Housing Authority","Cape Breton","Cape Breton Regional Municipality","-60.17171704","46.13171513","(46.13171513, -60.17171704)"
"495","1001","11 Rose Terr","Sydney","1","15092653","Cape Breton Island Housing Authority","Cape Breton","Cape Breton Regional Municipality","-60.17175662","46.13202755","(46.13202755, -60.17175662)"
"496","1001","3 Lilac Terr","Sydney","1","15092653","Cape Breton Island Housing Authority","Cape Breton","Cape Breton Regional Municipality","-60.17177916","46.13174422","(46.13174422, -60.17177916)"
"497","1001","7 Lilac Terr","Sydney","1","15092653","Cape Breton Island Housing Authority","Cape Breton","Cape Breton Regional Municipality","-60.17186876","46.13179978","(46.13179978, -60.17186876)"
"498","1001","9 Lilac Terr","Sydney","1","15092653","Cape Breton Island Housing Authority","Cape Breton","Cape Breton Regional Municipality","-60.17191523","46.13182436","(46.13182436, -60.17191523)"
"499","1001","5 Lilac Terr","Sydney","1","15092653","Cape Breton Island Housing Authority","Cape Breton","Cape Breton Regional Municipality","-60.17182246","46.13176871","(46.13176871, -60.17182246)"
"500","1001","11 Lilac Terr","Sydney","1","15092653","Cape Breton Island Housing Authority","Cape Breton","Cape Breton Regional Municipality","-60.17195232","46.13185096","(46.13185096, -60.17195232)"
"501","1001","15 Lilac Terr","Sydney","1","15092653","Cape Breton Island Housing Authority","Cape Breton","Cape Breton Regional Municipality","-60.17200506","46.13187557","(46.13187557, -60.17200506)"
"502","1001","2 Tulip Terr","Sydney","1","15092653","Cape Breton Island Housing Authority","Cape Breton","Cape Breton Regional Municipality","-60.17187596","46.13150102","(46.13150102, -60.17187596)"
"503","1001","6 Tulip Terr","Sydney","1","15092653","Cape Breton Island Housing Authority","Cape Breton","Cape Breton Regional Municipality","-60.17178321","46.13144323","(46.13144323, -60.17178321)"
"504","1001","8 Tulip Terr","Sydney","1","15092653","Cape Breton Island Housing Authority","Cape Breton","Cape Breton Regional Municipality","-60.17172744","46.13141419","(46.13141419, -60.17172744)"
"505","1001","10 Tulip Terr","Sydney","1","15092653","Cape Breton Island Housing Authority","Cape Breton","Cape Breton Regional Municipality","-60.17167476","46.13138522","(46.13138522, -60.17167476)"
"506","1001","4 Tulip Terr","Sydney","1","15092653","Cape Breton Island Housing Authority","Cape Breton","Cape Breton Regional Municipality","-60.17182952","46.1314743","(46.1314743, -60.17182952)"
"507","1001","12 Tulip Terr","Sydney","1","15092653","Cape Breton Island Housing Authority","Cape Breton","Cape Breton Regional Municipality","-60.17163152","46.13135637","(46.13135637, -60.17163152)"
"508","1001","14 Tulip Terr","Sydney","1","15092653","Cape Breton Island Housing Authority","Cape Breton","Cape Breton Regional Municipality","-60.17156648","46.1313207","(46.1313207, -60.17156648)"
"509","1001","2 Dahlia Terr","Sydney","1","15092653","Cape Breton Island Housing Authority","Cape Breton","Cape Breton Regional Municipality","-60.17137294","46.13116795","(46.13116795, -60.17137294)"
"510","1001","6 Dahlia Terr","Sydney","1","15092653","Cape Breton Island Housing Authority","Cape Breton","Cape Breton Regional Municipality","-60.17128691","46.13124172","(46.13124172, -60.17128691)"
"511","1001","4 Dahlia Terr","Sydney","1","15092653","Cape Breton Island Housing Authority","Cape Breton","Cape Breton Regional Municipality","-60.17133211","46.13120797","(46.13120797, -60.17133211)"
"512","1001","8 Dahlia Terr","Sydney","1","15092653","Cape Breton Island Housing Authority","Cape Breton","Cape Breton Regional Municipality","-60.17123589","46.13127509","(46.13127509, -60.17123589)"
"513","1001","12 Dahlia Terr","Sydney","1","15092653","Cape Breton Island Housing Authority","Cape Breton","Cape Breton Regional Municipality","-60.17115168","46.13136547","(46.13136547, -60.17115168)"
"514","1001","14 Dahlia Terr","Sydney","1","15092653","Cape Breton Island Housing Authority","Cape Breton","Cape Breton Regional Municipality","-60.1711087","46.13140171","(46.13140171, -60.1711087)"
"515","1001","10 Dahlia Terr","Sydney","1","15092653","Cape Breton Island Housing Authority","Cape Breton","Cape Breton Regional Municipality","-60.17119675","46.13131951","(46.13131951, -60.17119675)"
"516","1001","16 Dahlia Terr","Sydney","1","15092653","Cape Breton Island Housing Authority","Cape Breton","Cape Breton Regional Municipality","-60.17105303","46.13144095","(46.13144095, -60.17105303)"
"517","1001","18 Dahlia Terr","Sydney","1","15092653","Cape Breton Island Housing Authority","Cape Breton","Cape Breton Regional Municipality","-60.17101","46.13147975","(46.13147975, -60.17101)"
"518","1001","2 Mayflower Terr","Sydney","1","15092653","Cape Breton Island Housing Authority","Cape Breton","Cape Breton Regional Municipality","-60.17115902","46.13182428","(46.13182428, -60.17115902)"
"519","1001","20 Dahlia Terr","Sydney","1","15092653","Cape Breton Island Housing Authority","Cape Breton","Cape Breton Regional Municipality","-60.17097381","46.13151233","(46.13151233, -60.17097381)"
"520","1001","4 Mayflower Terr","Sydney","1","15092653","Cape Breton Island Housing Authority","Cape Breton","Cape Breton Regional Municipality","-60.17110951","46.13179534","(46.13179534, -60.17110951)"
"521","1001","8 Mayflower Terr","Sydney","1","15092653","Cape Breton Island Housing Authority","Cape Breton","Cape Breton Regional Municipality","-60.17101356","46.13173967","(46.13173967, -60.17101356)"
"522","1001","6 Mayflower Terr","Sydney","1","15092653","Cape Breton Island Housing Authority","Cape Breton","Cape Breton Regional Municipality","-60.17105065","46.13176627","(46.13176627, -60.17105065)"
"523","1001","10 Mayflower Terr","Sydney","1","15092653","Cape Breton Island Housing Authority","Cape Breton","Cape Breton Regional Municipality","-60.17096709","46.13171516","(46.13171516, -60.17096709)"
"524","1001","2 Lily Terr","Sydney","1","15092653","Cape Breton Island Housing Authority","Cape Breton","Cape Breton Regional Municipality","-60.17076933","46.13185031","(46.13185031, -60.17076933)"
"525","1001","4 Lily Terr","Sydney","1","15092653","Cape Breton Island Housing Authority","Cape Breton","Cape Breton Regional Municipality","-60.17071373","46.13181476","(46.13181476, -60.17071373)"
"526","1001","6 Lily Terr","Sydney","1","15092653","Cape Breton Island Housing Authority","Cape Breton","Cape Breton Regional Municipality","-60.17066105","46.13178574","(46.13178574, -60.17066105)"
"527","1001","8 Lily Terr","Sydney","1","15092653","Cape Breton Island Housing Authority","Cape Breton","Cape Breton Regional Municipality","-60.17060514","46.13176111","(46.13176111, -60.17060514)"
"528","1001","350 Terrace St","Sydney","10","15092653","Cape Breton Island Housing Authority","Cape Breton","Cape Breton Regional Municipality","-60.17124725","46.13223123","(46.13223123, -60.17124725)"
"529","1002","104 Kitchener St","Sydney","1","15145626","Cape Breton Island Housing Authority","Cape Breton","Cape Breton Regional Municipality","-60.17782272","46.15949357","(46.15949357, -60.17782272)"
"530","1002","108 Kitchener St","Sydney","1","15145626","Cape Breton Island Housing Authority","Cape Breton","Cape Breton Regional Municipality","-60.1778704","46.15966508","(46.15966508, -60.1778704)"
"531","1002","107 Kitchener St","Sydney","1","15145626","Cape Breton Island Housing Authority","Cape Breton","Cape Breton Regional Municipality","-60.17829786","46.15938658","(46.15938658, -60.17829786)"
"532","1002","111 Kitchener St","Sydney","1","15145626","Cape Breton Island Housing Authority","Cape Breton","Cape Breton Regional Municipality","-60.17833952","46.15954005","(46.15954005, -60.17833952)"
"533","1002","112 Kitchener St","Sydney","1","15145626","Cape Breton Island Housing Authority","Cape Breton","Cape Breton Regional Municipality","-60.1778664","46.15983148","(46.15983148, -60.1778664)"
"534","1002","115 Kitchener St","Sydney","1","15145626","Cape Breton Island Housing Authority","Cape Breton","Cape Breton Regional Municipality","-60.17845841","46.15971233","(46.15971233, -60.17845841)"
"535","1002","191 Bay St","Sydney","1","15134224","Cape Breton Island Housing Authority","Cape Breton","Cape Breton Regional Municipality","-60.18110716","46.15642287","(46.15642287, -60.18110716)"
"536","1002","184 Borden St","Sydney","1","15157001","Cape Breton Island Housing Authority","Cape Breton","Cape Breton Regional Municipality","-60.18883632","46.17034093","(46.17034093, -60.18883632)"
"537","1002","192 Borden St","Sydney","1","15157019","Cape Breton Island Housing Authority","Cape Breton","Cape Breton Regional Municipality","-60.18888943","46.17055749","(46.17055749, -60.18888943)"
"538","1002","121 French St","Sydney","1","15145626","Cape Breton Island Housing Authority","Cape Breton","Cape Breton Regional Municipality","-60.17732278","46.15955078","(46.15955078, -60.17732278)"
"539","1002","129 French St","Sydney","1","15145626","Cape Breton Island Housing Authority","Cape Breton","Cape Breton Regional Municipality","-60.17741891","46.15986226","(46.15986226, -60.17741891)"
"540","1002","125 French St","Sydney","1","15145626","Cape Breton Island Housing Authority","Cape Breton","Cape Breton Regional Municipality","-60.17743586","46.15969601","(46.15969601, -60.17743586)"
"541","1002","133 French St","Sydney","1","15145626","Cape Breton Island Housing Authority","Cape Breton","Cape Breton Regional Municipality","-60.17745419","46.16001115","(46.16001115, -60.17745419)"
"542","1002","141 French St","Sydney","1","15145626","Cape Breton Island Housing Authority","Cape Breton","Cape Breton Regional Municipality","-60.17764743","46.16032381","(46.16032381, -60.17764743)"
"543","1002","145 French St","Sydney","1","15145626","Cape Breton Island Housing Authority","Cape Breton","Cape Breton Regional Municipality","-60.17760418","46.16051371","(46.16051371, -60.17760418)"
"544","1002","3 Kennedy Ave","Sydney","1","15096670","Cape Breton Island Housing Authority","Cape Breton","Cape Breton Regional Municipality","-60.17638508","46.12304587","(46.12304587, -60.17638508)"
"545","1002","8 Kennedy Ave","Sydney","1","15096670","Cape Breton Island Housing Authority","Cape Breton","Cape Breton Regional Municipality","-60.17590893","46.12293688","(46.12293688, -60.17590893)"
"546","1002","4 Kennedy Ave","Sydney","1","15096670","Cape Breton Island Housing Authority","Cape Breton","Cape Breton Regional Municipality","-60.17619329","46.12294914","(46.12294914, -60.17619329)"
"547","1002","12 Kennedy Ave","Sydney","1","15096670","Cape Breton Island Housing Authority","Cape Breton","Cape Breton Regional Municipality","-60.17573028","46.12310122","(46.12310122, -60.17573028)"
"548","1002","44 Mercer St","Sydney","1","15159767","Cape Breton Island Housing Authority","Cape Breton","Cape Breton Regional Municipality","-60.18910652","46.16877845","(46.16877845, -60.18910652)"
"549","1002","45 Mercer St","Sydney","1","15159858","Cape Breton Island Housing Authority","Cape Breton","Cape Breton Regional Municipality","-60.18918445","46.16904479","(46.16904479, -60.18918445)"
"550","1002","58 St Anns St","Sydney","1","15158504","Cape Breton Island Housing Authority","Cape Breton","Cape Breton Regional Municipality","-60.19259224","46.16623163","(46.16623163, -60.19259224)"
"551","1002","104 Taylor St","Sydney","1","15158629","Cape Breton Island Housing Authority","Cape Breton","Cape Breton Regional Municipality","-60.19100119","46.16670379","(46.16670379, -60.19100119)"
"552","1002","108 Taylor St","Sydney","1","15158637","Cape Breton Island Housing Authority","Cape Breton","Cape Breton Regional Municipality","-60.19084469","46.16675149","(46.16675149, -60.19084469)"
"553","1003","3 Ironside Dr","Sydney","1","15145980","Cape Breton Island Housing Authority","Cape Breton","Cape Breton Regional Municipality","-60.18337307","46.15316035","(46.15316035, -60.18337307)"
"554","1002","116 West St","Sydney","1","15133705","Cape Breton Island Housing Authority","Cape Breton","Cape Breton Regional Municipality","-60.18102836","46.15999394","(46.15999394, -60.18102836)"
"555","1003","23 Fitzgerald Pl","Sydney","1","15145931","Cape Breton Island Housing Authority","Cape Breton","Cape Breton Regional Municipality","-60.18276005","46.15307684","(46.15307684, -60.18276005)"
"556","1003","22 Fitzgerald Pl","Sydney","1","15145972","Cape Breton Island Housing Authority","Cape Breton","Cape Breton Regional Municipality","-60.18334456","46.1529981","(46.1529981, -60.18334456)"
"557","1003","26 Fitzgerald Pl","Sydney","1","15145964","Cape Breton Island Housing Authority","Cape Breton","Cape Breton Regional Municipality","-60.18334861","46.15282717","(46.15282717, -60.18334861)"
"558","1003","27 Fitzgerald Pl","Sydney","1","15145949","Cape Breton Island Housing Authority","Cape Breton","Cape Breton Regional Municipality","-60.18268821","46.15283308","(46.15283308, -60.18268821)"
"559","1003","31 Fitzgerald Pl","Sydney","1","15145956","Cape Breton Island Housing Authority","Cape Breton","Cape Breton Regional Municipality","-60.18306751","46.152671","(46.152671, -60.18306751)"
"560","1003","99 Taylor St","Sydney","1","15159106","Cape Breton Island Housing Authority","Cape Breton","Cape Breton Regional Municipality","-60.19122571","46.16706625","(46.16706625, -60.19122571)"
"561","1003","89 Taylor St","Sydney","1","15159114","Cape Breton Island Housing Authority","Cape Breton","Cape Breton Regional Municipality","-60.19172624","46.16698197","(46.16698197, -60.19172624)"
"562","1003","109 Taylor St","Sydney","1","15159023","Cape Breton Island Housing Authority","Cape Breton","Cape Breton Regional Municipality","-60.19070605","46.16713675","(46.16713675, -60.19070605)"
"563","1003","9 Manse Pl","Sydney","1","15159007","Cape Breton Island Housing Authority","Cape Breton","Cape Breton Regional Municipality","-60.19036427","46.16734877","(46.16734877, -60.19036427)"
"564","1003","15 Manse Pl","Sydney","1","15158991","Cape Breton Island Housing Authority","Cape Breton","Cape Breton Regional Municipality","-60.19043133","46.16752499","(46.16752499, -60.19043133)"
"565","1003","73 Borden St","Sydney","1","15158868","Cape Breton Island Housing Authority","Cape Breton","Cape Breton Regional Municipality","-60.18907394","46.16742401","(46.16742401, -60.18907394)"
"566","1003","77 Borden St","Sydney","1","15158868","Cape Breton Island Housing Authority","Cape Breton","Cape Breton Regional Municipality","-60.18906215","46.16764879","(46.16764879, -60.18906215)"
"567","1003","81 Borden St","Sydney","1","15158868","Cape Breton Island Housing Authority","Cape Breton","Cape Breton Regional Municipality","-60.18900069","46.16778303","(46.16778303, -60.18900069)"
"568","1003","46 MacLeod St","Sydney","1","15159171","Cape Breton Island Housing Authority","Cape Breton","Cape Breton Regional Municipality","-60.19201267","46.168011","(46.168011, -60.19201267)"
"569","1003","155 Broadway","Sydney","1","15156953","Cape Breton Island Housing Authority","Cape Breton","Cape Breton Regional Municipality","-60.18849694","46.16976562","(46.16976562, -60.18849694)"
"570","1003","6 Glencoe St","Sydney","1","15159031","Cape Breton Island Housing Authority","Cape Breton","Cape Breton Regional Municipality","-60.1907999","46.16727278","(46.16727278, -60.1907999)"
"571","1003","7 Glencoe St","Sydney","1","15159098","Cape Breton Island Housing Authority","Cape Breton","Cape Breton Regional Municipality","-60.19121599","46.16720107","(46.16720107, -60.19121599)"
"572","1003","10 Glencoe St","Sydney","1","15159049","Cape Breton Island Housing Authority","Cape Breton","Cape Breton Regional Municipality","-60.19080252","46.1674348","(46.1674348, -60.19080252)"
"573","1003","14 Glencoe St","Sydney","1","15159056","Cape Breton Island Housing Authority","Cape Breton","Cape Breton Regional Municipality","-60.19080473","46.16761478","(46.16761478, -60.19080473)"
"574","1003","11 Glencoe St","Sydney","1","15159080","Cape Breton Island Housing Authority","Cape Breton","Cape Breton Regional Municipality","-60.19136085","46.16737368","(46.16737368, -60.19136085)"
"575","1003","15 Glencoe St","Sydney","1","15159072","Cape Breton Island Housing Authority","Cape Breton","Cape Breton Regional Municipality","-60.19145347","46.16756373","(46.16756373, -60.19145347)"
"576","1003","18 Glencoe St","Sydney","1","15159064","Cape Breton Island Housing Authority","Cape Breton","Cape Breton Regional Municipality","-60.19109286","46.16775303","(46.16775303, -60.19109286)"
"577","1003","26 Connaught St","Sydney","1","15158025","Cape Breton Island Housing Authority","Cape Breton","Cape Breton Regional Municipality","-60.19188943","46.16583219","(46.16583219, -60.19188943)"
"578","1003","130 French St","Sydney","1","15145576","Cape Breton Island Housing Authority","Cape Breton","Cape Breton Regional Municipality","-60.17690965","46.16004087","(46.16004087, -60.17690965)"
"579","1003","101 Kitchener St","Sydney","1","15144322","Cape Breton Island Housing Authority","Cape Breton","Cape Breton Regional Municipality","-60.17820993","46.15900319","(46.15900319, -60.17820993)"
"580","1003","134 French St","Sydney","1","15145584","Cape Breton Island Housing Authority","Cape Breton","Cape Breton Regional Municipality","-60.17697687","46.16020804","(46.16020804, -60.17697687)"
"581","1003","138 French St","Sydney","1","15145592","Cape Breton Island Housing Authority","Cape Breton","Cape Breton Regional Municipality","-60.17700509","46.16038384","(46.16038384, -60.17700509)"
"582","1003","142 French St","Sydney","1","15145600","Cape Breton Island Housing Authority","Cape Breton","Cape Breton Regional Municipality","-60.17706557","46.16056002","(46.16056002, -60.17706557)"
"583","1004","110 Rockcliff Cres","Sydney","1","15123813","Cape Breton Island Housing Authority","Cape Breton","Cape Breton Regional Municipality","-60.1615133","46.13978359","(46.13978359, -60.1615133)"
"584","1004","114 Rockcliff Cres","Sydney","1","15123813","Cape Breton Island Housing Authority","Cape Breton","Cape Breton Regional Municipality","-60.16143632","46.1397557","(46.1397557, -60.16143632)"
"585","1004","120 Rockcliff Cres","Sydney","1","15123813","Cape Breton Island Housing Authority","Cape Breton","Cape Breton Regional Municipality","-60.1612576","46.13965467","(46.13965467, -60.1612576)"
"586","1004","124 Rockcliff Cres","Sydney","1","15123813","Cape Breton Island Housing Authority","Cape Breton","Cape Breton Regional Municipality","-60.16118678","46.1396403","(46.1396403, -60.16118678)"
"587","1004","130 Rockcliff Cres","Sydney","1","15123813","Cape Breton Island Housing Authority","Cape Breton","Cape Breton Regional Municipality","-60.16098844","46.13954355","(46.13954355, -60.16098844)"
"588","1004","134 Rockcliff Cres","Sydney","1","15123813","Cape Breton Island Housing Authority","Cape Breton","Cape Breton Regional Municipality","-60.16093736","46.13951596","(46.13951596, -60.16093736)"
"589","1004","144 Rockcliff Cres","Sydney","1","15123813","Cape Breton Island Housing Authority","Cape Breton","Cape Breton Regional Municipality","-60.16063994","46.13939512","(46.13939512, -60.16063994)"
"590","1004","140 Rockcliff Cres","Sydney","1","15123813","Cape Breton Island Housing Authority","Cape Breton","Cape Breton Regional Municipality","-60.16071278","46.1394368","(46.1394368, -60.16071278)"
"591","1004","150 Rockcliff Cres","Sydney","1","15123813","Cape Breton Island Housing Authority","Cape Breton","Cape Breton Regional Municipality","-60.16046358","46.13930345","(46.13930345, -60.16046358)"
"592","1004","154 Rockcliff Cres","Sydney","1","15123813","Cape Breton Island Housing Authority","Cape Breton","Cape Breton Regional Municipality","-60.16039297","46.13928014","(46.13928014, -60.16039297)"
"593","1004","164 Rockcliff Cres","Sydney","1","15123813","Cape Breton Island Housing Authority","Cape Breton","Cape Breton Regional Municipality","-60.16013047","46.13916459","(46.13916459, -60.16013047)"
"594","1004","160 Rockcliff Cres","Sydney","1","15123813","Cape Breton Island Housing Authority","Cape Breton","Cape Breton Regional Municipality","-60.16018177","46.13918318","(46.13918318, -60.16018177)"
"595","1006","259 Gatacre St","Sydney","1","15143654","Cape Breton Island Housing Authority","Cape Breton","Cape Breton Regional Municipality","-60.17586283","46.15996124","(46.15996124, -60.17586283)"
"596","1006","257 Gatacre St","Sydney","1","15143654","Cape Breton Island Housing Authority","Cape Breton","Cape Breton Regional Municipality","-60.17584497","46.15989356","(46.15989356, -60.17584497)"
"597","1006","273 Gatacre St","Sydney","1","15143985","Cape Breton Island Housing Authority","Cape Breton","Cape Breton Regional Municipality","-60.17602501","46.16050309","(46.16050309, -60.17602501)"
"598","1006","279 Gatacre St","Sydney","1","15143993","Cape Breton Island Housing Authority","Cape Breton","Cape Breton Regional Municipality","-60.17610261","46.16071556","(46.16071556, -60.17610261)"
"599","1006","281 Gatacre St","Sydney","1","15143993","Cape Breton Island Housing Authority","Cape Breton","Cape Breton Regional Municipality","-60.17612027","46.16076278","(46.16076278, -60.17612027)"
"600","1006","6 MacDonald Cres","Sydney","1","15143910","Cape Breton Island Housing Authority","Cape Breton","Cape Breton Regional Municipality","-60.17622","46.1609956","(46.1609956, -60.17622)"
"601","1006","275 Gatacre St","Sydney","1","15143985","Cape Breton Island Housing Authority","Cape Breton","Cape Breton Regional Municipality","-60.1760649","46.16056365","(46.16056365, -60.1760649)"
"602","1006","7 MacDonald Cres","Sydney","1","15143902","Cape Breton Island Housing Authority","Cape Breton","Cape Breton Regional Municipality","-60.17629622","46.1613249","(46.1613249, -60.17629622)"
"603","1006","9 MacDonald Cres","Sydney","1","15143902","Cape Breton Island Housing Authority","Cape Breton","Cape Breton Regional Municipality","-60.17622318","46.16135326","(46.16135326, -60.17622318)"
"604","1006","8 MacDonald Cres","Sydney","1","15143910","Cape Breton Island Housing Authority","Cape Breton","Cape Breton Regional Municipality","-60.17611593","46.16101238","(46.16101238, -60.17611593)"
"605","1006","13 MacDonald Cres","Sydney","1","15143894","Cape Breton Island Housing Authority","Cape Breton","Cape Breton Regional Municipality","-60.17600445","46.16134401","(46.16134401, -60.17600445)"
"606","1006","12 MacDonald Cres","Sydney","1","15143928","Cape Breton Island Housing Authority","Cape Breton","Cape Breton Regional Municipality","-60.17596602","46.16105563","(46.16105563, -60.17596602)"
"607","1006","14 MacDonald Cres","Sydney","1","15143928","Cape Breton Island Housing Authority","Cape Breton","Cape Breton Regional Municipality","-60.1758493","46.16106327","(46.16106327, -60.1758493)"
"608","1003","28 Dalton Lane","Sydney","1","15154693","Cape Breton Island Housing Authority","Cape Breton","Cape Breton Regional Municipality","-60.18674808","46.17072188","(46.17072188, -60.18674808)"
"609","1003","27 Dalton Lane","Sydney","1","15154743","Cape Breton Island Housing Authority","Cape Breton","Cape Breton Regional Municipality","-60.18689495","46.17068169","(46.17068169, -60.18689495)"
"610","1003","32 Dalton Lane","Sydney","1","15154701","Cape Breton Island Housing Authority","Cape Breton","Cape Breton Regional Municipality","-60.18680533","46.17082283","(46.17082283, -60.18680533)"
"611","1006","15 MacDonald Cres","Sydney","1","15143894","Cape Breton Island Housing Authority","Cape Breton","Cape Breton Regional Municipality","-60.17590012","46.16137427","(46.16137427, -60.17590012)"
"612","1003","31 Dalton Lane","Sydney","1","15154735","Cape Breton Island Housing Authority","Cape Breton","Cape Breton Regional Municipality","-60.18695219","46.17078263","(46.17078263, -60.18695219)"
"613","1006","21 MacDonald Cres","Sydney","1","15143886","Cape Breton Island Housing Authority","Cape Breton","Cape Breton Regional Municipality","-60.17562073","46.16141606","(46.16141606, -60.17562073)"
"614","1006","25 MacDonald Cres","Sydney","1","15143878","Cape Breton Island Housing Authority","Cape Breton","Cape Breton Regional Municipality","-60.1753153","46.16146197","(46.16146197, -60.1753153)"
"615","1006","27 MacDonald Cres","Sydney","1","15143878","Cape Breton Island Housing Authority","Cape Breton","Cape Breton Regional Municipality","-60.17521308","46.16140679","(46.16140679, -60.17521308)"
"616","1006","37 MacDonald Cres","Sydney","1","15143860","Cape Breton Island Housing Authority","Cape Breton","Cape Breton Regional Municipality","-60.17516589","46.1612128","(46.1612128, -60.17516589)"
"617","1006","19 MacDonald Cres","Sydney","1","15143886","Cape Breton Island Housing Authority","Cape Breton","Cape Breton Regional Municipality","-60.17573094","46.16140833","(46.16140833, -60.17573094)"
"618","1006","38 MacDonald Cres","Sydney","1","15143936","Cape Breton Island Housing Authority","Cape Breton","Cape Breton Regional Municipality","-60.17558988","46.16108277","(46.16108277, -60.17558988)"
"619","1006","39 MacDonald Cres","Sydney","1","15143860","Cape Breton Island Housing Authority","Cape Breton","Cape Breton Regional Municipality","-60.17513516","46.16114498","(46.16114498, -60.17513516)"
"620","1006","44 MacDonald Cres","Sydney","1","15143944","Cape Breton Island Housing Authority","Cape Breton","Cape Breton Regional Municipality","-60.17550412","46.16087934","(46.16087934, -60.17550412)"
"621","1006","46 MacDonald Cres","Sydney","1","15143944","Cape Breton Island Housing Authority","Cape Breton","Cape Breton Regional Municipality","-60.17546708","46.16080241","(46.16080241, -60.17546708)"
"622","1006","62 MacDonald Cres","Sydney","1","15143951","Cape Breton Island Housing Authority","Cape Breton","Cape Breton Regional Municipality","-60.17522022","46.16057013","(46.16057013, -60.17522022)"
"623","1006","63 MacDonald Cres","Sydney","1","15143688","Cape Breton Island Housing Authority","Cape Breton","Cape Breton Regional Municipality","-60.17496768","46.16030179","(46.16030179, -60.17496768)"
"624","1006","64 MacDonald Cres","Sydney","1","15143951","Cape Breton Island Housing Authority","Cape Breton","Cape Breton Regional Municipality","-60.17531152","46.16053967","(46.16053967, -60.17531152)"
"625","1006","65 MacDonald Cres","Sydney","1","15143688","Cape Breton Island Housing Authority","Cape Breton","Cape Breton Regional Municipality","-60.17506627","46.16023996","(46.16023996, -60.17506627)"
"626","1006","70 MacDonald Cres","Sydney","1","15143969","Cape Breton Island Housing Authority","Cape Breton","Cape Breton Regional Municipality","-60.17544933","46.1604648","(46.1604648, -60.17544933)"
"627","1006","71 MacDonald Cres","Sydney","1","15143670","Cape Breton Island Housing Authority","Cape Breton","Cape Breton Regional Municipality","-60.17520981","46.16019213","(46.16019213, -60.17520981)"
"628","1006","72 MacDonald Cres","Sydney","1","15143969","Cape Breton Island Housing Authority","Cape Breton","Cape Breton Regional Municipality","-60.17552144","46.16042515","(46.16042515, -60.17552144)"
"629","1006","73 MacDonald Cres","Sydney","1","15143670","Cape Breton Island Housing Authority","Cape Breton","Cape Breton Regional Municipality","-60.1753145","46.16014835","(46.16014835, -60.1753145)"
"630","1006","78 MacDonald Cres","Sydney","1","15143977","Cape Breton Island Housing Authority","Cape Breton","Cape Breton Regional Municipality","-60.17580832","46.16034298","(46.16034298, -60.17580832)"
"631","1006","40 MacDonald Cres","Sydney","1","15143936","Cape Breton Island Housing Authority","Cape Breton","Cape Breton Regional Municipality","-60.1755789","46.16100166","(46.16100166, -60.1755789)"
"632","1006","79 MacDonald Cres","Sydney","1","15143662","Cape Breton Island Housing Authority","Cape Breton","Cape Breton Regional Municipality","-60.17547162","46.16007366","(46.16007366, -60.17547162)"
"633","1006","80 MacDonald Cres","Sydney","1","15143977","Cape Breton Island Housing Authority","Cape Breton","Cape Breton Regional Municipality","-60.17591867","46.16033077","(46.16033077, -60.17591867)"
"634","1006","81 MacDonald Cres","Sydney","1","15143662","Cape Breton Island Housing Authority","Cape Breton","Cape Breton Regional Municipality","-60.17555004","46.16004312","(46.16004312, -60.17555004)"
"635","1007","135 Juniper St","Sydney","1","15092646","Cape Breton Island Housing Authority","Cape Breton","Cape Breton Regional Municipality","-60.17291206","46.13161629","(46.13161629, -60.17291206)"
"636","1007","139 Juniper St","Sydney","1","15092646","Cape Breton Island Housing Authority","Cape Breton","Cape Breton Regional Municipality","-60.17285249","46.13166955","(46.13166955, -60.17285249)"
"637","1007","143 Juniper St","Sydney","1","15092646","Cape Breton Island Housing Authority","Cape Breton","Cape Breton Regional Municipality","-60.17268893","46.13174413","(46.13174413, -60.17268893)"
"638","1007","147 Juniper St","Sydney","1","15092646","Cape Breton Island Housing Authority","Cape Breton","Cape Breton Regional Municipality","-60.17262266","46.13181084","(46.13181084, -60.17262266)"
"639","1007","151 Juniper St","Sydney","1","15092646","Cape Breton Island Housing Authority","Cape Breton","Cape Breton Regional Municipality","-60.17252271","46.13193116","(46.13193116, -60.17252271)"
"640","1007","155 Juniper St","Sydney","1","15092646","Cape Breton Island Housing Authority","Cape Breton","Cape Breton Regional Municipality","-60.17246293","46.13199343","(46.13199343, -60.17246293)"
"641","1007","163 Juniper St","Sydney","1","15092646","Cape Breton Island Housing Authority","Cape Breton","Cape Breton Regional Municipality","-60.17226564","46.1321261","(46.1321261, -60.17226564)"
"642","1007","159 Juniper St","Sydney","1","15092646","Cape Breton Island Housing Authority","Cape Breton","Cape Breton Regional Municipality","-60.17231233","46.13206815","(46.13206815, -60.17231233)"
"643","1007","167 Juniper St","Sydney","1","15092646","Cape Breton Island Housing Authority","Cape Breton","Cape Breton Regional Municipality","-60.17214637","46.1322417","(46.1322417, -60.17214637)"
"644","1007","175 Juniper St","Sydney","1","15092646","Cape Breton Island Housing Authority","Cape Breton","Cape Breton Regional Municipality","-60.17199373","46.13240186","(46.13240186, -60.17199373)"
"645","1007","171 Juniper St","Sydney","1","15092646","Cape Breton Island Housing Authority","Cape Breton","Cape Breton Regional Municipality","-60.1720801","46.1323084","(46.1323084, -60.1720801)"
"646","1007","179 Juniper St","Sydney","1","15092646","Cape Breton Island Housing Authority","Cape Breton","Cape Breton Regional Municipality","-60.17192073","46.13247752","(46.13247752, -60.17192073)"
"647","1008","50 Hillside St","Sydney","1","15103484","Cape Breton Island Housing Authority","Cape Breton","Cape Breton Regional Municipality","-60.18171011","46.1241662","(46.1241662, -60.18171011)"
"648","1008","51 Hillside St","Sydney","1","15412083","Cape Breton Island Housing Authority","Cape Breton","Cape Breton Regional Municipality","-60.18122387","46.12401374","(46.12401374, -60.18122387)"
"649","1008","54 Hillside St","Sydney","1","15413149","Cape Breton Island Housing Authority","Cape Breton","Cape Breton Regional Municipality","-60.18176505","46.12410834","(46.12410834, -60.18176505)"
"650","1008","47 Hillside St","Sydney","1","15104334","Cape Breton Island Housing Authority","Cape Breton","Cape Breton Regional Municipality","-60.18118443","46.12405955","(46.12405955, -60.18118443)"
"651","1008","76 Hillside St","Sydney","1","15103534","Cape Breton Island Housing Authority","Cape Breton","Cape Breton Regional Municipality","-60.18236577","46.12347484","(46.12347484, -60.18236577)"
"652","1008","80 Hillside St","Sydney","1","15461502","Cape Breton Island Housing Authority","Cape Breton","Cape Breton Regional Municipality","-60.1824186","46.12343047","(46.12343047, -60.1824186)"
"653","1008","84 Hillside St","Sydney","1","15103542","Cape Breton Island Housing Authority","Cape Breton","Cape Breton Regional Municipality","-60.18251519","46.1233326","(46.1233326, -60.18251519)"
"654","1008","88 Hillside St","Sydney","1","15461452","Cape Breton Island Housing Authority","Cape Breton","Cape Breton Regional Municipality","-60.18257211","46.12328827","(46.12328827, -60.18257211)"
"655","1008","92 Hillside St","Sydney","1","15103559","Cape Breton Island Housing Authority","Cape Breton","Cape Breton Regional Municipality","-60.18269841","46.12316987","(46.12316987, -60.18269841)"
"656","1008","96 Hillside St","Sydney","1","15149297","Cape Breton Island Housing Authority","Cape Breton","Cape Breton Regional Municipality","-60.18273835","46.12309961","(46.12309961, -60.18273835)"
"657","1008","116 Hillside St","Sydney","1","15103567","Cape Breton Island Housing Authority","Cape Breton","Cape Breton Regional Municipality","-60.18202914","46.12240026","(46.12240026, -60.18202914)"
"658","1008","142 Hillside St","Sydney","1","15103724","Cape Breton Island Housing Authority","Cape Breton","Cape Breton Regional Municipality","-60.18091532","46.1219228","(46.1219228, -60.18091532)"
"659","1008","120 Hillside St","Sydney","1","15067929","Cape Breton Island Housing Authority","Cape Breton","Cape Breton Regional Municipality","-60.18193949","46.12235876","(46.12235876, -60.18193949)"
"660","1008","146 Hillside St","Sydney","1","15251549","Cape Breton Island Housing Authority","Cape Breton","Cape Breton Regional Municipality","-60.18081075","46.12188878","(46.12188878, -60.18081075)"
"661","1008","154 Hillside St","Sydney","1","15251887","Cape Breton Island Housing Authority","Cape Breton","Cape Breton Regional Municipality","-60.18051718","46.12177547","(46.12177547, -60.18051718)"
"662","1008","150 Hillside St","Sydney","1","15103732","Cape Breton Island Housing Authority","Cape Breton","Cape Breton Regional Municipality","-60.18062004","46.12180364","(46.12180364, -60.18062004)"
"663","1008","158 Hillside St","Sydney","1","15103740","Cape Breton Island Housing Authority","Cape Breton","Cape Breton Regional Municipality","-60.18040137","46.12169317","(46.12169317, -60.18040137)"
"664","1008","166 Hillside St","Sydney","1","15103757","Cape Breton Island Housing Authority","Cape Breton","Cape Breton Regional Municipality","-60.18008976","46.1216058","(46.1216058, -60.18008976)"
"665","1008","162 Hillside St","Sydney","1","15252331","Cape Breton Island Housing Authority","Cape Breton","Cape Breton Regional Municipality","-60.18029384","46.12166814","(46.12166814, -60.18029384)"
"666","1008","170 Hillside St","Sydney","1","15498454","Cape Breton Island Housing Authority","Cape Breton","Cape Breton Regional Municipality","-60.18000065","46.12157664","(46.12157664, -60.18000065)"
"667","1008","174 Hillside St","Sydney","1","15103765","Cape Breton Island Housing Authority","Cape Breton","Cape Breton Regional Municipality","-60.17988882","46.12148194","(46.12148194, -60.17988882)"
"668","1008","178 Hillside St","Sydney","1","15252968","Cape Breton Island Housing Authority","Cape Breton","Cape Breton Regional Municipality","-60.1798272","46.12145136","(46.12145136, -60.1798272)"
"669","1008","182 Hillside St","Sydney","1","15103773","Cape Breton Island Housing Authority","Cape Breton","Cape Breton Regional Municipality","-60.17958223","46.12137331","(46.12137331, -60.17958223)"
"670","1008","186 Hillside St","Sydney","1","15254832","Cape Breton Island Housing Authority","Cape Breton","Cape Breton Regional Municipality","-60.17951856","46.12133205","(46.12133205, -60.17951856)"
"671","1008","15 Brookview Dr","Sydney","1","15372238","Cape Breton Island Housing Authority","Cape Breton","Cape Breton Regional Municipality","-60.18028847","46.12382265","(46.12382265, -60.18028847)"
"672","1008","17 Brookview Dr","Sydney","1","15104292","Cape Breton Island Housing Authority","Cape Breton","Cape Breton Regional Municipality","-60.18018942","46.12380806","(46.12380806, -60.18018942)"
"673","1008","19 Brookview Dr","Sydney","1","15371271","Cape Breton Island Housing Authority","Cape Breton","Cape Breton Regional Municipality","-60.18002226","46.12376563","(46.12376563, -60.18002226)"
"674","1008","23 Brookview Dr","Sydney","1","15370893","Cape Breton Island Housing Authority","Cape Breton","Cape Breton Regional Municipality","-60.17980314","46.12366887","(46.12366887, -60.17980314)"
"675","1008","21 Brookview Dr","Sydney","1","15104284","Cape Breton Island Housing Authority","Cape Breton","Cape Breton Regional Municipality","-60.17994112","46.12373928","(46.12373928, -60.17994112)"
"676","1008","25 Brookview Dr","Sydney","1","15104276","Cape Breton Island Housing Authority","Cape Breton","Cape Breton Regional Municipality","-60.17968897","46.12363292","(46.12363292, -60.17968897)"
"677","1008","29 Brookview Dr","Sydney","1","15104268","Cape Breton Island Housing Authority","Cape Breton","Cape Breton Regional Municipality","-60.17946746","46.12350437","(46.12350437, -60.17946746)"
"678","1008","27 Brookview Dr","Sydney","1","15369655","Cape Breton Island Housing Authority","Cape Breton","Cape Breton Regional Municipality","-60.17955732","46.12355651","(46.12355651, -60.17955732)"
"679","1008","33 Brookview Dr","Sydney","1","15104250","Cape Breton Island Housing Authority","Cape Breton","Cape Breton Regional Municipality","-60.17929241","46.12336615","(46.12336615, -60.17929241)"
"680","1008","31 Brookview Dr","Sydney","1","15368483","Cape Breton Island Housing Authority","Cape Breton","Cape Breton Regional Municipality","-60.17933381","46.12341128","(46.12341128, -60.17933381)"
"681","1008","35 Brookview Dr","Sydney","1","15104243","Cape Breton Island Housing Authority","Cape Breton","Cape Breton Regional Municipality","-60.17914426","46.12324132","(46.12324132, -60.17914426)"
"682","1008","37 Brookview Dr","Sydney","1","15366537","Cape Breton Island Housing Authority","Cape Breton","Cape Breton Regional Municipality","-60.1790653","46.12319997","(46.12319997, -60.1790653)"
"683","1008","39 Brookview Dr","Sydney","1","15104235","Cape Breton Island Housing Authority","Cape Breton","Cape Breton Regional Municipality","-60.17894475","46.12310082","(46.12310082, -60.17894475)"
"684","1008","41 Brookview Dr","Sydney","1","15249923","Cape Breton Island Housing Authority","Cape Breton","Cape Breton Regional Municipality","-60.17888524","46.12305837","(46.12305837, -60.17888524)"
"685","1008","3 Millview Dr","Sydney","1","15039316","Cape Breton Island Housing Authority","Cape Breton","Cape Breton Regional Municipality","-60.18059746","46.12220831","(46.12220831, -60.18059746)"
"686","1008","11 Millview Dr","Sydney","1","15374143","Cape Breton Island Housing Authority","Cape Breton","Cape Breton Regional Municipality","-60.18038496","46.12239606","(46.12239606, -60.18038496)"
"687","1008","7 Millview Dr","Sydney","1","15104003","Cape Breton Island Housing Authority","Cape Breton","Cape Breton Regional Municipality","-60.18053112","46.12227502","(46.12227502, -60.18053112)"
"688","1008","12 Millview Dr","Sydney","1","15104029","Cape Breton Island Housing Authority","Cape Breton","Cape Breton Regional Municipality","-60.18007809","46.12220426","(46.12220426, -60.18007809)"
"689","1008","15 Millview Dr","Sydney","1","15103997","Cape Breton Island Housing Authority","Cape Breton","Cape Breton Regional Municipality","-60.18031457","46.12245854","(46.12245854, -60.18031457)"
"690","1008","16 Millview Dr","Sydney","1","15039464","Cape Breton Island Housing Authority","Cape Breton","Cape Breton Regional Municipality","-60.1800238","46.12223477","(46.12223477, -60.1800238)"
"691","1008","19 Millview Dr","Sydney","1","15373731","Cape Breton Island Housing Authority","Cape Breton","Cape Breton Regional Municipality","-60.18023376","46.12253698","(46.12253698, -60.18023376)"
"692","1008","20 Millview Dr","Sydney","1","15104037","Cape Breton Island Housing Authority","Cape Breton","Cape Breton Regional Municipality","-60.17992672","46.12233553","(46.12233553, -60.17992672)"
"693","1008","23 Millview Dr","Sydney","1","15103989","Cape Breton Island Housing Authority","Cape Breton","Cape Breton Regional Municipality","-60.18018058","46.12259488","(46.12259488, -60.18018058)"
"694","1008","24 Millview Dr","Sydney","1","15038425","Cape Breton Island Housing Authority","Cape Breton","Cape Breton Regional Municipality","-60.17985671","46.12238256","(46.12238256, -60.17985671)"
"695","1008","27 Millview Dr","Sydney","1","15373491","Cape Breton Island Housing Authority","Cape Breton","Cape Breton Regional Municipality","-60.18006849","46.12268353","(46.12268353, -60.18006849)"
"696","1008","28 Millview Dr","Sydney","1","15104045","Cape Breton Island Housing Authority","Cape Breton","Cape Breton Regional Municipality","-60.17971758","46.12247704","(46.12247704, -60.17971758)"
"697","1008","31 Millview Dr","Sydney","1","15103971","Cape Breton Island Housing Authority","Cape Breton","Cape Breton Regional Municipality","-60.18000209","46.12275476","(46.12275476, -60.18000209)"
"698","1008","32 Millview Dr","Sydney","1","15039274","Cape Breton Island Housing Authority","Cape Breton","Cape Breton Regional Municipality","-60.17967112","46.12254883","(46.12254883, -60.17967112)"
"699","1008","35 Millview Dr","Sydney","1","15373475","Cape Breton Island Housing Authority","Cape Breton","Cape Breton Regional Municipality","-60.17991006","46.12284344","(46.12284344, -60.17991006)"
"700","1008","36 Millview Dr","Sydney","1","15104052","Cape Breton Island Housing Authority","Cape Breton","Cape Breton Regional Municipality","-60.17957064","46.12263445","(46.12263445, -60.17957064)"
"701","1008","39 Millview Dr","Sydney","1","15103963","Cape Breton Island Housing Authority","Cape Breton","Cape Breton Regional Municipality","-60.17981022","46.12291321","(46.12291321, -60.17981022)"
"702","1008","40 Millview Dr","Sydney","1","15039043","Cape Breton Island Housing Authority","Cape Breton","Cape Breton Regional Municipality","-60.17947189","46.12267961","(46.12267961, -60.17947189)"
"703","1008","43 Millview Dr","Sydney","1","15373400","Cape Breton Island Housing Authority","Cape Breton","Cape Breton Regional Municipality","-60.17966933","46.1230241","(46.1230241, -60.17966933)"
"704","1008","44 Millview Dr","Sydney","1","15104060","Cape Breton Island Housing Authority","Cape Breton","Cape Breton Regional Municipality","-60.17938054","46.12277457","(46.12277457, -60.17938054)"
"705","1008","47 Millview Dr","Sydney","1","15103955","Cape Breton Island Housing Authority","Cape Breton","Cape Breton Regional Municipality","-60.17964416","46.123072","(46.123072, -60.17964416)"
"706","1008","48 Millview Dr","Sydney","1","15038599","Cape Breton Island Housing Authority","Cape Breton","Cape Breton Regional Municipality","-60.17932771","46.12281895","(46.12281895, -60.17932771)"
"707","1010","138 Gunn St","Sydney","1","15143076","Cape Breton Island Housing Authority","Cape Breton","Cape Breton Regional Municipality","-60.17316456","46.15855334","(46.15855334, -60.17316456)"
"708","1010","136 Gunn St","Sydney","1","15143076","Cape Breton Island Housing Authority","Cape Breton","Cape Breton Regional Municipality","-60.17325593","46.15852289","(46.15852289, -60.17325593)"
"709","1010","144 Gunn St","Sydney","1","15143084","Cape Breton Island Housing Authority","Cape Breton","Cape Breton Regional Municipality","-60.17297642","46.15856914","(46.15856914, -60.17297642)"
"710","1010","146 Gunn St","Sydney","1","15143084","Cape Breton Island Housing Authority","Cape Breton","Cape Breton Regional Municipality","-60.17287259","46.15858145","(46.15858145, -60.17287259)"
"711","1010","152 Gunn St","Sydney","1","15143092","Cape Breton Island Housing Authority","Cape Breton","Cape Breton Regional Municipality","-60.17270327","46.15861997","(46.15861997, -60.17270327)"
"712","1010","154 Gunn St","Sydney","1","15143092","Cape Breton Island Housing Authority","Cape Breton","Cape Breton Regional Municipality","-60.17258628","46.15864108","(46.15864108, -60.17258628)"
"713","1010","5 Shendale Dr","Sydney","1","15143068","Cape Breton Island Housing Authority","Cape Breton","Cape Breton Regional Municipality","-60.17348937","46.15850763","(46.15850763, -60.17348937)"
"714","1010","4 Shendale Dr","Sydney","1","15142896","Cape Breton Island Housing Authority","Cape Breton","Cape Breton Regional Municipality","-60.17402234","46.15841935","(46.15841935, -60.17402234)"
"715","1010","6 Shendale Dr","Sydney","1","15142896","Cape Breton Island Housing Authority","Cape Breton","Cape Breton Regional Municipality","-60.17397193","46.15836028","(46.15836028, -60.17397193)"
"716","1010","7 Shendale Dr","Sydney","1","15143068","Cape Breton Island Housing Authority","Cape Breton","Cape Breton Regional Municipality","-60.17345206","46.15844423","(46.15844423, -60.17345206)"
"717","1010","12 Shendale Dr","Sydney","1","15142904","Cape Breton Island Housing Authority","Cape Breton","Cape Breton Regional Municipality","-60.17390565","46.15815704","(46.15815704, -60.17390565)"
"718","1010","13 Shendale Dr","Sydney","1","15143050","Cape Breton Island Housing Authority","Cape Breton","Cape Breton Regional Municipality","-60.17338415","46.15822398","(46.15822398, -60.17338415)"
"719","1010","14 Shendale Dr","Sydney","1","15142904","Cape Breton Island Housing Authority","Cape Breton","Cape Breton Regional Municipality","-60.17386862","46.15808011","(46.15808011, -60.17386862)"
"720","1010","15 Shendale Dr","Sydney","1","15143050","Cape Breton Island Housing Authority","Cape Breton","Cape Breton Regional Municipality","-60.17336802","46.15814705","(46.15814705, -60.17336802)"
"721","1010","30 Shendale Dr","Sydney","1","15142979","Cape Breton Island Housing Authority","Cape Breton","Cape Breton Regional Municipality","-60.17374711","46.15775033","(46.15775033, -60.17374711)"
"722","1010","31 Shendale Dr","Sydney","1","15143001","Cape Breton Island Housing Authority","Cape Breton","Cape Breton Regional Municipality","-60.17322206","46.15777569","(46.15777569, -60.17322206)"
"723","1010","32 Shendale Dr","Sydney","1","15142979","Cape Breton Island Housing Authority","Cape Breton","Cape Breton Regional Municipality","-60.17372297","46.15767808","(46.15767808, -60.17372297)"
"724","1010","33 Shendale Dr","Sydney","1","15143001","Cape Breton Island Housing Authority","Cape Breton","Cape Breton Regional Municipality","-60.17330636","46.1577722","(46.1577722, -60.17330636)"
"725","1010","38 Shendale Dr","Sydney","1","15142987","Cape Breton Island Housing Authority","Cape Breton","Cape Breton Regional Municipality","-60.17368055","46.15755609","(46.15755609, -60.17368055)"
"726","1010","39 Shendale Dr","Sydney","1","15143464","Cape Breton Island Housing Authority","Cape Breton","Cape Breton Regional Municipality","-60.17324634","46.15759393","(46.15759393, -60.17324634)"
"727","1010","40 Shendale Dr","Sydney","1","15142987","Cape Breton Island Housing Authority","Cape Breton","Cape Breton Regional Municipality","-60.17364982","46.15748827","(46.15748827, -60.17364982)"
"728","1010","41 Shendale Dr","Sydney","1","15143464","Cape Breton Island Housing Authority","Cape Breton","Cape Breton Regional Municipality","-60.17320838","46.15753668","(46.15753668, -60.17320838)"
"729","1010","12 Caroll Cres","Sydney","1","15142946","Cape Breton Island Housing Authority","Cape Breton","Cape Breton Regional Municipality","-60.17483838","46.15759653","(46.15759653, -60.17483838)"
"730","1010","13 Caroll Cres","Sydney","1","15142938","Cape Breton Island Housing Authority","Cape Breton","Cape Breton Regional Municipality","-60.17486908","46.1579343","(46.1579343, -60.17486908)"
"1544","3815","22 Donald Ave","Amherst","1","25017948","Cobequid Housing Authority","Cumberland","Town of Amherst","-64.19616154","45.8323933","(45.8323933, -64.19616154)"
"731","1010","15 Caroll Cres","Sydney","1","15142938","Cape Breton Island Housing Authority","Cape Breton","Cape Breton Regional Municipality","-60.17475195","46.15795993","(46.15795993, -60.17475195)"
"732","1010","14 Caroll Cres","Sydney","1","15142946","Cape Breton Island Housing Authority","Cape Breton","Cape Breton Regional Municipality","-60.17472789","46.15761321","(46.15761321, -60.17472789)"
"733","1010","20 Caroll Cres","Sydney","1","15142953","Cape Breton Island Housing Authority","Cape Breton","Cape Breton Regional Municipality","-60.1745656","46.15763384","(46.15763384, -60.1745656)"
"734","1010","21 Caroll Cres","Sydney","1","15142920","Cape Breton Island Housing Authority","Cape Breton","Cape Breton Regional Municipality","-60.17459609","46.1579806","(46.1579806, -60.17459609)"
"735","1010","23 Caroll Cres","Sydney","1","15142920","Cape Breton Island Housing Authority","Cape Breton","Cape Breton Regional Municipality","-60.17447258","46.15800166","(46.15800166, -60.17447258)"
"736","1010","22 Caroll Cres","Sydney","1","15142953","Cape Breton Island Housing Authority","Cape Breton","Cape Breton Regional Municipality","-60.17444194","46.15765943","(46.15765943, -60.17444194)"
"737","1010","26 Caroll Cres","Sydney","1","15142961","Cape Breton Island Housing Authority","Cape Breton","Cape Breton Regional Municipality","-60.17425396","46.1576707","(46.1576707, -60.17425396)"
"738","1010","27 Caroll Cres","Sydney","1","15142912","Cape Breton Island Housing Authority","Cape Breton","Cape Breton Regional Municipality","-60.17427149","46.15801732","(46.15801732, -60.17427149)"
"739","1010","29 Caroll Cres","Sydney","1","15142912","Cape Breton Island Housing Authority","Cape Breton","Cape Breton Regional Municipality","-60.17417368","46.15804768","(46.15804768, -60.17417368)"
"740","1010","28 Caroll Cres","Sydney","1","15142961","Cape Breton Island Housing Authority","Cape Breton","Cape Breton Regional Municipality","-60.17416273","46.15769663","(46.15769663, -60.17416273)"
"741","1010","59 Caroll Cres","Sydney","1","15143043","Cape Breton Island Housing Authority","Cape Breton","Cape Breton Regional Municipality","-60.17316684","46.15818897","(46.15818897, -60.17316684)"
"742","1010","60 Caroll Cres","Sydney","1","15143019","Cape Breton Island Housing Authority","Cape Breton","Cape Breton Regional Municipality","-60.17303188","46.15787699","(46.15787699, -60.17303188)"
"743","1010","61 Caroll Cres","Sydney","1","15143043","Cape Breton Island Housing Authority","Cape Breton","Cape Breton Regional Municipality","-60.17306266","46.15821475","(46.15821475, -60.17306266)"
"744","1010","62 Caroll Cres","Sydney","1","15143019","Cape Breton Island Housing Authority","Cape Breton","Cape Breton Regional Municipality","-60.17295424","46.15787611","(46.15787611, -60.17295424)"
"745","1010","67 Caroll Cres","Sydney","1","15143035","Cape Breton Island Housing Authority","Cape Breton","Cape Breton Regional Municipality","-60.17283559","46.15823458","(46.15823458, -60.17283559)"
"746","1010","69 Caroll Cres","Sydney","1","15143035","Cape Breton Island Housing Authority","Cape Breton","Cape Breton Regional Municipality","-60.17273225","46.15822441","(46.15822441, -60.17273225)"
"747","1010","75 Caroll Cres","Sydney","1","15143027","Cape Breton Island Housing Authority","Cape Breton","Cape Breton Regional Municipality","-60.17253179","46.15821306","(46.15821306, -60.17253179)"
"748","1010","77 Caroll Cres","Sydney","1","15143027","Cape Breton Island Housing Authority","Cape Breton","Cape Breton Regional Municipality","-60.17242222","46.15819378","(46.15819378, -60.17242222)"
"749","1011","15 Royal Ave","Sydney","1","15101215","Cape Breton Island Housing Authority","Cape Breton","Cape Breton Regional Municipality","-60.18211962","46.1305441","(46.1305441, -60.18211962)"
"750","1011","51 Royal Ave","Sydney","1","15101298","Cape Breton Island Housing Authority","Cape Breton","Cape Breton Regional Municipality","-60.18106162","46.13149465","(46.13149465, -60.18106162)"
"751","1011","7 Elmwood Ave","Sydney","1","15142805","Cape Breton Island Housing Authority","Cape Breton","Cape Breton Regional Municipality","-60.17475391","46.15706921","(46.15706921, -60.17475391)"
"752","1011","11 Elmwood Ave","Sydney","1","15142797","Cape Breton Island Housing Authority","Cape Breton","Cape Breton Regional Municipality","-60.1745723","46.15708506","(46.15708506, -60.1745723)"
"753","1011","67 Trinity Ave","Sydney","1","15106958","Cape Breton Island Housing Authority","Cape Breton","Cape Breton Regional Municipality","-60.18695569","46.13343401","(46.13343401, -60.18695569)"
"754","1011","170 Rockcliff Cres","Sydney","1","15123755","Cape Breton Island Housing Authority","Cape Breton","Cape Breton Regional Municipality","-60.15970835","46.1389572","(46.1389572, -60.15970835)"
"755","1011","174 Rockcliff Cres","Sydney","1","15123755","Cape Breton Island Housing Authority","Cape Breton","Cape Breton Regional Municipality","-60.15961758","46.13896511","(46.13896511, -60.15961758)"
"756","1012","56 Hankard St","Sydney","1","15130768","Cape Breton Island Housing Authority","Cape Breton","Cape Breton Regional Municipality","-60.17922212","46.15322494","(46.15322494, -60.17922212)"
"757","1011","15 Cameron St","Sydney","1","15162308","Cape Breton Island Housing Authority","Cape Breton","Cape Breton Regional Municipality","-60.18797397","46.15949358","(46.15949358, -60.18797397)"
"758","1012","58 Hankard St","Sydney","1","15130768","Cape Breton Island Housing Authority","Cape Breton","Cape Breton Regional Municipality","-60.17911158","46.15324621","(46.15324621, -60.17911158)"
"759","1012","64 Hankard St","Sydney","1","15130768","Cape Breton Island Housing Authority","Cape Breton","Cape Breton Regional Municipality","-60.1788323","46.15328342","(46.15328342, -60.1788323)"
"760","1012","62 Hankard St","Sydney","1","15130768","Cape Breton Island Housing Authority","Cape Breton","Cape Breton Regional Municipality","-60.17892941","46.15328454","(46.15328454, -60.17892941)"
"761","1012","68 Hankard St","Sydney","1","15130768","Cape Breton Island Housing Authority","Cape Breton","Cape Breton Regional Municipality","-60.17863719","46.15332166","(46.15332166, -60.17863719)"
"762","1012","70 Hankard St","Sydney","1","15130768","Cape Breton Island Housing Authority","Cape Breton","Cape Breton Regional Municipality","-60.17853343","46.15332945","(46.15332945, -60.17853343)"
"763","1012","74 Hankard St","Sydney","1","15130768","Cape Breton Island Housing Authority","Cape Breton","Cape Breton Regional Municipality","-60.17835764","46.15337241","(46.15337241, -60.17835764)"
"764","1012","76 Hankard St","Sydney","1","15130768","Cape Breton Island Housing Authority","Cape Breton","Cape Breton Regional Municipality","-60.17824709","46.15339362","(46.15339362, -60.17824709)"
"765","1012","156 Laurier St","Sydney","1","15130693","Cape Breton Island Housing Authority","Cape Breton","Cape Breton Regional Municipality","-60.17794985","46.15283239","(46.15283239, -60.17794985)"
"766","1012","160 Laurier St","Sydney","1","15130693","Cape Breton Island Housing Authority","Cape Breton","Cape Breton Regional Municipality","-60.17782005","46.15284435","(46.15284435, -60.17782005)"
"767","1012","164 Laurier St","Sydney","1","15130693","Cape Breton Island Housing Authority","Cape Breton","Cape Breton Regional Municipality","-60.17757305","46.15288649","(46.15288649, -60.17757305)"
"768","1012","168 Laurier St","Sydney","1","15130693","Cape Breton Island Housing Authority","Cape Breton","Cape Breton Regional Municipality","-60.17745635","46.15289412","(46.15289412, -60.17745635)"
"769","1029","91 Caroll Cres","Sydney","1","15143514","Cape Breton Island Housing Authority","Cape Breton","Cape Breton Regional Municipality","-60.17165396","46.15756858","(46.15756858, -60.17165396)"
"770","1029","119 Caroll Cres","Sydney","1","15143399","Cape Breton Island Housing Authority","Cape Breton","Cape Breton Regional Municipality","-60.17121539","46.15615537","(46.15615537, -60.17121539)"
"771","1029","53 Tillock Dr","Sydney","1","15123466","Cape Breton Island Housing Authority","Cape Breton","Cape Breton Regional Municipality","-60.1615434","46.13934308","(46.13934308, -60.1615434)"
"772","1029","44 Macaulays Lane","Sydney","1","15123482","Cape Breton Island Housing Authority","Cape Breton","Cape Breton Regional Municipality","-60.16266999","46.13959022","(46.13959022, -60.16266999)"
"773","1029","81 Brookview Dr","Sydney","1","15104136","Cape Breton Island Housing Authority","Cape Breton","Cape Breton Regional Municipality","-60.17928326","46.12170276","(46.12170276, -60.17928326)"
"774","1031","189 Rotary Dr","Sydney","1","15104482","Cape Breton Island Housing Authority","Cape Breton","Cape Breton Regional Municipality","-60.18597693","46.12424973","(46.12424973, -60.18597693)"
"775","1031","16 Brookview Dr","Sydney","1","15103906","Cape Breton Island Housing Authority","Cape Breton","Cape Breton Regional Municipality","-60.18064447","46.123491","(46.123491, -60.18064447)"
"776","1031","53 Brookview Dr","Sydney","1","15104201","Cape Breton Island Housing Authority","Cape Breton","Cape Breton Regional Municipality","-60.17849681","46.1226654","(46.1226654, -60.17849681)"
"777","1031","57 Brookview Dr","Sydney","1","15104193","Cape Breton Island Housing Authority","Cape Breton","Cape Breton Regional Municipality","-60.17845538","46.12250294","(46.12250294, -60.17845538)"
"778","1031","81 Caroll Cres","Sydney","1","15143480","Cape Breton Island Housing Authority","Cape Breton","Cape Breton Regional Municipality","-60.17221149","46.15807443","(46.15807443, -60.17221149)"
"779","1031","83 Caroll Cres","Sydney","1","15143498","Cape Breton Island Housing Authority","Cape Breton","Cape Breton Regional Municipality","-60.17198214","46.15791876","(46.15791876, -60.17198214)"
"780","1031","112 Caroll Cres","Sydney","1","15143225","Cape Breton Island Housing Authority","Cape Breton","Cape Breton Regional Municipality","-60.17171268","46.15620162","(46.15620162, -60.17171268)"
"781","1031","199 Maloney St","Sydney","1","15143423","Cape Breton Island Housing Authority","Cape Breton","Cape Breton Regional Municipality","-60.17105198","46.15568107","(46.15568107, -60.17105198)"
"782","1031","91 Tillock Dr","Sydney","1","15123391","Cape Breton Island Housing Authority","Cape Breton","Cape Breton Regional Municipality","-60.1601477","46.1387194","(46.1387194, -60.1601477)"
"783","1033","56 Bristol Dr","Sydney","1","15115496","Cape Breton Island Housing Authority","Cape Breton","Cape Breton Regional Municipality","-60.16594168","46.13140467","(46.13140467, -60.16594168)"
"784","1011","860 George St","Sydney","1","15084718","Cape Breton Island Housing Authority","Cape Breton","Cape Breton Regional Municipality","-60.18668818","46.12958834","(46.12958834, -60.18668818)"
"785","1033","104 Bison Dr","Sydney","1","15152218","Cape Breton Island Housing Authority","Cape Breton","Cape Breton Regional Municipality","-60.1843161","46.16818806","(46.16818806, -60.1843161)"
"786","1033","152 Bison Dr","Sydney","1","15152341","Cape Breton Island Housing Authority","Cape Breton","Cape Breton Regional Municipality","-60.18469479","46.1694161","(46.1694161, -60.18469479)"
"787","1031","80 Brookview Dr","Sydney","1","15104128","Cape Breton Island Housing Authority","Cape Breton","Cape Breton Regional Municipality","-60.17975751","46.12188817","(46.12188817, -60.17975751)"
"788","1033","13 Austin Pl","Sydney","1","15143316","Cape Breton Island Housing Authority","Cape Breton","Cape Breton Regional Municipality","-60.17114111","46.15709021","(46.15709021, -60.17114111)"
"789","1033","219 Rotary Dr","Sydney","1","15104433","Cape Breton Island Housing Authority","Cape Breton","Cape Breton Regional Municipality","-60.18522918","46.1235888","(46.1235888, -60.18522918)"
"790","1035","11 Brookview Dr","Sydney","2","15104318","Cape Breton Island Housing Authority","Cape Breton","Cape Breton Regional Municipality","-60.18076413","46.12389727","(46.12389727, -60.18076413)"
"791","1035","13 Brookview Dr","Sydney","2","15039597","Cape Breton Island Housing Authority","Cape Breton","Cape Breton Regional Municipality","-60.18066695","46.12390516","(46.12390516, -60.18066695)"
"792","1033","195 Rotary Dr","Sydney","1","15104474","Cape Breton Island Housing Authority","Cape Breton","Cape Breton Regional Municipality","-60.1858509","46.12410878","(46.12410878, -60.1858509)"
"793","1038","113 Tupper St","Sydney","1","15130743","Cape Breton Island Housing Authority","Cape Breton","Cape Breton Regional Municipality","-60.17810639","46.15251024","(46.15251024, -60.17810639)"
"794","1038","45 MacDonald Cres","Sydney","1","15143852","Cape Breton Island Housing Authority","Cape Breton","Cape Breton Regional Municipality","-60.17502238","46.16099069","(46.16099069, -60.17502238)"
"795","1038","237 Rotary Dr","Sydney","1","15104409","Cape Breton Island Housing Authority","Cape Breton","Cape Breton Regional Municipality","-60.18478622","46.12317434","(46.12317434, -60.18478622)"
"796","1038","49 Tillock Dr","Sydney","1","15123474","Cape Breton Island Housing Authority","Cape Breton","Cape Breton Regional Municipality","-60.16175695","46.13934559","(46.13934559, -60.16175695)"
"797","1038","87 Caroll Cres","Sydney","1","15143506","Cape Breton Island Housing Authority","Cape Breton","Cape Breton Regional Municipality","-60.17175987","46.15774072","(46.15774072, -60.17175987)"
"798","1040","100 Caroll Cres","Sydney","1","15143258","Cape Breton Island Housing Authority","Cape Breton","Cape Breton Regional Municipality","-60.17188708","46.15675698","(46.15675698, -60.17188708)"
"799","1040","108 Caroll Cres","Sydney","1","15143233","Cape Breton Island Housing Authority","Cape Breton","Cape Breton Regional Municipality","-60.17177223","46.15641824","(46.15641824, -60.17177223)"
"800","1040","189 Maloney St","Sydney","1","15143183","Cape Breton Island Housing Authority","Cape Breton","Cape Breton Regional Municipality","-60.17202679","46.15552598","(46.15552598, -60.17202679)"
"801","1040","187 Maloney St","Sydney","1","15143167","Cape Breton Island Housing Authority","Cape Breton","Cape Breton Regional Municipality","-60.17229962","46.15548415","(46.15548415, -60.17229962)"
"802","1043","243 Rotary Dr","Sydney","1","15104391","Cape Breton Island Housing Authority","Cape Breton","Cape Breton Regional Municipality","-60.18456873","46.12306832","(46.12306832, -60.18456873)"
"803","1043","90 Caroll Cres","Sydney","1","15143274","Cape Breton Island Housing Authority","Cape Breton","Cape Breton Regional Municipality","-60.17205254","46.15714579","(46.15714579, -60.17205254)"
"804","1043","96 Caroll Cres","Sydney","1","15143266","Cape Breton Island Housing Authority","Cape Breton","Cape Breton Regional Municipality","-60.1719724","46.15697841","(46.15697841, -60.1719724)"
"805","1043","120 Caroll Cres","Sydney","1","15143209","Cape Breton Island Housing Authority","Cape Breton","Cape Breton Regional Municipality","-60.1715984","46.15584041","(46.15584041, -60.1715984)"
"806","1049","225 Rotary Dr","Sydney","1","15104425","Cape Breton Island Housing Authority","Cape Breton","Cape Breton Regional Municipality","-60.18509111","46.12341175","(46.12341175, -60.18509111)"
"807","1049","231 Rotary Dr","Sydney","1","15104417","Cape Breton Island Housing Authority","Cape Breton","Cape Breton Regional Municipality","-60.18493827","46.12330652","(46.12330652, -60.18493827)"
"808","1049","64 Caroll Cres","Sydney","1","15143126","Cape Breton Island Housing Authority","Cape Breton","Cape Breton Regional Municipality","-60.17271514","46.15785979","(46.15785979, -60.17271514)"
"809","1049","66 Caroll Cres","Sydney","1","15143126","Cape Breton Island Housing Authority","Cape Breton","Cape Breton Regional Municipality","-60.172651","46.15783205","(46.15783205, -60.172651)"
"810","1049","991 Upper Prince St","Sydney","1","15572407","Cape Breton Island Housing Authority","Cape Breton","Cape Breton Regional Municipality","-60.15962321","46.13846582","(46.13846582, -60.15962321)"
"811","1053","68 Lingan Rd","Sydney","1","15140684","Cape Breton Island Housing Authority","Cape Breton","Cape Breton Regional Municipality","-60.17713037","46.15353369","(46.15353369, -60.17713037)"
"812","1053","70 Lingan Rd","Sydney","1","15140684","Cape Breton Island Housing Authority","Cape Breton","Cape Breton Regional Municipality","-60.17715479","46.15359246","(46.15359246, -60.17715479)"
"813","1053","60 Gunn St","Sydney","1","15592298","Cape Breton Island Housing Authority","Cape Breton","Cape Breton Regional Municipality","-60.17498353","46.15829098","(46.15829098, -60.17498353)"
"814","1053","64 Gunn St","Sydney","1","15142888","Cape Breton Island Housing Authority","Cape Breton","Cape Breton Regional Municipality","-60.17481487","46.15830703","(46.15830703, -60.17481487)"
"815","1058","9 Harvard St","Sydney","1","15136039","Cape Breton Island Housing Authority","Cape Breton","Cape Breton Regional Municipality","-60.18509753","46.15848878","(46.15848878, -60.18509753)"
"816","1058","11 Harvard St","Sydney","1","15136039","Cape Breton Island Housing Authority","Cape Breton","Cape Breton Regional Municipality","-60.18501932","46.15851039","(46.15851039, -60.18501932)"
"817","1065","27 Mclean St","Sydney","1","15152762","Cape Breton Island Housing Authority","Cape Breton","Cape Breton Regional Municipality","-60.18622953","46.16913685","(46.16913685, -60.18622953)"
"818","1066","131 MacDonald Crt","Sydney","1","15143761","Cape Breton Island Housing Authority","Cape Breton","Cape Breton Regional Municipality","-60.17452171","46.15972973","(46.15972973, -60.17452171)"
"819","1066","49 Brookview Dr","Sydney","1","15104219","Cape Breton Island Housing Authority","Cape Breton","Cape Breton Regional Municipality","-60.1786166","46.12279726","(46.12279726, -60.1786166)"
"820","1101","29 Highland St","Glace Bay","1","15403025","Cape Breton Island Housing Authority","Cape Breton","Cape Breton Regional Municipality","-59.96833617","46.18800593","(46.18800593, -59.96833617)"
"821","1101","31 Highland St","Glace Bay","1","15403025","Cape Breton Island Housing Authority","Cape Breton","Cape Breton Regional Municipality","-59.96839263","46.18795611","(46.18795611, -59.96839263)"
"822","1101","35 Highland St","Glace Bay","1","15403025","Cape Breton Island Housing Authority","Cape Breton","Cape Breton Regional Municipality","-59.96855467","46.18780473","(46.18780473, -59.96855467)"
"823","1101","37 Highland St","Glace Bay","1","15403025","Cape Breton Island Housing Authority","Cape Breton","Cape Breton Regional Municipality","-59.96868598","46.18772662","(46.18772662, -59.96868598)"
"824","1101","33 Highland St","Glace Bay","1","15403025","Cape Breton Island Housing Authority","Cape Breton","Cape Breton Regional Municipality","-59.96849472","46.18784951","(46.18784951, -59.96849472)"
"825","1101","39 Highland St","Glace Bay","1","15403025","Cape Breton Island Housing Authority","Cape Breton","Cape Breton Regional Municipality","-59.96874966","46.18768246","(46.18768246, -59.96874966)"
"826","1101","43 Highland St","Glace Bay","1","15403025","Cape Breton Island Housing Authority","Cape Breton","Cape Breton Regional Municipality","-59.96893254","46.18752029","(46.18752029, -59.96893254)"
"827","1101","41 Highland St","Glace Bay","1","15403025","Cape Breton Island Housing Authority","Cape Breton","Cape Breton Regional Municipality","-59.96887121","46.18756132","(46.18756132, -59.96887121)"
"828","1101","45 Highland St","Glace Bay","1","15403025","Cape Breton Island Housing Authority","Cape Breton","Cape Breton Regional Municipality","-59.96906664","46.18742651","(46.18742651, -59.96906664)"
"829","1101","2 Wood St","Glace Bay","1","15403025","Cape Breton Island Housing Authority","Cape Breton","Cape Breton Regional Municipality","-59.96784115","46.18783117","(46.18783117, -59.96784115)"
"830","1101","47 Highland St","Glace Bay","1","15403025","Cape Breton Island Housing Authority","Cape Breton","Cape Breton Regional Municipality","-59.96913475","46.18738851","(46.18738851, -59.96913475)"
"831","1101","4 Wood St","Glace Bay","1","15403025","Cape Breton Island Housing Authority","Cape Breton","Cape Breton Regional Municipality","-59.96789814","46.18779619","(46.18779619, -59.96789814)"
"832","1101","8 Wood St","Glace Bay","1","15403025","Cape Breton Island Housing Authority","Cape Breton","Cape Breton Regional Municipality","-59.96806163","46.18763508","(46.18763508, -59.96806163)"
"833","1101","10 Wood St","Glace Bay","1","15403025","Cape Breton Island Housing Authority","Cape Breton","Cape Breton Regional Municipality","-59.96821812","46.18756177","(46.18756177, -59.96821812)"
"834","1101","6 Wood St","Glace Bay","1","15403025","Cape Breton Island Housing Authority","Cape Breton","Cape Breton Regional Municipality","-59.96800866","46.18768836","(46.18768836, -59.96800866)"
"835","1101","12 Wood St","Glace Bay","1","15403025","Cape Breton Island Housing Authority","Cape Breton","Cape Breton Regional Municipality","-59.96827682","46.18751381","(46.18751381, -59.96827682)"
"836","1101","16 Wood St","Glace Bay","1","15403025","Cape Breton Island Housing Authority","Cape Breton","Cape Breton Regional Municipality","-59.9685283","46.18734731","(46.18734731, -59.9685283)"
"837","1101","14 Wood St","Glace Bay","1","15403025","Cape Breton Island Housing Authority","Cape Breton","Cape Breton Regional Municipality","-59.96844681","46.1873989","(46.1873989, -59.96844681)"
"838","1101","18 Wood St","Glace Bay","1","15403025","Cape Breton Island Housing Authority","Cape Breton","Cape Breton Regional Municipality","-59.96863707","46.18722868","(46.18722868, -59.96863707)"
"839","1101","20 Wood St","Glace Bay","1","15403025","Cape Breton Island Housing Authority","Cape Breton","Cape Breton Regional Municipality","-59.9687402","46.18717923","(46.18717923, -59.9687402)"
"840","1102","1 Dolphin Cres","Glace Bay","1","15856784","Cape Breton Island Housing Authority","Cape Breton","Cape Breton Regional Municipality","-59.95353429","46.19996746","(46.19996746, -59.95353429)"
"841","1102","5 Dolphin Cres","Glace Bay","1","15856784","Cape Breton Island Housing Authority","Cape Breton","Cape Breton Regional Municipality","-59.95369099","46.19989272","(46.19989272, -59.95369099)"
"842","1102","3 Dolphin Cres","Glace Bay","1","15856784","Cape Breton Island Housing Authority","Cape Breton","Cape Breton Regional Municipality","-59.95361257","46.19993666","(46.19993666, -59.95361257)"
"843","1102","7 Dolphin Cres","Glace Bay","1","15856784","Cape Breton Island Housing Authority","Cape Breton","Cape Breton Regional Municipality","-59.95375067","46.19984416","(46.19984416, -59.95375067)"
"844","1102","9 Dolphin Cres","Glace Bay","1","15856784","Cape Breton Island Housing Authority","Cape Breton","Cape Breton Regional Municipality","-59.95382671","46.19973746","(46.19973746, -59.95382671)"
"845","1102","11 Dolphin Cres","Glace Bay","1","15856784","Cape Breton Island Housing Authority","Cape Breton","Cape Breton Regional Municipality","-59.95389227","46.19970213","(46.19970213, -59.95389227)"
"846","1102","13 Dolphin Cres","Glace Bay","1","15856784","Cape Breton Island Housing Authority","Cape Breton","Cape Breton Regional Municipality","-59.95397045","46.19966266","(46.19966266, -59.95397045)"
"847","1102","15 Dolphin Cres","Glace Bay","1","15856784","Cape Breton Island Housing Authority","Cape Breton","Cape Breton Regional Municipality","-59.9540294","46.19963175","(46.19963175, -59.9540294)"
"848","1102","17 Dolphin Cres","Glace Bay","1","15856784","Cape Breton Island Housing Authority","Cape Breton","Cape Breton Regional Municipality","-59.95413743","46.19950788","(46.19950788, -59.95413743)"
"849","1102","19 Dolphin Cres","Glace Bay","1","15856784","Cape Breton Island Housing Authority","Cape Breton","Cape Breton Regional Municipality","-59.95419038","46.19948123","(46.19948123, -59.95419038)"
"850","1102","21 Dolphin Cres","Glace Bay","1","15856784","Cape Breton Island Housing Authority","Cape Breton","Cape Breton Regional Municipality","-59.9542627","46.19943707","(46.19943707, -59.9542627)"
"851","1102","23 Dolphin Cres","Glace Bay","1","15856784","Cape Breton Island Housing Authority","Cape Breton","Cape Breton Regional Municipality","-59.95435408","46.19939342","(46.19939342, -59.95435408)"
"852","1102","25 Dolphin Cres","Glace Bay","1","15856784","Cape Breton Island Housing Authority","Cape Breton","Cape Breton Regional Municipality","-59.95444237","46.19927391","(46.19927391, -59.95444237)"
"853","1102","27 Dolphin Cres","Glace Bay","1","15856784","Cape Breton Island Housing Authority","Cape Breton","Cape Breton Regional Municipality","-59.9545142","46.19924328","(46.19924328, -59.9545142)"
"854","1102","29 Dolphin Cres","Glace Bay","1","15856784","Cape Breton Island Housing Authority","Cape Breton","Cape Breton Regional Municipality","-59.95457967","46.19920354","(46.19920354, -59.95457967)"
"855","1102","31 Dolphin Cres","Glace Bay","1","15856784","Cape Breton Island Housing Authority","Cape Breton","Cape Breton Regional Municipality","-59.95463921","46.1991681","(46.1991681, -59.95463921)"
"856","1102","33 Dolphin Cres","Glace Bay","1","15856784","Cape Breton Island Housing Authority","Cape Breton","Cape Breton Regional Municipality","-59.95477027","46.19911505","(46.19911505, -59.95477027)"
"857","1102","35 Dolphin Cres","Glace Bay","1","15856784","Cape Breton Island Housing Authority","Cape Breton","Cape Breton Regional Municipality","-59.95484907","46.19908397","(46.19908397, -59.95484907)"
"858","1102","2 Dolphin Cres","Glace Bay","1","15856776","Cape Breton Island Housing Authority","Cape Breton","Cape Breton Regional Municipality","-59.95390985","46.20022551","(46.20022551, -59.95390985)"
"859","1102","4 Dolphin Cres","Glace Bay","1","15856776","Cape Breton Island Housing Authority","Cape Breton","Cape Breton Regional Municipality","-59.95396831","46.20019906","(46.20019906, -59.95396831)"
"860","1102","6 Dolphin Cres","Glace Bay","1","15856776","Cape Breton Island Housing Authority","Cape Breton","Cape Breton Regional Municipality","-59.95402758","46.20015949","(46.20015949, -59.95402758)"
"861","1102","8 Dolphin Cres","Glace Bay","1","15856776","Cape Breton Island Housing Authority","Cape Breton","Cape Breton Regional Municipality","-59.95408627","46.20013328","(46.20013328, -59.95408627)"
"862","1102","42 Oceancrest Dr","Glace Bay","1","15856776","Cape Breton Island Housing Authority","Cape Breton","Cape Breton Regional Municipality","-59.95506043","46.20069826","(46.20069826, -59.95506043)"
"863","1102","44 Oceancrest Dr","Glace Bay","1","15856776","Cape Breton Island Housing Authority","Cape Breton","Cape Breton Regional Municipality","-59.95500567","46.20068512","(46.20068512, -59.95500567)"
"864","1102","48 Oceancrest Dr","Glace Bay","1","15856776","Cape Breton Island Housing Authority","Cape Breton","Cape Breton Regional Municipality","-59.95484449","46.20063334","(46.20063334, -59.95484449)"
"865","1102","46 Oceancrest Dr","Glace Bay","1","15856776","Cape Breton Island Housing Authority","Cape Breton","Cape Breton Regional Municipality","-59.95492135","46.20065701","(46.20065701, -59.95492135)"
"866","1102","50 Oceancrest Dr","Glace Bay","1","15856776","Cape Breton Island Housing Authority","Cape Breton","Cape Breton Regional Municipality","-59.95470184","46.20059932","(46.20059932, -59.95470184)"
"867","1102","52 Oceancrest Dr","Glace Bay","1","15856776","Cape Breton Island Housing Authority","Cape Breton","Cape Breton Regional Municipality","-59.954649","46.20058472","(46.20058472, -59.954649)"
"868","1102","54 Oceancrest Dr","Glace Bay","1","15856776","Cape Breton Island Housing Authority","Cape Breton","Cape Breton Regional Municipality","-59.95458996","46.20056571","(46.20056571, -59.95458996)"
"869","1102","56 Oceancrest Dr","Glace Bay","1","15856776","Cape Breton Island Housing Authority","Cape Breton","Cape Breton Regional Municipality","-59.95452455","46.20054217","(46.20054217, -59.95452455)"
"870","1102","58 Oceancrest Dr","Glace Bay","1","15856776","Cape Breton Island Housing Authority","Cape Breton","Cape Breton Regional Municipality","-59.95436449","46.20049455","(46.20049455, -59.95436449)"
"871","1102","60 Oceancrest Dr","Glace Bay","1","15856776","Cape Breton Island Housing Authority","Cape Breton","Cape Breton Regional Municipality","-59.95433749","46.20045769","(46.20045769, -59.95433749)"
"872","1102","62 Oceancrest Dr","Glace Bay","1","15856776","Cape Breton Island Housing Authority","Cape Breton","Cape Breton Regional Municipality","-59.95429258","46.20042075","(46.20042075, -59.95429258)"
"873","1102","64 Oceancrest Dr","Glace Bay","1","15856776","Cape Breton Island Housing Authority","Cape Breton","Cape Breton Regional Municipality","-59.95424071","46.20038403","(46.20038403, -59.95424071)"
"874","1102","66 Oceancrest Dr","Glace Bay","1","15856776","Cape Breton Island Housing Authority","Cape Breton","Cape Breton Regional Municipality","-59.95418939","46.20034657","(46.20034657, -59.95418939)"
"875","1102","68 Oceancrest Dr","Glace Bay","1","15856776","Cape Breton Island Housing Authority","Cape Breton","Cape Breton Regional Municipality","-59.95413831","46.20030918","(46.20030918, -59.95413831)"
"876","1103","41 Oceancrest Dr","Glace Bay","1","15856750","Cape Breton Island Housing Authority","Cape Breton","Cape Breton Regional Municipality","-59.95521235","46.20110969","(46.20110969, -59.95521235)"
"877","1103","43 Oceancrest Dr","Glace Bay","1","15856750","Cape Breton Island Housing Authority","Cape Breton","Cape Breton Regional Municipality","-59.95513981","46.20109421","(46.20109421, -59.95513981)"
"878","1103","45 Oceancrest Dr","Glace Bay","1","15856750","Cape Breton Island Housing Authority","Cape Breton","Cape Breton Regional Municipality","-59.95492892","46.20101816","(46.20101816, -59.95492892)"
"879","1103","47 Oceancrest Dr","Glace Bay","1","15856750","Cape Breton Island Housing Authority","Cape Breton","Cape Breton Regional Municipality","-59.95486443","46.20099784","(46.20099784, -59.95486443)"
"880","1103","49 Oceancrest Dr","Glace Bay","1","15856750","Cape Breton Island Housing Authority","Cape Breton","Cape Breton Regional Municipality","-59.95466072","46.20096295","(46.20096295, -59.95466072)"
"881","1103","57 Oceancrest Dr","Glace Bay","1","15856768","Cape Breton Island Housing Authority","Cape Breton","Cape Breton Regional Municipality","-59.95417337","46.20080554","(46.20080554, -59.95417337)"
"882","1103","59 Oceancrest Dr","Glace Bay","1","15856768","Cape Breton Island Housing Authority","Cape Breton","Cape Breton Regional Municipality","-59.95410063","46.20077698","(46.20077698, -59.95410063)"
"883","1103","61 Oceancrest Dr","Glace Bay","1","15856768","Cape Breton Island Housing Authority","Cape Breton","Cape Breton Regional Municipality","-59.95396408","46.20070227","(46.20070227, -59.95396408)"
"884","1103","51 Oceancrest Dr","Glace Bay","1","15856750","Cape Breton Island Housing Authority","Cape Breton","Cape Breton Regional Municipality","-59.95458408","46.20094289","(46.20094289, -59.95458408)"
"885","1103","63 Oceancrest Dr","Glace Bay","1","15856768","Cape Breton Island Housing Authority","Cape Breton","Cape Breton Regional Municipality","-59.95389935","46.20068625","(46.20068625, -59.95389935)"
"886","1103","22 Oceancrest Dr","Glace Bay","1","15854292","Cape Breton Island Housing Authority","Cape Breton","Cape Breton Regional Municipality","-59.9564825","46.20059012","(46.20059012, -59.9564825)"
"887","1103","24 Oceancrest Dr","Glace Bay","1","15854292","Cape Breton Island Housing Authority","Cape Breton","Cape Breton Regional Municipality","-59.9563931","46.20060692","(46.20060692, -59.9563931)"
"888","1103","26 Oceancrest Dr","Glace Bay","1","15854292","Cape Breton Island Housing Authority","Cape Breton","Cape Breton Regional Municipality","-59.9561784","46.20061055","(46.20061055, -59.9561784)"
"889","1103","28 Oceancrest Dr","Glace Bay","1","15854292","Cape Breton Island Housing Authority","Cape Breton","Cape Breton Regional Municipality","-59.95607154","46.20062834","(46.20062834, -59.95607154)"
"890","1103","30 Oceancrest Dr","Glace Bay","1","15854292","Cape Breton Island Housing Authority","Cape Breton","Cape Breton Regional Municipality","-59.95587978","46.20066815","(46.20066815, -59.95587978)"
"891","1103","34 Oceancrest Dr","Glace Bay","1","15854292","Cape Breton Island Housing Authority","Cape Breton","Cape Breton Regional Municipality","-59.95560618","46.20071967","(46.20071967, -59.95560618)"
"892","1103","36 Oceancrest Dr","Glace Bay","1","15854292","Cape Breton Island Housing Authority","Cape Breton","Cape Breton Regional Municipality","-59.95554202","46.20072516","(46.20072516, -59.95554202)"
"893","1103","38 Oceancrest Dr","Glace Bay","1","15854292","Cape Breton Island Housing Authority","Cape Breton","Cape Breton Regional Municipality","-59.95532253","46.20076842","(46.20076842, -59.95532253)"
"894","1103","40 Oceancrest Dr","Glace Bay","1","15854292","Cape Breton Island Housing Authority","Cape Breton","Cape Breton Regional Municipality","-59.95527132","46.20073951","(46.20073951, -59.95527132)"
"895","1103","32 Oceancrest Dr","Glace Bay","1","15854292","Cape Breton Island Housing Authority","Cape Breton","Cape Breton Regional Municipality","-59.95581647","46.20067628","(46.20067628, -59.95581647)"
"896","1105","1 Ninth St","Glace Bay","1","15440621","Cape Breton Island Housing Authority","Cape Breton","Cape Breton Regional Municipality","-59.96660662","46.21604275","(46.21604275, -59.96660662)"
"897","1105","5 Ninth St","Glace Bay","1","15440621","Cape Breton Island Housing Authority","Cape Breton","Cape Breton Regional Municipality","-59.9663244","46.21617961","(46.21617961, -59.9663244)"
"898","1105","3 Ninth St","Glace Bay","1","15440621","Cape Breton Island Housing Authority","Cape Breton","Cape Breton Regional Municipality","-59.96649357","46.21608432","(46.21608432, -59.96649357)"
"899","1105","7 Ninth St","Glace Bay","1","15440621","Cape Breton Island Housing Authority","Cape Breton","Cape Breton Regional Municipality","-59.96626426","46.2162091","(46.2162091, -59.96626426)"
"900","1105","9 Ninth St","Glace Bay","1","15440621","Cape Breton Island Housing Authority","Cape Breton","Cape Breton Regional Municipality","-59.9660892","46.21631714","(46.21631714, -59.9660892)"
"901","1105","11 Ninth St","Glace Bay","1","15440621","Cape Breton Island Housing Authority","Cape Breton","Cape Breton Regional Municipality","-59.96601018","46.21636106","(46.21636106, -59.96601018)"
"902","1105","2 Tenth St","Glace Bay","1","15440621","Cape Breton Island Housing Authority","Cape Breton","Cape Breton Regional Municipality","-59.96687062","46.2163444","(46.2163444, -59.96687062)"
"903","1105","6 Tenth St","Glace Bay","1","15440621","Cape Breton Island Housing Authority","Cape Breton","Cape Breton Regional Municipality","-59.96664388","46.21647564","(46.21647564, -59.96664388)"
"904","1105","8 Tenth St","Glace Bay","1","15440621","Cape Breton Island Housing Authority","Cape Breton","Cape Breton Regional Municipality","-59.966543","46.21650905","(46.21650905, -59.966543)"
"905","1105","4 Tenth St","Glace Bay","1","15440621","Cape Breton Island Housing Authority","Cape Breton","Cape Breton Regional Municipality","-59.96678791","46.21638829","(46.21638829, -59.96678791)"
"906","1105","10 Tenth St","Glace Bay","1","15440621","Cape Breton Island Housing Authority","Cape Breton","Cape Breton Regional Municipality","-59.96637282","46.21660437","(46.21660437, -59.96637282)"
"907","1105","12 Tenth St","Glace Bay","1","15440621","Cape Breton Island Housing Authority","Cape Breton","Cape Breton Regional Municipality","-59.96629372","46.21665283","(46.21665283, -59.96629372)"
"908","1106","18 Station St","Glace Bay","1","15450190","Cape Breton Island Housing Authority","Cape Breton","Cape Breton Regional Municipality","-59.99433907","46.21040517","(46.21040517, -59.99433907)"
"909","1106","26 Station St","Glace Bay","1","15450190","Cape Breton Island Housing Authority","Cape Breton","Cape Breton Regional Municipality","-59.99424275","46.21097651","(46.21097651, -59.99424275)"
"910","1106","20 Station St","Glace Bay","1","15450190","Cape Breton Island Housing Authority","Cape Breton","Cape Breton Regional Municipality","-59.99432984","46.21047158","(46.21047158, -59.99432984)"
"911","1106","28 Station St","Glace Bay","1","15450190","Cape Breton Island Housing Authority","Cape Breton","Cape Breton Regional Municipality","-59.99423471","46.21103174","(46.21103174, -59.99423471)"
"912","1106","30 Station St","Glace Bay","1","15450190","Cape Breton Island Housing Authority","Cape Breton","Cape Breton Regional Municipality","-59.99420896","46.21116309","(46.21116309, -59.99420896)"
"913","1106","34 Station St","Glace Bay","1","15450190","Cape Breton Island Housing Authority","Cape Breton","Cape Breton Regional Municipality","-59.9941679","46.21137849","(46.21137849, -59.9941679)"
"914","1106","32 Station St","Glace Bay","1","15450190","Cape Breton Island Housing Authority","Cape Breton","Cape Breton Regional Municipality","-59.99419808","46.21122284","(46.21122284, -59.99419808)"
"915","1106","36 Station St","Glace Bay","1","15450190","Cape Breton Island Housing Authority","Cape Breton","Cape Breton Regional Municipality","-59.9941545","46.21143229","(46.21143229, -59.9941545)"
"916","1106","38 Station St","Glace Bay","1","15450190","Cape Breton Island Housing Authority","Cape Breton","Cape Breton Regional Municipality","-59.99410713","46.21157616","(46.21157616, -59.99410713)"
"917","1106","40 Station St","Glace Bay","1","15450190","Cape Breton Island Housing Authority","Cape Breton","Cape Breton Regional Municipality","-59.99409603","46.21164613","(46.21164613, -59.99409603)"
"918","1106","2 Windward Dr","Glace Bay","1","15450190","Cape Breton Island Housing Authority","Cape Breton","Cape Breton Regional Municipality","-59.99354853","46.21177561","(46.21177561, -59.99354853)"
"919","1106","1 Windward Dr","Glace Bay","1","15450190","Cape Breton Island Housing Authority","Cape Breton","Cape Breton Regional Municipality","-59.99302636","46.21185199","(46.21185199, -59.99302636)"
"920","1106","3 Windward Dr","Glace Bay","1","15450190","Cape Breton Island Housing Authority","Cape Breton","Cape Breton Regional Municipality","-59.99299104","46.21179359","(46.21179359, -59.99299104)"
"921","1106","4 Windward Dr","Glace Bay","1","15450190","Cape Breton Island Housing Authority","Cape Breton","Cape Breton Regional Municipality","-59.99352544","46.21170782","(46.21170782, -59.99352544)"
"922","1106","5 Windward Dr","Glace Bay","1","15450190","Cape Breton Island Housing Authority","Cape Breton","Cape Breton Regional Municipality","-59.99308444","46.21165152","(46.21165152, -59.99308444)"
"923","1106","6 Windward Dr","Glace Bay","1","15450190","Cape Breton Island Housing Authority","Cape Breton","Cape Breton Regional Municipality","-59.99359086","46.21157687","(46.21157687, -59.99359086)"
"924","1106","7 Windward Dr","Glace Bay","1","15450190","Cape Breton Island Housing Authority","Cape Breton","Cape Breton Regional Municipality","-59.99304292","46.21158406","(46.21158406, -59.99304292)"
"925","1106","8 Windward Dr","Glace Bay","1","15450190","Cape Breton Island Housing Authority","Cape Breton","Cape Breton Regional Municipality","-59.99356877","46.21150771","(46.21150771, -59.99356877)"
"926","1106","9 Windward Dr","Glace Bay","1","15450190","Cape Breton Island Housing Authority","Cape Breton","Cape Breton Regional Municipality","-59.99311354","46.21146353","(46.21146353, -59.99311354)"
"927","1106","10 Windward Dr","Glace Bay","1","15450190","Cape Breton Island Housing Authority","Cape Breton","Cape Breton Regional Municipality","-59.99364076","46.21137437","(46.21137437, -59.99364076)"
"928","1106","11 Windward Dr","Glace Bay","1","15450190","Cape Breton Island Housing Authority","Cape Breton","Cape Breton Regional Municipality","-59.99308759","46.21140073","(46.21140073, -59.99308759)"
"929","1106","12 Windward Dr","Glace Bay","1","15450190","Cape Breton Island Housing Authority","Cape Breton","Cape Breton Regional Municipality","-59.9936184","46.21131614","(46.21131614, -59.9936184)"
"930","1106","13 Windward Dr","Glace Bay","1","15450190","Cape Breton Island Housing Authority","Cape Breton","Cape Breton Regional Municipality","-59.99315604","46.21125713","(46.21125713, -59.99315604)"
"931","1106","14 Windward Dr","Glace Bay","1","15450190","Cape Breton Island Housing Authority","Cape Breton","Cape Breton Regional Municipality","-59.99369301","46.21118543","(46.21118543, -59.99369301)"
"932","1106","15 Windward Dr","Glace Bay","1","15450190","Cape Breton Island Housing Authority","Cape Breton","Cape Breton Regional Municipality","-59.9931181","46.2111961","(46.2111961, -59.9931181)"
"933","1106","16 Windward Dr","Glace Bay","1","15450190","Cape Breton Island Housing Authority","Cape Breton","Cape Breton Regional Municipality","-59.99366506","46.21113163","(46.21113163, -59.99366506)"
"934","1106","17 Windward Dr","Glace Bay","1","15450190","Cape Breton Island Housing Authority","Cape Breton","Cape Breton Regional Municipality","-59.99319662","46.21105974","(46.21105974, -59.99319662)"
"935","1106","18 Windward Dr","Glace Bay","1","15450190","Cape Breton Island Housing Authority","Cape Breton","Cape Breton Regional Municipality","-59.99371885","46.21098974","(46.21098974, -59.99371885)"
"936","1106","19 Windward Dr","Glace Bay","1","15450190","Cape Breton Island Housing Authority","Cape Breton","Cape Breton Regional Municipality","-59.99316807","46.21099239","(46.21099239, -59.99316807)"
"937","1106","20 Windward Dr","Glace Bay","1","15450190","Cape Breton Island Housing Authority","Cape Breton","Cape Breton Regional Municipality","-59.99370218","46.21092259","(46.21092259, -59.99370218)"
"938","1106","21 Windward Dr","Glace Bay","1","15450190","Cape Breton Island Housing Authority","Cape Breton","Cape Breton Regional Municipality","-59.99323607","46.21086609","(46.21086609, -59.99323607)"
"939","1106","22 Windward Dr","Glace Bay","1","15450190","Cape Breton Island Housing Authority","Cape Breton","Cape Breton Regional Municipality","-59.99379795","46.21079668","(46.21079668, -59.99379795)"
"940","1106","24 Windward Dr","Glace Bay","1","15450190","Cape Breton Island Housing Authority","Cape Breton","Cape Breton Regional Municipality","-59.99374466","46.21071949","(46.21071949, -59.99374466)"
"941","1106","23 Windward Dr","Glace Bay","1","15450190","Cape Breton Island Housing Authority","Cape Breton","Cape Breton Regional Municipality","-59.99322229","46.21079518","(46.21079518, -59.99322229)"
"942","1106","26 Windward Dr","Glace Bay","1","15450190","Cape Breton Island Housing Authority","Cape Breton","Cape Breton Regional Municipality","-59.99380998","46.21059179","(46.21059179, -59.99380998)"
"943","1106","28 Windward Dr","Glace Bay","1","15450190","Cape Breton Island Housing Authority","Cape Breton","Cape Breton Regional Municipality","-59.9937657","46.21052426","(46.21052426, -59.9937657)"
"944","1106","2 Crosby St","Glace Bay","1","15450190","Cape Breton Island Housing Authority","Cape Breton","Cape Breton Regional Municipality","-59.99241293","46.21197601","(46.21197601, -59.99241293)"
"945","1106","6 Crosby St","Glace Bay","1","15450190","Cape Breton Island Housing Authority","Cape Breton","Cape Breton Regional Municipality","-59.99246404","46.2117653","(46.2117653, -59.99246404)"
"946","1106","4 Crosby St","Glace Bay","1","15450190","Cape Breton Island Housing Authority","Cape Breton","Cape Breton Regional Municipality","-59.99241196","46.21191102","(46.21191102, -59.99241196)"
"947","1106","8 Crosby St","Glace Bay","1","15450190","Cape Breton Island Housing Authority","Cape Breton","Cape Breton Regional Municipality","-59.99245118","46.21169883","(46.21169883, -59.99245118)"
"948","1106","12 Crosby St","Glace Bay","1","15450190","Cape Breton Island Housing Authority","Cape Breton","Cape Breton Regional Municipality","-59.99248264","46.21149684","(46.21149684, -59.99248264)"
"949","1106","10 Crosby St","Glace Bay","1","15450190","Cape Breton Island Housing Authority","Cape Breton","Cape Breton Regional Municipality","-59.99249914","46.21156713","(46.21156713, -59.99249914)"
"950","1106","14 Crosby St","Glace Bay","1","15450190","Cape Breton Island Housing Authority","Cape Breton","Cape Breton Regional Municipality","-59.99254542","46.21136216","(46.21136216, -59.99254542)"
"951","1106","16 Crosby St","Glace Bay","1","15450190","Cape Breton Island Housing Authority","Cape Breton","Cape Breton Regional Municipality","-59.99251707","46.2112865","(46.2112865, -59.99251707)"
"952","1106","18 Crosby St","Glace Bay","1","15450190","Cape Breton Island Housing Authority","Cape Breton","Cape Breton Regional Municipality","-59.99260323","46.21117121","(46.21117121, -59.99260323)"
"953","1106","22 Crosby St","Glace Bay","1","15450190","Cape Breton Island Housing Authority","Cape Breton","Cape Breton Regional Municipality","-59.99263407","46.2109545","(46.2109545, -59.99263407)"
"954","1106","24 Crosby St","Glace Bay","1","15450190","Cape Breton Island Housing Authority","Cape Breton","Cape Breton Regional Municipality","-59.99263003","46.21090285","(46.21090285, -59.99263003)"
"955",,"52 Hillside Ave","Glace Bay","1","15389166","Cape Breton Island Housing Authority","Cape Breton","Cape Breton Regional Municipality","-59.96647356","46.20111656","(46.20111656, -59.96647356)"
"956",,"75 Reservoir Ave","Glace Bay","1","15386253","Cape Breton Island Housing Authority","Cape Breton","Cape Breton Regional Municipality","-59.96994027","46.21077395","(46.21077395, -59.96994027)"
"957","1106","20 Crosby St","Glace Bay","1","15450190","Cape Breton Island Housing Authority","Cape Breton","Cape Breton Regional Municipality","-59.99259575","46.21110744","(46.21110744, -59.99259575)"
"958",,"27 Beacon St","Glace Bay","1","15387293","Cape Breton Island Housing Authority","Cape Breton","Cape Breton Regional Municipality","-59.9636086","46.20371885","(46.20371885, -59.9636086)"
"959",,"735 Main St","Glace Bay","1","15398837","Cape Breton Island Housing Authority","Cape Breton","Cape Breton Regional Municipality","-59.9640378","46.19645462","(46.19645462, -59.9640378)"
"960",,"834 Main St","Glace Bay","1","15388374","Cape Breton Island Housing Authority","Cape Breton","Cape Breton Regional Municipality","-59.97016627","46.19688044","(46.19688044, -59.97016627)"
"961","1108","100 Pitt St","Glace Bay","1","15418700","Cape Breton Island Housing Authority","Cape Breton","Cape Breton Regional Municipality","-59.95641765","46.1837878","(46.1837878, -59.95641765)"
"962","1108","102 Pitt St","Glace Bay","1","15418700","Cape Breton Island Housing Authority","Cape Breton","Cape Breton Regional Municipality","-59.95634497","46.18374048","(46.18374048, -59.95634497)"
"963","1108","104 Pitt St","Glace Bay","1","15418700","Cape Breton Island Housing Authority","Cape Breton","Cape Breton Regional Municipality","-59.95619197","46.18365353","(46.18365353, -59.95619197)"
"964","1108","106 Pitt St","Glace Bay","1","15418700","Cape Breton Island Housing Authority","Cape Breton","Cape Breton Regional Municipality","-59.95614931","46.18362014","(46.18362014, -59.95614931)"
"965","1108","1 Cavalier Dr","Glace Bay","1","15418700","Cape Breton Island Housing Authority","Cape Breton","Cape Breton Regional Municipality","-59.95685104","46.183582","(46.183582, -59.95685104)"
"966","1108","3 Cavalier Dr","Glace Bay","1","15418700","Cape Breton Island Housing Authority","Cape Breton","Cape Breton Regional Municipality","-59.95677053","46.18351867","(46.18351867, -59.95677053)"
"967","1108","5 Cavalier Dr","Glace Bay","1","15418700","Cape Breton Island Housing Authority","Cape Breton","Cape Breton Regional Municipality","-59.95664562","46.18345205","(46.18345205, -59.95664562)"
"968","1108","7 Cavalier Dr","Glace Bay","1","15418700","Cape Breton Island Housing Authority","Cape Breton","Cape Breton Regional Municipality","-59.95661215","46.18342326","(46.18342326, -59.95661215)"
"969","1108","9 Cavalier Dr","Glace Bay","1","15418700","Cape Breton Island Housing Authority","Cape Breton","Cape Breton Regional Municipality","-59.95648129","46.18333859","(46.18333859, -59.95648129)"
"970","1108","11 Cavalier Dr","Glace Bay","1","15418700","Cape Breton Island Housing Authority","Cape Breton","Cape Breton Regional Municipality","-59.95641413","46.18329269","(46.18329269, -59.95641413)"
"971","1108","13 Cavalier Dr","Glace Bay","1","15418700","Cape Breton Island Housing Authority","Cape Breton","Cape Breton Regional Municipality","-59.95631463","46.18320973","(46.18320973, -59.95631463)"
"972","1108","27 Cavalier Dr","Glace Bay","1","15418700","Cape Breton Island Housing Authority","Cape Breton","Cape Breton Regional Municipality","-59.95566618","46.18277263","(46.18277263, -59.95566618)"
"973","1108","29 Cavalier Dr","Glace Bay","1","15418700","Cape Breton Island Housing Authority","Cape Breton","Cape Breton Regional Municipality","-59.95560301","46.18274392","(46.18274392, -59.95560301)"
"974","1108","2 Cavalier Dr","Glace Bay","1","15418700","Cape Breton Island Housing Authority","Cape Breton","Cape Breton Regional Municipality","-59.9572044","46.18331317","(46.18331317, -59.9572044)"
"975","1108","15 Cavalier Dr","Glace Bay","1","15418700","Cape Breton Island Housing Authority","Cape Breton","Cape Breton Regional Municipality","-59.95623412","46.18317841","(46.18317841, -59.95623412)"
"976","1108","4 Cavalier Dr","Glace Bay","1","15418700","Cape Breton Island Housing Authority","Cape Breton","Cape Breton Regional Municipality","-59.95711338","46.18329325","(46.18329325, -59.95711338)"
"977","1108","6 Cavalier Dr","Glace Bay","1","15418700","Cape Breton Island Housing Authority","Cape Breton","Cape Breton Regional Municipality","-59.95700716","46.18318512","(46.18318512, -59.95700716)"
"978","1108","8 Cavalier Dr","Glace Bay","1","15418700","Cape Breton Island Housing Authority","Cape Breton","Cape Breton Regional Municipality","-59.95694064","46.18314888","(46.18314888, -59.95694064)"
"979","1108","10 Cavalier Dr","Glace Bay","1","15418700","Cape Breton Island Housing Authority","Cape Breton","Cape Breton Regional Municipality","-59.95684398","46.18306146","(46.18306146, -59.95684398)"
"980","1108","12 Cavalier Dr","Glace Bay","1","15418700","Cape Breton Island Housing Authority","Cape Breton","Cape Breton Regional Municipality","-59.95681438","46.18302633","(46.18302633, -59.95681438)"
"981","1108","16 Cavalier Dr","Glace Bay","1","15418700","Cape Breton Island Housing Authority","Cape Breton","Cape Breton Regional Municipality","-59.95654952","46.18290763","(46.18290763, -59.95654952)"
"982","1108","14 Cavalier Dr","Glace Bay","1","15418700","Cape Breton Island Housing Authority","Cape Breton","Cape Breton Regional Municipality","-59.95662212","46.18295943","(46.18295943, -59.95662212)"
"983","1108","20 Cavalier Dr","Glace Bay","1","15418700","Cape Breton Island Housing Authority","Cape Breton","Cape Breton Regional Municipality","-59.95638418","46.18275951","(46.18275951, -59.95638418)"
"984","1108","22 Cavalier Dr","Glace Bay","1","15418700","Cape Breton Island Housing Authority","Cape Breton","Cape Breton Regional Municipality","-59.95630895","46.18270509","(46.18270509, -59.95630895)"
"985","1108","18 Cavalier Dr","Glace Bay","1","15418700","Cape Breton Island Housing Authority","Cape Breton","Cape Breton Regional Municipality","-59.9564508","46.18282713","(46.18282713, -59.9564508)"
"986","1108","24 Cavalier Dr","Glace Bay","1","15418700","Cape Breton Island Housing Authority","Cape Breton","Cape Breton Regional Municipality","-59.95621529","46.18264669","(46.18264669, -59.95621529)"
"987","1108","26 Cavalier Dr","Glace Bay","1","15418700","Cape Breton Island Housing Authority","Cape Breton","Cape Breton Regional Municipality","-59.95609821","46.18256412","(46.18256412, -59.95609821)"
"988","1108","28 Cavalier Dr","Glace Bay","1","15418700","Cape Breton Island Housing Authority","Cape Breton","Cape Breton Regional Municipality","-59.9560313","46.18251056","(46.18251056, -59.9560313)"
"989","1108","32 Cavalier Dr","Glace Bay","1","15418700","Cape Breton Island Housing Authority","Cape Breton","Cape Breton Regional Municipality","-59.95583163","46.18240697","(46.18240697, -59.95583163)"
"990","1108","30 Cavalier Dr","Glace Bay","1","15418700","Cape Breton Island Housing Authority","Cape Breton","Cape Breton Regional Municipality","-59.95588234","46.18244615","(46.18244615, -59.95588234)"
"991","1108","34 Cavalier Dr","Glace Bay","1","15418700","Cape Breton Island Housing Authority","Cape Breton","Cape Breton Regional Municipality","-59.95569663","46.1823094","(46.1823094, -59.95569663)"
"992","1108","36 Cavalier Dr","Glace Bay","1","15418700","Cape Breton Island Housing Authority","Cape Breton","Cape Breton Regional Municipality","-59.95562934","46.18226739","(46.18226739, -59.95562934)"
"993","1108","203 Shaft St","Glace Bay","1","15418700","Cape Breton Island Housing Authority","Cape Breton","Cape Breton Regional Municipality","-59.9552997","46.18260659","(46.18260659, -59.9552997)"
"994","1108","205 Shaft St","Glace Bay","1","15418700","Cape Breton Island Housing Authority","Cape Breton","Cape Breton Regional Municipality","-59.9552273","46.18274634","(46.18274634, -59.9552273)"
"995","1108","207 Shaft St","Glace Bay","1","15418700","Cape Breton Island Housing Authority","Cape Breton","Cape Breton Regional Municipality","-59.95519316","46.18281006","(46.18281006, -59.95519316)"
"996","1108","209 Shaft St","Glace Bay","1","15418700","Cape Breton Island Housing Authority","Cape Breton","Cape Breton Regional Municipality","-59.95513848","46.18291088","(46.18291088, -59.95513848)"
"997","1108","211 Shaft St","Glace Bay","1","15418700","Cape Breton Island Housing Authority","Cape Breton","Cape Breton Regional Municipality","-59.95509417","46.18297386","(46.18297386, -59.95509417)"
"998","1108","213 Shaft St","Glace Bay","1","15418700","Cape Breton Island Housing Authority","Cape Breton","Cape Breton Regional Municipality","-59.95501622","46.1830808","(46.1830808, -59.95501622)"
"999","1108","215 Shaft St","Glace Bay","1","15418700","Cape Breton Island Housing Authority","Cape Breton","Cape Breton Regional Municipality","-59.95495679","46.18312373","(46.18312373, -59.95495679)"
"1000","1108","217 Shaft St","Glace Bay","1","15418700","Cape Breton Island Housing Authority","Cape Breton","Cape Breton Regional Municipality","-59.95488197","46.18321338","(46.18321338, -59.95488197)"
"1001","1108","219 Shaft St","Glace Bay","1","15418700","Cape Breton Island Housing Authority","Cape Breton","Cape Breton Regional Municipality","-59.95481243","46.18325302","(46.18325302, -59.95481243)"
"1002","1108","221 Shaft St","Glace Bay","1","15418700","Cape Breton Island Housing Authority","Cape Breton","Cape Breton Regional Municipality","-59.95471605","46.18335581","(46.18335581, -59.95471605)"
"1003","1108","223 Shaft St","Glace Bay","1","15418700","Cape Breton Island Housing Authority","Cape Breton","Cape Breton Regional Municipality","-59.9546472","46.18337234","(46.18337234, -59.9546472)"
"1004","1108","225 Shaft St","Glace Bay","1","15418700","Cape Breton Island Housing Authority","Cape Breton","Cape Breton Regional Municipality","-59.95454745","46.18346353","(46.18346353, -59.95454745)"
"1005","1108","227 Shaft St","Glace Bay","1","15418700","Cape Breton Island Housing Authority","Cape Breton","Cape Breton Regional Municipality","-59.95448578","46.18348333","(46.18348333, -59.95448578)"
"1006","1108","229 Shaft St","Glace Bay","1","15418700","Cape Breton Island Housing Authority","Cape Breton","Cape Breton Regional Municipality","-59.95439653","46.18359649","(46.18359649, -59.95439653)"
"1007","1108","231 Shaft St","Glace Bay","1","15418700","Cape Breton Island Housing Authority","Cape Breton","Cape Breton Regional Municipality","-59.95434135","46.18361698","(46.18361698, -59.95434135)"
"1008","1108","233 Shaft St","Glace Bay","1","15418700","Cape Breton Island Housing Authority","Cape Breton","Cape Breton Regional Municipality","-59.95426065","46.18372379","(46.18372379, -59.95426065)"
"1009","1108","235 Shaft St","Glace Bay","1","15418700","Cape Breton Island Housing Authority","Cape Breton","Cape Breton Regional Municipality","-59.95415795","46.18372756","(46.18372756, -59.95415795)"
"1010","1108","1 Baron Dr","Glace Bay","1","15418700","Cape Breton Island Housing Authority","Cape Breton","Cape Breton Regional Municipality","-59.9545539","46.1839675","(46.1839675, -59.9545539)"
"1011","1108","3 Baron Dr","Glace Bay","1","15418700","Cape Breton Island Housing Authority","Cape Breton","Cape Breton Regional Municipality","-59.95459147","46.18394932","(46.18394932, -59.95459147)"
"1012","1108","5 Baron Dr","Glace Bay","1","15418700","Cape Breton Island Housing Authority","Cape Breton","Cape Breton Regional Municipality","-59.9546973","46.18383888","(46.18383888, -59.9546973)"
"1013","1108","7 Baron Dr","Glace Bay","1","15418700","Cape Breton Island Housing Authority","Cape Breton","Cape Breton Regional Municipality","-59.95474507","46.1838208","(46.1838208, -59.95474507)"
"1014","1108","9 Baron Dr","Glace Bay","1","15418700","Cape Breton Island Housing Authority","Cape Breton","Cape Breton Regional Municipality","-59.95487812","46.18372817","(46.18372817, -59.95487812)"
"1015","1108","11 Baron Dr","Glace Bay","1","15418700","Cape Breton Island Housing Authority","Cape Breton","Cape Breton Regional Municipality","-59.95490858","46.18370085","(46.18370085, -59.95490858)"
"1016","1108","13 Baron Dr","Glace Bay","1","15418700","Cape Breton Island Housing Authority","Cape Breton","Cape Breton Regional Municipality","-59.95502688","46.18360859","(46.18360859, -59.95502688)"
"1017","1108","15 Baron Dr","Glace Bay","1","15418700","Cape Breton Island Housing Authority","Cape Breton","Cape Breton Regional Municipality","-59.95508251","46.18357398","(46.18357398, -59.95508251)"
"1018","1108","17 Baron Dr","Glace Bay","1","15418700","Cape Breton Island Housing Authority","Cape Breton","Cape Breton Regional Municipality","-59.95521239","46.18349161","(46.18349161, -59.95521239)"
"1019","1108","19 Baron Dr","Glace Bay","1","15418700","Cape Breton Island Housing Authority","Cape Breton","Cape Breton Regional Municipality","-59.95525128","46.18345865","(46.18345865, -59.95525128)"
"1020","1108","21 Baron Dr","Glace Bay","1","15418700","Cape Breton Island Housing Authority","Cape Breton","Cape Breton Regional Municipality","-59.95531801","46.18335937","(46.18335937, -59.95531801)"
"1021","1108","23 Baron Dr","Glace Bay","1","15418700","Cape Breton Island Housing Authority","Cape Breton","Cape Breton Regional Municipality","-59.95539047","46.18331539","(46.18331539, -59.95539047)"
"1022","1108","25 Baron Dr","Glace Bay","1","15418700","Cape Breton Island Housing Authority","Cape Breton","Cape Breton Regional Municipality","-59.95551796","46.18321883","(46.18321883, -59.95551796)"
"1023","1108","27 Baron Dr","Glace Bay","1","15418700","Cape Breton Island Housing Authority","Cape Breton","Cape Breton Regional Municipality","-59.95556074","46.18317894","(46.18317894, -59.95556074)"
"1024","1108","29 Baron Dr","Glace Bay","1","15418700","Cape Breton Island Housing Authority","Cape Breton","Cape Breton Regional Municipality","-59.95567471","46.18310591","(46.18310591, -59.95567471)"
"1025","1108","31 Baron Dr","Glace Bay","1","15418700","Cape Breton Island Housing Authority","Cape Breton","Cape Breton Regional Municipality","-59.95574581","46.18304266","(46.18304266, -59.95574581)"
"1026","1108","33 Baron Dr","Glace Bay","1","15418700","Cape Breton Island Housing Authority","Cape Breton","Cape Breton Regional Municipality","-59.95585033","46.18294072","(46.18294072, -59.95585033)"
"1027","1108","35 Baron Dr","Glace Bay","1","15418700","Cape Breton Island Housing Authority","Cape Breton","Cape Breton Regional Municipality","-59.95590327","46.18290029","(46.18290029, -59.95590327)"
"1028","1108","2 Baron Dr","Glace Bay","1","15418700","Cape Breton Island Housing Authority","Cape Breton","Cape Breton Regional Municipality","-59.95492022","46.18422297","(46.18422297, -59.95492022)"
"1029","1108","4 Baron Dr","Glace Bay","1","15418700","Cape Breton Island Housing Authority","Cape Breton","Cape Breton Regional Municipality","-59.95497304","46.18415749","(46.18415749, -59.95497304)"
"1030","1108","6 Baron Dr","Glace Bay","1","15418700","Cape Breton Island Housing Authority","Cape Breton","Cape Breton Regional Municipality","-59.95508225","46.18405551","(46.18405551, -59.95508225)"
"1031","1108","8 Baron Dr","Glace Bay","1","15418700","Cape Breton Island Housing Authority","Cape Breton","Cape Breton Regional Municipality","-59.9551453","46.18401842","(46.18401842, -59.9551453)"
"1032","1108","10 Baron Dr","Glace Bay","1","15418700","Cape Breton Island Housing Authority","Cape Breton","Cape Breton Regional Municipality","-59.95527405","46.18391417","(46.18391417, -59.95527405)"
"1033","1108","12 Baron Dr","Glace Bay","1","15418700","Cape Breton Island Housing Authority","Cape Breton","Cape Breton Regional Municipality","-59.95533221","46.18388661","(46.18388661, -59.95533221)"
"1034","1108","14 Baron Dr","Glace Bay","1","15418700","Cape Breton Island Housing Authority","Cape Breton","Cape Breton Regional Municipality","-59.95547218","46.18377934","(46.18377934, -59.95547218)"
"1035","1108","16 Baron Dr","Glace Bay","1","15418700","Cape Breton Island Housing Authority","Cape Breton","Cape Breton Regional Municipality","-59.95554185","46.18373587","(46.18373587, -59.95554185)"
"1036","1108","26 Baron Dr","Glace Bay","1","15418700","Cape Breton Island Housing Authority","Cape Breton","Cape Breton Regional Municipality","-59.95585385","46.18346762","(46.18346762, -59.95585385)"
"1037","1108","28 Baron Dr","Glace Bay","1","15418700","Cape Breton Island Housing Authority","Cape Breton","Cape Breton Regional Municipality","-59.95588183","46.18343071","(46.18343071, -59.95588183)"
"1038","1108","30 Baron Dr","Glace Bay","1","15418700","Cape Breton Island Housing Authority","Cape Breton","Cape Breton Regional Municipality","-59.95603084","46.18336256","(46.18336256, -59.95603084)"
"1039","1108","201 Shaft St","Glace Bay","1","15418700","Cape Breton Island Housing Authority","Cape Breton","Cape Breton Regional Municipality","-59.95532247","46.18255484","(46.18255484, -59.95532247)"
"1040","1108","32 Baron Dr","Glace Bay","1","15418700","Cape Breton Island Housing Authority","Cape Breton","Cape Breton Regional Municipality","-59.95606264","46.1833186","(46.1833186, -59.95606264)"
"1041","1110","9 Bluewater Dr","Glace Bay","1","15394828","Cape Breton Island Housing Authority","Cape Breton","Cape Breton Regional Municipality","-59.95540881","46.19991481","(46.19991481, -59.95540881)"
"1042","1110","15 Bluewater Dr","Glace Bay","1","15394794","Cape Breton Island Housing Authority","Cape Breton","Cape Breton Regional Municipality","-59.95470285","46.19967586","(46.19967586, -59.95470285)"
"1043","1117","9 Tanya Dr","Glace Bay","1","15062482","Cape Breton Island Housing Authority","Cape Breton","Cape Breton Regional Municipality","-59.98905955","46.20912836","(46.20912836, -59.98905955)"
"1044","1110","13 Bluewater Dr","Glace Bay","1","15394802","Cape Breton Island Housing Authority","Cape Breton","Cape Breton Regional Municipality","-59.95490381","46.19980436","(46.19980436, -59.95490381)"
"1045","1117","11 Tanya Dr","Glace Bay","1","15062474","Cape Breton Island Housing Authority","Cape Breton","Cape Breton Regional Municipality","-59.98924291","46.20905881","(46.20905881, -59.98924291)"
"1046","1117","14 Tanya Dr","Glace Bay","1","15062466","Cape Breton Island Housing Authority","Cape Breton","Cape Breton Regional Municipality","-59.98938956","46.20938015","(46.20938015, -59.98938956)"
"1047","1117","26 Maxie St","Glace Bay","1","15191414","Cape Breton Island Housing Authority","Cape Breton","Cape Breton Regional Municipality","-59.95886455","46.18128719","(46.18128719, -59.95886455)"
"1048","1117","160 Connaught Ave","Glace Bay","1","15448400","Cape Breton Island Housing Authority","Cape Breton","Cape Breton Regional Municipality","-59.98636393","46.21350838","(46.21350838, -59.98636393)"
"1049","1120","15 Anderson St","Glace Bay","1","15411861","Cape Breton Island Housing Authority","Cape Breton","Cape Breton Regional Municipality","-59.96404158","46.18438804","(46.18438804, -59.96404158)"
"1050","1120","8 Mance St","Glace Bay","1","15416837","Cape Breton Island Housing Authority","Cape Breton","Cape Breton Regional Municipality","-59.95864457","46.18144242","(46.18144242, -59.95864457)"
"1051","1120","26 Tanya Dr","Glace Bay","1","15062110","Cape Breton Island Housing Authority","Cape Breton","Cape Breton Regional Municipality","-59.9905556","46.20868475","(46.20868475, -59.9905556)"
"1052",,"78 Brookside St","Glace Bay","1","15410699","Cape Breton Island Housing Authority","Cape Breton","Cape Breton Regional Municipality","-59.95539056","46.19083827","(46.19083827, -59.95539056)"
"1053","1120","5 Bay St","Glace Bay","1","15391527","Cape Breton Island Housing Authority","Cape Breton","Cape Breton Regional Municipality","-59.95965984","46.1989555","(46.1989555, -59.95965984)"
"1054","1120","30 Sixth St","Glace Bay","1","15439664","Cape Breton Island Housing Authority","Cape Breton","Cape Breton Regional Municipality","-59.96396495","46.21418202","(46.21418202, -59.96396495)"
"1055","1122","32 Sixth St","Glace Bay","1","15439672","Cape Breton Island Housing Authority","Cape Breton","Cape Breton Regional Municipality","-59.96385789","46.21423194","(46.21423194, -59.96385789)"
"1056","1122","5 Bluewater Dr","Glace Bay","1","15394851","Cape Breton Island Housing Authority","Cape Breton","Cape Breton Regional Municipality","-59.95580215","46.19998312","(46.19998312, -59.95580215)"
"1057","1122","10 Stanley St","Glace Bay","1","15420870","Cape Breton Island Housing Authority","Cape Breton","Cape Breton Regional Municipality","-59.94714588","46.18368191","(46.18368191, -59.94714588)"
"1058","1122","7 Bluewater Dr","Glace Bay","1","15394836","Cape Breton Island Housing Authority","Cape Breton","Cape Breton Regional Municipality","-59.95560209","46.19995344","(46.19995344, -59.95560209)"
"1059","1123","19 Dinn Ave","Glace Bay","1","15559800","Cape Breton Island Housing Authority","Cape Breton","Cape Breton Regional Municipality","-59.9533773","46.18319249","(46.18319249, -59.9533773)"
"1060","1123","23 Dinn Ave","Glace Bay","1","15559784","Cape Breton Island Housing Authority","Cape Breton","Cape Breton Regional Municipality","-59.95297596","46.18295316","(46.18295316, -59.95297596)"
"1061","1123","21 Dinn Ave","Glace Bay","1","15559792","Cape Breton Island Housing Authority","Cape Breton","Cape Breton Regional Municipality","-59.95319264","46.18307755","(46.18307755, -59.95319264)"
"1062","1123","4 Warren St","Glace Bay","1","15559768","Cape Breton Island Housing Authority","Cape Breton","Cape Breton Regional Municipality","-59.95336079","46.18262544","(46.18262544, -59.95336079)"
"1063","1123","2 Warren St","Glace Bay","1","15559776","Cape Breton Island Housing Authority","Cape Breton","Cape Breton Regional Municipality","-59.95324732","46.18274538","(46.18274538, -59.95324732)"
"1064","1123","6 Warren St","Glace Bay","1","15559750","Cape Breton Island Housing Authority","Cape Breton","Cape Breton Regional Municipality","-59.95352585","46.18251524","(46.18251524, -59.95352585)"
"1065","1123","8 Warren St","Glace Bay","1","15559743","Cape Breton Island Housing Authority","Cape Breton","Cape Breton Regional Municipality","-59.95368017","46.18242213","(46.18242213, -59.95368017)"
"1066","1123","10 Warren St","Glace Bay","1","15559735","Cape Breton Island Housing Authority","Cape Breton","Cape Breton Regional Municipality","-59.9538435","46.18227208","(46.18227208, -59.9538435)"
"1067","1126","45 Eighth St","Glace Bay","1","15437882","Cape Breton Island Housing Authority","Cape Breton","Cape Breton Regional Municipality","-59.96279196","46.21696116","(46.21696116, -59.96279196)"
"1068","1126","1 Harrington St","Glace Bay","1","15602527","Cape Breton Island Housing Authority","Cape Breton","Cape Breton Regional Municipality","-59.98088393","46.17638604","(46.17638604, -59.98088393)"
"1069","1126","3 Harrington St","Glace Bay","2","15567142","Cape Breton Island Housing Authority","Cape Breton","Cape Breton Regional Municipality","-59.98104931","46.17649618","(46.17649618, -59.98104931)"
"1070","1127","23 Daniel Dr","Glace Bay","1","15540354","Cape Breton Island Housing Authority","Cape Breton","Cape Breton Regional Municipality","-59.98599439","46.19004421","(46.19004421, -59.98599439)"
"1071","1127","35 Daniel Dr","Glace Bay","1","15540388","Cape Breton Island Housing Authority","Cape Breton","Cape Breton Regional Municipality","-59.98588145","46.18956964","(46.18956964, -59.98588145)"
"1072","1127","43 Daniel Dr","Glace Bay","1","15540404","Cape Breton Island Housing Authority","Cape Breton","Cape Breton Regional Municipality","-59.98578525","46.18921743","(46.18921743, -59.98578525)"
"1073","1127","43 Daniel Dr","Glace Bay","1","15540339","Cape Breton Island Housing Authority","Cape Breton","Cape Breton Regional Municipality","-59.98578525","46.18921743","(46.18921743, -59.98578525)"
"1074","1129","14 Gordon St","Glace Bay","1","15446800","Cape Breton Island Housing Authority","Cape Breton","Cape Breton Regional Municipality","-59.95888156","46.20616549","(46.20616549, -59.95888156)"
"1075","1130","23 Quarry Rd","Glace Bay","1","15415912","Cape Breton Island Housing Authority","Cape Breton","Cape Breton Regional Municipality","-59.9547073","46.18565335","(46.18565335, -59.9547073)"
"1076","1130","25 Quarry Rd","Glace Bay","1","15361439","Cape Breton Island Housing Authority","Cape Breton","Cape Breton Regional Municipality","-59.95460092","46.18575088","(46.18575088, -59.95460092)"
"1077","1130","251 Reserve St","Glace Bay","1","15540347","Cape Breton Island Housing Authority","Cape Breton","Cape Breton Regional Municipality","-59.98680353","46.18997409","(46.18997409, -59.98680353)"
"1078","1137","153 Dorchester St","Glace Bay","1","15592652","Cape Breton Island Housing Authority","Cape Breton","Cape Breton Regional Municipality","-59.97424467","46.1783207","(46.1783207, -59.97424467)"
"1079","1137","155 Dorchester St","Glace Bay","1","15431729","Cape Breton Island Housing Authority","Cape Breton","Cape Breton Regional Municipality","-59.97443356","46.1783271","(46.1783271, -59.97443356)"
"1080","1137","20 Ling St","Glace Bay","1","15402530","Cape Breton Island Housing Authority","Cape Breton","Cape Breton Regional Municipality","-59.97150529","46.18870049","(46.18870049, -59.97150529)"
"1081","1137","22 Ling St","Glace Bay","1","15402530","Cape Breton Island Housing Authority","Cape Breton","Cape Breton Regional Municipality","-59.97155645","46.18873503","(46.18873503, -59.97155645)"
"1082","1140","10 MacLennan St","Glace Bay","1","15605413","Cape Breton Island Housing Authority","Cape Breton","Cape Breton Regional Municipality","-59.98298413","46.17600371","(46.17600371, -59.98298413)"
"1083","1140","12 MacLennan St","Glace Bay","1","15605421","Cape Breton Island Housing Authority","Cape Breton","Cape Breton Regional Municipality","-59.98310513","46.17608862","(46.17608862, -59.98310513)"
"1084","1146","10 Khalsa Dr","Glace Bay","1","15441223","Cape Breton Island Housing Authority","Cape Breton","Cape Breton Regional Municipality","-59.97093875","46.21789155","(46.21789155, -59.97093875)"
"1085","1201","674 Eighth St","New Waterford","1","15476997","Cape Breton Island Housing Authority","Cape Breton","Cape Breton Regional Municipality","-60.08904568","46.24189766","(46.24189766, -60.08904568)"
"1086","1201","680 Eighth St","New Waterford","1","15476989","Cape Breton Island Housing Authority","Cape Breton","Cape Breton Regional Municipality","-60.08914609","46.24184251","(46.24184251, -60.08914609)"
"1087","1201","682 Eighth St","New Waterford","1","15476989","Cape Breton Island Housing Authority","Cape Breton","Cape Breton Regional Municipality","-60.08929406","46.24176219","(46.24176219, -60.08929406)"
"1088","1201","688 Eighth St","New Waterford","1","15476989","Cape Breton Island Housing Authority","Cape Breton","Cape Breton Regional Municipality","-60.08940947","46.24173399","(46.24173399, -60.08940947)"
"1089","1201","692 Eighth St","New Waterford","1","15476989","Cape Breton Island Housing Authority","Cape Breton","Cape Breton Regional Municipality","-60.08959819","46.2416529","(46.2416529, -60.08959819)"
"1090","1120","82 Brookside St","Glace Bay","1","15410780","Cape Breton Island Housing Authority","Cape Breton","Cape Breton Regional Municipality","-59.9555321","46.19068773","(46.19068773, -59.9555321)"
"1091","1201","696 Eighth St","New Waterford","1","15476989","Cape Breton Island Housing Authority","Cape Breton","Cape Breton Regional Municipality","-60.08967859","46.2416245","(46.2416245, -60.08967859)"
"1092","1201","3366 Landry Ave","New Waterford","1","15477227","Cape Breton Island Housing Authority","Cape Breton","Cape Breton Regional Municipality","-60.08857908","46.24188013","(46.24188013, -60.08857908)"
"1093","1201","3368 Landry Ave","New Waterford","1","15476997","Cape Breton Island Housing Authority","Cape Breton","Cape Breton Regional Municipality","-60.08862902","46.24193679","(46.24193679, -60.08862902)"
"1094","1201","3372 Landry Ave","New Waterford","1","15476997","Cape Breton Island Housing Authority","Cape Breton","Cape Breton Regional Municipality","-60.08872724","46.24203373","(46.24203373, -60.08872724)"
"1095","1201","3374 Landry Ave","New Waterford","1","15476997","Cape Breton Island Housing Authority","Cape Breton","Cape Breton Regional Municipality","-60.08877938","46.24207242","(46.24207242, -60.08877938)"
"1096","1203","1 Johnstone Terr","New Waterford","1","15477227","Cape Breton Island Housing Authority","Cape Breton","Cape Breton Regional Municipality","-60.08945481","46.24137089","(46.24137089, -60.08945481)"
"1097","1203","2 Johnstone Terr","New Waterford","1","15477227","Cape Breton Island Housing Authority","Cape Breton","Cape Breton Regional Municipality","-60.08939603","46.24141024","(46.24141024, -60.08939603)"
"1098","1203","3 Johnstone Terr","New Waterford","1","15477227","Cape Breton Island Housing Authority","Cape Breton","Cape Breton Regional Municipality","-60.08924736","46.24147038","(46.24147038, -60.08924736)"
"1099","1203","4 Johnstone Terr","New Waterford","1","15477227","Cape Breton Island Housing Authority","Cape Breton","Cape Breton Regional Municipality","-60.0891941","46.24149883","(46.24149883, -60.0891941)"
"1100","1203","5 Johnstone Terr","New Waterford","1","15477227","Cape Breton Island Housing Authority","Cape Breton","Cape Breton Regional Municipality","-60.08905552","46.2415773","(46.2415773, -60.08905552)"
"1101","1203","6 Johnstone Terr","New Waterford","1","15477227","Cape Breton Island Housing Authority","Cape Breton","Cape Breton Regional Municipality","-60.08900236","46.24160216","(46.24160216, -60.08900236)"
"1102","1203","7 Johnstone Terr","New Waterford","1","15477227","Cape Breton Island Housing Authority","Cape Breton","Cape Breton Regional Municipality","-60.08880039","46.24149037","(46.24149037, -60.08880039)"
"1103","1203","8 Johnstone Terr","New Waterford","1","15477227","Cape Breton Island Housing Authority","Cape Breton","Cape Breton Regional Municipality","-60.08876468","46.24144983","(46.24144983, -60.08876468)"
"1104","1203","9 Johnstone Terr","New Waterford","1","15477227","Cape Breton Island Housing Authority","Cape Breton","Cape Breton Regional Municipality","-60.08888386","46.24130915","(46.24130915, -60.08888386)"
"1105","1203","10 Johnstone Terr","New Waterford","1","15477227","Cape Breton Island Housing Authority","Cape Breton","Cape Breton Regional Municipality","-60.08893164","46.24128788","(46.24128788, -60.08893164)"
"1106","1205","271 Hudson St","New Waterford","1","15483266","Cape Breton Island Housing Authority","Cape Breton","Cape Breton Regional Municipality","-60.08580799","46.25388228","(46.25388228, -60.08580799)"
"1107","1205","272 Hudson St","New Waterford","1","15482987","Cape Breton Island Housing Authority","Cape Breton","Cape Breton Regional Municipality","-60.08535716","46.25378675","(46.25378675, -60.08535716)"
"1108","1205","273 Hudson St","New Waterford","1","15483266","Cape Breton Island Housing Authority","Cape Breton","Cape Breton Regional Municipality","-60.08583507","46.25383765","(46.25383765, -60.08583507)"
"1109","1205","274 Hudson St","New Waterford","1","15482987","Cape Breton Island Housing Authority","Cape Breton","Cape Breton Regional Municipality","-60.08538173","46.25373571","(46.25373571, -60.08538173)"
"1110","1205","275 Hudson St","New Waterford","1","15483266","Cape Breton Island Housing Authority","Cape Breton","Cape Breton Regional Municipality","-60.08595004","46.2536538","(46.2536538, -60.08595004)"
"1111","1205","276 Hudson St","New Waterford","1","15482987","Cape Breton Island Housing Authority","Cape Breton","Cape Breton Regional Municipality","-60.08543259","46.25362648","(46.25362648, -60.08543259)"
"1112","1205","277 Hudson St","New Waterford","1","15483266","Cape Breton Island Housing Authority","Cape Breton","Cape Breton Regional Municipality","-60.0859855","46.2536106","(46.2536106, -60.0859855)"
"1113","1205","278 Hudson St","New Waterford","1","15482987","Cape Breton Island Housing Authority","Cape Breton","Cape Breton Regional Municipality","-60.08545464","46.25357091","(46.25357091, -60.08545464)"
"1114","1205","280 Hudson St","New Waterford","1","15482987","Cape Breton Island Housing Authority","Cape Breton","Cape Breton Regional Municipality","-60.08551109","46.25345432","(46.25345432, -60.08551109)"
"1115","1205","282 Hudson St","New Waterford","1","15482987","Cape Breton Island Housing Authority","Cape Breton","Cape Breton Regional Municipality","-60.08553196","46.25339871","(46.25339871, -60.08553196)"
"1116","1205","284 Hudson St","New Waterford","1","15482987","Cape Breton Island Housing Authority","Cape Breton","Cape Breton Regional Municipality","-60.08560847","46.25325771","(46.25325771, -60.08560847)"
"1117","1205","286 Hudson St","New Waterford","1","15482987","Cape Breton Island Housing Authority","Cape Breton","Cape Breton Regional Municipality","-60.0855992","46.25320174","(46.25320174, -60.0855992)"
"1118","1205","288 Hudson St","New Waterford","1","15482987","Cape Breton Island Housing Authority","Cape Breton","Cape Breton Regional Municipality","-60.08566523","46.25306878","(46.25306878, -60.08566523)"
"1119","1205","290 Hudson St","New Waterford","1","15482987","Cape Breton Island Housing Authority","Cape Breton","Cape Breton Regional Municipality","-60.08569857","46.25303243","(46.25303243, -60.08569857)"
"1120","1206","415 Anniversary St","New Waterford","1","15469653","Cape Breton Island Housing Authority","Cape Breton","Cape Breton Regional Municipality","-60.07816422","46.24844759","(46.24844759, -60.07816422)"
"1545","3815","26 Donald Ave","Amherst","1","25017963","Cobequid Housing Authority","Cumberland","Town of Amherst","-64.19580894","45.83217459","(45.83217459, -64.19580894)"
"1121","1206","416 Anniversary St","New Waterford","1","15469653","Cape Breton Island Housing Authority","Cape Breton","Cape Breton Regional Municipality","-60.07771335","46.24834755","(46.24834755, -60.07771335)"
"1122","1206","417 Anniversary St","New Waterford","1","15469653","Cape Breton Island Housing Authority","Cape Breton","Cape Breton Regional Municipality","-60.07817366","46.24840384","(46.24840384, -60.07817366)"
"1123","1206","418 Anniversary St","New Waterford","1","15469653","Cape Breton Island Housing Authority","Cape Breton","Cape Breton Regional Municipality","-60.07775095","46.24829418","(46.24829418, -60.07775095)"
"1124","1206","419 Anniversary St","New Waterford","1","15469653","Cape Breton Island Housing Authority","Cape Breton","Cape Breton Regional Municipality","-60.07824185","46.24827297","(46.24827297, -60.07824185)"
"1125","1206","420 Anniversary St","New Waterford","1","15469653","Cape Breton Island Housing Authority","Cape Breton","Cape Breton Regional Municipality","-60.07779981","46.24817705","(46.24817705, -60.07779981)"
"1126","1206","421 Anniversary St","New Waterford","1","15469653","Cape Breton Island Housing Authority","Cape Breton","Cape Breton Regional Municipality","-60.07827213","46.24819971","(46.24819971, -60.07827213)"
"1127","1206","422 Anniversary St","New Waterford","1","15469653","Cape Breton Island Housing Authority","Cape Breton","Cape Breton Regional Municipality","-60.07784208","46.24809892","(46.24809892, -60.07784208)"
"1128","1206","424 Anniversary St","New Waterford","1","15469653","Cape Breton Island Housing Authority","Cape Breton","Cape Breton Regional Municipality","-60.07787829","46.24796909","(46.24796909, -60.07787829)"
"1129","1206","425 Anniversary St","New Waterford","1","15469653","Cape Breton Island Housing Authority","Cape Breton","Cape Breton Regional Municipality","-60.07840779","46.24799874","(46.24799874, -60.07840779)"
"1130","1206","426 Anniversary St","New Waterford","1","15469653","Cape Breton Island Housing Authority","Cape Breton","Cape Breton Regional Municipality","-60.07794886","46.24790221","(46.24790221, -60.07794886)"
"1131","1206","427 Anniversary St","New Waterford","1","15469653","Cape Breton Island Housing Authority","Cape Breton","Cape Breton Regional Municipality","-60.07842852","46.24793017","(46.24793017, -60.07842852)"
"1132","1206","429 Anniversary St","New Waterford","1","15469653","Cape Breton Island Housing Authority","Cape Breton","Cape Breton Regional Municipality","-60.07851151","46.24780601","(46.24780601, -60.07851151)"
"1133","1206","430 Anniversary St","New Waterford","1","15469653","Cape Breton Island Housing Authority","Cape Breton","Cape Breton Regional Municipality","-60.07802644","46.24768923","(46.24768923, -60.07802644)"
"1134","1206","431 Anniversary St","New Waterford","1","15469653","Cape Breton Island Housing Authority","Cape Breton","Cape Breton Regional Municipality","-60.0785476","46.24776056","(46.24776056, -60.0785476)"
"1135","1206","432 Anniversary St","New Waterford","1","15469653","Cape Breton Island Housing Authority","Cape Breton","Cape Breton Regional Municipality","-60.07806323","46.24763991","(46.24763991, -60.07806323)"
"1136","1209","722 Larch St","New Waterford","1","15477532","Cape Breton Island Housing Authority","Cape Breton","Cape Breton Regional Municipality","-60.0914882","46.24127925","(46.24127925, -60.0914882)"
"1137","1209","723 Larch St","New Waterford","1","15477813","Cape Breton Island Housing Authority","Cape Breton","Cape Breton Regional Municipality","-60.09194068","46.24140218","(46.24140218, -60.09194068)"
"1138","1209","724 Larch St","New Waterford","1","15477532","Cape Breton Island Housing Authority","Cape Breton","Cape Breton Regional Municipality","-60.09149269","46.24121963","(46.24121963, -60.09149269)"
"1139","1209","725 Larch St","New Waterford","1","15477813","Cape Breton Island Housing Authority","Cape Breton","Cape Breton Regional Municipality","-60.09197232","46.24134702","(46.24134702, -60.09197232)"
"1140","1209","726 Larch St","New Waterford","1","15477532","Cape Breton Island Housing Authority","Cape Breton","Cape Breton Regional Municipality","-60.0915267","46.24108974","(46.24108974, -60.0915267)"
"1141","1209","727 Larch St","New Waterford","1","15477813","Cape Breton Island Housing Authority","Cape Breton","Cape Breton Regional Municipality","-60.0920218","46.2412016","(46.2412016, -60.0920218)"
"1142","1209","728 Larch St","New Waterford","1","15477532","Cape Breton Island Housing Authority","Cape Breton","Cape Breton Regional Municipality","-60.09156074","46.2410272","(46.2410272, -60.09156074)"
"1143","1209","729 Larch St","New Waterford","1","15477813","Cape Breton Island Housing Authority","Cape Breton","Cape Breton Regional Municipality","-60.0920645","46.24116875","(46.24116875, -60.0920645)"
"1144","1209","730 Larch St","New Waterford","1","15477532","Cape Breton Island Housing Authority","Cape Breton","Cape Breton Regional Municipality","-60.09164245","46.24089498","(46.24089498, -60.09164245)"
"1145","1209","731 Larch St","New Waterford","1","15477813","Cape Breton Island Housing Authority","Cape Breton","Cape Breton Regional Municipality","-60.09212862","46.24103149","(46.24103149, -60.09212862)"
"1146","1209","732 Larch St","New Waterford","1","15477532","Cape Breton Island Housing Authority","Cape Breton","Cape Breton Regional Municipality","-60.09166751","46.24085965","(46.24085965, -60.09166751)"
"1147","1209","733 Larch St","New Waterford","1","15477813","Cape Breton Island Housing Authority","Cape Breton","Cape Breton Regional Municipality","-60.09214902","46.24099575","(46.24099575, -60.09214902)"
"1148","1209","734 Larch St","New Waterford","1","15477532","Cape Breton Island Housing Authority","Cape Breton","Cape Breton Regional Municipality","-60.09174269","46.24072732","(46.24072732, -60.09174269)"
"1149","1209","735 Larch St","New Waterford","1","15477813","Cape Breton Island Housing Authority","Cape Breton","Cape Breton Regional Municipality","-60.09220572","46.24085011","(46.24085011, -60.09220572)"
"1150","1209","736 Larch St","New Waterford","1","15477532","Cape Breton Island Housing Authority","Cape Breton","Cape Breton Regional Municipality","-60.09176818","46.24067608","(46.24067608, -60.09176818)"
"1151","1209","737 Larch St","New Waterford","1","15477813","Cape Breton Island Housing Authority","Cape Breton","Cape Breton Regional Municipality","-60.09224847","46.24078768","(46.24078768, -60.09224847)"
"1152","1209","744 Larch St","New Waterford","1","15477631","Cape Breton Island Housing Authority","Cape Breton","Cape Breton Regional Municipality","-60.0918757","46.24035489","(46.24035489, -60.0918757)"
"1153","1209","746 Larch St","New Waterford","1","15477631","Cape Breton Island Housing Authority","Cape Breton","Cape Breton Regional Municipality","-60.09195235","46.24030065","(46.24030065, -60.09195235)"
"1154","1209","748 Larch St","New Waterford","1","15477631","Cape Breton Island Housing Authority","Cape Breton","Cape Breton Regional Municipality","-60.0919962","46.24015723","(46.24015723, -60.0919962)"
"1155","1209","750 Larch St","New Waterford","1","15477631","Cape Breton Island Housing Authority","Cape Breton","Cape Breton Regional Municipality","-60.09202805","46.24010935","(46.24010935, -60.09202805)"
"1156","1209","752 Larch St","New Waterford","1","15477631","Cape Breton Island Housing Authority","Cape Breton","Cape Breton Regional Municipality","-60.09209724","46.23996019","(46.23996019, -60.09209724)"
"1157","1209","754 Larch St","New Waterford","1","15477631","Cape Breton Island Housing Authority","Cape Breton","Cape Breton Regional Municipality","-60.09212325","46.23988815","(46.23988815, -60.09212325)"
"1158","1209","756 Larch St","New Waterford","1","15477631","Cape Breton Island Housing Authority","Cape Breton","Cape Breton Regional Municipality","-60.09220294","46.2397668","(46.2397668, -60.09220294)"
"1159","1209","758 Larch St","New Waterford","1","15477631","Cape Breton Island Housing Authority","Cape Breton","Cape Breton Regional Municipality","-60.09225857","46.23975712","(46.23975712, -60.09225857)"
"1160","1209","369 Gibbon St","New Waterford","1","15479256","Cape Breton Island Housing Authority","Cape Breton","Cape Breton Regional Municipality","-60.08831326","46.25153348","(46.25153348, -60.08831326)"
"1161","1209","371 Gibbon St","New Waterford","1","15479256","Cape Breton Island Housing Authority","Cape Breton","Cape Breton Regional Municipality","-60.08836059","46.25145757","(46.25145757, -60.08836059)"
"1162","1209","375 Gibbon St","New Waterford","1","15479256","Cape Breton Island Housing Authority","Cape Breton","Cape Breton Regional Municipality","-60.08840836","46.25136371","(46.25136371, -60.08840836)"
"1163","1209","377 Gibbon St","New Waterford","1","15479256","Cape Breton Island Housing Authority","Cape Breton","Cape Breton Regional Municipality","-60.08844947","46.25127869","(46.25127869, -60.08844947)"
"1164","1213","689 Union St","New Waterford","1","15006547","Cape Breton Island Housing Authority","Cape Breton","Cape Breton Regional Municipality","-60.09391137","46.24285193","(46.24285193, -60.09391137)"
"1165","1213","700 Dominion St","New Waterford","1","15484520","Cape Breton Island Housing Authority","Cape Breton","Cape Breton Regional Municipality","-60.09794902","46.2432269","(46.2432269, -60.09794902)"
"1166","1214","329 McKay St","New Waterford","1","15469091","Cape Breton Island Housing Authority","Cape Breton","Cape Breton Regional Municipality","-60.07263101","46.24935034","(46.24935034, -60.07263101)"
"1167","1214","257 Ling St","New Waterford","1","15490295","Cape Breton Island Housing Authority","Cape Breton","Cape Breton Regional Municipality","-60.09737754","46.25685772","(46.25685772, -60.09737754)"
"1168","1214","331 Cockburn St","New Waterford","1","15468762","Cape Breton Island Housing Authority","Cape Breton","Cape Breton Regional Municipality","-60.07168917","46.24865929","(46.24865929, -60.07168917)"
"1169","1214","335 Cockburn St","New Waterford","1","15006950","Cape Breton Island Housing Authority","Cape Breton","Cape Breton Regional Municipality","-60.07175494","46.24852063","(46.24852063, -60.07175494)"
"1170","1214","336 Arthur St","New Waterford","1","15007230","Cape Breton Island Housing Authority","Cape Breton","Cape Breton Regional Municipality","-60.07374277","46.2492558","(46.2492558, -60.07374277)"
"1171","1217","3521 Murray Ave","New Waterford","1","15320567","Cape Breton Island Housing Authority","Cape Breton","Cape Breton Regional Municipality","-60.09466523","46.24454878","(46.24454878, -60.09466523)"
"1172","1217","3483 Spruce Ave","New Waterford","1","15478977","Cape Breton Island Housing Authority","Cape Breton","Cape Breton Regional Municipality","-60.08993235","46.25140882","(46.25140882, -60.08993235)"
"1173","1216","709 MacDonald St","New Waterford","1","15485162","Cape Breton Island Housing Authority","Cape Breton","Cape Breton Regional Municipality","-60.09599739","46.24290963","(46.24290963, -60.09599739)"
"1174","1216","724 MacDonald St","New Waterford","1","15485238","Cape Breton Island Housing Authority","Cape Breton","Cape Breton Regional Municipality","-60.09570487","46.24247419","(46.24247419, -60.09570487)"
"1175","1219","3517 Murray Ave","New Waterford","1","15485592","Cape Breton Island Housing Authority","Cape Breton","Cape Breton Regional Municipality","-60.0944123","46.24451201","(46.24451201, -60.0944123)"
"1176","1219","401 Heelan St","New Waterford","1","15487747","Cape Breton Island Housing Authority","Cape Breton","Cape Breton Regional Municipality","-60.09250583","46.25165929","(46.25165929, -60.09250583)"
"1177","1219","3544 Ross Ave","New Waterford","1","15485667","Cape Breton Island Housing Authority","Cape Breton","Cape Breton Regional Municipality","-60.09526069","46.24510043","(46.24510043, -60.09526069)"
"1178","1219","405 Heelan St","New Waterford","1","15487770","Cape Breton Island Housing Authority","Cape Breton","Cape Breton Regional Municipality","-60.0925592","46.25155729","(46.25155729, -60.0925592)"
"1179","1219","3203 Miner Ave","New Waterford","1","15471667","Cape Breton Island Housing Authority","Cape Breton","Cape Breton Regional Municipality","-60.07892252","46.25056087","(46.25056087, -60.07892252)"
"1180","1219","3527 Murray Ave","New Waterford","1","15320559","Cape Breton Island Housing Authority","Cape Breton","Cape Breton Regional Municipality","-60.09488451","46.24459643","(46.24459643, -60.09488451)"
"1181","1219","3548 Bay Ave","New Waterford","1","15493430","Cape Breton Island Housing Authority","Cape Breton","Cape Breton Regional Municipality","-60.0905685","46.25497801","(46.25497801, -60.0905685)"
"1182","1219","378 Heelan St","New Waterford","1","15489032","Cape Breton Island Housing Authority","Cape Breton","Cape Breton Regional Municipality","-60.09200497","46.25231026","(46.25231026, -60.09200497)"
"1183","1220","362 McKay St","New Waterford","1","15468960","Cape Breton Island Housing Authority","Cape Breton","Cape Breton Regional Municipality","-60.07271221","46.24828784","(46.24828784, -60.07271221)"
"1184","1126","59 MacNamara St","Glace Bay","1","15451370","Cape Breton Island Housing Authority","Cape Breton","Cape Breton Regional Municipality","-59.98086048","46.21319893","(46.21319893, -59.98086048)"
"1185","1220","366 McKay St","New Waterford","1","15602303","Cape Breton Island Housing Authority","Cape Breton","Cape Breton Regional Municipality","-60.07279831","46.24815128","(46.24815128, -60.07279831)"
"1186","1220","3385 Ellsworth Ave","New Waterford","1","15498538","Cape Breton Island Housing Authority","Cape Breton","Cape Breton Regional Municipality","-60.08468257","46.25149713","(46.25149713, -60.08468257)"
"1187","1220","3389 Ellsworth Ave","New Waterford","1","15482888","Cape Breton Island Housing Authority","Cape Breton","Cape Breton Regional Municipality","-60.08489947","46.25153475","(46.25153475, -60.08489947)"
"1188","1220","370 McKay St","New Waterford","1","15468952","Cape Breton Island Housing Authority","Cape Breton","Cape Breton Regional Municipality","-60.07286705","46.24799921","(46.24799921, -60.07286705)"
"1189","1220","3770 St Agnes Ave","New Waterford","1","15489883","Cape Breton Island Housing Authority","Cape Breton","Cape Breton Regional Municipality","-60.09891422","46.25695429","(46.25695429, -60.09891422)"
"1190","1220","3774 St Agnes Ave","New Waterford","1","15489875","Cape Breton Island Housing Authority","Cape Breton","Cape Breton Regional Municipality","-60.09915968","46.25700841","(46.25700841, -60.09915968)"
"1191","1222","382 McKay St","New Waterford","1","15333297","Cape Breton Island Housing Authority","Cape Breton","Cape Breton Regional Municipality","-60.07295271","46.24781724","(46.24781724, -60.07295271)"
"1192","1222","558 Park St","New Waterford","1","15486798","Cape Breton Island Housing Authority","Cape Breton","Cape Breton Regional Municipality","-60.09824485","46.24818538","(46.24818538, -60.09824485)"
"1193","1222","585 Park St","New Waterford","1","15486848","Cape Breton Island Housing Authority","Cape Breton","Cape Breton Regional Municipality","-60.09914266","46.24747386","(46.24747386, -60.09914266)"
"1194","1222","3786 Ellsworth Ave","New Waterford","1","15489784","Cape Breton Island Housing Authority","Cape Breton","Cape Breton Regional Municipality","-60.0998635","46.25626851","(46.25626851, -60.0998635)"
"1195","1222","433 Cockburn St","New Waterford","1","15215692","Cape Breton Island Housing Authority","Cape Breton","Cape Breton Regional Municipality","-60.07271848","46.24634661","(46.24634661, -60.07271848)"
"1196","1222","376 Fourteenth St","New Waterford","1","15471790","Cape Breton Island Housing Authority","Cape Breton","Cape Breton Regional Municipality","-60.07872596","46.24929397","(46.24929397, -60.07872596)"
"1197","1222","439 Cockburn St","New Waterford","1","15468879","Cape Breton Island Housing Authority","Cape Breton","Cape Breton Regional Municipality","-60.07281024","46.24619002","(46.24619002, -60.07281024)"
"1198","1228","765 Forsythe St","New Waterford","1","15484306","Cape Breton Island Housing Authority","Cape Breton","Cape Breton Regional Municipality","-60.10091446","46.24247053","(46.24247053, -60.10091446)"
"1199","1228","578 Park St","New Waterford","1","15486822","Cape Breton Island Housing Authority","Cape Breton","Cape Breton Regional Municipality","-60.09847215","46.24770521","(46.24770521, -60.09847215)"
"1200","1230","400 Cockburn St","New Waterford","1","15468614","Cape Breton Island Housing Authority","Cape Breton","Cape Breton Regional Municipality","-60.07193101","46.24708777","(46.24708777, -60.07193101)"
"1201","1230","406 Cockburn St","New Waterford","1","15579253","Cape Breton Island Housing Authority","Cape Breton","Cape Breton Regional Municipality","-60.07201266","46.24694034","(46.24694034, -60.07201266)"
"1202","1303","162 Neville St","Dominion","1","15381387","Cape Breton Island Housing Authority","Cape Breton","Cape Breton Regional Municipality","-60.01057731","46.20828547","(46.20828547, -60.01057731)"
"1203","1232","351 Thirteenth St","New Waterford","1","15472079","Cape Breton Island Housing Authority","Cape Breton","Cape Breton Regional Municipality","-60.07997789","46.2501309","(46.2501309, -60.07997789)"
"1204","1303","166 Neville St","Dominion","1","15496987","Cape Breton Island Housing Authority","Cape Breton","Cape Breton Regional Municipality","-60.01059512","46.20814245","(46.20814245, -60.01059512)"
"1205","1303","150 Park St","Dominion","1","15506751","Cape Breton Island Housing Authority","Cape Breton","Cape Breton Regional Municipality","-60.00733097","46.21827599","(46.21827599, -60.00733097)"
"1206","1303","170 Neville St","Dominion","1","15496979","Cape Breton Island Housing Authority","Cape Breton","Cape Breton Regional Municipality","-60.01059329","46.20800816","(46.20800816, -60.01059329)"
"1207","1304","11 Gillis Lane","Dominion","1","15506728","Cape Breton Island Housing Authority","Cape Breton","Cape Breton Regional Municipality","-60.00690268","46.21853581","(46.21853581, -60.00690268)"
"1208","1304","12 Gillis Lane","Dominion","1","15506710","Cape Breton Island Housing Authority","Cape Breton","Cape Breton Regional Municipality","-60.00692366","46.21823916","(46.21823916, -60.00692366)"
"1209","1304","17 Gillis Lane","Dominion","1","15501679","Cape Breton Island Housing Authority","Cape Breton","Cape Breton Regional Municipality","-60.00661175","46.21850953","(46.21850953, -60.00661175)"
"1210","1304","23 Gillis Lane","Dominion","1","15501661","Cape Breton Island Housing Authority","Cape Breton","Cape Breton Regional Municipality","-60.00631399","46.21849667","(46.21849667, -60.00631399)"
"1211","1306","8 Lewis Dr","Dominion","1","15500341","Cape Breton Island Housing Authority","Cape Breton","Cape Breton Regional Municipality","-60.02783249","46.21171224","(46.21171224, -60.02783249)"
"1212","1305","39 Lewis Dr","Dominion","1","15228372","Cape Breton Island Housing Authority","Cape Breton","Cape Breton Regional Municipality","-60.0266647","46.21096902","(46.21096902, -60.0266647)"
"1213","1308","26 Gillis Lane","Dominion","1","15563075","Cape Breton Island Housing Authority","Cape Breton","Cape Breton Regional Municipality","-60.00641998","46.21806726","(46.21806726, -60.00641998)"
"1214","1308","28 Gillis Lane","Dominion","1","15563083","Cape Breton Island Housing Authority","Cape Breton","Cape Breton Regional Municipality","-60.00645091","46.21791883","(46.21791883, -60.00645091)"
"1215","1309","69 Brook St","Dominion","1","15378441","Cape Breton Island Housing Authority","Cape Breton","Cape Breton Regional Municipality","-60.02277939","46.21014058","(46.21014058, -60.02277939)"
"1216","1402","38 Riverdale St","Louisbourg","1","15457922","Cape Breton Island Housing Authority","Cape Breton","Cape Breton Regional Municipality","-59.98132496","45.92102838","(45.92102838, -59.98132496)"
"1217","1403","17 Elwood St","Louisbourg","1","15618986","Cape Breton Island Housing Authority","Cape Breton","Cape Breton Regional Municipality","-59.97641802","45.92032035","(45.92032035, -59.97641802)"
"1218","1501","12 Cashin Cres","Scotchtown","1","15272073","Cape Breton Island Housing Authority","Cape Breton","Cape Breton Regional Municipality","-60.10404649","46.24152811","(46.24152811, -60.10404649)"
"1219","1501","24 Cashin Cres","Scotchtown","1","15272073","Cape Breton Island Housing Authority","Cape Breton","Cape Breton Regional Municipality","-60.10419023","46.2413258","(46.2413258, -60.10419023)"
"1220","1501","16 Cashin Cres","Scotchtown","1","15272073","Cape Breton Island Housing Authority","Cape Breton","Cape Breton Regional Municipality","-60.10409245","46.24149522","(46.24149522, -60.10409245)"
"1221","1501","28 Cashin Cres","Scotchtown","1","15272073","Cape Breton Island Housing Authority","Cape Breton","Cape Breton Regional Municipality","-60.10421115","46.24128008","(46.24128008, -60.10421115)"
"1222","1501","36 Cashin Cres","Scotchtown","1","15272073","Cape Breton Island Housing Authority","Cape Breton","Cape Breton Regional Municipality","-60.10427014","46.24113001","(46.24113001, -60.10427014)"
"1223","1501","40 Cashin Cres","Scotchtown","1","15272073","Cape Breton Island Housing Authority","Cape Breton","Cape Breton Regional Municipality","-60.10429668","46.2410889","(46.2410889, -60.10429668)"
"1224","1501","11 Cashin Cres","Scotchtown","1","15272073","Cape Breton Island Housing Authority","Cape Breton","Cape Breton Regional Municipality","-60.10449867","46.24174164","(46.24174164, -60.10449867)"
"1225","1501","15 Cashin Cres","Scotchtown","1","15272073","Cape Breton Island Housing Authority","Cape Breton","Cape Breton Regional Municipality","-60.10450461","46.24169396","(46.24169396, -60.10450461)"
"1226","1501","23 Cashin Cres","Scotchtown","1","15272073","Cape Breton Island Housing Authority","Cape Breton","Cape Breton Regional Municipality","-60.10464734","46.24154735","(46.24154735, -60.10464734)"
"1227","1501","27 Cashin Cres","Scotchtown","1","15272073","Cape Breton Island Housing Authority","Cape Breton","Cape Breton Regional Municipality","-60.10470079","46.24151065","(46.24151065, -60.10470079)"
"1228","1503","5 Macguire Dr","Grand Lake Road","1","15225071","Cape Breton Island Housing Authority","Cape Breton","Cape Breton Regional Municipality","-60.15003399","46.1463682","(46.1463682, -60.15003399)"
"1229","1503","7 Macguire Dr","Grand Lake Road","1","15225063","Cape Breton Island Housing Authority","Cape Breton","Cape Breton Regional Municipality","-60.14998727","46.14620606","(46.14620606, -60.14998727)"
"1230","1503","3 Macguire Dr","Grand Lake Road","1","15225071","Cape Breton Island Housing Authority","Cape Breton","Cape Breton Regional Municipality","-60.15001981","46.14641626","(46.14641626, -60.15001981)"
"1231","1503","9 Macguire Dr","Grand Lake Road","1","15225063","Cape Breton Island Housing Authority","Cape Breton","Cape Breton Regional Municipality","-60.1500194","46.14612138","(46.14612138, -60.1500194)"
"1232","1503","11 Macguire Dr","Grand Lake Road","1","15225055","Cape Breton Island Housing Authority","Cape Breton","Cape Breton Regional Municipality","-60.15011678","46.14599084","(46.14599084, -60.15011678)"
"1233","1503","13 Macguire Dr","Grand Lake Road","1","15225055","Cape Breton Island Housing Authority","Cape Breton","Cape Breton Regional Municipality","-60.15014032","46.14594285","(46.14594285, -60.15014032)"
"1234","1503","21 Macguire Dr","Grand Lake Road","1","15225014","Cape Breton Island Housing Authority","Cape Breton","Cape Breton Regional Municipality","-60.15047366","46.14528093","(46.14528093, -60.15047366)"
"1235","1503","23 Macguire Dr","Grand Lake Road","1","15225014","Cape Breton Island Housing Authority","Cape Breton","Cape Breton Regional Municipality","-60.15050561","46.14524826","(46.14524826, -60.15050561)"
"1236","1503","27 Macguire Dr","Grand Lake Road","1","15224991","Cape Breton Island Housing Authority","Cape Breton","Cape Breton Regional Municipality","-60.15064883","46.1449035","(46.1449035, -60.15064883)"
"1237","1503","29 Macguire Dr","Grand Lake Road","1","15224991","Cape Breton Island Housing Authority","Cape Breton","Cape Breton Regional Municipality","-60.15070046","46.14483464","(46.14483464, -60.15070046)"
"1238","1503","31 Macguire Dr","Grand Lake Road","1","15224983","Cape Breton Island Housing Authority","Cape Breton","Cape Breton Regional Municipality","-60.15072758","46.14471095","(46.14471095, -60.15072758)"
"1239","1503","33 Macguire Dr","Grand Lake Road","1","15224983","Cape Breton Island Housing Authority","Cape Breton","Cape Breton Regional Municipality","-60.15075612","46.14465204","(46.14465204, -60.15075612)"
"1240","1503","35 Macguire Dr","Grand Lake Road","1","15224975","Cape Breton Island Housing Authority","Cape Breton","Cape Breton Regional Municipality","-60.150828","46.14450355","(46.14450355, -60.150828)"
"1241","1503","4 Macguire Dr","Grand Lake Road","1","15224611","Cape Breton Island Housing Authority","Cape Breton","Cape Breton Regional Municipality","-60.15053836","46.14641135","(46.14641135, -60.15053836)"
"1242","1503","37 Macguire Dr","Grand Lake Road","1","15224975","Cape Breton Island Housing Authority","Cape Breton","Cape Breton Regional Municipality","-60.15085442","46.14443232","(46.14443232, -60.15085442)"
"1243","1503","6 Macguire Dr","Grand Lake Road","1","15224611","Cape Breton Island Housing Authority","Cape Breton","Cape Breton Regional Municipality","-60.15054421","46.14636443","(46.14636443, -60.15054421)"
"1244","1503","8 Macguire Dr","Grand Lake Road","1","15224629","Cape Breton Island Housing Authority","Cape Breton","Cape Breton Regional Municipality","-60.15061725","46.1461951","(46.1461951, -60.15061725)"
"1245","1503","10 Macguire Dr","Grand Lake Road","1","15224629","Cape Breton Island Housing Authority","Cape Breton","Cape Breton Regional Municipality","-60.15065414","46.14615261","(46.14615261, -60.15065414)"
"1246","1503","12 Macguire Dr","Grand Lake Road","1","15224637","Cape Breton Island Housing Authority","Cape Breton","Cape Breton Regional Municipality","-60.15075845","46.14597838","(46.14597838, -60.15075845)"
"1247","1503","16 Macguire Dr","Grand Lake Road","1","15224645","Cape Breton Island Housing Authority","Cape Breton","Cape Breton Regional Municipality","-60.1508102","46.14578591","(46.14578591, -60.1508102)"
"1248","1503","14 Macguire Dr","Grand Lake Road","1","15224637","Cape Breton Island Housing Authority","Cape Breton","Cape Breton Regional Municipality","-60.15076656","46.14593307","(46.14593307, -60.15076656)"
"1249","1503","18 Macguire Dr","Grand Lake Road","1","15224645","Cape Breton Island Housing Authority","Cape Breton","Cape Breton Regional Municipality","-60.15083042","46.14572935","(46.14572935, -60.15083042)"
"1250","1503","24 Macguire Dr","Grand Lake Road","1","15224678","Cape Breton Island Housing Authority","Cape Breton","Cape Breton Regional Municipality","-60.15108946","46.14524161","(46.14524161, -60.15108946)"
"1251","1503","30 Macguire Dr","Grand Lake Road","1","15224694","Cape Breton Island Housing Authority","Cape Breton","Cape Breton Regional Municipality","-60.1512688","46.14486253","(46.14486253, -60.1512688)"
"1252","1503","26 Macguire Dr","Grand Lake Road","1","15224678","Cape Breton Island Housing Authority","Cape Breton","Cape Breton Regional Municipality","-60.15111114","46.14519729","(46.14519729, -60.15111114)"
"1253","1503","32 Macguire Dr","Grand Lake Road","1","15224694","Cape Breton Island Housing Authority","Cape Breton","Cape Breton Regional Municipality","-60.15129732","46.1448024","(46.1448024, -60.15129732)"
"1254","1503","34 Macguire Dr","Grand Lake Road","1","15224702","Cape Breton Island Housing Authority","Cape Breton","Cape Breton Regional Municipality","-60.15137901","46.14466142","(46.14466142, -60.15137901)"
"1255","1503","36 Macguire Dr","Grand Lake Road","1","15224702","Cape Breton Island Housing Authority","Cape Breton","Cape Breton Regional Municipality","-60.15140747","46.14460413","(46.14460413, -60.15140747)"
"1256","1503","38 Macguire Dr","Grand Lake Road","1","15224710","Cape Breton Island Housing Authority","Cape Breton","Cape Breton Regional Municipality","-60.15144387","46.1444368","(46.1444368, -60.15144387)"
"1257","1503","40 Macguire Dr","Grand Lake Road","1","15224710","Cape Breton Island Housing Authority","Cape Breton","Cape Breton Regional Municipality","-60.15147217","46.14438729","(46.14438729, -60.15147217)"
"1258","1504","96 Sunnydale Dr","Westmount","1","15204928","Cape Breton Island Housing Authority","Cape Breton","Cape Breton Regional Municipality","-60.21389538","46.14034952","(46.14034952, -60.21389538)"
"1259","1504","98 Sunnydale Dr","Westmount","1","15204928","Cape Breton Island Housing Authority","Cape Breton","Cape Breton Regional Municipality","-60.2139805","46.14030109","(46.14030109, -60.2139805)"
"1260","1504","102 Sunnydale Dr","Westmount","1","15204928","Cape Breton Island Housing Authority","Cape Breton","Cape Breton Regional Municipality","-60.214207","46.14019294","(46.14019294, -60.214207)"
"1261","1504","100 Sunnydale Dr","Westmount","1","15204928","Cape Breton Island Housing Authority","Cape Breton","Cape Breton Regional Municipality","-60.21412601","46.14023066","(46.14023066, -60.21412601)"
"1262","1504","104 Sunnydale Dr","Westmount","1","15204928","Cape Breton Island Housing Authority","Cape Breton","Cape Breton Regional Municipality","-60.2143758","46.14011646","(46.14011646, -60.2143758)"
"1263","1504","106 Sunnydale Dr","Westmount","1","15204928","Cape Breton Island Housing Authority","Cape Breton","Cape Breton Regional Municipality","-60.21442409","46.14009724","(46.14009724, -60.21442409)"
"1264","1504","108 Sunnydale Dr","Westmount","1","15204928","Cape Breton Island Housing Authority","Cape Breton","Cape Breton Regional Municipality","-60.21458967","46.1400019","(46.1400019, -60.21458967)"
"1265","1504","110 Sunnydale Dr","Westmount","1","15204928","Cape Breton Island Housing Authority","Cape Breton","Cape Breton Regional Municipality","-60.21468631","46.13995538","(46.13995538, -60.21468631)"
"1266","1504","112 Sunnydale Dr","Westmount","1","15204928","Cape Breton Island Housing Authority","Cape Breton","Cape Breton Regional Municipality","-60.21484435","46.13989502","(46.13989502, -60.21484435)"
"1267","1504","114 Sunnydale Dr","Westmount","1","15204928","Cape Breton Island Housing Authority","Cape Breton","Cape Breton Regional Municipality","-60.21490079","46.13986513","(46.13986513, -60.21490079)"
"1268","1504","116 Sunnydale Dr","Westmount","1","15204928","Cape Breton Island Housing Authority","Cape Breton","Cape Breton Regional Municipality","-60.2150945","46.1397656","(46.1397656, -60.2150945)"
"1269","1504","120 Sunnydale Dr","Westmount","1","15204928","Cape Breton Island Housing Authority","Cape Breton","Cape Breton Regional Municipality","-60.21529418","46.13964366","(46.13964366, -60.21529418)"
"1270","1504","118 Sunnydale Dr","Westmount","1","15204928","Cape Breton Island Housing Authority","Cape Breton","Cape Breton Regional Municipality","-60.21515754","46.13972401","(46.13972401, -60.21515754)"
"1271","1504","122 Sunnydale Dr","Westmount","1","15204928","Cape Breton Island Housing Authority","Cape Breton","Cape Breton Regional Municipality","-60.21536115","46.13960037","(46.13960037, -60.21536115)"
"1272","1504","124 Sunnydale Dr","Westmount","1","15204928","Cape Breton Island Housing Authority","Cape Breton","Cape Breton Regional Municipality","-60.21553838","46.13949439","(46.13949439, -60.21553838)"
"1273","1504","126 Sunnydale Dr","Westmount","1","15204928","Cape Breton Island Housing Authority","Cape Breton","Cape Breton Regional Municipality","-60.21560227","46.13947085","(46.13947085, -60.21560227)"
"1274","1504","128 Sunnydale Dr","Westmount","1","15204928","Cape Breton Island Housing Authority","Cape Breton","Cape Breton Regional Municipality","-60.21576249","46.13937724","(46.13937724, -60.21576249)"
"1275","1504","130 Sunnydale Dr","Westmount","1","15204928","Cape Breton Island Housing Authority","Cape Breton","Cape Breton Regional Municipality","-60.21580878","46.1393346","(46.1393346, -60.21580878)"
"1276","1504","132 Sunnydale Dr","Westmount","1","15204928","Cape Breton Island Housing Authority","Cape Breton","Cape Breton Regional Municipality","-60.21600894","46.13924784","(46.13924784, -60.21600894)"
"1277","1504","134 Sunnydale Dr","Westmount","1","15204928","Cape Breton Island Housing Authority","Cape Breton","Cape Breton Regional Municipality","-60.21606587","46.13920157","(46.13920157, -60.21606587)"
"1278","1505","6 Shore Rd","Florence","1","15242712","Cape Breton Island Housing Authority","Cape Breton","Cape Breton Regional Municipality","-60.25487813","46.26214237","(46.26214237, -60.25487813)"
"1279","1505","8 Shore Rd","Florence","1","15242712","Cape Breton Island Housing Authority","Cape Breton","Cape Breton Regional Municipality","-60.25480756","46.26218467","(46.26218467, -60.25480756)"
"1280","1505","14 Shore Rd","Florence","1","15242712","Cape Breton Island Housing Authority","Cape Breton","Cape Breton Regional Municipality","-60.25462413","46.26235297","(46.26235297, -60.25462413)"
"1281","1505","18 Shore Rd","Florence","1","15242712","Cape Breton Island Housing Authority","Cape Breton","Cape Breton Regional Municipality","-60.2544671","46.2624907","(46.2624907, -60.2544671)"
"1282","1505","12 Shore Rd","Florence","1","15242712","Cape Breton Island Housing Authority","Cape Breton","Cape Breton Regional Municipality","-60.25466711","46.26229426","(46.26229426, -60.25466711)"
"1283","1505","20 Shore Rd","Florence","1","15242712","Cape Breton Island Housing Authority","Cape Breton","Cape Breton Regional Municipality","-60.25439197","46.26253556","(46.26253556, -60.25439197)"
"1284","1505","28 Shore Rd","Florence","1","15242712","Cape Breton Island Housing Authority","Cape Breton","Cape Breton Regional Municipality","-60.25419009","46.26269395","(46.26269395, -60.25419009)"
"1285","1507","1 First Ave","Florence","1","15244585","Cape Breton Island Housing Authority","Cape Breton","Cape Breton Regional Municipality","-60.26414466","46.25989404","(46.25989404, -60.26414466)"
"1286","1505","26 Shore Rd","Florence","1","15242712","Cape Breton Island Housing Authority","Cape Breton","Cape Breton Regional Municipality","-60.25425655","46.26266835","(46.26266835, -60.25425655)"
"1287","1507","3 First Ave","Florence","1","15244585","Cape Breton Island Housing Authority","Cape Breton","Cape Breton Regional Municipality","-60.26421261","46.25992949","(46.25992949, -60.26421261)"
"1288","1507","11 First Ave","Florence","1","15244577","Cape Breton Island Housing Authority","Cape Breton","Cape Breton Regional Municipality","-60.26436469","46.26009079","(46.26009079, -60.26436469)"
"1289","1507","13 First Ave","Florence","1","15244569","Cape Breton Island Housing Authority","Cape Breton","Cape Breton Regional Municipality","-60.26449252","46.26018038","(46.26018038, -60.26449252)"
"1290","1507","9 First Ave","Florence","1","15244577","Cape Breton Island Housing Authority","Cape Breton","Cape Breton Regional Municipality","-60.26429972","46.26006785","(46.26006785, -60.26429972)"
"1291","1507","15 First Ave","Florence","1","15244569","Cape Breton Island Housing Authority","Cape Breton","Cape Breton Regional Municipality","-60.26455266","46.26021948","(46.26021948, -60.26455266)"
"1292","1507","84 Shore Rd","Florence","1","15242829","Cape Breton Island Housing Authority","Cape Breton","Cape Breton Regional Municipality","-60.25165589","46.26383787","(46.26383787, -60.25165589)"
"1293","1507","82 Shore Rd","Florence","1","15242829","Cape Breton Island Housing Authority","Cape Breton","Cape Breton Regional Municipality","-60.25175457","46.26381333","(46.26381333, -60.25175457)"
"1294","1507","90 Shore Rd","Florence","1","15242829","Cape Breton Island Housing Authority","Cape Breton","Cape Breton Regional Municipality","-60.25140404","46.26394472","(46.26394472, -60.25140404)"
"1295","1507","92 Shore Rd","Florence","1","15242829","Cape Breton Island Housing Authority","Cape Breton","Cape Breton Regional Municipality","-60.25128331","46.26396465","(46.26396465, -60.25128331)"
"1296","1529","25 Crystal Dr","Florence","1","15253479","Cape Breton Island Housing Authority","Cape Breton","Cape Breton Regional Municipality","-60.26801419","46.25388729","(46.25388729, -60.26801419)"
"1297","1529","50 Lorway Ave","Reserve Mines","1","15230980","Cape Breton Island Housing Authority","Cape Breton","Cape Breton Regional Municipality","-60.01601649","46.17846865","(46.17846865, -60.01601649)"
"1298","1529","88 Pitt St","Florence","1","15242571","Cape Breton Island Housing Authority","Cape Breton","Cape Breton Regional Municipality","-60.25853576","46.25885256","(46.25885256, -60.25853576)"
"1299","1529","56 Lorway Ave","Reserve Mines","1","15039456","Cape Breton Island Housing Authority","Cape Breton","Cape Breton Regional Municipality","-60.01604752","46.17827716","(46.17827716, -60.01604752)"
"1300","1529","92 Pitt St","Florence","1","15242589","Cape Breton Island Housing Authority","Cape Breton","Cape Breton Regional Municipality","-60.25848121","46.25895359","(46.25895359, -60.25848121)"
"1301","1529","148 Daley Rd","New Victoria","1","15518855","Cape Breton Island Housing Authority","Cape Breton","Cape Breton Regional Municipality","-60.12558672","46.24776993","(46.24776993, -60.12558672)"
"1302","1529","150 Daley Rd","New Victoria","1","15518863","Cape Breton Island Housing Authority","Cape Breton","Cape Breton Regional Municipality","-60.1254148","46.24771783","(46.24771783, -60.1254148)"
"1303","1529","123 Birch St","Port Morien","1","15525066","Cape Breton Island Housing Authority","Cape Breton","Cape Breton Regional Municipality","-59.87689915","46.13682338","(46.13682338, -59.87689915)"
"1304","1529","129 Birch St","Port Morien","1","15525074","Cape Breton Island Housing Authority","Cape Breton","Cape Breton Regional Municipality","-59.87707132","46.13690678","(46.13690678, -59.87707132)"
"1305","1529","133 Birch St","Port Morien","1","15525082","Cape Breton Island Housing Authority","Cape Breton","Cape Breton Regional Municipality","-59.87730208","46.1371262","(46.1371262, -59.87730208)"
"1306","1529","90 Haulage Rd","Reserve Mines","1","15524499","Cape Breton Island Housing Authority","Cape Breton","Cape Breton Regional Municipality","-60.0104902","46.1863341","(46.1863341, -60.0104902)"
"1307","1532","132 Haulage Rd","Reserve Mines","1","15461205","Cape Breton Island Housing Authority","Cape Breton","Cape Breton Regional Municipality","-60.01225053","46.18649505","(46.18649505, -60.01225053)"
"1308","1532","28 Daley Rd","New Victoria","1","15517824","Cape Breton Island Housing Authority","Cape Breton","Cape Breton Regional Municipality","-60.14057467","46.25233312","(46.25233312, -60.14057467)"
"1309","1532","699 Neville St","Reserve Mines","1","15233232","Cape Breton Island Housing Authority","Cape Breton","Cape Breton Regional Municipality","-60.01089724","46.18807109","(46.18807109, -60.01089724)"
"1310","1529","104 Holland St","Reserve Mines","1","15523772","Cape Breton Island Housing Authority","Cape Breton","Cape Breton Regional Municipality","-60.01617445","46.19022196","(46.19022196, -60.01617445)"
"1311","1532","5 Queen St","Scotchtown","1","15007610","Cape Breton Island Housing Authority","Cape Breton","Cape Breton Regional Municipality","-60.10248712","46.24012796","(46.24012796, -60.10248712)"
"1312","1532","7 Queen St","Scotchtown","1","15007628","Cape Breton Island Housing Authority","Cape Breton","Cape Breton Regional Municipality","-60.10230062","46.24006721","(46.24006721, -60.10230062)"
"1313","1532","9 Munroe St","Reserve Mines","1","15230998","Cape Breton Island Housing Authority","Cape Breton","Cape Breton Regional Municipality","-60.01635693","46.17849579","(46.17849579, -60.01635693)"
"1314","1532","12 School St","River Ryan","1","15270432","Cape Breton Island Housing Authority","Cape Breton","Cape Breton Regional Municipality","-60.08879314","46.23276027","(46.23276027, -60.08879314)"
"1315","1534","15 Orrin Ave","Bras d'Or","1","15555816","Cape Breton Island Housing Authority","Cape Breton","Cape Breton Regional Municipality","-60.28987014","46.25948969","(46.25948969, -60.28987014)"
"1316","1534","39 Orrin Ave","Bras d'Or","1","15555782","Cape Breton Island Housing Authority","Cape Breton","Cape Breton Regional Municipality","-60.28835811","46.2593814","(46.2593814, -60.28835811)"
"1317","1536","67 Lorway Ave","Reserve Mines","1","15560055","Cape Breton Island Housing Authority","Cape Breton","Cape Breton Regional Municipality","-60.01553577","46.17789575","(46.17789575, -60.01553577)"
"1318","1536","69 Lorway Ave","Reserve Mines","1","15560063","Cape Breton Island Housing Authority","Cape Breton","Cape Breton Regional Municipality","-60.01556697","46.17770415","(46.17770415, -60.01556697)"
"1319","1536","71 Lorway Ave","Reserve Mines","1","15230949","Cape Breton Island Housing Authority","Cape Breton","Cape Breton Regional Municipality","-60.01556542","46.17752431","(46.17752431, -60.01556542)"
"1320","1536","28 Belgium St","Reserve Mines","1","15234081","Cape Breton Island Housing Authority","Cape Breton","Cape Breton Regional Municipality","-60.01254782","46.19016918","(46.19016918, -60.01254782)"
"1321","1536","14 Walters Lane","Grand Lake Road","1","15225964","Cape Breton Island Housing Authority","Cape Breton","Cape Breton Regional Municipality","-60.14626365","46.14643359","(46.14643359, -60.14626365)"
"1322","1536","692 Neville St","Reserve Mines","1","15234297","Cape Breton Island Housing Authority","Cape Breton","Cape Breton Regional Municipality","-60.01107968","46.18854246","(46.18854246, -60.01107968)"
"1323","1536","15 North St","Donkin","1","15567233","Cape Breton Island Housing Authority","Cape Breton","Cape Breton Regional Municipality","-59.87692291","46.18209432","(46.18209432, -59.87692291)"
"1324","1536","694 Neville St","Reserve Mines","1","15234297","Cape Breton Island Housing Authority","Cape Breton","Cape Breton Regional Municipality","-60.01113908","46.18852112","(46.18852112, -60.01113908)"
"1325","1539","101 Holland St","Reserve Mines","1","15523798","Cape Breton Island Housing Authority","Cape Breton","Cape Breton Regional Municipality","-60.01601378","46.18989157","(46.18989157, -60.01601378)"
"1326","1539","107 Holland St","Reserve Mines","1","15561905","Cape Breton Island Housing Authority","Cape Breton","Cape Breton Regional Municipality","-60.01627467","46.18983464","(46.18983464, -60.01627467)"
"1327","1539","103 Holland St","Reserve Mines","1","15523798","Cape Breton Island Housing Authority","Cape Breton","Cape Breton Regional Municipality","-60.01608845","46.18988022","(46.18988022, -60.01608845)"
"1328","1541","399 Caribou Marsh Rd","Caribou Marsh","1","15293558","Cape Breton Island Housing Authority","Cape Breton","Cape Breton Regional Municipality","-60.18791154","46.04540614","(46.04540614, -60.18791154)"
"1329","1534","8 Pentecost Dr","Westmount","1","15556053","Cape Breton Island Housing Authority","Cape Breton","Cape Breton Regional Municipality","-60.21979555","46.13521247","(46.13521247, -60.21979555)"
"1330","1541","625 Centerville St","Gardiner Mines","1","15238124","Cape Breton Island Housing Authority","Cape Breton","Cape Breton Regional Municipality","-60.05355779","46.19778841","(46.19778841, -60.05355779)"
"1331","1541","83 Holland St","Reserve Mines","1","15233919","Cape Breton Island Housing Authority","Cape Breton","Cape Breton Regional Municipality","-60.01525766","46.19002471","(46.19002471, -60.01525766)"
"1332","1541","16 Phillip St","Sydney River","1","15557028","Cape Breton Island Housing Authority","Cape Breton","Cape Breton Regional Municipality","-60.21902923","46.10428488","(46.10428488, -60.21902923)"
"1333","1534","10 Pentecost Dr","Westmount","1","15556046","Cape Breton Island Housing Authority","Cape Breton","Cape Breton Regional Municipality","-60.21987017","46.13516376","(46.13516376, -60.21987017)"
"1334","1544","690 Neville St","Reserve Mines","1","15234289","Cape Breton Island Housing Authority","Cape Breton","Cape Breton Regional Municipality","-60.01098206","46.18853589","(46.18853589, -60.01098206)"
"1335","1544","688 Neville St","Reserve Mines","1","15234289","Cape Breton Island Housing Authority","Cape Breton","Cape Breton Regional Municipality","-60.01094537","46.18854109","(46.18854109, -60.01094537)"
"1336","1541","14 Pentecost Dr","Westmount","1","15354442","Cape Breton Island Housing Authority","Cape Breton","Cape Breton Regional Municipality","-60.2200194","46.13506635","(46.13506635, -60.2200194)"
"1337","1541","16 Pentecost Dr","Westmount","1","15354277","Cape Breton Island Housing Authority","Cape Breton","Cape Breton Regional Municipality","-60.22009613","46.13501517","(46.13501517, -60.22009613)"
"1338","1541","21 Mackies Lane","Reserve Mines","1","15506702","Cape Breton Island Housing Authority","Cape Breton","Cape Breton Regional Municipality","-60.06264571","46.19747098","(46.19747098, -60.06264571)"
"1339","1554","4 Thomas St","Scotchtown","1","15272545","Cape Breton Island Housing Authority","Cape Breton","Cape Breton Regional Municipality","-60.10224793","46.24112604","(46.24112604, -60.10224793)"
"1340","1554","6 Thomas St","Scotchtown","1","15573710","Cape Breton Island Housing Authority","Cape Breton","Cape Breton Regional Municipality","-60.1020511","46.24107862","(46.24107862, -60.1020511)"
"1341","1555","195 Glencairn Ave","Westmount","1","15578354","Cape Breton Island Housing Authority","Cape Breton","Cape Breton Regional Municipality","-60.22065757","46.13926562","(46.13926562, -60.22065757)"
"1342","1555","201 Glencairn Ave","Westmount","1","15578370","Cape Breton Island Housing Authority","Cape Breton","Cape Breton Regional Municipality","-60.22080193","46.13917644","(46.13917644, -60.22080193)"
"1343","1556","41 MacKenzie Lane","Gardiner Mines","1","15236193","Cape Breton Island Housing Authority","Cape Breton","Cape Breton Regional Municipality","-60.0465533","46.20794467","(46.20794467, -60.0465533)"
"1344","1555","215 Glencairn Ave","Westmount","1","15206717","Cape Breton Island Housing Authority","Cape Breton","Cape Breton Regional Municipality","-60.22096633","46.13910571","(46.13910571, -60.22096633)"
"1345","1555","100 Tompkinsville Rd","Reserve Mines","1","15524275","Cape Breton Island Housing Authority","Cape Breton","Cape Breton Regional Municipality","-60.02766642","46.18294128","(46.18294128, -60.02766642)"
"1346","1559","44 King St","Scotchtown","1","15275324","Cape Breton Island Housing Authority","Cape Breton","Cape Breton Regional Municipality","-60.09749937","46.2378082","(46.2378082, -60.09749937)"
"1347","1559","11 David St","River Ryan","1","15583594","Cape Breton Island Housing Authority","Cape Breton","Cape Breton Regional Municipality","-60.09129192","46.23382104","(46.23382104, -60.09129192)"
"1348","1558","1255 Westmount Rd","Westmount","1","15578479","Cape Breton Island Housing Authority","Cape Breton","Cape Breton Regional Municipality","-60.2300443","46.14529794","(46.14529794, -60.2300443)"
"1349","1566","3 Fortune St","Scotchtown","1","15631724","Cape Breton Island Housing Authority","Cape Breton","Cape Breton Regional Municipality","-60.10760873","46.24016547","(46.24016547, -60.10760873)"
"1350","1558","2894 Grand Mira North Rd","Marion Bridge","1","15336290","Cape Breton Island Housing Authority","Cape Breton","Cape Breton Regional Municipality","-60.22866396","45.97980333","(45.97980333, -60.22866396)"
"1351","1601","154 Peppett St","North Sydney","1","15022189","Cape Breton Island Housing Authority","Cape Breton","Cape Breton Regional Municipality","-60.26490185","46.21187507","(46.21187507, -60.26490185)"
"1352","1601","156 Peppett St","North Sydney","1","15022189","Cape Breton Island Housing Authority","Cape Breton","Cape Breton Regional Municipality","-60.26498959","46.21191355","(46.21191355, -60.26498959)"
"1353","1601","160 Peppett St","North Sydney","1","15022189","Cape Breton Island Housing Authority","Cape Breton","Cape Breton Regional Municipality","-60.26518916","46.21201456","(46.21201456, -60.26518916)"
"1354","1601","158 Peppett St","North Sydney","1","15022189","Cape Breton Island Housing Authority","Cape Breton","Cape Breton Regional Municipality","-60.26512419","46.21197262","(46.21197262, -60.26512419)"
"1355","1601","164 Peppett St","North Sydney","1","15022189","Cape Breton Island Housing Authority","Cape Breton","Cape Breton Regional Municipality","-60.26540286","46.21209232","(46.21209232, -60.26540286)"
"1356","1601","2 Hare Ave","North Sydney","1","15022189","Cape Breton Island Housing Authority","Cape Breton","Cape Breton Regional Municipality","-60.26558742","46.21203531","(46.21203531, -60.26558742)"
"1357","1601","4 Hare Ave","North Sydney","1","15022189","Cape Breton Island Housing Authority","Cape Breton","Cape Breton Regional Municipality","-60.26563286","46.21198183","(46.21198183, -60.26563286)"
"1358","1601","162 Peppett St","North Sydney","1","15022189","Cape Breton Island Housing Authority","Cape Breton","Cape Breton Regional Municipality","-60.26532886","46.21207213","(46.21207213, -60.26532886)"
"1359","1601","6 Hare Ave","North Sydney","1","15022189","Cape Breton Island Housing Authority","Cape Breton","Cape Breton Regional Municipality","-60.26570818","46.21184393","(46.21184393, -60.26570818)"
"1360","1601","8 Hare Ave","North Sydney","1","15022189","Cape Breton Island Housing Authority","Cape Breton","Cape Breton Regional Municipality","-60.26573736","46.2117957","(46.2117957, -60.26573736)"
"1361","1601","11 Maria St","North Sydney","1","15022189","Cape Breton Island Housing Authority","Cape Breton","Cape Breton Regional Municipality","-60.26547307","46.21152478","(46.21152478, -60.26547307)"
"1362","1601","15 Maria St","North Sydney","1","15022189","Cape Breton Island Housing Authority","Cape Breton","Cape Breton Regional Municipality","-60.26570756","46.21161355","(46.21161355, -60.26570756)"
"1363","1601","17 Maria St","North Sydney","1","15022189","Cape Breton Island Housing Authority","Cape Breton","Cape Breton Regional Municipality","-60.26578975","46.21165428","(46.21165428, -60.26578975)"
"1364","1601","13 Maria St","North Sydney","1","15022189","Cape Breton Island Housing Authority","Cape Breton","Cape Breton Regional Municipality","-60.26556165","46.21157153","(46.21157153, -60.26556165)"
"1365","1602","50 Clifford St","North Sydney","20","15021066","Cape Breton Island Housing Authority","Cape Breton","Cape Breton Regional Municipality","-60.26003115","46.20946613","(46.20946613, -60.26003115)"
"1366","1609","15 Manning St","North Sydney","1","15021694","Cape Breton Island Housing Authority","Cape Breton","Cape Breton Regional Municipality","-60.26235662","46.21012527","(46.21012527, -60.26235662)"
"1367","1609","143 West St","North Sydney","1","15498298","Cape Breton Island Housing Authority","Cape Breton","Cape Breton Regional Municipality","-60.25515898","46.21938567","(46.21938567, -60.25515898)"
"1368","1609","14 Cartwright St","North Sydney","1","15033475","Cape Breton Island Housing Authority","Cape Breton","Cape Breton Regional Municipality","-60.24886961","46.22156675","(46.22156675, -60.24886961)"
"1369","1609","37 Young St","Sydney Mines","1","15187834","Cape Breton Island Housing Authority","Cape Breton","Cape Breton Regional Municipality","-60.21180136","46.25565563","(46.25565563, -60.21180136)"
"1370","1610","6 Thompson Ave","North Sydney","1","15494131","Cape Breton Island Housing Authority","Cape Breton","Cape Breton Regional Municipality","-60.25957003","46.21083991","(46.21083991, -60.25957003)"
"1371","1610","8 Thompson Ave","North Sydney","1","15025083","Cape Breton Island Housing Authority","Cape Breton","Cape Breton Regional Municipality","-60.25945248","46.21094808","(46.21094808, -60.25945248)"
"1372","1610","20 Johnston St","North Sydney","1","15021975","Cape Breton Island Housing Authority","Cape Breton","Cape Breton Regional Municipality","-60.26352143","46.21032286","(46.21032286, -60.26352143)"
"1373","1610","15 Memorial Dr","North Sydney","1","15032113","Cape Breton Island Housing Authority","Cape Breton","Cape Breton Regional Municipality","-60.24584906","46.21565441","(46.21565441, -60.24584906)"
"1374","1611","8 Wall St","North Sydney","1","15032329","Cape Breton Island Housing Authority","Cape Breton","Cape Breton Regional Municipality","-60.24595573","46.2168372","(46.2168372, -60.24595573)"
"1375","1611","21 Clearyville St","North Sydney","1","15551161","Cape Breton Island Housing Authority","Cape Breton","Cape Breton Regional Municipality","-60.25020086","46.2128716","(46.2128716, -60.25020086)"
"1376","1611","23 Gisborne St","North Sydney","1","15013402","Cape Breton Island Housing Authority","Cape Breton","Cape Breton Regional Municipality","-60.26307163","46.20229119","(46.20229119, -60.26307163)"
"1377","1612","171 West St","North Sydney","1","15555105","Cape Breton Island Housing Authority","Cape Breton","Cape Breton Regional Municipality","-60.25220129","46.22041047","(46.22041047, -60.25220129)"
"1378","1612","6 High St","North Sydney","1","15000508","Cape Breton Island Housing Authority","Cape Breton","Cape Breton Regional Municipality","-60.26638612","46.20629546","(46.20629546, -60.26638612)"
"1379","1612","8 High St","North Sydney","1","15000490","Cape Breton Island Housing Authority","Cape Breton","Cape Breton Regional Municipality","-60.26638499","46.20644316","(46.20644316, -60.26638499)"
"1380","1612","10 High St","North Sydney","1","15556434","Cape Breton Island Housing Authority","Cape Breton","Cape Breton Regional Municipality","-60.26636313","46.20660192","(46.20660192, -60.26636313)"
"1381","1609","145 West St","North Sydney","1","15494867","Cape Breton Island Housing Authority","Cape Breton","Cape Breton Regional Municipality","-60.25499049","46.21945037","(46.21945037, -60.25499049)"
"1382","1614","24 Margaret St","North Sydney","1","15014897","Cape Breton Island Housing Authority","Cape Breton","Cape Breton Regional Municipality","-60.25931175","46.20604623","(46.20604623, -60.25931175)"
"1383","1614","39 Brook St","North Sydney","1","15020159","Cape Breton Island Housing Authority","Cape Breton","Cape Breton Regional Municipality","-60.25700377","46.20634584","(46.20634584, -60.25700377)"
"1384","1615","10 Cornwall St","North Sydney","1","15016116","Cape Breton Island Housing Authority","Cape Breton","Cape Breton Regional Municipality","-60.26264864","46.20611176","(46.20611176, -60.26264864)"
"1385","1703","9 MacInnis St","Sydney Mines","1","15178601","Cape Breton Island Housing Authority","Cape Breton","Cape Breton Regional Municipality","-60.21680852","46.24140155","(46.24140155, -60.21680852)"
"1386","1703","11 MacInnis St","Sydney Mines","1","15178601","Cape Breton Island Housing Authority","Cape Breton","Cape Breton Regional Municipality","-60.21684273","46.2413463","(46.2413463, -60.21684273)"
"1387","1703","13 MacInnis St","Sydney Mines","1","15178601","Cape Breton Island Housing Authority","Cape Breton","Cape Breton Regional Municipality","-60.21693119","46.24121683","(46.24121683, -60.21693119)"
"1388","1703","15 MacInnis St","Sydney Mines","1","15178601","Cape Breton Island Housing Authority","Cape Breton","Cape Breton Regional Municipality","-60.21695063","46.24116704","(46.24116704, -60.21695063)"
"1389","1703","17 MacInnis St","Sydney Mines","1","15178601","Cape Breton Island Housing Authority","Cape Breton","Cape Breton Regional Municipality","-60.21714694","46.24102642","(46.24102642, -60.21714694)"
"1390","1703","19 MacInnis St","Sydney Mines","1","15178601","Cape Breton Island Housing Authority","Cape Breton","Cape Breton Regional Municipality","-60.21715826","46.24097654","(46.24097654, -60.21715826)"
"1391","1703","4 James St","Sydney Mines","1","15178601","Cape Breton Island Housing Authority","Cape Breton","Cape Breton Regional Municipality","-60.21639814","46.24107367","(46.24107367, -60.21639814)"
"1392","1703","6 James St","Sydney Mines","1","15178601","Cape Breton Island Housing Authority","Cape Breton","Cape Breton Regional Municipality","-60.21644697","46.24101407","(46.24101407, -60.21644697)"
"1393","1703","8 James St","Sydney Mines","1","15178601","Cape Breton Island Housing Authority","Cape Breton","Cape Breton Regional Municipality","-60.21661277","46.2408608","(46.2408608, -60.21661277)"
"1394","1703","10 James St","Sydney Mines","1","15178601","Cape Breton Island Housing Authority","Cape Breton","Cape Breton Regional Municipality","-60.21666295","46.24081414","(46.24081414, -60.21666295)"
"1395","1708","11 Seaview Dr","Sydney Mines","1","15178452","Cape Breton Island Housing Authority","Cape Breton","Cape Breton Regional Municipality","-60.21487553","46.2422291","(46.2422291, -60.21487553)"
"1396","1708","13 Seaview Dr","Sydney Mines","1","15178619","Cape Breton Island Housing Authority","Cape Breton","Cape Breton Regional Municipality","-60.21464427","46.24213652","(46.24213652, -60.21464427)"
"1397","1708","14 Seaview Dr","Sydney Mines","1","15178437","Cape Breton Island Housing Authority","Cape Breton","Cape Breton Regional Municipality","-60.2148376","46.24184184","(46.24184184, -60.2148376)"
"1398","1708","15 Seaview Dr","Sydney Mines","1","15178635","Cape Breton Island Housing Authority","Cape Breton","Cape Breton Regional Municipality","-60.21435229","46.24203758","(46.24203758, -60.21435229)"
"1399","1708","16 Seaview Dr","Sydney Mines","1","15178445","Cape Breton Island Housing Authority","Cape Breton","Cape Breton Regional Municipality","-60.21463261","46.24176646","(46.24176646, -60.21463261)"
"1400","1708","54 Guy St","Sydney Mines","1","15177421","Cape Breton Island Housing Authority","Cape Breton","Cape Breton Regional Municipality","-60.22485755","46.24141023","(46.24141023, -60.22485755)"
"1401","1711","5 Peck St","Sydney Mines","1","15008774","Cape Breton Island Housing Authority","Cape Breton","Cape Breton Regional Municipality","-60.20950719","46.25498641","(46.25498641, -60.20950719)"
"1402","1711","35 Peck St","Sydney Mines","1","15187370","Cape Breton Island Housing Authority","Cape Breton","Cape Breton Regional Municipality","-60.20972079","46.25632706","(46.25632706, -60.20972079)"
"1403","1711","5 Seaview Dr","Sydney Mines","1","15504582","Cape Breton Island Housing Authority","Cape Breton","Cape Breton Regional Municipality","-60.21553187","46.24244338","(46.24244338, -60.21553187)"
"1404","1712","8 Seaview Dr","Sydney Mines","1","15504624","Cape Breton Island Housing Authority","Cape Breton","Cape Breton Regional Municipality","-60.2155398","46.24210158","(46.24210158, -60.2155398)"
"1405","1712","10 Seaview Dr","Sydney Mines","1","15504632","Cape Breton Island Housing Authority","Cape Breton","Cape Breton Regional Municipality","-60.21530814","46.24202701","(46.24202701, -60.21530814)"
"1406","1712","12 Seaview Dr","Sydney Mines","1","15504640","Cape Breton Island Housing Authority","Cape Breton","Cape Breton Regional Municipality","-60.21508342","46.24193448","(46.24193448, -60.21508342)"
"1407","1713","14 Guy St","Sydney Mines","1","15181506","Cape Breton Island Housing Authority","Cape Breton","Cape Breton Regional Municipality","-60.22751084","46.24369748","(46.24369748, -60.22751084)"
"1408","1713","4 MacAulay Lane","Sydney Mines","1","15182819","Cape Breton Island Housing Authority","Cape Breton","Cape Breton Regional Municipality","-60.23288926","46.24282532","(46.24282532, -60.23288926)"
"1409","1617","2 Emerald St","North Sydney","1","15033574","Cape Breton Island Housing Authority","Cape Breton","Cape Breton Regional Municipality","-60.25203405","46.22301892","(46.22301892, -60.25203405)"
"1410","1713","124 Crescent St","Sydney Mines","1","15180805","Cape Breton Island Housing Authority","Cape Breton","Cape Breton Regional Municipality","-60.22171483","46.24339","(46.24339, -60.22171483)"
"1411","1714","22 MacInnis St","Sydney Mines","1","15602550","Cape Breton Island Housing Authority","Cape Breton","Cape Breton Regional Municipality","-60.21747313","46.24121905","(46.24121905, -60.21747313)"
"1412","1714","24 MacInnis St","Sydney Mines","1","15602568","Cape Breton Island Housing Authority","Cape Breton","Cape Breton Regional Municipality","-60.21758164","46.24111395","(46.24111395, -60.21758164)"
"1413","1715","84 Young St","Sydney Mines","1","15220916","Cape Breton Island Housing Authority","Cape Breton","Cape Breton Regional Municipality","-60.21117216","46.25777982","(46.25777982, -60.21117216)"
"1414","1715","86 Young St","Sydney Mines","1","15220866","Cape Breton Island Housing Authority","Cape Breton","Cape Breton Regional Municipality","-60.21113599","46.25794136","(46.25794136, -60.21113599)"
"1415","1713","7 Seaview Dr","Sydney Mines","1","15504590","Cape Breton Island Housing Authority","Cape Breton","Cape Breton Regional Municipality","-60.21530686","46.24235991","(46.24235991, -60.21530686)"
"1416","1717","90 Young St","Sydney Mines","1","15187552","Cape Breton Island Housing Authority","Cape Breton","Cape Breton Regional Municipality","-60.21114525","46.2580989","(46.2580989, -60.21114525)"
"1417","1717","98 Young St","Sydney Mines","1","15560246","Cape Breton Island Housing Authority","Cape Breton","Cape Breton Regional Municipality","-60.21112534","46.2583956","(46.2583956, -60.21112534)"
"1418","1718","25 Guy St","Sydney Mines","1","15181316","Cape Breton Island Housing Authority","Cape Breton","Cape Breton Regional Municipality","-60.22675417","46.24333369","(46.24333369, -60.22675417)"
"1419","1717","94 Young St","Sydney Mines","1","15603251","Cape Breton Island Housing Authority","Cape Breton","Cape Breton Regional Municipality","-60.21116125","46.25824753","(46.25824753, -60.21116125)"
"1420","1718","7 Peck St","Sydney Mines","1","15594609","Cape Breton Island Housing Authority","Cape Breton","Cape Breton Regional Municipality","-60.20951277","46.25513055","(46.25513055, -60.20951277)"
"1421","1721","11 Peck St","Sydney Mines","2","15594591","Cape Breton Island Housing Authority","Cape Breton","Cape Breton Regional Municipality","-60.20955533","46.2552857","(46.2552857, -60.20955533)"
"1422","2007","25 Beaton St","Inverness","1","50173764","Cape Breton Island Housing Authority","Inverness","Municipality of the County of Inverness","-61.29937646","46.23561266","(46.23561266, -61.29937646)"
"1423","2007","8 MacKenzie Ave","Inverness","1","50130780","Cape Breton Island Housing Authority","Inverness","Municipality of the County of Inverness","-61.30656379","46.23072157","(46.23072157, -61.30656379)"
"1424","2007","12 MacKenzie Ave","Inverness","1","50130780","Cape Breton Island Housing Authority","Inverness","Municipality of the County of Inverness","-61.30642059","46.23087426","(46.23087426, -61.30642059)"
"1425","2008","20 Beaton St","Inverness","1","50129345","Cape Breton Island Housing Authority","Inverness","Municipality of the County of Inverness","-61.2998181","46.23538847","(46.23538847, -61.2998181)"
"1426","2008","26 Beaton St","Inverness","1","50129345","Cape Breton Island Housing Authority","Inverness","Municipality of the County of Inverness","-61.2995463","46.23527105","(46.23527105, -61.2995463)"
"1427","2008","42 MacLean St","Inverness","1","50173772","Cape Breton Island Housing Authority","Inverness","Municipality of the County of Inverness","-61.29863707","46.23571928","(46.23571928, -61.29863707)"
"1428","2023","70 Hillcrest St","Inverness","1","50178433","Cape Breton Island Housing Authority","Inverness","Municipality of the County of Inverness","-61.29909974","46.22972797","(46.22972797, -61.29909974)"
"1429","2023","85 Hillcrest St","Inverness","1","50178052","Cape Breton Island Housing Authority","Inverness","Municipality of the County of Inverness","-61.29860662","46.22985306","(46.22985306, -61.29860662)"
"1430","2023","76 Hillcrest St","Inverness","1","50178425","Cape Breton Island Housing Authority","Inverness","Municipality of the County of Inverness","-61.29891862","46.22961968","(46.22961968, -61.29891862)"
"1431","2023","15884 Cabot Trail","Petit ?ëtang","1","50160852","Cape Breton Island Housing Authority","Inverness","Municipality of the County of Inverness","-60.98900357","46.65169833","(46.65169833, -60.98900357)"
"1432","2023","15 Keltic Dr","Judique","1","50011568","Cape Breton Island Housing Authority","Inverness","Municipality of the County of Inverness","-61.49176621","45.87706285","(45.87706285, -61.49176621)"
"1433","2025","49 Hillcrest St","Inverness","1","50039023","Cape Breton Island Housing Authority","Inverness","Municipality of the County of Inverness","-61.29967991","46.23062873","(46.23062873, -61.29967991)"
"1434","2025","51 Hillcrest St","Inverness","1","50128396","Cape Breton Island Housing Authority","Inverness","Municipality of the County of Inverness","-61.29955059","46.23052952","(46.23052952, -61.29955059)"
"1435","2025","86 Hillcrest St","Inverness","1","50178078","Cape Breton Island Housing Authority","Inverness","Municipality of the County of Inverness","-61.2982834","46.22960953","(46.22960953, -61.2982834)"
"1436","2026","5 Celtic Dr","Inverness","1","50128859","Cape Breton Island Housing Authority","Inverness","Municipality of the County of Inverness","-61.29929195","46.23035808","(46.23035808, -61.29929195)"
"1437","2026","15 Convent St","Port Hood","1","50027176","Cape Breton Island Housing Authority","Inverness","Municipality of the County of Inverness","-61.53484336","46.02223719","(46.02223719, -61.53484336)"
"1438","2023","15878 Cabot Trail","Petit ?ëtang","1","50094861","Cape Breton Island Housing Authority","Inverness","Municipality of the County of Inverness","-60.98947313","46.65178137","(46.65178137, -60.98947313)"
"1439","2027","19 Mann Ave","Inverness","1","50131416","Cape Breton Island Housing Authority","Inverness","Municipality of the County of Inverness","-61.30759804","46.23155109","(46.23155109, -61.30759804)"
"1440","2027","52 Hillcrest St","Inverness","1","50128669","Cape Breton Island Housing Authority","Inverness","Municipality of the County of Inverness","-61.30000511","46.23032336","(46.23032336, -61.30000511)"
"1441","2027","15679 Cabot Trail","Ch??ticamp","1","50161082","Cape Breton Island Housing Authority","Inverness","Municipality of the County of Inverness","-60.99952194","46.64730945","(46.64730945, -60.99952194)"
"1442","2027","15923 Cabot Trail","Petit ?ëtang","1","50182005","Cape Breton Island Housing Authority","Inverness","Municipality of the County of Inverness","-60.9864067","46.6513718","(46.6513718, -60.9864067)"
"1443","2027","27 Celtic Dr","Inverness","1","50128800","Cape Breton Island Housing Authority","Inverness","Municipality of the County of Inverness","-61.29843425","46.23090539","(46.23090539, -61.29843425)"
"1444","2030","9 Celtic Dr","Inverness","1","50128842","Cape Breton Island Housing Authority","Inverness","Municipality of the County of Inverness","-61.29914898","46.23045684","(46.23045684, -61.29914898)"
"1445","2027","49 Keltic Dr","Judique","1","50169846","Cape Breton Island Housing Authority","Inverness","Municipality of the County of Inverness","-61.49171478","45.87619011","(45.87619011, -61.49171478)"
"1446","2030","28 River Street Exten","Inverness","1","50129584","Cape Breton Island Housing Authority","Inverness","Municipality of the County of Inverness","-61.29726575","46.23488913","(46.23488913, -61.29726575)"
"1447","2032","26 Lower Railway St","Inverness","1","50131085","Cape Breton Island Housing Authority","Inverness","Municipality of the County of Inverness","-61.30754838","46.23093019","(46.23093019, -61.30754838)"
"1448","2032","90 Doyles Rd","Margaree Forks","1","50035724","Cape Breton Island Housing Authority","Inverness","Municipality of the County of Inverness","-61.08095845","46.32352274","(46.32352274, -61.08095845)"
"1449","1901","2 Elm Crt","Port Hawkesbury","1","50116433","Cape Breton Island Housing Authority","Inverness","Town of Port Hawkesbury","-61.33671356","45.62200218","(45.62200218, -61.33671356)"
"1450","1901","10 Elm Crt","Port Hawkesbury","1","50121490","Cape Breton Island Housing Authority","Inverness","Town of Port Hawkesbury","-61.33584231","45.62173999","(45.62173999, -61.33584231)"
"1451","1901","45 Oak Cres","Port Hawkesbury","1","50118389","Cape Breton Island Housing Authority","Inverness","Town of Port Hawkesbury","-61.33752252","45.62163439","(45.62163439, -61.33752252)"
"1452","1901","64 Oak Cres","Port Hawkesbury","1","50079763","Cape Breton Island Housing Authority","Inverness","Town of Port Hawkesbury","-61.33725157","45.62220993","(45.62220993, -61.33725157)"
"1453","1903","18 Bourinot Dr","Port Hawkesbury","2","50131648","Cape Breton Island Housing Authority","Inverness","Town of Port Hawkesbury","-61.3456638","45.61287233","(45.61287233, -61.3456638)"
"1454","1903","22 Bourinot Dr","Port Hawkesbury","2","50155159","Cape Breton Island Housing Authority","Inverness","Town of Port Hawkesbury","-61.34529255","45.61265587","(45.61265587, -61.34529255)"
"1455","1903","24 Bourinot Dr","Port Hawkesbury","2","50155084","Cape Breton Island Housing Authority","Inverness","Town of Port Hawkesbury","-61.34503613","45.61263751","(45.61263751, -61.34503613)"
"1456","1903","25 Bourinot Dr","Port Hawkesbury","2","50155035","Cape Breton Island Housing Authority","Inverness","Town of Port Hawkesbury","-61.34516327","45.61303361","(45.61303361, -61.34516327)"
"1457","1903","20 Bourinot Dr","Port Hawkesbury","2","50155050","Cape Breton Island Housing Authority","Inverness","Town of Port Hawkesbury","-61.34547171","45.61276406","(45.61276406, -61.34547171)"
"1458","1903","29 Bourinot Dr","Port Hawkesbury","2","50131564","Cape Breton Island Housing Authority","Inverness","Town of Port Hawkesbury","-61.34498341","45.61316834","(45.61316834, -61.34498341)"
"1459","1903","31 Bourinot Dr","Port Hawkesbury","2","50131556","Cape Breton Island Housing Authority","Inverness","Town of Port Hawkesbury","-61.34482928","45.61327612","(45.61327612, -61.34482928)"
"1460","1903","33 Bourinot Dr","Port Hawkesbury","2","50131549","Cape Breton Island Housing Authority","Inverness","Town of Port Hawkesbury","-61.34464942","45.61341085","(45.61341085, -61.34464942)"
"1461","1913","11 Bourinot Dr","Port Hawkesbury","1","50155183","Cape Breton Island Housing Authority","Inverness","Town of Port Hawkesbury","-61.34596962","45.61355661","(45.61355661, -61.34596962)"
"1462","1913","13 Bourinot Dr","Port Hawkesbury","1","50155100","Cape Breton Island Housing Authority","Inverness","Town of Port Hawkesbury","-61.34579035","45.61345736","(45.61345736, -61.34579035)"
"1463","1914","28 Bourinot Dr","Port Hawkesbury","1","50087998","Cape Breton Island Housing Authority","Inverness","Town of Port Hawkesbury","-61.34468927","45.61289796","(45.61289796, -61.34468927)"
"1464","1914","26 Bourinot Dr","Port Hawkesbury","1","50130012","Cape Breton Island Housing Authority","Inverness","Town of Port Hawkesbury","-61.34484342","45.61278123","(45.61278123, -61.34484342)"
"1465","1918","9 Bourinot Dr","Port Hawkesbury","1","50131572","Cape Breton Island Housing Authority","Inverness","Town of Port Hawkesbury","-61.34613547","45.61368129","(45.61368129, -61.34613547)"
"1466","1918","19 Bourinot Dr","Port Hawkesbury","1","50155126","Cape Breton Island Housing Authority","Inverness","Town of Port Hawkesbury","-61.34546691","45.61323707","(45.61323707, -61.34546691)"
"1467","1919","34 Bourinot Dr","Port Hawkesbury","1","50148352","Cape Breton Island Housing Authority","Inverness","Town of Port Hawkesbury","-61.34419252","45.6132741","(45.6132741, -61.34419252)"
"1468","2007","10 MacKenzie Ave","Inverness","1","50130780","Cape Breton Island Housing Authority","Inverness","Municipality of the County of Inverness","-61.30675957","46.2307911","(46.2307911, -61.30675957)"
"1469","1811","30 Highland St","Arichat","1","75003889","Cape Breton Island Housing Authority","Richmond","Municipality of the County of Richmond","-61.02326599","45.51270345","(45.51270345, -61.02326599)"
"1470","1811","43 Highland St","Arichat","1","75003905","Cape Breton Island Housing Authority","Richmond","Municipality of the County of Richmond","-61.02388815","45.51329993","(45.51329993, -61.02388815)"
"1471","1811","54 Highland St","Arichat","1","75003921","Cape Breton Island Housing Authority","Richmond","Municipality of the County of Richmond","-61.02356373","45.51382046","(45.51382046, -61.02356373)"
"1472","1811","22 Silver Oak Dr","Grande Anse","1","75040162","Cape Breton Island Housing Authority","Richmond","Municipality of the County of Richmond","-61.05814667","45.61848487","(45.61848487, -61.05814667)"
"1473","1811","3457 Highway 206","Petit-de-Grat","1","75007872","Cape Breton Island Housing Authority","Richmond","Municipality of the County of Richmond","-60.96048836","45.51266738","(45.51266738, -60.96048836)"
"1474","1812","51 Highway 320","Grande Anse","1","75040022","Cape Breton Island Housing Authority","Richmond","Municipality of the County of Richmond","-61.06002952","45.61876207","(45.61876207, -61.06002952)"
"1475","1811","3459 Highway 206","Petit-de-Grat","1","75007880","Cape Breton Island Housing Authority","Richmond","Municipality of the County of Richmond","-60.96037432","45.51254987","(45.51254987, -60.96037432)"
"1476","1813","240 Highway 320","Louisdale","1","75112243","Cape Breton Island Housing Authority","Richmond","Municipality of the County of Richmond","-61.06471378","45.613282","(45.613282, -61.06471378)"
"1477","1815","34 Highland St","Arichat","1","75084632","Cape Breton Island Housing Authority","Richmond","Municipality of the County of Richmond","-61.02332853","45.51287464","(45.51287464, -61.02332853)"
"1478","1815","38 Highland St","Arichat","1","75084640","Cape Breton Island Housing Authority","Richmond","Municipality of the County of Richmond","-61.02335222","45.51309974","(45.51309974, -61.02335222)"
"1479","1817","28 Highland St","Arichat","1","75084624","Cape Breton Island Housing Authority","Richmond","Municipality of the County of Richmond","-61.02319065","45.51253215","(45.51253215, -61.02319065)"
"1480","1817","50 Highland St","Arichat","1","75084368","Cape Breton Island Housing Authority","Richmond","Municipality of the County of Richmond","-61.02350107","45.51366722","(45.51366722, -61.02350107)"
"1481","1821","41 Highland St","Arichat","1","75084608","Cape Breton Island Housing Authority","Richmond","Municipality of the County of Richmond","-61.02384771","45.51315173","(45.51315173, -61.02384771)"
"1482","1821","45 Highland St","Arichat","1","75084590","Cape Breton Island Housing Authority","Richmond","Municipality of the County of Richmond","-61.02392037","45.51346572","(45.51346572, -61.02392037)"
"1483","1822","47 Highland St","Arichat","1","75084376","Cape Breton Island Housing Authority","Richmond","Municipality of the County of Richmond","-61.0239878","45.51370953","(45.51370953, -61.0239878)"
"1484","1822","6485 Highway 4","Grande Anse","1","75018069","Cape Breton Island Housing Authority","Richmond","Municipality of the County of Richmond","-61.061184","45.62159478","(45.62159478, -61.061184)"
"1485","2105","20 Fownes Dr","Baddeck","1","85018257","Cape Breton Island Housing Authority","Victoria","Municipality of the County of Victoria","-60.75995038","46.09628978","(46.09628978, -60.75995038)"
"1486","2008","22 Beaton St","Inverness","1","50129345","Cape Breton Island Housing Authority","Inverness","Municipality of the County of Inverness","-61.29981675","46.23552731","(46.23552731, -61.29981675)"
"1487","2008","28 Beaton St","Inverness","1","50129345","Cape Breton Island Housing Authority","Inverness","Municipality of the County of Inverness","-61.29949413","46.23539027","(46.23539027, -61.29949413)"
"1488","2105","92 Highland St","Ingonish","1","85051449","Cape Breton Island Housing Authority","Victoria","Municipality of the County of Victoria","-60.39787515","46.69461107","(46.69461107, -60.39787515)"
"1489","2007","27 Beaton St","Inverness","1","50173764","Cape Breton Island Housing Authority","Inverness","Municipality of the County of Inverness","-61.29940372","46.23548027","(46.23548027, -61.29940372)"
"1490","2008","44 MacLean St","Inverness","1","50173772","Cape Breton Island Housing Authority","Inverness","Municipality of the County of Inverness","-61.2983643","46.23573123","(46.23573123, -61.2983643)"
"1491","2105","44 Maplewood Dr","Ingonish","1","85051696","Cape Breton Island Housing Authority","Victoria","Municipality of the County of Victoria","-60.3945722","46.69436327","(46.69436327, -60.3945722)"
"1492","2105","54 Maplewood Dr","Ingonish","1","85051548","Cape Breton Island Housing Authority","Victoria","Municipality of the County of Victoria","-60.39476094","46.694725","(46.694725, -60.39476094)"
"1493","2032","28 Lower Railway St","Inverness","1","50131085","Cape Breton Island Housing Authority","Inverness","Municipality of the County of Inverness","-61.30765914","46.23080427","(46.23080427, -61.30765914)"
"1494","2106","22 Fownes Dr","Baddeck","1","85069029","Cape Breton Island Housing Authority","Victoria","Municipality of the County of Victoria","-60.76010318","46.09647071","(46.09647071, -60.76010318)"
"1495","2106","24 Fownes Dr","Baddeck","1","85069011","Cape Breton Island Housing Authority","Victoria","Municipality of the County of Victoria","-60.76017843","46.09664217","(46.09664217, -60.76017843)"
"1496","2106","40 Maplewood Dr","Ingonish","1","85085975","Cape Breton Island Housing Authority","Victoria","Municipality of the County of Victoria","-60.39442047","46.69410995","(46.69410995, -60.39442047)"
"1497","2109","73 Highland St","Ingonish","1","85051407","Cape Breton Island Housing Authority","Victoria","Municipality of the County of Victoria","-60.39789803","46.69348671","(46.69348671, -60.39789803)"
"1498","2109","104 Queen St","Baddeck","1","85021533","Cape Breton Island Housing Authority","Victoria","Municipality of the County of Victoria","-60.75119843","46.10452898","(46.10452898, -60.75119843)"
"1499","2201","10 Sunset Terr","Antigonish","1","1219005","Eastern Mainland Housing Authority","Antigonish","Town of Antigonish","-62.01156456","45.6259139","(45.6259139, -62.01156456)"
"1500","2201","28 Maple Dr","Antigonish","1","1218544","Eastern Mainland Housing Authority","Antigonish","Town of Antigonish","-62.00912924","45.62578122","(45.62578122, -62.00912924)"
"1501","2105","54 Highland St","Ingonish","1","85051753","Cape Breton Island Housing Authority","Victoria","Municipality of the County of Victoria","-60.39685239","46.69282889","(46.69282889, -60.39685239)"
"1502","2201","6 Maple Dr","Antigonish","1","1218502","Eastern Mainland Housing Authority","Antigonish","Town of Antigonish","-62.00585086","45.6273657","(45.6273657, -62.00585086)"
"1503","2201","7 Maple Dr","Antigonish","1","1218684","Eastern Mainland Housing Authority","Antigonish","Town of Antigonish","-62.00545401","45.62705702","(45.62705702, -62.00545401)"
"1504","2201","10 Maple Dr","Antigonish","1","1218510","Eastern Mainland Housing Authority","Antigonish","Town of Antigonish","-62.00608044","45.62729703","(45.62729703, -62.00608044)"
"1505","2201","11 Maple Dr","Antigonish","1","1218676","Eastern Mainland Housing Authority","Antigonish","Town of Antigonish","-62.0056994","45.62696983","(45.62696983, -62.0056994)"
"1506","2201","3 Greening Dr","Antigonish","2","1221407","Eastern Mainland Housing Authority","Antigonish","Town of Antigonish","-62.00699232","45.61795765","(45.61795765, -62.00699232)"
"1507","2201","7 Greening Dr","Antigonish","2","1221423","Eastern Mainland Housing Authority","Antigonish","Town of Antigonish","-62.0067271","45.61759391","(45.61759391, -62.0067271)"
"1508","2209","19 Martin St","Antigonish","4","1300599","Eastern Mainland Housing Authority","Antigonish","Town of Antigonish","-62.00711633","45.61556269","(45.61556269, -62.00711633)"
"1509","2213","25 Viewville St","Antigonish","1","1218296","Eastern Mainland Housing Authority","Antigonish","Town of Antigonish","-62.01006151","45.62718666","(45.62718666, -62.01006151)"
"1510","2307","24 Grandview Dr","Greenwold","1","1295187","Eastern Mainland Housing Authority","Antigonish","Municipality of the County of Antigonish","-61.97284982","45.61819989","(45.61819989, -61.97284982)"
"1511","2307","28 Grandview Dr","Greenwold","1","1295179","Eastern Mainland Housing Authority","Antigonish","Municipality of the County of Antigonish","-61.9729923","45.61837023","(45.61837023, -61.9729923)"
"1512","2307","1402 Cape Jack Rd","Havre Boucher","1","1295294","Eastern Mainland Housing Authority","Antigonish","Municipality of the County of Antigonish","-61.54243804","45.68373197","(45.68373197, -61.54243804)"
"1513","2307","1410 Cape Jack Rd","Havre Boucher","1","1295286","Eastern Mainland Housing Authority","Antigonish","Municipality of the County of Antigonish","-61.54214277","45.68373204","(45.68373204, -61.54214277)"
"1514","2311","43 Grandview Dr","Greenwold","1","1287945","Eastern Mainland Housing Authority","Antigonish","Municipality of the County of Antigonish","-61.97394472","45.61876928","(45.61876928, -61.97394472)"
"1515","2201","29 Northview Dr","Antigonish","1","1219492","Eastern Mainland Housing Authority","Antigonish","Town of Antigonish","-62.00737605","45.626975","(45.626975, -62.00737605)"
"1516","3415","37 Blainedale Dr","Salmon River","1","20264263","Eastern Mainland Housing Authority","Colchester","Municipality of the County of Colchester","-63.23872461","45.35669238","(45.35669238, -63.23872461)"
"1517","3415","33 Blainedale Dr","Salmon River","1","20264271","Eastern Mainland Housing Authority","Colchester","Municipality of the County of Colchester","-63.23899245","45.35683096","(45.35683096, -63.23899245)"
"1518","3416","35 Jacqueline Cres","Hilden","1","20270484","Eastern Mainland Housing Authority","Colchester","Municipality of the County of Colchester","-63.28867324","45.31986152","(45.31986152, -63.28867324)"
"1519","3420","112 Jeffery Lambert Dr","Hilden","1","20270435","Eastern Mainland Housing Authority","Colchester","Municipality of the County of Colchester","-63.28847775","45.32062524","(45.32062524, -63.28847775)"
"1520","3509","100 Fairview Dr","Truro","1","20174090","Eastern Mainland Housing Authority","Colchester","Town of Truro","-63.27658567","45.35508251","(45.35508251, -63.27658567)"
"1521","3511","71 Centennial Dr","Truro","1","20186821","Eastern Mainland Housing Authority","Colchester","Town of Truro","-63.26420727","45.35778385","(45.35778385, -63.26420727)"
"1522","3601","26 Kitchener St","Stewiacke","1","20119319","Eastern Mainland Housing Authority","Colchester","Town of Stewiacke","-63.34566265","45.13869245","(45.13869245, -63.34566265)"
"1523","3601","30 Kitchener St","Stewiacke","1","20119319","Eastern Mainland Housing Authority","Colchester","Town of Stewiacke","-63.34532013","45.13865298","(45.13865298, -63.34532013)"
"1524","3601","36 Kitchener St","Stewiacke","1","20119319","Eastern Mainland Housing Authority","Colchester","Town of Stewiacke","-63.34499054","45.13860469","(45.13860469, -63.34499054)"
"1525","3601","15 St Andrews St","Stewiacke","1","20119319","Eastern Mainland Housing Authority","Colchester","Town of Stewiacke","-63.34461732","45.13882586","(45.13882586, -63.34461732)"
"1526","3601","21 St Andrews St","Stewiacke","1","20119319","Eastern Mainland Housing Authority","Colchester","Town of Stewiacke","-63.34449544","45.1385637","(45.1385637, -63.34449544)"
"1527","3712","123 Prince Albert St","Pugwash","1","25275850","Cobequid Housing Authority","Cumberland","Municipality of the County of Cumberland","-63.660071","45.85147818","(45.85147818, -63.660071)"
"1528","3712","135 Prince Albert St","Pugwash","1","25275876","Cobequid Housing Authority","Cumberland","Municipality of the County of Cumberland","-63.65973503","45.85155672","(45.85155672, -63.65973503)"
"1529","3712","136 Black St","Pugwash","1","25275876","Cobequid Housing Authority","Cumberland","Municipality of the County of Cumberland","-63.65983453","45.85179139","(45.85179139, -63.65983453)"
"1530","3714","157 Highway 242","Joggins","1","25338898","Cobequid Housing Authority","Cumberland","Municipality of the County of Cumberland","-64.43579754","45.68722802","(45.68722802, -64.43579754)"
"1531","3714","116 Black St","Pugwash","1","25156282","Cobequid Housing Authority","Cumberland","Municipality of the County of Cumberland","-63.66042885","45.8516608","(45.8516608, -63.66042885)"
"1532","3717","1030 James St","West Amherst","4","25043183","Cobequid Housing Authority","Cumberland","Municipality of the County of Cumberland","-64.22617652","45.82183371","(45.82183371, -64.22617652)"
"1533","3718","831 MacDonald Rd","Brookdale","1","25332370","Cobequid Housing Authority","Cumberland","Municipality of the County of Cumberland","-64.17707432","45.81472985","(45.81472985, -64.17707432)"
"1534","3720","116 Hansford Rd","Oxford","1","25211061","Cobequid Housing Authority","Cumberland","Town of Oxford","-63.83690918","45.73581094","(45.73581094, -63.83690918)"
"1535","3804","6 Christie St","Amherst","1","25013384","Cobequid Housing Authority","Cumberland","Town of Amherst","-64.20706975","45.82520862","(45.82520862, -64.20706975)"
"1536","3804","7 East Pleasant St","Amherst","1","25363250","Cobequid Housing Authority","Cumberland","Town of Amherst","-64.20707432","45.82544301","(45.82544301, -64.20707432)"
"1537","3804","72 East Pleasant St","Amherst","1","25026600","Cobequid Housing Authority","Cumberland","Town of Amherst","-64.19960784","45.82623431","(45.82623431, -64.19960784)"
"1538","1812","53 Highway 320","Grande Anse","1","75040022","Cape Breton Island Housing Authority","Richmond","Municipality of the County of Richmond","-61.06013879","45.61894906","(45.61894906, -61.06013879)"
"1539","3804","1 Admore Ave","Amherst","2","25009077","Cobequid Housing Authority","Cumberland","Town of Amherst","-64.20563924","45.82056426","(45.82056426, -64.20563924)"
"1540","3804","46 Academy St","Amherst","1","25008327","Cobequid Housing Authority","Cumberland","Town of Amherst","-64.19923687","45.82867763","(45.82867763, -64.19923687)"
"1541","3815","5 Belliveau Ave","Amherst","1","25011347","Cobequid Housing Authority","Cumberland","Town of Amherst","-64.20367652","45.82411316","(45.82411316, -64.20367652)"
"1542","3815","20 Belliveau Ave","Amherst","1","25011479","Cobequid Housing Authority","Cumberland","Town of Amherst","-64.20261357","45.82361254","(45.82361254, -64.20261357)"
"1543","3815","17 Fairview Ave","Amherst","1","25019746","Cobequid Housing Authority","Cumberland","Town of Amherst","-64.20232424","45.82392179","(45.82392179, -64.20232424)"
"1546","2007","14 MacKenzie Ave","Inverness","1","50130780","Cape Breton Island Housing Authority","Inverness","Municipality of the County of Inverness","-61.30662987","46.23093424","(46.23093424, -61.30662987)"
"1547","3815","12 Belliveau Ave","Amherst","1","25011412","Cobequid Housing Authority","Cumberland","Town of Amherst","-64.20285028","45.82386598","(45.82386598, -64.20285028)"
"1548","3815","89 Willow St","Amherst","1","25041567","Cobequid Housing Authority","Cumberland","Town of Amherst","-64.19331598","45.83399872","(45.83399872, -64.19331598)"
"1549","3816","22 Dickey St","Amherst","1","25017823","Cobequid Housing Authority","Cumberland","Town of Amherst","-64.19758808","45.83229333","(45.83229333, -64.19758808)"
"1550","3816","23 Poplar St","Amherst","1","25027525","Cobequid Housing Authority","Cumberland","Town of Amherst","-64.20489634","45.82388539","(45.82388539, -64.20489634)"
"1551","3818","25 Central Ave","Amherst","1","25012493","Cobequid Housing Authority","Cumberland","Town of Amherst","-64.20103005","45.82386166","(45.82386166, -64.20103005)"
"1552","3818","31 Central Ave","Amherst","1","25012550","Cobequid Housing Authority","Cumberland","Town of Amherst","-64.20058059","45.8233967","(45.8233967, -64.20058059)"
"1553","3816","26 Dickey St","Amherst","1","25017849","Cobequid Housing Authority","Cumberland","Town of Amherst","-64.19723451","45.8325302","(45.8325302, -64.19723451)"
"1554","3818","33 Central Ave","Amherst","1","25012576","Cobequid Housing Authority","Cumberland","Town of Amherst","-64.20048061","45.82328896","(45.82328896, -64.20048061)"
"1555","3819","37 Central Ave","Amherst","1","25012584","Cobequid Housing Authority","Cumberland","Town of Amherst","-64.2003148","45.82302331","(45.82302331, -64.2003148)"
"1556","3818","35 Central Ave","Amherst","1","25012592","Cobequid Housing Authority","Cumberland","Town of Amherst","-64.20037196","45.8231802","(45.8231802, -64.20037196)"
"1557","3819","55 Academy St","Amherst","1","25008400","Cobequid Housing Authority","Cumberland","Town of Amherst","-64.19898197","45.82809166","(45.82809166, -64.19898197)"
"1558","3819","57 Croft St","Amherst","1","25017146","Cobequid Housing Authority","Cumberland","Town of Amherst","-64.2034441","45.82619531","(45.82619531, -64.2034441)"
"1559","3820","9 Derby St","Amherst","1","25006792","Cobequid Housing Authority","Cumberland","Town of Amherst","-64.19640598","45.84383328","(45.84383328, -64.19640598)"
"1560","3820","39 Central Ave","Amherst","1","25012584","Cobequid Housing Authority","Cumberland","Town of Amherst","-64.20020218","45.82291925","(45.82291925, -64.20020218)"
"1561","3820","25 Mission St","Amherst","2","25024415","Cobequid Housing Authority","Cumberland","Town of Amherst","-64.2134151","45.82074647","(45.82074647, -64.2134151)"
"1562","3823","5 Anson Ave","Amherst","4","25010927","Cobequid Housing Authority","Cumberland","Town of Amherst","-64.21669146","45.82321969","(45.82321969, -64.21669146)"
"1563","3830","11 Edgewood Ave","Amherst","2","25166208","Cobequid Housing Authority","Cumberland","Town of Amherst","-64.20474565","45.8206723","(45.8206723, -64.20474565)"
"1564","3827","7 Brownell Ave","Amherst","1","25012113","Cobequid Housing Authority","Cumberland","Town of Amherst","-64.21478548","45.83794091","(45.83794091, -64.21478548)"
"1565","3827","11 Brownell Ave","Amherst","1","25183187","Cobequid Housing Authority","Cumberland","Town of Amherst","-64.21457702","45.83805104","(45.83805104, -64.21457702)"
"1566","3830","13 Edgewood Ave","Amherst","2","25166208","Cobequid Housing Authority","Cumberland","Town of Amherst","-64.204528","45.82080117","(45.82080117, -64.204528)"
"1567","3836","77 Cornwall St","Amherst","1","25135260","Cobequid Housing Authority","Cumberland","Town of Amherst","-64.22191996","45.81838319","(45.81838319, -64.22191996)"
"1568","3831","10 Summit Ave","Amherst","2","25032905","Cobequid Housing Authority","Cumberland","Town of Amherst","-64.21046641","45.8391978","(45.8391978, -64.21046641)"
"1569","3836","8 Summit Ave","Amherst","2","25006149","Cobequid Housing Authority","Cumberland","Town of Amherst","-64.21076247","45.83907809","(45.83907809, -64.21076247)"
"1570","3901","86 Mechanic St","Springhill","1","25235987","Cobequid Housing Authority","Cumberland","Municipality of the County of Cumberland","-64.05221905","45.64395112","(45.64395112, -64.05221905)"
"1571","3901","90 Mechanic St","Springhill","1","25236001","Cobequid Housing Authority","Cumberland","Municipality of the County of Cumberland","-64.05210514","45.64375272","(45.64375272, -64.05210514)"
"1572","3901","94 Mechanic St","Springhill","1","25236027","Cobequid Housing Authority","Cumberland","Municipality of the County of Cumberland","-64.05201692","45.64355442","(45.64355442, -64.05201692)"
"1573","3901","98 Mechanic St","Springhill","1","25236043","Cobequid Housing Authority","Cumberland","Municipality of the County of Cumberland","-64.05190317","45.64334701","(45.64334701, -64.05190317)"
"1574","3901","99 Mechanic St","Springhill","1","25235979","Cobequid Housing Authority","Cumberland","Municipality of the County of Cumberland","-64.05232866","45.64307872","(45.64307872, -64.05232866)"
"1575","3901","102 Mechanic St","Springhill","1","25236068","Cobequid Housing Authority","Cumberland","Municipality of the County of Cumberland","-64.05184039","45.64317579","(45.64317579, -64.05184039)"
"1576","3901","103 Mechanic St","Springhill","1","25235995","Cobequid Housing Authority","Cumberland","Municipality of the County of Cumberland","-64.05222759","45.64288037","(45.64288037, -64.05222759)"
"1577","3901","107 Mechanic St","Springhill","1","25236019","Cobequid Housing Authority","Cumberland","Municipality of the County of Cumberland","-64.05208808","45.64268185","(45.64268185, -64.05208808)"
"1578","3901","111 Mechanic St","Springhill","1","25236035","Cobequid Housing Authority","Cumberland","Municipality of the County of Cumberland","-64.05198717","45.64246548","(45.64246548, -64.05198717)"
"1579","3828","144 Victoria St W","Amherst","4","25139395","Cobequid Housing Authority","Cumberland","Town of Amherst","-64.225972","45.82204716","(45.82204716, -64.225972)"
"1580","3901","115 Mechanic St","Springhill","1","25236050","Cobequid Housing Authority","Cumberland","Municipality of the County of Cumberland","-64.05188635","45.64224016","(45.64224016, -64.05188635)"
"1581","3904","16 King St","Springhill","1","25232018","Cobequid Housing Authority","Cumberland","Municipality of the County of Cumberland","-64.06141366","45.65262508","(45.65262508, -64.06141366)"
"1582","3904","10 King St","Springhill","1","25231978","Cobequid Housing Authority","Cumberland","Municipality of the County of Cumberland","-64.06208158","45.65252862","(45.65252862, -64.06208158)"
"1583","3904","37 Queen St","Springhill","1","25241647","Cobequid Housing Authority","Cumberland","Municipality of the County of Cumberland","-64.06120624","45.65124756","(45.65124756, -64.06120624)"
"1584","3904","41 Queen St","Springhill","1","25241662","Cobequid Housing Authority","Cumberland","Municipality of the County of Cumberland","-64.0608336","45.65131808","(45.65131808, -64.0608336)"
"1585","3904","61 Queen St","Springhill","1","25241779","Cobequid Housing Authority","Cumberland","Municipality of the County of Cumberland","-64.05886832","45.65160749","(45.65160749, -64.05886832)"
"1586","3909","144 McGee St","Springhill","1","25238601","Cobequid Housing Authority","Cumberland","Municipality of the County of Cumberland","-64.07225949","45.63861994","(45.63861994, -64.07225949)"
"1587","3909","164 McGee St","Springhill","1","25238833","Cobequid Housing Authority","Cumberland","Municipality of the County of Cumberland","-64.07369669","45.63685266","(45.63685266, -64.07369669)"
"1588","3909","170 McGee St","Springhill","1","25238890","Cobequid Housing Authority","Cumberland","Municipality of the County of Cumberland","-64.07407219","45.63639512","(45.63639512, -64.07407219)"
"1589","3909","19 Harrison Ave","Springhill","1","25229238","Cobequid Housing Authority","Cumberland","Municipality of the County of Cumberland","-64.06892797","45.63908408","(45.63908408, -64.06892797)"
"1590","3909","157 Victoria St","Springhill","1","25244104","Cobequid Housing Authority","Cumberland","Municipality of the County of Cumberland","-64.05325063","45.6384392","(45.6384392, -64.05325063)"
"1591","3911","108 Mechanic St","Springhill","1","25236092","Cobequid Housing Authority","Cumberland","Municipality of the County of Cumberland","-64.05158793","45.64266193","(45.64266193, -64.05158793)"
"1592","3911","110 Mechanic St","Springhill","1","25236100","Cobequid Housing Authority","Cumberland","Municipality of the County of Cumberland","-64.05149947","45.6424906","(45.6424906, -64.05149947)"
"1593","3911","11 Herrett Rd","Springhill","1","25229428","Cobequid Housing Authority","Cumberland","Municipality of the County of Cumberland","-64.06650816","45.64254847","(45.64254847, -64.06650816)"
"1594","3912","2 Maple St","Springhill","3","25234980","Cobequid Housing Authority","Cumberland","Municipality of the County of Cumberland","-64.05773926","45.65324079","(45.65324079, -64.05773926)"
"1595","3913","6 Mechanic St","Springhill","4","25235375","Cobequid Housing Authority","Cumberland","Municipality of the County of Cumberland","-64.05558071","45.65037098","(45.65037098, -64.05558071)"
"1596","3914","64 Church St","Springhill","1","25225285","Cobequid Housing Authority","Cumberland","Municipality of the County of Cumberland","-64.05758907","45.64672797","(45.64672797, -64.05758907)"
"1597","3914","62 Church St","Springhill","1","25225285","Cobequid Housing Authority","Cumberland","Municipality of the County of Cumberland","-64.05763084","45.64682545","(45.64682545, -64.05763084)"
"1598","3914","66 Church St","Springhill","1","25225301","Cobequid Housing Authority","Cumberland","Municipality of the County of Cumberland","-64.05755594","45.64666679","(45.64666679, -64.05755594)"
"1599","3916","68 Church St","Springhill","1","25225301","Cobequid Housing Authority","Cumberland","Municipality of the County of Cumberland","-64.05750721","45.64656943","(45.64656943, -64.05750721)"
"1600","3917","15 Leckie St","Springhill","1","25232224","Cobequid Housing Authority","Cumberland","Municipality of the County of Cumberland","-64.0646924","45.64217522","(45.64217522, -64.0646924)"
"1601","3917","17 Leckie St","Springhill","1","25232224","Cobequid Housing Authority","Cumberland","Municipality of the County of Cumberland","-64.06464761","45.6420809","(45.6420809, -64.06464761)"
"1602","4005","120 Queen St","Parrsboro","1","25080789","Cobequid Housing Authority","Cumberland","Town of Parrsboro","-64.32930038","45.40430147","(45.40430147, -64.32930038)"
"1603","4006","63 Dominion St","Parrsboro","1","25350737","Cobequid Housing Authority","Cumberland","Town of Parrsboro","-64.32711146","45.40579187","(45.40579187, -64.32711146)"
"1604","4006","69 Dominion St","Parrsboro","1","25350745","Cobequid Housing Authority","Cumberland","Town of Parrsboro","-64.32707259","45.40595378","(45.40595378, -64.32707259)"
"1605","4008","83 Queen St","Parrsboro","1","25219171","Cobequid Housing Authority","Cumberland","Town of Parrsboro","-64.33052634","45.40441128","(45.40441128, -64.33052634)"
"1606","4008","35 Sargent Ave","Parrsboro","1","25081308","Cobequid Housing Authority","Cumberland","Town of Parrsboro","-64.32795577","45.41380188","(45.41380188, -64.32795577)"
"1607","4008","45 Sargent Ave","Parrsboro","1","25081324","Cobequid Housing Authority","Cumberland","Town of Parrsboro","-64.32768731","45.41384644","(45.41384644, -64.32768731)"
"1608","2406","41 Front St","Hazel Hill","1","35045830","Eastern Mainland Housing Authority","Guysborough","Municipality of the District of Guysborough","-61.02769416","45.32884161","(45.32884161, -61.02769416)"
"1609","2501","1 Duke St","Canso","1","35025451","Eastern Mainland Housing Authority","Guysborough","Municipality of the District of Guysborough","-60.99504324","45.33371763","(45.33371763, -60.99504324)"
"1610","2501","13 Duke St","Canso","1","35025485","Eastern Mainland Housing Authority","Guysborough","Municipality of the District of Guysborough","-60.99531111","45.3337278","(45.3337278, -60.99531111)"
"1611","4005","146 Two Islands Rd","Parrsboro","1","25220427","Cobequid Housing Authority","Cumberland","Town of Parrsboro","-64.32366601","45.40047742","(45.40047742, -64.32366601)"
"1612","2501","23 Duke St","Canso","1","35025519","Eastern Mainland Housing Authority","Guysborough","Municipality of the District of Guysborough","-60.99557895","45.33372902","(45.33372902, -60.99557895)"
"1613","2501","33 Duke St","Canso","1","35025543","Eastern Mainland Housing Authority","Guysborough","Municipality of the District of Guysborough","-60.99584667","45.3337572","(45.3337572, -60.99584667)"
"1614","2501","43 Duke St","Canso","1","35025584","Eastern Mainland Housing Authority","Guysborough","Municipality of the District of Guysborough","-60.99620341","45.33381274","(45.33381274, -60.99620341)"
"1615","2502","67 School St","Canso","1","35024587","Eastern Mainland Housing Authority","Guysborough","Municipality of the District of Guysborough","-60.99411377","45.33493734","(45.33493734, -60.99411377)"
"1616","2502","4 Boyd St","Canso","1","35024553","Eastern Mainland Housing Authority","Guysborough","Municipality of the District of Guysborough","-60.99393658","45.33477457","(45.33477457, -60.99393658)"
"1617","2502","14 Boyd St","Canso","1","35024520","Eastern Mainland Housing Authority","Guysborough","Municipality of the District of Guysborough","-60.99393845","45.33456764","(45.33456764, -60.99393845)"
"1618","2502","28 Boyd St","Canso","1","35024470","Eastern Mainland Housing Authority","Guysborough","Municipality of the District of Guysborough","-60.99403042","45.3342711","(45.3342711, -60.99403042)"
"1619","2502","55 Centennial St","Canso","1","35024058","Eastern Mainland Housing Authority","Guysborough","Municipality of the District of Guysborough","-60.99261387","45.33573157","(45.33573157, -60.99261387)"
"1620","2506","619 Main St","Canso","1","35041490","Eastern Mainland Housing Authority","Guysborough","Municipality of the District of Guysborough","-61.01169649","45.3333041","(45.3333041, -61.01169649)"
"1621","2506","24 Boyd St","Canso","1","35024504","Eastern Mainland Housing Authority","Guysborough","Municipality of the District of Guysborough","-60.99397813","45.33441484","(45.33441484, -60.99397813)"
"1622","2506","987 Union St","Canso","1","35081660","Eastern Mainland Housing Authority","Guysborough","Municipality of the District of Guysborough","-61.00464775","45.33839401","(45.33839401, -61.00464775)"
"1623","2602","305 Middle St","Mulgrave","2","35099597","Eastern Mainland Housing Authority","Guysborough","Town of Mulgrave","-61.39211739","45.61222383","(45.61222383, -61.39211739)"
"1624","2602","307 Middle St","Mulgrave","2","35099613","Eastern Mainland Housing Authority","Guysborough","Town of Mulgrave","-61.39196376","45.61207974","(45.61207974, -61.39196376)"
"1625","2602","38 Tower Rd","Mulgrave","2","35036656","Eastern Mainland Housing Authority","Guysborough","Town of Mulgrave","-61.39153065","45.60393579","(45.60393579, -61.39153065)"
"1626","2603","371 Murray St","Mulgrave","1","35082197","Eastern Mainland Housing Authority","Guysborough","Town of Mulgrave","-61.39687909","45.60948377","(45.60948377, -61.39687909)"
"1627","2603","375 Murray St","Mulgrave","1","35082189","Eastern Mainland Housing Authority","Guysborough","Town of Mulgrave","-61.3966231","45.60925857","(45.60925857, -61.3966231)"
"1628","1812","33 Chemin Fougere Point Rd","Petit-de-Grat","1","75092023","Cape Breton Island Housing Authority","Richmond","Municipality of the County of Richmond","-60.95859765","45.51286497","(45.51286497, -60.95859765)"
"1629","1818","959 Veterans Memorial Dr","Arichat","1","75009647","Cape Breton Island Housing Authority","Richmond","Municipality of the County of Richmond","-60.99734452","45.51177123","(45.51177123, -60.99734452)"
"1630","1819","800 Highway 320","Lennox Passage","1","75115386","Cape Breton Island Housing Authority","Richmond","Municipality of the County of Richmond","-61.088081","45.59888506","(45.59888506, -61.088081)"
"1631","1819","802 Highway 320","Lennox Passage","1","75060384","Cape Breton Island Housing Authority","Richmond","Municipality of the County of Richmond","-61.08810854","45.59878509","(45.59878509, -61.08810854)"
"1632","2801","448 Birch St","New Glasgow","1","956284","Eastern Mainland Housing Authority","Pictou","Town of New Glasgow","-62.6557785","45.59337293","(45.59337293, -62.6557785)"
"1633","1818","961 Veterans Memorial Dr","Arichat","1","75009662","Cape Breton Island Housing Authority","Richmond","Municipality of the County of Richmond","-60.99722413","45.51175779","(45.51175779, -60.99722413)"
"1634","2801","449 Birch St","New Glasgow","1","956151","Eastern Mainland Housing Authority","Pictou","Town of New Glasgow","-62.65592058","45.59371997","(45.59371997, -62.65592058)"
"1635","2801","458 Birch St","New Glasgow","1","956276","Eastern Mainland Housing Authority","Pictou","Town of New Glasgow","-62.65604357","45.59331799","(45.59331799, -62.65604357)"
"1636","2801","469 Birch St","New Glasgow","1","956177","Eastern Mainland Housing Authority","Pictou","Town of New Glasgow","-62.65644349","45.59361594","(45.59361594, -62.65644349)"
"1637","2506","629 Main St","Canso","1","35041490","Eastern Mainland Housing Authority","Guysborough","Municipality of the District of Guysborough","-61.0118488","45.33339475","(45.33339475, -61.0118488)"
"1638","2801","478 Birch St","New Glasgow","1","956243","Eastern Mainland Housing Authority","Pictou","Town of New Glasgow","-62.65656653","45.59320299","(45.59320299, -62.65656653)"
"1639","2801","479 Birch St","New Glasgow","1","956185","Eastern Mainland Housing Authority","Pictou","Town of New Glasgow","-62.65670855","45.59354793","(45.59354793, -62.65670855)"
"1640","2801","488 Birch St","New Glasgow","1","956235","Eastern Mainland Housing Authority","Pictou","Town of New Glasgow","-62.65683152","45.59314793","(45.59314793, -62.65683152)"
"1641","2801","489 Birch St","New Glasgow","1","956193","Eastern Mainland Housing Authority","Pictou","Town of New Glasgow","-62.65696755","45.59349797","(45.59349797, -62.65696755)"
"1642","2801","468 Birch St","New Glasgow","1","956250","Eastern Mainland Housing Authority","Pictou","Town of New Glasgow","-62.65630157","45.59325496","(45.59325496, -62.65630157)"
"1643","2801","459 Birch St","New Glasgow","1","956250","Eastern Mainland Housing Authority","Pictou","Town of New Glasgow","-62.65618249","45.59366799","(45.59366799, -62.65618249)"
"1644","2803","568 Brother St Exten","New Glasgow","1","923631","Eastern Mainland Housing Authority","Pictou","Town of New Glasgow","-62.63331445","45.57876852","(45.57876852, -62.63331445)"
"1645","2803","576 Brother St Exten","New Glasgow","1","923649","Eastern Mainland Housing Authority","Pictou","Town of New Glasgow","-62.63309461","45.57867169","(45.57867169, -62.63309461)"
"1646","2803","598 Brother St Exten","New Glasgow","1","923656","Eastern Mainland Housing Authority","Pictou","Town of New Glasgow","-62.6323981","45.57844465","(45.57844465, -62.6323981)"
"1647","2803","604 Brother St Exten","New Glasgow","1","923664","Eastern Mainland Housing Authority","Pictou","Town of New Glasgow","-62.63217834","45.57834788","(45.57834788, -62.63217834)"
"1648","2817","614 Brother St Exten","New Glasgow","1","65190076","Eastern Mainland Housing Authority","Pictou","Town of New Glasgow","-62.6317397","45.57819925","(45.57819925, -62.6317397)"
"1649","2817","643 Brother St Exten","New Glasgow","1","909788","Eastern Mainland Housing Authority","Pictou","Town of New Glasgow","-62.63035067","45.57730413","(45.57730413, -62.63035067)"
"1650","2817","624 Brother St Exten","New Glasgow","1","65190092","Eastern Mainland Housing Authority","Pictou","Town of New Glasgow","-62.63112019","45.57798042","(45.57798042, -62.63112019)"
"1651","2817","154 Munroe Ave","New Glasgow","3","902684","Eastern Mainland Housing Authority","Pictou","Town of New Glasgow","-62.65963981","45.58601976","(45.58601976, -62.65963981)"
"1652","2817","157 Terra Nova Ave","New Glasgow","1","902510","Eastern Mainland Housing Authority","Pictou","Town of New Glasgow","-62.65876292","45.58588754","(45.58588754, -62.65876292)"
"1653","2817","158 Terra Nova Ave","New Glasgow","1","902486","Eastern Mainland Housing Authority","Pictou","Town of New Glasgow","-62.65864689","45.58554297","(45.58554297, -62.65864689)"
"1654","2819","347 Tremont St","New Glasgow","1","936963","Eastern Mainland Housing Authority","Pictou","Town of New Glasgow","-62.6368665","45.58042237","(45.58042237, -62.6368665)"
"1655","2819","177 Cameron Ave","New Glasgow","1","968966","Eastern Mainland Housing Authority","Pictou","Town of New Glasgow","-62.64925856","45.59793503","(45.59793503, -62.64925856)"
"1656","2819","10 North Ave","New Glasgow","1","1005982","Eastern Mainland Housing Authority","Pictou","Town of New Glasgow","-62.65646117","45.58705321","(45.58705321, -62.65646117)"
"1657","2819","306 Reservoir St","New Glasgow","1","948950","Eastern Mainland Housing Authority","Pictou","Town of New Glasgow","-62.63000956","45.58840254","(45.58840254, -62.63000956)"
"1658","2819","524 Willow Ave","New Glasgow","1","957274","Eastern Mainland Housing Authority","Pictou","Town of New Glasgow","-62.66471067","45.58949184","(45.58949184, -62.66471067)"
"1659","2819","544 Willow Ave","New Glasgow","1","957274","Eastern Mainland Housing Authority","Pictou","Town of New Glasgow","-62.66534982","45.58937201","(45.58937201, -62.66534982)"
"1660","2820","37 North St","New Glasgow","1","1006980","Eastern Mainland Housing Authority","Pictou","Town of New Glasgow","-62.6547085","45.58572792","(45.58572792, -62.6547085)"
"1661","2820","448 Brother St","New Glasgow","1","65047847","Eastern Mainland Housing Authority","Pictou","Town of New Glasgow","-62.6383004","45.58073685","(45.58073685, -62.6383004)"
"1662","2820","452 Brother St","New Glasgow","1","65047854","Eastern Mainland Housing Authority","Pictou","Town of New Glasgow","-62.63817229","45.58090487","(45.58090487, -62.63817229)"
"1663","2820","181 Munroe Ave","New Glasgow","1","1006436","Eastern Mainland Housing Authority","Pictou","Town of New Glasgow","-62.66137722","45.5860509","(45.5860509, -62.66137722)"
"1664","2824","39 View St","New Glasgow","1","1006782","Eastern Mainland Housing Authority","Pictou","Town of New Glasgow","-62.65314375","45.58669291","(45.58669291, -62.65314375)"
"1665","2824","45 View St","New Glasgow","1","1006782","Eastern Mainland Housing Authority","Pictou","Town of New Glasgow","-62.6533755","45.58664102","(45.58664102, -62.6533755)"
"1666","2904","33 Hampson St","Trenton","1","928259","Eastern Mainland Housing Authority","Pictou","Town of Trenton","-62.63613171","45.61123327","(45.61123327, -62.63613171)"
"1667","2904","70 Hampson St","Trenton","1","927780","Eastern Mainland Housing Authority","Pictou","Town of Trenton","-62.63456357","45.6103439","(45.6103439, -62.63456357)"
"1668","2904","68 Duchess Ave","Trenton","1","1021930","Eastern Mainland Housing Authority","Pictou","Town of Trenton","-62.62886069","45.61765466","(45.61765466, -62.62886069)"
"1669","2905","50 Thirteenth St","Trenton","1","65017196","Eastern Mainland Housing Authority","Pictou","Town of Trenton","-62.62431468","45.61583795","(45.61583795, -62.62431468)"
"1670","2905","1 Scotia St","Trenton","1","902973","Eastern Mainland Housing Authority","Pictou","Town of Trenton","-62.63706562","45.61839597","(45.61839597, -62.63706562)"
"1671","2906","65 Thirteenth St","Trenton","1","65017345","Eastern Mainland Housing Authority","Pictou","Town of Trenton","-62.62436868","45.61660591","(45.61660591, -62.62436868)"
"1672","2904","73 Thirteenth St","Trenton","1","65017329","Eastern Mainland Housing Authority","Pictou","Town of Trenton","-62.62415921","45.61689476","(45.61689476, -62.62415921)"
"1673","3001","2339 Spring Garden Rd","Westville","1","907543","Eastern Mainland Housing Authority","Pictou","Town of Westville","-62.71753825","45.56861545","(45.56861545, -62.71753825)"
"1674","3001","2345 Spring Garden Rd","Westville","1","907527","Eastern Mainland Housing Authority","Pictou","Town of Westville","-62.71779578","45.56867572","(45.56867572, -62.71779578)"
"1675","3001","1817 Acadia Ave","Westville","1","1026277","Eastern Mainland Housing Authority","Pictou","Town of Westville","-62.70113438","45.56296716","(45.56296716, -62.70113438)"
"1676","3001","1825 Acadia Ave","Westville","1","1026269","Eastern Mainland Housing Authority","Pictou","Town of Westville","-62.70144076","45.56291891","(45.56291891, -62.70144076)"
"1677","3001","1833 Acadia Ave","Westville","1","1026251","Eastern Mainland Housing Authority","Pictou","Town of Westville","-62.70172197","45.56288896","(45.56288896, -62.70172197)"
"1678","3002","1613 Matheson St","Westville","1","1033679","Eastern Mainland Housing Authority","Pictou","Town of Westville","-62.71606995","45.56825317","(45.56825317, -62.71606995)"
"1679","3002","1621 Matheson St","Westville","1","1033661","Eastern Mainland Housing Authority","Pictou","Town of Westville","-62.71620718","45.56808073","(45.56808073, -62.71620718)"
"1680","3002","1629 Matheson St","Westville","1","1033653","Eastern Mainland Housing Authority","Pictou","Town of Westville","-62.7162923","45.56787282","(45.56787282, -62.7162923)"
"1681","3002","1637 Matheson St","Westville","1","1033646","Eastern Mainland Housing Authority","Pictou","Town of Westville","-62.71644256","45.56770925","(45.56770925, -62.71644256)"
"1682","3002","2299 Spring Garden Rd","Westville","1","1033687","Eastern Mainland Housing Authority","Pictou","Town of Westville","-62.71598374","45.56841603","(45.56841603, -62.71598374)"
"1683","3002","2242 Greenhithe St","Westville","1","1033638","Eastern Mainland Housing Authority","Pictou","Town of Westville","-62.71654131","45.56753723","(45.56753723, -62.71654131)"
"1684","3009","1626 Matheson St","Westville","1","1033711","Eastern Mainland Housing Authority","Pictou","Town of Westville","-62.71672143","45.56816523","(45.56816523, -62.71672143)"
"1685","3009","1638 Matheson St","Westville","1","1033737","Eastern Mainland Housing Authority","Pictou","Town of Westville","-62.71693216","45.56783902","(45.56783902, -62.71693216)"
"1686","3009","1644 Matheson St","Westville","1","1033745","Eastern Mainland Housing Authority","Pictou","Town of Westville","-62.71700586","45.56769426","(45.56769426, -62.71700586)"
"1687","3009","1652 Matheson St","Westville","1","1033752","Eastern Mainland Housing Authority","Pictou","Town of Westville","-62.71713014","45.56751301","(45.56751301, -62.71713014)"
"1688","3009","1678 Matheson St","Westville","1","1033794","Eastern Mainland Housing Authority","Pictou","Town of Westville","-62.71752501","45.56681588","(45.56681588, -62.71752501)"
"1689","3009","1687 Matheson St","Westville","1","65089195","Eastern Mainland Housing Authority","Pictou","Town of Westville","-62.71722244","45.56645022","(45.56645022, -62.71722244)"
"1690","3009","2363 Spring Garden Rd","Westville","1","907501","Eastern Mainland Housing Authority","Pictou","Town of Westville","-62.71845177","45.56879467","(45.56879467, -62.71845177)"
"1691","3009","1731 Acadia Ave","Westville","1","1045988","Eastern Mainland Housing Authority","Pictou","Town of Westville","-62.69788701","45.56266832","(45.56266832, -62.69788701)"
"1692","2105","11 Maplewood Dr","Ingonish","1","85051365","Cape Breton Island Housing Authority","Victoria","Municipality of the County of Victoria","-60.39678995","46.69351408","(46.69351408, -60.39678995)"
"1693","3009","2355 Spring Garden Rd","Westville","1","907519","Eastern Mainland Housing Authority","Pictou","Town of Westville","-62.71807876","45.56872669","(45.56872669, -62.71807876)"
"1694","3009","2241 Greenhithe St","Westville","1","65089146","Eastern Mainland Housing Authority","Pictou","Town of Westville","-62.71672667","45.56722032","(45.56722032, -62.71672667)"
"1695","3009","2254 Scotia St","Westville","1","1033802","Eastern Mainland Housing Authority","Pictou","Town of Westville","-62.7175865","45.56669829","(45.56669829, -62.7175865)"
"1696","3011","1984 Church St","Westville","1","1018571","Eastern Mainland Housing Authority","Pictou","Town of Westville","-62.71658615","45.55774647","(45.55774647, -62.71658615)"
"1697","3011","2036 Court St","Westville","1","1014919","Eastern Mainland Housing Authority","Pictou","Town of Westville","-62.71599219","45.55752787","(45.55752787, -62.71599219)"
"1698","3011","1819 Temperance St","Westville","1","1026053","Eastern Mainland Housing Authority","Pictou","Town of Westville","-62.69583562","45.55896442","(45.55896442, -62.69583562)"
"1699","2106","115 Highland St","Ingonish","1","85085967","Cape Breton Island Housing Authority","Victoria","Municipality of the County of Victoria","-60.3986794","46.69535615","(46.69535615, -60.3986794)"
"1700","3011","1902 Dufferin St","Westville","1","1031368","Eastern Mainland Housing Authority","Pictou","Town of Westville","-62.7062998","45.56070812","(45.56070812, -62.7062998)"
"1701","3009","1813 Park St","Westville","1","901959","Eastern Mainland Housing Authority","Pictou","Town of Westville","-62.71165262","45.55169801","(45.55169801, -62.71165262)"
"1702","3201","72 Veterans Dr","Pictou","1","985630","Eastern Mainland Housing Authority","Pictou","Town of Pictou","-62.7255526","45.67795941","(45.67795941, -62.7255526)"
"1703","3201","3 Hector Ave","Pictou","1","985614","Eastern Mainland Housing Authority","Pictou","Town of Pictou","-62.72601342","45.67766383","(45.67766383, -62.72601342)"
"1704","4201","3 Lahey Rd","Dartmouth","5","96271","Metropolitan Regional Housing Authority","Halifax","Halifax Regional Municipality","-63.58850768","44.67792134","(44.67792134, -63.58850768)"
"1705","4201","9 Lahey Rd","Dartmouth","5","96271","Metropolitan Regional Housing Authority","Halifax","Halifax Regional Municipality","-63.58807731","44.67801964","(44.67801964, -63.58807731)"
"1706","4201","15 Lahey Rd","Dartmouth","5","96271","Metropolitan Regional Housing Authority","Halifax","Halifax Regional Municipality","-63.58792534","44.67837842","(44.67837842, -63.58792534)"
"1707","4201","21 Lahey Rd","Dartmouth","5","96271","Metropolitan Regional Housing Authority","Halifax","Halifax Regional Municipality","-63.58768883","44.67857901","(44.67857901, -63.58768883)"
"1708","4201","27 Lahey Rd","Dartmouth","5","96271","Metropolitan Regional Housing Authority","Halifax","Halifax Regional Municipality","-63.5872507","44.67876541","(44.67876541, -63.5872507)"
"1709","4201","39 Lahey Rd","Dartmouth","5","96248","Metropolitan Regional Housing Authority","Halifax","Halifax Regional Municipality","-63.58653895","44.67935009","(44.67935009, -63.58653895)"
"1710","4201","45 Lahey Rd","Dartmouth","5","96248","Metropolitan Regional Housing Authority","Halifax","Halifax Regional Municipality","-63.58636015","44.67957096","(44.67957096, -63.58636015)"
"1711","4201","33 Lahey Rd","Dartmouth","5","96248","Metropolitan Regional Housing Authority","Halifax","Halifax Regional Municipality","-63.5869608","44.6791564","(44.6791564, -63.5869608)"
"1712","4202","101 Nova Crt","Dartmouth","64","40463879","Metropolitan Regional Housing Authority","Halifax","Halifax Regional Municipality","-63.57851231","44.67260417","(44.67260417, -63.57851231)"
"1713","4202","1 Fundy Lane","Dartmouth","1","82644","Metropolitan Regional Housing Authority","Halifax","Halifax Regional Municipality","-63.57611127","44.67409044","(44.67409044, -63.57611127)"
"1714","4202","3 Fundy Lane","Dartmouth","1","82644","Metropolitan Regional Housing Authority","Halifax","Halifax Regional Municipality","-63.57616753","44.67411969","(44.67411969, -63.57616753)"
"1715","4202","4 Fundy Lane","Dartmouth","1","82644","Metropolitan Regional Housing Authority","Halifax","Halifax Regional Municipality","-63.57635873","44.67391516","(44.67391516, -63.57635873)"
"1716","4202","2 Fundy Lane","Dartmouth","1","82644","Metropolitan Regional Housing Authority","Halifax","Halifax Regional Municipality","-63.57630371","44.67388679","(44.67388679, -63.57630371)"
"1717","4202","6 Fundy Lane","Dartmouth","1","82644","Metropolitan Regional Housing Authority","Halifax","Halifax Regional Municipality","-63.57641373","44.67394982","(44.67394982, -63.57641373)"
"1718","4202","7 Fundy Lane","Dartmouth","1","82644","Metropolitan Regional Housing Authority","Halifax","Halifax Regional Municipality","-63.57630278","44.67418021","(44.67418021, -63.57630278)"
"1719","4202","8 Fundy Lane","Dartmouth","1","82644","Metropolitan Regional Housing Authority","Halifax","Halifax Regional Municipality","-63.57648121","44.67398546","(44.67398546, -63.57648121)"
"1720","4202","5 Fundy Lane","Dartmouth","1","82644","Metropolitan Regional Housing Authority","Halifax","Halifax Regional Municipality","-63.57625157","44.67415007","(44.67415007, -63.57625157)"
"1721","4202","9 Fundy Lane","Dartmouth","1","82644","Metropolitan Regional Housing Authority","Halifax","Halifax Regional Municipality","-63.57637674","44.6742114","(44.6742114, -63.57637674)"
"1722","4202","10 Fundy Lane","Dartmouth","1","82644","Metropolitan Regional Housing Authority","Halifax","Halifax Regional Municipality","-63.57653626","44.67401645","(44.67401645, -63.57653626)"
"1723","4202","11 Fundy Lane","Dartmouth","1","82644","Metropolitan Regional Housing Authority","Halifax","Halifax Regional Municipality","-63.57642549","44.67424057","(44.67424057, -63.57642549)"
"1724","4202","12 Fundy Lane","Dartmouth","1","82644","Metropolitan Regional Housing Authority","Halifax","Halifax Regional Municipality","-63.57659246","44.67404843","(44.67404843, -63.57659246)"
"1725","4202","1 Canso Lane","Dartmouth","1","82644","Metropolitan Regional Housing Authority","Halifax","Halifax Regional Municipality","-63.57710581","44.67317598","(44.67317598, -63.57710581)"
"1726","4202","2 Canso Lane","Dartmouth","1","82644","Metropolitan Regional Housing Authority","Halifax","Halifax Regional Municipality","-63.57732415","44.67300678","(44.67300678, -63.57732415)"
"1727","4202","3 Canso Lane","Dartmouth","1","82644","Metropolitan Regional Housing Authority","Halifax","Halifax Regional Municipality","-63.57716593","44.67320172","(44.67320172, -63.57716593)"
"1728","4202","4 Canso Lane","Dartmouth","1","82644","Metropolitan Regional Housing Authority","Halifax","Halifax Regional Municipality","-63.57738418","44.67303873","(44.67303873, -63.57738418)"
"1729","4202","5 Canso Lane","Dartmouth","1","82644","Metropolitan Regional Housing Authority","Halifax","Halifax Regional Municipality","-63.57722355","44.67322915","(44.67322915, -63.57722355)"
"1730","4202","6 Canso Lane","Dartmouth","1","82644","Metropolitan Regional Housing Authority","Halifax","Halifax Regional Municipality","-63.57743667","44.67306706","(44.67306706, -63.57743667)"
"1731","4202","7 Canso Lane","Dartmouth","1","82644","Metropolitan Regional Housing Authority","Halifax","Halifax Regional Municipality","-63.57729232","44.67326304","(44.67326304, -63.57729232)"
"1732","4202","8 Canso Lane","Dartmouth","1","82644","Metropolitan Regional Housing Authority","Halifax","Halifax Regional Municipality","-63.57749673","44.67310175","(44.67310175, -63.57749673)"
"1733","4202","9 Canso Lane","Dartmouth","1","82644","Metropolitan Regional Housing Authority","Halifax","Halifax Regional Municipality","-63.57736252","44.67329419","(44.67329419, -63.57736252)"
"1734","4202","11 Canso Lane","Dartmouth","1","82644","Metropolitan Regional Housing Authority","Halifax","Halifax Regional Municipality","-63.57742507","44.67332619","(44.67332619, -63.57742507)"
"1735","4202","12 Canso Lane","Dartmouth","1","82644","Metropolitan Regional Housing Authority","Halifax","Halifax Regional Municipality","-63.57761177","44.67316122","(44.67316122, -63.57761177)"
"1736","4202","1 Chebucto Lane","Dartmouth","1","82644","Metropolitan Regional Housing Authority","Halifax","Halifax Regional Municipality","-63.57761591","44.67274181","(44.67274181, -63.57761591)"
"1737","4202","2 Chebucto Lane","Dartmouth","1","82644","Metropolitan Regional Housing Authority","Halifax","Halifax Regional Municipality","-63.57781561","44.67255718","(44.67255718, -63.57781561)"
"1738","4202","3 Chebucto Lane","Dartmouth","1","82644","Metropolitan Regional Housing Authority","Halifax","Halifax Regional Municipality","-63.57767601","44.67277203","(44.67277203, -63.57767601)"
"1739","4202","4 Chebucto Lane","Dartmouth","1","82644","Metropolitan Regional Housing Authority","Halifax","Halifax Regional Municipality","-63.57787058","44.67258818","(44.67258818, -63.57787058)"
"1740","4202","5 Chebucto Lane","Dartmouth","1","82644","Metropolitan Regional Housing Authority","Halifax","Halifax Regional Municipality","-63.57773103","44.67280035","(44.67280035, -63.57773103)"
"1741","4202","6 Chebucto Lane","Dartmouth","1","82644","Metropolitan Regional Housing Authority","Halifax","Halifax Regional Municipality","-63.57792311","44.67262011","(44.67262011, -63.57792311)"
"1742","4202","7 Chebucto Lane","Dartmouth","1","82644","Metropolitan Regional Housing Authority","Halifax","Halifax Regional Municipality","-63.57779864","44.67283331","(44.67283331, -63.57779864)"
"1743","4202","8 Chebucto Lane","Dartmouth","1","82644","Metropolitan Regional Housing Authority","Halifax","Halifax Regional Municipality","-63.5779957","44.67265398","(44.67265398, -63.5779957)"
"1744","4202","9 Chebucto Lane","Dartmouth","1","82644","Metropolitan Regional Housing Authority","Halifax","Halifax Regional Municipality","-63.5778637","44.67286356","(44.67286356, -63.5778637)"
"1745","4202","10 Chebucto Lane","Dartmouth","1","82644","Metropolitan Regional Housing Authority","Halifax","Halifax Regional Municipality","-63.5780532","44.67268508","(44.67268508, -63.5780532)"
"1746","4202","11 Chebucto Lane","Dartmouth","1","82644","Metropolitan Regional Housing Authority","Halifax","Halifax Regional Municipality","-63.57791628","44.67289183","(44.67289183, -63.57791628)"
"1747","4202","12 Chebucto Lane","Dartmouth","1","82644","Metropolitan Regional Housing Authority","Halifax","Halifax Regional Municipality","-63.5781083","44.6727134","(44.6727134, -63.5781083)"
"1748","4202","1 Bras Dor Lane","Dartmouth","1","82644","Metropolitan Regional Housing Authority","Halifax","Halifax Regional Municipality","-63.576603","44.67362464","(44.67362464, -63.576603)"
"1749","4202","2 Bras Dor Lane","Dartmouth","1","82644","Metropolitan Regional Housing Authority","Halifax","Halifax Regional Municipality","-63.57679255","44.67344256","(44.67344256, -63.57679255)"
"1750","4202","3 Bras Dor Lane","Dartmouth","1","82644","Metropolitan Regional Housing Authority","Halifax","Halifax Regional Municipality","-63.57666185","44.673653","(44.673653, -63.57666185)"
"1751","4202","4 Bras Dor Lane","Dartmouth","1","82644","Metropolitan Regional Housing Authority","Halifax","Halifax Regional Municipality","-63.57685259","44.67347638","(44.67347638, -63.57685259)"
"1752","4202","5 Bras Dor Lane","Dartmouth","1","82644","Metropolitan Regional Housing Authority","Halifax","Halifax Regional Municipality","-63.57672564","44.67368592","(44.67368592, -63.57672564)"
"1753","4202","6 Bras Dor Lane","Dartmouth","1","82644","Metropolitan Regional Housing Authority","Halifax","Halifax Regional Municipality","-63.57691132","44.67350834","(44.67350834, -63.57691132)"
"1754","2201","12 Sunset Terr","Antigonish","1","1219005","Eastern Mainland Housing Authority","Antigonish","Town of Antigonish","-62.01204604","45.62628497","(45.62628497, -62.01204604)"
"1755","2201","30 Maple Dr","Antigonish","1","1218544","Eastern Mainland Housing Authority","Antigonish","Town of Antigonish","-62.00893287","45.62570675","(45.62570675, -62.00893287)"
"1756","2201","31 Northview Dr","Antigonish","1","1219492","Eastern Mainland Housing Authority","Antigonish","Town of Antigonish","-62.0072824","45.62709236","(45.62709236, -62.0072824)"
"1757","2201","8 Maple Dr","Antigonish","1","1218502","Eastern Mainland Housing Authority","Antigonish","Town of Antigonish","-62.0057795","45.62724705","(45.62724705, -62.0057795)"
"1758","2201","9 Maple Dr","Antigonish","1","1218684","Eastern Mainland Housing Authority","Antigonish","Town of Antigonish","-62.00576035","45.62712977","(45.62712977, -62.00576035)"
"1759","2311","45 Grandview Dr","Greenwold","1","1287945","Eastern Mainland Housing Authority","Antigonish","Municipality of the County of Antigonish","-61.97386643","45.61897865","(45.61897865, -61.97386643)"
"1760","2201","16 Greening Dr (A&B)","Antigonish","2","1221662","Eastern Mainland Housing Authority","Antigonish","Town of Antigonish","-62.0065824","45.61655835","(45.61655835, -62.0065824)"
"1761","2213","24 Viewville St (A&B)","Antigonish","2","1218130","Eastern Mainland Housing Authority","Antigonish","Town of Antigonish","-62.01033658","45.62746486","(45.62746486, -62.01033658)"
"1762","4202","7 Bras Dor Lane","Dartmouth","1","82644","Metropolitan Regional Housing Authority","Halifax","Halifax Regional Municipality","-63.57678443","44.67371608","(44.67371608, -63.57678443)"
"1763","2201","16 Greening Dr (C&D)","Antigonish","2","1221654","Eastern Mainland Housing Authority","Antigonish","Town of Antigonish","-62.00646875","45.61636779","(45.61636779, -62.00646875)"
"1764","4202","8 Bras Dor Lane","Dartmouth","1","82644","Metropolitan Regional Housing Authority","Halifax","Halifax Regional Municipality","-63.57697763","44.67354125","(44.67354125, -63.57697763)"
"1765","4202","9 Bras Dor Lane","Dartmouth","1","82644","Metropolitan Regional Housing Authority","Halifax","Halifax Regional Municipality","-63.57684445","44.6737481","(44.6737481, -63.57684445)"
"1766","4202","10 Bras Dor Lane","Dartmouth","1","82644","Metropolitan Regional Housing Authority","Halifax","Halifax Regional Municipality","-63.57704272","44.6735751","(44.6735751, -63.57704272)"
"1767","4202","11 Bras Dor Lane","Dartmouth","1","82644","Metropolitan Regional Housing Authority","Halifax","Halifax Regional Municipality","-63.57690201","44.67377734","(44.67377734, -63.57690201)"
"1768","4202","12 Bras Dor Lane","Dartmouth","1","82644","Metropolitan Regional Housing Authority","Halifax","Halifax Regional Municipality","-63.57710274","44.67360619","(44.67360619, -63.57710274)"
"1769","4204","53 Leaman Dr","Dartmouth","5","40171860","Metropolitan Regional Housing Authority","Halifax","Halifax Regional Municipality","-63.5812168","44.689109","(44.689109, -63.5812168)"
"1770","4204","57 Leaman Dr","Dartmouth","5","101642","Metropolitan Regional Housing Authority","Halifax","Halifax Regional Municipality","-63.58164066","44.68935178","(44.68935178, -63.58164066)"
"1771","3416","37 Jacqueline Cres","Hilden","1","20270484","Eastern Mainland Housing Authority","Colchester","Municipality of the County of Colchester","-63.28862943","45.31966972","(45.31966972, -63.28862943)"
"1772","3420","114 Jeffery Lambert Dr","Hilden","1","20270435","Eastern Mainland Housing Authority","Colchester","Municipality of the County of Colchester","-63.28827522","45.32051902","(45.32051902, -63.28827522)"
"1773","3511","111 Laurie St","Truro","1","20186821","Eastern Mainland Housing Authority","Colchester","Town of Truro","-63.26446951","45.35758721","(45.35758721, -63.26446951)"
"1774","3509","102 Fairview Dr","Truro","1","20174090","Eastern Mainland Housing Authority","Colchester","Town of Truro","-63.27646145","45.35524199","(45.35524199, -63.27646145)"
"1775","4202","10 Canso Lane","Dartmouth","1","82644","Metropolitan Regional Housing Authority","Halifax","Halifax Regional Municipality","-63.57755674","44.67313197","(44.67313197, -63.57755674)"
"1776","3601","28 Kitchener St","Stewiacke","1","20119319","Eastern Mainland Housing Authority","Colchester","Town of Stewiacke","-63.34543053","45.13851549","(45.13851549, -63.34543053)"
"1777","3601","38 Kitchener St","Stewiacke","1","20119319","Eastern Mainland Housing Authority","Colchester","Town of Stewiacke","-63.34470524","45.1383724","(45.1383724, -63.34470524)"
"1778","1812","35 Chemin Fougere Point Rd","Petit-de-Grat","1","75092023","Cape Breton Island Housing Authority","Richmond","Municipality of the County of Richmond","-60.95850859","45.51291094","(45.51291094, -60.95850859)"
"1779","4210","12 Everette St (A)","Dartmouth","1","40041634","Metropolitan Regional Housing Authority","Halifax","Halifax Regional Municipality","-63.53956116","44.64525958","(44.64525958, -63.53956116)"
"1780","4210","12 Everette St","Dartmouth","1","40041840","Metropolitan Regional Housing Authority","Halifax","Halifax Regional Municipality","-63.53978941","44.64525339","(44.64525339, -63.53978941)"
"1781","4210","3 Mackenzie St","Dartmouth","1","40042038","Metropolitan Regional Housing Authority","Halifax","Halifax Regional Municipality","-63.53974344","44.64498483","(44.64498483, -63.53974344)"
"1782","4210","1 Mackenzie St","Dartmouth","1","227926","Metropolitan Regional Housing Authority","Halifax","Halifax Regional Municipality","-63.53991194","44.64508523","(44.64508523, -63.53991194)"
"1783","4210","28 Mason St","Dartmouth","1","259069","Metropolitan Regional Housing Authority","Halifax","Halifax Regional Municipality","-63.53949872","44.65041685","(44.65041685, -63.53949872)"
"1784","4210","26 Mason St","Dartmouth","1","40070922","Metropolitan Regional Housing Authority","Halifax","Halifax Regional Municipality","-63.5395267","44.6501759","(44.6501759, -63.5395267)"
"1785","4210","7 Novawood Dr","Dartmouth","1","479816","Metropolitan Regional Housing Authority","Halifax","Halifax Regional Municipality","-63.53769347","44.64644353","(44.64644353, -63.53769347)"
"1786","4210","33 Carleton St","Dartmouth","1","260885","Metropolitan Regional Housing Authority","Halifax","Halifax Regional Municipality","-63.52562157","44.63790567","(44.63790567, -63.52562157)"
"1787","4210","15 Herbert St","Dartmouth","1","259226","Metropolitan Regional Housing Authority","Halifax","Halifax Regional Municipality","-63.5391034","44.64870359","(44.64870359, -63.5391034)"
"1788","4210","58 Renfrew St","Dartmouth","1","247825","Metropolitan Regional Housing Authority","Halifax","Halifax Regional Municipality","-63.54603136","44.6595335","(44.6595335, -63.54603136)"
"1789","4210","59 Renfrew St","Dartmouth","1","247346","Metropolitan Regional Housing Authority","Halifax","Halifax Regional Municipality","-63.54635057","44.65975396","(44.65975396, -63.54635057)"
"1790","4210","56 Belmont Ave","Dartmouth","1","261271","Metropolitan Regional Housing Authority","Halifax","Halifax Regional Municipality","-63.52368327","44.63766324","(44.63766324, -63.52368327)"
"1791","4210","60 Belmont Ave","Dartmouth","1","40283525","Metropolitan Regional Housing Authority","Halifax","Halifax Regional Municipality","-63.52327782","44.63801345","(44.63801345, -63.52327782)"
"1792","4210","58 Belmont Ave","Dartmouth","1","40283509","Metropolitan Regional Housing Authority","Halifax","Halifax Regional Municipality","-63.52353617","44.63779068","(44.63779068, -63.52353617)"
"1793","4210","63 Belmont Ave","Dartmouth","1","261206","Metropolitan Regional Housing Authority","Halifax","Halifax Regional Municipality","-63.52369863","44.63802245","(44.63802245, -63.52369863)"
"1794","4215","4 Lilac St","Dartmouth","1","259440","Metropolitan Regional Housing Authority","Halifax","Halifax Regional Municipality","-63.53849823","44.64763744","(44.64763744, -63.53849823)"
"1795","4215","36 Chadwick St","Dartmouth","2","247205","Metropolitan Regional Housing Authority","Halifax","Halifax Regional Municipality","-63.54792455","44.6588851","(44.6588851, -63.54792455)"
"1796","4215","6 Lynwood Dr","Dartmouth","1","40069585","Metropolitan Regional Housing Authority","Halifax","Halifax Regional Municipality","-63.54044361","44.72613135","(44.72613135, -63.54044361)"
"1797","3601","17 St Andrews St","Stewiacke","1","20119319","Eastern Mainland Housing Authority","Colchester","Town of Stewiacke","-63.34438795","45.13878808","(45.13878808, -63.34438795)"
"1798","4215","8 Lynwood Dr","Dartmouth","1","40069577","Metropolitan Regional Housing Authority","Halifax","Halifax Regional Municipality","-63.54054705","44.72597927","(44.72597927, -63.54054705)"
"1799","4215","10 Lynwood Dr","Dartmouth","1","40069569","Metropolitan Regional Housing Authority","Halifax","Halifax Regional Municipality","-63.54061273","44.72582679","(44.72582679, -63.54061273)"
"1800","4215","12 Lynwood Dr","Dartmouth","1","275495","Metropolitan Regional Housing Authority","Halifax","Halifax Regional Municipality","-63.54071641","44.72566569","(44.72566569, -63.54071641)"
"1801","4215","18 Lynwood Dr","Dartmouth","1","275529","Metropolitan Regional Housing Authority","Halifax","Halifax Regional Municipality","-63.54100256","44.7251551","(44.7251551, -63.54100256)"
"1802","4215","103 Caledonia Rd","Dartmouth","1","40181208","Metropolitan Regional Housing Authority","Halifax","Halifax Regional Municipality","-63.53244787","44.69155016","(44.69155016, -63.53244787)"
"1803","4215","105 Caledonia Rd","Dartmouth","1","40181216","Metropolitan Regional Housing Authority","Halifax","Halifax Regional Municipality","-63.53249613","44.69168555","(44.69168555, -63.53249613)"
"1804","4215","107 Caledonia Rd","Dartmouth","1","179002","Metropolitan Regional Housing Authority","Halifax","Halifax Regional Municipality","-63.53258172","44.69184825","(44.69184825, -63.53258172)"
"1805","4215","21 Paul David Crt","Dartmouth","1","40181414","Metropolitan Regional Housing Authority","Halifax","Halifax Regional Municipality","-63.53280633","44.69275914","(44.69275914, -63.53280633)"
"1806","4221","55 Belmont Ave","Dartmouth","1","261198","Metropolitan Regional Housing Authority","Halifax","Halifax Regional Municipality","-63.52416487","44.63780506","(44.63780506, -63.52416487)"
"1807","4221","57 Belmont Ave","Dartmouth","1","610063","Metropolitan Regional Housing Authority","Halifax","Halifax Regional Municipality","-63.52404999","44.63789406","(44.63789406, -63.52404999)"
"1808","4215","22 Paul David Crt","Dartmouth","1","40181422","Metropolitan Regional Housing Authority","Halifax","Halifax Regional Municipality","-63.53280917","44.69258818","(44.69258818, -63.53280917)"
"1809","4221","14 Herbert St","Dartmouth","1","259333","Metropolitan Regional Housing Authority","Halifax","Halifax Regional Municipality","-63.53873602","44.64850339","(44.64850339, -63.53873602)"
"1810","4221","16 Herbert St","Dartmouth","1","259341","Metropolitan Regional Housing Authority","Halifax","Halifax Regional Municipality","-63.53862138","44.64857444","(44.64857444, -63.53862138)"
"1811","4221","35 Grant St","Dartmouth","1","259416","Metropolitan Regional Housing Authority","Halifax","Halifax Regional Municipality","-63.53907729","44.64768725","(44.64768725, -63.53907729)"
"1812","4221","18 Mason St","Dartmouth","1","259028","Metropolitan Regional Housing Authority","Halifax","Halifax Regional Municipality","-63.54005281","44.64969341","(44.64969341, -63.54005281)"
"1813","4221","18 Herbert St","Dartmouth","1","387944","Metropolitan Regional Housing Authority","Halifax","Halifax Regional Municipality","-63.53848069","44.64869926","(44.64869926, -63.53848069)"
"1814","4221","56 Renfrew St","Dartmouth","1","247817","Metropolitan Regional Housing Authority","Halifax","Halifax Regional Municipality","-63.54619773","44.65938367","(44.65938367, -63.54619773)"
"1815","4224","373 Prince Albert Rd","Dartmouth","2","40357261","Metropolitan Regional Housing Authority","Halifax","Halifax Regional Municipality","-63.54555256","44.68103173","(44.68103173, -63.54555256)"
"1816","4230","24 Trenholme St","Dartmouth","1","260265","Metropolitan Regional Housing Authority","Halifax","Halifax Regional Municipality","-63.53524378","44.64683327","(44.64683327, -63.53524378)"
"1817","4230","26 Trenholme St","Dartmouth","1","260265","Metropolitan Regional Housing Authority","Halifax","Halifax Regional Municipality","-63.53521551","44.64678713","(44.64678713, -63.53521551)"
"1818","4230","28 Trenholme St","Dartmouth","1","40376964","Metropolitan Regional Housing Authority","Halifax","Halifax Regional Municipality","-63.5351223","44.64670893","(44.64670893, -63.5351223)"
"1819","4230","30 Trenholme St","Dartmouth","1","40376964","Metropolitan Regional Housing Authority","Halifax","Halifax Regional Municipality","-63.53512839","44.64664507","(44.64664507, -63.53512839)"
"1820","4230","45 Trinity Ave","Dartmouth","2","63438","Metropolitan Regional Housing Authority","Halifax","Halifax Regional Municipality","-63.59138616","44.68235864","(44.68235864, -63.59138616)"
"1821","4234","44 Trinity Ave","Dartmouth","1","40433864","Metropolitan Regional Housing Authority","Halifax","Halifax Regional Municipality","-63.59098569","44.6820756","(44.6820756, -63.59098569)"
"1822","4234","46 Trinity Ave","Dartmouth","1","40433864","Metropolitan Regional Housing Authority","Halifax","Halifax Regional Municipality","-63.59091273","44.68214341","(44.68214341, -63.59091273)"
"1823","4234","48 Trinity Ave","Dartmouth","1","63594","Metropolitan Regional Housing Authority","Halifax","Halifax Regional Municipality","-63.59079298","44.68221715","(44.68221715, -63.59079298)"
"1824","4234","50 Trinity Ave","Dartmouth","1","63594","Metropolitan Regional Housing Authority","Halifax","Halifax Regional Municipality","-63.59073755","44.6822941","(44.6822941, -63.59073755)"
"1825","4239","34 Venice Crt","Dartmouth","1","40270498","Metropolitan Regional Housing Authority","Halifax","Halifax Regional Municipality","-63.53772073","44.69922645","(44.69922645, -63.53772073)"
"1826","4239","36 Venice Crt","Dartmouth","1","40270480","Metropolitan Regional Housing Authority","Halifax","Halifax Regional Municipality","-63.53775103","44.69930321","(44.69930321, -63.53775103)"
"1827","4239","24 Albert St","Dartmouth","1","130500","Metropolitan Regional Housing Authority","Halifax","Halifax Regional Municipality","-63.55958376","44.66798421","(44.66798421, -63.55958376)"
"1828","4239","42 Andover St","Dartmouth","1","40580193","Metropolitan Regional Housing Authority","Halifax","Halifax Regional Municipality","-63.55225697","44.70387034","(44.70387034, -63.55225697)"
"1829","4239","44 Andover St","Dartmouth","1","40580201","Metropolitan Regional Housing Authority","Halifax","Halifax Regional Municipality","-63.55238843","44.70392992","(44.70392992, -63.55238843)"
"1830","4224","20 Lilac St","Dartmouth","2","40352312","Metropolitan Regional Housing Authority","Halifax","Halifax Regional Municipality","-63.53692748","44.64884817","(44.64884817, -63.53692748)"
"1831","3713","3097 Highway 302","Maccan","2","25067802","Cobequid Housing Authority","Cumberland","Municipality of the County of Cumberland","-64.24716765","45.71980756","(45.71980756, -64.24716765)"
"1832","3714","159 Highway 242","Joggins","1","25338898","Cobequid Housing Authority","Cumberland","Municipality of the County of Cumberland","-64.43591374","45.68705543","(45.68705543, -64.43591374)"
"1833","3601","23 St Andrews St","Stewiacke","1","20119319","Eastern Mainland Housing Authority","Colchester","Town of Stewiacke","-63.34425893","45.13854618","(45.13854618, -63.34425893)"
"1834","4301","6795 Bayers Rd","Halifax","1","85076","Metropolitan Regional Housing Authority","Halifax","Halifax Regional Municipality","-63.61898892","44.65233398","(44.65233398, -63.61898892)"
"1835","4301","6811 Bayers Rd","Halifax","1","85076","Metropolitan Regional Housing Authority","Halifax","Halifax Regional Municipality","-63.61937958","44.65242876","(44.65242876, -63.61937958)"
"1836","3804","8 Christie St","Amherst","1","25013384","Cobequid Housing Authority","Cumberland","Town of Amherst","-64.20725989","45.82514429","(45.82514429, -64.20725989)"
"1837","3718","833 MacDonald Rd","Brookdale","1","25332370","Cobequid Housing Authority","Cumberland","Municipality of the County of Cumberland","-64.17742121","45.81429477","(45.81429477, -64.17742121)"
"1838","3804","9 East Pleasant St","Amherst","1","25363250","Cobequid Housing Authority","Cumberland","Town of Amherst","-64.20661563","45.82558937","(45.82558937, -64.20661563)"
"1839","3804","74 East Pleasant St","Amherst","1","25026600","Cobequid Housing Authority","Cumberland","Town of Amherst","-64.19931808","45.8261438","(45.8261438, -64.19931808)"
"1840","3601","32 Kitchener St","Stewiacke","1","20119319","Eastern Mainland Housing Authority","Colchester","Town of Stewiacke","-63.34513497","45.13846753","(45.13846753, -63.34513497)"
"1841","3827","9 Brownell Ave","Amherst","1","25012113","Cobequid Housing Authority","Cumberland","Town of Amherst","-64.21488435","45.83802238","(45.83802238, -64.21488435)"
"1842","3804","48 Academy St","Amherst","1","25008327","Cobequid Housing Authority","Cumberland","Town of Amherst","-64.1990883","45.82844511","(45.82844511, -64.1990883)"
"1843","3827","13 Brownell Ave","Amherst","1","25183187","Cobequid Housing Authority","Cumberland","Town of Amherst","-64.21465555","45.83815207","(45.83815207, -64.21465555)"
"1844","4301","6817 Bayers Rd","Halifax","1","85076","Metropolitan Regional Housing Authority","Halifax","Halifax Regional Municipality","-63.6195542","44.65247059","(44.65247059, -63.6195542)"
"1845","4301","6829 Bayers Rd","Halifax","1","85076","Metropolitan Regional Housing Authority","Halifax","Halifax Regional Municipality","-63.619857","44.65254224","(44.65254224, -63.619857)"
"1846","4301","6823 Bayers Rd","Halifax","1","85076","Metropolitan Regional Housing Authority","Halifax","Halifax Regional Municipality","-63.61972255","44.65251153","(44.65251153, -63.61972255)"
"1847","4301","6833 Bayers Rd","Halifax","1","85076","Metropolitan Regional Housing Authority","Halifax","Halifax Regional Municipality","-63.62002902","44.65258409","(44.65258409, -63.62002902)"
"1848","4301","6841 Bayers Rd","Halifax","1","85076","Metropolitan Regional Housing Authority","Halifax","Halifax Regional Municipality","-63.62023761","44.65263428","(44.65263428, -63.62023761)"
"1849","4301","6847 Bayers Rd","Halifax","1","85076","Metropolitan Regional Housing Authority","Halifax","Halifax Regional Municipality","-63.620372","44.65266773","(44.65266773, -63.620372)"
"1850","4301","6853 Bayers Rd","Halifax","1","85076","Metropolitan Regional Housing Authority","Halifax","Halifax Regional Municipality","-63.62054157","44.6527086","(44.6527086, -63.62054157)"
"1851","4301","6861 Bayers Rd","Halifax","1","85076","Metropolitan Regional Housing Authority","Halifax","Halifax Regional Municipality","-63.62074759","44.65276148","(44.65276148, -63.62074759)"
"1852","4301","6867 Bayers Rd","Halifax","1","85076","Metropolitan Regional Housing Authority","Halifax","Halifax Regional Municipality","-63.62091835","44.65280694","(44.65280694, -63.62091835)"
"1853","4301","6871 Bayers Rd","Halifax","1","85076","Metropolitan Regional Housing Authority","Halifax","Halifax Regional Municipality","-63.62104889","44.6528457","(44.6528457, -63.62104889)"
"1854","4301","6877 Bayers Rd","Halifax","1","85076","Metropolitan Regional Housing Authority","Halifax","Halifax Regional Municipality","-63.62121707","44.65289379","(44.65289379, -63.62121707)"
"1855","4301","6885 Bayers Rd","Halifax","1","85076","Metropolitan Regional Housing Authority","Halifax","Halifax Regional Municipality","-63.621418","44.65295024","(44.65295024, -63.621418)"
"1856","4301","6891 Bayers Rd","Halifax","1","85076","Metropolitan Regional Housing Authority","Halifax","Halifax Regional Municipality","-63.6215887","44.65299837","(44.65299837, -63.6215887)"
"1857","4301","6915 Bayers Rd","Halifax","1","85019","Metropolitan Regional Housing Authority","Halifax","Halifax Regional Municipality","-63.62199049","44.65311307","(44.65311307, -63.62199049)"
"1858","4301","6927 Bayers Rd","Halifax","1","85019","Metropolitan Regional Housing Authority","Halifax","Halifax Regional Municipality","-63.62221273","44.65317504","(44.65317504, -63.62221273)"
"1859","4301","3318 Romans Ave","Halifax","1","85019","Metropolitan Regional Housing Authority","Halifax","Halifax Regional Municipality","-63.62197978","44.65340638","(44.65340638, -63.62197978)"
"1860","4301","3320 Romans Ave","Halifax","1","85019","Metropolitan Regional Housing Authority","Halifax","Halifax Regional Municipality","-63.62199891","44.65347399","(44.65347399, -63.62199891)"
"1861","4301","3324 Romans Ave","Halifax","1","85019","Metropolitan Regional Housing Authority","Halifax","Halifax Regional Municipality","-63.6220724","44.65361495","(44.65361495, -63.6220724)"
"1862","4301","3322 Romans Ave","Halifax","1","85019","Metropolitan Regional Housing Authority","Halifax","Halifax Regional Municipality","-63.62204053","44.65355805","(44.65355805, -63.62204053)"
"1863","4301","3326 Romans Ave","Halifax","1","85019","Metropolitan Regional Housing Authority","Halifax","Halifax Regional Municipality","-63.6220558","44.65379843","(44.65379843, -63.6220558)"
"1864","4301","3328 Romans Ave","Halifax","1","85019","Metropolitan Regional Housing Authority","Halifax","Halifax Regional Municipality","-63.62201215","44.65385122","(44.65385122, -63.62201215)"
"1865","4301","3330 Romans Ave","Halifax","1","85019","Metropolitan Regional Housing Authority","Halifax","Halifax Regional Municipality","-63.62196413","44.65393814","(44.65393814, -63.62196413)"
"1866","4301","3332 Romans Ave","Halifax","1","85019","Metropolitan Regional Housing Authority","Halifax","Halifax Regional Municipality","-63.62193062","44.65398739","(44.65398739, -63.62193062)"
"1867","4301","3336 Romans Ave","Halifax","1","85019","Metropolitan Regional Housing Authority","Halifax","Halifax Regional Municipality","-63.62197899","44.65420823","(44.65420823, -63.62197899)"
"1868","4301","3334 Romans Ave","Halifax","1","85019","Metropolitan Regional Housing Authority","Halifax","Halifax Regional Municipality","-63.62200766","44.65414815","(44.65414815, -63.62200766)"
"1869","4301","3338 Romans Ave","Halifax","1","85019","Metropolitan Regional Housing Authority","Halifax","Halifax Regional Municipality","-63.62197767","44.65429822","(44.65429822, -63.62197767)"
"1870","4301","3340 Romans Ave","Halifax","1","85019","Metropolitan Regional Housing Authority","Halifax","Halifax Regional Municipality","-63.62198191","44.65435138","(44.65435138, -63.62198191)"
"1871","4301","3342 Romans Ave","Halifax","1","85019","Metropolitan Regional Housing Authority","Halifax","Halifax Regional Municipality","-63.62204917","44.65448866","(44.65448866, -63.62204917)"
"1872","4301","3344 Romans Ave","Halifax","1","85019","Metropolitan Regional Housing Authority","Halifax","Halifax Regional Municipality","-63.62204448","44.65454536","(44.65454536, -63.62204448)"
"1873","4301","3346 Romans Ave","Halifax","1","85019","Metropolitan Regional Housing Authority","Halifax","Halifax Regional Municipality","-63.6220433","44.65462541","(44.65462541, -63.6220433)"
"1874","4301","3348 Romans Ave","Halifax","1","85019","Metropolitan Regional Housing Authority","Halifax","Halifax Regional Municipality","-63.62202341","44.65469189","(44.65469189, -63.62202341)"
"1875","4301","3350 Romans Ave","Halifax","1","85019","Metropolitan Regional Housing Authority","Halifax","Halifax Regional Municipality","-63.6220074","44.65483212","(44.65483212, -63.6220074)"
"1876","4301","3352 Romans Ave","Halifax","1","85019","Metropolitan Regional Housing Authority","Halifax","Halifax Regional Municipality","-63.62200159","44.65488249","(44.65488249, -63.62200159)"
"1877","4301","3354 Romans Ave","Halifax","1","85019","Metropolitan Regional Housing Authority","Halifax","Halifax Regional Municipality","-63.62200578","44.65493926","(44.65493926, -63.62200578)"
"1878","4301","3358 Romans Ave","Halifax","1","85019","Metropolitan Regional Housing Authority","Halifax","Halifax Regional Municipality","-63.62196575","44.65517111","(44.65517111, -63.62196575)"
"1879","4301","3356 Romans Ave","Halifax","1","85019","Metropolitan Regional Housing Authority","Halifax","Halifax Regional Municipality","-63.62199482","44.65499588","(44.65499588, -63.62199482)"
"1880","4301","3360 Romans Ave","Halifax","1","85019","Metropolitan Regional Housing Authority","Halifax","Halifax Regional Municipality","-63.62196477","44.65523232","(44.65523232, -63.62196477)"
"1881","4301","3362 Romans Ave","Halifax","1","85019","Metropolitan Regional Housing Authority","Halifax","Halifax Regional Municipality","-63.62196383","44.65529621","(44.65529621, -63.62196383)"
"1882","4301","3364 Romans Ave","Halifax","1","85019","Metropolitan Regional Housing Authority","Halifax","Halifax Regional Municipality","-63.62195162","44.65535731","(44.65535731, -63.62195162)"
"1883","4301","3366 Romans Ave","Halifax","1","85019","Metropolitan Regional Housing Authority","Halifax","Halifax Regional Municipality","-63.62191264","44.65551272","(44.65551272, -63.62191264)"
"1884","4301","3368 Romans Ave","Halifax","1","85019","Metropolitan Regional Housing Authority","Halifax","Halifax Regional Municipality","-63.62192693","44.65556949","(44.65556949, -63.62192693)"
"1885","4301","3370 Romans Ave","Halifax","1","85019","Metropolitan Regional Housing Authority","Halifax","Halifax Regional Municipality","-63.62196362","44.6556427","(44.6556427, -63.62196362)"
"1886","4301","3374 Romans Ave","Halifax","1","85019","Metropolitan Regional Housing Authority","Halifax","Halifax Regional Municipality","-63.62196544","44.65585869","(44.65585869, -63.62196544)"
"1887","4301","3372 Romans Ave","Halifax","1","85019","Metropolitan Regional Housing Authority","Halifax","Halifax Regional Municipality","-63.62199441","44.65569601","(44.65569601, -63.62199441)"
"1888","4301","3376 Romans Ave","Halifax","1","85019","Metropolitan Regional Housing Authority","Halifax","Halifax Regional Municipality","-63.6219382","44.65590801","(44.65590801, -63.6219382)"
"1889","4301","3378 Romans Ave","Halifax","1","85019","Metropolitan Regional Housing Authority","Halifax","Halifax Regional Municipality","-63.62192098","44.65596548","(44.65596548, -63.62192098)"
"1890","4301","3380 Romans Ave","Halifax","1","85019","Metropolitan Regional Housing Authority","Halifax","Halifax Regional Municipality","-63.6218884","44.6560336","(44.6560336, -63.6218884)"
"1891","4301","3389 Romans Ave","Halifax","1","85027","Metropolitan Regional Housing Authority","Halifax","Halifax Regional Municipality","-63.62128384","44.65624133","(44.65624133, -63.62128384)"
"1892","4301","3387 Romans Ave","Halifax","1","85027","Metropolitan Regional Housing Authority","Halifax","Halifax Regional Municipality","-63.62129483","44.65618023","(44.65618023, -63.62129483)"
"1893","4301","3385 Romans Ave","Halifax","1","85027","Metropolitan Regional Housing Authority","Halifax","Halifax Regional Municipality","-63.62130721","44.65611193","(44.65611193, -63.62130721)"
"1894","4301","3383 Romans Ave","Halifax","1","85027","Metropolitan Regional Housing Authority","Halifax","Halifax Regional Municipality","-63.62132318","44.65605894","(44.65605894, -63.62132318)"
"1895","4301","3381 Romans Ave","Halifax","1","85027","Metropolitan Regional Housing Authority","Halifax","Halifax Regional Municipality","-63.62128971","44.65585347","(44.65585347, -63.62128971)"
"1896","4301","3379 Romans Ave","Halifax","1","85027","Metropolitan Regional Housing Authority","Halifax","Halifax Regional Municipality","-63.62124737","44.6558154","(44.6558154, -63.62124737)"
"1897","4301","3377 Romans Ave","Halifax","1","85027","Metropolitan Regional Housing Authority","Halifax","Halifax Regional Municipality","-63.62117892","44.65575817","(44.65575817, -63.62117892)"
"1898","4301","3375 Romans Ave","Halifax","1","85027","Metropolitan Regional Housing Authority","Halifax","Halifax Regional Municipality","-63.62112663","44.65571184","(44.65571184, -63.62112663)"
"1899","4301","3373 Romans Ave","Halifax","1","85027","Metropolitan Regional Housing Authority","Halifax","Halifax Regional Municipality","-63.62110779","44.6555407","(44.6555407, -63.62110779)"
"1900","4301","3371 Romans Ave","Halifax","1","85027","Metropolitan Regional Housing Authority","Halifax","Halifax Regional Municipality","-63.62116121","44.65551053","(44.65551053, -63.62116121)"
"1901","4301","3369 Romans Ave","Halifax","1","85027","Metropolitan Regional Housing Authority","Halifax","Halifax Regional Municipality","-63.62123134","44.65545795","(44.65545795, -63.62123134)"
"1902","4301","3367 Romans Ave","Halifax","1","85027","Metropolitan Regional Housing Authority","Halifax","Halifax Regional Municipality","-63.621285","44.6554125","(44.6554125, -63.621285)"
"1903","4301","3363 Romans Ave","Halifax","1","85027","Metropolitan Regional Housing Authority","Halifax","Halifax Regional Municipality","-63.6212783","44.65518834","(44.65518834, -63.6212783)"
"1904","4301","3365 Romans Ave","Halifax","1","85027","Metropolitan Regional Housing Authority","Halifax","Halifax Regional Municipality","-63.62132553","44.65523458","(44.65523458, -63.62132553)"
"1905","4301","3361 Romans Ave","Halifax","1","85027","Metropolitan Regional Housing Authority","Halifax","Halifax Regional Municipality","-63.62120965","44.65514279","(44.65514279, -63.62120965)"
"1906","4301","3359 Romans Ave","Halifax","1","85027","Metropolitan Regional Housing Authority","Halifax","Halifax Regional Municipality","-63.621146","44.65510001","(44.65510001, -63.621146)"
"1907","4301","3357 Romans Ave","Halifax","1","85027","Metropolitan Regional Housing Authority","Halifax","Halifax Regional Municipality","-63.62120322","44.65489887","(44.65489887, -63.62120322)"
"1908","4301","3355 Romans Ave","Halifax","1","85027","Metropolitan Regional Housing Authority","Halifax","Halifax Regional Municipality","-63.62126572","44.65484982","(44.65484982, -63.62126572)"
"1909","4301","3353 Romans Ave","Halifax","1","85027","Metropolitan Regional Housing Authority","Halifax","Halifax Regional Municipality","-63.62131938","44.65480343","(44.65480343, -63.62131938)"
"1910","4301","3351 Romans Ave","Halifax","1","85027","Metropolitan Regional Housing Authority","Halifax","Halifax Regional Municipality","-63.62138047","44.65476613","(44.65476613, -63.62138047)"
"1911","4301","3349 Romans Ave","Halifax","1","85027","Metropolitan Regional Housing Authority","Halifax","Halifax Regional Municipality","-63.62142709","44.65460266","(44.65460266, -63.62142709)"
"1912","4301","3347 Romans Ave","Halifax","1","85027","Metropolitan Regional Housing Authority","Halifax","Halifax Regional Municipality","-63.62136976","44.65455636","(44.65455636, -63.62136976)"
"1913","4301","3345 Romans Ave","Halifax","1","85027","Metropolitan Regional Housing Authority","Halifax","Halifax Regional Municipality","-63.62131007","44.65450367","(44.65450367, -63.62131007)"
"1914","4301","3343 Romans Ave","Halifax","1","85027","Metropolitan Regional Housing Authority","Halifax","Halifax Regional Municipality","-63.62125766","44.65446821","(44.65446821, -63.62125766)"
"1915","4301","3341 Romans Ave","Halifax","1","85027","Metropolitan Regional Housing Authority","Halifax","Halifax Regional Municipality","-63.62116603","44.65427578","(44.65427578, -63.62116603)"
"1916","4301","3339 Romans Ave","Halifax","1","85027","Metropolitan Regional Housing Authority","Halifax","Halifax Regional Municipality","-63.62122849","44.65423034","(44.65423034, -63.62122849)"
"1917","4301","3335 Romans Ave","Halifax","1","85027","Metropolitan Regional Housing Authority","Halifax","Halifax Regional Municipality","-63.62134823","44.65414941","(44.65414941, -63.62134823)"
"1918","4301","3337 Romans Ave","Halifax","1","85027","Metropolitan Regional Housing Authority","Halifax","Halifax Regional Municipality","-63.62128595","44.65418132","(44.65418132, -63.62128595)"
"1919","4301","3333 Romans Ave","Halifax","1","85027","Metropolitan Regional Housing Authority","Halifax","Halifax Regional Municipality","-63.6212979","44.65397351","(44.65397351, -63.6212979)"
"1920","4301","3331 Romans Ave","Halifax","1","85027","Metropolitan Regional Housing Authority","Halifax","Halifax Regional Municipality","-63.62123317","44.65392079","(44.65392079, -63.62123317)"
"1921","4301","3327 Romans Ave","Halifax","1","85027","Metropolitan Regional Housing Authority","Halifax","Halifax Regional Municipality","-63.62111216","44.6538299","(44.6538299, -63.62111216)"
"1922","3901","88 Mechanic St","Springhill","1","25235987","Cobequid Housing Authority","Cumberland","Municipality of the County of Cumberland","-64.0526171","45.64436039","(45.64436039, -64.0526171)"
"1923","3901","96 Mechanic St","Springhill","1","25236027","Cobequid Housing Authority","Cumberland","Municipality of the County of Cumberland","-64.05233981","45.64381231","(45.64381231, -64.05233981)"
"1924","3901","100 Mechanic St","Springhill","1","25236043","Cobequid Housing Authority","Cumberland","Municipality of the County of Cumberland","-64.05220117","45.64353828","(45.64353828, -64.05220117)"
"1925","4301","3319 Federal Ave","Halifax","1","85035","Metropolitan Regional Housing Authority","Halifax","Halifax Regional Municipality","-63.6199341","44.65352742","(44.65352742, -63.6199341)"
"1926","3901","101 Mechanic St","Springhill","1","25235979","Cobequid Housing Authority","Cumberland","Municipality of the County of Cumberland","-64.0522948","45.64339582","(45.64339582, -64.0522948)"
"1927","4301","3321 Federal Ave","Halifax","1","85035","Metropolitan Regional Housing Authority","Halifax","Halifax Regional Municipality","-63.61993237","44.6536399","(44.6536399, -63.61993237)"
"1928","3901","104 Mechanic St","Springhill","1","25236068","Cobequid Housing Authority","Cumberland","Municipality of the County of Cumberland","-64.05206176","45.64326457","(45.64326457, -64.05206176)"
"1929","4301","3323 Federal Ave","Halifax","1","85035","Metropolitan Regional Housing Authority","Halifax","Halifax Regional Municipality","-63.61992385","44.65370371","(44.65370371, -63.61992385)"
"1930","3901","105 Mechanic St","Springhill","1","25235995","Cobequid Housing Authority","Cumberland","Municipality of the County of Cumberland","-64.05215124","45.64311419","(45.64311419, -64.05215124)"
"1931","3901","109 Mechanic St","Springhill","1","25236019","Cobequid Housing Authority","Cumberland","Municipality of the County of Cumberland","-64.05200769","45.64283256","(45.64283256, -64.05200769)"
"1932","4301","3325 Federal Ave","Halifax","1","85035","Metropolitan Regional Housing Authority","Halifax","Halifax Regional Municipality","-63.61992523","44.65386396","(44.65386396, -63.61992523)"
"1933","3901","113 Mechanic St","Springhill","1","25236035","Cobequid Housing Authority","Cumberland","Municipality of the County of Cumberland","-64.05186414","45.64255093","(45.64255093, -64.05186414)"
"1934","4301","3327 Federal Ave","Halifax","1","85035","Metropolitan Regional Housing Authority","Halifax","Halifax Regional Municipality","-63.61991799","44.65392596","(44.65392596, -63.61991799)"
"1935","3901","117 Mechanic St","Springhill","1","25236050","Cobequid Housing Authority","Cumberland","Municipality of the County of Cumberland","-64.05172059","45.6422693","(45.6422693, -64.05172059)"
"1936","4301","3329 Federal Ave","Halifax","1","85035","Metropolitan Regional Housing Authority","Halifax","Halifax Regional Municipality","-63.61990651","44.65401769","(44.65401769, -63.61990651)"
"1937","4301","3331 Federal Ave","Halifax","1","85035","Metropolitan Regional Housing Authority","Halifax","Halifax Regional Municipality","-63.61990574","44.65406809","(44.65406809, -63.61990574)"
"1938","4301","3333 Federal Ave","Halifax","1","85035","Metropolitan Regional Housing Authority","Halifax","Halifax Regional Municipality","-63.61989085","44.65422185","(44.65422185, -63.61989085)"
"1939","3904","12 King St","Springhill","1","25231978","Cobequid Housing Authority","Cumberland","Municipality of the County of Cumberland","-64.06193263","45.65245834","(45.65245834, -64.06193263)"
"1940","3904","18 King St","Springhill","1","25232018","Cobequid Housing Authority","Cumberland","Municipality of the County of Cumberland","-64.06127815","45.65255538","(45.65255538, -64.06127815)"
"1941","4301","3335 Federal Ave","Halifax","1","85035","Metropolitan Regional Housing Authority","Halifax","Halifax Regional Municipality","-63.61989612","44.6542885","(44.6542885, -63.61989612)"
"1942","4301","3337 Federal Ave","Halifax","1","85035","Metropolitan Regional Housing Authority","Halifax","Halifax Regional Municipality","-63.61988202","44.65438652","(44.65438652, -63.61988202)"
"1943","3904","39 Queen St","Springhill","1","25241647","Cobequid Housing Authority","Cumberland","Municipality of the County of Cumberland","-64.06109869","45.65139529","(45.65139529, -64.06109869)"
"1944","4301","3339 Federal Ave","Halifax","1","85035","Metropolitan Regional Housing Authority","Halifax","Halifax Regional Municipality","-63.61988752","44.65443694","(44.65443694, -63.61988752)"
"1945","3904","43 Queen St","Springhill","1","25241662","Cobequid Housing Authority","Cumberland","Municipality of the County of Cumberland","-64.06068033","45.65144606","(45.65144606, -64.06068033)"
"1946","4301","3341 Federal Ave","Halifax","1","85035","Metropolitan Regional Housing Authority","Halifax","Halifax Regional Municipality","-63.61986892","44.65458619","(44.65458619, -63.61986892)"
"1947","4301","3343 Federal Ave","Halifax","1","85035","Metropolitan Regional Housing Authority","Halifax","Halifax Regional Municipality","-63.61987163","44.65465733","(44.65465733, -63.61987163)"
"1948","3909","105 McGee St","Springhill","1","25237983","Cobequid Housing Authority","Cumberland","Municipality of the County of Cumberland","-64.06807541","45.64046147","(45.64046147, -64.06807541)"
"1949","4301","3345 Federal Ave","Halifax","1","85035","Metropolitan Regional Housing Authority","Halifax","Halifax Regional Municipality","-63.61986011","44.65475353","(44.65475353, -63.61986011)"
"1950","3904","63 Queen St","Springhill","1","25241779","Cobequid Housing Authority","Cumberland","Municipality of the County of Cumberland","-64.05829135","45.65180928","(45.65180928, -64.05829135)"
"1951","4301","3347 Federal Ave","Halifax","1","85035","Metropolitan Regional Housing Authority","Halifax","Halifax Regional Municipality","-63.61985928","44.65480573","(44.65480573, -63.61985928)"
"1952","3911","13 Herrett Rd","Springhill","1","25229451","Cobequid Housing Authority","Cumberland","Municipality of the County of Cumberland","-64.06623619","45.64243596","(45.64243596, -64.06623619)"
"1953","4301","3349 Federal Ave","Halifax","1","85035","Metropolitan Regional Housing Authority","Halifax","Halifax Regional Municipality","-63.6198029","44.65494839","(44.65494839, -63.6198029)"
"1954","4301","3351 Federal Ave","Halifax","1","85035","Metropolitan Regional Housing Authority","Halifax","Halifax Regional Municipality","-63.61980721","44.65500062","(44.65500062, -63.61980721)"
"1955","4301","3353 Federal Ave","Halifax","1","85035","Metropolitan Regional Housing Authority","Halifax","Halifax Regional Municipality","-63.61980103","44.65507075","(44.65507075, -63.61980103)"
"1956","4301","3355 Federal Ave","Halifax","1","85035","Metropolitan Regional Housing Authority","Halifax","Halifax Regional Municipality","-63.61980004","44.65513824","(44.65513824, -63.61980004)"
"1957","4301","3357 Federal Ave","Halifax","1","85035","Metropolitan Regional Housing Authority","Halifax","Halifax Regional Municipality","-63.61978186","44.65525872","(44.65525872, -63.61978186)"
"1958","4301","3359 Federal Ave","Halifax","1","85035","Metropolitan Regional Housing Authority","Halifax","Halifax Regional Municipality","-63.61978471","44.65531991","(44.65531991, -63.61978471)"
"1959","4301","3361 Federal Ave","Halifax","1","85035","Metropolitan Regional Housing Authority","Halifax","Halifax Regional Municipality","-63.61978838","44.65541173","(44.65541173, -63.61978838)"
"1960","4301","3363 Federal Ave","Halifax","1","85035","Metropolitan Regional Housing Authority","Halifax","Halifax Regional Municipality","-63.61977856","44.65547648","(44.65547648, -63.61977856)"
"1961","2501","3 Duke St","Canso","1","35025451","Eastern Mainland Housing Authority","Guysborough","Municipality of the District of Guysborough","-60.99502837","45.33380761","(45.33380761, -60.99502837)"
"1962","2501","15 Duke St","Canso","1","35025485","Eastern Mainland Housing Authority","Guysborough","Municipality of the District of Guysborough","-60.99539795","45.3338353","(45.3338353, -60.99539795)"
"1963","2501","25 Duke St","Canso","1","35025519","Eastern Mainland Housing Authority","Guysborough","Municipality of the District of Guysborough","-60.99570593","45.33385838","(45.33385838, -60.99570593)"
"1964","4301","3365 Federal Ave","Halifax","1","85035","Metropolitan Regional Housing Authority","Halifax","Halifax Regional Municipality","-63.61981934","44.65561181","(44.65561181, -63.61981934)"
"1965","2501","35 Duke St","Canso","1","35025543","Eastern Mainland Housing Authority","Guysborough","Municipality of the District of Guysborough","-60.99601392","45.33388146","(45.33388146, -60.99601392)"
"1966","2501","45 Duke St","Canso","1","35025584","Eastern Mainland Housing Authority","Guysborough","Municipality of the District of Guysborough","-60.99632191","45.33390454","(45.33390454, -60.99632191)"
"1967","4301","3367 Federal Ave","Halifax","1","85035","Metropolitan Regional Housing Authority","Halifax","Halifax Regional Municipality","-63.61981849","44.65567029","(44.65567029, -63.61981849)"
"1968","4301","3369 Federal Ave","Halifax","1","85035","Metropolitan Regional Housing Authority","Halifax","Halifax Regional Municipality","-63.61980466","44.65574756","(44.65574756, -63.61980466)"
"1969","4301","3371 Federal Ave","Halifax","1","85035","Metropolitan Regional Housing Authority","Halifax","Halifax Regional Municipality","-63.61979487","44.65581498","(44.65581498, -63.61979487)"
"1970","2502","69 School St","Canso","1","35024587","Eastern Mainland Housing Authority","Guysborough","Municipality of the District of Guysborough","-60.99408133","45.33511655","(45.33511655, -60.99408133)"
"1971","4301","3373 Federal Ave","Halifax","1","85035","Metropolitan Regional Housing Authority","Halifax","Halifax Regional Municipality","-63.61980553","44.65594379","(44.65594379, -63.61980553)"
"1972","2502","6 Boyd St","Canso","1","35024553","Eastern Mainland Housing Authority","Guysborough","Municipality of the District of Guysborough","-60.99374396","45.33463982","(45.33463982, -60.99374396)"
"1973","4301","3375 Federal Ave","Halifax","1","85035","Metropolitan Regional Housing Authority","Halifax","Halifax Regional Municipality","-63.61981723","44.65600237","(44.65600237, -63.61981723)"
"1974","2502","16 Boyd St","Canso","1","35024520","Eastern Mainland Housing Authority","Guysborough","Municipality of the District of Guysborough","-60.993805","45.33441515","(45.33441515, -60.993805)"
"1975","2502","30 Boyd St","Canso","1","35024470","Eastern Mainland Housing Authority","Guysborough","Municipality of the District of Guysborough","-60.99389045","45.33410061","(45.33410061, -60.99389045)"
"1976","4301","3377 Federal Ave","Halifax","1","85035","Metropolitan Regional Housing Authority","Halifax","Halifax Regional Municipality","-63.61984611","44.65609167","(44.65609167, -63.61984611)"
"1977","4301","3379 Federal Ave","Halifax","1","85035","Metropolitan Regional Housing Authority","Halifax","Halifax Regional Municipality","-63.61985027","44.65615379","(44.65615379, -63.61985027)"
"1978","4301","3320 Federal Ave","Halifax","1","85027","Metropolitan Regional Housing Authority","Halifax","Halifax Regional Municipality","-63.62064702","44.65382272","(44.65382272, -63.62064702)"
"1979","4301","3322 Federal Ave","Halifax","1","85027","Metropolitan Regional Housing Authority","Halifax","Halifax Regional Municipality","-63.6205733","44.65386625","(44.65386625, -63.6205733)"
"1980","4301","3324 Federal Ave","Halifax","1","85027","Metropolitan Regional Housing Authority","Halifax","Halifax Regional Municipality","-63.6204906","44.65391512","(44.65391512, -63.6204906)"
"1981","4301","3326 Federal Ave","Halifax","1","85027","Metropolitan Regional Housing Authority","Halifax","Halifax Regional Municipality","-63.62044211","44.65394979","(44.65394979, -63.62044211)"
"1982","3901","92 Mechanic St","Springhill","1","25236001","Cobequid Housing Authority","Cumberland","Municipality of the County of Cumberland","-64.05247845","45.64408635","(45.64408635, -64.05247845)"
"1983","4301","3328 Federal Ave","Halifax","1","85027","Metropolitan Regional Housing Authority","Halifax","Halifax Regional Municipality","-63.62041407","44.65413862","(44.65413862, -63.62041407)"
"1984","4301","3330 Federal Ave","Halifax","1","85027","Metropolitan Regional Housing Authority","Halifax","Halifax Regional Municipality","-63.62045516","44.65417403","(44.65417403, -63.62045516)"
"1985","4301","3332 Federal Ave","Halifax","1","85027","Metropolitan Regional Housing Authority","Halifax","Halifax Regional Municipality","-63.62052767","44.65421508","(44.65421508, -63.62052767)"
"1986","4301","3329 Romans Ave","Halifax","1","85027","Metropolitan Regional Housing Authority","Halifax","Halifax Regional Municipality","-63.62116835","44.65386813","(44.65386813, -63.62116835)"
"1987","4301","3334 Federal Ave","Halifax","1","85027","Metropolitan Regional Housing Authority","Halifax","Halifax Regional Municipality","-63.62058735","44.65426771","(44.65426771, -63.62058735)"
"1988","4301","3338 Federal Ave","Halifax","1","85027","Metropolitan Regional Housing Authority","Halifax","Halifax Regional Municipality","-63.6205235","44.65448865","(44.65448865, -63.6205235)"
"1989","4301","3336 Federal Ave","Halifax","1","85027","Metropolitan Regional Housing Authority","Halifax","Halifax Regional Municipality","-63.62057707","44.65444854","(44.65444854, -63.62057707)"
"1990","4301","3340 Federal Ave","Halifax","1","85027","Metropolitan Regional Housing Authority","Halifax","Halifax Regional Municipality","-63.6204612","44.65452596","(44.65452596, -63.6204612)"
"1991","4301","3342 Federal Ave","Halifax","1","85027","Metropolitan Regional Housing Authority","Halifax","Halifax Regional Municipality","-63.62041133","44.65456877","(44.65456877, -63.62041133)"
"1992","4301","3346 Federal Ave","Halifax","1","85027","Metropolitan Regional Housing Authority","Halifax","Halifax Regional Municipality","-63.62037699","44.65475479","(44.65475479, -63.62037699)"
"1993","4301","3348 Federal Ave","Halifax","1","85027","Metropolitan Regional Housing Authority","Halifax","Halifax Regional Municipality","-63.62042436","44.65479028","(44.65479028, -63.62042436)"
"1994","4301","3350 Federal Ave","Halifax","1","85027","Metropolitan Regional Housing Authority","Halifax","Halifax Regional Municipality","-63.62047671","44.65483475","(44.65483475, -63.62047671)"
"1995","4301","3352 Federal Ave","Halifax","1","85027","Metropolitan Regional Housing Authority","Halifax","Halifax Regional Municipality","-63.62052881","44.65488737","(44.65488737, -63.62052881)"
"1996","4301","3354 Federal Ave","Halifax","1","85027","Metropolitan Regional Housing Authority","Halifax","Halifax Regional Municipality","-63.62051854","44.65506907","(44.65506907, -63.62051854)"
"1997","4301","3356 Federal Ave","Halifax","1","85027","Metropolitan Regional Housing Authority","Halifax","Halifax Regional Municipality","-63.62045468","44.65512167","(44.65512167, -63.62045468)"
"1998","4301","3358 Federal Ave","Halifax","1","85027","Metropolitan Regional Housing Authority","Halifax","Halifax Regional Municipality","-63.62038968","44.6551662","(44.6551662, -63.62038968)"
"1999","4301","3360 Federal Ave","Halifax","1","85027","Metropolitan Regional Housing Authority","Halifax","Halifax Regional Municipality","-63.62034631","44.65520003","(44.65520003, -63.62034631)"
"2000","4301","3362 Federal Ave","Halifax","1","85027","Metropolitan Regional Housing Authority","Halifax","Halifax Regional Municipality","-63.62033861","44.6553791","(44.6553791, -63.62033861)"
"2001","4301","3364 Federal Ave","Halifax","1","85027","Metropolitan Regional Housing Authority","Halifax","Halifax Regional Municipality","-63.62040225","44.65542096","(44.65542096, -63.62040225)"
"2002","4301","3366 Federal Ave","Halifax","1","85027","Metropolitan Regional Housing Authority","Halifax","Halifax Regional Municipality","-63.62044949","44.65546726","(44.65546726, -63.62044949)"
"2003","4301","3368 Federal Ave","Halifax","1","85027","Metropolitan Regional Housing Authority","Halifax","Halifax Regional Municipality","-63.6205168","44.65551723","(44.65551723, -63.6205168)"
"2004","4301","3370 Federal Ave","Halifax","1","85027","Metropolitan Regional Housing Authority","Halifax","Halifax Regional Municipality","-63.62049399","44.65569168","(44.65569168, -63.62049399)"
"2005","4301","3372 Federal Ave","Halifax","1","85027","Metropolitan Regional Housing Authority","Halifax","Halifax Regional Municipality","-63.62043396","44.65574432","(44.65574432, -63.62043396)"
"2006","4301","3374 Federal Ave","Halifax","1","85027","Metropolitan Regional Housing Authority","Halifax","Halifax Regional Municipality","-63.62036396","44.65578608","(44.65578608, -63.62036396)"
"2007","4301","3376 Federal Ave","Halifax","1","85027","Metropolitan Regional Housing Authority","Halifax","Halifax Regional Municipality","-63.620294","44.65582331","(44.65582331, -63.620294)"
"2008","4301","3378 Federal Ave","Halifax","1","85027","Metropolitan Regional Housing Authority","Halifax","Halifax Regional Municipality","-63.62039347","44.65600233","(44.65600233, -63.62039347)"
"2009","4301","3380 Federal Ave","Halifax","1","85027","Metropolitan Regional Housing Authority","Halifax","Halifax Regional Municipality","-63.6204293","44.65604846","(44.65604846, -63.6204293)"
"2010","4301","3382 Federal Ave","Halifax","1","85027","Metropolitan Regional Housing Authority","Halifax","Halifax Regional Municipality","-63.62049783","44.65610569","(44.65610569, -63.62049783)"
"2011","4301","3384 Federal Ave","Halifax","1","85027","Metropolitan Regional Housing Authority","Halifax","Halifax Regional Municipality","-63.62054996","44.6561601","(44.6561601, -63.62054996)"
"2012","4301","3388 Federal Ave","Halifax","1","85027","Metropolitan Regional Housing Authority","Halifax","Halifax Regional Municipality","-63.62078243","44.65629421","(44.65629421, -63.62078243)"
"2013","4301","3390 Federal Ave","Halifax","1","85027","Metropolitan Regional Housing Authority","Halifax","Halifax Regional Municipality","-63.62086147","44.6563218","(44.6563218, -63.62086147)"
"2014","4301","3392 Federal Ave","Halifax","1","85027","Metropolitan Regional Housing Authority","Halifax","Halifax Regional Municipality","-63.62096397","44.65629561","(44.65629561, -63.62096397)"
"2015","4301","3394 Federal Ave","Halifax","1","85027","Metropolitan Regional Housing Authority","Halifax","Halifax Regional Municipality","-63.62104802","44.65632683","(44.65632683, -63.62104802)"
"2016","4301","3301 Federal Ave","Halifax","1","85035","Metropolitan Regional Housing Authority","Halifax","Halifax Regional Municipality","-63.62085011","44.65340218","(44.65340218, -63.62085011)"
"2017","4301","3303 Federal Ave","Halifax","1","85035","Metropolitan Regional Housing Authority","Halifax","Halifax Regional Municipality","-63.62078269","44.65335755","(44.65335755, -63.62078269)"
"2018","4301","3307 Federal Ave","Halifax","1","85035","Metropolitan Regional Housing Authority","Halifax","Halifax Regional Municipality","-63.62063292","44.65325653","(44.65325653, -63.62063292)"
"2019","4301","3305 Federal Ave","Halifax","1","85035","Metropolitan Regional Housing Authority","Halifax","Halifax Regional Municipality","-63.62069398","44.65330107","(44.65330107, -63.62069398)"
"2020","4301","3309 Federal Ave","Halifax","1","85035","Metropolitan Regional Housing Authority","Halifax","Halifax Regional Municipality","-63.62039178","44.65327807","(44.65327807, -63.62039178)"
"2021","4301","3311 Federal Ave","Halifax","1","85035","Metropolitan Regional Housing Authority","Halifax","Halifax Regional Municipality","-63.62031179","44.65331344","(44.65331344, -63.62031179)"
"2022","4301","3313 Federal Ave","Halifax","1","85035","Metropolitan Regional Housing Authority","Halifax","Halifax Regional Municipality","-63.62018762","44.653353","(44.653353, -63.62018762)"
"2023","4301","3315 Federal Ave","Halifax","1","85035","Metropolitan Regional Housing Authority","Halifax","Halifax Regional Municipality","-63.62010916","44.65337214","(44.65337214, -63.62010916)"
"2024","4301","3317 Federal Ave","Halifax","1","85035","Metropolitan Regional Housing Authority","Halifax","Halifax Regional Municipality","-63.6199349","44.65347254","(44.65347254, -63.6199349)"
"2025","4301","3319 Romans Ave","Halifax","1","85035","Metropolitan Regional Housing Authority","Halifax","Halifax Regional Municipality","-63.62134977","44.65329443","(44.65329443, -63.62134977)"
"2026","4301","3321 Romans Ave","Halifax","1","85035","Metropolitan Regional Housing Authority","Halifax","Halifax Regional Municipality","-63.62127708","44.65335056","(44.65335056, -63.62127708)"
"2027","4301","3325 Romans Ave","Halifax","1","85035","Metropolitan Regional Housing Authority","Halifax","Halifax Regional Municipality","-63.62114819","44.65345124","(44.65345124, -63.62114819)"
"2028","4302","3308 Barrington St","Halifax","1","61945","Metropolitan Regional Housing Authority","Halifax","Halifax Regional Municipality","-63.59913473","44.66806369","(44.66806369, -63.59913473)"
"2029","4302","3310 Barrington St","Halifax","1","61945","Metropolitan Regional Housing Authority","Halifax","Halifax Regional Municipality","-63.59923979","44.6681176","(44.6681176, -63.59923979)"
"2030","2614","303 Main St","Mulgrave","2","35100098","Eastern Mainland Housing Authority","Guysborough","Town of Mulgrave","-61.39397771","45.61491654","(45.61491654, -61.39397771)"
"2031","4302","3312 Barrington St","Halifax","1","61945","Metropolitan Regional Housing Authority","Halifax","Halifax Regional Municipality","-63.5991418","44.66801424","(44.66801424, -63.5991418)"
"2032","4302","3314 Barrington St","Halifax","1","61945","Metropolitan Regional Housing Authority","Halifax","Halifax Regional Municipality","-63.59919435","44.66803983","(44.66803983, -63.59919435)"
"2033","4301","3323 Romans Ave","Halifax","1","85035","Metropolitan Regional Housing Authority","Halifax","Halifax Regional Municipality","-63.6212057","44.65340042","(44.65340042, -63.6212057)"
"2034","4302","3316 Barrington St","Halifax","1","61945","Metropolitan Regional Housing Authority","Halifax","Halifax Regional Municipality","-63.59925196","44.66806551","(44.66806551, -63.59925196)"
"2035","4302","3320 Barrington St","Halifax","1","61945","Metropolitan Regional Housing Authority","Halifax","Halifax Regional Municipality","-63.59939857","44.66812781","(44.66812781, -63.59939857)"
"2036","4302","3318 Barrington St","Halifax","1","61945","Metropolitan Regional Housing Authority","Halifax","Halifax Regional Municipality","-63.59931088","44.66809206","(44.66809206, -63.59931088)"
"2037","4302","3324 Barrington St","Halifax","1","61945","Metropolitan Regional Housing Authority","Halifax","Halifax Regional Municipality","-63.59947248","44.66816259","(44.66816259, -63.59947248)"
"2038","4302","3322 Barrington St","Halifax","1","61945","Metropolitan Regional Housing Authority","Halifax","Halifax Regional Municipality","-63.59943991","44.66814794","(44.66814794, -63.59943991)"
"2039","4302","3326 Barrington St","Halifax","1","61945","Metropolitan Regional Housing Authority","Halifax","Halifax Regional Municipality","-63.59950874","44.66818001","(44.66818001, -63.59950874)"
"2040","4302","3328 Barrington St","Halifax","1","61945","Metropolitan Regional Housing Authority","Halifax","Halifax Regional Municipality","-63.59954251","44.66820006","(44.66820006, -63.59954251)"
"2041","4302","3330 Barrington St","Halifax","1","61945","Metropolitan Regional Housing Authority","Halifax","Halifax Regional Municipality","-63.59957384","44.66821292","(44.66821292, -63.59957384)"
"2042","4302","3332 Barrington St","Halifax","1","61945","Metropolitan Regional Housing Authority","Halifax","Halifax Regional Municipality","-63.59960376","44.66823206","(44.66823206, -63.59960376)"
"2043","4302","3334 Barrington St","Halifax","1","61945","Metropolitan Regional Housing Authority","Halifax","Halifax Regional Municipality","-63.59963882","44.66825123","(44.66825123, -63.59963882)"
"2044","4302","3336 Barrington St","Halifax","1","61945","Metropolitan Regional Housing Authority","Halifax","Halifax Regional Municipality","-63.59967134","44.66826861","(44.66826861, -63.59967134)"
"2045","4302","3338 Barrington St","Halifax","1","61945","Metropolitan Regional Housing Authority","Halifax","Halifax Regional Municipality","-63.59970767","44.66828505","(44.66828505, -63.59970767)"
"2046","4302","3342 Barrington St","Halifax","1","61945","Metropolitan Regional Housing Authority","Halifax","Halifax Regional Municipality","-63.59978779","44.66832171","(44.66832171, -63.59978779)"
"2047","4302","3340 Barrington St","Halifax","1","61945","Metropolitan Regional Housing Authority","Halifax","Halifax Regional Municipality","-63.599749","44.66830337","(44.66830337, -63.599749)"
"2048","4302","3344 Barrington St","Halifax","1","61945","Metropolitan Regional Housing Authority","Halifax","Halifax Regional Municipality","-63.59982289","44.66833641","(44.66833641, -63.59982289)"
"2049","4302","3346 Barrington St","Halifax","1","61945","Metropolitan Regional Housing Authority","Halifax","Halifax Regional Municipality","-63.59985412","44.66835554","(44.66835554, -63.59985412)"
"2050","4302","3348 Barrington St","Halifax","1","61945","Metropolitan Regional Housing Authority","Halifax","Halifax Regional Municipality","-63.59989412","44.66838015","(44.66838015, -63.59989412)"
"2051","4302","3350 Barrington St","Halifax","1","61945","Metropolitan Regional Housing Authority","Halifax","Halifax Regional Municipality","-63.5999354","44.66840208","(44.66840208, -63.5999354)"
"2052","4302","3352 Barrington St","Halifax","1","61945","Metropolitan Regional Housing Authority","Halifax","Halifax Regional Municipality","-63.59996915","44.66842033","(44.66842033, -63.59996915)"
"2053","4302","3354 Barrington St","Halifax","1","61945","Metropolitan Regional Housing Authority","Halifax","Halifax Regional Municipality","-63.60000788","44.66844041","(44.66844041, -63.60000788)"
"2054","4302","3356 Barrington St","Halifax","1","61945","Metropolitan Regional Housing Authority","Halifax","Halifax Regional Municipality","-63.60014281","44.6685234","(44.6685234, -63.60014281)"
"2055","4302","3358 Barrington St","Halifax","1","61945","Metropolitan Regional Housing Authority","Halifax","Halifax Regional Municipality","-63.60018626","44.66848685","(44.66848685, -63.60018626)"
"2056","4302","3360 Barrington St","Halifax","1","61945","Metropolitan Regional Housing Authority","Halifax","Halifax Regional Municipality","-63.60023733","44.66844763","(44.66844763, -63.60023733)"
"2057","4302","3362 Barrington St","Halifax","1","61945","Metropolitan Regional Housing Authority","Halifax","Halifax Regional Municipality","-63.60028708","44.66841383","(44.66841383, -63.60028708)"
"2058","4302","3364 Barrington St","Halifax","1","61945","Metropolitan Regional Housing Authority","Halifax","Halifax Regional Municipality","-63.60022097","44.66852758","(44.66852758, -63.60022097)"
"2059","4302","3366 Barrington St","Halifax","1","61945","Metropolitan Regional Housing Authority","Halifax","Halifax Regional Municipality","-63.60046793","44.66854215","(44.66854215, -63.60046793)"
"2060","4302","3370 Barrington St","Halifax","1","61945","Metropolitan Regional Housing Authority","Halifax","Halifax Regional Municipality","-63.60053159","44.66858588","(44.66858588, -63.60053159)"
"2061","4302","3368 Barrington St","Halifax","1","61945","Metropolitan Regional Housing Authority","Halifax","Halifax Regional Municipality","-63.60049413","44.66856306","(44.66856306, -63.60049413)"
"2062","4302","3372 Barrington St","Halifax","1","61945","Metropolitan Regional Housing Authority","Halifax","Halifax Regional Municipality","-63.60056275","44.66860681","(44.66860681, -63.60056275)"
"2063","4302","3374 Barrington St","Halifax","1","61945","Metropolitan Regional Housing Authority","Halifax","Halifax Regional Municipality","-63.60059527","44.66862414","(44.66862414, -63.60059527)"
"2064","4302","3376 Barrington St","Halifax","1","61945","Metropolitan Regional Housing Authority","Halifax","Halifax Regional Municipality","-63.60062776","44.66864693","(44.66864693, -63.60062776)"
"2065","4302","3378 Barrington St","Halifax","1","61945","Metropolitan Regional Housing Authority","Halifax","Halifax Regional Municipality","-63.6006589","44.66867234","(44.66867234, -63.6006589)"
"2066","4302","3380 Barrington St","Halifax","1","61945","Metropolitan Regional Housing Authority","Halifax","Halifax Regional Municipality","-63.60069755","44.66870056","(44.66870056, -63.60069755)"
"2067","4302","3384 Barrington St","Halifax","1","61945","Metropolitan Regional Housing Authority","Halifax","Halifax Regional Municipality","-63.60076127","44.66874155","(44.66874155, -63.60076127)"
"2068","4302","3386 Barrington St","Halifax","1","61945","Metropolitan Regional Housing Authority","Halifax","Halifax Regional Municipality","-63.60079491","44.66876521","(44.66876521, -63.60079491)"
"2069","4302","3388 Barrington St","Halifax","1","61945","Metropolitan Regional Housing Authority","Halifax","Halifax Regional Municipality","-63.60082738","44.6687862","(44.6687862, -63.60082738)"
"2070","4302","3382 Barrington St","Halifax","1","61945","Metropolitan Regional Housing Authority","Halifax","Halifax Regional Municipality","-63.60072872","44.6687215","(44.6687215, -63.60072872)"
"2071","4302","3390 Barrington St","Halifax","1","61945","Metropolitan Regional Housing Authority","Halifax","Halifax Regional Municipality","-63.6009388","44.66891936","(44.66891936, -63.6009388)"
"2072","4302","3392 Barrington St","Halifax","1","61945","Metropolitan Regional Housing Authority","Halifax","Halifax Regional Municipality","-63.60097252","44.66894301","(44.66894301, -63.60097252)"
"2073","4302","3396 Barrington St","Halifax","1","61945","Metropolitan Regional Housing Authority","Halifax","Halifax Regional Municipality","-63.60104618","44.66899221","(44.66899221, -63.60104618)"
"2074","4302","3394 Barrington St","Halifax","1","61945","Metropolitan Regional Housing Authority","Halifax","Halifax Regional Municipality","-63.60100869","44.66896671","(44.66896671, -63.60100869)"
"2075","4302","3398 Barrington St","Halifax","1","61945","Metropolitan Regional Housing Authority","Halifax","Halifax Regional Municipality","-63.60108863","44.66901773","(44.66901773, -63.60108863)"
"2076","4302","3400 Barrington St","Halifax","1","61945","Metropolitan Regional Housing Authority","Halifax","Halifax Regional Municipality","-63.6011673","44.66907143","(44.66907143, -63.6011673)"
"2077","4302","3402 Barrington St","Halifax","1","61945","Metropolitan Regional Housing Authority","Halifax","Halifax Regional Municipality","-63.60119843","44.66909597","(44.66909597, -63.60119843)"
"2078","4302","3404 Barrington St","Halifax","1","61945","Metropolitan Regional Housing Authority","Halifax","Halifax Regional Municipality","-63.60123085","44.66911963","(44.66911963, -63.60123085)"
"2079","4302","3406 Barrington St","Halifax","1","61945","Metropolitan Regional Housing Authority","Halifax","Halifax Regional Municipality","-63.60125957","44.66914058","(44.66914058, -63.60125957)"
"2080","4302","3410 Barrington St","Halifax","1","61945","Metropolitan Regional Housing Authority","Halifax","Halifax Regional Municipality","-63.60137029","44.66931606","(44.66931606, -63.60137029)"
"2081","4302","3414 Barrington St","Halifax","1","61945","Metropolitan Regional Housing Authority","Halifax","Halifax Regional Municipality","-63.60145912","44.66936715","(44.66936715, -63.60145912)"
"2082","4302","3412 Barrington St","Halifax","1","61945","Metropolitan Regional Housing Authority","Halifax","Halifax Regional Municipality","-63.60141788","44.66934162","(44.66934162, -63.60141788)"
"2083","4302","3416 Barrington St","Halifax","1","61945","Metropolitan Regional Housing Authority","Halifax","Halifax Regional Municipality","-63.60149528","44.6693908","(44.6693908, -63.60149528)"
"2084","4302","3418 Barrington St","Halifax","1","61945","Metropolitan Regional Housing Authority","Halifax","Halifax Regional Municipality","-63.60153271","44.66941809","(44.66941809, -63.60153271)"
"2085","4302","3422 Barrington St","Halifax","1","61945","Metropolitan Regional Housing Authority","Halifax","Halifax Regional Municipality","-63.60160998","44.66947814","(44.66947814, -63.60160998)"
"2086","4302","3420 Barrington St","Halifax","1","61945","Metropolitan Regional Housing Authority","Halifax","Halifax Regional Municipality","-63.60156756","44.66944808","(44.66944808, -63.60156756)"
"2087","4302","3424 Barrington St","Halifax","1","61945","Metropolitan Regional Housing Authority","Halifax","Halifax Regional Municipality","-63.60164739","44.66950363","(44.66950363, -63.60164739)"
"2088","4302","3426 Barrington St","Halifax","1","61945","Metropolitan Regional Housing Authority","Halifax","Halifax Regional Municipality","-63.60168599","44.66953453","(44.66953453, -63.60168599)"
"2089","4302","3428 Barrington St","Halifax","1","61945","Metropolitan Regional Housing Authority","Halifax","Halifax Regional Municipality","-63.60172596","44.66956361","(44.66956361, -63.60172596)"
"2090","4302","3432 Barrington St","Halifax","1","61945","Metropolitan Regional Housing Authority","Halifax","Halifax Regional Municipality","-63.60180972","44.66961287","(44.66961287, -63.60180972)"
"2091","4302","3430 Barrington St","Halifax","1","61945","Metropolitan Regional Housing Authority","Halifax","Halifax Regional Municipality","-63.60176594","44.66958555","(44.66958555, -63.60176594)"
"2092","4302","3446 Barrington St","Halifax","1","61945","Metropolitan Regional Housing Authority","Halifax","Halifax Regional Municipality","-63.60196497","44.66960513","(44.66960513, -63.60196497)"
"2093","4302","3448 Barrington St","Halifax","1","61945","Metropolitan Regional Housing Authority","Halifax","Halifax Regional Municipality","-63.60200236","44.66962882","(44.66962882, -63.60200236)"
"2094","4302","3452 Barrington St","Halifax","1","61945","Metropolitan Regional Housing Authority","Halifax","Halifax Regional Municipality","-63.60206979","44.66967433","(44.66967433, -63.60206979)"
"2095","4302","3450 Barrington St","Halifax","1","61945","Metropolitan Regional Housing Authority","Halifax","Halifax Regional Municipality","-63.60203358","44.66965424","(44.66965424, -63.60203358)"
"2096","4302","3454 Barrington St","Halifax","1","61945","Metropolitan Regional Housing Authority","Halifax","Halifax Regional Municipality","-63.6021072","44.6697007","(44.6697007, -63.6021072)"
"2097","4302","3456 Barrington St","Halifax","1","61945","Metropolitan Regional Housing Authority","Halifax","Halifax Regional Municipality","-63.60213973","44.66971895","(44.66971895, -63.60213973)"
"2098","4302","3460 Barrington St","Halifax","1","61945","Metropolitan Regional Housing Authority","Halifax","Halifax Regional Municipality","-63.60220958","44.66976991","(44.66976991, -63.60220958)"
"2099","4302","3458 Barrington St","Halifax","1","61945","Metropolitan Regional Housing Authority","Halifax","Halifax Regional Municipality","-63.60217722","44.66974445","(44.66974445, -63.60217722)"
"2100","4302","3462 Barrington St","Halifax","1","61945","Metropolitan Regional Housing Authority","Halifax","Halifax Regional Municipality","-63.60223824","44.66979266","(44.66979266, -63.60223824)"
"2101","4302","3464 Barrington St","Halifax","1","61945","Metropolitan Regional Housing Authority","Halifax","Halifax Regional Municipality","-63.60226944","44.66981627","(44.66981627, -63.60226944)"
"2102","4302","100 Jarvis Lane","Halifax","1","61945","Metropolitan Regional Housing Authority","Halifax","Halifax Regional Municipality","-63.6020669","44.66937192","(44.66937192, -63.6020669)"
"2103","4302","104 Jarvis Lane","Halifax","1","61945","Metropolitan Regional Housing Authority","Halifax","Halifax Regional Municipality","-63.602012","44.6693328","(44.6693328, -63.602012)"
"2104","4302","102 Jarvis Lane","Halifax","1","61945","Metropolitan Regional Housing Authority","Halifax","Halifax Regional Municipality","-63.60200618","44.66938404","(44.66938404, -63.60200618)"
"2105","4302","114 Jarvis Lane","Halifax","1","61945","Metropolitan Regional Housing Authority","Halifax","Halifax Regional Municipality","-63.60195959","44.66929727","(44.66929727, -63.60195959)"
"2106","4302","116 Jarvis Lane","Halifax","1","61945","Metropolitan Regional Housing Authority","Halifax","Halifax Regional Municipality","-63.60189001","44.66931205","(44.66931205, -63.60189001)"
"2107","4302","118 Jarvis Lane","Halifax","1","61945","Metropolitan Regional Housing Authority","Halifax","Halifax Regional Municipality","-63.60190092","44.66925631","(44.66925631, -63.60190092)"
"2108","4302","128 Jarvis Lane","Halifax","1","61945","Metropolitan Regional Housing Authority","Halifax","Halifax Regional Municipality","-63.60184481","44.66921806","(44.66921806, -63.60184481)"
"2109","4302","130 Jarvis Lane","Halifax","1","61945","Metropolitan Regional Housing Authority","Halifax","Halifax Regional Municipality","-63.60177892","44.66923469","(44.66923469, -63.60177892)"
"2110","4302","132 Jarvis Lane","Halifax","1","61945","Metropolitan Regional Housing Authority","Halifax","Halifax Regional Municipality","-63.6017848","44.66918071","(44.66918071, -63.6017848)"
"2111","4302","140 Jarvis Lane","Halifax","1","61945","Metropolitan Regional Housing Authority","Halifax","Halifax Regional Municipality","-63.60172255","44.66913163","(44.66913163, -63.60172255)"
"2112","4302","146 Jarvis Lane","Halifax","1","61945","Metropolitan Regional Housing Authority","Halifax","Halifax Regional Municipality","-63.60166878","44.66909879","(44.66909879, -63.60166878)"
"2113","4302","28 Jarvis Lane","Halifax","1","61945","Metropolitan Regional Housing Authority","Halifax","Halifax Regional Municipality","-63.60268366","44.66953514","(44.66953514, -63.60268366)"
"2114","4302","32 Jarvis Lane","Halifax","1","61945","Metropolitan Regional Housing Authority","Halifax","Halifax Regional Municipality","-63.6026424","44.66950786","(44.66950786, -63.6026424)"
"2115","2801","453 Birch St","New Glasgow","1","956151","Eastern Mainland Housing Authority","Pictou","Town of New Glasgow","-62.65612059","45.59353378","(45.59353378, -62.65612059)"
"2116","2801","462 Birch St","New Glasgow","1","956276","Eastern Mainland Housing Authority","Pictou","Town of New Glasgow","-62.65624779","45.59339232","(45.59339232, -62.65624779)"
"2117","2801","473 Birch St","New Glasgow","1","956177","Eastern Mainland Housing Authority","Pictou","Town of New Glasgow","-62.65655118","45.59344283","(45.59344283, -62.65655118)"
"2118","4302","38 Jarvis Lane","Halifax","1","61945","Metropolitan Regional Housing Authority","Halifax","Halifax Regional Municipality","-63.60259999","44.66947873","(44.66947873, -63.60259999)"
"2119","2801","482 Birch St","New Glasgow","1","956243","Eastern Mainland Housing Authority","Pictou","Town of New Glasgow","-62.65667838","45.59330136","(45.59330136, -62.65667838)"
"2120","4302","40 Jarvis Lane","Halifax","1","61945","Metropolitan Regional Housing Authority","Halifax","Halifax Regional Municipality","-63.60253537","44.66949982","(44.66949982, -63.60253537)"
"2121","2801","483 Birch St","New Glasgow","1","956185","Eastern Mainland Housing Authority","Pictou","Town of New Glasgow","-62.65676648","45.59339735","(45.59339735, -62.65676648)"
"2122","2801","492 Birch St","New Glasgow","1","956235","Eastern Mainland Housing Authority","Pictou","Town of New Glasgow","-62.65689368","45.59325589","(45.59325589, -62.65689368)"
"2123","4302","42 Jarvis Lane","Halifax","1","61945","Metropolitan Regional Housing Authority","Halifax","Halifax Regional Municipality","-63.60255135","44.66944591","(44.66944591, -63.60255135)"
"2124","2801","472 Birch St","New Glasgow","1","956250","Eastern Mainland Housing Authority","Pictou","Town of New Glasgow","-62.65646309","45.59334684","(45.59334684, -62.65646309)"
"2125","2801","493 Birch St","New Glasgow","1","956193","Eastern Mainland Housing Authority","Pictou","Town of New Glasgow","-62.65698177","45.59335188","(45.59335188, -62.65698177)"
"2126","4302","48 Jarvis Lane","Halifax","1","61945","Metropolitan Regional Housing Authority","Halifax","Halifax Regional Municipality","-63.60250386","44.66941408","(44.66941408, -63.60250386)"
"2127","2801","465 Birch St (463)","New Glasgow","1","956250","Eastern Mainland Housing Authority","Pictou","Town of New Glasgow","-62.65637895","45.59347921","(45.59347921, -62.65637895)"
"2128","4302","50 Jarvis Lane","Halifax","1","61945","Metropolitan Regional Housing Authority","Halifax","Halifax Regional Municipality","-63.60244294","44.66943875","(44.66943875, -63.60244294)"
"2129","4302","52 Jarvis Lane","Halifax","1","61945","Metropolitan Regional Housing Authority","Halifax","Halifax Regional Municipality","-63.60245891","44.66938397","(44.66938397, -63.60245891)"
"2130","2803","570 Brother St Exten","New Glasgow","1","923631","Eastern Mainland Housing Authority","Pictou","Town of New Glasgow","-62.63246124","45.57828132","(45.57828132, -62.63246124)"
"2131","4302","58 Jarvis Lane","Halifax","1","61945","Metropolitan Regional Housing Authority","Halifax","Halifax Regional Municipality","-63.60241021","44.66935395","(44.66935395, -63.60241021)"
"2132","2803","578 Brother St Exten","New Glasgow","1","923649","Eastern Mainland Housing Authority","Pictou","Town of New Glasgow","-62.63238902","45.57825525","(45.57825525, -62.63238902)"
"2133","4302","60 Jarvis Lane","Halifax","1","61945","Metropolitan Regional Housing Authority","Halifax","Halifax Regional Municipality","-63.60235059","44.66937774","(44.66937774, -63.60235059)"
"2134","2803","600 Brother St Exten","New Glasgow","1","923656","Eastern Mainland Housing Authority","Pictou","Town of New Glasgow","-62.63219039","45.57818356","(45.57818356, -62.63219039)"
"2135","2803","606 Brother St Exten","New Glasgow","1","923664","Eastern Mainland Housing Authority","Pictou","Town of New Glasgow","-62.63213621","45.578164","(45.578164, -62.63213621)"
"2136","4302","62 Jarvis Lane","Halifax","1","61945","Metropolitan Regional Housing Authority","Halifax","Halifax Regional Municipality","-63.60236526","44.66932384","(44.66932384, -63.60236526)"
"2137","2824","49 View St","New Glasgow","1","1006782","Eastern Mainland Housing Authority","Pictou","Town of New Glasgow","-62.652686","45.58662817","(45.58662817, -62.652686)"
"2138","2824","43 View St","New Glasgow","1","1006782","Eastern Mainland Housing Authority","Pictou","Town of New Glasgow","-62.65258114","45.58664115","(45.58664115, -62.65258114)"
"2139","4302","169 Jarvis Lane","Halifax","1","61945","Metropolitan Regional Housing Authority","Halifax","Halifax Regional Municipality","-63.60161193","44.66845394","(44.66845394, -63.60161193)"
"2140","4302","171 Jarvis Lane","Halifax","1","61945","Metropolitan Regional Housing Authority","Halifax","Halifax Regional Municipality","-63.6015684","44.66849771","(44.66849771, -63.6015684)"
"2141","4302","173 Jarvis Lane","Halifax","1","61945","Metropolitan Regional Housing Authority","Halifax","Halifax Regional Municipality","-63.60154262","44.6684471","(44.6684471, -63.60154262)"
"2142","4302","179 Jarvis Lane","Halifax","1","61945","Metropolitan Regional Housing Authority","Halifax","Halifax Regional Municipality","-63.60146572","44.66844652","(44.66844652, -63.60146572)"
"2143","4302","181 Jarvis Lane","Halifax","1","61945","Metropolitan Regional Housing Authority","Halifax","Halifax Regional Municipality","-63.60141595","44.66848572","(44.66848572, -63.60141595)"
"2144","4302","30 Jarvis Lane","Halifax","1","61945","Metropolitan Regional Housing Authority","Halifax","Halifax Regional Municipality","-63.60261774","44.66955623","(44.66955623, -63.60261774)"
"2145","4302","183 Jarvis Lane","Halifax","1","61945","Metropolitan Regional Housing Authority","Halifax","Halifax Regional Municipality","-63.60139267","44.66843964","(44.66843964, -63.60139267)"
"2146","4302","191 Jarvis Lane","Halifax","1","61945","Metropolitan Regional Housing Authority","Halifax","Halifax Regional Municipality","-63.60127237","44.66847201","(44.66847201, -63.60127237)"
"2147","4302","189 Jarvis Lane","Halifax","1","61945","Metropolitan Regional Housing Authority","Halifax","Halifax Regional Municipality","-63.60132211","44.66843728","(44.66843728, -63.60132211)"
"2148","4302","193 Jarvis Lane","Halifax","1","61945","Metropolitan Regional Housing Authority","Halifax","Halifax Regional Municipality","-63.60125531","44.66843676","(44.66843676, -63.60125531)"
"2149","4302","129 Connor Lane","Halifax","1","61945","Metropolitan Regional Housing Authority","Halifax","Halifax Regional Municipality","-63.60058626","44.66806699","(44.66806699, -63.60058626)"
"2150","4302","133 Connor Lane","Halifax","1","61945","Metropolitan Regional Housing Authority","Halifax","Halifax Regional Municipality","-63.60063362","44.66810249","(44.66810249, -63.60063362)"
"2151","4302","131 Connor Lane","Halifax","1","61945","Metropolitan Regional Housing Authority","Halifax","Halifax Regional Municipality","-63.60057173","44.66811101","(44.66811101, -63.60057173)"
"2152","4302","139 Connor Lane","Halifax","1","61945","Metropolitan Regional Housing Authority","Halifax","Halifax Regional Municipality","-63.6006824","44.66813257","(44.66813257, -63.6006824)"
"2153","4302","141 Connor Lane","Halifax","1","61945","Metropolitan Regional Housing Authority","Halifax","Halifax Regional Municipality","-63.60066409","44.66817382","(44.66817382, -63.60066409)"
"2154","4302","143 Connor Lane","Halifax","1","61945","Metropolitan Regional Housing Authority","Halifax","Halifax Regional Municipality","-63.60073233","44.66816445","(44.66816445, -63.60073233)"
"2155","4302","149 Connor Lane","Halifax","1","61945","Metropolitan Regional Housing Authority","Halifax","Halifax Regional Municipality","-63.60077228","44.66819174","(44.66819174, -63.60077228)"
"2156","4302","151 Connor Lane","Halifax","1","61945","Metropolitan Regional Housing Authority","Halifax","Halifax Regional Municipality","-63.6007514","44.66823567","(44.66823567, -63.6007514)"
"2157","4302","89 Connor Lane","Halifax","1","61945","Metropolitan Regional Housing Authority","Halifax","Halifax Regional Municipality","-63.60028848","44.66775235","(44.66775235, -63.60028848)"
"2158","4302","109 Connor Lane","Halifax","63","61945","Metropolitan Regional Housing Authority","Halifax","Halifax Regional Municipality","-63.60047701","44.66787534","(44.66787534, -63.60047701)"
"2159","4302","153 Connor Lane","Halifax","1","61945","Metropolitan Regional Housing Authority","Halifax","Halifax Regional Municipality","-63.6008222","44.66822188","(44.66822188, -63.6008222)"
"2160","4302","39 Connor Lane","Halifax","1","61945","Metropolitan Regional Housing Authority","Halifax","Halifax Regional Municipality","-63.59957807","44.66761268","(44.66761268, -63.59957807)"
"2161","4302","41 Connor Lane","Halifax","1","61945","Metropolitan Regional Housing Authority","Halifax","Halifax Regional Municipality","-63.5995622","44.66766113","(44.66766113, -63.5995622)"
"2162","4302","49 Connor Lane","Halifax","1","61945","Metropolitan Regional Housing Authority","Halifax","Halifax Regional Municipality","-63.59966291","44.66767275","(44.66767275, -63.59966291)"
"2163","4302","51 Connor Lane","Halifax","1","61945","Metropolitan Regional Housing Authority","Halifax","Halifax Regional Municipality","-63.59964089","44.66770948","(44.66770948, -63.59964089)"
"2164","4302","53 Connor Lane","Halifax","1","61945","Metropolitan Regional Housing Authority","Halifax","Halifax Regional Municipality","-63.59970907","44.66770192","(44.66770192, -63.59970907)"
"2165","4302","59 Connor Lane","Halifax","1","61945","Metropolitan Regional Housing Authority","Halifax","Halifax Regional Municipality","-63.59975778","44.6677338","(44.6677338, -63.59975778)"
"2166","3001","2347 Spring Garden Rd","Westville","1","907527","Eastern Mainland Housing Authority","Pictou","Town of Westville","-62.71797677","45.56884583","(45.56884583, -62.71797677)"
"2167","4302","61 Connor Lane","Halifax","1","61945","Metropolitan Regional Housing Authority","Halifax","Halifax Regional Municipality","-63.59974319","44.66777957","(44.66777957, -63.59974319)"
"2168","3001","2341 Spring Garden Rd","Westville","1","907543","Eastern Mainland Housing Authority","Pictou","Town of Westville","-62.71777263","45.56881365","(45.56881365, -62.71777263)"
"2169","4302","63 Connor Lane","Halifax","1","61945","Metropolitan Regional Housing Authority","Halifax","Halifax Regional Municipality","-63.5998165","44.66777203","(44.66777203, -63.5998165)"
"2170","3001","1819 Acadia Ave","Westville","1","1026277","Eastern Mainland Housing Authority","Pictou","Town of Westville","-62.70093753","45.56311086","(45.56311086, -62.70093753)"
"2171","4302","69 Connor Lane","Halifax","1","61945","Metropolitan Regional Housing Authority","Halifax","Halifax Regional Municipality","-63.59985134","44.66780202","(44.66780202, -63.59985134)"
"2172","3001","1827 Acadia Ave","Westville","1","1026269","Eastern Mainland Housing Authority","Pictou","Town of Westville","-62.70123942","45.56308692","(45.56308692, -62.70123942)"
"2173","4302","71 Connor Lane","Halifax","1","61945","Metropolitan Regional Housing Authority","Halifax","Halifax Regional Municipality","-63.5998181","44.66783236","(44.66783236, -63.5998181)"
"2174","3001","1835 Acadia Ave","Westville","1","1026251","Eastern Mainland Housing Authority","Pictou","Town of Westville","-62.70154238","45.563059","(45.563059, -62.70154238)"
"2175","4302","73 Connor Lane","Halifax","1","61945","Metropolitan Regional Housing Authority","Halifax","Halifax Regional Municipality","-63.59991262","44.66783582","(44.66783582, -63.59991262)"
"2176","3002","1615 Matheson St","Westville","1","1033679","Eastern Mainland Housing Authority","Pictou","Town of Westville","-62.71625662","45.56836036","(45.56836036, -62.71625662)"
"2177","3002","1631 Matheson St","Westville","1","1033653","Eastern Mainland Housing Authority","Pictou","Town of Westville","-62.71648865","45.56795174","(45.56795174, -62.71648865)"
"2178","4302","5261 Richmond St","Halifax","63","61945","Metropolitan Regional Housing Authority","Halifax","Halifax Regional Municipality","-63.59939849","44.66740152","(44.66740152, -63.59939849)"
"2179","3002","1623 Matheson St","Westville","1","1033661","Eastern Mainland Housing Authority","Pictou","Town of Westville","-62.71637264","45.56815605","(45.56815605, -62.71637264)"
"2180","3002","1639 Matheson St","Westville","1","1033646","Eastern Mainland Housing Authority","Pictou","Town of Westville","-62.71660466","45.56774743","(45.56774743, -62.71660466)"
"2181","4302","152 Connor Lane","Halifax","1","61945","Metropolitan Regional Housing Authority","Halifax","Halifax Regional Municipality","-63.60100701","44.6680163","(44.6680163, -63.60100701)"
"2182","4302","154 Connor Lane","Halifax","1","61945","Metropolitan Regional Housing Authority","Halifax","Halifax Regional Municipality","-63.60099238","44.6680666","(44.6680666, -63.60099238)"
"2183","4302","156 Connor Lane","Halifax","1","61945","Metropolitan Regional Housing Authority","Halifax","Halifax Regional Municipality","-63.6010719","44.66806095","(44.66806095, -63.6010719)"
"2184","4302","162 Connor Lane","Halifax","1","61945","Metropolitan Regional Housing Authority","Halifax","Halifax Regional Municipality","-63.60111438","44.66808827","(44.66808827, -63.60111438)"
"2185","3201","31 Veterans Dr","Pictou","1","985572","Eastern Mainland Housing Authority","Pictou","Town of Pictou","-62.72542836","45.6767414","(45.6767414, -62.72542836)"
"2186","4302","164 Connor Lane","Halifax","1","61945","Metropolitan Regional Housing Authority","Halifax","Halifax Regional Municipality","-63.60108844","44.66813218","(44.66813218, -63.60108844)"
"2187","3201","33 Veterans Dr","Pictou","1","985572","Eastern Mainland Housing Authority","Pictou","Town of Pictou","-62.7254507","45.67679391","(45.67679391, -62.7254507)"
"2188","4302","166 Connor Lane","Halifax","1","61945","Metropolitan Regional Housing Authority","Halifax","Halifax Regional Municipality","-63.60115804","44.66812007","(44.66812007, -63.60115804)"
"2189","3201","55 Veterans Dr","Pictou","1","985606","Eastern Mainland Housing Authority","Pictou","Town of Pictou","-62.72568282","45.67737248","(45.67737248, -62.72568282)"
"2190","4302","172 Connor Lane","Halifax","1","61945","Metropolitan Regional Housing Authority","Halifax","Halifax Regional Municipality","-63.60119915","44.66814921","(44.66814921, -63.60119915)"
"2191","4302","174 Connor Lane","Halifax","1","61945","Metropolitan Regional Housing Authority","Halifax","Halifax Regional Municipality","-63.6011959","44.66819782","(44.66819782, -63.6011959)"
"2192","3201","57 Veterans Dr","Pictou","1","985606","Eastern Mainland Housing Authority","Pictou","Town of Pictou","-62.72570382","45.67742502","(45.67742502, -62.72570382)"
"2193","4302","176 Connor Lane","Halifax","1","61945","Metropolitan Regional Housing Authority","Halifax","Halifax Regional Municipality","-63.60125666","44.66818117","(44.66818117, -63.60125666)"
"2194","3201","58 Veterans Dr","Pictou","1","985655","Eastern Mainland Housing Authority","Pictou","Town of Pictou","-62.72555308","45.67745463","(45.67745463, -62.72555308)"
"2195","3201","56 Veterans Dr","Pictou","1","985655","Eastern Mainland Housing Authority","Pictou","Town of Pictou","-62.72553208","45.67740209","(45.67740209, -62.72553208)"
"2196","3201","64 Veterans Dr","Pictou","1","985648","Eastern Mainland Housing Authority","Pictou","Town of Pictou","-62.7256161","45.67761226","(45.67761226, -62.7256161)"
"2197","4302","101 Jarvis Lane","Halifax","1","61945","Metropolitan Regional Housing Authority","Halifax","Halifax Regional Municipality","-63.60231408","44.66888067","(44.66888067, -63.60231408)"
"2198","3201","66 Veterans Dr","Pictou","1","985648","Eastern Mainland Housing Authority","Pictou","Town of Pictou","-62.72563711","45.6776648","(45.6776648, -62.72563711)"
"2199","4302","103 Jarvis Lane","Halifax","1","61945","Metropolitan Regional Housing Authority","Halifax","Halifax Regional Municipality","-63.60224817","44.66890264","(44.66890264, -63.60224817)"
"2200","3201","74 Veterans Dr","Pictou","1","985630","Eastern Mainland Housing Authority","Pictou","Town of Pictou","-62.72572841","45.67789623","(45.67789623, -62.72572841)"
"2201","3201","5 Hector Ave","Pictou","1","985614","Eastern Mainland Housing Authority","Pictou","Town of Pictou","-62.72601125","45.6777939","(45.6777939, -62.72601125)"
"2202","4302","105 Jarvis Lane","Halifax","1","61945","Metropolitan Regional Housing Authority","Halifax","Halifax Regional Municipality","-63.60226661","44.66885057","(44.66885057, -63.60226661)"
"2203","4302","111 Jarvis Lane","Halifax","1","61945","Metropolitan Regional Housing Authority","Halifax","Halifax Regional Municipality","-63.60222173","44.66881966","(44.66881966, -63.60222173)"
"2204","4302","113 Jarvis Lane","Halifax","1","61945","Metropolitan Regional Housing Authority","Halifax","Halifax Regional Municipality","-63.60215582","44.66884163","(44.66884163, -63.60215582)"
"2205","4302","115 Jarvis Lane","Halifax","1","61945","Metropolitan Regional Housing Authority","Halifax","Halifax Regional Municipality","-63.60217684","44.66878688","(44.66878688, -63.60217684)"
"2206","4302","121 Jarvis Lane","Halifax","1","61945","Metropolitan Regional Housing Authority","Halifax","Halifax Regional Municipality","-63.6021307","44.66875236","(44.66875236, -63.6021307)"
"2207","4302","123 Jarvis Lane","Halifax","1","61945","Metropolitan Regional Housing Authority","Halifax","Halifax Regional Municipality","-63.60206226","44.66877429","(44.66877429, -63.60206226)"
"2208","2801","452 Birch St","New Glasgow","1","956284","Eastern Mainland Housing Authority","Pictou","Town of New Glasgow","-62.6560325","45.59343779","(45.59343779, -62.6560325)"
"2209","4302","125 Jarvis Lane","Halifax","1","61945","Metropolitan Regional Housing Authority","Halifax","Halifax Regional Municipality","-63.60207693","44.66871951","(44.66871951, -63.60207693)"
"2210","4302","131 Jarvis Lane","Halifax","1","61945","Metropolitan Regional Housing Authority","Halifax","Halifax Regional Municipality","-63.60203581","44.6686895","(44.6686895, -63.60203581)"
"2211","4302","133 Jarvis Lane","Halifax","1","61945","Metropolitan Regional Housing Authority","Halifax","Halifax Regional Municipality","-63.60196996","44.66870967","(44.66870967, -63.60196996)"
"2212","4302","135 Jarvis Lane","Halifax","1","61945","Metropolitan Regional Housing Authority","Halifax","Halifax Regional Municipality","-63.60198464","44.6686567","(44.6686567, -63.60198464)"
"2213","4302","141 Jarvis Lane","Halifax","1","61945","Metropolitan Regional Housing Authority","Halifax","Halifax Regional Municipality","-63.60193336","44.66862837","(44.66862837, -63.60193336)"
"2214","4302","145 Jarvis Lane","Halifax","1","61945","Metropolitan Regional Housing Authority","Halifax","Halifax Regional Municipality","-63.60188594","44.66859561","(44.66859561, -63.60188594)"
"2215","4302","15 Jarvis Lane","Halifax","1","61945","Metropolitan Regional Housing Authority","Halifax","Halifax Regional Municipality","-63.60310657","44.66942508","(44.66942508, -63.60310657)"
"2216","4302","17 Jarvis Lane","Halifax","1","61945","Metropolitan Regional Housing Authority","Halifax","Halifax Regional Municipality","-63.60303559","44.66944522","(44.66944522, -63.60303559)"
"2217","4302","19 Jarvis Lane","Halifax","1","61945","Metropolitan Regional Housing Authority","Halifax","Halifax Regional Municipality","-63.60305662","44.6693914","(44.6693914, -63.60305662)"
"2218","4302","25 Jarvis Lane","Halifax","1","61945","Metropolitan Regional Housing Authority","Halifax","Halifax Regional Municipality","-63.60299163","44.66935309","(44.66935309, -63.60299163)"
"2219","4302","27 Jarvis Lane","Halifax","1","61945","Metropolitan Regional Housing Authority","Halifax","Halifax Regional Municipality","-63.60291576","44.66936598","(44.66936598, -63.60291576)"
"2220","4302","29 Jarvis Lane","Halifax","1","61945","Metropolitan Regional Housing Authority","Halifax","Halifax Regional Municipality","-63.60292928","44.66931029","(44.66931029, -63.60292928)"
"2221","4302","35 Jarvis Lane","Halifax","1","61945","Metropolitan Regional Housing Authority","Halifax","Halifax Regional Municipality","-63.60286673","44.66927202","(44.66927202, -63.60286673)"
"2222","4302","43 Connor Lane","Halifax","1","61945","Metropolitan Regional Housing Authority","Halifax","Halifax Regional Municipality","-63.59962173","44.66764448","(44.66764448, -63.59962173)"
"2223","4302","37 Jarvis Lane","Halifax","1","61945","Metropolitan Regional Housing Authority","Halifax","Halifax Regional Municipality","-63.60279597","44.66928228","(44.66928228, -63.60279597)"
"2224","4302","39 Jarvis Lane","Halifax","1","61945","Metropolitan Regional Housing Authority","Halifax","Halifax Regional Municipality","-63.60280814","44.66923013","(44.66923013, -63.60280814)"
"2225","4302","55 Jarvis Lane","Halifax","1","61945","Metropolitan Regional Housing Authority","Halifax","Halifax Regional Municipality","-63.60273932","44.66919184","(44.66919184, -63.60273932)"
"2226","4302","57 Jarvis Lane","Halifax","1","61945","Metropolitan Regional Housing Authority","Halifax","Halifax Regional Municipality","-63.60266609","44.66919932","(44.66919932, -63.60266609)"
"2227","4302","59 Jarvis Lane","Halifax","1","61945","Metropolitan Regional Housing Authority","Halifax","Halifax Regional Municipality","-63.60267568","44.66915079","(44.66915079, -63.60267568)"
"2228","4302","5220 Duffus St","Halifax","1","61945","Metropolitan Regional Housing Authority","Halifax","Halifax Regional Municipality","-63.6018679","44.6704179","(44.6704179, -63.6018679)"
"2229","4302","5222 Duffus St","Halifax","1","61945","Metropolitan Regional Housing Authority","Halifax","Halifax Regional Municipality","-63.60190114","44.67038668","(44.67038668, -63.60190114)"
"2230","4302","5224 Duffus St","Halifax","1","61945","Metropolitan Regional Housing Authority","Halifax","Halifax Regional Municipality","-63.60194226","44.6703384","(44.6703384, -63.60194226)"
"2231","4302","5226 Duffus St","Halifax","1","61945","Metropolitan Regional Housing Authority","Halifax","Halifax Regional Municipality","-63.60197804","44.67030897","(44.67030897, -63.60197804)"
"2232","4302","5230 Duffus St","Halifax","1","61945","Metropolitan Regional Housing Authority","Halifax","Halifax Regional Municipality","-63.60205744","44.67022863","(44.67022863, -63.60205744)"
"2233","4302","5228 Duffus St","Halifax","1","61945","Metropolitan Regional Housing Authority","Halifax","Halifax Regional Municipality","-63.60201781","44.67026342","(44.67026342, -63.60201781)"
"2234","4302","5232 Duffus St","Halifax","1","61945","Metropolitan Regional Housing Authority","Halifax","Halifax Regional Municipality","-63.60184599","44.67036285","(44.67036285, -63.60184599)"
"2235","4302","5234 Duffus St","Halifax","1","61945","Metropolitan Regional Housing Authority","Halifax","Halifax Regional Municipality","-63.60191142","44.67029409","(44.67029409, -63.60191142)"
"2236","4302","5236 Duffus St","Halifax","1","61945","Metropolitan Regional Housing Authority","Halifax","Halifax Regional Municipality","-63.60198703","44.67021726","(44.67021726, -63.60198703)"
"2237","4302","5240 Duffus St","Halifax","1","61945","Metropolitan Regional Housing Authority","Halifax","Halifax Regional Municipality","-63.60224445","44.67012482","(44.67012482, -63.60224445)"
"2238","4302","5242 Duffus St","Halifax","1","61945","Metropolitan Regional Housing Authority","Halifax","Halifax Regional Municipality","-63.60228157","44.67009091","(44.67009091, -63.60228157)"
"2239","4302","5238 Duffus St","Halifax","1","61945","Metropolitan Regional Housing Authority","Halifax","Halifax Regional Municipality","-63.60220982","44.67016325","(44.67016325, -63.60220982)"
"2240","4302","5244 Duffus St","Halifax","1","61945","Metropolitan Regional Housing Authority","Halifax","Halifax Regional Municipality","-63.60232764","44.67004806","(44.67004806, -63.60232764)"
"2241","4302","5246 Duffus St","Halifax","1","61945","Metropolitan Regional Housing Authority","Halifax","Halifax Regional Municipality","-63.60236868","44.66999977","(44.66999977, -63.60236868)"
"2242","4302","5248 Duffus St","Halifax","1","61945","Metropolitan Regional Housing Authority","Halifax","Halifax Regional Municipality","-63.60240838","44.66996318","(44.66996318, -63.60240838)"
"2243","4302","5250 Duffus St","Halifax","1","61945","Metropolitan Regional Housing Authority","Halifax","Halifax Regional Municipality","-63.60216484","44.67013768","(44.67013768, -63.60216484)"
"2244","4302","5252 Duffus St","Halifax","1","61945","Metropolitan Regional Housing Authority","Halifax","Halifax Regional Municipality","-63.60223018","44.67006799","(44.67006799, -63.60223018)"
"2245","4302","5260 Duffus St","Halifax","1","61945","Metropolitan Regional Housing Authority","Halifax","Halifax Regional Municipality","-63.60255933","44.66990949","(44.66990949, -63.60255933)"
"2246","4302","5262 Duffus St","Halifax","1","61945","Metropolitan Regional Housing Authority","Halifax","Halifax Regional Municipality","-63.60253088","44.66986877","(44.66986877, -63.60253088)"
"2247","4302","5264 Duffus St","Halifax","1","61945","Metropolitan Regional Housing Authority","Halifax","Halifax Regional Municipality","-63.60258624","44.66988086","(44.66988086, -63.60258624)"
"2248","4302","5266 Duffus St","Halifax","1","61945","Metropolitan Regional Housing Authority","Halifax","Halifax Regional Municipality","-63.6026221","44.66984336","(44.66984336, -63.6026221)"
"2249","4302","5268 Duffus St","Halifax","1","61945","Metropolitan Regional Housing Authority","Halifax","Halifax Regional Municipality","-63.60258462","44.66981879","(44.66981879, -63.60258462)"
"2250","4302","5270 Duffus St","Halifax","1","61945","Metropolitan Regional Housing Authority","Halifax","Halifax Regional Municipality","-63.60266183","44.66980228","(44.66980228, -63.60266183)"
"2251","4302","5272 Duffus St","Halifax","1","61945","Metropolitan Regional Housing Authority","Halifax","Halifax Regional Municipality","-63.60269791","44.66975489","(44.66975489, -63.60269791)"
"2252","4302","5274 Duffus St","Halifax","1","61945","Metropolitan Regional Housing Authority","Halifax","Halifax Regional Municipality","-63.60273892","44.66971108","(44.66971108, -63.60273892)"
"2253","4303","3381 Federal Ave","Halifax","1","111021","Metropolitan Regional Housing Authority","Halifax","Halifax Regional Municipality","-63.62006148","44.65644072","(44.65644072, -63.62006148)"
"2254","4303","6701 Chisholm Ave","Halifax","65","111047","Metropolitan Regional Housing Authority","Halifax","Halifax Regional Municipality","-63.62105718","44.65839056","(44.65839056, -63.62105718)"
"2255","4303","3383 Federal Ave","Halifax","1","111021","Metropolitan Regional Housing Authority","Halifax","Halifax Regional Municipality","-63.62011335","44.65651675","(44.65651675, -63.62011335)"
"2256","4303","3385 Federal Ave","Halifax","1","111021","Metropolitan Regional Housing Authority","Halifax","Halifax Regional Municipality","-63.62015001","44.65659351","(44.65659351, -63.62015001)"
"2257","4303","3387 Federal Ave","Halifax","1","111021","Metropolitan Regional Housing Authority","Halifax","Halifax Regional Municipality","-63.62017566","44.65664679","(44.65664679, -63.62017566)"
"2258","4303","3389 Federal Ave","Halifax","1","111021","Metropolitan Regional Housing Authority","Halifax","Halifax Regional Municipality","-63.62030292","44.65673596","(44.65673596, -63.62030292)"
"2259","4303","3391 Federal Ave","Halifax","1","111021","Metropolitan Regional Housing Authority","Halifax","Halifax Regional Municipality","-63.62037982","44.6567384","(44.6567384, -63.62037982)"
"2260","4303","3393 Federal Ave","Halifax","1","111021","Metropolitan Regional Housing Authority","Halifax","Halifax Regional Municipality","-63.62047562","44.65674183","(44.65674183, -63.62047562)"
"2261","4303","3395 Federal Ave","Halifax","1","111021","Metropolitan Regional Housing Authority","Halifax","Halifax Regional Municipality","-63.62056637","44.65674436","(44.65674436, -63.62056637)"
"2262","4303","3397 Federal Ave","Halifax","1","111021","Metropolitan Regional Housing Authority","Halifax","Halifax Regional Municipality","-63.6215207","44.65667244","(44.65667244, -63.6215207)"
"2263","4303","3399 Federal Ave","Halifax","1","111021","Metropolitan Regional Housing Authority","Halifax","Halifax Regional Municipality","-63.62139105","44.65665704","(44.65665704, -63.62139105)"
"2264","4303","3401 Federal Ave","Halifax","1","111021","Metropolitan Regional Housing Authority","Halifax","Halifax Regional Municipality","-63.62126772","44.65663813","(44.65663813, -63.62126772)"
"2265","4303","3458 Micmac St","Halifax","1","111021","Metropolitan Regional Housing Authority","Halifax","Halifax Regional Municipality","-63.61953035","44.65663193","(44.65663193, -63.61953035)"
"2266","4303","3462 Micmac St","Halifax","1","111021","Metropolitan Regional Housing Authority","Halifax","Halifax Regional Municipality","-63.61959518","44.65676201","(44.65676201, -63.61959518)"
"2267","4301","3344 Federal Ave","Halifax","1","85027","Metropolitan Regional Housing Authority","Halifax","Halifax Regional Municipality","-63.62019066","44.65474813","(44.65474813, -63.62019066)"
"2268","4303","3464 Micmac St","Halifax","1","111021","Metropolitan Regional Housing Authority","Halifax","Halifax Regional Municipality","-63.6196195","44.6568207","(44.6568207, -63.6196195)"
"2269","4303","3466 Micmac St","Halifax","1","111021","Metropolitan Regional Housing Authority","Halifax","Halifax Regional Municipality","-63.6196401","44.65687395","(44.65687395, -63.6196401)"
"2270","4303","3468 Micmac St","Halifax","1","111021","Metropolitan Regional Housing Authority","Halifax","Halifax Regional Municipality","-63.61967454","44.65693456","(44.65693456, -63.61967454)"
"2271","4303","3470 Micmac St","Halifax","1","111021","Metropolitan Regional Housing Authority","Halifax","Halifax Regional Municipality","-63.61970663","44.65698066","(44.65698066, -63.61970663)"
"2272","4302","3468 Barrington St","Halifax","1","61945","Metropolitan Regional Housing Authority","Halifax","Halifax Regional Municipality","-63.60161139","44.670154","(44.670154, -63.60161139)"
"2273","4302","3466 Barrington St","Halifax","1","61945","Metropolitan Regional Housing Authority","Halifax","Halifax Regional Municipality","-63.60161439","44.67011745","(44.67011745, -63.60161439)"
"2274","4303","3459 Micmac St","Halifax","1","111039","Metropolitan Regional Housing Authority","Halifax","Halifax Regional Municipality","-63.61921514","44.65671141","(44.65671141, -63.61921514)"
"2275","4303","3460 Micmac St","Halifax","1","111021","Metropolitan Regional Housing Authority","Halifax","Halifax Regional Municipality","-63.61956442","44.6567105","(44.6567105, -63.61956442)"
"2276","4303","3463 Micmac St","Halifax","1","111039","Metropolitan Regional Housing Authority","Halifax","Halifax Regional Municipality","-63.61927028","44.65681893","(44.65681893, -63.61927028)"
"2277","4303","3465 Micmac St","Halifax","1","111039","Metropolitan Regional Housing Authority","Halifax","Halifax Regional Municipality","-63.61929844","44.65687133","(44.65687133, -63.61929844)"
"2278","4303","3467 Micmac St","Halifax","1","111039","Metropolitan Regional Housing Authority","Halifax","Halifax Regional Municipality","-63.61933162","44.65692829","(44.65692829, -63.61933162)"
"2279","4303","3469 Micmac St","Halifax","1","111039","Metropolitan Regional Housing Authority","Halifax","Halifax Regional Municipality","-63.61935111","44.65697614","(44.65697614, -63.61935111)"
"2280","4303","3471 Micmac St","Halifax","1","111039","Metropolitan Regional Housing Authority","Halifax","Halifax Regional Municipality","-63.61940653","44.65706477","(44.65706477, -63.61940653)"
"2281","4303","3472 Micmac St","Halifax","1","111021","Metropolitan Regional Housing Authority","Halifax","Halifax Regional Municipality","-63.61996511","44.65697995","(44.65697995, -63.61996511)"
"2282","4303","3476 Micmac St","Halifax","1","111021","Metropolitan Regional Housing Authority","Halifax","Halifax Regional Municipality","-63.62000268","44.65708199","(44.65708199, -63.62000268)"
"2283","4303","3480 Micmac St","Halifax","1","111021","Metropolitan Regional Housing Authority","Halifax","Halifax Regional Municipality","-63.62006183","44.6571688","(44.6571688, -63.62006183)"
"2284","4303","3461 Micmac St","Halifax","1","111039","Metropolitan Regional Housing Authority","Halifax","Halifax Regional Municipality","-63.61924713","44.65676384","(44.65676384, -63.61924713)"
"2285","4303","3484 Micmac St","Halifax","1","111021","Metropolitan Regional Housing Authority","Halifax","Halifax Regional Municipality","-63.61999232","44.65734827","(44.65734827, -63.61999232)"
"2286","4303","3486 Micmac St","Halifax","1","111021","Metropolitan Regional Housing Authority","Halifax","Halifax Regional Municipality","-63.62001922","44.65740427","(44.65740427, -63.62001922)"
"2287","4303","3488 Micmac St","Halifax","1","111021","Metropolitan Regional Housing Authority","Halifax","Halifax Regional Municipality","-63.62004368","44.65745215","(44.65745215, -63.62004368)"
"2288","4303","3490 Micmac St","Halifax","1","111021","Metropolitan Regional Housing Authority","Halifax","Halifax Regional Municipality","-63.62007439","44.65750639","(44.65750639, -63.62007439)"
"2289","4303","3492 Micmac St","Halifax","1","111021","Metropolitan Regional Housing Authority","Halifax","Halifax Regional Municipality","-63.62009887","44.657557","(44.657557, -63.62009887)"
"2290","4303","3494 Micmac St","Halifax","1","111021","Metropolitan Regional Housing Authority","Halifax","Halifax Regional Municipality","-63.62012705","44.65761033","(44.65761033, -63.62012705)"
"2291","4303","3496 Micmac St","Halifax","1","111021","Metropolitan Regional Housing Authority","Halifax","Halifax Regional Municipality","-63.62015405","44.65766092","(44.65766092, -63.62015405)"
"2292","4303","3473 Micmac St","Halifax","1","111039","Metropolitan Regional Housing Authority","Halifax","Halifax Regional Municipality","-63.61929439","44.65714042","(44.65714042, -63.61929439)"
"2293","4303","3475 Micmac St","Halifax","1","111039","Metropolitan Regional Housing Authority","Halifax","Halifax Regional Municipality","-63.6193213","44.65719729","(44.65719729, -63.6193213)"
"2294","4303","3477 Micmac St","Halifax","1","111039","Metropolitan Regional Housing Authority","Halifax","Halifax Regional Municipality","-63.619347","44.6572479","(44.6572479, -63.619347)"
"2295","4303","3479 Micmac St","Halifax","1","111039","Metropolitan Regional Housing Authority","Halifax","Halifax Regional Municipality","-63.61937264","44.65730031","(44.65730031, -63.61937264)"
"2296","4303","3481 Micmac St","Halifax","1","111039","Metropolitan Regional Housing Authority","Halifax","Halifax Regional Municipality","-63.61941427","44.65738611","(44.65738611, -63.61941427)"
"2297","4303","3483 Micmac St","Halifax","1","111039","Metropolitan Regional Housing Authority","Halifax","Halifax Regional Municipality","-63.6196051","44.657357","(44.657357, -63.6196051)"
"2298","4303","3485 Micmac St","Halifax","1","111039","Metropolitan Regional Housing Authority","Halifax","Halifax Regional Municipality","-63.61963451","44.65741211","(44.65741211, -63.61963451)"
"2299","4303","3487 Micmac St","Halifax","1","111039","Metropolitan Regional Housing Authority","Halifax","Halifax Regional Municipality","-63.61967031","44.65746191","(44.65746191, -63.61967031)"
"2300","4303","3489 Micmac St","Halifax","1","111039","Metropolitan Regional Housing Authority","Halifax","Halifax Regional Municipality","-63.61969345","44.65751695","(44.65751695, -63.61969345)"
"2301","4303","3491 Micmac St","Halifax","1","111039","Metropolitan Regional Housing Authority","Halifax","Halifax Regional Municipality","-63.61971915","44.65756755","(44.65756755, -63.61971915)"
"2302","4303","3493 Micmac St","Halifax","1","111039","Metropolitan Regional Housing Authority","Halifax","Halifax Regional Municipality","-63.61976087","44.6576462","(44.6576462, -63.61976087)"
"2303","4303","3424 Mcalpine Ave","Halifax","1","111021","Metropolitan Regional Housing Authority","Halifax","Halifax Regional Municipality","-63.62088971","44.6566253","(44.6566253, -63.62088971)"
"2304","4303","3426 Mcalpine Ave","Halifax","1","111021","Metropolitan Regional Housing Authority","Halifax","Halifax Regional Municipality","-63.62087252","44.65667829","(44.65667829, -63.62087252)"
"2305","4303","3428 Mcalpine Ave","Halifax","1","111021","Metropolitan Regional Housing Authority","Halifax","Halifax Regional Municipality","-63.62087146","44.65674665","(44.65674665, -63.62087146)"
"2306","4303","3429 Mcalpine Ave","Halifax","1","111021","Metropolitan Regional Housing Authority","Halifax","Halifax Regional Municipality","-63.62047242","44.65712071","(44.65712071, -63.62047242)"
"2307","4303","3430 Mcalpine Ave","Halifax","1","111021","Metropolitan Regional Housing Authority","Halifax","Halifax Regional Municipality","-63.62087069","44.65679618","(44.65679618, -63.62087069)"
"2308","4303","3431 Mcalpine Ave","Halifax","1","111021","Metropolitan Regional Housing Authority","Halifax","Halifax Regional Municipality","-63.62047665","44.65717382","(44.65717382, -63.62047665)"
"2309","4303","3482 Micmac St","Halifax","1","111021","Metropolitan Regional Housing Authority","Halifax","Halifax Regional Municipality","-63.61995825","44.65726882","(44.65726882, -63.61995825)"
"2310","4303","3433 Mcalpine Ave","Halifax","1","111021","Metropolitan Regional Housing Authority","Halifax","Halifax Regional Municipality","-63.62047082","44.65722326","(44.65722326, -63.62047082)"
"2311","4303","3434 Mcalpine Ave","Halifax","1","111021","Metropolitan Regional Housing Authority","Halifax","Halifax Regional Municipality","-63.62087517","44.65691857","(44.65691857, -63.62087517)"
"2312","4303","3435 Mcalpine Ave","Halifax","1","111021","Metropolitan Regional Housing Authority","Halifax","Halifax Regional Municipality","-63.62046467","44.65729519","(44.65729519, -63.62046467)"
"2313","4303","3437 Mcalpine Ave","Halifax","1","111021","Metropolitan Regional Housing Authority","Halifax","Halifax Regional Municipality","-63.62044739","44.65735539","(44.65735539, -63.62044739)"
"2314","4303","3439 Mcalpine Ave","Halifax","1","111021","Metropolitan Regional Housing Authority","Halifax","Halifax Regional Municipality","-63.62045179","44.65740128","(44.65740128, -63.62045179)"
"2315","4303","3441 Mcalpine Ave","Halifax","1","111021","Metropolitan Regional Housing Authority","Halifax","Halifax Regional Municipality","-63.62057265","44.65749316","(44.65749316, -63.62057265)"
"2316","4303","3443 Mcalpine Ave","Halifax","1","111021","Metropolitan Regional Housing Authority","Halifax","Halifax Regional Municipality","-63.62071611","44.65751314","(44.65751314, -63.62071611)"
"2317","4303","3445 Mcalpine Ave","Halifax","1","111021","Metropolitan Regional Housing Authority","Halifax","Halifax Regional Municipality","-63.62084447","44.65752941","(44.65752941, -63.62084447)"
"2318","4303","3446 Mcalpine Ave","Halifax","1","111021","Metropolitan Regional Housing Authority","Halifax","Halifax Regional Municipality","-63.62082992","44.65707395","(44.65707395, -63.62082992)"
"2319","4303","3448 Mcalpine Ave","Halifax","1","111021","Metropolitan Regional Housing Authority","Halifax","Halifax Regional Municipality","-63.62093547","44.65709727","(44.65709727, -63.62093547)"
"2320","4303","3449 Mcalpine Ave","Halifax","1","111021","Metropolitan Regional Housing Authority","Halifax","Halifax Regional Municipality","-63.62094775","44.65737092","(44.65737092, -63.62094775)"
"2321","4303","3450 Mcalpine Ave","Halifax","1","111021","Metropolitan Regional Housing Authority","Halifax","Halifax Regional Municipality","-63.62102595","44.65712044","(44.65712044, -63.62102595)"
"2322","4303","3451 Mcalpine Ave","Halifax","1","111021","Metropolitan Regional Housing Authority","Halifax","Halifax Regional Municipality","-63.62102166","44.65740568","(44.65740568, -63.62102166)"
"2323","4303","3452 Mcalpine Ave","Halifax","1","111021","Metropolitan Regional Housing Authority","Halifax","Halifax Regional Municipality","-63.62110589","44.65708687","(44.65708687, -63.62110589)"
"2324","4303","3453 Mcalpine Ave","Halifax","1","111021","Metropolitan Regional Housing Authority","Halifax","Halifax Regional Municipality","-63.62110792","44.6573686","(44.6573686, -63.62110792)"
"2325","4303","3454 Mcalpine Ave","Halifax","1","111021","Metropolitan Regional Housing Authority","Halifax","Halifax Regional Municipality","-63.62117988","44.65711443","(44.65711443, -63.62117988)"
"2326","4303","3455 Mcalpine Ave","Halifax","1","111021","Metropolitan Regional Housing Authority","Halifax","Halifax Regional Municipality","-63.6211918","44.65740703","(44.65740703, -63.6211918)"
"2327","4303","3456 Mcalpine Ave","Halifax","1","111021","Metropolitan Regional Housing Authority","Halifax","Halifax Regional Municipality","-63.62126527","44.65713401","(44.65713401, -63.62126527)"
"2328","4303","3458 Mcalpine Ave","Halifax","1","111021","Metropolitan Regional Housing Authority","Halifax","Halifax Regional Municipality","-63.62152546","44.65685877","(44.65685877, -63.62152546)"
"2329","4303","3460 Mcalpine Ave","Halifax","1","111021","Metropolitan Regional Housing Authority","Halifax","Halifax Regional Municipality","-63.62152472","44.65690382","(44.65690382, -63.62152472)"
"2330","4303","3462 Mcalpine Ave","Halifax","1","111021","Metropolitan Regional Housing Authority","Halifax","Halifax Regional Municipality","-63.62151767","44.65695326","(44.65695326, -63.62151767)"
"2331","4303","3464 Mcalpine Ave","Halifax","1","111021","Metropolitan Regional Housing Authority","Halifax","Halifax Regional Municipality","-63.62150631","44.65704046","(44.65704046, -63.62150631)"
"2332","4303","3466 Mcalpine Ave","Halifax","1","111021","Metropolitan Regional Housing Authority","Halifax","Halifax Regional Municipality","-63.62150053","44.65708629","(44.65708629, -63.62150053)"
"2333","4303","3468 Mcalpine Ave","Halifax","1","111021","Metropolitan Regional Housing Authority","Halifax","Halifax Regional Municipality","-63.62149992","44.65712861","(44.65712861, -63.62149992)"
"2334","4303","3470 Mcalpine Ave","Halifax","1","111021","Metropolitan Regional Housing Authority","Halifax","Halifax Regional Municipality","-63.62185587","44.65685325","(44.65685325, -63.62185587)"
"2335","4303","3472 Mcalpine Ave","Halifax","1","111021","Metropolitan Regional Housing Authority","Halifax","Halifax Regional Municipality","-63.62184358","44.65691435","(44.65691435, -63.62184358)"
"2336","4303","3474 Mcalpine Ave","Halifax","1","111021","Metropolitan Regional Housing Authority","Halifax","Halifax Regional Municipality","-63.62184276","44.65696742","(44.65696742, -63.62184276)"
"2337","4303","3476 Mcalpine Ave","Halifax","1","111021","Metropolitan Regional Housing Authority","Halifax","Halifax Regional Municipality","-63.62184178","44.65703584","(44.65703584, -63.62184178)"
"2338","4303","3478 Mcalpine Ave","Halifax","1","111021","Metropolitan Regional Housing Authority","Halifax","Halifax Regional Municipality","-63.62182464","44.65708517","(44.65708517, -63.62182464)"
"2339","4303","3480 Mcalpine Ave","Halifax","1","111021","Metropolitan Regional Housing Authority","Halifax","Halifax Regional Municipality","-63.62178636","44.65719919","(44.65719919, -63.62178636)"
"2340","4303","3482 Mcalpine Ave","Halifax","1","111021","Metropolitan Regional Housing Authority","Halifax","Halifax Regional Municipality","-63.6217855","44.65725586","(44.65725586, -63.6217855)"
"2341","4303","3484 Mcalpine Ave","Halifax","1","111021","Metropolitan Regional Housing Authority","Halifax","Halifax Regional Municipality","-63.62178468","44.657309","(44.657309, -63.62178468)"
"2342","4303","3486 Mcalpine Ave","Halifax","1","111021","Metropolitan Regional Housing Authority","Halifax","Halifax Regional Municipality","-63.6217725","44.65736556","(44.65736556, -63.6217725)"
"2343","4303","3488 Mcalpine Ave","Halifax","1","111021","Metropolitan Regional Housing Authority","Halifax","Halifax Regional Municipality","-63.62177168","44.65741869","(44.65741869, -63.62177168)"
"2344","4303","3489 Mcalpine Ave","Halifax","1","111021","Metropolitan Regional Housing Authority","Halifax","Halifax Regional Municipality","-63.6214262","44.65741604","(44.65741604, -63.6214262)"
"2345","4303","3490 Mcalpine Ave","Halifax","1","111021","Metropolitan Regional Housing Authority","Halifax","Halifax Regional Municipality","-63.62177079","44.65747985","(44.65747985, -63.62177079)"
"2346","4303","3491 Mcalpine Ave","Halifax","1","111021","Metropolitan Regional Housing Authority","Halifax","Halifax Regional Municipality","-63.62142534","44.65747359","(44.65747359, -63.62142534)"
"2347","4303","3492 Mcalpine Ave","Halifax","1","111021","Metropolitan Regional Housing Authority","Halifax","Halifax Regional Municipality","-63.6217905","44.65759431","(44.65759431, -63.6217905)"
"2348","4303","3493 Mcalpine Ave","Halifax","1","111021","Metropolitan Regional Housing Authority","Halifax","Halifax Regional Municipality","-63.62141312","44.65753382","(44.65753382, -63.62141312)"
"2349","4303","3494 Mcalpine Ave","Halifax","1","111021","Metropolitan Regional Housing Authority","Halifax","Halifax Regional Municipality","-63.62178907","44.65768883","(44.65768883, -63.62178907)"
"2350","4303","3495 Mcalpine Ave","Halifax","1","111021","Metropolitan Regional Housing Authority","Halifax","Halifax Regional Municipality","-63.62141576","44.65777322","(44.65777322, -63.62141576)"
"2351","4303","3497 Mcalpine Ave","Halifax","1","111021","Metropolitan Regional Housing Authority","Halifax","Halifax Regional Municipality","-63.62141507","44.65782269","(44.65782269, -63.62141507)"
"2352","4303","3499 Mcalpine Ave","Halifax","1","111021","Metropolitan Regional Housing Authority","Halifax","Halifax Regional Municipality","-63.62141397","44.65789559","(44.65789559, -63.62141397)"
"2353","4303","6640 Chisholm Ave","Halifax","1","111039","Metropolitan Regional Housing Authority","Halifax","Halifax Regional Municipality","-63.61959387","44.65793198","(44.65793198, -63.61959387)"
"2354","4303","6641 Chisholm Ave","Halifax","1","111047","Metropolitan Regional Housing Authority","Halifax","Halifax Regional Municipality","-63.61977227","44.65822676","(44.65822676, -63.61977227)"
"2355","4303","6644 Chisholm Ave","Halifax","1","111039","Metropolitan Regional Housing Authority","Halifax","Halifax Regional Municipality","-63.61966977","44.6579164","(44.6579164, -63.61966977)"
"2356","4303","6645 Chisholm Ave","Halifax","1","111047","Metropolitan Regional Housing Authority","Halifax","Halifax Regional Municipality","-63.61982426","44.65820649","(44.65820649, -63.61982426)"
"2357","4303","6648 Chisholm Ave","Halifax","1","111039","Metropolitan Regional Housing Authority","Halifax","Halifax Regional Municipality","-63.61974317","44.65789537","(44.65789537, -63.61974317)"
"2358","4303","6649 Chisholm Ave","Halifax","1","111047","Metropolitan Regional Housing Authority","Halifax","Halifax Regional Municipality","-63.61990015","44.65819084","(44.65819084, -63.61990015)"
"2359","4303","6652 Chisholm Ave","Halifax","1","111039","Metropolitan Regional Housing Authority","Halifax","Halifax Regional Municipality","-63.61982046","44.65787257","(44.65787257, -63.61982046)"
"2360","4303","6655 Chisholm Ave","Halifax","1","111047","Metropolitan Regional Housing Authority","Halifax","Halifax Regional Municipality","-63.62015268","44.65816582","(44.65816582, -63.62015268)"
"2361","4303","6656 Chisholm Ave","Halifax","1","111039","Metropolitan Regional Housing Authority","Halifax","Halifax Regional Municipality","-63.61988502","44.65785594","(44.65785594, -63.61988502)"
"2362","4303","6659 Chisholm Ave","Halifax","1","111047","Metropolitan Regional Housing Authority","Halifax","Halifax Regional Municipality","-63.62024681","44.6581953","(44.6581953, -63.62024681)"
"2363","4303","3432 Mcalpine Ave","Halifax","1","111021","Metropolitan Regional Housing Authority","Halifax","Halifax Regional Municipality","-63.62087606","44.65685742","(44.65685742, -63.62087606)"
"2364","4303","6663 Chisholm Ave","Halifax","1","111047","Metropolitan Regional Housing Authority","Halifax","Halifax Regional Municipality","-63.62031166","44.65815984","(44.65815984, -63.62031166)"
"2365","4303","6666 Chisholm Ave","Halifax","1","111021","Metropolitan Regional Housing Authority","Halifax","Halifax Regional Municipality","-63.62038344","44.65783458","(44.65783458, -63.62038344)"
"2366","4303","6667 Chisholm Ave","Halifax","1","111047","Metropolitan Regional Housing Authority","Halifax","Halifax Regional Municipality","-63.62037409","44.65820263","(44.65820263, -63.62037409)"
"2367","4303","6670 Chisholm Ave","Halifax","1","111021","Metropolitan Regional Housing Authority","Halifax","Halifax Regional Municipality","-63.62046348","44.65779468","(44.65779468, -63.62046348)"
"2368","4303","6671 Chisholm Ave","Halifax","1","111047","Metropolitan Regional Housing Authority","Halifax","Halifax Regional Municipality","-63.62046531","44.65817272","(44.65817272, -63.62046531)"
"2369","4303","6674 Chisholm Ave","Halifax","1","111021","Metropolitan Regional Housing Authority","Halifax","Halifax Regional Municipality","-63.62053737","44.65782764","(44.65782764, -63.62053737)"
"2370","4303","6675 Chisholm Ave","Halifax","1","111047","Metropolitan Regional Housing Authority","Halifax","Halifax Regional Municipality","-63.62052664","44.65820378","(44.65820378, -63.62052664)"
"2371","4303","6677 Chisholm Ave","Halifax","1","111047","Metropolitan Regional Housing Authority","Halifax","Halifax Regional Municipality","-63.62058889","44.65817548","(44.65817548, -63.62058889)"
"2372","4303","6678 Chisholm Ave","Halifax","1","111021","Metropolitan Regional Housing Authority","Halifax","Halifax Regional Municipality","-63.62068711","44.65784775","(44.65784775, -63.62068711)"
"2373","4303","6681 Chisholm Ave","Halifax","1","111047","Metropolitan Regional Housing Authority","Halifax","Halifax Regional Municipality","-63.62066401","44.65820937","(44.65820937, -63.62066401)"
"2374","4303","6682 Chisholm Ave","Halifax","1","111021","Metropolitan Regional Housing Authority","Halifax","Halifax Regional Municipality","-63.62078334","44.65782235","(44.65782235, -63.62078334)"
"2375","4303","6686 Chisholm Ave","Halifax","1","111021","Metropolitan Regional Housing Authority","Halifax","Halifax Regional Municipality","-63.62086869","44.65784554","(44.65784554, -63.62086869)"
"2376","4303","6690 Chisholm Ave","Halifax","1","111021","Metropolitan Regional Housing Authority","Halifax","Halifax Regional Municipality","-63.6209479","44.65786505","(44.65786505, -63.6209479)"
"2377","4303","6694 Chisholm Ave","Halifax","1","111021","Metropolitan Regional Housing Authority","Halifax","Halifax Regional Municipality","-63.621039","44.65783962","(44.65783962, -63.621039)"
"2378","4303","6698 Chisholm Ave","Halifax","1","111021","Metropolitan Regional Housing Authority","Halifax","Halifax Regional Municipality","-63.62111825","44.65785552","(44.65785552, -63.62111825)"
"2379","4303","6702 Chisholm Ave","Halifax","1","111021","Metropolitan Regional Housing Authority","Halifax","Halifax Regional Municipality","-63.62119248","44.65786692","(44.65786692, -63.62119248)"
"2380","4303","6709 Chisholm Ave","Halifax","1","111047","Metropolitan Regional Housing Authority","Halifax","Halifax Regional Municipality","-63.62141643","44.65814854","(44.65814854, -63.62141643)"
"2381","4303","6711 Chisholm Ave","Halifax","1","111047","Metropolitan Regional Housing Authority","Halifax","Halifax Regional Municipality","-63.62146874","44.65818941","(44.65818941, -63.62146874)"
"2382","4303","6713 Chisholm Ave","Halifax","1","111047","Metropolitan Regional Housing Authority","Halifax","Halifax Regional Municipality","-63.62155647","44.65814511","(44.65814511, -63.62155647)"
"2383","4303","6715 Chisholm Ave","Halifax","1","111047","Metropolitan Regional Housing Authority","Halifax","Halifax Regional Municipality","-63.6216367","44.65817722","(44.65817722, -63.6216367)"
"2384","4303","6717 Chisholm Ave","Halifax","1","111047","Metropolitan Regional Housing Authority","Halifax","Halifax Regional Municipality","-63.62171069","44.6582039","(44.6582039, -63.62171069)"
"2385","4303","6720 Chisholm Ave","Halifax","1","111021","Metropolitan Regional Housing Authority","Halifax","Halifax Regional Municipality","-63.62175686","44.65789826","(44.65789826, -63.62175686)"
"2386","4303","6724 Chisholm Ave","Halifax","1","111021","Metropolitan Regional Housing Authority","Halifax","Halifax Regional Municipality","-63.62182872","44.65790153","(44.65790153, -63.62182872)"
"2387","4303","6728 Chisholm Ave","Halifax","1","111021","Metropolitan Regional Housing Authority","Halifax","Halifax Regional Municipality","-63.62192833","44.65790226","(44.65790226, -63.62192833)"
"2388","4304","2404 Adams Ave","Halifax","1","127738","Metropolitan Regional Housing Authority","Halifax","Halifax Regional Municipality","-63.58638194","44.65545893","(44.65545893, -63.58638194)"
"2389","4304","2406 Adams Ave","Halifax","1","127738","Metropolitan Regional Housing Authority","Halifax","Halifax Regional Municipality","-63.58642545","44.65549346","(44.65549346, -63.58642545)"
"2390","4304","2408 Adams Ave","Halifax","1","127738","Metropolitan Regional Housing Authority","Halifax","Halifax Regional Municipality","-63.58648048","44.65552364","(44.65552364, -63.58648048)"
"2391","4304","2410 Adams Ave","Halifax","1","127738","Metropolitan Regional Housing Authority","Halifax","Halifax Regional Municipality","-63.58652161","44.65555633","(44.65555633, -63.58652161)"
"2392","4304","2412 Adams Ave","Halifax","1","127738","Metropolitan Regional Housing Authority","Halifax","Halifax Regional Municipality","-63.58658151","44.65559374","(44.65559374, -63.58658151)"
"2393","4304","2414 Adams Ave","Halifax","1","127738","Metropolitan Regional Housing Authority","Halifax","Halifax Regional Municipality","-63.58663259","44.65563557","(44.65563557, -63.58663259)"
"2394","4304","2366 Breen Ave","Halifax","1","127738","Metropolitan Regional Housing Authority","Halifax","Halifax Regional Municipality","-63.58685316","44.65547889","(44.65547889, -63.58685316)"
"2395","4304","2368 Breen Ave","Halifax","1","127738","Metropolitan Regional Housing Authority","Halifax","Halifax Regional Municipality","-63.58680823","44.65544883","(44.65544883, -63.58680823)"
"2396","4304","2370 Breen Ave","Halifax","1","127738","Metropolitan Regional Housing Authority","Halifax","Halifax Regional Municipality","-63.58675454","44.65541423","(44.65541423, -63.58675454)"
"2397","4304","2372 Breen Ave","Halifax","1","127738","Metropolitan Regional Housing Authority","Halifax","Halifax Regional Municipality","-63.58669716","44.65537686","(44.65537686, -63.58669716)"
"2398","4304","2374 Breen Ave","Halifax","1","127738","Metropolitan Regional Housing Authority","Halifax","Halifax Regional Municipality","-63.58664341","44.65534406","(44.65534406, -63.58664341)"
"2399","4304","2376 Breen Ave","Halifax","1","127738","Metropolitan Regional Housing Authority","Halifax","Halifax Regional Municipality","-63.58659236","44.65530492","(44.65530492, -63.58659236)"
"2400","4304","2403 Cragg Ave","Halifax","1","127738","Metropolitan Regional Housing Authority","Halifax","Halifax Regional Municipality","-63.58694085","44.65503325","(44.65503325, -63.58694085)"
"2401","4304","2404 Cragg Ave","Halifax","1","127738","Metropolitan Regional Housing Authority","Halifax","Halifax Regional Municipality","-63.58717538","44.65487132","(44.65487132, -63.58717538)"
"2402","4304","2405 Cragg Ave","Halifax","1","127738","Metropolitan Regional Housing Authority","Halifax","Halifax Regional Municipality","-63.58700456","44.65506791","(44.65506791, -63.58700456)"
"2403","4304","2407 Cragg Ave","Halifax","1","127738","Metropolitan Regional Housing Authority","Halifax","Halifax Regional Municipality","-63.58705182","44.65511149","(44.65511149, -63.58705182)"
"2404","4304","2408 Cragg Ave","Halifax","1","127738","Metropolitan Regional Housing Authority","Halifax","Halifax Regional Municipality","-63.58727395","44.65493958","(44.65493958, -63.58727395)"
"2405","4304","2409 Cragg Ave","Halifax","1","127738","Metropolitan Regional Housing Authority","Halifax","Halifax Regional Municipality","-63.58709928","44.65514159","(44.65514159, -63.58709928)"
"2406","4304","2411 Cragg Ave","Halifax","1","127738","Metropolitan Regional Housing Authority","Halifax","Halifax Regional Municipality","-63.58715291","44.65517892","(44.65517892, -63.58715291)"
"2407","4304","2412 Cragg Ave","Halifax","1","127738","Metropolitan Regional Housing Authority","Halifax","Halifax Regional Municipality","-63.58737877","44.65500524","(44.65500524, -63.58737877)"
"2408","4304","2413 Cragg Ave","Halifax","1","127738","Metropolitan Regional Housing Authority","Halifax","Halifax Regional Municipality","-63.58719779","44.65521165","(44.65521165, -63.58719779)"
"2409","4304","2416 Cragg Ave","Halifax","1","127738","Metropolitan Regional Housing Authority","Halifax","Halifax Regional Municipality","-63.58746483","44.65506798","(44.65506798, -63.58746483)"
"2410","4304","2420 Cragg Ave","Halifax","1","127738","Metropolitan Regional Housing Authority","Halifax","Halifax Regional Municipality","-63.58755835","44.65513627","(44.65513627, -63.58755835)"
"2411","4304","2447 Cardiff Pl","Halifax","1","127720","Metropolitan Regional Housing Authority","Halifax","Halifax Regional Municipality","-63.58788587","44.65563476","(44.65563476, -63.58788587)"
"2412","4304","2449 Cardiff Pl","Halifax","1","127720","Metropolitan Regional Housing Authority","Halifax","Halifax Regional Municipality","-63.58792943","44.65567383","(44.65567383, -63.58792943)"
"2413","4304","2451 Cardiff Pl","Halifax","1","127720","Metropolitan Regional Housing Authority","Halifax","Halifax Regional Municipality","-63.58798681","44.65571114","(44.65571114, -63.58798681)"
"2414","4304","2453 Cardiff Pl","Halifax","1","127720","Metropolitan Regional Housing Authority","Halifax","Halifax Regional Municipality","-63.58805066","44.65574319","(44.65574319, -63.58805066)"
"2415","4303","6662 Chisholm Ave","Halifax","1","111021","Metropolitan Regional Housing Authority","Halifax","Halifax Regional Municipality","-63.62025935","44.65778323","(44.65778323, -63.62025935)"
"2416","4304","2455 Cardiff Pl","Halifax","1","127720","Metropolitan Regional Housing Authority","Halifax","Halifax Regional Municipality","-63.58810161","44.65578948","(44.65578948, -63.58810161)"
"2417","4304","2457 Cardiff Pl","Halifax","1","127720","Metropolitan Regional Housing Authority","Halifax","Halifax Regional Municipality","-63.58813645","44.65581947","(44.65581947, -63.58813645)"
"2418","4304","2458 Cardiff Pl","Halifax","1","127720","Metropolitan Regional Housing Authority","Halifax","Halifax Regional Municipality","-63.588283","44.65563882","(44.65563882, -63.588283)"
"2419","4304","2459 Cardiff Pl","Halifax","1","127720","Metropolitan Regional Housing Authority","Halifax","Halifax Regional Municipality","-63.58819029","44.65584506","(44.65584506, -63.58819029)"
"2420","4304","2454 Cardiff Pl","Halifax","1","127720","Metropolitan Regional Housing Authority","Halifax","Halifax Regional Municipality","-63.58820817","44.65558422","(44.65558422, -63.58820817)"
"2421","4304","2461 Cardiff Pl","Halifax","1","127720","Metropolitan Regional Housing Authority","Halifax","Halifax Regional Municipality","-63.5882213","44.65587594","(44.65587594, -63.5882213)"
"2422","4304","2439 Olympic Crt","Halifax","1","127720","Metropolitan Regional Housing Authority","Halifax","Halifax Regional Municipality","-63.58753859","44.65567067","(44.65567067, -63.58753859)"
"2423","4304","2441 Olympic Crt","Halifax","1","127720","Metropolitan Regional Housing Authority","Halifax","Halifax Regional Municipality","-63.58757455","44.65570786","(44.65570786, -63.58757455)"
"2424","4304","2443 Olympic Crt","Halifax","1","127720","Metropolitan Regional Housing Authority","Halifax","Halifax Regional Municipality","-63.58762954","44.65574251","(44.65574251, -63.58762954)"
"2425","4304","2445 Olympic Crt","Halifax","1","127720","Metropolitan Regional Housing Authority","Halifax","Halifax Regional Municipality","-63.58768434","44.65578164","(44.65578164, -63.58768434)"
"2426","4304","2447 Olympic Crt","Halifax","1","127720","Metropolitan Regional Housing Authority","Halifax","Halifax Regional Municipality","-63.58773679","44.65581444","(44.65581444, -63.58773679)"
"2427","4304","2448 Olympic Crt","Halifax","1","127720","Metropolitan Regional Housing Authority","Halifax","Halifax Regional Municipality","-63.58787752","44.65568688","(44.65568688, -63.58787752)"
"2428","4304","2449 Olympic Crt","Halifax","1","127720","Metropolitan Regional Housing Authority","Halifax","Halifax Regional Municipality","-63.58778797","44.65585085","(44.65585085, -63.58778797)"
"2429","4304","2451 Olympic Crt","Halifax","1","127720","Metropolitan Regional Housing Authority","Halifax","Halifax Regional Municipality","-63.58783908","44.65588727","(44.65588727, -63.58783908)"
"2430","4304","2452 Olympic Crt","Halifax","1","127720","Metropolitan Regional Housing Authority","Halifax","Halifax Regional Municipality","-63.58799237","44.65576162","(44.65576162, -63.58799237)"
"2431","4304","2453 Olympic Crt","Halifax","1","127720","Metropolitan Regional Housing Authority","Halifax","Halifax Regional Municipality","-63.58788395","44.65592005","(44.65592005, -63.58788395)"
"2432","4304","2455 Olympic Crt","Halifax","1","127720","Metropolitan Regional Housing Authority","Halifax","Halifax Regional Municipality","-63.58792876","44.65595458","(44.65595458, -63.58792876)"
"2433","4304","2456 Olympic Crt","Halifax","1","127720","Metropolitan Regional Housing Authority","Halifax","Halifax Regional Municipality","-63.5880784","44.65582169","(44.65582169, -63.5880784)"
"2434","4304","2457 Olympic Crt","Halifax","1","127720","Metropolitan Regional Housing Authority","Halifax","Halifax Regional Municipality","-63.58797998","44.65598559","(44.65598559, -63.58797998)"
"2435","4304","2460 Olympic Crt","Halifax","1","127720","Metropolitan Regional Housing Authority","Halifax","Halifax Regional Municipality","-63.58816057","44.65588625","(44.65588625, -63.58816057)"
"2436","4304","2445 Bristol Pl","Halifax","1","127720","Metropolitan Regional Housing Authority","Halifax","Halifax Regional Municipality","-63.58737896","44.65596008","(44.65596008, -63.58737896)"
"2437","4304","2447 Bristol Pl","Halifax","1","127720","Metropolitan Regional Housing Authority","Halifax","Halifax Regional Municipality","-63.58742388","44.65598839","(44.65598839, -63.58742388)"
"2438","4304","2449 Bristol Pl","Halifax","1","127720","Metropolitan Regional Housing Authority","Halifax","Halifax Regional Municipality","-63.58748138","44.65602123","(44.65602123, -63.58748138)"
"2439","4304","2451 Bristol Pl","Halifax","1","127720","Metropolitan Regional Housing Authority","Halifax","Halifax Regional Municipality","-63.58753883","44.65605767","(44.65605767, -63.58753883)"
"2440","4304","2452 Bristol Pl","Halifax","1","127720","Metropolitan Regional Housing Authority","Halifax","Halifax Regional Municipality","-63.58783555","44.65594937","(44.65594937, -63.58783555)"
"2441","4304","2453 Bristol Pl","Halifax","1","127720","Metropolitan Regional Housing Authority","Halifax","Halifax Regional Municipality","-63.58758249","44.6560904","(44.6560904, -63.58758249)"
"2442","4304","2455 Bristol Pl","Halifax","1","127720","Metropolitan Regional Housing Authority","Halifax","Halifax Regional Municipality","-63.58763353","44.65612955","(44.65612955, -63.58763353)"
"2443","4304","2456 Bristol Pl","Halifax","1","127720","Metropolitan Regional Housing Authority","Halifax","Halifax Regional Municipality","-63.58788795","44.65598484","(44.65598484, -63.58788795)"
"2444","4304","2457 Bristol Pl","Halifax","1","127720","Metropolitan Regional Housing Authority","Halifax","Halifax Regional Municipality","-63.58768705","44.65617136","(44.65617136, -63.58768705)"
"2445","4304","2459 Bristol Pl","Halifax","1","127720","Metropolitan Regional Housing Authority","Halifax","Halifax Regional Municipality","-63.58773828","44.65620417","(44.65620417, -63.58773828)"
"2446","4304","5457 Heron Walk","Halifax","1","127738","Metropolitan Regional Housing Authority","Halifax","Halifax Regional Municipality","-63.58651196","44.65504417","(44.65504417, -63.58651196)"
"2447","4304","5461 Heron Walk","Halifax","1","127738","Metropolitan Regional Housing Authority","Halifax","Halifax Regional Municipality","-63.58660757","44.65498014","(44.65498014, -63.58660757)"
"2448","4304","5459 Heron Walk","Halifax","1","127738","Metropolitan Regional Housing Authority","Halifax","Halifax Regional Municipality","-63.58655782","44.65501307","(44.65501307, -63.58655782)"
"2449","4304","5463 Heron Walk","Halifax","1","127738","Metropolitan Regional Housing Authority","Halifax","Halifax Regional Municipality","-63.58666243","44.6549365","(44.6549365, -63.58666243)"
"2450","4304","5465 Heron Walk","Halifax","1","127738","Metropolitan Regional Housing Authority","Halifax","Halifax Regional Municipality","-63.58670711","44.65490174","(44.65490174, -63.58670711)"
"2451","4304","5467 Heron Walk","Halifax","1","127738","Metropolitan Regional Housing Authority","Halifax","Halifax Regional Municipality","-63.5867517","44.65487332","(44.65487332, -63.5867517)"
"2452","4304","5469 Heron Walk","Halifax","1","127738","Metropolitan Regional Housing Authority","Halifax","Halifax Regional Municipality","-63.5868001","44.65484401","(44.65484401, -63.5868001)"
"2453","4304","5471 Heron Walk","Halifax","1","127738","Metropolitan Regional Housing Authority","Halifax","Halifax Regional Municipality","-63.58685116","44.65480393","(44.65480393, -63.58685116)"
"2454","4304","5473 Heron Walk","Halifax","1","127738","Metropolitan Regional Housing Authority","Halifax","Halifax Regional Municipality","-63.58690088","44.65476834","(44.65476834, -63.58690088)"
"2455","4304","5475 Heron Walk","Halifax","1","127738","Metropolitan Regional Housing Authority","Halifax","Halifax Regional Municipality","-63.58694938","44.65473182","(44.65473182, -63.58694938)"
"2456","4304","5477 Heron Walk","Halifax","1","127738","Metropolitan Regional Housing Authority","Halifax","Halifax Regional Municipality","-63.58699138","44.65470603","(44.65470603, -63.58699138)"
"2457","4304","2458 Aukland Pl","Halifax","1","127720","Metropolitan Regional Housing Authority","Halifax","Halifax Regional Municipality","-63.5874524","44.65634497","(44.65634497, -63.5874524)"
"2458","4304","2454 Aukland Pl","Halifax","1","127720","Metropolitan Regional Housing Authority","Halifax","Halifax Regional Municipality","-63.58740364","44.65631488","(44.65631488, -63.58740364)"
"2459","4304","2439 Middle Lane","Halifax","1","127720","Metropolitan Regional Housing Authority","Halifax","Halifax Regional Municipality","-63.58704577","44.65598086","(44.65598086, -63.58704577)"
"2460","4304","2441 Middle Lane","Halifax","1","127720","Metropolitan Regional Housing Authority","Halifax","Halifax Regional Municipality","-63.58709536","44.65603612","(44.65603612, -63.58709536)"
"2461","4304","2443 Middle Lane","Halifax","1","127720","Metropolitan Regional Housing Authority","Halifax","Halifax Regional Municipality","-63.58714903","44.65606898","(44.65606898, -63.58714903)"
"2462","4304","2445 Middle Lane","Halifax","1","127720","Metropolitan Regional Housing Authority","Halifax","Halifax Regional Municipality","-63.5872039","44.6561081","(44.6561081, -63.5872039)"
"2463","4304","2447 Middle Lane","Halifax","1","127720","Metropolitan Regional Housing Authority","Halifax","Halifax Regional Municipality","-63.58725371","44.6561454","(44.6561454, -63.58725371)"
"2464","4304","2448 Middle Lane","Halifax","1","127720","Metropolitan Regional Housing Authority","Halifax","Halifax Regional Municipality","-63.58742696","44.6560361","(44.6560361, -63.58742696)"
"2465","4304","2449 Middle Lane","Halifax","1","127720","Metropolitan Regional Housing Authority","Halifax","Halifax Regional Municipality","-63.58729859","44.65617812","(44.65617812, -63.58729859)"
"2466","4304","2451 Middle Lane","Halifax","1","127720","Metropolitan Regional Housing Authority","Halifax","Halifax Regional Municipality","-63.58736234","44.65621738","(44.65621738, -63.58736234)"
"2467","4304","2453 Middle Lane","Halifax","1","127720","Metropolitan Regional Housing Authority","Halifax","Halifax Regional Municipality","-63.58739964","44.65624916","(44.65624916, -63.58739964)"
"2468","4304","2455 Middle Lane","Halifax","1","127720","Metropolitan Regional Housing Authority","Halifax","Halifax Regional Municipality","-63.58744448","44.65628642","(44.65628642, -63.58744448)"
"2469","4304","2456 Middle Lane","Halifax","1","127720","Metropolitan Regional Housing Authority","Halifax","Halifax Regional Municipality","-63.58763278","44.65617542","(44.65617542, -63.58763278)"
"2470","4304","2457 Middle Lane","Halifax","1","127720","Metropolitan Regional Housing Authority","Halifax","Halifax Regional Municipality","-63.58749193","44.65631652","(44.65631652, -63.58749193)"
"2471","4304","2459 Middle Lane","Halifax","1","127720","Metropolitan Regional Housing Authority","Halifax","Halifax Regional Municipality","-63.58753303","44.65634653","(44.65634653, -63.58753303)"
"2472","4304","5412 Sunrise Walk","Halifax","1","127720","Metropolitan Regional Housing Authority","Halifax","Halifax Regional Municipality","-63.58743857","44.65666165","(44.65666165, -63.58743857)"
"2473","4304","5414 Sunrise Walk","Halifax","1","127720","Metropolitan Regional Housing Authority","Halifax","Halifax Regional Municipality","-63.58748455","44.65662602","(44.65662602, -63.58748455)"
"2474","4304","5416 Sunrise Walk","Halifax","1","127720","Metropolitan Regional Housing Authority","Halifax","Halifax Regional Municipality","-63.58753679","44.65658954","(44.65658954, -63.58753679)"
"2475","4304","5418 Sunrise Walk","Halifax","1","127720","Metropolitan Regional Housing Authority","Halifax","Halifax Regional Municipality","-63.58758525","44.65655755","(44.65655755, -63.58758525)"
"2476","4304","5420 Sunrise Walk","Halifax","1","127720","Metropolitan Regional Housing Authority","Halifax","Halifax Regional Municipality","-63.58762481","44.65652363","(44.65652363, -63.58762481)"
"2477","4304","5422 Sunrise Walk","Halifax","1","127720","Metropolitan Regional Housing Authority","Halifax","Halifax Regional Municipality","-63.58766701","44.65648529","(44.65648529, -63.58766701)"
"2478","4304","5438 Sunrise Walk","Halifax","1","127720","Metropolitan Regional Housing Authority","Halifax","Halifax Regional Municipality","-63.58778968","44.65638276","(44.65638276, -63.58778968)"
"2479","4304","5440 Sunrise Walk","Halifax","1","127720","Metropolitan Regional Housing Authority","Halifax","Halifax Regional Municipality","-63.58784579","44.65634184","(44.65634184, -63.58784579)"
"2480","4304","5442 Sunrise Walk","Halifax","1","127720","Metropolitan Regional Housing Authority","Halifax","Halifax Regional Municipality","-63.58789051","44.65630348","(44.65630348, -63.58789051)"
"2481","4304","5444 Sunrise Walk","Halifax","1","127720","Metropolitan Regional Housing Authority","Halifax","Halifax Regional Municipality","-63.58793646","44.65627238","(44.65627238, -63.58793646)"
"2482","4304","5446 Sunrise Walk","Halifax","1","127720","Metropolitan Regional Housing Authority","Halifax","Halifax Regional Municipality","-63.58798227","44.65624482","(44.65624482, -63.58798227)"
"2483","4304","5448 Sunrise Walk","Halifax","1","127720","Metropolitan Regional Housing Authority","Halifax","Halifax Regional Municipality","-63.58803071","44.65621103","(44.65621103, -63.58803071)"
"2484","4304","5450 Sunrise Walk","Halifax","1","127720","Metropolitan Regional Housing Authority","Halifax","Halifax Regional Municipality","-63.58807549","44.65616994","(44.65616994, -63.58807549)"
"2485","4304","5452 Sunrise Walk","Halifax","1","127720","Metropolitan Regional Housing Authority","Halifax","Halifax Regional Municipality","-63.58811893","44.65613339","(44.65613339, -63.58811893)"
"2486","4304","5466 Sunrise Walk","Halifax","1","127720","Metropolitan Regional Housing Authority","Halifax","Halifax Regional Municipality","-63.58829895","44.65607276","(44.65607276, -63.58829895)"
"2487","4304","5470 Sunrise Walk","Halifax","1","127720","Metropolitan Regional Housing Authority","Halifax","Halifax Regional Municipality","-63.58838329","44.65599781","(44.65599781, -63.58838329)"
"2488","4304","5468 Sunrise Walk","Halifax","1","127720","Metropolitan Regional Housing Authority","Halifax","Halifax Regional Municipality","-63.58833863","44.65603437","(44.65603437, -63.58833863)"
"2489","4304","5472 Sunrise Walk","Halifax","1","127720","Metropolitan Regional Housing Authority","Halifax","Halifax Regional Municipality","-63.5884481","44.65596417","(44.65596417, -63.5884481)"
"2490","4304","5474 Sunrise Walk","Halifax","1","127720","Metropolitan Regional Housing Authority","Halifax","Halifax Regional Municipality","-63.58849038","44.65592576","(44.65592576, -63.58849038)"
"2491","4304","5476 Sunrise Walk","Halifax","1","127720","Metropolitan Regional Housing Authority","Halifax","Halifax Regional Municipality","-63.58853627","44.65588926","(44.65588926, -63.58853627)"
"2492","4304","5478 Sunrise Walk","Halifax","1","127720","Metropolitan Regional Housing Authority","Halifax","Halifax Regional Municipality","-63.58857859","44.65584637","(44.65584637, -63.58857859)"
"2493","4304","5480 Sunrise Walk","Halifax","1","127720","Metropolitan Regional Housing Authority","Halifax","Halifax Regional Municipality","-63.58862456","44.65580987","(44.65580987, -63.58862456)"
"2494","4304","2398 Brunswick St","Halifax","1","127738","Metropolitan Regional Housing Authority","Halifax","Halifax Regional Municipality","-63.58590481","44.65557211","(44.65557211, -63.58590481)"
"2495","4304","2402 Brunswick St","Halifax","1","127738","Metropolitan Regional Housing Authority","Halifax","Halifax Regional Municipality","-63.58599312","44.65564844","(44.65564844, -63.58599312)"
"2496","4304","2404 Brunswick St","Halifax","1","127738","Metropolitan Regional Housing Authority","Halifax","Halifax Regional Municipality","-63.58602092","44.65572427","(44.65572427, -63.58602092)"
"2497","4304","2406 Brunswick St","Halifax","1","127738","Metropolitan Regional Housing Authority","Halifax","Halifax Regional Municipality","-63.5860658","44.65575699","(44.65575699, -63.5860658)"
"2498","4304","2408 Brunswick St","Halifax","1","127738","Metropolitan Regional Housing Authority","Halifax","Halifax Regional Municipality","-63.58611958","44.65578445","(44.65578445, -63.58611958)"
"2499","4304","2410 Brunswick St","Halifax","1","127738","Metropolitan Regional Housing Authority","Halifax","Halifax Regional Municipality","-63.58616691","44.65581902","(44.65581902, -63.58616691)"
"2500","4304","2412 Brunswick St","Halifax","1","127738","Metropolitan Regional Housing Authority","Halifax","Halifax Regional Municipality","-63.58621173","44.65585448","(44.65585448, -63.58621173)"
"2501","4304","2400 Brunswick St","Halifax","1","127738","Metropolitan Regional Housing Authority","Halifax","Halifax Regional Municipality","-63.58594576","44.65561113","(44.65561113, -63.58594576)"
"2502","4304","2414 Brunswick St","Halifax","1","127738","Metropolitan Regional Housing Authority","Halifax","Halifax Regional Municipality","-63.58625924","44.65588185","(44.65588185, -63.58625924)"
"2503","4304","2438 Brunswick St","Halifax","1","127720","Metropolitan Regional Housing Authority","Halifax","Halifax Regional Municipality","-63.58675665","44.65616394","(44.65616394, -63.58675665)"
"2504","4304","2442 Brunswick St","Halifax","1","127720","Metropolitan Regional Housing Authority","Halifax","Halifax Regional Municipality","-63.58682579","44.65626077","(44.65626077, -63.58682579)"
"2505","4304","2440 Brunswick St","Halifax","1","127720","Metropolitan Regional Housing Authority","Halifax","Halifax Regional Municipality","-63.58680788","44.65619675","(44.65619675, -63.58680788)"
"2506","4304","2444 Brunswick St","Halifax","1","127720","Metropolitan Regional Housing Authority","Halifax","Halifax Regional Municipality","-63.58686431","44.65629347","(44.65629347, -63.58686431)"
"2507","4304","2446 Brunswick St","Halifax","1","127720","Metropolitan Regional Housing Authority","Halifax","Halifax Regional Municipality","-63.58692062","44.65632091","(44.65632091, -63.58692062)"
"2508","4304","2448 Brunswick St","Halifax","1","127720","Metropolitan Regional Housing Authority","Halifax","Halifax Regional Municipality","-63.58698179","44.65636279","(44.65636279, -63.58698179)"
"2509","4304","2450 Brunswick St","Halifax","1","127720","Metropolitan Regional Housing Authority","Halifax","Halifax Regional Municipality","-63.58702538","44.65639739","(44.65639739, -63.58702538)"
"2510","4304","2452 Brunswick St","Halifax","1","127720","Metropolitan Regional Housing Authority","Halifax","Halifax Regional Municipality","-63.58708024","44.65643471","(44.65643471, -63.58708024)"
"2511","4304","2454 Brunswick St","Halifax","1","127720","Metropolitan Regional Housing Authority","Halifax","Halifax Regional Municipality","-63.58712764","44.65646748","(44.65646748, -63.58712764)"
"2512","4304","2456 Brunswick St","Halifax","1","127720","Metropolitan Regional Housing Authority","Halifax","Halifax Regional Municipality","-63.5871751","44.65649758","(44.65649758, -63.5871751)"
"2513","4304","2458 Brunswick St","Halifax","1","127720","Metropolitan Regional Housing Authority","Halifax","Halifax Regional Municipality","-63.58722862","44.65653939","(44.65653939, -63.58722862)"
"2514","4304","2460 Brunswick St","Halifax","1","127720","Metropolitan Regional Housing Authority","Halifax","Halifax Regional Municipality","-63.58727339","44.65657845","(44.65657845, -63.58727339)"
"2515","4304","2401 Gottingen St","Halifax","1","127738","Metropolitan Regional Housing Authority","Halifax","Halifax Regional Municipality","-63.58715377","44.6548036","(44.6548036, -63.58715377)"
"2516","4304","2403 Gottingen St","Halifax","1","127738","Metropolitan Regional Housing Authority","Halifax","Halifax Regional Municipality","-63.58721238","44.65484189","(44.65484189, -63.58721238)"
"2517","4304","2405 Gottingen St","Halifax","1","127738","Metropolitan Regional Housing Authority","Halifax","Halifax Regional Municipality","-63.58726103","44.65487739","(44.65487739, -63.58726103)"
"2518","4304","2407 Gottingen St","Halifax","1","127738","Metropolitan Regional Housing Authority","Halifax","Halifax Regional Municipality","-63.58731346","44.65490839","(44.65490839, -63.58731346)"
"2519","4304","2409 Gottingen St","Halifax","1","127738","Metropolitan Regional Housing Authority","Halifax","Halifax Regional Municipality","-63.58736324","44.65495109","(44.65495109, -63.58736324)"
"2520","4304","2411 Gottingen St","Halifax","1","127738","Metropolitan Regional Housing Authority","Halifax","Halifax Regional Municipality","-63.58741574","44.65498122","(44.65498122, -63.58741574)"
"2521","4304","2413 Gottingen St","Halifax","1","127738","Metropolitan Regional Housing Authority","Halifax","Halifax Regional Municipality","-63.5874682","44.65501496","(44.65501496, -63.5874682)"
"2522","4304","2417 Gottingen St","Halifax","1","127738","Metropolitan Regional Housing Authority","Halifax","Halifax Regional Municipality","-63.58755671","44.65507774","(44.65507774, -63.58755671)"
"2523","4304","2419 Gottingen St","Halifax","1","127738","Metropolitan Regional Housing Authority","Halifax","Halifax Regional Municipality","-63.5876041","44.65510964","(44.65510964, -63.5876041)"
"2524","4304","2421 Gottingen St","Halifax","1","127738","Metropolitan Regional Housing Authority","Halifax","Halifax Regional Municipality","-63.58764529","44.65514053","(44.65514053, -63.58764529)"
"2525","4304","2439 Gottingen St","Halifax","1","127720","Metropolitan Regional Housing Authority","Halifax","Halifax Regional Municipality","-63.58795094","44.65534461","(44.65534461, -63.58795094)"
"2526","4304","2441 Gottingen St","Halifax","1","127720","Metropolitan Regional Housing Authority","Halifax","Halifax Regional Municipality","-63.5879846","44.65537094","(44.65537094, -63.5879846)"
"2527","4304","2443 Gottingen St","Halifax","1","127720","Metropolitan Regional Housing Authority","Halifax","Halifax Regional Municipality","-63.58802446","44.65539916","(44.65539916, -63.58802446)"
"2528","4304","2445 Gottingen St","Halifax","1","127720","Metropolitan Regional Housing Authority","Halifax","Halifax Regional Municipality","-63.58806064","44.65542553","(44.65542553, -63.58806064)"
"2529","4304","2447 Gottingen St","Halifax","1","127720","Metropolitan Regional Housing Authority","Halifax","Halifax Regional Municipality","-63.58809804","44.65545196","(44.65545196, -63.58809804)"
"2530","4304","2449 Gottingen St","Halifax","1","127720","Metropolitan Regional Housing Authority","Halifax","Halifax Regional Municipality","-63.58814549","44.65548206","(44.65548206, -63.58814549)"
"2531","4304","2451 Gottingen St","Halifax","1","127720","Metropolitan Regional Housing Authority","Halifax","Halifax Regional Municipality","-63.58819043","44.65551211","(44.65551211, -63.58819043)"
"2532","4304","2453 Gottingen St","Halifax","1","127720","Metropolitan Regional Housing Authority","Halifax","Halifax Regional Municipality","-63.58823154","44.655543","(44.655543, -63.58823154)"
"2533","4304","2455 Gottingen St","Halifax","1","127720","Metropolitan Regional Housing Authority","Halifax","Halifax Regional Municipality","-63.58827272","44.65557307","(44.65557307, -63.58827272)"
"2534","4304","2457 Gottingen St","Halifax","1","127720","Metropolitan Regional Housing Authority","Halifax","Halifax Regional Municipality","-63.58830764","44.65559585","(44.65559585, -63.58830764)"
"2535","4304","2459 Gottingen St","Halifax","1","127720","Metropolitan Regional Housing Authority","Halifax","Halifax Regional Municipality","-63.5883551","44.65562589","(44.65562589, -63.5883551)"
"2536","4304","2461 Gottingen St","Halifax","1","127720","Metropolitan Regional Housing Authority","Halifax","Halifax Regional Municipality","-63.5884063","44.65565603","(44.65565603, -63.5884063)"
"2537","4304","2463 Gottingen St","Halifax","1","127720","Metropolitan Regional Housing Authority","Halifax","Halifax Regional Municipality","-63.58844748","44.65568604","(44.65568604, -63.58844748)"
"2538","4304","2465 Gottingen St","Halifax","1","127720","Metropolitan Regional Housing Authority","Halifax","Halifax Regional Municipality","-63.58849255","44.65570528","(44.65570528, -63.58849255)"
"2539","4304","5412 Uniacke St","Halifax","1","127738","Metropolitan Regional Housing Authority","Halifax","Halifax Regional Municipality","-63.58642802","44.65597503","(44.65597503, -63.58642802)"
"2540","4304","5414 Uniacke St","Halifax","1","127738","Metropolitan Regional Housing Authority","Halifax","Halifax Regional Municipality","-63.58647004","44.65595017","(44.65595017, -63.58647004)"
"2541","4304","5416 Uniacke St","Halifax","1","127738","Metropolitan Regional Housing Authority","Halifax","Halifax Regional Municipality","-63.58650585","44.65591621","(44.65591621, -63.58650585)"
"2542","4304","5418 Uniacke St","Halifax","1","127738","Metropolitan Regional Housing Authority","Halifax","Halifax Regional Municipality","-63.58654543","44.65588415","(44.65588415, -63.58654543)"
"2543","4304","5420 Uniacke St","Halifax","1","127738","Metropolitan Regional Housing Authority","Halifax","Halifax Regional Municipality","-63.58658389","44.65584577","(44.65584577, -63.58658389)"
"2544","4304","5422 Uniacke St","Halifax","1","127738","Metropolitan Regional Housing Authority","Halifax","Halifax Regional Municipality","-63.58668159","44.65580336","(44.65580336, -63.58668159)"
"2545","4304","5424 Uniacke St","Halifax","1","127738","Metropolitan Regional Housing Authority","Halifax","Halifax Regional Municipality","-63.58673005","44.65577131","(44.65577131, -63.58673005)"
"2546","4304","5426 Uniacke St","Halifax","1","127738","Metropolitan Regional Housing Authority","Halifax","Halifax Regional Municipality","-63.58678476","44.65573755","(44.65573755, -63.58678476)"
"2547","4304","5428 Uniacke St","Halifax","1","127738","Metropolitan Regional Housing Authority","Halifax","Halifax Regional Municipality","-63.58683064","44.65570825","(44.65570825, -63.58683064)"
"2548","4304","5439 Uniacke St","Halifax","1","127720","Metropolitan Regional Housing Authority","Halifax","Halifax Regional Municipality","-63.58719717","44.65589295","(44.65589295, -63.58719717)"
"2549","4304","5441 Uniacke St","Halifax","1","127720","Metropolitan Regional Housing Authority","Halifax","Halifax Regional Municipality","-63.58723675","44.6558609","(44.6558609, -63.58723675)"
"2550","4304","5443 Uniacke St","Halifax","1","127720","Metropolitan Regional Housing Authority","Halifax","Halifax Regional Municipality","-63.5872889","44.65583157","(44.65583157, -63.5872889)"
"2551","4304","5445 Uniacke St","Halifax","1","127720","Metropolitan Regional Housing Authority","Halifax","Halifax Regional Municipality","-63.58732738","44.65579498","(44.65579498, -63.58732738)"
"2552","4304","5446 Uniacke St","Halifax","1","127738","Metropolitan Regional Housing Authority","Halifax","Halifax Regional Municipality","-63.58694698","44.65560837","(44.65560837, -63.58694698)"
"2553","4304","5448 Uniacke St","Halifax","1","127738","Metropolitan Regional Housing Authority","Halifax","Halifax Regional Municipality","-63.5869966","44.65557906","(44.65557906, -63.5869966)"
"2554","4304","5450 Uniacke St","Halifax","1","127738","Metropolitan Regional Housing Authority","Halifax","Halifax Regional Municipality","-63.58704756","44.65554438","(44.65554438, -63.58704756)"
"2555","4304","5452 Uniacke St","Halifax","1","127738","Metropolitan Regional Housing Authority","Halifax","Halifax Regional Municipality","-63.58709359","44.65550602","(44.65550602, -63.58709359)"
"2556","4304","5464 Uniacke St","Halifax","1","127738","Metropolitan Regional Housing Authority","Halifax","Halifax Regional Municipality","-63.58723233","44.65542253","(44.65542253, -63.58723233)"
"2557","4304","5466 Uniacke St","Halifax","1","127738","Metropolitan Regional Housing Authority","Halifax","Halifax Regional Municipality","-63.58729461","44.65538885","(44.65538885, -63.58729461)"
"2558","4304","5468 Uniacke St","Halifax","1","127738","Metropolitan Regional Housing Authority","Halifax","Halifax Regional Municipality","-63.58733945","44.65534508","(44.65534508, -63.58733945)"
"2559","4304","5469 Uniacke St","Halifax","1","127720","Metropolitan Regional Housing Authority","Halifax","Halifax Regional Municipality","-63.5876838","44.65557552","(44.65557552, -63.5876838)"
"2560","4304","5470 Uniacke St","Halifax","1","127738","Metropolitan Regional Housing Authority","Halifax","Halifax Regional Municipality","-63.58739175","44.6553068","(44.6553068, -63.58739175)"
"2561","4304","5471 Uniacke St","Halifax","1","127720","Metropolitan Regional Housing Authority","Halifax","Halifax Regional Municipality","-63.58771319","44.65555061","(44.65555061, -63.58771319)"
"2562","4304","5472 Uniacke St","Halifax","1","127738","Metropolitan Regional Housing Authority","Halifax","Halifax Regional Municipality","-63.58742762","44.65527022","(44.65527022, -63.58742762)"
"2563","4304","5473 Uniacke St","Halifax","1","127720","Metropolitan Regional Housing Authority","Halifax","Halifax Regional Municipality","-63.58777182","44.65550968","(44.65550968, -63.58777182)"
"2564","4304","5475 Uniacke St","Halifax","1","127720","Metropolitan Regional Housing Authority","Halifax","Halifax Regional Municipality","-63.58782029","44.65547856","(44.65547856, -63.58782029)"
"2565","4305","2414 Creighton St","Halifax","1","149336","Metropolitan Regional Housing Authority","Halifax","Halifax Regional Municipality","-63.58874939","44.65427998","(44.65427998, -63.58874939)"
"2566","4305","2416 Creighton St","Halifax","1","149336","Metropolitan Regional Housing Authority","Halifax","Halifax Regional Municipality","-63.58878926","44.65430913","(44.65430913, -63.58878926)"
"2567","4305","2418 Creighton St","Halifax","1","149336","Metropolitan Regional Housing Authority","Halifax","Halifax Regional Municipality","-63.58882785","44.65434002","(44.65434002, -63.58882785)"
"2568","4305","2420 Creighton St","Halifax","1","149336","Metropolitan Regional Housing Authority","Halifax","Halifax Regional Municipality","-63.58889549","44.65436932","(44.65436932, -63.58889549)"
"2569","4305","2422 Creighton St","Halifax","1","149336","Metropolitan Regional Housing Authority","Halifax","Halifax Regional Municipality","-63.58893167","44.65439576","(44.65439576, -63.58893167)"
"2570","4305","2424 Creighton St","Halifax","1","149336","Metropolitan Regional Housing Authority","Halifax","Halifax Regional Municipality","-63.588975","44.65444471","(44.65444471, -63.588975)"
"2571","4305","2425 Creighton St","Halifax","1","149112","Metropolitan Regional Housing Authority","Halifax","Halifax Regional Municipality","-63.5887389","44.65470831","(44.65470831, -63.5887389)"
"2572","4305","2426 Creighton St","Halifax","1","149336","Metropolitan Regional Housing Authority","Halifax","Halifax Regional Municipality","-63.58901128","44.65446475","(44.65446475, -63.58901128)"
"2573","4305","2427 Creighton St","Halifax","1","149112","Metropolitan Regional Housing Authority","Halifax","Halifax Regional Municipality","-63.58869812","44.65473403","(44.65473403, -63.58869812)"
"2574","4305","2429 Creighton St","Halifax","1","149112","Metropolitan Regional Housing Authority","Halifax","Halifax Regional Municipality","-63.58866107","44.65476619","(44.65476619, -63.58866107)"
"2575","4305","2431 Creighton St","Halifax","1","149112","Metropolitan Regional Housing Authority","Halifax","Halifax Regional Municipality","-63.58862392","44.65480545","(44.65480545, -63.58862392)"
"2576","4305","2433 Creighton St","Halifax","1","149112","Metropolitan Regional Housing Authority","Halifax","Halifax Regional Municipality","-63.58858053","44.6548384","(44.6548384, -63.58858053)"
"2577","4305","2435 Creighton St","Halifax","1","149112","Metropolitan Regional Housing Authority","Halifax","Halifax Regional Municipality","-63.58852444","44.6548731","(44.6548731, -63.58852444)"
"2578","4305","2436 Creighton St","Halifax","1","149336","Metropolitan Regional Housing Authority","Halifax","Halifax Regional Municipality","-63.5891847","44.65458226","(44.65458226, -63.5891847)"
"2579","4305","2437 Creighton St","Halifax","1","149112","Metropolitan Regional Housing Authority","Halifax","Halifax Regional Municipality","-63.58889104","44.65481482","(44.65481482, -63.58889104)"
"2580","4305","2438 Creighton St","Halifax","1","149336","Metropolitan Regional Housing Authority","Halifax","Halifax Regional Municipality","-63.58922714","44.65460692","(44.65460692, -63.58922714)"
"2581","4305","2439 Creighton St","Halifax","1","149112","Metropolitan Regional Housing Authority","Halifax","Halifax Regional Municipality","-63.58892846","44.654843","(44.654843, -63.58892846)"
"2582","4305","2440 Creighton St","Halifax","1","149336","Metropolitan Regional Housing Authority","Halifax","Halifax Regional Municipality","-63.58926709","44.65463601","(44.65463601, -63.58926709)"
"2583","4305","2441 Creighton St","Halifax","1","149112","Metropolitan Regional Housing Authority","Halifax","Halifax Regional Municipality","-63.58897338","44.65487218","(44.65487218, -63.58897338)"
"2584","4305","2442 Creighton St","Halifax","1","149336","Metropolitan Regional Housing Authority","Halifax","Halifax Regional Municipality","-63.58931577","44.65466697","(44.65466697, -63.58931577)"
"2585","4305","2443 Creighton St","Halifax","1","149112","Metropolitan Regional Housing Authority","Halifax","Halifax Regional Municipality","-63.58900687","44.65490572","(44.65490572, -63.58900687)"
"2586","4305","2444 Creighton St","Halifax","1","149336","Metropolitan Regional Housing Authority","Halifax","Halifax Regional Municipality","-63.58936434","44.65470246","(44.65470246, -63.58936434)"
"2587","4305","2446 Creighton St","Halifax","1","149336","Metropolitan Regional Housing Authority","Halifax","Halifax Regional Municipality","-63.5893981","44.65472258","(44.65472258, -63.5893981)"
"2588","4305","2448 Creighton St","Halifax","1","149336","Metropolitan Regional Housing Authority","Halifax","Halifax Regional Municipality","-63.58944426","44.65475349","(44.65475349, -63.58944426)"
"2589","4305","2450 Creighton St","Halifax","1","149336","Metropolitan Regional Housing Authority","Halifax","Halifax Regional Municipality","-63.58948281","44.65478893","(44.65478893, -63.58948281)"
"2590","4307","2313 Gottingen St","Halifax","95","127993","Metropolitan Regional Housing Authority","Halifax","Halifax Regional Municipality","-63.58636832","44.65447875","(44.65447875, -63.58636832)"
"2591","4304","2415 Gottingen St","Halifax","1","127738","Metropolitan Regional Housing Authority","Halifax","Halifax Regional Municipality","-63.58751437","44.6550468","(44.6550468, -63.58751437)"
"2592","4308","112 Greystone Dr","Halifax","1","283309","Metropolitan Regional Housing Authority","Halifax","Halifax Regional Municipality","-63.61168187","44.60031385","(44.60031385, -63.61168187)"
"2593","4308","113 Greystone Dr","Halifax","1","283309","Metropolitan Regional Housing Authority","Halifax","Halifax Regional Municipality","-63.61220797","44.60050338","(44.60050338, -63.61220797)"
"2594","4308","114 Greystone Dr","Halifax","1","283309","Metropolitan Regional Housing Authority","Halifax","Halifax Regional Municipality","-63.61170395","44.60026997","(44.60026997, -63.61170395)"
"2595","4308","115 Greystone Dr","Halifax","1","283309","Metropolitan Regional Housing Authority","Halifax","Halifax Regional Municipality","-63.61225014","44.60046682","(44.60046682, -63.61225014)"
"2596","4308","116 Greystone Dr","Halifax","1","283309","Metropolitan Regional Housing Authority","Halifax","Halifax Regional Municipality","-63.61172488","44.60021789","(44.60021789, -63.61172488)"
"2597","4308","117 Greystone Dr","Halifax","1","283309","Metropolitan Regional Housing Authority","Halifax","Halifax Regional Municipality","-63.6123343","44.60040086","(44.60040086, -63.6123343)"
"2598","4308","120 Greystone Dr","Halifax","1","283309","Metropolitan Regional Housing Authority","Halifax","Halifax Regional Municipality","-63.61180896","44.60015199","(44.60015199, -63.61180896)"
"2599","4308","122 Greystone Dr","Halifax","1","283309","Metropolitan Regional Housing Authority","Halifax","Halifax Regional Municipality","-63.61185113","44.60011537","(44.60011537, -63.61185113)"
"2600","4308","121 Greystone Dr","Halifax","1","283309","Metropolitan Regional Housing Authority","Halifax","Halifax Regional Municipality","-63.61239664","44.60035635","(44.60035635, -63.61239664)"
"2601","4308","123 Greystone Dr","Halifax","1","283309","Metropolitan Regional Housing Authority","Halifax","Halifax Regional Municipality","-63.61246046","44.60030555","(44.60030555, -63.61246046)"
"2602","4308","124 Greystone Dr","Halifax","1","283309","Metropolitan Regional Housing Authority","Halifax","Halifax Regional Municipality","-63.61191356","44.60007179","(44.60007179, -63.61191356)"
"2603","4308","125 Greystone Dr","Halifax","1","283309","Metropolitan Regional Housing Authority","Halifax","Halifax Regional Municipality","-63.61250157","44.60025366","(44.60025366, -63.61250157)"
"2604","4308","130 Greystone Dr","Halifax","1","283309","Metropolitan Regional Housing Authority","Halifax","Halifax Regional Municipality","-63.61218678","44.599911","(44.599911, -63.61218678)"
"2605","4308","134 Greystone Dr","Halifax","1","283309","Metropolitan Regional Housing Authority","Halifax","Halifax Regional Municipality","-63.61226861","44.59983157","(44.59983157, -63.61226861)"
"2606","4308","132 Greystone Dr","Halifax","1","283309","Metropolitan Regional Housing Authority","Halifax","Halifax Regional Municipality","-63.61222765","44.59987533","(44.59987533, -63.61222765)"
"2607","4308","138 Greystone Dr","Halifax","1","283309","Metropolitan Regional Housing Authority","Halifax","Halifax Regional Municipality","-63.61236123","44.59978905","(44.59978905, -63.61236123)"
"2608","4308","140 Greystone Dr","Halifax","1","283309","Metropolitan Regional Housing Authority","Halifax","Halifax Regional Municipality","-63.61241357","44.5997454","(44.5997454, -63.61241357)"
"2609","4308","142 Greystone Dr","Halifax","1","283309","Metropolitan Regional Housing Authority","Halifax","Halifax Regional Municipality","-63.61245453","44.59970252","(44.59970252, -63.61245453)"
"2610","4308","146 Greystone Dr","Halifax","1","283309","Metropolitan Regional Housing Authority","Halifax","Halifax Regional Municipality","-63.61255776","44.5996232","(44.5996232, -63.61255776)"
"2611","4308","148 Greystone Dr","Halifax","1","283309","Metropolitan Regional Housing Authority","Halifax","Halifax Regional Municipality","-63.61258854","44.59958741","(44.59958741, -63.61258854)"
"2612","4308","150 Greystone Dr","Halifax","1","283309","Metropolitan Regional Housing Authority","Halifax","Halifax Regional Municipality","-63.6126495","44.59955098","(44.59955098, -63.6126495)"
"2613","4308","154 Greystone Dr","Halifax","1","283309","Metropolitan Regional Housing Authority","Halifax","Halifax Regional Municipality","-63.61269227","44.59947844","(44.59947844, -63.61269227)"
"2614","4308","156 Greystone Dr","Halifax","1","283309","Metropolitan Regional Housing Authority","Halifax","Halifax Regional Municipality","-63.61274315","44.59944283","(44.59944283, -63.61274315)"
"2615","4308","158 Greystone Dr","Halifax","1","283309","Metropolitan Regional Housing Authority","Halifax","Halifax Regional Municipality","-63.6127942","44.59940001","(44.59940001, -63.6127942)"
"2616","4308","162 Greystone Dr","Halifax","1","283309","Metropolitan Regional Housing Authority","Halifax","Halifax Regional Municipality","-63.61313277","44.59924967","(44.59924967, -63.61313277)"
"2617","4308","164 Greystone Dr","Halifax","1","283309","Metropolitan Regional Housing Authority","Halifax","Halifax Regional Municipality","-63.61319487","44.59922853","(44.59922853, -63.61319487)"
"2618","4308","166 Greystone Dr","Halifax","1","283309","Metropolitan Regional Housing Authority","Halifax","Halifax Regional Municipality","-63.61325566","44.5992074","(44.5992074, -63.61325566)"
"2619","4308","170 Greystone Dr","Halifax","1","283309","Metropolitan Regional Housing Authority","Halifax","Halifax Regional Municipality","-63.6133582","44.59917133","(44.59917133, -63.6133582)"
"2620","4308","172 Greystone Dr","Halifax","1","283309","Metropolitan Regional Housing Authority","Halifax","Halifax Regional Municipality","-63.61343883","44.59917194","(44.59917194, -63.61343883)"
"2621","4308","174 Greystone Dr","Halifax","1","283309","Metropolitan Regional Housing Authority","Halifax","Halifax Regional Municipality","-63.61352085","44.5991654","(44.5991654, -63.61352085)"
"2622","4308","180 Greystone Dr","Halifax","1","283309","Metropolitan Regional Housing Authority","Halifax","Halifax Regional Municipality","-63.61380878","44.59919733","(44.59919733, -63.61380878)"
"2623","4308","182 Greystone Dr","Halifax","1","283309","Metropolitan Regional Housing Authority","Halifax","Halifax Regional Municipality","-63.61388811","44.59919795","(44.59919795, -63.61388811)"
"2624","4308","184 Greystone Dr","Halifax","1","283309","Metropolitan Regional Housing Authority","Halifax","Halifax Regional Municipality","-63.61395709","44.59922008","(44.59922008, -63.61395709)"
"2625","4308","188 Greystone Dr","Halifax","1","283309","Metropolitan Regional Housing Authority","Halifax","Halifax Regional Municipality","-63.61408939","44.5992139","(44.5992139, -63.61408939)"
"2626","4308","190 Greystone Dr","Halifax","1","283309","Metropolitan Regional Housing Authority","Halifax","Halifax Regional Municipality","-63.61416124","44.59921445","(44.59921445, -63.61416124)"
"2627","4308","192 Greystone Dr","Halifax","1","283309","Metropolitan Regional Housing Authority","Halifax","Halifax Regional Municipality","-63.6142216","44.59922214","(44.59922214, -63.6142216)"
"2628","4308","3 Orange Walk","Halifax","1","283309","Metropolitan Regional Housing Authority","Halifax","Halifax Regional Municipality","-63.61127265","44.60071119","(44.60071119, -63.61127265)"
"2629","4308","1 Orange Walk","Halifax","1","283309","Metropolitan Regional Housing Authority","Halifax","Halifax Regional Municipality","-63.61133269","44.60074139","(44.60074139, -63.61133269)"
"2630","4308","5 Orange Walk","Halifax","1","283309","Metropolitan Regional Housing Authority","Halifax","Halifax Regional Municipality","-63.61121531","44.60067383","(44.60067383, -63.61121531)"
"2631","4308","9 Orange Walk","Halifax","1","283309","Metropolitan Regional Housing Authority","Halifax","Halifax Regional Municipality","-63.61114164","44.60063098","(44.60063098, -63.61114164)"
"2632","4308","11 Orange Walk","Halifax","1","283309","Metropolitan Regional Housing Authority","Halifax","Halifax Regional Municipality","-63.6110767","44.60059087","(44.60059087, -63.6110767)"
"2633","4308","13 Orange Walk","Halifax","1","283309","Metropolitan Regional Housing Authority","Halifax","Halifax Regional Municipality","-63.61100805","44.60055346","(44.60055346, -63.61100805)"
"2634","4308","17 Orange Walk","Halifax","1","283309","Metropolitan Regional Housing Authority","Halifax","Halifax Regional Municipality","-63.61082614","44.60042242","(44.60042242, -63.61082614)"
"2635","4308","18 Orange Walk","Halifax","1","283309","Metropolitan Regional Housing Authority","Halifax","Halifax Regional Municipality","-63.6109272","44.60023692","(44.60023692, -63.6109272)"
"2636","4308","19 Orange Walk","Halifax","1","283309","Metropolitan Regional Housing Authority","Halifax","Halifax Regional Municipality","-63.61075374","44.60037683","(44.60037683, -63.61075374)"
"2637","4308","20 Orange Walk","Halifax","1","283309","Metropolitan Regional Housing Authority","Halifax","Halifax Regional Municipality","-63.61087612","44.60019964","(44.60019964, -63.61087612)"
"2638","4308","21 Orange Walk","Halifax","1","283309","Metropolitan Regional Housing Authority","Halifax","Halifax Regional Municipality","-63.61069258","44.60033949","(44.60033949, -63.61069258)"
"2639","4308","22 Orange Walk","Halifax","1","283309","Metropolitan Regional Housing Authority","Halifax","Halifax Regional Municipality","-63.61082886","44.60016148","(44.60016148, -63.61082886)"
"2640","4308","25 Orange Walk","Halifax","1","283309","Metropolitan Regional Housing Authority","Halifax","Halifax Regional Municipality","-63.61060018","44.60028744","(44.60028744, -63.61060018)"
"2641","4308","26 Orange Walk","Halifax","1","283309","Metropolitan Regional Housing Authority","Halifax","Halifax Regional Municipality","-63.61078353","44.6000747","(44.6000747, -63.61078353)"
"2642","4308","27 Orange Walk","Halifax","1","283309","Metropolitan Regional Housing Authority","Halifax","Halifax Regional Municipality","-63.61051769","44.60024184","(44.60024184, -63.61051769)"
"2643","4308","28 Orange Walk","Halifax","1","283309","Metropolitan Regional Housing Authority","Halifax","Halifax Regional Municipality","-63.61076409","44.60002865","(44.60002865, -63.61076409)"
"2644","4308","29 Orange Walk","Halifax","1","283309","Metropolitan Regional Housing Authority","Halifax","Halifax Regional Municipality","-63.6104453","44.60019718","(44.60019718, -63.6104453)"
"2645","4308","30 Orange Walk","Halifax","1","283309","Metropolitan Regional Housing Authority","Halifax","Halifax Regional Municipality","-63.61074342","44.59998168","(44.59998168, -63.61074342)"
"2646","4308","2 Cobalt Walk","Halifax","1","283309","Metropolitan Regional Housing Authority","Halifax","Halifax Regional Municipality","-63.61440421","44.59963572","(44.59963572, -63.61440421)"
"2647","4308","4 Cobalt Walk","Halifax","1","283309","Metropolitan Regional Housing Authority","Halifax","Halifax Regional Municipality","-63.61445769","44.59968385","(44.59968385, -63.61445769)"
"2648","4308","6 Cobalt Walk","Halifax","1","283309","Metropolitan Regional Housing Authority","Halifax","Halifax Regional Municipality","-63.6145135","44.59973831","(44.59973831, -63.6145135)"
"2649","4308","10 Cobalt Walk","Halifax","1","283309","Metropolitan Regional Housing Authority","Halifax","Halifax Regional Municipality","-63.61456934","44.59979451","(44.59979451, -63.61456934)"
"2650","4308","12 Cobalt Walk","Halifax","1","283309","Metropolitan Regional Housing Authority","Halifax","Halifax Regional Municipality","-63.6146277","44.59985168","(44.59985168, -63.6146277)"
"2651","4308","14 Cobalt Walk","Halifax","1","283309","Metropolitan Regional Housing Authority","Halifax","Halifax Regional Municipality","-63.61467854","44.59990424","(44.59990424, -63.61467854)"
"2652","4308","24 Cobalt Walk","Halifax","1","283309","Metropolitan Regional Housing Authority","Halifax","Halifax Regional Municipality","-63.61458947","44.60029237","(44.60029237, -63.61458947)"
"2653","4308","26 Cobalt Walk","Halifax","1","283309","Metropolitan Regional Housing Authority","Halifax","Halifax Regional Municipality","-63.6145696","44.60035973","(44.60035973, -63.6145696)"
"2654","4308","28 Cobalt Walk","Halifax","1","283309","Metropolitan Regional Housing Authority","Halifax","Halifax Regional Municipality","-63.61455464","44.6004298","(44.6004298, -63.61455464)"
"2655","4308","32 Cobalt Walk","Halifax","1","283309","Metropolitan Regional Housing Authority","Halifax","Halifax Regional Municipality","-63.61453615","44.60048994","(44.60048994, -63.61453615)"
"2656","4308","34 Cobalt Walk","Halifax","1","283309","Metropolitan Regional Housing Authority","Halifax","Halifax Regional Municipality","-63.6145164","44.60054562","(44.60054562, -63.6145164)"
"2657","4308","36 Cobalt Walk","Halifax","1","283309","Metropolitan Regional Housing Authority","Halifax","Halifax Regional Municipality","-63.61449777","44.60060757","(44.60060757, -63.61449777)"
"2658","4308","12 Meadow Green Walk","Halifax","1","283309","Metropolitan Regional Housing Authority","Halifax","Halifax Regional Municipality","-63.61247234","44.60068454","(44.60068454, -63.61247234)"
"2659","4308","10 Meadow Green Walk","Halifax","1","283309","Metropolitan Regional Housing Authority","Halifax","Halifax Regional Municipality","-63.61240267","44.6007056","(44.6007056, -63.61240267)"
"2660","4308","14 Meadow Green Walk","Halifax","1","283309","Metropolitan Regional Housing Authority","Halifax","Halifax Regional Municipality","-63.61254819","44.60066349","(44.60066349, -63.61254819)"
"2661","4308","18 Meadow Green Walk","Halifax","1","283309","Metropolitan Regional Housing Authority","Halifax","Halifax Regional Municipality","-63.61264685","44.6006382","(44.6006382, -63.61264685)"
"2662","4308","20 Meadow Green Walk","Halifax","1","283309","Metropolitan Regional Housing Authority","Halifax","Halifax Regional Municipality","-63.61273543","44.60061279","(44.60061279, -63.61273543)"
"2663","4308","22 Meadow Green Walk","Halifax","1","283309","Metropolitan Regional Housing Authority","Halifax","Halifax Regional Municipality","-63.61281386","44.60058999","(44.60058999, -63.61281386)"
"2664","4308","1 Cranberry Crt","Halifax","1","283309","Metropolitan Regional Housing Authority","Halifax","Halifax Regional Municipality","-63.61266982","44.60012174","(44.60012174, -63.61266982)"
"2665","4308","3 Cranberry Crt","Halifax","1","283309","Metropolitan Regional Housing Authority","Halifax","Halifax Regional Municipality","-63.61273074","44.60017442","(44.60017442, -63.61273074)"
"2666","4308","2 Cranberry Crt","Halifax","1","283309","Metropolitan Regional Housing Authority","Halifax","Halifax Regional Municipality","-63.61308253","44.59990358","(44.59990358, -63.61308253)"
"2667","4308","4 Cranberry Crt","Halifax","1","283309","Metropolitan Regional Housing Authority","Halifax","Halifax Regional Municipality","-63.61315256","44.59994012","(44.59994012, -63.61315256)"
"2668","4308","5 Cranberry Crt","Halifax","1","283309","Metropolitan Regional Housing Authority","Halifax","Halifax Regional Municipality","-63.61278321","44.60020454","(44.60020454, -63.61278321)"
"2669","4308","9 Cranberry Crt","Halifax","1","283309","Metropolitan Regional Housing Authority","Halifax","Halifax Regional Municipality","-63.61281197","44.60030105","(44.60030105, -63.61281197)"
"2670","4308","11 Cranberry Crt","Halifax","1","283309","Metropolitan Regional Housing Authority","Halifax","Halifax Regional Municipality","-63.61283269","44.60034535","(44.60034535, -63.61283269)"
"2671","4308","10 Cranberry Crt","Halifax","1","283309","Metropolitan Regional Housing Authority","Halifax","Halifax Regional Municipality","-63.61328367","44.60001405","(44.60001405, -63.61328367)"
"2672","4308","12 Cranberry Crt","Halifax","1","283309","Metropolitan Regional Housing Authority","Halifax","Halifax Regional Municipality","-63.61331431","44.60007277","(44.60007277, -63.61331431)"
"2673","4308","13 Cranberry Crt","Halifax","1","283309","Metropolitan Regional Housing Authority","Halifax","Halifax Regional Municipality","-63.61283194","44.60039749","(44.60039749, -63.61283194)"
"2674","4308","14 Cranberry Crt","Halifax","1","283309","Metropolitan Regional Housing Authority","Halifax","Halifax Regional Municipality","-63.61334373","44.60012341","(44.60012341, -63.61334373)"
"2675","4308","18 Cranberry Crt","Halifax","1","283309","Metropolitan Regional Housing Authority","Halifax","Halifax Regional Municipality","-63.61337408","44.60020102","(44.60020102, -63.61337408)"
"2676","4308","22 Cranberry Crt","Halifax","1","283309","Metropolitan Regional Housing Authority","Halifax","Halifax Regional Municipality","-63.61344441","44.60029789","(44.60029789, -63.61344441)"
"2677","4308","26 Cranberry Crt","Halifax","1","283309","Metropolitan Regional Housing Authority","Halifax","Halifax Regional Municipality","-63.61354683","44.60035087","(44.60035087, -63.61354683)"
"2678","4308","28 Cranberry Crt","Halifax","1","283309","Metropolitan Regional Housing Authority","Halifax","Halifax Regional Municipality","-63.61361948","44.60038112","(44.60038112, -63.61361948)"
"2679","4308","30 Cranberry Crt","Halifax","1","283309","Metropolitan Regional Housing Authority","Halifax","Halifax Regional Municipality","-63.61368098","44.60039602","(44.60039602, -63.61368098)"
"2680","4308","2 Lemon Walk","Halifax","1","283309","Metropolitan Regional Housing Authority","Halifax","Halifax Regional Municipality","-63.61223046","44.60109574","(44.60109574, -63.61223046)"
"2681","4308","4 Lemon Walk","Halifax","1","283309","Metropolitan Regional Housing Authority","Halifax","Halifax Regional Municipality","-63.6122823","44.60108175","(44.60108175, -63.6122823)"
"2682","4308","6 Lemon Walk","Halifax","1","283309","Metropolitan Regional Housing Authority","Halifax","Halifax Regional Municipality","-63.61234439","44.60105973","(44.60105973, -63.61234439)"
"2683","4308","10 Lemon Walk","Halifax","1","283309","Metropolitan Regional Housing Authority","Halifax","Halifax Regional Municipality","-63.6124497","44.60100837","(44.60100837, -63.6124497)"
"2684","4308","12 Lemon Walk","Halifax","1","283309","Metropolitan Regional Housing Authority","Halifax","Halifax Regional Municipality","-63.61251189","44.60098001","(44.60098001, -63.61251189)"
"2685","4308","14 Lemon Walk","Halifax","1","283309","Metropolitan Regional Housing Authority","Halifax","Halifax Regional Municipality","-63.61258407","44.60095806","(44.60095806, -63.61258407)"
"2686","4308","16 Lemon Walk","Halifax","1","283309","Metropolitan Regional Housing Authority","Halifax","Halifax Regional Municipality","-63.61279289","44.60089312","(44.60089312, -63.61279289)"
"2687","4308","18 Lemon Walk","Halifax","1","283309","Metropolitan Regional Housing Authority","Halifax","Halifax Regional Municipality","-63.61287621","44.60087849","(44.60087849, -63.61287621)"
"2688","4308","20 Lemon Walk","Halifax","1","283309","Metropolitan Regional Housing Authority","Halifax","Halifax Regional Municipality","-63.61294847","44.60084933","(44.60084933, -63.61294847)"
"2689","4308","21 Lemon Walk","Halifax","1","283309","Metropolitan Regional Housing Authority","Halifax","Halifax Regional Municipality","-63.61303908","44.60110204","(44.60110204, -63.61303908)"
"2690","4308","23 Lemon Walk","Halifax","1","283309","Metropolitan Regional Housing Authority","Halifax","Halifax Regional Municipality","-63.61313266","44.60108027","(44.60108027, -63.61313266)"
"2691","4308","25 Lemon Walk","Halifax","1","283309","Metropolitan Regional Housing Authority","Halifax","Halifax Regional Municipality","-63.61321477","44.60106651","(44.60106651, -63.61321477)"
"2692","4308","26 Lemon Walk","Halifax","1","283309","Metropolitan Regional Housing Authority","Halifax","Halifax Regional Municipality","-63.61304303","44.60084283","(44.60084283, -63.61304303)"
"2693","4308","20 Cranberry Crt","Halifax","1","283309","Metropolitan Regional Housing Authority","Halifax","Halifax Regional Municipality","-63.61342491","44.60025364","(44.60025364, -63.61342491)"
"2694","4308","28 Lemon Walk","Halifax","1","283309","Metropolitan Regional Housing Authority","Halifax","Halifax Regional Municipality","-63.61311487","44.60084344","(44.60084344, -63.61311487)"
"2695","4308","30 Lemon Walk","Halifax","1","283309","Metropolitan Regional Housing Authority","Halifax","Halifax Regional Municipality","-63.61318794","44.60084397","(44.60084397, -63.61318794)"
"2696","4308","29 Lemon Walk","Halifax","1","283309","Metropolitan Regional Housing Authority","Halifax","Halifax Regional Municipality","-63.61329826","44.60104462","(44.60104462, -63.61329826)"
"2697","4308","31 Lemon Walk","Halifax","1","283309","Metropolitan Regional Housing Authority","Halifax","Halifax Regional Municipality","-63.61341308","44.60103115","(44.60103115, -63.61341308)"
"2698","4308","33 Lemon Walk","Halifax","1","283309","Metropolitan Regional Housing Authority","Halifax","Halifax Regional Municipality","-63.61348501","44.60102449","(44.60102449, -63.61348501)"
"2699","4308","40 Lemon Walk","Halifax","1","283309","Metropolitan Regional Housing Authority","Halifax","Halifax Regional Municipality","-63.6138059","44.60104137","(44.60104137, -63.6138059)"
"2700","4308","42 Lemon Walk","Halifax","1","283309","Metropolitan Regional Housing Authority","Halifax","Halifax Regional Municipality","-63.61379481","44.60110787","(44.60110787, -63.61379481)"
"2701","4308","44 Lemon Walk","Halifax","1","283309","Metropolitan Regional Housing Authority","Halifax","Halifax Regional Municipality","-63.6137737","44.6011743","(44.6011743, -63.6137737)"
"2702","4308","48 Lemon Walk","Halifax","1","283309","Metropolitan Regional Housing Authority","Halifax","Halifax Regional Municipality","-63.61374079","44.60126318","(44.60126318, -63.61374079)"
"2703","4308","50 Lemon Walk","Halifax","1","283309","Metropolitan Regional Housing Authority","Halifax","Halifax Regional Municipality","-63.61372995","44.60131526","(44.60131526, -63.61372995)"
"2704","4308","52 Lemon Walk","Halifax","1","283309","Metropolitan Regional Housing Authority","Halifax","Halifax Regional Municipality","-63.61372919","44.60136659","(44.60136659, -63.61372919)"
"2705","4308","55 Lemon Walk","Halifax","1","283309","Metropolitan Regional Housing Authority","Halifax","Halifax Regional Municipality","-63.61345635","44.60157958","(44.60157958, -63.61345635)"
"2706","4308","56 Lemon Walk","Halifax","1","283309","Metropolitan Regional Housing Authority","Halifax","Halifax Regional Municipality","-63.61346971","44.60136456","(44.60136456, -63.61346971)"
"2707","4308","58 Lemon Walk","Halifax","1","283309","Metropolitan Regional Housing Authority","Halifax","Halifax Regional Municipality","-63.61336621","44.60137906","(44.60137906, -63.61336621)"
"2708","4308","57 Lemon Walk","Halifax","1","283309","Metropolitan Regional Housing Authority","Halifax","Halifax Regional Municipality","-63.61339433","44.60160067","(44.60160067, -63.61339433)"
"2709","4308","59 Lemon Walk","Halifax","1","283309","Metropolitan Regional Housing Authority","Halifax","Halifax Regional Municipality","-63.61332119","44.60160821","(44.60160821, -63.61332119)"
"2710","4308","60 Lemon Walk","Halifax","1","283309","Metropolitan Regional Housing Authority","Halifax","Halifax Regional Municipality","-63.61330298","44.60139295","(44.60139295, -63.61330298)"
"2711","4308","63 Lemon Walk","Halifax","1","283309","Metropolitan Regional Housing Authority","Halifax","Halifax Regional Municipality","-63.6131761","44.60162148","(44.60162148, -63.6131761)"
"2712","4308","64 Lemon Walk","Halifax","1","283309","Metropolitan Regional Housing Authority","Halifax","Halifax Regional Municipality","-63.61318955","44.60139931","(44.60139931, -63.61318955)"
"2713","4308","65 Lemon Walk","Halifax","1","283309","Metropolitan Regional Housing Authority","Halifax","Halifax Regional Municipality","-63.61311346","44.60159851","(44.60159851, -63.61311346)"
"2714","4308","66 Lemon Walk","Halifax","1","283309","Metropolitan Regional Housing Authority","Halifax","Halifax Regional Municipality","-63.61310665","44.60138423","(44.60138423, -63.61310665)"
"2715","4308","67 Lemon Walk","Halifax","1","283309","Metropolitan Regional Housing Authority","Halifax","Halifax Regional Municipality","-63.61305195","44.60158361","(44.60158361, -63.61305195)"
"2716","4308","68 Lemon Walk","Halifax","1","283309","Metropolitan Regional Housing Authority","Halifax","Halifax Regional Municipality","-63.61304522","44.60136126","(44.60136126, -63.61304522)"
"2717","4308","72 Lemon Walk","Halifax","1","283309","Metropolitan Regional Housing Authority","Halifax","Halifax Regional Municipality","-63.61293117","44.6013235","(44.6013235, -63.61293117)"
"2718","4308","74 Lemon Walk","Halifax","1","283309","Metropolitan Regional Housing Authority","Halifax","Halifax Regional Municipality","-63.61284851","44.60129314","(44.60129314, -63.61284851)"
"2719","4308","76 Lemon Walk","Halifax","1","283309","Metropolitan Regional Housing Authority","Halifax","Halifax Regional Municipality","-63.61277708","44.6012701","(44.6012701, -63.61277708)"
"2720","4308","80 Lemon Walk","Halifax","1","283309","Metropolitan Regional Housing Authority","Halifax","Halifax Regional Municipality","-63.61267425","44.60124048","(44.60124048, -63.61267425)"
"2721","4308","82 Lemon Walk","Halifax","1","283309","Metropolitan Regional Housing Authority","Halifax","Halifax Regional Municipality","-63.6126117","44.6012103","(44.6012103, -63.6126117)"
"2722","4308","84 Lemon Walk","Halifax","1","283309","Metropolitan Regional Housing Authority","Halifax","Halifax Regional Municipality","-63.61255019","44.60119453","(44.60119453, -63.61255019)"
"2723","4308","17 Goldfinch Walk","Halifax","1","283309","Metropolitan Regional Housing Authority","Halifax","Halifax Regional Municipality","-63.61286235","44.60178912","(44.60178912, -63.61286235)"
"2724","4308","19 Goldfinch Walk","Halifax","1","283309","Metropolitan Regional Housing Authority","Halifax","Halifax Regional Municipality","-63.61293404","44.6017978","(44.6017978, -63.61293404)"
"2725","4308","23 Goldfinch Walk","Halifax","1","283309","Metropolitan Regional Housing Authority","Halifax","Halifax Regional Municipality","-63.61304801","44.60184276","(44.60184276, -63.61304801)"
"2726","4308","25 Goldfinch Walk","Halifax","1","283309","Metropolitan Regional Housing Authority","Halifax","Halifax Regional Municipality","-63.61312082","44.60185778","(44.60185778, -63.61312082)"
"2727","4308","27 Goldfinch Walk","Halifax","1","283309","Metropolitan Regional Housing Authority","Halifax","Halifax Regional Municipality","-63.61319225","44.60188082","(44.60188082, -63.61319225)"
"2728","4308","2 Indigo Walk","Halifax","1","283309","Metropolitan Regional Housing Authority","Halifax","Halifax Regional Municipality","-63.61329358","44.59969552","(44.59969552, -63.61329358)"
"2729","4308","10 Indigo Walk","Halifax","1","283309","Metropolitan Regional Housing Authority","Halifax","Halifax Regional Municipality","-63.61339336","44.59967562","(44.59967562, -63.61339336)"
"2730","4308","12 Indigo Walk","Halifax","1","283309","Metropolitan Regional Housing Authority","Halifax","Halifax Regional Municipality","-63.61351871","44.59963426","(44.59963426, -63.61351871)"
"2731","4308","13 Indigo Walk","Halifax","1","283309","Metropolitan Regional Housing Authority","Halifax","Halifax Regional Municipality","-63.61385943","44.59984303","(44.59984303, -63.61385943)"
"2732","4308","14 Indigo Walk","Halifax","1","283309","Metropolitan Regional Housing Authority","Halifax","Halifax Regional Municipality","-63.61363114","44.59961087","(44.59961087, -63.61363114)"
"2733","4308","15 Indigo Walk","Halifax","1","283309","Metropolitan Regional Housing Authority","Halifax","Halifax Regional Municipality","-63.61389277","44.59988737","(44.59988737, -63.61389277)"
"2734","4308","17 Indigo Walk","Halifax","1","283309","Metropolitan Regional Housing Authority","Halifax","Halifax Regional Municipality","-63.61392611","44.59993265","(44.59993265, -63.61392611)"
"2735","4308","20 Indigo Walk","Halifax","1","283309","Metropolitan Regional Housing Authority","Halifax","Halifax Regional Municipality","-63.61409348","44.59969453","(44.59969453, -63.61409348)"
"2736","4308","21 Indigo Walk","Halifax","1","283309","Metropolitan Regional Housing Authority","Halifax","Halifax Regional Municipality","-63.61398949","44.59998712","(44.59998712, -63.61398949)"
"2737","4308","22 Indigo Walk","Halifax","1","283309","Metropolitan Regional Housing Authority","Halifax","Halifax Regional Municipality","-63.61414173","44.59974891","(44.59974891, -63.61414173)"
"2738","4308","23 Indigo Walk","Halifax","1","283309","Metropolitan Regional Housing Authority","Halifax","Halifax Regional Municipality","-63.6140252","44.60004052","(44.60004052, -63.6140252)"
"2739","4308","24 Indigo Walk","Halifax","1","283309","Metropolitan Regional Housing Authority","Halifax","Halifax Regional Municipality","-63.6141963","44.59980872","(44.59980872, -63.6141963)"
"2740","4308","25 Indigo Walk","Halifax","1","283309","Metropolitan Regional Housing Authority","Halifax","Halifax Regional Municipality","-63.61405977","44.60008579","(44.60008579, -63.61405977)"
"2741","4308","28 Indigo Walk","Halifax","1","283309","Metropolitan Regional Housing Authority","Halifax","Halifax Regional Municipality","-63.61424702","44.59986582","(44.59986582, -63.61424702)"
"2742","4308","30 Indigo Walk","Halifax","1","283309","Metropolitan Regional Housing Authority","Halifax","Halifax Regional Municipality","-63.61429418","44.59991747","(44.59991747, -63.61429418)"
"2743","4308","32 Indigo Walk","Halifax","1","283309","Metropolitan Regional Housing Authority","Halifax","Halifax Regional Municipality","-63.61434373","44.59997185","(44.59997185, -63.61434373)"
"2744","4308","37 Indigo Walk","Halifax","1","283309","Metropolitan Regional Housing Authority","Halifax","Halifax Regional Municipality","-63.6141097","44.60019957","(44.60019957, -63.6141097)"
"2745","4308","39 Indigo Walk","Halifax","1","283309","Metropolitan Regional Housing Authority","Halifax","Halifax Regional Municipality","-63.61413914","44.60025196","(44.60025196, -63.61413914)"
"2746","4308","41 Indigo Walk","Halifax","1","283309","Metropolitan Regional Housing Authority","Halifax","Halifax Regional Municipality","-63.61414961","44.60031148","(44.60031148, -63.61414961)"
"2747","4308","45 Indigo Walk","Halifax","1","283309","Metropolitan Regional Housing Authority","Halifax","Halifax Regional Municipality","-63.61417861","44.60039264","(44.60039264, -63.61417861)"
"2748","4308","47 Indigo Walk","Halifax","1","283309","Metropolitan Regional Housing Authority","Halifax","Halifax Regional Municipality","-63.61419934","44.60043694","(44.60043694, -63.61419934)"
"2749","4308","49 Indigo Walk","Halifax","1","283309","Metropolitan Regional Housing Authority","Halifax","Halifax Regional Municipality","-63.61421868","44.60048927","(44.60048927, -63.61421868)"
"2750","4308","2 Lavender Walk","Halifax","1","283309","Metropolitan Regional Housing Authority","Halifax","Halifax Regional Municipality","-63.6115761","44.60047595","(44.60047595, -63.6115761)"
"2751","4308","4 Lavender Walk","Halifax","1","283309","Metropolitan Regional Housing Authority","Halifax","Halifax Regional Municipality","-63.61152502","44.60043868","(44.60043868, -63.61152502)"
"2752","4308","6 Lavender Walk","Halifax","1","283309","Metropolitan Regional Housing Authority","Halifax","Halifax Regional Municipality","-63.61148386","44.60040861","(44.60040861, -63.61148386)"
"2753","4308","10 Lavender Walk","Halifax","1","283309","Metropolitan Regional Housing Authority","Halifax","Halifax Regional Municipality","-63.61141172","44.60034866","(44.60034866, -63.61141172)"
"2754","4308","12 Lavender Walk","Halifax","1","283309","Metropolitan Regional Housing Authority","Halifax","Halifax Regional Municipality","-63.61136064","44.60031139","(44.60031139, -63.61136064)"
"2755","4308","14 Lavender Walk","Halifax","1","283309","Metropolitan Regional Housing Authority","Halifax","Halifax Regional Municipality","-63.61129939","44.6002812","(44.6002812, -63.61129939)"
"2756","4308","20 Lavender Walk","Halifax","1","283309","Metropolitan Regional Housing Authority","Halifax","Halifax Regional Municipality","-63.61101455","44.60004051","(44.60004051, -63.61101455)"
"2757","4308","22 Lavender Walk","Halifax","1","283309","Metropolitan Regional Housing Authority","Halifax","Halifax Regional Municipality","-63.61104541","44.60000384","(44.60000384, -63.61104541)"
"2758","4308","23 Lavender Walk","Halifax","1","283309","Metropolitan Regional Housing Authority","Halifax","Halifax Regional Municipality","-63.61134892","44.60008627","(44.60008627, -63.61134892)"
"2759","4308","24 Lavender Walk","Halifax","1","283309","Metropolitan Regional Housing Authority","Halifax","Halifax Regional Municipality","-63.61109768","44.59996101","(44.59996101, -63.61109768)"
"2760","4308","25 Lavender Walk","Halifax","1","283309","Metropolitan Regional Housing Authority","Halifax","Halifax Regional Municipality","-63.61137982","44.60004512","(44.60004512, -63.61137982)"
"2761","4308","27 Lavender Walk","Halifax","1","283309","Metropolitan Regional Housing Authority","Halifax","Halifax Regional Municipality","-63.61141702","44.60000133","(44.60000133, -63.61141702)"
"2762","4308","28 Lavender Walk","Halifax","1","283309","Metropolitan Regional Housing Authority","Halifax","Halifax Regional Municipality","-63.61117908","44.59991035","(44.59991035, -63.61117908)"
"2763","4308","30 Lavender Walk","Halifax","1","283309","Metropolitan Regional Housing Authority","Halifax","Halifax Regional Municipality","-63.61125161","44.59986056","(44.59986056, -63.61125161)"
"2764","4308","31 Lavender Walk","Halifax","1","283309","Metropolitan Regional Housing Authority","Halifax","Halifax Regional Municipality","-63.61153494","44.59995007","(44.59995007, -63.61153494)"
"2765","4308","32 Lavender Walk","Halifax","1","283309","Metropolitan Regional Housing Authority","Halifax","Halifax Regional Municipality","-63.61129239","44.59983116","(44.59983116, -63.61129239)"
"2766","4308","33 Lavender Walk","Halifax","1","283309","Metropolitan Regional Housing Authority","Halifax","Halifax Regional Municipality","-63.61155574","44.59990793","(44.59990793, -63.61155574)"
"2767","4308","35 Lavender Walk","Halifax","1","283309","Metropolitan Regional Housing Authority","Halifax","Halifax Regional Municipality","-63.61158666","44.59986225","(44.59986225, -63.61158666)"
"2768","4308","36 Lavender Walk","Halifax","1","283309","Metropolitan Regional Housing Authority","Halifax","Halifax Regional Municipality","-63.61140546","44.59976725","(44.59976725, -63.61140546)"
"2769","4308","38 Lavender Walk","Halifax","1","283309","Metropolitan Regional Housing Authority","Halifax","Halifax Regional Municipality","-63.61144623","44.59973786","(44.59973786, -63.61144623)"
"2770","4308","40 Lavender Walk","Halifax","1","283309","Metropolitan Regional Housing Authority","Halifax","Halifax Regional Municipality","-63.61148711","44.59970218","(44.59970218, -63.61148711)"
"2771","4308","44 Lavender Walk","Halifax","1","283309","Metropolitan Regional Housing Authority","Halifax","Halifax Regional Municipality","-63.61155006","44.59962256","(44.59962256, -63.61155006)"
"2772","4308","46 Lavender Walk","Halifax","1","283309","Metropolitan Regional Housing Authority","Halifax","Halifax Regional Municipality","-63.61161103","44.59958706","(44.59958706, -63.61161103)"
"2773","4308","47 Lavender Walk","Halifax","1","283309","Metropolitan Regional Housing Authority","Halifax","Halifax Regional Municipality","-63.6119149","44.5997343","(44.5997343, -63.6119149)"
"2774","4308","48 Lavender Walk","Halifax","1","283309","Metropolitan Regional Housing Authority","Halifax","Halifax Regional Municipality","-63.61167329","44.59955063","(44.59955063, -63.61167329)"
"2775","4308","49 Lavender Walk","Halifax","1","283309","Metropolitan Regional Housing Authority","Halifax","Halifax Regional Municipality","-63.61193577","44.59968408","(44.59968408, -63.61193577)"
"2776","4308","51 Lavender Walk","Halifax","1","283309","Metropolitan Regional Housing Authority","Halifax","Halifax Regional Municipality","-63.61195654","44.59964735","(44.59964735, -63.61195654)"
"2777","4308","52 Lavender Walk","Halifax","1","283309","Metropolitan Regional Housing Authority","Halifax","Halifax Regional Municipality","-63.61176728","44.59942086","(44.59942086, -63.61176728)"
"2778","4308","54 Lavender Walk","Halifax","1","283309","Metropolitan Regional Housing Authority","Halifax","Halifax Regional Municipality","-63.61185826","44.59939997","(44.59939997, -63.61185826)"
"2779","4308","55 Lavender Walk","Halifax","1","283309","Metropolitan Regional Housing Authority","Halifax","Halifax Regional Municipality","-63.61205976","44.59956804","(44.59956804, -63.61205976)"
"2780","4308","56 Lavender Walk","Halifax","1","283309","Metropolitan Regional Housing Authority","Halifax","Halifax Regional Municipality","-63.61191002","44.59939318","(44.59939318, -63.61191002)"
"2781","4308","57 Lavender Walk","Halifax","1","283309","Metropolitan Regional Housing Authority","Halifax","Halifax Regional Municipality","-63.61212081","44.59953248","(44.59953248, -63.61212081)"
"2782","4308","59 Lavender Walk","Halifax","1","283309","Metropolitan Regional Housing Authority","Halifax","Halifax Regional Municipality","-63.612183","44.59949698","(44.59949698, -63.612183)"
"2783","4308","60 Lavender Walk","Halifax","1","283309","Metropolitan Regional Housing Authority","Halifax","Halifax Regional Municipality","-63.61198158","44.59932804","(44.59932804, -63.61198158)"
"2784","4308","62 Lavender Walk","Halifax","1","283309","Metropolitan Regional Housing Authority","Halifax","Halifax Regional Municipality","-63.61202367","44.59929236","(44.59929236, -63.61202367)"
"2785","4308","63 Lavender Walk","Halifax","1","283309","Metropolitan Regional Housing Authority","Halifax","Halifax Regional Municipality","-63.6122502","44.59938862","(44.59938862, -63.6122502)"
"2786","4308","64 Lavender Walk","Halifax","1","283309","Metropolitan Regional Housing Authority","Halifax","Halifax Regional Municipality","-63.61204349","44.59922773","(44.59922773, -63.61204349)"
"2787","4308","65 Lavender Walk","Halifax","1","283309","Metropolitan Regional Housing Authority","Halifax","Halifax Regional Municipality","-63.61231777","44.59933781","(44.59933781, -63.61231777)"
"2788","4308","67 Lavender Walk","Halifax","1","283309","Metropolitan Regional Housing Authority","Halifax","Halifax Regional Municipality","-63.61240043","44.59928447","(44.59928447, -63.61240043)"
"2789","4308","68 Lavender Walk","Halifax","1","283309","Metropolitan Regional Housing Authority","Halifax","Halifax Regional Municipality","-63.61215021","44.59917095","(44.59917095, -63.61215021)"
"2790","4308","71 Lavender Walk","Halifax","1","283309","Metropolitan Regional Housing Authority","Halifax","Halifax Regional Municipality","-63.61245405","44.59923809","(44.59923809, -63.61245405)"
"2791","4308","72 Lavender Walk","Halifax","1","283309","Metropolitan Regional Housing Authority","Halifax","Halifax Regional Municipality","-63.61218217","44.59913881","(44.59913881, -63.61218217)"
"2792","4308","73 Lavender Walk","Halifax","1","283309","Metropolitan Regional Housing Authority","Halifax","Halifax Regional Municipality","-63.61252158","44.5991846","(44.5991846, -63.61252158)"
"2793","4308","75 Lavender Walk","Halifax","1","283309","Metropolitan Regional Housing Authority","Halifax","Halifax Regional Municipality","-63.61258404","44.59913561","(44.59913561, -63.61258404)"
"2794","4308","76 Lavender Walk","Halifax","1","283309","Metropolitan Regional Housing Authority","Halifax","Halifax Regional Municipality","-63.61228915","44.59906134","(44.59906134, -63.61228915)"
"2795","4308","78 Lavender Walk","Halifax","1","283309","Metropolitan Regional Housing Authority","Halifax","Halifax Regional Municipality","-63.61234253","44.59903117","(44.59903117, -63.61234253)"
"2796","4308","80 Lavender Walk","Halifax","1","283309","Metropolitan Regional Housing Authority","Halifax","Halifax Regional Municipality","-63.6123834","44.59899544","(44.59899544, -63.6123834)"
"2797","4308","84 Lavender Walk","Halifax","1","283309","Metropolitan Regional Housing Authority","Halifax","Halifax Regional Municipality","-63.61255865","44.59890324","(44.59890324, -63.61255865)"
"2798","4308","86 Lavender Walk","Halifax","1","283309","Metropolitan Regional Housing Authority","Halifax","Halifax Regional Municipality","-63.61259936","44.59887471","(44.59887471, -63.61259936)"
"2799","4308","88 Lavender Walk","Halifax","1","283309","Metropolitan Regional Housing Authority","Halifax","Halifax Regional Municipality","-63.61267016","44.59886091","(44.59886091, -63.61267016)"
"2800","4308","92 Lavender Walk","Halifax","1","283309","Metropolitan Regional Housing Authority","Halifax","Halifax Regional Municipality","-63.61275302","44.59879582","(44.59879582, -63.61275302)"
"2801","4308","93 Lavender Walk","Halifax","1","283309","Metropolitan Regional Housing Authority","Halifax","Halifax Regional Municipality","-63.61296445","44.59897209","(44.59897209, -63.61296445)"
"2802","4308","15 Goldfinch Walk","Halifax","1","283309","Metropolitan Regional Housing Authority","Halifax","Halifax Regional Municipality","-63.61280109","44.60175899","(44.60175899, -63.61280109)"
"2803","4308","94 Lavender Walk","Halifax","1","283309","Metropolitan Regional Housing Authority","Halifax","Halifax Regional Municipality","-63.61280373","44.59877463","(44.59877463, -63.61280373)"
"2804","4308","96 Lavender Walk","Halifax","1","283309","Metropolitan Regional Housing Authority","Halifax","Halifax Regional Municipality","-63.61286608","44.59873099","(44.59873099, -63.61286608)"
"2805","4308","95 Lavender Walk","Halifax","1","283309","Metropolitan Regional Housing Authority","Halifax","Halifax Regional Municipality","-63.61302533","44.59894375","(44.59894375, -63.61302533)"
"2806","4308","97 Lavender Walk","Halifax","1","283309","Metropolitan Regional Housing Authority","Halifax","Halifax Regional Municipality","-63.61309751","44.5989218","(44.5989218, -63.61309751)"
"2807","4308","100 Lavender Walk","Halifax","1","283309","Metropolitan Regional Housing Authority","Halifax","Halifax Regional Municipality","-63.61301907","44.59869616","(44.59869616, -63.61301907)"
"2808","4308","101 Lavender Walk","Halifax","1","283309","Metropolitan Regional Housing Authority","Halifax","Halifax Regional Municipality","-63.61319997","44.59889381","(44.59889381, -63.61319997)"
"2809","4308","102 Lavender Walk","Halifax","1","283309","Metropolitan Regional Housing Authority","Halifax","Halifax Regional Municipality","-63.61313136","44.59868265","(44.59868265, -63.61313136)"
"2810","4308","103 Lavender Walk","Halifax","1","283309","Metropolitan Regional Housing Authority","Halifax","Halifax Regional Municipality","-63.6132706","44.59888715","(44.59888715, -63.6132706)"
"2811","4308","104 Lavender Walk","Halifax","1","283309","Metropolitan Regional Housing Authority","Halifax","Halifax Regional Municipality","-63.61322339","44.59867617","(44.59867617, -63.61322339)"
"2812","4308","105 Lavender Walk","Halifax","1","283309","Metropolitan Regional Housing Authority","Halifax","Halifax Regional Municipality","-63.61334227","44.59889491","(44.59889491, -63.61334227)"
"2813","4308","108 Lavender Walk","Halifax","1","283309","Metropolitan Regional Housing Authority","Halifax","Halifax Regional Municipality","-63.61334577","44.59866273","(44.59866273, -63.61334577)"
"2814","4308","112 Lavender Walk","Halifax","1","283309","Metropolitan Regional Housing Authority","Halifax","Halifax Regional Municipality","-63.61348824","44.59865662","(44.59865662, -63.61348824)"
"2815","4308","110 Lavender Walk","Halifax","1","283309","Metropolitan Regional Housing Authority","Halifax","Halifax Regional Municipality","-63.61341648","44.59865607","(44.59865607, -63.61341648)"
"2816","4308","115 Lavender Walk","Halifax","1","283309","Metropolitan Regional Housing Authority","Halifax","Halifax Regional Municipality","-63.6136769","44.5989263","(44.5989263, -63.6136769)"
"2817","4308","113 Lavender Walk","Halifax","1","283309","Metropolitan Regional Housing Authority","Halifax","Halifax Regional Municipality","-63.61361594","44.59895552","(44.59895552, -63.61361594)"
"2818","4308","116 Lavender Walk","Halifax","1","283309","Metropolitan Regional Housing Authority","Halifax","Halifax Regional Municipality","-63.61367123","44.59863558","(44.59863558, -63.61367123)"
"2819","4308","117 Lavender Walk","Halifax","1","283309","Metropolitan Regional Housing Authority","Halifax","Halifax Regional Municipality","-63.61374917","44.59889086","(44.59889086, -63.61374917)"
"2820","4308","118 Lavender Walk","Halifax","1","283309","Metropolitan Regional Housing Authority","Halifax","Halifax Regional Municipality","-63.61372282","44.59863594","(44.59863594, -63.61372282)"
"2821","4308","120 Lavender Walk","Halifax","1","283309","Metropolitan Regional Housing Authority","Halifax","Halifax Regional Municipality","-63.61380345","44.59863655","(44.59863655, -63.61380345)"
"2822","4308","123 Lavender Walk","Halifax","1","283309","Metropolitan Regional Housing Authority","Halifax","Halifax Regional Municipality","-63.61393226","44.59886349","(44.59886349, -63.61393226)"
"2823","4308","121 Lavender Walk","Halifax","1","283309","Metropolitan Regional Housing Authority","Halifax","Halifax Regional Municipality","-63.61384032","44.59886276","(44.59886276, -63.61384032)"
"2824","4308","124 Lavender Walk","Halifax","1","283309","Metropolitan Regional Housing Authority","Halifax","Halifax Regional Municipality","-63.61392565","44.59863752","(44.59863752, -63.61392565)"
"2825","4308","125 Lavender Walk","Halifax","1","283309","Metropolitan Regional Housing Authority","Halifax","Halifax Regional Municipality","-63.61400403","44.59886403","(44.59886403, -63.61400403)"
"2826","4308","126 Lavender Walk","Halifax","1","283309","Metropolitan Regional Housing Authority","Halifax","Halifax Regional Municipality","-63.61399742","44.59863807","(44.59863807, -63.61399742)"
"2827","4308","128 Lavender Walk","Halifax","1","283309","Metropolitan Regional Housing Authority","Halifax","Halifax Regional Municipality","-63.61405787","44.59863856","(44.59863856, -63.61405787)"
"2828","4308","132 Lavender Walk","Halifax","1","283309","Metropolitan Regional Housing Authority","Halifax","Halifax Regional Municipality","-63.61423584","44.59869666","(44.59869666, -63.61423584)"
"2829","4308","134 Lavender Walk","Halifax","1","283309","Metropolitan Regional Housing Authority","Halifax","Halifax Regional Municipality","-63.61432736","44.59872703","(44.59872703, -63.61432736)"
"2830","4308","136 Lavender Walk","Halifax","1","283309","Metropolitan Regional Housing Authority","Halifax","Halifax Regional Municipality","-63.61441878","44.59876374","(44.59876374, -63.61441878)"
"2831","4308","140 Lavender Walk","Halifax","1","283309","Metropolitan Regional Housing Authority","Halifax","Halifax Regional Municipality","-63.6145089","44.59880046","(44.59880046, -63.6145089)"
"2832","4308","142 Lavender Walk","Halifax","1","283309","Metropolitan Regional Housing Authority","Halifax","Halifax Regional Municipality","-63.61458033","44.5988235","(44.5988235, -63.61458033)"
"2833","4308","144 Lavender Walk","Halifax","1","283309","Metropolitan Regional Housing Authority","Halifax","Halifax Regional Municipality","-63.61465045","44.59885282","(44.59885282, -63.61465045)"
"2834","4308","148 Lavender Walk","Halifax","1","283309","Metropolitan Regional Housing Authority","Halifax","Halifax Regional Municipality","-63.61476542","44.59899322","(44.59899322, -63.61476542)"
"2835","4308","150 Lavender Walk","Halifax","1","283309","Metropolitan Regional Housing Authority","Halifax","Halifax Regional Municipality","-63.61475335","44.59904444","(44.59904444, -63.61475335)"
"2836","4308","152 Lavender Walk","Halifax","1","283309","Metropolitan Regional Housing Authority","Halifax","Halifax Regional Municipality","-63.6147424","44.59910198","(44.59910198, -63.6147424)"
"2837","4308","156 Lavender Walk","Halifax","1","283309","Metropolitan Regional Housing Authority","Halifax","Halifax Regional Municipality","-63.61474096","44.59919645","(44.59919645, -63.61474096)"
"2838","4308","158 Lavender Walk","Halifax","1","283309","Metropolitan Regional Housing Authority","Halifax","Halifax Regional Municipality","-63.6147302","44.59924045","(44.59924045, -63.6147302)"
"2839","4308","160 Lavender Walk","Halifax","1","283309","Metropolitan Regional Housing Authority","Halifax","Halifax Regional Municipality","-63.61471934","44.59929079","(44.59929079, -63.61471934)"
"2840","4316","2452 Gottingen St","Halifax","4","148783","Metropolitan Regional Housing Authority","Halifax","Halifax Regional Municipality","-63.58952818","44.65599615","(44.65599615, -63.58952818)"
"2841","4316","2560 Gottingen St","Halifax","3","169730","Metropolitan Regional Housing Authority","Halifax","Halifax Regional Municipality","-63.59113138","44.6570907","(44.6570907, -63.59113138)"
"2842","4316","2448 Gottingen St","Halifax","4","148783","Metropolitan Regional Housing Authority","Halifax","Halifax Regional Municipality","-63.58942479","44.65591885","(44.65591885, -63.58942479)"
"2843","4316","5663 Cunard St","Halifax","1","158154","Metropolitan Regional Housing Authority","Halifax","Halifax Regional Municipality","-63.5875067","44.65231892","(44.65231892, -63.5875067)"
"2844","4316","5665 Cunard St","Halifax","1","158154","Metropolitan Regional Housing Authority","Halifax","Halifax Regional Municipality","-63.5875511","44.65229677","(44.65229677, -63.5875511)"
"2845","4316","5667 Cunard St","Halifax","1","158154","Metropolitan Regional Housing Authority","Halifax","Halifax Regional Municipality","-63.58759069","44.65226559","(44.65226559, -63.58759069)"
"2846","4316","5669 Cunard St","Halifax","1","158154","Metropolitan Regional Housing Authority","Halifax","Halifax Regional Municipality","-63.58763528","44.65223804","(44.65223804, -63.58763528)"
"2847","4316","5671 Cunard St","Halifax","1","158154","Metropolitan Regional Housing Authority","Halifax","Halifax Regional Municipality","-63.58767599","44.65221318","(44.65221318, -63.58767599)"
"2848","4316","2023 Maynard St","Halifax","1","159319","Metropolitan Regional Housing Authority","Halifax","Halifax Regional Municipality","-63.58373956","44.6503817","(44.6503817, -63.58373956)"
"2849","4316","2025 Maynard St","Halifax","1","159319","Metropolitan Regional Housing Authority","Halifax","Halifax Regional Municipality","-63.58375037","44.6504196","(44.6504196, -63.58375037)"
"2850","4316","2027 Maynard St","Halifax","1","159319","Metropolitan Regional Housing Authority","Halifax","Halifax Regional Municipality","-63.58377993","44.65046031","(44.65046031, -63.58377993)"
"2851","4316","2103 Maynard St","Halifax","1","158790","Metropolitan Regional Housing Authority","Halifax","Halifax Regional Municipality","-63.58485948","44.65108186","(44.65108186, -63.58485948)"
"2852","4316","2105 Maynard St","Halifax","1","158790","Metropolitan Regional Housing Authority","Halifax","Halifax Regional Municipality","-63.58489437","44.65111004","(44.65111004, -63.58489437)"
"2853","4316","2107 Maynard St","Halifax","1","158790","Metropolitan Regional Housing Authority","Halifax","Halifax Regional Municipality","-63.58493301","44.65113827","(44.65113827, -63.58493301)"
"2854","4318","2533 Gottingen St","Halifax","1","40268484","Metropolitan Regional Housing Authority","Halifax","Halifax Regional Municipality","-63.59019838","44.65692486","(44.65692486, -63.59019838)"
"2855","4318","2531 Gottingen St","Halifax","1","40268484","Metropolitan Regional Housing Authority","Halifax","Halifax Regional Municipality","-63.5901622","44.65689848","(44.65689848, -63.5901622)"
"2856","4318","2535 Gottingen St","Halifax","1","40268484","Metropolitan Regional Housing Authority","Halifax","Halifax Regional Municipality","-63.59024338","44.65694596","(44.65694596, -63.59024338)"
"2857","4318","2537 Gottingen St","Halifax","1","40268484","Metropolitan Regional Housing Authority","Halifax","Halifax Regional Municipality","-63.59029341","44.65697244","(44.65697244, -63.59029341)"
"2858","4318","2539 Gottingen St","Halifax","1","40268484","Metropolitan Regional Housing Authority","Halifax","Halifax Regional Municipality","-63.59032825","44.6570033","(44.6570033, -63.59032825)"
"2859","4318","2541 Gottingen St","Halifax","1","40268484","Metropolitan Regional Housing Authority","Halifax","Halifax Regional Municipality","-63.59036063","44.6570315","(44.6570315, -63.59036063)"
"2860","4318","2023 Bauer St","Halifax","1","159822","Metropolitan Regional Housing Authority","Halifax","Halifax Regional Municipality","-63.58450767","44.65020246","(44.65020246, -63.58450767)"
"2861","4318","2025 Bauer St","Halifax","1","159822","Metropolitan Regional Housing Authority","Halifax","Halifax Regional Municipality","-63.58452228","44.65023854","(44.65023854, -63.58452228)"
"2862","4318","1 Greystone Dr","Halifax","1","40098741","Metropolitan Regional Housing Authority","Halifax","Halifax Regional Municipality","-63.61156609","44.60319838","(44.60319838, -63.61156609)"
"2863","4318","3 Greystone Dr","Halifax","1","40098741","Metropolitan Regional Housing Authority","Halifax","Halifax Regional Municipality","-63.61160843","44.60314648","(44.60314648, -63.61160843)"
"2864","4318","7 Greystone Dr","Halifax","1","40098741","Metropolitan Regional Housing Authority","Halifax","Halifax Regional Municipality","-63.61170268","44.60308064","(44.60308064, -63.61170268)"
"2865","4308","15 Orange Walk","Halifax","1","283309","Metropolitan Regional Housing Authority","Halifax","Halifax Regional Municipality","-63.61078506","44.60038661","(44.60038661, -63.61078506)"
"2866","4320","6 Forbes St","Halifax","1","40095952","Metropolitan Regional Housing Authority","Halifax","Halifax Regional Municipality","-63.60912709","44.60279325","(44.60279325, -63.60912709)"
"2867","4320","8 Forbes St","Halifax","1","40095952","Metropolitan Regional Housing Authority","Halifax","Halifax Regional Municipality","-63.60918703","44.60282972","(44.60282972, -63.60918703)"
"2868","4320","10 Forbes St","Halifax","1","40095952","Metropolitan Regional Housing Authority","Halifax","Halifax Regional Municipality","-63.60925584","44.60285906","(44.60285906, -63.60925584)"
"2869","4308","6 Cranberry Crt","Halifax","1","283309","Metropolitan Regional Housing Authority","Halifax","Halifax Regional Municipality","-63.61285376","44.59989362","(44.59989362, -63.61285376)"
"2870","4320","12 Forbes St","Halifax","1","40095952","Metropolitan Regional Housing Authority","Halifax","Halifax Regional Municipality","-63.60929564","44.60289175","(44.60289175, -63.60929564)"
"2871","4320","14 Forbes St","Halifax","1","40095952","Metropolitan Regional Housing Authority","Halifax","Halifax Regional Municipality","-63.60939969","44.60300687","(44.60300687, -63.60939969)"
"2872","4308","4 Indigo Walk","Halifax","1","283309","Metropolitan Regional Housing Authority","Halifax","Halifax Regional Municipality","-63.6140546","44.59975756","(44.59975756, -63.6140546)"
"2873","4320","16 Forbes St","Halifax","1","40095952","Metropolitan Regional Housing Authority","Halifax","Halifax Regional Municipality","-63.60932845","44.60305671","(44.60305671, -63.60932845)"
"2874","4308","6 Indigo Walk","Halifax","1","283309","Metropolitan Regional Housing Authority","Halifax","Halifax Regional Municipality","-63.61408469","44.59979141","(44.59979141, -63.61408469)"
"2875","4320","18 Forbes St","Halifax","1","40095952","Metropolitan Regional Housing Authority","Halifax","Halifax Regional Municipality","-63.60928277","44.60307707","(44.60307707, -63.60928277)"
"2876","4320","20 Forbes St","Halifax","1","40095952","Metropolitan Regional Housing Authority","Halifax","Halifax Regional Municipality","-63.60925211","44.60310205","(44.60310205, -63.60925211)"
"2877","4320","8 Greystone Dr","Halifax","1","40098816","Metropolitan Regional Housing Authority","Halifax","Halifax Regional Municipality","-63.61161535","44.60244183","(44.60244183, -63.61161535)"
"2878","4308","70 Lavender Walk","Halifax","1","283309","Metropolitan Regional Housing Authority","Halifax","Halifax Regional Municipality","-63.61207842","44.59926448","(44.59926448, -63.61207842)"
"2879","4308","7 Orange Walk","Halifax","1","283309","Metropolitan Regional Housing Authority","Halifax","Halifax Regional Municipality","-63.61129796","44.60067773","(44.60067773, -63.61129796)"
"2880","4320","10 Greystone Dr","Halifax","1","40098816","Metropolitan Regional Housing Authority","Halifax","Halifax Regional Municipality","-63.61166795","44.60238377","(44.60238377, -63.61166795)"
"2881","4321","2398 Maynard St","Halifax","1","152033","Metropolitan Regional Housing Authority","Halifax","Halifax Regional Municipality","-63.58899341","44.65359254","(44.65359254, -63.58899341)"
"2882","4321","2400 Maynard St","Halifax","1","152033","Metropolitan Regional Housing Authority","Halifax","Halifax Regional Municipality","-63.58904203","44.65362536","(44.65362536, -63.58904203)"
"2883","4321","5656 West St","Halifax","1","152033","Metropolitan Regional Housing Authority","Halifax","Halifax Regional Municipality","-63.58915219","44.65359922","(44.65359922, -63.58915219)"
"2884","4321","5658 West St","Halifax","1","152033","Metropolitan Regional Housing Authority","Halifax","Halifax Regional Municipality","-63.58919543","44.65357528","(44.65357528, -63.58919543)"
"2885","4349","28 Gebhardt St","Halifax","4","322081","Metropolitan Regional Housing Authority","Halifax","Halifax Regional Municipality","-63.64130202","44.65802355","(44.65802355, -63.64130202)"
"2886","4438","5 Sandlewood Terr","Eastern Passage","1","40016735","Metropolitan Regional Housing Authority","Halifax","Halifax Regional Municipality","-63.48284663","44.61416297","(44.61416297, -63.48284663)"
"2887","4438","7 Sandlewood Terr","Eastern Passage","1","40016735","Metropolitan Regional Housing Authority","Halifax","Halifax Regional Municipality","-63.48278669","44.61420652","(44.61420652, -63.48278669)"
"2888","4318","5 Greystone Dr","Halifax","1","40098741","Metropolitan Regional Housing Authority","Halifax","Halifax Regional Municipality","-63.61167069","44.60311005","(44.60311005, -63.61167069)"
"2889","4439","4 Rankin Dr","Lower Sackville","1","635326","Metropolitan Regional Housing Authority","Halifax","Halifax Regional Municipality","-63.68441077","44.77999267","(44.77999267, -63.68441077)"
"2890","4439","8 Rankin Dr","Lower Sackville","1","629808","Metropolitan Regional Housing Authority","Halifax","Halifax Regional Municipality","-63.68433643","44.78015232","(44.78015232, -63.68433643)"
"2891","4440","17 William St","East Preston","1","40334070","Metropolitan Regional Housing Authority","Halifax","Halifax Regional Municipality","-63.40656518","44.73147987","(44.73147987, -63.40656518)"
"2892","4440","21 William St","East Preston","1","40334088","Metropolitan Regional Housing Authority","Halifax","Halifax Regional Municipality","-63.40593061","44.73165377","(44.73165377, -63.40593061)"
"2893","4445","270 East River Rd","Sheet Harbour","1","40359143","Metropolitan Regional Housing Authority","Halifax","Halifax Regional Municipality","-62.50529803","44.92495999","(44.92495999, -62.50529803)"
"2894","4445","260 East River Rd","Sheet Harbour","1","40359150","Metropolitan Regional Housing Authority","Halifax","Halifax Regional Municipality","-62.50572361","44.92466773","(44.92466773, -62.50572361)"
"2895","4445","1139 Prospect Bay Rd","Prospect","1","334896","Metropolitan Regional Housing Authority","Halifax","Halifax Regional Municipality","-63.7976484","44.48668053","(44.48668053, -63.7976484)"
"2896","4447","238 Cobequid Rd","Lower Sackville","1","356832","Metropolitan Regional Housing Authority","Halifax","Halifax Regional Municipality","-63.65891954","44.76063858","(44.76063858, -63.65891954)"
"2897","4445","1171 Prospect Bay Rd","Prospect","1","40381907","Metropolitan Regional Housing Authority","Halifax","Halifax Regional Municipality","-63.7972385","44.48522002","(44.48522002, -63.7972385)"
"2898","4447","240 Cobequid Rd","Lower Sackville","1","356832","Metropolitan Regional Housing Authority","Halifax","Halifax Regional Municipality","-63.65884176","44.7606857","(44.7606857, -63.65884176)"
"2899","4447","6 Nelson Dr","Lower Sackville","1","356824","Metropolitan Regional Housing Authority","Halifax","Halifax Regional Municipality","-63.65895388","44.7607963","(44.7607963, -63.65895388)"
"2900","4447","8 Nelson Dr","Lower Sackville","1","356824","Metropolitan Regional Housing Authority","Halifax","Halifax Regional Municipality","-63.65901139","44.76083811","(44.76083811, -63.65901139)"
"2901","4448","18 Sami Dr","Lower Sackville","1","40390890","Metropolitan Regional Housing Authority","Halifax","Halifax Regional Municipality","-63.67262816","44.75908187","(44.75908187, -63.67262816)"
"2902","4448","20 Sami Dr","Lower Sackville","1","40373698","Metropolitan Regional Housing Authority","Halifax","Halifax Regional Municipality","-63.67267582","44.75902015","(44.75902015, -63.67267582)"
"2903","4448","26 Lakehead Crt","Lower Sackville","1","40418451","Metropolitan Regional Housing Authority","Halifax","Halifax Regional Municipality","-63.67263024","44.77858042","(44.77858042, -63.67263024)"
"2904","4448","28 Lakehead Crt","Lower Sackville","1","40454845","Metropolitan Regional Housing Authority","Halifax","Halifax Regional Municipality","-63.67258258","44.778644","(44.778644, -63.67258258)"
"2905","4448","41 Armoyan Dr","Lower Sackville","1","40374100","Metropolitan Regional Housing Authority","Halifax","Halifax Regional Municipality","-63.67385318","44.75962986","(44.75962986, -63.67385318)"
"2906","4448","43 Armoyan Dr","Lower Sackville","1","40416737","Metropolitan Regional Housing Authority","Halifax","Halifax Regional Municipality","-63.67394295","44.75962509","(44.75962509, -63.67394295)"
"2907","4448","114 Briarwood Dr","Eastern Passage","1","40402976","Metropolitan Regional Housing Authority","Halifax","Halifax Regional Municipality","-63.4812478","44.61488217","(44.61488217, -63.4812478)"
"2908","4448","122 Briarwood Dr","Eastern Passage","1","40402950","Metropolitan Regional Housing Authority","Halifax","Halifax Regional Municipality","-63.48094983","44.61513332","(44.61513332, -63.48094983)"
"2909","4448","124 Briarwood Dr","Eastern Passage","1","40402950","Metropolitan Regional Housing Authority","Halifax","Halifax Regional Municipality","-63.48097865","44.61506606","(44.61506606, -63.48097865)"
"2910","4448","116 Briarwood Dr","Eastern Passage","1","40402976","Metropolitan Regional Housing Authority","Halifax","Halifax Regional Municipality","-63.48126157","44.61481481","(44.61481481, -63.48126157)"
"2911","4448","261 Powers Rd","Whites Lake","1","40351199","Metropolitan Regional Housing Authority","Halifax","Halifax Regional Municipality","-63.76504531","44.51593245","(44.51593245, -63.76504531)"
"2912","4448","283 Powers Rd","Whites Lake","1","40351165","Metropolitan Regional Housing Authority","Halifax","Halifax Regional Municipality","-63.76563339","44.51518024","(44.51518024, -63.76563339)"
"2913","4459","54 West Jeddore Rd","Head of Jeddore","1","40393969","Metropolitan Regional Housing Authority","Halifax","Halifax Regional Municipality","-63.07776185","44.77637187","(44.77637187, -63.07776185)"
"2914","4455","320 East River Rd","Sheet Harbour","1","40359101","Metropolitan Regional Housing Authority","Halifax","Halifax Regional Municipality","-62.50391486","44.92718472","(44.92718472, -62.50391486)"
"2915","4455","326 East River Rd","Sheet Harbour","1","40359093","Metropolitan Regional Housing Authority","Halifax","Halifax Regional Municipality","-62.50374134","44.92743907","(44.92743907, -62.50374134)"
"2916","4467","28 Neilson Dr","Westphal","1","653824","Metropolitan Regional Housing Authority","Halifax","Halifax Regional Municipality","-63.4705165","44.7043966","(44.7043966, -63.4705165)"
"2917","4467","30 Neilson Dr","Westphal","1","653840","Metropolitan Regional Housing Authority","Halifax","Halifax Regional Municipality","-63.47078083","44.70465005","(44.70465005, -63.47078083)"
"2918","4464","1 Nelson Dr","Lower Sackville","1","355933","Metropolitan Regional Housing Authority","Halifax","Halifax Regional Municipality","-63.65853067","44.76105868","(44.76105868, -63.65853067)"
"2919","4464","3 Nelson Dr","Lower Sackville","1","355933","Metropolitan Regional Housing Authority","Halifax","Halifax Regional Municipality","-63.65857797","44.76110671","(44.76110671, -63.65857797)"
"2920","4464","11 William Nelson Dr","Beaver Bank","2","40414450","Metropolitan Regional Housing Authority","Halifax","Halifax Regional Municipality","-63.66674019","44.84269961","(44.84269961, -63.66674019)"
"2921","4474","19 Osborne Dr","Eastern Passage","1","40402810","Metropolitan Regional Housing Authority","Halifax","Halifax Regional Municipality","-63.47021999","44.60391778","(44.60391778, -63.47021999)"
"2922","4474","42 Mountain Maple Dr","Timberlea","1","40446502","Metropolitan Regional Housing Authority","Halifax","Halifax Regional Municipality","-63.74090996","44.65649744","(44.65649744, -63.74090996)"
"2923","4474","156 Silistria Dr","Cole Harbour","1","40448326","Metropolitan Regional Housing Authority","Halifax","Halifax Regional Municipality","-63.48640547","44.67342676","(44.67342676, -63.48640547)"
"2924","4469","9259 Highway 7","Head of Jeddore","1","604231","Metropolitan Regional Housing Authority","Halifax","Halifax Regional Municipality","-63.07622543","44.77863409","(44.77863409, -63.07622543)"
"2925","4475","47 Tillock Dr","Lower Sackville","1","361378","Metropolitan Regional Housing Authority","Halifax","Halifax Regional Municipality","-63.67522072","44.77040058","(44.77040058, -63.67522072)"
"2926","4475","49 Tillock Dr","Lower Sackville","1","361386","Metropolitan Regional Housing Authority","Halifax","Halifax Regional Municipality","-63.67526391","44.77047287","(44.77047287, -63.67526391)"
"2927","4475","54 Bruce Dr","Lower Sackville","1","40373102","Metropolitan Regional Housing Authority","Halifax","Halifax Regional Municipality","-63.68860317","44.76638362","(44.76638362, -63.68860317)"
"2928","4475","13 Tiger Maple Dr","Timberlea","1","40443921","Metropolitan Regional Housing Authority","Halifax","Halifax Regional Municipality","-63.74260691","44.6558382","(44.6558382, -63.74260691)"
"2929","4475","6 Odell Dr","Westphal","1","571109","Metropolitan Regional Housing Authority","Halifax","Halifax Regional Municipality","-63.4899106","44.69717382","(44.69717382, -63.4899106)"
"2930","4475","53 Ainslie Cres","Eastern Passage","1","40439762","Metropolitan Regional Housing Authority","Halifax","Halifax Regional Municipality","-63.47801322","44.60562395","(44.60562395, -63.47801322)"
"2931","4475","28 Briarwood Dr","Eastern Passage","1","368787","Metropolitan Regional Housing Authority","Halifax","Halifax Regional Municipality","-63.48564047","44.61276398","(44.61276398, -63.48564047)"
"2932","4475","16 Sandlewood Terr","Eastern Passage","1","40016677","Metropolitan Regional Housing Authority","Halifax","Halifax Regional Municipality","-63.48250543","44.61487268","(44.61487268, -63.48250543)"
"2933","4478","7 Adele Crt","Eastern Passage","1","40380727","Metropolitan Regional Housing Authority","Halifax","Halifax Regional Municipality","-63.47182342","44.60350562","(44.60350562, -63.47182342)"
"2934","4478","1389 Cole Harbour Rd","Cole Harbour","1","40434912","Metropolitan Regional Housing Authority","Halifax","Halifax Regional Municipality","-63.47259783","44.67288847","(44.67288847, -63.47259783)"
"2935","4478","24 Malik Crt","Lower Sackville","1","40441818","Metropolitan Regional Housing Authority","Halifax","Halifax Regional Municipality","-63.66156492","44.75982824","(44.75982824, -63.66156492)"
"2936","4506","28 Wardour St","Bedford","1","415356","Metropolitan Regional Housing Authority","Halifax","Halifax Regional Municipality","-63.65651999","44.7288225","(44.7288225, -63.65651999)"
"2937","4506","1078 Bedford Hwy","Bedford","1","434662","Metropolitan Regional Housing Authority","Halifax","Halifax Regional Municipality","-63.67413167","44.71913986","(44.71913986, -63.67413167)"
"2938","4912","37 Davis Ave","Upper Rawdon","1","45129905","Cobequid Housing Authority","Hants","East Hants","-63.70489049","45.00514319","(45.00514319, -63.70489049)"
"2939","4914","8416 Highway 215","Selma","1","45068137","Cobequid Housing Authority","Hants","East Hants","-63.51581584","45.32222473","(45.32222473, -63.51581584)"
"2940","4916","11 Havenwood Dr","Shubenacadie","1","45212933","Cobequid Housing Authority","Hants","East Hants","-63.41500755","45.07906056","(45.07906056, -63.41500755)"
"2941","4469","1864 Highway 7","East Preston","1","40520124","Metropolitan Regional Housing Authority","Halifax","Halifax Regional Municipality","-63.43889383","44.71223691","(44.71223691, -63.43889383)"
"2942","4917","1433 Highway 2","Lantz","1","45005774","Cobequid Housing Authority","Hants","East Hants","-63.4640671","44.99867681","(44.99867681, -63.4640671)"
"2943","4912","7414 Highway 14","Nine Mile River","1","45123551","Cobequid Housing Authority","Hants","East Hants","-63.54552117","45.02511569","(45.02511569, -63.54552117)"
"2944",,"7 Willowdale Dr","Glace Bay","1","15389323","Cape Breton Island Housing Authority","Cape Breton","Cape Breton Regional Municipality","-59.96548187","46.20036067","(46.20036067, -59.96548187)"
"2945",,"105 Connaught Ave","Glace Bay","1","15451040","Cape Breton Island Housing Authority","Cape Breton","Cape Breton Regional Municipality","-59.97769053","46.21485178","(46.21485178, -59.97769053)"
"2946",,"1126 Main St","Glace Bay","1","15451966","Cape Breton Island Housing Authority","Cape Breton","Cape Breton Regional Municipality","-59.98645298","46.20221446","(46.20221446, -59.98645298)"
"2947",,"119 Taylor St","Sydney","1","15159015","Cape Breton Island Housing Authority","Cape Breton","Cape Breton Regional Municipality","-60.19032606","46.16720572","(46.16720572, -60.19032606)"
