sample_date,sample_time,sample_year,location_id,location,analyte,sample_fraction,result_unit,result_value,guideline_unit,guideline_threshold,guideline_direction,row_class,is_evaluated,is_pass,is_non_detect,is_censored_above
2020-04-16,10:00,2020,NS01DH0002,Salmon River at Murray,Arsenic,Dissolved,ug/l,,,,,wrong_fraction,0,,1,
2020-09-10,11:45,2020,NS01DH0002,Salmon River at Murray,Arsenic,Dissolved,ug/l,,,,,wrong_fraction,0,,1,
2022-04-26,15:55,2022,NS01DH0002,Salmon River at Murray,Arsenic,Dissolved,ug/l,,,,,wrong_fraction,0,,1,
2022-08-10,10:05,2022,NS01DH0002,Salmon River at Murray,Arsenic,Dissolved,ug/l,,,,,wrong_fraction,0,,1,
2022-10-25,10:15,2022,NS01DH0002,Salmon River at Murray,Arsenic,Dissolved,ug/l,,,,,wrong_fraction,0,,1,
2022-11-28,12:10,2022,NS01DH0002,Salmon River at Murray,Arsenic,Dissolved,ug/l,,,,,wrong_fraction,0,,1,
2023-05-03,13:00,2023,NS01DH0002,Salmon River at Murray,Arsenic,Dissolved,ug/l,,,,,wrong_fraction,0,,1,
2023-06-27,11:00,2023,NS01DH0002,Salmon River at Murray,Arsenic,Dissolved,ug/l,,,,,wrong_fraction,0,,1,
2023-09-07,15:30,2023,NS01DH0002,Salmon River at Murray,Arsenic,Dissolved,ug/l,,,,,wrong_fraction,0,,1,
2023-11-06,11:15,2023,NS01DH0002,Salmon River at Murray,Arsenic,Dissolved,ug/l,,,,,wrong_fraction,0,,1,
2024-04-16,14:45,2024,NS01DH0002,Salmon River at Murray,Arsenic,Dissolved,ug/l,,,,,wrong_fraction,0,,1,
2024-07-17,10:30,2024,NS01DH0002,Salmon River at Murray,Arsenic,Dissolved,ug/l,,,,,wrong_fraction,0,,1,
2024-09-17,12:40,2024,NS01DH0002,Salmon River at Murray,Arsenic,Dissolved,ug/l,,,,,wrong_fraction,0,,1,
2024-11-12,14:30,2024,NS01DH0002,Salmon River at Murray,Arsenic,Dissolved,ug/l,,,,,wrong_fraction,0,,1,
2019-06-24,12:45,2019,NS01DH0002,Salmon River at Murray,Arsenic,Total,ug/l,0.500000,ug/l,5.000,maximum,evaluated,1,1,1,0
2019-09-06,09:30,2019,NS01DH0002,Salmon River at Murray,Arsenic,Total,ug/l,0.500000,ug/l,5.000,maximum,evaluated,1,1,1,0
2019-10-21,10:25,2019,NS01DH0002,Salmon River at Murray,Arsenic,Total,ug/l,0.500000,ug/l,5.000,maximum,evaluated,1,1,1,0
2019-12-19,10:18,2019,NS01DH0002,Salmon River at Murray,Arsenic,Total,ug/l,0.500000,ug/l,5.000,maximum,evaluated,1,1,1,0
2020-04-16,10:00,2020,NS01DH0002,Salmon River at Murray,Arsenic,Total,ug/l,1.000000,ug/l,5.000,maximum,evaluated,1,1,1,0
2020-07-13,12:50,2020,NS01DH0002,Salmon River at Murray,Arsenic,Total,ug/l,1.000000,ug/l,5.000,maximum,evaluated,1,1,1,0
2020-09-10,11:45,2020,NS01DH0002,Salmon River at Murray,Arsenic,Total,ug/l,0.500000,ug/l,5.000,maximum,evaluated,1,1,1,0
2020-11-18,13:15,2020,NS01DH0002,Salmon River at Murray,Arsenic,Total,ug/l,0.500000,ug/l,5.000,maximum,evaluated,1,1,1,0
2021-06-28,11:00,2021,NS01DH0002,Salmon River at Murray,Arsenic,Total,ug/l,0.500000,ug/l,5.000,maximum,evaluated,1,1,1,0
2021-08-24,10:30,2021,NS01DH0002,Salmon River at Murray,Arsenic,Total,ug/l,0.500000,ug/l,5.000,maximum,evaluated,1,1,1,0
2021-10-11,16:00,2021,NS01DH0002,Salmon River at Murray,Arsenic,Total,ug/l,0.500000,ug/l,5.000,maximum,evaluated,1,1,1,0
2021-12-13,15:30,2021,NS01DH0002,Salmon River at Murray,Arsenic,Total,ug/l,0.500000,ug/l,5.000,maximum,evaluated,1,1,1,0
2022-04-26,15:55,2022,NS01DH0002,Salmon River at Murray,Arsenic,Total,ug/l,0.500000,ug/l,5.000,maximum,evaluated,1,1,1,0
2022-08-10,10:05,2022,NS01DH0002,Salmon River at Murray,Arsenic,Total,ug/l,0.500000,ug/l,5.000,maximum,evaluated,1,1,1,0
2022-10-25,10:15,2022,NS01DH0002,Salmon River at Murray,Arsenic,Total,ug/l,0.500000,ug/l,5.000,maximum,evaluated,1,1,1,0
2022-11-28,12:10,2022,NS01DH0002,Salmon River at Murray,Arsenic,Total,ug/l,0.500000,ug/l,5.000,maximum,evaluated,1,1,1,0
2023-05-03,13:00,2023,NS01DH0002,Salmon River at Murray,Arsenic,Total,ug/l,0.500000,ug/l,5.000,maximum,evaluated,1,1,1,0
2023-06-27,11:00,2023,NS01DH0002,Salmon River at Murray,Arsenic,Total,ug/l,0.500000,ug/l,5.000,maximum,evaluated,1,1,1,0
2023-09-07,15:30,2023,NS01DH0002,Salmon River at Murray,Arsenic,Total,ug/l,1.000000,ug/l,5.000,maximum,evaluated,1,1,1,0
2023-11-06,11:15,2023,NS01DH0002,Salmon River at Murray,Arsenic,Total,ug/l,0.500000,ug/l,5.000,maximum,evaluated,1,1,1,0
2024-04-16,14:45,2024,NS01DH0002,Salmon River at Murray,Arsenic,Total,ug/l,0.500000,ug/l,5.000,maximum,evaluated,1,1,1,0
2024-07-17,10:30,2024,NS01DH0002,Salmon River at Murray,Arsenic,Total,ug/l,0.500000,ug/l,5.000,maximum,evaluated,1,1,1,0
2024-09-17,12:40,2024,NS01DH0002,Salmon River at Murray,Arsenic,Total,ug/l,0.500000,ug/l,5.000,maximum,evaluated,1,1,1,0
2024-11-12,14:30,2024,NS01DH0002,Salmon River at Murray,Arsenic,Total,ug/l,0.500000,ug/l,5.000,maximum,evaluated,1,1,1,0
2020-04-16,10:00,2020,NS01DH0002,Salmon River at Murray,Boron,Dissolved,ug/l,,,,,wrong_fraction,0,,1,
2020-09-10,11:45,2020,NS01DH0002,Salmon River at Murray,Boron,Dissolved,ug/l,,,,,wrong_fraction,0,,1,
2022-04-26,15:55,2022,NS01DH0002,Salmon River at Murray,Boron,Dissolved,ug/l,,,,,wrong_fraction,0,,1,
2022-08-10,10:05,2022,NS01DH0002,Salmon River at Murray,Boron,Dissolved,ug/l,,,,,wrong_fraction,0,,1,
2022-10-25,10:15,2022,NS01DH0002,Salmon River at Murray,Boron,Dissolved,ug/l,,,,,wrong_fraction,0,,1,
2022-11-28,12:10,2022,NS01DH0002,Salmon River at Murray,Boron,Dissolved,ug/l,,,,,wrong_fraction,0,,1,
2023-05-03,13:00,2023,NS01DH0002,Salmon River at Murray,Boron,Dissolved,ug/l,,,,,wrong_fraction,0,,1,
2023-06-27,11:00,2023,NS01DH0002,Salmon River at Murray,Boron,Dissolved,ug/l,,,,,wrong_fraction,0,,1,
2023-09-07,15:30,2023,NS01DH0002,Salmon River at Murray,Boron,Dissolved,ug/l,,,,,wrong_fraction,0,,1,
2023-11-06,11:15,2023,NS01DH0002,Salmon River at Murray,Boron,Dissolved,ug/l,,,,,wrong_fraction,0,,1,
2024-04-16,14:45,2024,NS01DH0002,Salmon River at Murray,Boron,Dissolved,ug/l,,,,,wrong_fraction,0,,1,
2024-07-17,10:30,2024,NS01DH0002,Salmon River at Murray,Boron,Dissolved,ug/l,,,,,wrong_fraction,0,,1,
2024-09-17,12:40,2024,NS01DH0002,Salmon River at Murray,Boron,Dissolved,ug/l,,,,,wrong_fraction,0,,1,
2024-11-12,14:30,2024,NS01DH0002,Salmon River at Murray,Boron,Dissolved,ug/l,,,,,wrong_fraction,0,,1,
2019-06-24,12:45,2019,NS01DH0002,Salmon River at Murray,Boron,Total,ug/l,0.020000,mg/l,1.500,maximum,evaluated,1,1,1,0
2019-09-06,09:30,2019,NS01DH0002,Salmon River at Murray,Boron,Total,ug/l,0.020000,mg/l,1.500,maximum,evaluated,1,1,1,0
2019-10-21,10:25,2019,NS01DH0002,Salmon River at Murray,Boron,Total,ug/l,0.020000,mg/l,1.500,maximum,evaluated,1,1,1,0
2019-12-19,10:18,2019,NS01DH0002,Salmon River at Murray,Boron,Total,ug/l,0.020000,mg/l,1.500,maximum,evaluated,1,1,1,0
2020-04-16,10:00,2020,NS01DH0002,Salmon River at Murray,Boron,Total,ug/l,0.050000,mg/l,1.500,maximum,evaluated,1,1,1,0
2020-07-13,12:50,2020,NS01DH0002,Salmon River at Murray,Boron,Total,ug/l,0.050000,mg/l,1.500,maximum,evaluated,1,1,1,0
2020-09-10,11:45,2020,NS01DH0002,Salmon River at Murray,Boron,Total,ug/l,0.020000,mg/l,1.500,maximum,evaluated,1,1,1,0
2020-11-18,13:15,2020,NS01DH0002,Salmon River at Murray,Boron,Total,ug/l,0.020000,mg/l,1.500,maximum,evaluated,1,1,1,0
2021-06-28,11:00,2021,NS01DH0002,Salmon River at Murray,Boron,Total,ug/l,0.020000,mg/l,1.500,maximum,evaluated,1,1,1,0
2021-08-24,10:30,2021,NS01DH0002,Salmon River at Murray,Boron,Total,ug/l,0.020000,mg/l,1.500,maximum,evaluated,1,1,1,0
2021-10-11,16:00,2021,NS01DH0002,Salmon River at Murray,Boron,Total,ug/l,0.020000,mg/l,1.500,maximum,evaluated,1,1,1,0
2021-12-13,15:30,2021,NS01DH0002,Salmon River at Murray,Boron,Total,ug/l,0.020000,mg/l,1.500,maximum,evaluated,1,1,1,0
2022-04-26,15:55,2022,NS01DH0002,Salmon River at Murray,Boron,Total,ug/l,0.020000,mg/l,1.500,maximum,evaluated,1,1,1,0
2022-08-10,10:05,2022,NS01DH0002,Salmon River at Murray,Boron,Total,ug/l,0.020000,mg/l,1.500,maximum,evaluated,1,1,1,0
2022-10-25,10:15,2022,NS01DH0002,Salmon River at Murray,Boron,Total,ug/l,0.020000,mg/l,1.500,maximum,evaluated,1,1,1,0
2022-11-28,12:10,2022,NS01DH0002,Salmon River at Murray,Boron,Total,ug/l,0.020000,mg/l,1.500,maximum,evaluated,1,1,1,0
2023-05-03,13:00,2023,NS01DH0002,Salmon River at Murray,Boron,Total,ug/l,0.020000,mg/l,1.500,maximum,evaluated,1,1,1,0
2023-06-27,11:00,2023,NS01DH0002,Salmon River at Murray,Boron,Total,ug/l,0.020000,mg/l,1.500,maximum,evaluated,1,1,1,0
2023-09-07,15:30,2023,NS01DH0002,Salmon River at Murray,Boron,Total,ug/l,0.020000,mg/l,1.500,maximum,evaluated,1,1,1,0
2023-11-06,11:15,2023,NS01DH0002,Salmon River at Murray,Boron,Total,ug/l,0.020000,mg/l,1.500,maximum,evaluated,1,1,1,0
2024-04-16,14:45,2024,NS01DH0002,Salmon River at Murray,Boron,Total,ug/l,0.020000,mg/l,1.500,maximum,evaluated,1,1,1,0
2024-07-17,10:30,2024,NS01DH0002,Salmon River at Murray,Boron,Total,ug/l,0.020000,mg/l,1.500,maximum,evaluated,1,1,1,0
2024-09-17,12:40,2024,NS01DH0002,Salmon River at Murray,Boron,Total,ug/l,0.020000,mg/l,1.500,maximum,evaluated,1,1,1,0
2024-11-12,14:30,2024,NS01DH0002,Salmon River at Murray,Boron,Total,ug/l,0.020000,mg/l,1.500,maximum,evaluated,1,1,1,0
2019-06-24,12:45,2019,NS01DH0002,Salmon River at Murray,Chloride,Dissolved,mg/l,8.300000,mg/l,120.000,maximum,evaluated,1,1,0,
2019-09-06,09:30,2019,NS01DH0002,Salmon River at Murray,Chloride,Dissolved,mg/l,27.800000,mg/l,120.000,maximum,evaluated,1,1,0,
2019-10-21,10:25,2019,NS01DH0002,Salmon River at Murray,Chloride,Dissolved,mg/l,10.200000,mg/l,120.000,maximum,evaluated,1,1,0,
2019-12-19,10:18,2019,NS01DH0002,Salmon River at Murray,Chloride,Dissolved,mg/l,7.700000,mg/l,120.000,maximum,evaluated,1,1,0,
2020-04-16,10:00,2020,NS01DH0002,Salmon River at Murray,Chloride,Dissolved,mg/l,6.700000,mg/l,120.000,maximum,evaluated,1,1,0,
2020-07-13,12:50,2020,NS01DH0002,Salmon River at Murray,Chloride,Dissolved,mg/l,16.000000,mg/l,120.000,maximum,evaluated,1,1,0,
2020-09-10,11:45,2020,NS01DH0002,Salmon River at Murray,Chloride,Dissolved,mg/l,40.200000,mg/l,120.000,maximum,evaluated,1,1,0,
2020-11-18,13:15,2020,NS01DH0002,Salmon River at Murray,Chloride,Dissolved,mg/l,11.300000,mg/l,120.000,maximum,evaluated,1,1,0,
2021-06-28,11:00,2021,NS01DH0002,Salmon River at Murray,Chloride,Dissolved,mg/l,21.000000,mg/l,120.000,maximum,evaluated,1,1,0,
2021-08-24,10:30,2021,NS01DH0002,Salmon River at Murray,Chloride,Dissolved,mg/l,21.000000,mg/l,120.000,maximum,evaluated,1,1,0,
2021-10-11,16:00,2021,NS01DH0002,Salmon River at Murray,Chloride,Dissolved,mg/l,20.000000,mg/l,120.000,maximum,evaluated,1,1,0,
2021-12-13,15:30,2021,NS01DH0002,Salmon River at Murray,Chloride,Dissolved,mg/l,5.800000,mg/l,120.000,maximum,evaluated,1,1,0,
2022-04-26,15:55,2022,NS01DH0002,Salmon River at Murray,Chloride,Dissolved,mg/l,9.500000,mg/l,120.000,maximum,evaluated,1,1,0,
2022-08-10,10:05,2022,NS01DH0002,Salmon River at Murray,Chloride,Dissolved,mg/l,17.000000,mg/l,120.000,maximum,evaluated,1,1,0,
2022-10-25,10:15,2022,NS01DH0002,Salmon River at Murray,Chloride,Dissolved,mg/l,12.000000,mg/l,120.000,maximum,evaluated,1,1,0,
2022-11-28,12:10,2022,NS01DH0002,Salmon River at Murray,Chloride,Dissolved,mg/l,10.000000,mg/l,120.000,maximum,evaluated,1,1,0,
2023-05-03,13:00,2023,NS01DH0002,Salmon River at Murray,Chloride,Dissolved,mg/l,9.400000,mg/l,120.000,maximum,evaluated,1,1,0,
2023-06-27,11:00,2023,NS01DH0002,Salmon River at Murray,Chloride,Dissolved,mg/l,13.000000,mg/l,120.000,maximum,evaluated,1,1,0,
2023-09-07,15:30,2023,NS01DH0002,Salmon River at Murray,Chloride,Dissolved,mg/l,7.300000,mg/l,120.000,maximum,evaluated,1,1,0,
2023-11-06,11:15,2023,NS01DH0002,Salmon River at Murray,Chloride,Dissolved,mg/l,9.200000,mg/l,120.000,maximum,evaluated,1,1,0,
2024-04-16,14:45,2024,NS01DH0002,Salmon River at Murray,Chloride,Dissolved,mg/l,6.500000,mg/l,120.000,maximum,evaluated,1,1,0,
2024-07-17,10:30,2024,NS01DH0002,Salmon River at Murray,Chloride,Dissolved,mg/l,1.000000,mg/l,120.000,maximum,evaluated,1,1,1,0
2024-09-17,12:40,2024,NS01DH0002,Salmon River at Murray,Chloride,Dissolved,mg/l,26.100000,mg/l,120.000,maximum,evaluated,1,1,0,
2024-11-12,14:30,2024,NS01DH0002,Salmon River at Murray,Chloride,Dissolved,mg/l,18.800000,mg/l,120.000,maximum,evaluated,1,1,0,
2019-06-24,12:45,2019,NS01DH0002,Salmon River at Murray,Dissolved oxygen (DO),(not stated),mg/l,10.190000,mg/l,6.500,minimum,evaluated,1,1,0,
2019-09-06,09:30,2019,NS01DH0002,Salmon River at Murray,Dissolved oxygen (DO),(not stated),mg/l,10.160000,mg/l,6.500,minimum,evaluated,1,1,0,
2019-10-21,10:25,2019,NS01DH0002,Salmon River at Murray,Dissolved oxygen (DO),(not stated),mg/l,12.160000,mg/l,6.500,minimum,evaluated,1,1,0,
2019-12-19,10:18,2019,NS01DH0002,Salmon River at Murray,Dissolved oxygen (DO),(not stated),mg/l,14.390000,mg/l,6.500,minimum,evaluated,1,1,0,
2020-04-16,10:00,2020,NS01DH0002,Salmon River at Murray,Dissolved oxygen (DO),(not stated),mg/l,12.390000,mg/l,6.500,minimum,evaluated,1,1,0,
2020-07-13,12:50,2020,NS01DH0002,Salmon River at Murray,Dissolved oxygen (DO),(not stated),mg/l,9.070000,mg/l,6.500,minimum,evaluated,1,1,0,
2020-09-10,11:45,2020,NS01DH0002,Salmon River at Murray,Dissolved oxygen (DO),(not stated),mg/l,,mg/l,6.500,minimum,malformed,0,,0,
2020-11-18,13:15,2020,NS01DH0002,Salmon River at Murray,Dissolved oxygen (DO),(not stated),mg/l,12.770000,mg/l,6.500,minimum,evaluated,1,1,0,
2021-06-28,11:00,2021,NS01DH0002,Salmon River at Murray,Dissolved oxygen (DO),(not stated),mg/l,8.970000,mg/l,6.500,minimum,evaluated,1,1,0,
2021-08-24,10:30,2021,NS01DH0002,Salmon River at Murray,Dissolved oxygen (DO),(not stated),mg/l,8.670000,mg/l,6.500,minimum,evaluated,1,1,0,
2021-10-11,16:00,2021,NS01DH0002,Salmon River at Murray,Dissolved oxygen (DO),(not stated),mg/l,11.100000,mg/l,6.500,minimum,evaluated,1,1,0,
2021-12-13,15:30,2021,NS01DH0002,Salmon River at Murray,Dissolved oxygen (DO),(not stated),mg/l,12.460000,mg/l,6.500,minimum,evaluated,1,1,0,
2022-04-26,15:55,2022,NS01DH0002,Salmon River at Murray,Dissolved oxygen (DO),(not stated),mg/l,11.660000,mg/l,6.500,minimum,evaluated,1,1,0,
2022-08-10,10:05,2022,NS01DH0002,Salmon River at Murray,Dissolved oxygen (DO),(not stated),mg/l,9.530000,mg/l,6.500,minimum,evaluated,1,1,0,
2022-10-25,10:15,2022,NS01DH0002,Salmon River at Murray,Dissolved oxygen (DO),(not stated),mg/l,10.820000,mg/l,6.500,minimum,evaluated,1,1,0,
2022-11-28,12:10,2022,NS01DH0002,Salmon River at Murray,Dissolved oxygen (DO),(not stated),mg/l,11.620000,mg/l,6.500,minimum,evaluated,1,1,0,
2023-05-03,13:00,2023,NS01DH0002,Salmon River at Murray,Dissolved oxygen (DO),(not stated),mg/l,12.110000,mg/l,6.500,minimum,evaluated,1,1,0,
2023-06-27,11:00,2023,NS01DH0002,Salmon River at Murray,Dissolved oxygen (DO),(not stated),mg/l,10.080000,mg/l,6.500,minimum,evaluated,1,1,0,
2023-09-07,15:30,2023,NS01DH0002,Salmon River at Murray,Dissolved oxygen (DO),(not stated),mg/l,9.370000,mg/l,6.500,minimum,evaluated,1,1,0,
2023-11-06,11:15,2023,NS01DH0002,Salmon River at Murray,Dissolved oxygen (DO),(not stated),mg/l,12.320000,mg/l,6.500,minimum,evaluated,1,1,0,
2024-04-16,14:45,2024,NS01DH0002,Salmon River at Murray,Dissolved oxygen (DO),(not stated),mg/l,11.050000,mg/l,6.500,minimum,evaluated,1,1,0,
2024-07-17,10:30,2024,NS01DH0002,Salmon River at Murray,Dissolved oxygen (DO),(not stated),mg/l,8.890000,mg/l,6.500,minimum,evaluated,1,1,0,
2024-09-17,12:40,2024,NS01DH0002,Salmon River at Murray,Dissolved oxygen (DO),(not stated),mg/l,10.540000,mg/l,6.500,minimum,evaluated,1,1,0,
2024-11-12,14:30,2024,NS01DH0002,Salmon River at Murray,Dissolved oxygen (DO),(not stated),mg/l,12.780000,mg/l,6.500,minimum,evaluated,1,1,0,
2020-04-16,10:00,2020,NS01DH0002,Salmon River at Murray,Iron,Dissolved,ug/l,,,,,wrong_fraction,0,,1,
2020-09-10,11:45,2020,NS01DH0002,Salmon River at Murray,Iron,Dissolved,ug/l,,,,,wrong_fraction,0,,1,
2022-04-26,15:55,2022,NS01DH0002,Salmon River at Murray,Iron,Dissolved,ug/l,,,,,wrong_fraction,0,,0,
2022-08-10,10:05,2022,NS01DH0002,Salmon River at Murray,Iron,Dissolved,ug/l,,,,,wrong_fraction,0,,0,
2022-10-25,10:15,2022,NS01DH0002,Salmon River at Murray,Iron,Dissolved,ug/l,,,,,wrong_fraction,0,,0,
2022-11-28,12:10,2022,NS01DH0002,Salmon River at Murray,Iron,Dissolved,ug/l,,,,,wrong_fraction,0,,0,
2023-05-03,13:00,2023,NS01DH0002,Salmon River at Murray,Iron,Dissolved,ug/l,,,,,wrong_fraction,0,,0,
2023-06-27,11:00,2023,NS01DH0002,Salmon River at Murray,Iron,Dissolved,ug/l,,,,,wrong_fraction,0,,0,
2023-09-07,15:30,2023,NS01DH0002,Salmon River at Murray,Iron,Dissolved,ug/l,,,,,wrong_fraction,0,,0,
2023-11-06,11:15,2023,NS01DH0002,Salmon River at Murray,Iron,Dissolved,ug/l,,,,,wrong_fraction,0,,0,
2024-04-16,14:45,2024,NS01DH0002,Salmon River at Murray,Iron,Dissolved,ug/l,,,,,wrong_fraction,0,,0,
2024-07-17,10:30,2024,NS01DH0002,Salmon River at Murray,Iron,Dissolved,ug/l,,,,,wrong_fraction,0,,0,
2024-09-17,12:40,2024,NS01DH0002,Salmon River at Murray,Iron,Dissolved,ug/l,,,,,wrong_fraction,0,,0,
2024-11-12,14:30,2024,NS01DH0002,Salmon River at Murray,Iron,Dissolved,ug/l,,,,,wrong_fraction,0,,0,
2019-06-24,12:45,2019,NS01DH0002,Salmon River at Murray,Iron,Total,ug/l,124.000000,ug/l,300.000,maximum,evaluated,1,1,0,
2019-09-06,09:30,2019,NS01DH0002,Salmon River at Murray,Iron,Total,ug/l,50.000000,ug/l,300.000,maximum,evaluated,1,1,1,0
2019-10-21,10:25,2019,NS01DH0002,Salmon River at Murray,Iron,Total,ug/l,137.000000,ug/l,300.000,maximum,evaluated,1,1,0,
2019-12-19,10:18,2019,NS01DH0002,Salmon River at Murray,Iron,Total,ug/l,72.000000,ug/l,300.000,maximum,evaluated,1,1,0,
2020-04-16,10:00,2020,NS01DH0002,Salmon River at Murray,Iron,Total,ug/l,110.000000,ug/l,300.000,maximum,evaluated,1,1,0,
2020-07-13,12:50,2020,NS01DH0002,Salmon River at Murray,Iron,Total,ug/l,210.000000,ug/l,300.000,maximum,evaluated,1,1,0,
2020-09-10,11:45,2020,NS01DH0002,Salmon River at Murray,Iron,Total,ug/l,50.000000,ug/l,300.000,maximum,evaluated,1,1,1,0
2020-11-18,13:15,2020,NS01DH0002,Salmon River at Murray,Iron,Total,ug/l,156.000000,ug/l,300.000,maximum,evaluated,1,1,0,
2021-06-28,11:00,2021,NS01DH0002,Salmon River at Murray,Iron,Total,ug/l,76.000000,ug/l,300.000,maximum,evaluated,1,1,0,
2021-08-24,10:30,2021,NS01DH0002,Salmon River at Murray,Iron,Total,ug/l,127.000000,ug/l,300.000,maximum,evaluated,1,1,0,
2021-10-11,16:00,2021,NS01DH0002,Salmon River at Murray,Iron,Total,ug/l,128.000000,ug/l,300.000,maximum,evaluated,1,1,0,
2021-12-13,15:30,2021,NS01DH0002,Salmon River at Murray,Iron,Total,ug/l,129.000000,ug/l,300.000,maximum,evaluated,1,1,0,
2022-04-26,15:55,2022,NS01DH0002,Salmon River at Murray,Iron,Total,ug/l,91.000000,ug/l,300.000,maximum,evaluated,1,1,0,
2022-08-10,10:05,2022,NS01DH0002,Salmon River at Murray,Iron,Total,ug/l,268.000000,ug/l,300.000,maximum,evaluated,1,1,0,
2022-10-25,10:15,2022,NS01DH0002,Salmon River at Murray,Iron,Total,ug/l,158.000000,ug/l,300.000,maximum,evaluated,1,1,0,
2022-11-28,12:10,2022,NS01DH0002,Salmon River at Murray,Iron,Total,ug/l,180.000000,ug/l,300.000,maximum,evaluated,1,1,0,
2023-05-03,13:00,2023,NS01DH0002,Salmon River at Murray,Iron,Total,ug/l,171.000000,ug/l,300.000,maximum,evaluated,1,1,0,
2023-06-27,11:00,2023,NS01DH0002,Salmon River at Murray,Iron,Total,ug/l,87.000000,ug/l,300.000,maximum,evaluated,1,1,0,
2023-09-07,15:30,2023,NS01DH0002,Salmon River at Murray,Iron,Total,ug/l,230.000000,ug/l,300.000,maximum,evaluated,1,1,0,
2023-11-06,11:15,2023,NS01DH0002,Salmon River at Murray,Iron,Total,ug/l,145.000000,ug/l,300.000,maximum,evaluated,1,1,0,
2024-04-16,14:45,2024,NS01DH0002,Salmon River at Murray,Iron,Total,ug/l,101.000000,ug/l,300.000,maximum,evaluated,1,1,0,
2024-07-17,10:30,2024,NS01DH0002,Salmon River at Murray,Iron,Total,ug/l,227.000000,ug/l,300.000,maximum,evaluated,1,1,0,
2024-09-17,12:40,2024,NS01DH0002,Salmon River at Murray,Iron,Total,ug/l,67.000000,ug/l,300.000,maximum,evaluated,1,1,0,
2024-11-12,14:30,2024,NS01DH0002,Salmon River at Murray,Iron,Total,ug/l,91.000000,ug/l,300.000,maximum,evaluated,1,1,0,
2020-04-16,10:00,2020,NS01DH0002,Salmon River at Murray,Molybdenum,Dissolved,ug/l,,,,,wrong_fraction,0,,1,
2020-09-10,11:45,2020,NS01DH0002,Salmon River at Murray,Molybdenum,Dissolved,ug/l,,,,,wrong_fraction,0,,1,
2022-04-26,15:55,2022,NS01DH0002,Salmon River at Murray,Molybdenum,Dissolved,ug/l,,,,,wrong_fraction,0,,1,
2022-08-10,10:05,2022,NS01DH0002,Salmon River at Murray,Molybdenum,Dissolved,ug/l,,,,,wrong_fraction,0,,1,
2022-10-25,10:15,2022,NS01DH0002,Salmon River at Murray,Molybdenum,Dissolved,ug/l,,,,,wrong_fraction,0,,1,
2022-11-28,12:10,2022,NS01DH0002,Salmon River at Murray,Molybdenum,Dissolved,ug/l,,,,,wrong_fraction,0,,1,
2023-05-03,13:00,2023,NS01DH0002,Salmon River at Murray,Molybdenum,Dissolved,ug/l,,,,,wrong_fraction,0,,1,
2023-06-27,11:00,2023,NS01DH0002,Salmon River at Murray,Molybdenum,Dissolved,ug/l,,,,,wrong_fraction,0,,1,
2023-09-07,15:30,2023,NS01DH0002,Salmon River at Murray,Molybdenum,Dissolved,ug/l,,,,,wrong_fraction,0,,1,
2023-11-06,11:15,2023,NS01DH0002,Salmon River at Murray,Molybdenum,Dissolved,ug/l,,,,,wrong_fraction,0,,1,
2024-04-16,14:45,2024,NS01DH0002,Salmon River at Murray,Molybdenum,Dissolved,ug/l,,,,,wrong_fraction,0,,1,
2024-07-17,10:30,2024,NS01DH0002,Salmon River at Murray,Molybdenum,Dissolved,ug/l,,,,,wrong_fraction,0,,1,
2024-09-17,12:40,2024,NS01DH0002,Salmon River at Murray,Molybdenum,Dissolved,ug/l,,,,,wrong_fraction,0,,1,
2024-11-12,14:30,2024,NS01DH0002,Salmon River at Murray,Molybdenum,Dissolved,ug/l,,,,,wrong_fraction,0,,1,
2019-06-24,12:45,2019,NS01DH0002,Salmon River at Murray,Molybdenum,Total,ug/l,2.000000,ug/l,73.000,maximum,evaluated,1,1,1,0
2019-09-06,09:30,2019,NS01DH0002,Salmon River at Murray,Molybdenum,Total,ug/l,2.000000,ug/l,73.000,maximum,evaluated,1,1,1,0
2019-10-21,10:25,2019,NS01DH0002,Salmon River at Murray,Molybdenum,Total,ug/l,2.000000,ug/l,73.000,maximum,evaluated,1,1,1,0
2019-12-19,10:18,2019,NS01DH0002,Salmon River at Murray,Molybdenum,Total,ug/l,2.000000,ug/l,73.000,maximum,evaluated,1,1,1,0
2020-04-16,10:00,2020,NS01DH0002,Salmon River at Murray,Molybdenum,Total,ug/l,2.000000,ug/l,73.000,maximum,evaluated,1,1,1,0
2020-07-13,12:50,2020,NS01DH0002,Salmon River at Murray,Molybdenum,Total,ug/l,2.000000,ug/l,73.000,maximum,evaluated,1,1,1,0
2020-09-10,11:45,2020,NS01DH0002,Salmon River at Murray,Molybdenum,Total,ug/l,2.000000,ug/l,73.000,maximum,evaluated,1,1,1,0
2020-11-18,13:15,2020,NS01DH0002,Salmon River at Murray,Molybdenum,Total,ug/l,2.000000,ug/l,73.000,maximum,evaluated,1,1,1,0
2021-06-28,11:00,2021,NS01DH0002,Salmon River at Murray,Molybdenum,Total,ug/l,2.000000,ug/l,73.000,maximum,evaluated,1,1,1,0
2021-08-24,10:30,2021,NS01DH0002,Salmon River at Murray,Molybdenum,Total,ug/l,2.000000,ug/l,73.000,maximum,evaluated,1,1,1,0
2021-10-11,16:00,2021,NS01DH0002,Salmon River at Murray,Molybdenum,Total,ug/l,2.000000,ug/l,73.000,maximum,evaluated,1,1,1,0
2021-12-13,15:30,2021,NS01DH0002,Salmon River at Murray,Molybdenum,Total,ug/l,2.000000,ug/l,73.000,maximum,evaluated,1,1,1,0
2022-04-26,15:55,2022,NS01DH0002,Salmon River at Murray,Molybdenum,Total,ug/l,2.000000,ug/l,73.000,maximum,evaluated,1,1,1,0
2022-08-10,10:05,2022,NS01DH0002,Salmon River at Murray,Molybdenum,Total,ug/l,2.000000,ug/l,73.000,maximum,evaluated,1,1,1,0
2022-10-25,10:15,2022,NS01DH0002,Salmon River at Murray,Molybdenum,Total,ug/l,2.000000,ug/l,73.000,maximum,evaluated,1,1,1,0
2022-11-28,12:10,2022,NS01DH0002,Salmon River at Murray,Molybdenum,Total,ug/l,2.000000,ug/l,73.000,maximum,evaluated,1,1,1,0
2023-05-03,13:00,2023,NS01DH0002,Salmon River at Murray,Molybdenum,Total,ug/l,2.000000,ug/l,73.000,maximum,evaluated,1,1,1,0
2023-06-27,11:00,2023,NS01DH0002,Salmon River at Murray,Molybdenum,Total,ug/l,2.000000,ug/l,73.000,maximum,evaluated,1,1,1,0
2023-09-07,15:30,2023,NS01DH0002,Salmon River at Murray,Molybdenum,Total,ug/l,2.000000,ug/l,73.000,maximum,evaluated,1,1,1,0
2023-11-06,11:15,2023,NS01DH0002,Salmon River at Murray,Molybdenum,Total,ug/l,2.000000,ug/l,73.000,maximum,evaluated,1,1,1,0
2024-04-16,14:45,2024,NS01DH0002,Salmon River at Murray,Molybdenum,Total,ug/l,2.000000,ug/l,73.000,maximum,evaluated,1,1,1,0
2024-07-17,10:30,2024,NS01DH0002,Salmon River at Murray,Molybdenum,Total,ug/l,2.000000,ug/l,73.000,maximum,evaluated,1,1,1,0
2024-09-17,12:40,2024,NS01DH0002,Salmon River at Murray,Molybdenum,Total,ug/l,2.000000,ug/l,73.000,maximum,evaluated,1,1,1,0
2024-11-12,14:30,2024,NS01DH0002,Salmon River at Murray,Molybdenum,Total,ug/l,2.000000,ug/l,73.000,maximum,evaluated,1,1,1,0
2020-04-16,10:00,2020,NS01DH0002,Salmon River at Murray,Selenium,Dissolved,ug/l,,,,,wrong_fraction,0,,1,
2020-09-10,11:45,2020,NS01DH0002,Salmon River at Murray,Selenium,Dissolved,ug/l,,,,,wrong_fraction,0,,1,
2022-04-26,15:55,2022,NS01DH0002,Salmon River at Murray,Selenium,Dissolved,ug/l,,,,,wrong_fraction,0,,1,
2022-08-10,10:05,2022,NS01DH0002,Salmon River at Murray,Selenium,Dissolved,ug/l,,,,,wrong_fraction,0,,1,
2022-10-25,10:15,2022,NS01DH0002,Salmon River at Murray,Selenium,Dissolved,ug/l,,,,,wrong_fraction,0,,1,
2022-11-28,12:10,2022,NS01DH0002,Salmon River at Murray,Selenium,Dissolved,ug/l,,,,,wrong_fraction,0,,1,
2023-05-03,13:00,2023,NS01DH0002,Salmon River at Murray,Selenium,Dissolved,ug/l,,,,,wrong_fraction,0,,1,
2023-06-27,11:00,2023,NS01DH0002,Salmon River at Murray,Selenium,Dissolved,ug/l,,,,,wrong_fraction,0,,1,
2023-09-07,15:30,2023,NS01DH0002,Salmon River at Murray,Selenium,Dissolved,ug/l,,,,,wrong_fraction,0,,1,
2023-11-06,11:15,2023,NS01DH0002,Salmon River at Murray,Selenium,Dissolved,ug/l,,,,,wrong_fraction,0,,1,
2024-04-16,14:45,2024,NS01DH0002,Salmon River at Murray,Selenium,Dissolved,ug/l,,,,,wrong_fraction,0,,1,
2024-07-17,10:30,2024,NS01DH0002,Salmon River at Murray,Selenium,Dissolved,ug/l,,,,,wrong_fraction,0,,1,
2024-09-17,12:40,2024,NS01DH0002,Salmon River at Murray,Selenium,Dissolved,ug/l,,,,,wrong_fraction,0,,1,
2024-11-12,14:30,2024,NS01DH0002,Salmon River at Murray,Selenium,Dissolved,ug/l,,,,,wrong_fraction,0,,1,
2019-06-24,12:45,2019,NS01DH0002,Salmon River at Murray,Selenium,Total,ug/l,2.000000,ug/l,1.000,maximum,evaluated,1,1,1,1
2019-09-06,09:30,2019,NS01DH0002,Salmon River at Murray,Selenium,Total,ug/l,2.000000,ug/l,1.000,maximum,evaluated,1,1,1,1
2019-10-21,10:25,2019,NS01DH0002,Salmon River at Murray,Selenium,Total,ug/l,2.000000,ug/l,1.000,maximum,evaluated,1,1,1,1
2019-12-19,10:18,2019,NS01DH0002,Salmon River at Murray,Selenium,Total,ug/l,2.000000,ug/l,1.000,maximum,evaluated,1,1,1,1
2020-04-16,10:00,2020,NS01DH0002,Salmon River at Murray,Selenium,Total,ug/l,2.000000,ug/l,1.000,maximum,evaluated,1,1,1,1
2020-07-13,12:50,2020,NS01DH0002,Salmon River at Murray,Selenium,Total,ug/l,2.000000,ug/l,1.000,maximum,evaluated,1,1,1,1
2020-09-10,11:45,2020,NS01DH0002,Salmon River at Murray,Selenium,Total,ug/l,2.000000,ug/l,1.000,maximum,evaluated,1,1,1,1
2020-11-18,13:15,2020,NS01DH0002,Salmon River at Murray,Selenium,Total,ug/l,2.000000,ug/l,1.000,maximum,evaluated,1,1,1,1
2021-06-28,11:00,2021,NS01DH0002,Salmon River at Murray,Selenium,Total,ug/l,2.000000,ug/l,1.000,maximum,evaluated,1,1,1,1
2021-08-24,10:30,2021,NS01DH0002,Salmon River at Murray,Selenium,Total,ug/l,2.000000,ug/l,1.000,maximum,evaluated,1,1,1,1
2021-10-11,16:00,2021,NS01DH0002,Salmon River at Murray,Selenium,Total,ug/l,2.000000,ug/l,1.000,maximum,evaluated,1,1,1,1
2021-12-13,15:30,2021,NS01DH0002,Salmon River at Murray,Selenium,Total,ug/l,2.000000,ug/l,1.000,maximum,evaluated,1,1,1,1
2022-04-26,15:55,2022,NS01DH0002,Salmon River at Murray,Selenium,Total,ug/l,2.000000,ug/l,1.000,maximum,evaluated,1,1,1,1
2022-08-10,10:05,2022,NS01DH0002,Salmon River at Murray,Selenium,Total,ug/l,2.000000,ug/l,1.000,maximum,evaluated,1,1,1,1
2022-10-25,10:15,2022,NS01DH0002,Salmon River at Murray,Selenium,Total,ug/l,2.000000,ug/l,1.000,maximum,evaluated,1,1,1,1
2022-11-28,12:10,2022,NS01DH0002,Salmon River at Murray,Selenium,Total,ug/l,2.000000,ug/l,1.000,maximum,evaluated,1,1,1,1
2023-05-03,13:00,2023,NS01DH0002,Salmon River at Murray,Selenium,Total,ug/l,2.000000,ug/l,1.000,maximum,evaluated,1,1,1,1
2023-06-27,11:00,2023,NS01DH0002,Salmon River at Murray,Selenium,Total,ug/l,2.000000,ug/l,1.000,maximum,evaluated,1,1,1,1
2023-09-07,15:30,2023,NS01DH0002,Salmon River at Murray,Selenium,Total,ug/l,2.000000,ug/l,1.000,maximum,evaluated,1,1,1,1
2023-11-06,11:15,2023,NS01DH0002,Salmon River at Murray,Selenium,Total,ug/l,2.000000,ug/l,1.000,maximum,evaluated,1,1,1,1
2024-04-16,14:45,2024,NS01DH0002,Salmon River at Murray,Selenium,Total,ug/l,2.000000,ug/l,1.000,maximum,evaluated,1,1,1,1
2024-07-17,10:30,2024,NS01DH0002,Salmon River at Murray,Selenium,Total,ug/l,2.000000,ug/l,1.000,maximum,evaluated,1,1,1,1
2024-09-17,12:40,2024,NS01DH0002,Salmon River at Murray,Selenium,Total,ug/l,2.000000,ug/l,1.000,maximum,evaluated,1,1,1,1
2024-11-12,14:30,2024,NS01DH0002,Salmon River at Murray,Selenium,Total,ug/l,2.000000,ug/l,1.000,maximum,evaluated,1,1,1,1
2020-04-16,10:00,2020,NS01DH0002,Salmon River at Murray,Silver,Dissolved,ug/l,,,,,wrong_fraction,0,,1,
2020-09-10,11:45,2020,NS01DH0002,Salmon River at Murray,Silver,Dissolved,ug/l,,,,,wrong_fraction,0,,1,
2022-04-26,15:55,2022,NS01DH0002,Salmon River at Murray,Silver,Dissolved,ug/l,,,,,wrong_fraction,0,,1,
2022-08-10,10:05,2022,NS01DH0002,Salmon River at Murray,Silver,Dissolved,ug/l,,,,,wrong_fraction,0,,1,
2022-10-25,10:15,2022,NS01DH0002,Salmon River at Murray,Silver,Dissolved,ug/l,,,,,wrong_fraction,0,,1,
2022-11-28,12:10,2022,NS01DH0002,Salmon River at Murray,Silver,Dissolved,ug/l,,,,,wrong_fraction,0,,1,
2023-05-03,13:00,2023,NS01DH0002,Salmon River at Murray,Silver,Dissolved,ug/l,,,,,wrong_fraction,0,,1,
2023-06-27,11:00,2023,NS01DH0002,Salmon River at Murray,Silver,Dissolved,ug/l,,,,,wrong_fraction,0,,1,
2023-09-07,15:30,2023,NS01DH0002,Salmon River at Murray,Silver,Dissolved,ug/l,,,,,wrong_fraction,0,,1,
2023-11-06,11:15,2023,NS01DH0002,Salmon River at Murray,Silver,Dissolved,ug/l,,,,,wrong_fraction,0,,1,
2024-04-16,14:45,2024,NS01DH0002,Salmon River at Murray,Silver,Dissolved,ug/l,,,,,wrong_fraction,0,,1,
2024-07-17,10:30,2024,NS01DH0002,Salmon River at Murray,Silver,Dissolved,ug/l,,,,,wrong_fraction,0,,1,
2024-09-17,12:40,2024,NS01DH0002,Salmon River at Murray,Silver,Dissolved,ug/l,,,,,wrong_fraction,0,,1,
2024-11-12,14:30,2024,NS01DH0002,Salmon River at Murray,Silver,Dissolved,ug/l,,,,,wrong_fraction,0,,1,
2019-06-24,12:45,2019,NS01DH0002,Salmon River at Murray,Silver,Total,ug/l,2.000000,ug/l,0.250,maximum,evaluated,1,1,1,1
2019-09-06,09:30,2019,NS01DH0002,Salmon River at Murray,Silver,Total,ug/l,2.000000,ug/l,0.250,maximum,evaluated,1,1,1,1
2019-10-21,10:25,2019,NS01DH0002,Salmon River at Murray,Silver,Total,ug/l,2.000000,ug/l,0.250,maximum,evaluated,1,1,1,1
2019-12-19,10:18,2019,NS01DH0002,Salmon River at Murray,Silver,Total,ug/l,2.000000,ug/l,0.250,maximum,evaluated,1,1,1,1
2020-04-16,10:00,2020,NS01DH0002,Salmon River at Murray,Silver,Total,ug/l,2.000000,ug/l,0.250,maximum,evaluated,1,1,1,1
2020-07-13,12:50,2020,NS01DH0002,Salmon River at Murray,Silver,Total,ug/l,2.000000,ug/l,0.250,maximum,evaluated,1,1,1,1
2020-09-10,11:45,2020,NS01DH0002,Salmon River at Murray,Silver,Total,ug/l,2.000000,ug/l,0.250,maximum,evaluated,1,1,1,1
2020-11-18,13:15,2020,NS01DH0002,Salmon River at Murray,Silver,Total,ug/l,2.000000,ug/l,0.250,maximum,evaluated,1,1,1,1
2021-06-28,11:00,2021,NS01DH0002,Salmon River at Murray,Silver,Total,ug/l,2.000000,ug/l,0.250,maximum,evaluated,1,1,1,1
2021-08-24,10:30,2021,NS01DH0002,Salmon River at Murray,Silver,Total,ug/l,2.000000,ug/l,0.250,maximum,evaluated,1,1,1,1
2021-10-11,16:00,2021,NS01DH0002,Salmon River at Murray,Silver,Total,ug/l,2.000000,ug/l,0.250,maximum,evaluated,1,1,1,1
2021-12-13,15:30,2021,NS01DH0002,Salmon River at Murray,Silver,Total,ug/l,2.000000,ug/l,0.250,maximum,evaluated,1,1,1,1
2022-04-26,15:55,2022,NS01DH0002,Salmon River at Murray,Silver,Total,ug/l,2.000000,ug/l,0.250,maximum,evaluated,1,1,1,1
2022-08-10,10:05,2022,NS01DH0002,Salmon River at Murray,Silver,Total,ug/l,2.000000,ug/l,0.250,maximum,evaluated,1,1,1,1
2022-10-25,10:15,2022,NS01DH0002,Salmon River at Murray,Silver,Total,ug/l,2.000000,ug/l,0.250,maximum,evaluated,1,1,1,1
2022-11-28,12:10,2022,NS01DH0002,Salmon River at Murray,Silver,Total,ug/l,2.000000,ug/l,0.250,maximum,evaluated,1,1,1,1
2023-05-03,13:00,2023,NS01DH0002,Salmon River at Murray,Silver,Total,ug/l,2.000000,ug/l,0.250,maximum,evaluated,1,1,1,1
2023-06-27,11:00,2023,NS01DH0002,Salmon River at Murray,Silver,Total,ug/l,2.000000,ug/l,0.250,maximum,evaluated,1,1,1,1
2023-09-07,15:30,2023,NS01DH0002,Salmon River at Murray,Silver,Total,ug/l,2.000000,ug/l,0.250,maximum,evaluated,1,1,1,1
2023-11-06,11:15,2023,NS01DH0002,Salmon River at Murray,Silver,Total,ug/l,2.000000,ug/l,0.250,maximum,evaluated,1,1,1,1
2024-04-16,14:45,2024,NS01DH0002,Salmon River at Murray,Silver,Total,ug/l,2.000000,ug/l,0.250,maximum,evaluated,1,1,1,1
2024-07-17,10:30,2024,NS01DH0002,Salmon River at Murray,Silver,Total,ug/l,2.000000,ug/l,0.250,maximum,evaluated,1,1,1,1
2024-09-17,12:40,2024,NS01DH0002,Salmon River at Murray,Silver,Total,ug/l,2.000000,ug/l,0.250,maximum,evaluated,1,1,1,1
2024-11-12,14:30,2024,NS01DH0002,Salmon River at Murray,Silver,Total,ug/l,2.000000,ug/l,0.250,maximum,evaluated,1,1,1,1
2020-04-16,10:00,2020,NS01DH0002,Salmon River at Murray,Thallium,Dissolved,ug/l,,,,,wrong_fraction,0,,1,
2020-09-10,11:45,2020,NS01DH0002,Salmon River at Murray,Thallium,Dissolved,ug/l,,,,,wrong_fraction,0,,1,
2022-04-26,15:55,2022,NS01DH0002,Salmon River at Murray,Thallium,Dissolved,ug/l,,,,,wrong_fraction,0,,1,
2022-08-10,10:05,2022,NS01DH0002,Salmon River at Murray,Thallium,Dissolved,ug/l,,,,,wrong_fraction,0,,1,
2022-10-25,10:15,2022,NS01DH0002,Salmon River at Murray,Thallium,Dissolved,ug/l,,,,,wrong_fraction,0,,1,
2022-11-28,12:10,2022,NS01DH0002,Salmon River at Murray,Thallium,Dissolved,ug/l,,,,,wrong_fraction,0,,1,
2023-05-03,13:00,2023,NS01DH0002,Salmon River at Murray,Thallium,Dissolved,ug/l,,,,,wrong_fraction,0,,1,
2023-06-27,11:00,2023,NS01DH0002,Salmon River at Murray,Thallium,Dissolved,ug/l,,,,,wrong_fraction,0,,1,
2023-09-07,15:30,2023,NS01DH0002,Salmon River at Murray,Thallium,Dissolved,ug/l,,,,,wrong_fraction,0,,1,
2023-11-06,11:15,2023,NS01DH0002,Salmon River at Murray,Thallium,Dissolved,ug/l,,,,,wrong_fraction,0,,1,
2024-04-16,14:45,2024,NS01DH0002,Salmon River at Murray,Thallium,Dissolved,ug/l,,,,,wrong_fraction,0,,1,
2024-07-17,10:30,2024,NS01DH0002,Salmon River at Murray,Thallium,Dissolved,ug/l,,,,,wrong_fraction,0,,1,
2024-09-17,12:40,2024,NS01DH0002,Salmon River at Murray,Thallium,Dissolved,ug/l,,,,,wrong_fraction,0,,1,
2024-11-12,14:30,2024,NS01DH0002,Salmon River at Murray,Thallium,Dissolved,ug/l,,,,,wrong_fraction,0,,1,
2019-06-24,12:45,2019,NS01DH0002,Salmon River at Murray,Thallium,Total,ug/l,2.000000,ug/l,0.800,maximum,evaluated,1,1,1,1
2019-09-06,09:30,2019,NS01DH0002,Salmon River at Murray,Thallium,Total,ug/l,2.000000,ug/l,0.800,maximum,evaluated,1,1,1,1
2019-10-21,10:25,2019,NS01DH0002,Salmon River at Murray,Thallium,Total,ug/l,2.000000,ug/l,0.800,maximum,evaluated,1,1,1,1
2019-12-19,10:18,2019,NS01DH0002,Salmon River at Murray,Thallium,Total,ug/l,2.000000,ug/l,0.800,maximum,evaluated,1,1,1,1
2020-04-16,10:00,2020,NS01DH0002,Salmon River at Murray,Thallium,Total,ug/l,2.000000,ug/l,0.800,maximum,evaluated,1,1,1,1
2020-07-13,12:50,2020,NS01DH0002,Salmon River at Murray,Thallium,Total,ug/l,2.000000,ug/l,0.800,maximum,evaluated,1,1,1,1
2020-09-10,11:45,2020,NS01DH0002,Salmon River at Murray,Thallium,Total,ug/l,2.000000,ug/l,0.800,maximum,evaluated,1,1,1,1
2020-11-18,13:15,2020,NS01DH0002,Salmon River at Murray,Thallium,Total,ug/l,2.000000,ug/l,0.800,maximum,evaluated,1,1,1,1
2021-06-28,11:00,2021,NS01DH0002,Salmon River at Murray,Thallium,Total,ug/l,2.000000,ug/l,0.800,maximum,evaluated,1,1,1,1
2021-08-24,10:30,2021,NS01DH0002,Salmon River at Murray,Thallium,Total,ug/l,2.000000,ug/l,0.800,maximum,evaluated,1,1,1,1
2021-10-11,16:00,2021,NS01DH0002,Salmon River at Murray,Thallium,Total,ug/l,2.000000,ug/l,0.800,maximum,evaluated,1,1,1,1
2021-12-13,15:30,2021,NS01DH0002,Salmon River at Murray,Thallium,Total,ug/l,2.000000,ug/l,0.800,maximum,evaluated,1,1,1,1
2022-04-26,15:55,2022,NS01DH0002,Salmon River at Murray,Thallium,Total,ug/l,2.000000,ug/l,0.800,maximum,evaluated,1,1,1,1
2022-08-10,10:05,2022,NS01DH0002,Salmon River at Murray,Thallium,Total,ug/l,2.000000,ug/l,0.800,maximum,evaluated,1,1,1,1
2022-10-25,10:15,2022,NS01DH0002,Salmon River at Murray,Thallium,Total,ug/l,2.000000,ug/l,0.800,maximum,evaluated,1,1,1,1
2022-11-28,12:10,2022,NS01DH0002,Salmon River at Murray,Thallium,Total,ug/l,2.000000,ug/l,0.800,maximum,evaluated,1,1,1,1
2023-05-03,13:00,2023,NS01DH0002,Salmon River at Murray,Thallium,Total,ug/l,2.000000,ug/l,0.800,maximum,evaluated,1,1,1,1
2023-06-27,11:00,2023,NS01DH0002,Salmon River at Murray,Thallium,Total,ug/l,2.000000,ug/l,0.800,maximum,evaluated,1,1,1,1
2023-09-07,15:30,2023,NS01DH0002,Salmon River at Murray,Thallium,Total,ug/l,2.000000,ug/l,0.800,maximum,evaluated,1,1,1,1
2023-11-06,11:15,2023,NS01DH0002,Salmon River at Murray,Thallium,Total,ug/l,2.000000,ug/l,0.800,maximum,evaluated,1,1,1,1
2024-04-16,14:45,2024,NS01DH0002,Salmon River at Murray,Thallium,Total,ug/l,2.000000,ug/l,0.800,maximum,evaluated,1,1,1,1
2024-07-17,10:30,2024,NS01DH0002,Salmon River at Murray,Thallium,Total,ug/l,2.000000,ug/l,0.800,maximum,evaluated,1,1,1,1
2024-09-17,12:40,2024,NS01DH0002,Salmon River at Murray,Thallium,Total,ug/l,2.000000,ug/l,0.800,maximum,evaluated,1,1,1,1
2024-11-12,14:30,2024,NS01DH0002,Salmon River at Murray,Thallium,Total,ug/l,2.000000,ug/l,0.800,maximum,evaluated,1,1,1,1
2020-04-16,10:00,2020,NS01DH0002,Salmon River at Murray,Uranium,Dissolved,ug/l,,,,,wrong_fraction,0,,1,
2020-09-10,11:45,2020,NS01DH0002,Salmon River at Murray,Uranium,Dissolved,ug/l,,,,,wrong_fraction,0,,1,
2022-04-26,15:55,2022,NS01DH0002,Salmon River at Murray,Uranium,Dissolved,ug/l,,,,,wrong_fraction,0,,1,
2022-08-10,10:05,2022,NS01DH0002,Salmon River at Murray,Uranium,Dissolved,ug/l,,,,,wrong_fraction,0,,1,
2022-10-25,10:15,2022,NS01DH0002,Salmon River at Murray,Uranium,Dissolved,ug/l,,,,,wrong_fraction,0,,1,
2022-11-28,12:10,2022,NS01DH0002,Salmon River at Murray,Uranium,Dissolved,ug/l,,,,,wrong_fraction,0,,1,
2023-05-03,13:00,2023,NS01DH0002,Salmon River at Murray,Uranium,Dissolved,ug/l,,,,,wrong_fraction,0,,1,
2023-06-27,11:00,2023,NS01DH0002,Salmon River at Murray,Uranium,Dissolved,ug/l,,,,,wrong_fraction,0,,1,
2023-09-07,15:30,2023,NS01DH0002,Salmon River at Murray,Uranium,Dissolved,ug/l,,,,,wrong_fraction,0,,1,
2023-11-06,11:15,2023,NS01DH0002,Salmon River at Murray,Uranium,Dissolved,ug/l,,,,,wrong_fraction,0,,1,
2024-04-16,14:45,2024,NS01DH0002,Salmon River at Murray,Uranium,Dissolved,ug/l,,,,,wrong_fraction,0,,1,
2024-07-17,10:30,2024,NS01DH0002,Salmon River at Murray,Uranium,Dissolved,ug/l,,,,,wrong_fraction,0,,1,
2024-09-17,12:40,2024,NS01DH0002,Salmon River at Murray,Uranium,Dissolved,ug/l,,,,,wrong_fraction,0,,1,
2024-11-12,14:30,2024,NS01DH0002,Salmon River at Murray,Uranium,Dissolved,ug/l,,,,,wrong_fraction,0,,1,
2019-06-24,12:45,2019,NS01DH0002,Salmon River at Murray,Uranium,Total,ug/l,0.500000,ug/l,15.000,maximum,evaluated,1,1,1,0
2019-09-06,09:30,2019,NS01DH0002,Salmon River at Murray,Uranium,Total,ug/l,0.500000,ug/l,15.000,maximum,evaluated,1,1,1,0
2019-10-21,10:25,2019,NS01DH0002,Salmon River at Murray,Uranium,Total,ug/l,0.500000,ug/l,15.000,maximum,evaluated,1,1,1,0
2019-12-19,10:18,2019,NS01DH0002,Salmon River at Murray,Uranium,Total,ug/l,0.500000,ug/l,15.000,maximum,evaluated,1,1,1,0
2020-04-16,10:00,2020,NS01DH0002,Salmon River at Murray,Uranium,Total,ug/l,0.500000,ug/l,15.000,maximum,evaluated,1,1,1,0
2020-07-13,12:50,2020,NS01DH0002,Salmon River at Murray,Uranium,Total,ug/l,0.500000,ug/l,15.000,maximum,evaluated,1,1,1,0
2020-09-10,11:45,2020,NS01DH0002,Salmon River at Murray,Uranium,Total,ug/l,0.500000,ug/l,15.000,maximum,evaluated,1,1,1,0
2020-11-18,13:15,2020,NS01DH0002,Salmon River at Murray,Uranium,Total,ug/l,0.500000,ug/l,15.000,maximum,evaluated,1,1,1,0
2021-06-28,11:00,2021,NS01DH0002,Salmon River at Murray,Uranium,Total,ug/l,0.500000,ug/l,15.000,maximum,evaluated,1,1,1,0
2021-08-24,10:30,2021,NS01DH0002,Salmon River at Murray,Uranium,Total,ug/l,0.500000,ug/l,15.000,maximum,evaluated,1,1,1,0
2021-10-11,16:00,2021,NS01DH0002,Salmon River at Murray,Uranium,Total,ug/l,0.500000,ug/l,15.000,maximum,evaluated,1,1,1,0
2021-12-13,15:30,2021,NS01DH0002,Salmon River at Murray,Uranium,Total,ug/l,0.500000,ug/l,15.000,maximum,evaluated,1,1,1,0
2022-04-26,15:55,2022,NS01DH0002,Salmon River at Murray,Uranium,Total,ug/l,0.500000,ug/l,15.000,maximum,evaluated,1,1,1,0
2022-08-10,10:05,2022,NS01DH0002,Salmon River at Murray,Uranium,Total,ug/l,0.500000,ug/l,15.000,maximum,evaluated,1,1,1,0
2022-10-25,10:15,2022,NS01DH0002,Salmon River at Murray,Uranium,Total,ug/l,0.500000,ug/l,15.000,maximum,evaluated,1,1,1,0
2022-11-28,12:10,2022,NS01DH0002,Salmon River at Murray,Uranium,Total,ug/l,0.500000,ug/l,15.000,maximum,evaluated,1,1,1,0
2023-05-03,13:00,2023,NS01DH0002,Salmon River at Murray,Uranium,Total,ug/l,0.500000,ug/l,15.000,maximum,evaluated,1,1,1,0
2023-06-27,11:00,2023,NS01DH0002,Salmon River at Murray,Uranium,Total,ug/l,0.500000,ug/l,15.000,maximum,evaluated,1,1,1,0
2023-09-07,15:30,2023,NS01DH0002,Salmon River at Murray,Uranium,Total,ug/l,0.500000,ug/l,15.000,maximum,evaluated,1,1,1,0
2023-11-06,11:15,2023,NS01DH0002,Salmon River at Murray,Uranium,Total,ug/l,0.500000,ug/l,15.000,maximum,evaluated,1,1,1,0
2024-04-16,14:45,2024,NS01DH0002,Salmon River at Murray,Uranium,Total,ug/l,0.500000,ug/l,15.000,maximum,evaluated,1,1,1,0
2024-07-17,10:30,2024,NS01DH0002,Salmon River at Murray,Uranium,Total,ug/l,0.500000,ug/l,15.000,maximum,evaluated,1,1,1,0
2024-09-17,12:40,2024,NS01DH0002,Salmon River at Murray,Uranium,Total,ug/l,0.500000,ug/l,15.000,maximum,evaluated,1,1,1,0
2024-11-12,14:30,2024,NS01DH0002,Salmon River at Murray,Uranium,Total,ug/l,0.500000,ug/l,15.000,maximum,evaluated,1,1,1,0
2020-07-16,11:00,2020,NS01DL0009,Kelley River at Eight Mile Ford,Arsenic,Dissolved,ug/l,,,,,wrong_fraction,0,,1,
2020-11-25,13:00,2020,NS01DL0009,Kelley River at Eight Mile Ford,Arsenic,Dissolved,ug/l,,,,,wrong_fraction,0,,1,
2022-05-10,11:00,2022,NS01DL0009,Kelley River at Eight Mile Ford,Arsenic,Dissolved,ug/l,,,,,wrong_fraction,0,,1,
2022-08-16,11:00,2022,NS01DL0009,Kelley River at Eight Mile Ford,Arsenic,Dissolved,ug/l,,,,,wrong_fraction,0,,0,
2022-10-26,14:00,2022,NS01DL0009,Kelley River at Eight Mile Ford,Arsenic,Dissolved,ug/l,,,,,wrong_fraction,0,,1,
2022-12-06,13:25,2022,NS01DL0009,Kelley River at Eight Mile Ford,Arsenic,Dissolved,ug/l,,,,,wrong_fraction,0,,1,
2023-05-09,12:50,2023,NS01DL0009,Kelley River at Eight Mile Ford,Arsenic,Dissolved,ug/l,,,,,wrong_fraction,0,,1,
2023-07-17,11:30,2023,NS01DL0009,Kelley River at Eight Mile Ford,Arsenic,Dissolved,ug/l,,,,,wrong_fraction,0,,0,
2023-10-05,12:00,2023,NS01DL0009,Kelley River at Eight Mile Ford,Arsenic,Dissolved,ug/l,,,,,wrong_fraction,0,,1,
2023-11-15,14:00,2023,NS01DL0009,Kelley River at Eight Mile Ford,Arsenic,Dissolved,ug/l,,,,,wrong_fraction,0,,1,
2024-05-30,12:00,2024,NS01DL0009,Kelley River at Eight Mile Ford,Arsenic,Dissolved,ug/l,,,,,wrong_fraction,0,,1,
2024-08-27,12:00,2024,NS01DL0009,Kelley River at Eight Mile Ford,Arsenic,Dissolved,ug/l,,,,,wrong_fraction,0,,1,
2024-10-03,12:00,2024,NS01DL0009,Kelley River at Eight Mile Ford,Arsenic,Dissolved,ug/l,,,,,wrong_fraction,0,,1,
2024-12-16,13:00,2024,NS01DL0009,Kelley River at Eight Mile Ford,Arsenic,Dissolved,ug/l,,,,,wrong_fraction,0,,1,
2019-05-17,12:00,2019,NS01DL0009,Kelley River at Eight Mile Ford,Arsenic,Total,ug/l,1.000000,ug/l,5.000,maximum,evaluated,1,1,1,0
2019-08-20,11:00,2019,NS01DL0009,Kelley River at Eight Mile Ford,Arsenic,Total,ug/l,0.500000,ug/l,5.000,maximum,evaluated,1,1,1,0
2019-09-19,13:00,2019,NS01DL0009,Kelley River at Eight Mile Ford,Arsenic,Total,ug/l,0.500000,ug/l,5.000,maximum,evaluated,1,1,1,0
2019-11-26,12:00,2019,NS01DL0009,Kelley River at Eight Mile Ford,Arsenic,Total,ug/l,0.500000,ug/l,5.000,maximum,evaluated,1,1,1,0
2020-05-21,12:00,2020,NS01DL0009,Kelley River at Eight Mile Ford,Arsenic,Total,ug/l,1.000000,ug/l,5.000,maximum,evaluated,1,1,1,0
2020-07-16,11:00,2020,NS01DL0009,Kelley River at Eight Mile Ford,Arsenic,Total,ug/l,1.000000,ug/l,5.000,maximum,evaluated,1,1,1,0
2020-10-06,12:00,2020,NS01DL0009,Kelley River at Eight Mile Ford,Arsenic,Total,ug/l,0.500000,ug/l,5.000,maximum,evaluated,1,1,1,0
2020-11-25,13:00,2020,NS01DL0009,Kelley River at Eight Mile Ford,Arsenic,Total,ug/l,0.500000,ug/l,5.000,maximum,evaluated,1,1,1,0
2021-08-26,11:00,2021,NS01DL0009,Kelley River at Eight Mile Ford,Arsenic,Total,ug/l,0.600000,ug/l,5.000,maximum,evaluated,1,1,0,
2021-09-15,12:00,2021,NS01DL0009,Kelley River at Eight Mile Ford,Arsenic,Total,ug/l,0.500000,ug/l,5.000,maximum,evaluated,1,1,1,0
2021-10-28,11:00,2021,NS01DL0009,Kelley River at Eight Mile Ford,Arsenic,Total,ug/l,0.500000,ug/l,5.000,maximum,evaluated,1,1,1,0
2021-12-15,12:30,2021,NS01DL0009,Kelley River at Eight Mile Ford,Arsenic,Total,ug/l,3.000000,ug/l,5.000,maximum,evaluated,1,1,1,0
2022-05-10,11:00,2022,NS01DL0009,Kelley River at Eight Mile Ford,Arsenic,Total,ug/l,0.500000,ug/l,5.000,maximum,evaluated,1,1,1,0
2022-08-16,11:00,2022,NS01DL0009,Kelley River at Eight Mile Ford,Arsenic,Total,ug/l,0.500000,ug/l,5.000,maximum,evaluated,1,1,0,
2022-10-26,14:00,2022,NS01DL0009,Kelley River at Eight Mile Ford,Arsenic,Total,ug/l,0.500000,ug/l,5.000,maximum,evaluated,1,1,1,0
2022-12-06,13:25,2022,NS01DL0009,Kelley River at Eight Mile Ford,Arsenic,Total,ug/l,0.500000,ug/l,5.000,maximum,evaluated,1,1,1,0
2023-05-09,12:50,2023,NS01DL0009,Kelley River at Eight Mile Ford,Arsenic,Total,ug/l,0.500000,ug/l,5.000,maximum,evaluated,1,1,1,0
2023-07-17,11:30,2023,NS01DL0009,Kelley River at Eight Mile Ford,Arsenic,Total,ug/l,0.500000,ug/l,5.000,maximum,evaluated,1,1,0,
2023-10-05,12:00,2023,NS01DL0009,Kelley River at Eight Mile Ford,Arsenic,Total,ug/l,0.500000,ug/l,5.000,maximum,evaluated,1,1,1,0
2023-11-15,14:00,2023,NS01DL0009,Kelley River at Eight Mile Ford,Arsenic,Total,ug/l,0.500000,ug/l,5.000,maximum,evaluated,1,1,1,0
2024-05-30,12:00,2024,NS01DL0009,Kelley River at Eight Mile Ford,Arsenic,Total,ug/l,0.500000,ug/l,5.000,maximum,evaluated,1,1,1,0
2024-08-27,12:00,2024,NS01DL0009,Kelley River at Eight Mile Ford,Arsenic,Total,ug/l,0.500000,ug/l,5.000,maximum,evaluated,1,1,1,0
2024-10-03,12:00,2024,NS01DL0009,Kelley River at Eight Mile Ford,Arsenic,Total,ug/l,0.500000,ug/l,5.000,maximum,evaluated,1,1,1,0
2024-12-16,13:00,2024,NS01DL0009,Kelley River at Eight Mile Ford,Arsenic,Total,ug/l,0.500000,ug/l,5.000,maximum,evaluated,1,1,1,0
2020-07-16,11:00,2020,NS01DL0009,Kelley River at Eight Mile Ford,Boron,Dissolved,ug/l,,,,,wrong_fraction,0,,1,
2020-11-25,13:00,2020,NS01DL0009,Kelley River at Eight Mile Ford,Boron,Dissolved,ug/l,,,,,wrong_fraction,0,,1,
2022-05-10,11:00,2022,NS01DL0009,Kelley River at Eight Mile Ford,Boron,Dissolved,ug/l,,,,,wrong_fraction,0,,1,
2022-08-16,11:00,2022,NS01DL0009,Kelley River at Eight Mile Ford,Boron,Dissolved,ug/l,,,,,wrong_fraction,0,,1,
2022-10-26,14:00,2022,NS01DL0009,Kelley River at Eight Mile Ford,Boron,Dissolved,ug/l,,,,,wrong_fraction,0,,1,
2022-12-06,13:25,2022,NS01DL0009,Kelley River at Eight Mile Ford,Boron,Dissolved,ug/l,,,,,wrong_fraction,0,,1,
2023-05-09,12:50,2023,NS01DL0009,Kelley River at Eight Mile Ford,Boron,Dissolved,ug/l,,,,,wrong_fraction,0,,1,
2023-07-17,11:30,2023,NS01DL0009,Kelley River at Eight Mile Ford,Boron,Dissolved,ug/l,,,,,wrong_fraction,0,,1,
2023-10-05,12:00,2023,NS01DL0009,Kelley River at Eight Mile Ford,Boron,Dissolved,ug/l,,,,,wrong_fraction,0,,1,
2023-11-15,14:00,2023,NS01DL0009,Kelley River at Eight Mile Ford,Boron,Dissolved,ug/l,,,,,wrong_fraction,0,,1,
2024-05-30,12:00,2024,NS01DL0009,Kelley River at Eight Mile Ford,Boron,Dissolved,ug/l,,,,,wrong_fraction,0,,1,
2024-08-27,12:00,2024,NS01DL0009,Kelley River at Eight Mile Ford,Boron,Dissolved,ug/l,,,,,wrong_fraction,0,,1,
2024-10-03,12:00,2024,NS01DL0009,Kelley River at Eight Mile Ford,Boron,Dissolved,ug/l,,,,,wrong_fraction,0,,1,
2024-12-16,13:00,2024,NS01DL0009,Kelley River at Eight Mile Ford,Boron,Dissolved,ug/l,,,,,wrong_fraction,0,,1,
2004-08-26,11:00,2004,NS01DL0009,Kelley River at Eight Mile Ford,Boron,Total,ug/l,0.008000,mg/l,1.500,maximum,evaluated,1,1,0,
2004-12-17,13:00,2004,NS01DL0009,Kelley River at Eight Mile Ford,Boron,Total,ug/l,0.003000,mg/l,1.500,maximum,evaluated,1,1,0,
2005-06-21,12:00,2005,NS01DL0009,Kelley River at Eight Mile Ford,Boron,Total,ug/l,0.005000,mg/l,1.500,maximum,evaluated,1,1,1,0
2005-10-13,09:00,2005,NS01DL0009,Kelley River at Eight Mile Ford,Boron,Total,ug/l,0.006000,mg/l,1.500,maximum,evaluated,1,1,0,
2006-05-18,12:00,2006,NS01DL0009,Kelley River at Eight Mile Ford,Boron,Total,ug/l,0.005000,mg/l,1.500,maximum,evaluated,1,1,1,0
2006-07-27,11:00,2006,NS01DL0009,Kelley River at Eight Mile Ford,Boron,Total,ug/l,0.005000,mg/l,1.500,maximum,evaluated,1,1,1,0
2006-10-12,08:00,2006,NS01DL0009,Kelley River at Eight Mile Ford,Boron,Total,ug/l,0.005000,mg/l,1.500,maximum,evaluated,1,1,0,
2006-12-12,10:00,2006,NS01DL0009,Kelley River at Eight Mile Ford,Boron,Total,ug/l,0.005000,mg/l,1.500,maximum,evaluated,1,1,1,0
2007-07-18,11:00,2007,NS01DL0009,Kelley River at Eight Mile Ford,Boron,Total,ug/l,0.012000,mg/l,1.500,maximum,evaluated,1,1,0,
2007-09-27,13:00,2007,NS01DL0009,Kelley River at Eight Mile Ford,Boron,Total,ug/l,0.008000,mg/l,1.500,maximum,evaluated,1,1,0,
2008-05-01,12:00,2008,NS01DL0009,Kelley River at Eight Mile Ford,Boron,Total,ug/l,0.005000,mg/l,1.500,maximum,evaluated,1,1,1,0
2008-06-11,11:00,2008,NS01DL0009,Kelley River at Eight Mile Ford,Boron,Total,ug/l,0.005000,mg/l,1.500,maximum,evaluated,1,1,1,0
2008-08-28,12:00,2008,NS01DL0009,Kelley River at Eight Mile Ford,Boron,Total,ug/l,0.005000,mg/l,1.500,maximum,evaluated,1,1,1,0
2008-10-29,10:00,2008,NS01DL0009,Kelley River at Eight Mile Ford,Boron,Total,ug/l,0.005000,mg/l,1.500,maximum,evaluated,1,1,1,0
2009-05-21,12:00,2009,NS01DL0009,Kelley River at Eight Mile Ford,Boron,Total,ug/l,0.006000,mg/l,1.500,maximum,evaluated,1,1,0,
2009-07-07,11:00,2009,NS01DL0009,Kelley River at Eight Mile Ford,Boron,Total,ug/l,0.005000,mg/l,1.500,maximum,evaluated,1,1,1,0
2009-09-03,12:00,2009,NS01DL0009,Kelley River at Eight Mile Ford,Boron,Total,ug/l,0.005000,mg/l,1.500,maximum,evaluated,1,1,1,0
2009-11-23,11:00,2009,NS01DL0009,Kelley River at Eight Mile Ford,Boron,Total,ug/l,0.005000,mg/l,1.500,maximum,evaluated,1,1,1,0
2010-04-20,14:00,2010,NS01DL0009,Kelley River at Eight Mile Ford,Boron,Total,ug/l,0.005000,mg/l,1.500,maximum,evaluated,1,1,1,0
2010-09-02,13:00,2010,NS01DL0009,Kelley River at Eight Mile Ford,Boron,Total,ug/l,0.010000,mg/l,1.500,maximum,evaluated,1,1,0,
2010-11-16,11:50,2010,NS01DL0009,Kelley River at Eight Mile Ford,Boron,Total,ug/l,0.005000,mg/l,1.500,maximum,evaluated,1,1,1,0
2010-12-02,14:00,2010,NS01DL0009,Kelley River at Eight Mile Ford,Boron,Total,ug/l,0.005000,mg/l,1.500,maximum,evaluated,1,1,1,0
2011-05-26,13:25,2011,NS01DL0009,Kelley River at Eight Mile Ford,Boron,Total,ug/l,0.005000,mg/l,1.500,maximum,evaluated,1,1,1,0
2011-09-15,11:00,2011,NS01DL0009,Kelley River at Eight Mile Ford,Boron,Total,ug/l,0.005000,mg/l,1.500,maximum,evaluated,1,1,1,0
2011-11-03,11:00,2011,NS01DL0009,Kelley River at Eight Mile Ford,Boron,Total,ug/l,0.005000,mg/l,1.500,maximum,evaluated,1,1,1,0
2011-12-06,12:00,2011,NS01DL0009,Kelley River at Eight Mile Ford,Boron,Total,ug/l,0.005000,mg/l,1.500,maximum,evaluated,1,1,1,0
2012-04-12,11:00,2012,NS01DL0009,Kelley River at Eight Mile Ford,Boron,Total,ug/l,0.005000,mg/l,1.500,maximum,evaluated,1,1,1,0
2012-06-21,11:00,2012,NS01DL0009,Kelley River at Eight Mile Ford,Boron,Total,ug/l,0.008000,mg/l,1.500,maximum,evaluated,1,1,0,
2012-09-27,12:00,2012,NS01DL0009,Kelley River at Eight Mile Ford,Boron,Total,ug/l,0.005000,mg/l,1.500,maximum,evaluated,1,1,0,
2012-11-22,12:00,2012,NS01DL0009,Kelley River at Eight Mile Ford,Boron,Total,ug/l,0.005000,mg/l,1.500,maximum,evaluated,1,1,1,0
2013-04-23,10:00,2013,NS01DL0009,Kelley River at Eight Mile Ford,Boron,Total,ug/l,0.005000,mg/l,1.500,maximum,evaluated,1,1,1,0
2013-08-15,10:00,2013,NS01DL0009,Kelley River at Eight Mile Ford,Boron,Total,ug/l,0.008000,mg/l,1.500,maximum,evaluated,1,1,0,
2013-09-19,12:00,2013,NS01DL0009,Kelley River at Eight Mile Ford,Boron,Total,ug/l,0.006000,mg/l,1.500,maximum,evaluated,1,1,0,
2013-11-26,13:00,2013,NS01DL0009,Kelley River at Eight Mile Ford,Boron,Total,ug/l,0.005000,mg/l,1.500,maximum,evaluated,1,1,1,0
2014-05-16,11:00,2014,NS01DL0009,Kelley River at Eight Mile Ford,Boron,Total,ug/l,0.005000,mg/l,1.500,maximum,evaluated,1,1,0,
2014-06-12,12:00,2014,NS01DL0009,Kelley River at Eight Mile Ford,Boron,Total,ug/l,0.008000,mg/l,1.500,maximum,evaluated,1,1,0,
2014-10-09,11:00,2014,NS01DL0009,Kelley River at Eight Mile Ford,Boron,Total,ug/l,0.006000,mg/l,1.500,maximum,evaluated,1,1,0,
2014-12-17,12:00,2014,NS01DL0009,Kelley River at Eight Mile Ford,Boron,Total,ug/l,0.005000,mg/l,1.500,maximum,evaluated,1,1,1,0
2015-05-19,13:00,2015,NS01DL0009,Kelley River at Eight Mile Ford,Boron,Total,ug/l,0.005000,mg/l,1.500,maximum,evaluated,1,1,1,0
2015-08-13,11:00,2015,NS01DL0009,Kelley River at Eight Mile Ford,Boron,Total,ug/l,0.011000,mg/l,1.500,maximum,evaluated,1,1,0,
2015-10-20,12:00,2015,NS01DL0009,Kelley River at Eight Mile Ford,Boron,Total,ug/l,0.005000,mg/l,1.500,maximum,evaluated,1,1,1,0
2015-11-18,11:00,2015,NS01DL0009,Kelley River at Eight Mile Ford,Boron,Total,ug/l,0.005000,mg/l,1.500,maximum,evaluated,1,1,1,0
2016-05-17,11:00,2016,NS01DL0009,Kelley River at Eight Mile Ford,Boron,Total,ug/l,0.005000,mg/l,1.500,maximum,evaluated,1,1,1,0
2016-08-09,09:00,2016,NS01DL0009,Kelley River at Eight Mile Ford,Boron,Total,ug/l,0.015000,mg/l,1.500,maximum,evaluated,1,1,0,
2016-09-29,11:00,2016,NS01DL0009,Kelley River at Eight Mile Ford,Boron,Total,ug/l,0.011000,mg/l,1.500,maximum,evaluated,1,1,0,
2016-11-04,11:00,2016,NS01DL0009,Kelley River at Eight Mile Ford,Boron,Total,ug/l,0.005000,mg/l,1.500,maximum,evaluated,1,1,0,
2016-12-08,13:00,2016,NS01DL0009,Kelley River at Eight Mile Ford,Boron,Total,ug/l,0.005000,mg/l,1.500,maximum,evaluated,1,1,1,0
2017-05-31,11:00,2017,NS01DL0009,Kelley River at Eight Mile Ford,Boron,Total,ug/l,0.005000,mg/l,1.500,maximum,evaluated,1,1,1,0
2017-08-21,12:00,2017,NS01DL0009,Kelley River at Eight Mile Ford,Boron,Total,ug/l,0.009000,mg/l,1.500,maximum,evaluated,1,1,0,
2017-11-07,12:00,2017,NS01DL0009,Kelley River at Eight Mile Ford,Boron,Total,ug/l,0.050000,mg/l,1.500,maximum,evaluated,1,1,1,0
2017-12-14,12:00,2017,NS01DL0009,Kelley River at Eight Mile Ford,Boron,Total,ug/l,0.050000,mg/l,1.500,maximum,evaluated,1,1,1,0
2018-05-31,11:00,2018,NS01DL0009,Kelley River at Eight Mile Ford,Boron,Total,ug/l,0.050000,mg/l,1.500,maximum,evaluated,1,1,1,0
2018-08-23,12:00,2018,NS01DL0009,Kelley River at Eight Mile Ford,Boron,Total,ug/l,0.020000,mg/l,1.500,maximum,evaluated,1,1,1,0
2018-11-19,13:00,2018,NS01DL0009,Kelley River at Eight Mile Ford,Boron,Total,ug/l,0.020000,mg/l,1.500,maximum,evaluated,1,1,1,0
2019-05-17,12:00,2019,NS01DL0009,Kelley River at Eight Mile Ford,Boron,Total,ug/l,0.050000,mg/l,1.500,maximum,evaluated,1,1,1,0
2019-08-20,11:00,2019,NS01DL0009,Kelley River at Eight Mile Ford,Boron,Total,ug/l,0.020000,mg/l,1.500,maximum,evaluated,1,1,1,0
2019-09-19,13:00,2019,NS01DL0009,Kelley River at Eight Mile Ford,Boron,Total,ug/l,0.020000,mg/l,1.500,maximum,evaluated,1,1,1,0
2019-11-26,12:00,2019,NS01DL0009,Kelley River at Eight Mile Ford,Boron,Total,ug/l,0.020000,mg/l,1.500,maximum,evaluated,1,1,1,0
2020-05-21,12:00,2020,NS01DL0009,Kelley River at Eight Mile Ford,Boron,Total,ug/l,0.050000,mg/l,1.500,maximum,evaluated,1,1,1,0
2020-07-16,11:00,2020,NS01DL0009,Kelley River at Eight Mile Ford,Boron,Total,ug/l,0.050000,mg/l,1.500,maximum,evaluated,1,1,1,0
2020-10-06,12:00,2020,NS01DL0009,Kelley River at Eight Mile Ford,Boron,Total,ug/l,0.020000,mg/l,1.500,maximum,evaluated,1,1,1,0
2020-11-25,13:00,2020,NS01DL0009,Kelley River at Eight Mile Ford,Boron,Total,ug/l,0.020000,mg/l,1.500,maximum,evaluated,1,1,1,0
2021-08-26,11:00,2021,NS01DL0009,Kelley River at Eight Mile Ford,Boron,Total,ug/l,0.020000,mg/l,1.500,maximum,evaluated,1,1,1,0
2021-09-15,12:00,2021,NS01DL0009,Kelley River at Eight Mile Ford,Boron,Total,ug/l,0.020000,mg/l,1.500,maximum,evaluated,1,1,1,0
2021-10-28,11:00,2021,NS01DL0009,Kelley River at Eight Mile Ford,Boron,Total,ug/l,0.020000,mg/l,1.500,maximum,evaluated,1,1,1,0
2021-12-15,12:30,2021,NS01DL0009,Kelley River at Eight Mile Ford,Boron,Total,ug/l,0.010000,mg/l,1.500,maximum,evaluated,1,1,1,0
2022-05-10,11:00,2022,NS01DL0009,Kelley River at Eight Mile Ford,Boron,Total,ug/l,0.020000,mg/l,1.500,maximum,evaluated,1,1,1,0
2022-08-16,11:00,2022,NS01DL0009,Kelley River at Eight Mile Ford,Boron,Total,ug/l,0.020000,mg/l,1.500,maximum,evaluated,1,1,1,0
2022-10-26,14:00,2022,NS01DL0009,Kelley River at Eight Mile Ford,Boron,Total,ug/l,0.020000,mg/l,1.500,maximum,evaluated,1,1,1,0
2022-12-06,13:25,2022,NS01DL0009,Kelley River at Eight Mile Ford,Boron,Total,ug/l,0.020000,mg/l,1.500,maximum,evaluated,1,1,1,0
2023-05-09,12:50,2023,NS01DL0009,Kelley River at Eight Mile Ford,Boron,Total,ug/l,0.020000,mg/l,1.500,maximum,evaluated,1,1,1,0
2023-07-17,11:30,2023,NS01DL0009,Kelley River at Eight Mile Ford,Boron,Total,ug/l,0.020000,mg/l,1.500,maximum,evaluated,1,1,1,0
2023-10-05,12:00,2023,NS01DL0009,Kelley River at Eight Mile Ford,Boron,Total,ug/l,0.020000,mg/l,1.500,maximum,evaluated,1,1,1,0
2023-11-15,14:00,2023,NS01DL0009,Kelley River at Eight Mile Ford,Boron,Total,ug/l,0.020000,mg/l,1.500,maximum,evaluated,1,1,1,0
2024-05-30,12:00,2024,NS01DL0009,Kelley River at Eight Mile Ford,Boron,Total,ug/l,0.020000,mg/l,1.500,maximum,evaluated,1,1,1,0
2024-08-27,12:00,2024,NS01DL0009,Kelley River at Eight Mile Ford,Boron,Total,ug/l,0.020000,mg/l,1.500,maximum,evaluated,1,1,1,0
2024-10-03,12:00,2024,NS01DL0009,Kelley River at Eight Mile Ford,Boron,Total,ug/l,0.020000,mg/l,1.500,maximum,evaluated,1,1,1,0
2024-12-16,13:00,2024,NS01DL0009,Kelley River at Eight Mile Ford,Boron,Total,ug/l,0.020000,mg/l,1.500,maximum,evaluated,1,1,1,0
2021-09-15,12:00,2021,NS01DL0009,Kelley River at Eight Mile Ford,Chloride,(not stated),mg/l,,,,,wrong_fraction,0,,0,
2004-08-26,11:00,2004,NS01DL0009,Kelley River at Eight Mile Ford,Chloride,Dissolved,mg/l,4.800000,mg/l,120.000,maximum,evaluated,1,1,0,
2004-12-17,13:00,2004,NS01DL0009,Kelley River at Eight Mile Ford,Chloride,Dissolved,mg/l,3.200000,mg/l,120.000,maximum,evaluated,1,1,0,
2005-06-21,12:00,2005,NS01DL0009,Kelley River at Eight Mile Ford,Chloride,Dissolved,mg/l,3.100000,mg/l,120.000,maximum,evaluated,1,1,0,
2005-10-13,09:00,2005,NS01DL0009,Kelley River at Eight Mile Ford,Chloride,Dissolved,mg/l,3.400000,mg/l,120.000,maximum,evaluated,1,1,0,
2006-05-18,12:00,2006,NS01DL0009,Kelley River at Eight Mile Ford,Chloride,Dissolved,mg/l,2.900000,mg/l,120.000,maximum,evaluated,1,1,0,
2006-07-27,11:00,2006,NS01DL0009,Kelley River at Eight Mile Ford,Chloride,Dissolved,mg/l,3.000000,mg/l,120.000,maximum,evaluated,1,1,0,
2006-10-12,08:00,2006,NS01DL0009,Kelley River at Eight Mile Ford,Chloride,Dissolved,mg/l,4.200000,mg/l,120.000,maximum,evaluated,1,1,0,
2006-12-12,10:00,2006,NS01DL0009,Kelley River at Eight Mile Ford,Chloride,Dissolved,mg/l,3.300000,mg/l,120.000,maximum,evaluated,1,1,0,
2007-07-18,11:00,2007,NS01DL0009,Kelley River at Eight Mile Ford,Chloride,Dissolved,mg/l,3.900000,mg/l,120.000,maximum,evaluated,1,1,0,
2007-09-27,13:00,2007,NS01DL0009,Kelley River at Eight Mile Ford,Chloride,Dissolved,mg/l,4.500000,mg/l,120.000,maximum,evaluated,1,1,0,
2008-05-01,12:00,2008,NS01DL0009,Kelley River at Eight Mile Ford,Chloride,Dissolved,mg/l,2.300000,mg/l,120.000,maximum,evaluated,1,1,0,
2008-06-11,11:00,2008,NS01DL0009,Kelley River at Eight Mile Ford,Chloride,Dissolved,mg/l,3.000000,mg/l,120.000,maximum,evaluated,1,1,0,
2008-08-28,12:00,2008,NS01DL0009,Kelley River at Eight Mile Ford,Chloride,Dissolved,mg/l,3.600000,mg/l,120.000,maximum,evaluated,1,1,0,
2008-10-29,10:00,2008,NS01DL0009,Kelley River at Eight Mile Ford,Chloride,Dissolved,mg/l,4.500000,mg/l,120.000,maximum,evaluated,1,1,0,
2009-05-21,12:00,2009,NS01DL0009,Kelley River at Eight Mile Ford,Chloride,Dissolved,mg/l,2.500000,mg/l,120.000,maximum,evaluated,1,1,0,
2009-07-07,11:00,2009,NS01DL0009,Kelley River at Eight Mile Ford,Chloride,Dissolved,mg/l,3.500000,mg/l,120.000,maximum,evaluated,1,1,0,
2009-09-03,12:00,2009,NS01DL0009,Kelley River at Eight Mile Ford,Chloride,Dissolved,mg/l,2.800000,mg/l,120.000,maximum,evaluated,1,1,0,
2009-11-23,11:00,2009,NS01DL0009,Kelley River at Eight Mile Ford,Chloride,Dissolved,mg/l,3.300000,mg/l,120.000,maximum,evaluated,1,1,0,
2010-04-20,14:00,2010,NS01DL0009,Kelley River at Eight Mile Ford,Chloride,Dissolved,mg/l,2.100000,mg/l,120.000,maximum,evaluated,1,1,0,
2010-09-02,13:00,2010,NS01DL0009,Kelley River at Eight Mile Ford,Chloride,Dissolved,mg/l,4.400000,mg/l,120.000,maximum,evaluated,1,1,0,
2010-11-16,11:50,2010,NS01DL0009,Kelley River at Eight Mile Ford,Chloride,Dissolved,mg/l,2.400000,mg/l,120.000,maximum,evaluated,1,1,0,
2010-12-02,14:00,2010,NS01DL0009,Kelley River at Eight Mile Ford,Chloride,Dissolved,mg/l,3.200000,mg/l,120.000,maximum,evaluated,1,1,0,
2011-05-26,13:25,2011,NS01DL0009,Kelley River at Eight Mile Ford,Chloride,Dissolved,mg/l,1.900000,mg/l,120.000,maximum,evaluated,1,1,0,
2011-09-15,11:00,2011,NS01DL0009,Kelley River at Eight Mile Ford,Chloride,Dissolved,mg/l,3.600000,mg/l,120.000,maximum,evaluated,1,1,0,
2011-11-03,11:00,2011,NS01DL0009,Kelley River at Eight Mile Ford,Chloride,Dissolved,mg/l,3.200000,mg/l,120.000,maximum,evaluated,1,1,0,
2011-12-06,12:00,2011,NS01DL0009,Kelley River at Eight Mile Ford,Chloride,Dissolved,mg/l,2.600000,mg/l,120.000,maximum,evaluated,1,1,0,
2012-04-12,11:00,2012,NS01DL0009,Kelley River at Eight Mile Ford,Chloride,Dissolved,mg/l,2.400000,mg/l,120.000,maximum,evaluated,1,1,0,
2012-06-21,11:00,2012,NS01DL0009,Kelley River at Eight Mile Ford,Chloride,Dissolved,mg/l,3.800000,mg/l,120.000,maximum,evaluated,1,1,0,
2012-09-27,12:00,2012,NS01DL0009,Kelley River at Eight Mile Ford,Chloride,Dissolved,mg/l,3.200000,mg/l,120.000,maximum,evaluated,1,1,0,
2012-11-22,12:00,2012,NS01DL0009,Kelley River at Eight Mile Ford,Chloride,Dissolved,mg/l,3.500000,mg/l,120.000,maximum,evaluated,1,1,0,
2013-04-23,10:00,2013,NS01DL0009,Kelley River at Eight Mile Ford,Chloride,Dissolved,mg/l,2.100000,mg/l,120.000,maximum,evaluated,1,1,0,
2013-08-15,10:00,2013,NS01DL0009,Kelley River at Eight Mile Ford,Chloride,Dissolved,mg/l,3.600000,mg/l,120.000,maximum,evaluated,1,1,0,
2013-09-19,12:00,2013,NS01DL0009,Kelley River at Eight Mile Ford,Chloride,Dissolved,mg/l,3.200000,mg/l,120.000,maximum,evaluated,1,1,0,
2013-11-26,13:00,2013,NS01DL0009,Kelley River at Eight Mile Ford,Chloride,Dissolved,mg/l,2.900000,mg/l,120.000,maximum,evaluated,1,1,0,
2014-05-16,11:00,2014,NS01DL0009,Kelley River at Eight Mile Ford,Chloride,Dissolved,mg/l,2.200000,mg/l,120.000,maximum,evaluated,1,1,0,
2014-06-12,12:00,2014,NS01DL0009,Kelley River at Eight Mile Ford,Chloride,Dissolved,mg/l,2.900000,mg/l,120.000,maximum,evaluated,1,1,0,
2014-10-09,11:00,2014,NS01DL0009,Kelley River at Eight Mile Ford,Chloride,Dissolved,mg/l,3.600000,mg/l,120.000,maximum,evaluated,1,1,0,
2014-12-17,12:00,2014,NS01DL0009,Kelley River at Eight Mile Ford,Chloride,Dissolved,mg/l,1.800000,mg/l,120.000,maximum,evaluated,1,1,0,
2015-05-19,13:00,2015,NS01DL0009,Kelley River at Eight Mile Ford,Chloride,Dissolved,mg/l,1.500000,mg/l,120.000,maximum,evaluated,1,1,0,
2015-08-13,11:00,2015,NS01DL0009,Kelley River at Eight Mile Ford,Chloride,Dissolved,mg/l,3.300000,mg/l,120.000,maximum,evaluated,1,1,0,
2015-10-20,12:00,2015,NS01DL0009,Kelley River at Eight Mile Ford,Chloride,Dissolved,mg/l,3.300000,mg/l,120.000,maximum,evaluated,1,1,0,
2015-11-18,11:00,2015,NS01DL0009,Kelley River at Eight Mile Ford,Chloride,Dissolved,mg/l,3.500000,mg/l,120.000,maximum,evaluated,1,1,0,
2016-05-17,11:00,2016,NS01DL0009,Kelley River at Eight Mile Ford,Chloride,Dissolved,mg/l,2.400000,mg/l,120.000,maximum,evaluated,1,1,0,
2016-08-09,09:00,2016,NS01DL0009,Kelley River at Eight Mile Ford,Chloride,Dissolved,mg/l,5.600000,mg/l,120.000,maximum,evaluated,1,1,0,
2016-09-29,11:00,2016,NS01DL0009,Kelley River at Eight Mile Ford,Chloride,Dissolved,mg/l,3.900000,mg/l,120.000,maximum,evaluated,1,1,0,
2016-11-04,11:00,2016,NS01DL0009,Kelley River at Eight Mile Ford,Chloride,Dissolved,mg/l,4.900000,mg/l,120.000,maximum,evaluated,1,1,0,
2016-12-08,13:00,2016,NS01DL0009,Kelley River at Eight Mile Ford,Chloride,Dissolved,mg/l,3.600000,mg/l,120.000,maximum,evaluated,1,1,0,
2017-05-31,11:00,2017,NS01DL0009,Kelley River at Eight Mile Ford,Chloride,Dissolved,mg/l,2.600000,mg/l,120.000,maximum,evaluated,1,1,0,
2017-08-21,12:00,2017,NS01DL0009,Kelley River at Eight Mile Ford,Chloride,Dissolved,mg/l,3.400000,mg/l,120.000,maximum,evaluated,1,1,0,
2017-11-07,12:00,2017,NS01DL0009,Kelley River at Eight Mile Ford,Chloride,Dissolved,mg/l,5.600000,mg/l,120.000,maximum,evaluated,1,1,0,
2017-12-14,12:00,2017,NS01DL0009,Kelley River at Eight Mile Ford,Chloride,Dissolved,mg/l,4.000000,mg/l,120.000,maximum,evaluated,1,1,0,
2018-05-31,11:00,2018,NS01DL0009,Kelley River at Eight Mile Ford,Chloride,Dissolved,mg/l,2.800000,mg/l,120.000,maximum,evaluated,1,1,0,
2018-08-23,12:00,2018,NS01DL0009,Kelley River at Eight Mile Ford,Chloride,Dissolved,mg/l,3.200000,mg/l,120.000,maximum,evaluated,1,1,0,
2018-11-19,13:00,2018,NS01DL0009,Kelley River at Eight Mile Ford,Chloride,Dissolved,mg/l,3.500000,mg/l,120.000,maximum,evaluated,1,1,0,
2019-05-17,12:00,2019,NS01DL0009,Kelley River at Eight Mile Ford,Chloride,Dissolved,mg/l,2.000000,mg/l,120.000,maximum,evaluated,1,1,0,
2019-08-20,11:00,2019,NS01DL0009,Kelley River at Eight Mile Ford,Chloride,Dissolved,mg/l,4.100000,mg/l,120.000,maximum,evaluated,1,1,0,
2019-09-19,13:00,2019,NS01DL0009,Kelley River at Eight Mile Ford,Chloride,Dissolved,mg/l,3.000000,mg/l,120.000,maximum,evaluated,1,1,0,
2019-11-26,12:00,2019,NS01DL0009,Kelley River at Eight Mile Ford,Chloride,Dissolved,mg/l,2.800000,mg/l,120.000,maximum,evaluated,1,1,0,
2020-05-21,12:00,2020,NS01DL0009,Kelley River at Eight Mile Ford,Chloride,Dissolved,mg/l,2.900000,mg/l,120.000,maximum,evaluated,1,1,0,
2020-07-16,11:00,2020,NS01DL0009,Kelley River at Eight Mile Ford,Chloride,Dissolved,mg/l,4.200000,mg/l,120.000,maximum,evaluated,1,1,0,
2020-10-06,12:00,2020,NS01DL0009,Kelley River at Eight Mile Ford,Chloride,Dissolved,mg/l,5.300000,mg/l,120.000,maximum,evaluated,1,1,0,
2020-11-25,13:00,2020,NS01DL0009,Kelley River at Eight Mile Ford,Chloride,Dissolved,mg/l,4.800000,mg/l,120.000,maximum,evaluated,1,1,0,
2021-08-26,11:00,2021,NS01DL0009,Kelley River at Eight Mile Ford,Chloride,Dissolved,mg/l,4.100000,mg/l,120.000,maximum,evaluated,1,1,0,
2021-10-28,11:00,2021,NS01DL0009,Kelley River at Eight Mile Ford,Chloride,Dissolved,mg/l,4.700000,mg/l,120.000,maximum,evaluated,1,1,0,
2021-12-15,12:30,2021,NS01DL0009,Kelley River at Eight Mile Ford,Chloride,Dissolved,mg/l,3.000000,mg/l,120.000,maximum,evaluated,1,1,0,
2022-05-10,11:00,2022,NS01DL0009,Kelley River at Eight Mile Ford,Chloride,Dissolved,mg/l,2.300000,mg/l,120.000,maximum,evaluated,1,1,0,
2022-08-16,11:00,2022,NS01DL0009,Kelley River at Eight Mile Ford,Chloride,Dissolved,mg/l,3.100000,mg/l,120.000,maximum,evaluated,1,1,0,
2022-10-26,14:00,2022,NS01DL0009,Kelley River at Eight Mile Ford,Chloride,Dissolved,mg/l,5.300000,mg/l,120.000,maximum,evaluated,1,1,0,
2022-12-06,13:25,2022,NS01DL0009,Kelley River at Eight Mile Ford,Chloride,Dissolved,mg/l,4.500000,mg/l,120.000,maximum,evaluated,1,1,0,
2023-05-09,12:50,2023,NS01DL0009,Kelley River at Eight Mile Ford,Chloride,Dissolved,mg/l,2.100000,mg/l,120.000,maximum,evaluated,1,1,0,
2023-07-17,11:30,2023,NS01DL0009,Kelley River at Eight Mile Ford,Chloride,Dissolved,mg/l,4.000000,mg/l,120.000,maximum,evaluated,1,1,0,
2023-10-05,12:00,2023,NS01DL0009,Kelley River at Eight Mile Ford,Chloride,Dissolved,mg/l,3.500000,mg/l,120.000,maximum,evaluated,1,1,0,
2023-11-15,14:00,2023,NS01DL0009,Kelley River at Eight Mile Ford,Chloride,Dissolved,mg/l,3.700000,mg/l,120.000,maximum,evaluated,1,1,0,
2024-05-30,12:00,2024,NS01DL0009,Kelley River at Eight Mile Ford,Chloride,Dissolved,mg/l,3.400000,mg/l,120.000,maximum,evaluated,1,1,0,
2024-08-27,12:00,2024,NS01DL0009,Kelley River at Eight Mile Ford,Chloride,Dissolved,mg/l,4.200000,mg/l,120.000,maximum,evaluated,1,1,0,
2024-10-03,12:00,2024,NS01DL0009,Kelley River at Eight Mile Ford,Chloride,Dissolved,mg/l,4.200000,mg/l,120.000,maximum,evaluated,1,1,0,
2024-12-16,13:00,2024,NS01DL0009,Kelley River at Eight Mile Ford,Chloride,Dissolved,mg/l,3.500000,mg/l,120.000,maximum,evaluated,1,1,0,
2005-06-21,12:00,2005,NS01DL0009,Kelley River at Eight Mile Ford,Dissolved oxygen (DO),(not stated),mg/l,8.200000,mg/l,6.500,minimum,evaluated,1,1,0,
2005-10-13,09:00,2005,NS01DL0009,Kelley River at Eight Mile Ford,Dissolved oxygen (DO),(not stated),mg/l,10.600000,mg/l,6.500,minimum,evaluated,1,1,0,
2006-05-18,12:00,2006,NS01DL0009,Kelley River at Eight Mile Ford,Dissolved oxygen (DO),(not stated),mg/l,10.180000,mg/l,6.500,minimum,evaluated,1,1,0,
2006-07-27,11:00,2006,NS01DL0009,Kelley River at Eight Mile Ford,Dissolved oxygen (DO),(not stated),mg/l,8.310000,mg/l,6.500,minimum,evaluated,1,1,0,
2006-10-12,08:00,2006,NS01DL0009,Kelley River at Eight Mile Ford,Dissolved oxygen (DO),(not stated),mg/l,10.550000,mg/l,6.500,minimum,evaluated,1,1,0,
2006-12-12,10:00,2006,NS01DL0009,Kelley River at Eight Mile Ford,Dissolved oxygen (DO),(not stated),mg/l,13.820000,mg/l,6.500,minimum,evaluated,1,1,0,
2007-09-27,13:00,2007,NS01DL0009,Kelley River at Eight Mile Ford,Dissolved oxygen (DO),(not stated),mg/l,9.390000,mg/l,6.500,minimum,evaluated,1,1,0,
2008-05-01,12:00,2008,NS01DL0009,Kelley River at Eight Mile Ford,Dissolved oxygen (DO),(not stated),mg/l,11.760000,mg/l,6.500,minimum,evaluated,1,1,0,
2008-06-11,11:00,2008,NS01DL0009,Kelley River at Eight Mile Ford,Dissolved oxygen (DO),(not stated),mg/l,9.920000,mg/l,6.500,minimum,evaluated,1,1,0,
2008-08-28,12:00,2008,NS01DL0009,Kelley River at Eight Mile Ford,Dissolved oxygen (DO),(not stated),mg/l,9.850000,mg/l,6.500,minimum,evaluated,1,1,0,
2008-10-29,10:00,2008,NS01DL0009,Kelley River at Eight Mile Ford,Dissolved oxygen (DO),(not stated),mg/l,10.040000,mg/l,6.500,minimum,evaluated,1,1,0,
2009-05-21,12:00,2009,NS01DL0009,Kelley River at Eight Mile Ford,Dissolved oxygen (DO),(not stated),mg/l,10.350000,mg/l,6.500,minimum,evaluated,1,1,0,
2009-09-03,12:00,2009,NS01DL0009,Kelley River at Eight Mile Ford,Dissolved oxygen (DO),(not stated),mg/l,9.560000,mg/l,6.500,minimum,evaluated,1,1,0,
2009-11-23,11:00,2009,NS01DL0009,Kelley River at Eight Mile Ford,Dissolved oxygen (DO),(not stated),mg/l,13.420000,mg/l,6.500,minimum,evaluated,1,1,0,
2010-04-20,14:00,2010,NS01DL0009,Kelley River at Eight Mile Ford,Dissolved oxygen (DO),(not stated),mg/l,12.620000,mg/l,6.500,minimum,evaluated,1,1,0,
2010-09-02,13:00,2010,NS01DL0009,Kelley River at Eight Mile Ford,Dissolved oxygen (DO),(not stated),mg/l,9.130000,mg/l,6.500,minimum,evaluated,1,1,0,
2010-11-16,11:50,2010,NS01DL0009,Kelley River at Eight Mile Ford,Dissolved oxygen (DO),(not stated),mg/l,12.620000,mg/l,6.500,minimum,evaluated,1,1,0,
2010-12-02,14:00,2010,NS01DL0009,Kelley River at Eight Mile Ford,Dissolved oxygen (DO),(not stated),mg/l,12.860000,mg/l,6.500,minimum,evaluated,1,1,0,
2011-05-26,13:25,2011,NS01DL0009,Kelley River at Eight Mile Ford,Dissolved oxygen (DO),(not stated),mg/l,10.980000,mg/l,6.500,minimum,evaluated,1,1,0,
2011-09-15,11:00,2011,NS01DL0009,Kelley River at Eight Mile Ford,Dissolved oxygen (DO),(not stated),mg/l,9.360000,mg/l,6.500,minimum,evaluated,1,1,0,
2011-11-03,11:00,2011,NS01DL0009,Kelley River at Eight Mile Ford,Dissolved oxygen (DO),(not stated),mg/l,17.500000,mg/l,6.500,minimum,evaluated,1,1,0,
2011-12-06,12:00,2011,NS01DL0009,Kelley River at Eight Mile Ford,Dissolved oxygen (DO),(not stated),mg/l,11.660000,mg/l,6.500,minimum,evaluated,1,1,0,
2012-04-12,11:00,2012,NS01DL0009,Kelley River at Eight Mile Ford,Dissolved oxygen (DO),(not stated),mg/l,12.530000,mg/l,6.500,minimum,evaluated,1,1,0,
2012-06-21,11:00,2012,NS01DL0009,Kelley River at Eight Mile Ford,Dissolved oxygen (DO),(not stated),mg/l,9.090000,mg/l,6.500,minimum,evaluated,1,1,0,
2012-09-27,12:00,2012,NS01DL0009,Kelley River at Eight Mile Ford,Dissolved oxygen (DO),(not stated),mg/l,9.820000,mg/l,6.500,minimum,evaluated,1,1,0,
2013-04-23,10:00,2013,NS01DL0009,Kelley River at Eight Mile Ford,Dissolved oxygen (DO),(not stated),mg/l,12.510000,mg/l,6.500,minimum,evaluated,1,1,0,
2013-08-15,10:00,2013,NS01DL0009,Kelley River at Eight Mile Ford,Dissolved oxygen (DO),(not stated),mg/l,9.120000,mg/l,6.500,minimum,evaluated,1,1,0,
2013-09-19,12:00,2013,NS01DL0009,Kelley River at Eight Mile Ford,Dissolved oxygen (DO),(not stated),mg/l,10.650000,mg/l,6.500,minimum,evaluated,1,1,0,
2013-11-26,13:00,2013,NS01DL0009,Kelley River at Eight Mile Ford,Dissolved oxygen (DO),(not stated),mg/l,14.170000,mg/l,6.500,minimum,evaluated,1,1,0,
2014-05-16,11:00,2014,NS01DL0009,Kelley River at Eight Mile Ford,Dissolved oxygen (DO),(not stated),mg/l,10.960000,mg/l,6.500,minimum,evaluated,1,1,0,
2014-06-12,12:00,2014,NS01DL0009,Kelley River at Eight Mile Ford,Dissolved oxygen (DO),(not stated),mg/l,10.050000,mg/l,6.500,minimum,evaluated,1,1,0,
2014-10-09,11:00,2014,NS01DL0009,Kelley River at Eight Mile Ford,Dissolved oxygen (DO),(not stated),mg/l,9.890000,mg/l,6.500,minimum,evaluated,1,1,0,
2014-12-17,12:00,2014,NS01DL0009,Kelley River at Eight Mile Ford,Dissolved oxygen (DO),(not stated),mg/l,13.510000,mg/l,6.500,minimum,evaluated,1,1,0,
2015-05-19,13:00,2015,NS01DL0009,Kelley River at Eight Mile Ford,Dissolved oxygen (DO),(not stated),mg/l,11.210000,mg/l,6.500,minimum,evaluated,1,1,0,
2015-08-13,11:00,2015,NS01DL0009,Kelley River at Eight Mile Ford,Dissolved oxygen (DO),(not stated),mg/l,9.240000,mg/l,6.500,minimum,evaluated,1,1,0,
2015-10-20,12:00,2015,NS01DL0009,Kelley River at Eight Mile Ford,Dissolved oxygen (DO),(not stated),mg/l,12.050000,mg/l,6.500,minimum,evaluated,1,1,0,
2015-11-18,11:00,2015,NS01DL0009,Kelley River at Eight Mile Ford,Dissolved oxygen (DO),(not stated),mg/l,13.520000,mg/l,6.500,minimum,evaluated,1,1,0,
2016-05-17,11:00,2016,NS01DL0009,Kelley River at Eight Mile Ford,Dissolved oxygen (DO),(not stated),mg/l,10.110000,mg/l,6.500,minimum,evaluated,1,1,0,
2016-08-09,09:00,2016,NS01DL0009,Kelley River at Eight Mile Ford,Dissolved oxygen (DO),(not stated),mg/l,7.990000,mg/l,6.500,minimum,evaluated,1,1,0,
2016-09-29,11:00,2016,NS01DL0009,Kelley River at Eight Mile Ford,Dissolved oxygen (DO),(not stated),mg/l,9.550000,mg/l,6.500,minimum,evaluated,1,1,0,
2016-11-04,11:00,2016,NS01DL0009,Kelley River at Eight Mile Ford,Dissolved oxygen (DO),(not stated),mg/l,9.220000,mg/l,6.500,minimum,evaluated,1,1,0,
2016-12-08,13:00,2016,NS01DL0009,Kelley River at Eight Mile Ford,Dissolved oxygen (DO),(not stated),mg/l,10.230000,mg/l,6.500,minimum,evaluated,1,1,0,
2017-05-31,11:00,2017,NS01DL0009,Kelley River at Eight Mile Ford,Dissolved oxygen (DO),(not stated),mg/l,10.610000,mg/l,6.500,minimum,evaluated,1,1,0,
2017-08-21,12:00,2017,NS01DL0009,Kelley River at Eight Mile Ford,Dissolved oxygen (DO),(not stated),mg/l,9.480000,mg/l,6.500,minimum,evaluated,1,1,0,
2017-11-07,12:00,2017,NS01DL0009,Kelley River at Eight Mile Ford,Dissolved oxygen (DO),(not stated),mg/l,11.320000,mg/l,6.500,minimum,evaluated,1,1,0,
2017-12-14,12:00,2017,NS01DL0009,Kelley River at Eight Mile Ford,Dissolved oxygen (DO),(not stated),mg/l,12.980000,mg/l,6.500,minimum,evaluated,1,1,0,
2018-05-31,11:00,2018,NS01DL0009,Kelley River at Eight Mile Ford,Dissolved oxygen (DO),(not stated),mg/l,10.370000,mg/l,6.500,minimum,evaluated,1,1,0,
2018-08-23,12:00,2018,NS01DL0009,Kelley River at Eight Mile Ford,Dissolved oxygen (DO),(not stated),mg/l,9.140000,mg/l,6.500,minimum,evaluated,1,1,0,
2018-11-19,13:00,2018,NS01DL0009,Kelley River at Eight Mile Ford,Dissolved oxygen (DO),(not stated),mg/l,13.500000,mg/l,6.500,minimum,evaluated,1,1,0,
2019-05-17,12:00,2019,NS01DL0009,Kelley River at Eight Mile Ford,Dissolved oxygen (DO),(not stated),mg/l,11.870000,mg/l,6.500,minimum,evaluated,1,1,0,
2019-08-20,11:00,2019,NS01DL0009,Kelley River at Eight Mile Ford,Dissolved oxygen (DO),(not stated),mg/l,8.730000,mg/l,6.500,minimum,evaluated,1,1,0,
2019-09-19,13:00,2019,NS01DL0009,Kelley River at Eight Mile Ford,Dissolved oxygen (DO),(not stated),mg/l,9.180000,mg/l,6.500,minimum,evaluated,1,1,0,
2019-11-26,12:00,2019,NS01DL0009,Kelley River at Eight Mile Ford,Dissolved oxygen (DO),(not stated),mg/l,12.890000,mg/l,6.500,minimum,evaluated,1,1,0,
2020-05-21,12:00,2020,NS01DL0009,Kelley River at Eight Mile Ford,Dissolved oxygen (DO),(not stated),mg/l,10.960000,mg/l,6.500,minimum,evaluated,1,1,0,
2020-07-16,11:00,2020,NS01DL0009,Kelley River at Eight Mile Ford,Dissolved oxygen (DO),(not stated),mg/l,9.700000,mg/l,6.500,minimum,evaluated,1,1,0,
2020-10-06,12:00,2020,NS01DL0009,Kelley River at Eight Mile Ford,Dissolved oxygen (DO),(not stated),mg/l,10.310000,mg/l,6.500,minimum,evaluated,1,1,0,
2020-11-25,13:00,2020,NS01DL0009,Kelley River at Eight Mile Ford,Dissolved oxygen (DO),(not stated),mg/l,12.620000,mg/l,6.500,minimum,evaluated,1,1,0,
2021-08-26,11:00,2021,NS01DL0009,Kelley River at Eight Mile Ford,Dissolved oxygen (DO),(not stated),mg/l,8.910000,mg/l,6.500,minimum,evaluated,1,1,0,
2021-09-15,12:00,2021,NS01DL0009,Kelley River at Eight Mile Ford,Dissolved oxygen (DO),(not stated),mg/l,10.580000,mg/l,6.500,minimum,evaluated,1,1,0,
2021-10-28,11:00,2021,NS01DL0009,Kelley River at Eight Mile Ford,Dissolved oxygen (DO),(not stated),mg/l,10.810000,mg/l,6.500,minimum,evaluated,1,1,0,
2021-12-15,12:30,2021,NS01DL0009,Kelley River at Eight Mile Ford,Dissolved oxygen (DO),(not stated),mg/l,13.710000,mg/l,6.500,minimum,evaluated,1,1,0,
2022-05-10,11:00,2022,NS01DL0009,Kelley River at Eight Mile Ford,Dissolved oxygen (DO),(not stated),mg/l,11.610000,mg/l,6.500,minimum,evaluated,1,1,0,
2022-08-16,11:00,2022,NS01DL0009,Kelley River at Eight Mile Ford,Dissolved oxygen (DO),(not stated),mg/l,9.160000,mg/l,6.500,minimum,evaluated,1,1,0,
2022-10-26,14:00,2022,NS01DL0009,Kelley River at Eight Mile Ford,Dissolved oxygen (DO),(not stated),mg/l,10.710000,mg/l,6.500,minimum,evaluated,1,1,0,
2022-12-06,13:25,2022,NS01DL0009,Kelley River at Eight Mile Ford,Dissolved oxygen (DO),(not stated),mg/l,12.650000,mg/l,6.500,minimum,evaluated,1,1,0,
2023-05-09,12:50,2023,NS01DL0009,Kelley River at Eight Mile Ford,Dissolved oxygen (DO),(not stated),mg/l,11.380000,mg/l,6.500,minimum,evaluated,1,1,0,
2023-07-17,11:30,2023,NS01DL0009,Kelley River at Eight Mile Ford,Dissolved oxygen (DO),(not stated),mg/l,8.730000,mg/l,6.500,minimum,evaluated,1,1,0,
2023-10-05,12:00,2023,NS01DL0009,Kelley River at Eight Mile Ford,Dissolved oxygen (DO),(not stated),mg/l,10.400000,mg/l,6.500,minimum,evaluated,1,1,0,
2023-11-15,14:00,2023,NS01DL0009,Kelley River at Eight Mile Ford,Dissolved oxygen (DO),(not stated),mg/l,12.390000,mg/l,6.500,minimum,evaluated,1,1,0,
2024-05-30,12:00,2024,NS01DL0009,Kelley River at Eight Mile Ford,Dissolved oxygen (DO),(not stated),mg/l,9.860000,mg/l,6.500,minimum,evaluated,1,1,0,
2024-08-27,12:00,2024,NS01DL0009,Kelley River at Eight Mile Ford,Dissolved oxygen (DO),(not stated),mg/l,10.510000,mg/l,6.500,minimum,evaluated,1,1,0,
2024-10-03,12:00,2024,NS01DL0009,Kelley River at Eight Mile Ford,Dissolved oxygen (DO),(not stated),mg/l,11.030000,mg/l,6.500,minimum,evaluated,1,1,0,
2024-12-16,13:00,2024,NS01DL0009,Kelley River at Eight Mile Ford,Dissolved oxygen (DO),(not stated),mg/l,14.600000,mg/l,6.500,minimum,evaluated,1,1,0,
2020-07-16,11:00,2020,NS01DL0009,Kelley River at Eight Mile Ford,Iron,Dissolved,ug/l,,,,,wrong_fraction,0,,0,
2020-11-25,13:00,2020,NS01DL0009,Kelley River at Eight Mile Ford,Iron,Dissolved,ug/l,,,,,wrong_fraction,0,,0,
2022-05-10,11:00,2022,NS01DL0009,Kelley River at Eight Mile Ford,Iron,Dissolved,ug/l,,,,,wrong_fraction,0,,0,
2022-08-16,11:00,2022,NS01DL0009,Kelley River at Eight Mile Ford,Iron,Dissolved,ug/l,,,,,wrong_fraction,0,,0,
2022-10-26,14:00,2022,NS01DL0009,Kelley River at Eight Mile Ford,Iron,Dissolved,ug/l,,,,,wrong_fraction,0,,0,
2022-12-06,13:25,2022,NS01DL0009,Kelley River at Eight Mile Ford,Iron,Dissolved,ug/l,,,,,wrong_fraction,0,,0,
2023-05-09,12:50,2023,NS01DL0009,Kelley River at Eight Mile Ford,Iron,Dissolved,ug/l,,,,,wrong_fraction,0,,0,
2023-07-17,11:30,2023,NS01DL0009,Kelley River at Eight Mile Ford,Iron,Dissolved,ug/l,,,,,wrong_fraction,0,,0,
2023-10-05,12:00,2023,NS01DL0009,Kelley River at Eight Mile Ford,Iron,Dissolved,ug/l,,,,,wrong_fraction,0,,0,
2023-11-15,14:00,2023,NS01DL0009,Kelley River at Eight Mile Ford,Iron,Dissolved,ug/l,,,,,wrong_fraction,0,,0,
2024-05-30,12:00,2024,NS01DL0009,Kelley River at Eight Mile Ford,Iron,Dissolved,ug/l,,,,,wrong_fraction,0,,0,
2024-08-27,12:00,2024,NS01DL0009,Kelley River at Eight Mile Ford,Iron,Dissolved,ug/l,,,,,wrong_fraction,0,,0,
2024-10-03,12:00,2024,NS01DL0009,Kelley River at Eight Mile Ford,Iron,Dissolved,ug/l,,,,,wrong_fraction,0,,0,
2024-12-16,13:00,2024,NS01DL0009,Kelley River at Eight Mile Ford,Iron,Dissolved,ug/l,,,,,wrong_fraction,0,,0,
2004-08-26,11:00,2004,NS01DL0009,Kelley River at Eight Mile Ford,Iron,Total,ug/l,457.000000,ug/l,300.000,maximum,evaluated,1,0,0,
2004-12-17,13:00,2004,NS01DL0009,Kelley River at Eight Mile Ford,Iron,Total,ug/l,257.000000,ug/l,300.000,maximum,evaluated,1,1,0,
2005-06-21,12:00,2005,NS01DL0009,Kelley River at Eight Mile Ford,Iron,Total,ug/l,404.000000,ug/l,300.000,maximum,evaluated,1,0,0,
2005-10-13,09:00,2005,NS01DL0009,Kelley River at Eight Mile Ford,Iron,Total,ug/l,728.000000,ug/l,300.000,maximum,evaluated,1,0,0,
2006-05-18,12:00,2006,NS01DL0009,Kelley River at Eight Mile Ford,Iron,Total,ug/l,333.000000,ug/l,300.000,maximum,evaluated,1,0,0,
2006-07-27,11:00,2006,NS01DL0009,Kelley River at Eight Mile Ford,Iron,Total,ug/l,787.000000,ug/l,300.000,maximum,evaluated,1,0,0,
2006-10-12,08:00,2006,NS01DL0009,Kelley River at Eight Mile Ford,Iron,Total,ug/l,630.000000,ug/l,300.000,maximum,evaluated,1,0,0,
2006-12-12,10:00,2006,NS01DL0009,Kelley River at Eight Mile Ford,Iron,Total,ug/l,280.000000,ug/l,300.000,maximum,evaluated,1,1,0,
2007-07-18,11:00,2007,NS01DL0009,Kelley River at Eight Mile Ford,Iron,Total,ug/l,493.000000,ug/l,300.000,maximum,evaluated,1,0,0,
2007-09-27,13:00,2007,NS01DL0009,Kelley River at Eight Mile Ford,Iron,Total,ug/l,448.000000,ug/l,300.000,maximum,evaluated,1,0,0,
2008-05-01,12:00,2008,NS01DL0009,Kelley River at Eight Mile Ford,Iron,Total,ug/l,2.000000,ug/l,300.000,maximum,evaluated,1,1,1,0
2008-06-11,11:00,2008,NS01DL0009,Kelley River at Eight Mile Ford,Iron,Total,ug/l,483.000000,ug/l,300.000,maximum,evaluated,1,0,0,
2008-08-28,12:00,2008,NS01DL0009,Kelley River at Eight Mile Ford,Iron,Total,ug/l,885.000000,ug/l,300.000,maximum,evaluated,1,0,0,
2008-10-29,10:00,2008,NS01DL0009,Kelley River at Eight Mile Ford,Iron,Total,ug/l,573.000000,ug/l,300.000,maximum,evaluated,1,0,0,
2009-05-21,12:00,2009,NS01DL0009,Kelley River at Eight Mile Ford,Iron,Total,ug/l,360.000000,ug/l,300.000,maximum,evaluated,1,0,0,
2009-07-07,11:00,2009,NS01DL0009,Kelley River at Eight Mile Ford,Iron,Total,ug/l,690.000000,ug/l,300.000,maximum,evaluated,1,0,0,
2009-09-03,12:00,2009,NS01DL0009,Kelley River at Eight Mile Ford,Iron,Total,ug/l,656.000000,ug/l,300.000,maximum,evaluated,1,0,0,
2009-11-23,11:00,2009,NS01DL0009,Kelley River at Eight Mile Ford,Iron,Total,ug/l,313.000000,ug/l,300.000,maximum,evaluated,1,0,0,
2010-04-20,14:00,2010,NS01DL0009,Kelley River at Eight Mile Ford,Iron,Total,ug/l,215.000000,ug/l,300.000,maximum,evaluated,1,1,0,
2010-09-02,13:00,2010,NS01DL0009,Kelley River at Eight Mile Ford,Iron,Total,ug/l,385.000000,ug/l,300.000,maximum,evaluated,1,0,0,
2010-11-16,11:50,2010,NS01DL0009,Kelley River at Eight Mile Ford,Iron,Total,ug/l,320.000000,ug/l,300.000,maximum,evaluated,1,0,0,
2010-12-02,14:00,2010,NS01DL0009,Kelley River at Eight Mile Ford,Iron,Total,ug/l,216.000000,ug/l,300.000,maximum,evaluated,1,1,0,
2011-05-26,13:25,2011,NS01DL0009,Kelley River at Eight Mile Ford,Iron,Total,ug/l,308.000000,ug/l,300.000,maximum,evaluated,1,0,0,
2011-09-15,11:00,2011,NS01DL0009,Kelley River at Eight Mile Ford,Iron,Total,ug/l,753.000000,ug/l,300.000,maximum,evaluated,1,0,0,
2011-11-03,11:00,2011,NS01DL0009,Kelley River at Eight Mile Ford,Iron,Total,ug/l,365.000000,ug/l,300.000,maximum,evaluated,1,0,0,
2011-12-06,12:00,2011,NS01DL0009,Kelley River at Eight Mile Ford,Iron,Total,ug/l,306.000000,ug/l,300.000,maximum,evaluated,1,0,0,
2012-04-12,11:00,2012,NS01DL0009,Kelley River at Eight Mile Ford,Iron,Total,ug/l,209.000000,ug/l,300.000,maximum,evaluated,1,1,0,
2012-06-21,11:00,2012,NS01DL0009,Kelley River at Eight Mile Ford,Iron,Total,ug/l,418.000000,ug/l,300.000,maximum,evaluated,1,0,0,
2012-09-27,12:00,2012,NS01DL0009,Kelley River at Eight Mile Ford,Iron,Total,ug/l,530.000000,ug/l,300.000,maximum,evaluated,1,0,0,
2012-11-22,12:00,2012,NS01DL0009,Kelley River at Eight Mile Ford,Iron,Total,ug/l,264.000000,ug/l,300.000,maximum,evaluated,1,1,0,
2013-04-23,10:00,2013,NS01DL0009,Kelley River at Eight Mile Ford,Iron,Total,ug/l,217.000000,ug/l,300.000,maximum,evaluated,1,1,0,
2013-08-15,10:00,2013,NS01DL0009,Kelley River at Eight Mile Ford,Iron,Total,ug/l,591.000000,ug/l,300.000,maximum,evaluated,1,0,0,
2013-09-19,12:00,2013,NS01DL0009,Kelley River at Eight Mile Ford,Iron,Total,ug/l,530.000000,ug/l,300.000,maximum,evaluated,1,0,0,
2013-11-26,13:00,2013,NS01DL0009,Kelley River at Eight Mile Ford,Iron,Total,ug/l,286.000000,ug/l,300.000,maximum,evaluated,1,1,0,
2014-05-16,11:00,2014,NS01DL0009,Kelley River at Eight Mile Ford,Iron,Total,ug/l,252.000000,ug/l,300.000,maximum,evaluated,1,1,0,
2014-06-12,12:00,2014,NS01DL0009,Kelley River at Eight Mile Ford,Iron,Total,ug/l,425.000000,ug/l,300.000,maximum,evaluated,1,0,0,
2014-10-09,11:00,2014,NS01DL0009,Kelley River at Eight Mile Ford,Iron,Total,ug/l,615.000000,ug/l,300.000,maximum,evaluated,1,0,0,
2014-12-17,12:00,2014,NS01DL0009,Kelley River at Eight Mile Ford,Iron,Total,ug/l,198.000000,ug/l,300.000,maximum,evaluated,1,1,0,
2015-05-19,13:00,2015,NS01DL0009,Kelley River at Eight Mile Ford,Iron,Total,ug/l,223.000000,ug/l,300.000,maximum,evaluated,1,1,0,
2015-08-13,11:00,2015,NS01DL0009,Kelley River at Eight Mile Ford,Iron,Total,ug/l,372.000000,ug/l,300.000,maximum,evaluated,1,0,0,
2015-10-20,12:00,2015,NS01DL0009,Kelley River at Eight Mile Ford,Iron,Total,ug/l,355.000000,ug/l,300.000,maximum,evaluated,1,0,0,
2015-11-18,11:00,2015,NS01DL0009,Kelley River at Eight Mile Ford,Iron,Total,ug/l,270.000000,ug/l,300.000,maximum,evaluated,1,1,0,
2016-05-17,11:00,2016,NS01DL0009,Kelley River at Eight Mile Ford,Iron,Total,ug/l,247.000000,ug/l,300.000,maximum,evaluated,1,1,0,
2016-08-09,09:00,2016,NS01DL0009,Kelley River at Eight Mile Ford,Iron,Total,ug/l,297.000000,ug/l,300.000,maximum,evaluated,1,1,0,
2016-09-29,11:00,2016,NS01DL0009,Kelley River at Eight Mile Ford,Iron,Total,ug/l,418.000000,ug/l,300.000,maximum,evaluated,1,0,0,
2016-11-04,11:00,2016,NS01DL0009,Kelley River at Eight Mile Ford,Iron,Total,ug/l,545.000000,ug/l,300.000,maximum,evaluated,1,0,0,
2016-12-08,13:00,2016,NS01DL0009,Kelley River at Eight Mile Ford,Iron,Total,ug/l,321.000000,ug/l,300.000,maximum,evaluated,1,0,0,
2017-05-31,11:00,2017,NS01DL0009,Kelley River at Eight Mile Ford,Iron,Total,ug/l,338.000000,ug/l,300.000,maximum,evaluated,1,0,0,
2017-08-21,12:00,2017,NS01DL0009,Kelley River at Eight Mile Ford,Iron,Total,ug/l,478.000000,ug/l,300.000,maximum,evaluated,1,0,0,
2017-11-07,12:00,2017,NS01DL0009,Kelley River at Eight Mile Ford,Iron,Total,ug/l,440.000000,ug/l,300.000,maximum,evaluated,1,0,0,
2017-12-14,12:00,2017,NS01DL0009,Kelley River at Eight Mile Ford,Iron,Total,ug/l,330.000000,ug/l,300.000,maximum,evaluated,1,0,0,
2018-05-31,11:00,2018,NS01DL0009,Kelley River at Eight Mile Ford,Iron,Total,ug/l,360.000000,ug/l,300.000,maximum,evaluated,1,0,0,
2018-08-23,12:00,2018,NS01DL0009,Kelley River at Eight Mile Ford,Iron,Total,ug/l,856.000000,ug/l,300.000,maximum,evaluated,1,0,0,
2018-11-19,13:00,2018,NS01DL0009,Kelley River at Eight Mile Ford,Iron,Total,ug/l,268.000000,ug/l,300.000,maximum,evaluated,1,1,0,
2019-05-17,12:00,2019,NS01DL0009,Kelley River at Eight Mile Ford,Iron,Total,ug/l,290.000000,ug/l,300.000,maximum,evaluated,1,1,0,
2019-08-20,11:00,2019,NS01DL0009,Kelley River at Eight Mile Ford,Iron,Total,ug/l,347.000000,ug/l,300.000,maximum,evaluated,1,0,0,
2019-09-19,13:00,2019,NS01DL0009,Kelley River at Eight Mile Ford,Iron,Total,ug/l,411.000000,ug/l,300.000,maximum,evaluated,1,0,0,
2019-11-26,12:00,2019,NS01DL0009,Kelley River at Eight Mile Ford,Iron,Total,ug/l,234.000000,ug/l,300.000,maximum,evaluated,1,1,0,
2020-05-21,12:00,2020,NS01DL0009,Kelley River at Eight Mile Ford,Iron,Total,ug/l,210.000000,ug/l,300.000,maximum,evaluated,1,1,0,
2020-07-16,11:00,2020,NS01DL0009,Kelley River at Eight Mile Ford,Iron,Total,ug/l,480.000000,ug/l,300.000,maximum,evaluated,1,0,0,
2020-10-06,12:00,2020,NS01DL0009,Kelley River at Eight Mile Ford,Iron,Total,ug/l,482.000000,ug/l,300.000,maximum,evaluated,1,0,0,
2020-11-25,13:00,2020,NS01DL0009,Kelley River at Eight Mile Ford,Iron,Total,ug/l,338.000000,ug/l,300.000,maximum,evaluated,1,0,0,
2021-08-26,11:00,2021,NS01DL0009,Kelley River at Eight Mile Ford,Iron,Total,ug/l,833.000000,ug/l,300.000,maximum,evaluated,1,0,0,
2021-09-15,12:00,2021,NS01DL0009,Kelley River at Eight Mile Ford,Iron,Total,ug/l,746.000000,ug/l,300.000,maximum,evaluated,1,0,0,
2021-10-28,11:00,2021,NS01DL0009,Kelley River at Eight Mile Ford,Iron,Total,ug/l,594.000000,ug/l,300.000,maximum,evaluated,1,0,0,
2021-12-15,12:30,2021,NS01DL0009,Kelley River at Eight Mile Ford,Iron,Total,ug/l,283.000000,ug/l,300.000,maximum,evaluated,1,1,0,
2022-05-10,11:00,2022,NS01DL0009,Kelley River at Eight Mile Ford,Iron,Total,ug/l,236.000000,ug/l,300.000,maximum,evaluated,1,1,0,
2022-08-16,11:00,2022,NS01DL0009,Kelley River at Eight Mile Ford,Iron,Total,ug/l,694.000000,ug/l,300.000,maximum,evaluated,1,0,0,
2022-10-26,14:00,2022,NS01DL0009,Kelley River at Eight Mile Ford,Iron,Total,ug/l,580.000000,ug/l,300.000,maximum,evaluated,1,0,0,
2022-12-06,13:25,2022,NS01DL0009,Kelley River at Eight Mile Ford,Iron,Total,ug/l,283.000000,ug/l,300.000,maximum,evaluated,1,1,0,
2023-05-09,12:50,2023,NS01DL0009,Kelley River at Eight Mile Ford,Iron,Total,ug/l,253.000000,ug/l,300.000,maximum,evaluated,1,1,0,
2023-07-17,11:30,2023,NS01DL0009,Kelley River at Eight Mile Ford,Iron,Total,ug/l,796.000000,ug/l,300.000,maximum,evaluated,1,0,0,
2023-10-05,12:00,2023,NS01DL0009,Kelley River at Eight Mile Ford,Iron,Total,ug/l,578.000000,ug/l,300.000,maximum,evaluated,1,0,0,
2023-11-15,14:00,2023,NS01DL0009,Kelley River at Eight Mile Ford,Iron,Total,ug/l,383.000000,ug/l,300.000,maximum,evaluated,1,0,0,
2024-05-30,12:00,2024,NS01DL0009,Kelley River at Eight Mile Ford,Iron,Total,ug/l,480.000000,ug/l,300.000,maximum,evaluated,1,0,0,
2024-08-27,12:00,2024,NS01DL0009,Kelley River at Eight Mile Ford,Iron,Total,ug/l,691.000000,ug/l,300.000,maximum,evaluated,1,0,0,
2024-10-03,12:00,2024,NS01DL0009,Kelley River at Eight Mile Ford,Iron,Total,ug/l,776.000000,ug/l,300.000,maximum,evaluated,1,0,0,
2024-12-16,13:00,2024,NS01DL0009,Kelley River at Eight Mile Ford,Iron,Total,ug/l,355.000000,ug/l,300.000,maximum,evaluated,1,0,0,
2020-07-16,11:00,2020,NS01DL0009,Kelley River at Eight Mile Ford,Molybdenum,Dissolved,ug/l,,,,,wrong_fraction,0,,1,
2020-11-25,13:00,2020,NS01DL0009,Kelley River at Eight Mile Ford,Molybdenum,Dissolved,ug/l,,,,,wrong_fraction,0,,1,
2022-05-10,11:00,2022,NS01DL0009,Kelley River at Eight Mile Ford,Molybdenum,Dissolved,ug/l,,,,,wrong_fraction,0,,1,
2022-08-16,11:00,2022,NS01DL0009,Kelley River at Eight Mile Ford,Molybdenum,Dissolved,ug/l,,,,,wrong_fraction,0,,1,
2022-10-26,14:00,2022,NS01DL0009,Kelley River at Eight Mile Ford,Molybdenum,Dissolved,ug/l,,,,,wrong_fraction,0,,1,
2022-12-06,13:25,2022,NS01DL0009,Kelley River at Eight Mile Ford,Molybdenum,Dissolved,ug/l,,,,,wrong_fraction,0,,1,
2023-05-09,12:50,2023,NS01DL0009,Kelley River at Eight Mile Ford,Molybdenum,Dissolved,ug/l,,,,,wrong_fraction,0,,1,
2023-07-17,11:30,2023,NS01DL0009,Kelley River at Eight Mile Ford,Molybdenum,Dissolved,ug/l,,,,,wrong_fraction,0,,1,
2023-10-05,12:00,2023,NS01DL0009,Kelley River at Eight Mile Ford,Molybdenum,Dissolved,ug/l,,,,,wrong_fraction,0,,1,
2023-11-15,14:00,2023,NS01DL0009,Kelley River at Eight Mile Ford,Molybdenum,Dissolved,ug/l,,,,,wrong_fraction,0,,1,
2024-05-30,12:00,2024,NS01DL0009,Kelley River at Eight Mile Ford,Molybdenum,Dissolved,ug/l,,,,,wrong_fraction,0,,1,
2024-08-27,12:00,2024,NS01DL0009,Kelley River at Eight Mile Ford,Molybdenum,Dissolved,ug/l,,,,,wrong_fraction,0,,1,
2024-10-03,12:00,2024,NS01DL0009,Kelley River at Eight Mile Ford,Molybdenum,Dissolved,ug/l,,,,,wrong_fraction,0,,1,
2024-12-16,13:00,2024,NS01DL0009,Kelley River at Eight Mile Ford,Molybdenum,Dissolved,ug/l,,,,,wrong_fraction,0,,1,
2019-05-17,12:00,2019,NS01DL0009,Kelley River at Eight Mile Ford,Molybdenum,Total,ug/l,2.000000,ug/l,73.000,maximum,evaluated,1,1,1,0
2019-08-20,11:00,2019,NS01DL0009,Kelley River at Eight Mile Ford,Molybdenum,Total,ug/l,2.000000,ug/l,73.000,maximum,evaluated,1,1,1,0
2019-09-19,13:00,2019,NS01DL0009,Kelley River at Eight Mile Ford,Molybdenum,Total,ug/l,2.000000,ug/l,73.000,maximum,evaluated,1,1,1,0
2019-11-26,12:00,2019,NS01DL0009,Kelley River at Eight Mile Ford,Molybdenum,Total,ug/l,2.000000,ug/l,73.000,maximum,evaluated,1,1,1,0
2020-05-21,12:00,2020,NS01DL0009,Kelley River at Eight Mile Ford,Molybdenum,Total,ug/l,2.000000,ug/l,73.000,maximum,evaluated,1,1,1,0
2020-07-16,11:00,2020,NS01DL0009,Kelley River at Eight Mile Ford,Molybdenum,Total,ug/l,2.000000,ug/l,73.000,maximum,evaluated,1,1,1,0
2020-10-06,12:00,2020,NS01DL0009,Kelley River at Eight Mile Ford,Molybdenum,Total,ug/l,2.000000,ug/l,73.000,maximum,evaluated,1,1,1,0
2020-11-25,13:00,2020,NS01DL0009,Kelley River at Eight Mile Ford,Molybdenum,Total,ug/l,2.000000,ug/l,73.000,maximum,evaluated,1,1,1,0
2021-08-26,11:00,2021,NS01DL0009,Kelley River at Eight Mile Ford,Molybdenum,Total,ug/l,2.000000,ug/l,73.000,maximum,evaluated,1,1,1,0
2021-09-15,12:00,2021,NS01DL0009,Kelley River at Eight Mile Ford,Molybdenum,Total,ug/l,2.000000,ug/l,73.000,maximum,evaluated,1,1,1,0
2021-10-28,11:00,2021,NS01DL0009,Kelley River at Eight Mile Ford,Molybdenum,Total,ug/l,2.000000,ug/l,73.000,maximum,evaluated,1,1,1,0
2021-12-15,12:30,2021,NS01DL0009,Kelley River at Eight Mile Ford,Molybdenum,Total,ug/l,2.000000,ug/l,73.000,maximum,evaluated,1,1,1,0
2022-05-10,11:00,2022,NS01DL0009,Kelley River at Eight Mile Ford,Molybdenum,Total,ug/l,2.000000,ug/l,73.000,maximum,evaluated,1,1,1,0
2022-08-16,11:00,2022,NS01DL0009,Kelley River at Eight Mile Ford,Molybdenum,Total,ug/l,2.000000,ug/l,73.000,maximum,evaluated,1,1,1,0
2022-10-26,14:00,2022,NS01DL0009,Kelley River at Eight Mile Ford,Molybdenum,Total,ug/l,2.000000,ug/l,73.000,maximum,evaluated,1,1,1,0
2022-12-06,13:25,2022,NS01DL0009,Kelley River at Eight Mile Ford,Molybdenum,Total,ug/l,2.000000,ug/l,73.000,maximum,evaluated,1,1,1,0
2023-05-09,12:50,2023,NS01DL0009,Kelley River at Eight Mile Ford,Molybdenum,Total,ug/l,2.000000,ug/l,73.000,maximum,evaluated,1,1,1,0
2023-07-17,11:30,2023,NS01DL0009,Kelley River at Eight Mile Ford,Molybdenum,Total,ug/l,2.000000,ug/l,73.000,maximum,evaluated,1,1,1,0
2023-10-05,12:00,2023,NS01DL0009,Kelley River at Eight Mile Ford,Molybdenum,Total,ug/l,2.000000,ug/l,73.000,maximum,evaluated,1,1,1,0
2023-11-15,14:00,2023,NS01DL0009,Kelley River at Eight Mile Ford,Molybdenum,Total,ug/l,2.000000,ug/l,73.000,maximum,evaluated,1,1,1,0
2024-05-30,12:00,2024,NS01DL0009,Kelley River at Eight Mile Ford,Molybdenum,Total,ug/l,2.000000,ug/l,73.000,maximum,evaluated,1,1,1,0
2024-08-27,12:00,2024,NS01DL0009,Kelley River at Eight Mile Ford,Molybdenum,Total,ug/l,2.000000,ug/l,73.000,maximum,evaluated,1,1,1,0
2024-10-03,12:00,2024,NS01DL0009,Kelley River at Eight Mile Ford,Molybdenum,Total,ug/l,2.000000,ug/l,73.000,maximum,evaluated,1,1,1,0
2024-12-16,13:00,2024,NS01DL0009,Kelley River at Eight Mile Ford,Molybdenum,Total,ug/l,2.000000,ug/l,73.000,maximum,evaluated,1,1,1,0
2020-07-16,11:00,2020,NS01DL0009,Kelley River at Eight Mile Ford,Selenium,Dissolved,ug/l,,,,,wrong_fraction,0,,1,
2020-11-25,13:00,2020,NS01DL0009,Kelley River at Eight Mile Ford,Selenium,Dissolved,ug/l,,,,,wrong_fraction,0,,1,
2022-05-10,11:00,2022,NS01DL0009,Kelley River at Eight Mile Ford,Selenium,Dissolved,ug/l,,,,,wrong_fraction,0,,1,
2022-08-16,11:00,2022,NS01DL0009,Kelley River at Eight Mile Ford,Selenium,Dissolved,ug/l,,,,,wrong_fraction,0,,1,
2022-10-26,14:00,2022,NS01DL0009,Kelley River at Eight Mile Ford,Selenium,Dissolved,ug/l,,,,,wrong_fraction,0,,1,
2022-12-06,13:25,2022,NS01DL0009,Kelley River at Eight Mile Ford,Selenium,Dissolved,ug/l,,,,,wrong_fraction,0,,1,
2023-05-09,12:50,2023,NS01DL0009,Kelley River at Eight Mile Ford,Selenium,Dissolved,ug/l,,,,,wrong_fraction,0,,1,
2023-07-17,11:30,2023,NS01DL0009,Kelley River at Eight Mile Ford,Selenium,Dissolved,ug/l,,,,,wrong_fraction,0,,1,
2023-10-05,12:00,2023,NS01DL0009,Kelley River at Eight Mile Ford,Selenium,Dissolved,ug/l,,,,,wrong_fraction,0,,1,
2023-11-15,14:00,2023,NS01DL0009,Kelley River at Eight Mile Ford,Selenium,Dissolved,ug/l,,,,,wrong_fraction,0,,1,
2024-05-30,12:00,2024,NS01DL0009,Kelley River at Eight Mile Ford,Selenium,Dissolved,ug/l,,,,,wrong_fraction,0,,1,
2024-08-27,12:00,2024,NS01DL0009,Kelley River at Eight Mile Ford,Selenium,Dissolved,ug/l,,,,,wrong_fraction,0,,1,
2024-10-03,12:00,2024,NS01DL0009,Kelley River at Eight Mile Ford,Selenium,Dissolved,ug/l,,,,,wrong_fraction,0,,1,
2024-12-16,13:00,2024,NS01DL0009,Kelley River at Eight Mile Ford,Selenium,Dissolved,ug/l,,,,,wrong_fraction,0,,1,
2004-08-26,11:00,2004,NS01DL0009,Kelley River at Eight Mile Ford,Selenium,Total,ug/l,2.000000,ug/l,1.000,maximum,evaluated,1,1,1,1
2004-12-17,13:00,2004,NS01DL0009,Kelley River at Eight Mile Ford,Selenium,Total,ug/l,2.000000,ug/l,1.000,maximum,evaluated,1,1,1,1
2005-06-21,12:00,2005,NS01DL0009,Kelley River at Eight Mile Ford,Selenium,Total,ug/l,2.000000,ug/l,1.000,maximum,evaluated,1,1,1,1
2005-10-13,09:00,2005,NS01DL0009,Kelley River at Eight Mile Ford,Selenium,Total,ug/l,2.000000,ug/l,1.000,maximum,evaluated,1,1,1,1
2006-05-18,12:00,2006,NS01DL0009,Kelley River at Eight Mile Ford,Selenium,Total,ug/l,2.000000,ug/l,1.000,maximum,evaluated,1,1,1,1
2006-07-27,11:00,2006,NS01DL0009,Kelley River at Eight Mile Ford,Selenium,Total,ug/l,2.000000,ug/l,1.000,maximum,evaluated,1,1,1,1
2006-10-12,08:00,2006,NS01DL0009,Kelley River at Eight Mile Ford,Selenium,Total,ug/l,2.000000,ug/l,1.000,maximum,evaluated,1,1,1,1
2006-12-12,10:00,2006,NS01DL0009,Kelley River at Eight Mile Ford,Selenium,Total,ug/l,2.000000,ug/l,1.000,maximum,evaluated,1,1,1,1
2007-07-18,11:00,2007,NS01DL0009,Kelley River at Eight Mile Ford,Selenium,Total,ug/l,2.000000,ug/l,1.000,maximum,evaluated,1,1,1,1
2007-09-27,13:00,2007,NS01DL0009,Kelley River at Eight Mile Ford,Selenium,Total,ug/l,2.000000,ug/l,1.000,maximum,evaluated,1,1,1,1
2008-05-01,12:00,2008,NS01DL0009,Kelley River at Eight Mile Ford,Selenium,Total,ug/l,2.000000,ug/l,1.000,maximum,evaluated,1,1,1,1
2008-06-11,11:00,2008,NS01DL0009,Kelley River at Eight Mile Ford,Selenium,Total,ug/l,2.000000,ug/l,1.000,maximum,evaluated,1,1,1,1
2008-08-28,12:00,2008,NS01DL0009,Kelley River at Eight Mile Ford,Selenium,Total,ug/l,2.000000,ug/l,1.000,maximum,evaluated,1,1,1,1
2008-10-29,10:00,2008,NS01DL0009,Kelley River at Eight Mile Ford,Selenium,Total,ug/l,2.000000,ug/l,1.000,maximum,evaluated,1,1,1,1
2009-05-21,12:00,2009,NS01DL0009,Kelley River at Eight Mile Ford,Selenium,Total,ug/l,2.000000,ug/l,1.000,maximum,evaluated,1,1,1,1
2009-07-07,11:00,2009,NS01DL0009,Kelley River at Eight Mile Ford,Selenium,Total,ug/l,2.000000,ug/l,1.000,maximum,evaluated,1,1,1,1
2009-09-03,12:00,2009,NS01DL0009,Kelley River at Eight Mile Ford,Selenium,Total,ug/l,2.000000,ug/l,1.000,maximum,evaluated,1,1,1,1
2009-11-23,11:00,2009,NS01DL0009,Kelley River at Eight Mile Ford,Selenium,Total,ug/l,2.000000,ug/l,1.000,maximum,evaluated,1,1,1,1
2010-04-20,14:00,2010,NS01DL0009,Kelley River at Eight Mile Ford,Selenium,Total,ug/l,2.000000,ug/l,1.000,maximum,evaluated,1,1,1,1
2010-09-02,13:00,2010,NS01DL0009,Kelley River at Eight Mile Ford,Selenium,Total,ug/l,2.000000,ug/l,1.000,maximum,evaluated,1,1,1,1
2010-11-16,11:50,2010,NS01DL0009,Kelley River at Eight Mile Ford,Selenium,Total,ug/l,2.000000,ug/l,1.000,maximum,evaluated,1,1,1,1
2010-12-02,14:00,2010,NS01DL0009,Kelley River at Eight Mile Ford,Selenium,Total,ug/l,2.000000,ug/l,1.000,maximum,evaluated,1,1,1,1
2011-05-26,13:25,2011,NS01DL0009,Kelley River at Eight Mile Ford,Selenium,Total,ug/l,2.000000,ug/l,1.000,maximum,evaluated,1,1,1,1
2011-09-15,11:00,2011,NS01DL0009,Kelley River at Eight Mile Ford,Selenium,Total,ug/l,2.000000,ug/l,1.000,maximum,evaluated,1,1,1,1
2011-11-03,11:00,2011,NS01DL0009,Kelley River at Eight Mile Ford,Selenium,Total,ug/l,2.000000,ug/l,1.000,maximum,evaluated,1,1,1,1
2011-12-06,12:00,2011,NS01DL0009,Kelley River at Eight Mile Ford,Selenium,Total,ug/l,2.000000,ug/l,1.000,maximum,evaluated,1,1,1,1
2012-04-12,11:00,2012,NS01DL0009,Kelley River at Eight Mile Ford,Selenium,Total,ug/l,2.000000,ug/l,1.000,maximum,evaluated,1,1,1,1
2012-06-21,11:00,2012,NS01DL0009,Kelley River at Eight Mile Ford,Selenium,Total,ug/l,2.000000,ug/l,1.000,maximum,evaluated,1,1,1,1
2012-09-27,12:00,2012,NS01DL0009,Kelley River at Eight Mile Ford,Selenium,Total,ug/l,2.000000,ug/l,1.000,maximum,evaluated,1,1,1,1
2012-11-22,12:00,2012,NS01DL0009,Kelley River at Eight Mile Ford,Selenium,Total,ug/l,2.000000,ug/l,1.000,maximum,evaluated,1,1,1,1
2013-04-23,10:00,2013,NS01DL0009,Kelley River at Eight Mile Ford,Selenium,Total,ug/l,2.000000,ug/l,1.000,maximum,evaluated,1,1,1,1
2013-08-15,10:00,2013,NS01DL0009,Kelley River at Eight Mile Ford,Selenium,Total,ug/l,2.000000,ug/l,1.000,maximum,evaluated,1,1,1,1
2013-09-19,12:00,2013,NS01DL0009,Kelley River at Eight Mile Ford,Selenium,Total,ug/l,2.000000,ug/l,1.000,maximum,evaluated,1,1,1,1
2013-11-26,13:00,2013,NS01DL0009,Kelley River at Eight Mile Ford,Selenium,Total,ug/l,2.000000,ug/l,1.000,maximum,evaluated,1,1,1,1
2014-05-16,11:00,2014,NS01DL0009,Kelley River at Eight Mile Ford,Selenium,Total,ug/l,2.000000,ug/l,1.000,maximum,evaluated,1,1,1,1
2014-06-12,12:00,2014,NS01DL0009,Kelley River at Eight Mile Ford,Selenium,Total,ug/l,2.000000,ug/l,1.000,maximum,evaluated,1,1,1,1
2014-10-09,11:00,2014,NS01DL0009,Kelley River at Eight Mile Ford,Selenium,Total,ug/l,2.000000,ug/l,1.000,maximum,evaluated,1,1,1,1
2014-12-17,12:00,2014,NS01DL0009,Kelley River at Eight Mile Ford,Selenium,Total,ug/l,2.000000,ug/l,1.000,maximum,evaluated,1,1,1,1
2015-05-19,13:00,2015,NS01DL0009,Kelley River at Eight Mile Ford,Selenium,Total,ug/l,2.000000,ug/l,1.000,maximum,evaluated,1,1,1,1
2015-08-13,11:00,2015,NS01DL0009,Kelley River at Eight Mile Ford,Selenium,Total,ug/l,2.000000,ug/l,1.000,maximum,evaluated,1,1,1,1
2015-10-20,12:00,2015,NS01DL0009,Kelley River at Eight Mile Ford,Selenium,Total,ug/l,2.000000,ug/l,1.000,maximum,evaluated,1,1,1,1
2015-11-18,11:00,2015,NS01DL0009,Kelley River at Eight Mile Ford,Selenium,Total,ug/l,2.000000,ug/l,1.000,maximum,evaluated,1,1,1,1
2016-05-17,11:00,2016,NS01DL0009,Kelley River at Eight Mile Ford,Selenium,Total,ug/l,2.000000,ug/l,1.000,maximum,evaluated,1,1,1,1
2016-08-09,09:00,2016,NS01DL0009,Kelley River at Eight Mile Ford,Selenium,Total,ug/l,2.000000,ug/l,1.000,maximum,evaluated,1,1,1,1
2016-09-29,11:00,2016,NS01DL0009,Kelley River at Eight Mile Ford,Selenium,Total,ug/l,2.000000,ug/l,1.000,maximum,evaluated,1,1,1,1
2016-11-04,11:00,2016,NS01DL0009,Kelley River at Eight Mile Ford,Selenium,Total,ug/l,2.000000,ug/l,1.000,maximum,evaluated,1,1,1,1
2016-12-08,13:00,2016,NS01DL0009,Kelley River at Eight Mile Ford,Selenium,Total,ug/l,2.000000,ug/l,1.000,maximum,evaluated,1,1,1,1
2017-05-31,11:00,2017,NS01DL0009,Kelley River at Eight Mile Ford,Selenium,Total,ug/l,2.000000,ug/l,1.000,maximum,evaluated,1,1,1,1
2017-08-21,12:00,2017,NS01DL0009,Kelley River at Eight Mile Ford,Selenium,Total,ug/l,2.000000,ug/l,1.000,maximum,evaluated,1,1,1,1
2017-11-07,12:00,2017,NS01DL0009,Kelley River at Eight Mile Ford,Selenium,Total,ug/l,2.000000,ug/l,1.000,maximum,evaluated,1,1,1,1
2017-12-14,12:00,2017,NS01DL0009,Kelley River at Eight Mile Ford,Selenium,Total,ug/l,2.000000,ug/l,1.000,maximum,evaluated,1,1,1,1
2018-05-31,11:00,2018,NS01DL0009,Kelley River at Eight Mile Ford,Selenium,Total,ug/l,2.000000,ug/l,1.000,maximum,evaluated,1,1,1,1
2018-08-23,12:00,2018,NS01DL0009,Kelley River at Eight Mile Ford,Selenium,Total,ug/l,2.000000,ug/l,1.000,maximum,evaluated,1,1,1,1
2018-11-19,13:00,2018,NS01DL0009,Kelley River at Eight Mile Ford,Selenium,Total,ug/l,2.000000,ug/l,1.000,maximum,evaluated,1,1,1,1
2019-05-17,12:00,2019,NS01DL0009,Kelley River at Eight Mile Ford,Selenium,Total,ug/l,2.000000,ug/l,1.000,maximum,evaluated,1,1,1,1
2019-08-20,11:00,2019,NS01DL0009,Kelley River at Eight Mile Ford,Selenium,Total,ug/l,2.000000,ug/l,1.000,maximum,evaluated,1,1,1,1
2019-09-19,13:00,2019,NS01DL0009,Kelley River at Eight Mile Ford,Selenium,Total,ug/l,2.000000,ug/l,1.000,maximum,evaluated,1,1,1,1
2019-11-26,12:00,2019,NS01DL0009,Kelley River at Eight Mile Ford,Selenium,Total,ug/l,2.000000,ug/l,1.000,maximum,evaluated,1,1,1,1
2020-05-21,12:00,2020,NS01DL0009,Kelley River at Eight Mile Ford,Selenium,Total,ug/l,2.000000,ug/l,1.000,maximum,evaluated,1,1,1,1
2020-07-16,11:00,2020,NS01DL0009,Kelley River at Eight Mile Ford,Selenium,Total,ug/l,2.000000,ug/l,1.000,maximum,evaluated,1,1,1,1
2020-10-06,12:00,2020,NS01DL0009,Kelley River at Eight Mile Ford,Selenium,Total,ug/l,2.000000,ug/l,1.000,maximum,evaluated,1,1,1,1
2020-11-25,13:00,2020,NS01DL0009,Kelley River at Eight Mile Ford,Selenium,Total,ug/l,2.000000,ug/l,1.000,maximum,evaluated,1,1,1,1
2021-08-26,11:00,2021,NS01DL0009,Kelley River at Eight Mile Ford,Selenium,Total,ug/l,2.000000,ug/l,1.000,maximum,evaluated,1,1,1,1
2021-09-15,12:00,2021,NS01DL0009,Kelley River at Eight Mile Ford,Selenium,Total,ug/l,2.000000,ug/l,1.000,maximum,evaluated,1,1,1,1
2021-10-28,11:00,2021,NS01DL0009,Kelley River at Eight Mile Ford,Selenium,Total,ug/l,2.000000,ug/l,1.000,maximum,evaluated,1,1,1,1
2021-12-15,12:30,2021,NS01DL0009,Kelley River at Eight Mile Ford,Selenium,Total,ug/l,1.000000,ug/l,1.000,maximum,evaluated,1,1,1,0
2022-05-10,11:00,2022,NS01DL0009,Kelley River at Eight Mile Ford,Selenium,Total,ug/l,2.000000,ug/l,1.000,maximum,evaluated,1,1,1,1
2022-08-16,11:00,2022,NS01DL0009,Kelley River at Eight Mile Ford,Selenium,Total,ug/l,2.000000,ug/l,1.000,maximum,evaluated,1,1,1,1
2022-10-26,14:00,2022,NS01DL0009,Kelley River at Eight Mile Ford,Selenium,Total,ug/l,2.000000,ug/l,1.000,maximum,evaluated,1,1,1,1
2022-12-06,13:25,2022,NS01DL0009,Kelley River at Eight Mile Ford,Selenium,Total,ug/l,2.000000,ug/l,1.000,maximum,evaluated,1,1,1,1
2023-05-09,12:50,2023,NS01DL0009,Kelley River at Eight Mile Ford,Selenium,Total,ug/l,2.000000,ug/l,1.000,maximum,evaluated,1,1,1,1
2023-07-17,11:30,2023,NS01DL0009,Kelley River at Eight Mile Ford,Selenium,Total,ug/l,2.000000,ug/l,1.000,maximum,evaluated,1,1,1,1
2023-10-05,12:00,2023,NS01DL0009,Kelley River at Eight Mile Ford,Selenium,Total,ug/l,2.000000,ug/l,1.000,maximum,evaluated,1,1,1,1
2023-11-15,14:00,2023,NS01DL0009,Kelley River at Eight Mile Ford,Selenium,Total,ug/l,2.000000,ug/l,1.000,maximum,evaluated,1,1,1,1
2024-05-30,12:00,2024,NS01DL0009,Kelley River at Eight Mile Ford,Selenium,Total,ug/l,2.000000,ug/l,1.000,maximum,evaluated,1,1,1,1
2024-08-27,12:00,2024,NS01DL0009,Kelley River at Eight Mile Ford,Selenium,Total,ug/l,2.000000,ug/l,1.000,maximum,evaluated,1,1,1,1
2024-10-03,12:00,2024,NS01DL0009,Kelley River at Eight Mile Ford,Selenium,Total,ug/l,2.000000,ug/l,1.000,maximum,evaluated,1,1,1,1
2024-12-16,13:00,2024,NS01DL0009,Kelley River at Eight Mile Ford,Selenium,Total,ug/l,2.000000,ug/l,1.000,maximum,evaluated,1,1,1,1
2020-07-16,11:00,2020,NS01DL0009,Kelley River at Eight Mile Ford,Silver,Dissolved,ug/l,,,,,wrong_fraction,0,,1,
2020-11-25,13:00,2020,NS01DL0009,Kelley River at Eight Mile Ford,Silver,Dissolved,ug/l,,,,,wrong_fraction,0,,1,
2022-05-10,11:00,2022,NS01DL0009,Kelley River at Eight Mile Ford,Silver,Dissolved,ug/l,,,,,wrong_fraction,0,,1,
2022-08-16,11:00,2022,NS01DL0009,Kelley River at Eight Mile Ford,Silver,Dissolved,ug/l,,,,,wrong_fraction,0,,1,
2022-10-26,14:00,2022,NS01DL0009,Kelley River at Eight Mile Ford,Silver,Dissolved,ug/l,,,,,wrong_fraction,0,,1,
2022-12-06,13:25,2022,NS01DL0009,Kelley River at Eight Mile Ford,Silver,Dissolved,ug/l,,,,,wrong_fraction,0,,1,
2023-05-09,12:50,2023,NS01DL0009,Kelley River at Eight Mile Ford,Silver,Dissolved,ug/l,,,,,wrong_fraction,0,,1,
2023-07-17,11:30,2023,NS01DL0009,Kelley River at Eight Mile Ford,Silver,Dissolved,ug/l,,,,,wrong_fraction,0,,1,
2023-10-05,12:00,2023,NS01DL0009,Kelley River at Eight Mile Ford,Silver,Dissolved,ug/l,,,,,wrong_fraction,0,,1,
2023-11-15,14:00,2023,NS01DL0009,Kelley River at Eight Mile Ford,Silver,Dissolved,ug/l,,,,,wrong_fraction,0,,1,
2024-05-30,12:00,2024,NS01DL0009,Kelley River at Eight Mile Ford,Silver,Dissolved,ug/l,,,,,wrong_fraction,0,,1,
2024-08-27,12:00,2024,NS01DL0009,Kelley River at Eight Mile Ford,Silver,Dissolved,ug/l,,,,,wrong_fraction,0,,1,
2024-10-03,12:00,2024,NS01DL0009,Kelley River at Eight Mile Ford,Silver,Dissolved,ug/l,,,,,wrong_fraction,0,,1,
2024-12-16,13:00,2024,NS01DL0009,Kelley River at Eight Mile Ford,Silver,Dissolved,ug/l,,,,,wrong_fraction,0,,1,
2019-05-17,12:00,2019,NS01DL0009,Kelley River at Eight Mile Ford,Silver,Total,ug/l,2.000000,ug/l,0.250,maximum,evaluated,1,1,1,1
2019-08-20,11:00,2019,NS01DL0009,Kelley River at Eight Mile Ford,Silver,Total,ug/l,2.000000,ug/l,0.250,maximum,evaluated,1,1,1,1
2019-09-19,13:00,2019,NS01DL0009,Kelley River at Eight Mile Ford,Silver,Total,ug/l,2.000000,ug/l,0.250,maximum,evaluated,1,1,1,1
2019-11-26,12:00,2019,NS01DL0009,Kelley River at Eight Mile Ford,Silver,Total,ug/l,2.000000,ug/l,0.250,maximum,evaluated,1,1,1,1
2020-05-21,12:00,2020,NS01DL0009,Kelley River at Eight Mile Ford,Silver,Total,ug/l,2.000000,ug/l,0.250,maximum,evaluated,1,1,1,1
2020-07-16,11:00,2020,NS01DL0009,Kelley River at Eight Mile Ford,Silver,Total,ug/l,2.000000,ug/l,0.250,maximum,evaluated,1,1,1,1
2020-10-06,12:00,2020,NS01DL0009,Kelley River at Eight Mile Ford,Silver,Total,ug/l,2.000000,ug/l,0.250,maximum,evaluated,1,1,1,1
2020-11-25,13:00,2020,NS01DL0009,Kelley River at Eight Mile Ford,Silver,Total,ug/l,2.000000,ug/l,0.250,maximum,evaluated,1,1,1,1
2021-08-26,11:00,2021,NS01DL0009,Kelley River at Eight Mile Ford,Silver,Total,ug/l,2.000000,ug/l,0.250,maximum,evaluated,1,1,1,1
2021-09-15,12:00,2021,NS01DL0009,Kelley River at Eight Mile Ford,Silver,Total,ug/l,2.000000,ug/l,0.250,maximum,evaluated,1,1,1,1
2021-10-28,11:00,2021,NS01DL0009,Kelley River at Eight Mile Ford,Silver,Total,ug/l,2.000000,ug/l,0.250,maximum,evaluated,1,1,1,1
2021-12-15,12:30,2021,NS01DL0009,Kelley River at Eight Mile Ford,Silver,Total,ug/l,0.100000,ug/l,0.250,maximum,evaluated,1,1,1,0
2022-05-10,11:00,2022,NS01DL0009,Kelley River at Eight Mile Ford,Silver,Total,ug/l,2.000000,ug/l,0.250,maximum,evaluated,1,1,1,1
2022-08-16,11:00,2022,NS01DL0009,Kelley River at Eight Mile Ford,Silver,Total,ug/l,2.000000,ug/l,0.250,maximum,evaluated,1,1,1,1
2022-10-26,14:00,2022,NS01DL0009,Kelley River at Eight Mile Ford,Silver,Total,ug/l,2.000000,ug/l,0.250,maximum,evaluated,1,1,1,1
2022-12-06,13:25,2022,NS01DL0009,Kelley River at Eight Mile Ford,Silver,Total,ug/l,2.000000,ug/l,0.250,maximum,evaluated,1,1,1,1
2023-05-09,12:50,2023,NS01DL0009,Kelley River at Eight Mile Ford,Silver,Total,ug/l,2.000000,ug/l,0.250,maximum,evaluated,1,1,1,1
2023-07-17,11:30,2023,NS01DL0009,Kelley River at Eight Mile Ford,Silver,Total,ug/l,2.000000,ug/l,0.250,maximum,evaluated,1,1,1,1
2023-10-05,12:00,2023,NS01DL0009,Kelley River at Eight Mile Ford,Silver,Total,ug/l,2.000000,ug/l,0.250,maximum,evaluated,1,1,1,1
2023-11-15,14:00,2023,NS01DL0009,Kelley River at Eight Mile Ford,Silver,Total,ug/l,2.000000,ug/l,0.250,maximum,evaluated,1,1,1,1
2024-05-30,12:00,2024,NS01DL0009,Kelley River at Eight Mile Ford,Silver,Total,ug/l,2.000000,ug/l,0.250,maximum,evaluated,1,1,1,1
2024-08-27,12:00,2024,NS01DL0009,Kelley River at Eight Mile Ford,Silver,Total,ug/l,2.000000,ug/l,0.250,maximum,evaluated,1,1,1,1
2024-10-03,12:00,2024,NS01DL0009,Kelley River at Eight Mile Ford,Silver,Total,ug/l,2.000000,ug/l,0.250,maximum,evaluated,1,1,1,1
2024-12-16,13:00,2024,NS01DL0009,Kelley River at Eight Mile Ford,Silver,Total,ug/l,2.000000,ug/l,0.250,maximum,evaluated,1,1,1,1
2020-07-16,11:00,2020,NS01DL0009,Kelley River at Eight Mile Ford,Thallium,Dissolved,ug/l,,,,,wrong_fraction,0,,1,
2020-11-25,13:00,2020,NS01DL0009,Kelley River at Eight Mile Ford,Thallium,Dissolved,ug/l,,,,,wrong_fraction,0,,1,
2022-05-10,11:00,2022,NS01DL0009,Kelley River at Eight Mile Ford,Thallium,Dissolved,ug/l,,,,,wrong_fraction,0,,1,
2022-08-16,11:00,2022,NS01DL0009,Kelley River at Eight Mile Ford,Thallium,Dissolved,ug/l,,,,,wrong_fraction,0,,1,
2022-10-26,14:00,2022,NS01DL0009,Kelley River at Eight Mile Ford,Thallium,Dissolved,ug/l,,,,,wrong_fraction,0,,1,
2022-12-06,13:25,2022,NS01DL0009,Kelley River at Eight Mile Ford,Thallium,Dissolved,ug/l,,,,,wrong_fraction,0,,1,
2023-05-09,12:50,2023,NS01DL0009,Kelley River at Eight Mile Ford,Thallium,Dissolved,ug/l,,,,,wrong_fraction,0,,1,
2023-07-17,11:30,2023,NS01DL0009,Kelley River at Eight Mile Ford,Thallium,Dissolved,ug/l,,,,,wrong_fraction,0,,1,
2023-10-05,12:00,2023,NS01DL0009,Kelley River at Eight Mile Ford,Thallium,Dissolved,ug/l,,,,,wrong_fraction,0,,1,
2023-11-15,14:00,2023,NS01DL0009,Kelley River at Eight Mile Ford,Thallium,Dissolved,ug/l,,,,,wrong_fraction,0,,1,
2024-05-30,12:00,2024,NS01DL0009,Kelley River at Eight Mile Ford,Thallium,Dissolved,ug/l,,,,,wrong_fraction,0,,1,
2024-08-27,12:00,2024,NS01DL0009,Kelley River at Eight Mile Ford,Thallium,Dissolved,ug/l,,,,,wrong_fraction,0,,1,
2024-10-03,12:00,2024,NS01DL0009,Kelley River at Eight Mile Ford,Thallium,Dissolved,ug/l,,,,,wrong_fraction,0,,1,
2024-12-16,13:00,2024,NS01DL0009,Kelley River at Eight Mile Ford,Thallium,Dissolved,ug/l,,,,,wrong_fraction,0,,1,
2019-05-17,12:00,2019,NS01DL0009,Kelley River at Eight Mile Ford,Thallium,Total,ug/l,2.000000,ug/l,0.800,maximum,evaluated,1,1,1,1
2019-08-20,11:00,2019,NS01DL0009,Kelley River at Eight Mile Ford,Thallium,Total,ug/l,2.000000,ug/l,0.800,maximum,evaluated,1,1,1,1
2019-09-19,13:00,2019,NS01DL0009,Kelley River at Eight Mile Ford,Thallium,Total,ug/l,2.000000,ug/l,0.800,maximum,evaluated,1,1,1,1
2019-11-26,12:00,2019,NS01DL0009,Kelley River at Eight Mile Ford,Thallium,Total,ug/l,2.000000,ug/l,0.800,maximum,evaluated,1,1,1,1
2020-05-21,12:00,2020,NS01DL0009,Kelley River at Eight Mile Ford,Thallium,Total,ug/l,2.000000,ug/l,0.800,maximum,evaluated,1,1,1,1
2020-07-16,11:00,2020,NS01DL0009,Kelley River at Eight Mile Ford,Thallium,Total,ug/l,2.000000,ug/l,0.800,maximum,evaluated,1,1,1,1
2020-10-06,12:00,2020,NS01DL0009,Kelley River at Eight Mile Ford,Thallium,Total,ug/l,2.000000,ug/l,0.800,maximum,evaluated,1,1,1,1
2020-11-25,13:00,2020,NS01DL0009,Kelley River at Eight Mile Ford,Thallium,Total,ug/l,2.000000,ug/l,0.800,maximum,evaluated,1,1,1,1
2021-08-26,11:00,2021,NS01DL0009,Kelley River at Eight Mile Ford,Thallium,Total,ug/l,2.000000,ug/l,0.800,maximum,evaluated,1,1,1,1
2021-09-15,12:00,2021,NS01DL0009,Kelley River at Eight Mile Ford,Thallium,Total,ug/l,2.000000,ug/l,0.800,maximum,evaluated,1,1,1,1
2021-10-28,11:00,2021,NS01DL0009,Kelley River at Eight Mile Ford,Thallium,Total,ug/l,2.000000,ug/l,0.800,maximum,evaluated,1,1,1,1
2021-12-15,12:30,2021,NS01DL0009,Kelley River at Eight Mile Ford,Thallium,Total,ug/l,0.300000,ug/l,0.800,maximum,evaluated,1,1,1,0
2022-05-10,11:00,2022,NS01DL0009,Kelley River at Eight Mile Ford,Thallium,Total,ug/l,2.000000,ug/l,0.800,maximum,evaluated,1,1,1,1
2022-08-16,11:00,2022,NS01DL0009,Kelley River at Eight Mile Ford,Thallium,Total,ug/l,2.000000,ug/l,0.800,maximum,evaluated,1,1,1,1
2022-10-26,14:00,2022,NS01DL0009,Kelley River at Eight Mile Ford,Thallium,Total,ug/l,2.000000,ug/l,0.800,maximum,evaluated,1,1,1,1
2022-12-06,13:25,2022,NS01DL0009,Kelley River at Eight Mile Ford,Thallium,Total,ug/l,2.000000,ug/l,0.800,maximum,evaluated,1,1,1,1
2023-05-09,12:50,2023,NS01DL0009,Kelley River at Eight Mile Ford,Thallium,Total,ug/l,2.000000,ug/l,0.800,maximum,evaluated,1,1,1,1
2023-07-17,11:30,2023,NS01DL0009,Kelley River at Eight Mile Ford,Thallium,Total,ug/l,2.000000,ug/l,0.800,maximum,evaluated,1,1,1,1
2023-10-05,12:00,2023,NS01DL0009,Kelley River at Eight Mile Ford,Thallium,Total,ug/l,2.000000,ug/l,0.800,maximum,evaluated,1,1,1,1
2023-11-15,14:00,2023,NS01DL0009,Kelley River at Eight Mile Ford,Thallium,Total,ug/l,2.000000,ug/l,0.800,maximum,evaluated,1,1,1,1
2024-05-30,12:00,2024,NS01DL0009,Kelley River at Eight Mile Ford,Thallium,Total,ug/l,2.000000,ug/l,0.800,maximum,evaluated,1,1,1,1
2024-08-27,12:00,2024,NS01DL0009,Kelley River at Eight Mile Ford,Thallium,Total,ug/l,2.000000,ug/l,0.800,maximum,evaluated,1,1,1,1
2024-10-03,12:00,2024,NS01DL0009,Kelley River at Eight Mile Ford,Thallium,Total,ug/l,2.000000,ug/l,0.800,maximum,evaluated,1,1,1,1
2024-12-16,13:00,2024,NS01DL0009,Kelley River at Eight Mile Ford,Thallium,Total,ug/l,2.000000,ug/l,0.800,maximum,evaluated,1,1,1,1
2020-07-16,11:00,2020,NS01DL0009,Kelley River at Eight Mile Ford,Uranium,Dissolved,ug/l,,,,,wrong_fraction,0,,1,
2020-11-25,13:00,2020,NS01DL0009,Kelley River at Eight Mile Ford,Uranium,Dissolved,ug/l,,,,,wrong_fraction,0,,1,
2022-05-10,11:00,2022,NS01DL0009,Kelley River at Eight Mile Ford,Uranium,Dissolved,ug/l,,,,,wrong_fraction,0,,1,
2022-08-16,11:00,2022,NS01DL0009,Kelley River at Eight Mile Ford,Uranium,Dissolved,ug/l,,,,,wrong_fraction,0,,1,
2022-10-26,14:00,2022,NS01DL0009,Kelley River at Eight Mile Ford,Uranium,Dissolved,ug/l,,,,,wrong_fraction,0,,1,
2022-12-06,13:25,2022,NS01DL0009,Kelley River at Eight Mile Ford,Uranium,Dissolved,ug/l,,,,,wrong_fraction,0,,1,
2023-05-09,12:50,2023,NS01DL0009,Kelley River at Eight Mile Ford,Uranium,Dissolved,ug/l,,,,,wrong_fraction,0,,1,
2023-07-17,11:30,2023,NS01DL0009,Kelley River at Eight Mile Ford,Uranium,Dissolved,ug/l,,,,,wrong_fraction,0,,1,
2023-10-05,12:00,2023,NS01DL0009,Kelley River at Eight Mile Ford,Uranium,Dissolved,ug/l,,,,,wrong_fraction,0,,1,
2023-11-15,14:00,2023,NS01DL0009,Kelley River at Eight Mile Ford,Uranium,Dissolved,ug/l,,,,,wrong_fraction,0,,1,
2024-05-30,12:00,2024,NS01DL0009,Kelley River at Eight Mile Ford,Uranium,Dissolved,ug/l,,,,,wrong_fraction,0,,1,
2024-08-27,12:00,2024,NS01DL0009,Kelley River at Eight Mile Ford,Uranium,Dissolved,ug/l,,,,,wrong_fraction,0,,1,
2024-10-03,12:00,2024,NS01DL0009,Kelley River at Eight Mile Ford,Uranium,Dissolved,ug/l,,,,,wrong_fraction,0,,1,
2024-12-16,13:00,2024,NS01DL0009,Kelley River at Eight Mile Ford,Uranium,Dissolved,ug/l,,,,,wrong_fraction,0,,1,
2019-05-17,12:00,2019,NS01DL0009,Kelley River at Eight Mile Ford,Uranium,Total,ug/l,0.500000,ug/l,15.000,maximum,evaluated,1,1,1,0
2019-08-20,11:00,2019,NS01DL0009,Kelley River at Eight Mile Ford,Uranium,Total,ug/l,0.500000,ug/l,15.000,maximum,evaluated,1,1,1,0
2019-09-19,13:00,2019,NS01DL0009,Kelley River at Eight Mile Ford,Uranium,Total,ug/l,0.500000,ug/l,15.000,maximum,evaluated,1,1,1,0
2019-11-26,12:00,2019,NS01DL0009,Kelley River at Eight Mile Ford,Uranium,Total,ug/l,0.500000,ug/l,15.000,maximum,evaluated,1,1,1,0
2020-05-21,12:00,2020,NS01DL0009,Kelley River at Eight Mile Ford,Uranium,Total,ug/l,0.500000,ug/l,15.000,maximum,evaluated,1,1,1,0
2020-07-16,11:00,2020,NS01DL0009,Kelley River at Eight Mile Ford,Uranium,Total,ug/l,0.500000,ug/l,15.000,maximum,evaluated,1,1,1,0
2020-10-06,12:00,2020,NS01DL0009,Kelley River at Eight Mile Ford,Uranium,Total,ug/l,0.500000,ug/l,15.000,maximum,evaluated,1,1,1,0
2020-11-25,13:00,2020,NS01DL0009,Kelley River at Eight Mile Ford,Uranium,Total,ug/l,0.500000,ug/l,15.000,maximum,evaluated,1,1,1,0
2021-08-26,11:00,2021,NS01DL0009,Kelley River at Eight Mile Ford,Uranium,Total,ug/l,0.500000,ug/l,15.000,maximum,evaluated,1,1,1,0
2021-09-15,12:00,2021,NS01DL0009,Kelley River at Eight Mile Ford,Uranium,Total,ug/l,0.500000,ug/l,15.000,maximum,evaluated,1,1,1,0
2021-10-28,11:00,2021,NS01DL0009,Kelley River at Eight Mile Ford,Uranium,Total,ug/l,0.500000,ug/l,15.000,maximum,evaluated,1,1,1,0
2021-12-15,12:30,2021,NS01DL0009,Kelley River at Eight Mile Ford,Uranium,Total,ug/l,0.500000,ug/l,15.000,maximum,evaluated,1,1,1,0
2022-05-10,11:00,2022,NS01DL0009,Kelley River at Eight Mile Ford,Uranium,Total,ug/l,0.500000,ug/l,15.000,maximum,evaluated,1,1,1,0
2022-08-16,11:00,2022,NS01DL0009,Kelley River at Eight Mile Ford,Uranium,Total,ug/l,0.500000,ug/l,15.000,maximum,evaluated,1,1,1,0
2022-10-26,14:00,2022,NS01DL0009,Kelley River at Eight Mile Ford,Uranium,Total,ug/l,0.500000,ug/l,15.000,maximum,evaluated,1,1,1,0
2022-12-06,13:25,2022,NS01DL0009,Kelley River at Eight Mile Ford,Uranium,Total,ug/l,0.500000,ug/l,15.000,maximum,evaluated,1,1,1,0
2023-05-09,12:50,2023,NS01DL0009,Kelley River at Eight Mile Ford,Uranium,Total,ug/l,0.500000,ug/l,15.000,maximum,evaluated,1,1,1,0
2023-07-17,11:30,2023,NS01DL0009,Kelley River at Eight Mile Ford,Uranium,Total,ug/l,0.500000,ug/l,15.000,maximum,evaluated,1,1,1,0
2023-10-05,12:00,2023,NS01DL0009,Kelley River at Eight Mile Ford,Uranium,Total,ug/l,0.500000,ug/l,15.000,maximum,evaluated,1,1,1,0
2023-11-15,14:00,2023,NS01DL0009,Kelley River at Eight Mile Ford,Uranium,Total,ug/l,0.500000,ug/l,15.000,maximum,evaluated,1,1,1,0
2024-05-30,12:00,2024,NS01DL0009,Kelley River at Eight Mile Ford,Uranium,Total,ug/l,0.500000,ug/l,15.000,maximum,evaluated,1,1,1,0
2024-08-27,12:00,2024,NS01DL0009,Kelley River at Eight Mile Ford,Uranium,Total,ug/l,0.500000,ug/l,15.000,maximum,evaluated,1,1,1,0
2024-10-03,12:00,2024,NS01DL0009,Kelley River at Eight Mile Ford,Uranium,Total,ug/l,0.500000,ug/l,15.000,maximum,evaluated,1,1,1,0
2024-12-16,13:00,2024,NS01DL0009,Kelley River at Eight Mile Ford,Uranium,Total,ug/l,0.500000,ug/l,15.000,maximum,evaluated,1,1,1,0
2020-04-16,11:15,2020,NS01DP0003,East River at Plymouth Park Road,Arsenic,Dissolved,ug/l,,,,,wrong_fraction,0,,1,
2020-07-13,13:50,2020,NS01DP0003,East River at Plymouth Park Road,Arsenic,Dissolved,ug/l,,,,,wrong_fraction,0,,1,
2022-04-26,14:30,2022,NS01DP0003,East River at Plymouth Park Road,Arsenic,Dissolved,ug/l,,,,,wrong_fraction,0,,1,
2022-08-10,11:00,2022,NS01DP0003,East River at Plymouth Park Road,Arsenic,Dissolved,ug/l,,,,,wrong_fraction,0,,1,
2022-10-25,11:15,2022,NS01DP0003,East River at Plymouth Park Road,Arsenic,Dissolved,ug/l,,,,,wrong_fraction,0,,1,
2022-11-28,13:10,2022,NS01DP0003,East River at Plymouth Park Road,Arsenic,Dissolved,ug/l,,,,,wrong_fraction,0,,1,
2023-05-03,12:00,2023,NS01DP0003,East River at Plymouth Park Road,Arsenic,Dissolved,ug/l,,,,,wrong_fraction,0,,1,
2023-06-27,12:30,2023,NS01DP0003,East River at Plymouth Park Road,Arsenic,Dissolved,ug/l,,,,,wrong_fraction,0,,1,
2023-09-07,14:20,2023,NS01DP0003,East River at Plymouth Park Road,Arsenic,Dissolved,ug/l,,,,,wrong_fraction,0,,1,
2023-11-06,12:45,2023,NS01DP0003,East River at Plymouth Park Road,Arsenic,Dissolved,ug/l,,,,,wrong_fraction,0,,1,
2024-04-16,11:30,2024,NS01DP0003,East River at Plymouth Park Road,Arsenic,Dissolved,ug/l,,,,,wrong_fraction,0,,1,
2024-07-18,08:50,2024,NS01DP0003,East River at Plymouth Park Road,Arsenic,Dissolved,ug/l,,,,,wrong_fraction,0,,1,
2024-09-17,13:45,2024,NS01DP0003,East River at Plymouth Park Road,Arsenic,Dissolved,ug/l,,,,,wrong_fraction,0,,1,
2024-11-12,15:45,2024,NS01DP0003,East River at Plymouth Park Road,Arsenic,Dissolved,ug/l,,,,,wrong_fraction,0,,1,
2019-06-24,11:30,2019,NS01DP0003,East River at Plymouth Park Road,Arsenic,Total,ug/l,0.500000,ug/l,5.000,maximum,evaluated,1,1,1,0
2019-09-06,11:20,2019,NS01DP0003,East River at Plymouth Park Road,Arsenic,Total,ug/l,0.500000,ug/l,5.000,maximum,evaluated,1,1,1,0
2019-10-21,11:55,2019,NS01DP0003,East River at Plymouth Park Road,Arsenic,Total,ug/l,0.500000,ug/l,5.000,maximum,evaluated,1,1,1,0
2019-12-19,11:21,2019,NS01DP0003,East River at Plymouth Park Road,Arsenic,Total,ug/l,0.500000,ug/l,5.000,maximum,evaluated,1,1,1,0
2020-04-16,11:15,2020,NS01DP0003,East River at Plymouth Park Road,Arsenic,Total,ug/l,1.000000,ug/l,5.000,maximum,evaluated,1,1,1,0
2020-07-13,13:50,2020,NS01DP0003,East River at Plymouth Park Road,Arsenic,Total,ug/l,1.000000,ug/l,5.000,maximum,evaluated,1,1,1,0
2020-09-10,12:55,2020,NS01DP0003,East River at Plymouth Park Road,Arsenic,Total,ug/l,0.500000,ug/l,5.000,maximum,evaluated,1,1,1,0
2020-11-18,11:45,2020,NS01DP0003,East River at Plymouth Park Road,Arsenic,Total,ug/l,0.500000,ug/l,5.000,maximum,evaluated,1,1,1,0
2021-06-28,12:00,2021,NS01DP0003,East River at Plymouth Park Road,Arsenic,Total,ug/l,0.500000,ug/l,5.000,maximum,evaluated,1,1,1,0
2021-08-24,11:25,2021,NS01DP0003,East River at Plymouth Park Road,Arsenic,Total,ug/l,0.500000,ug/l,5.000,maximum,evaluated,1,1,1,0
2021-10-11,15:15,2021,NS01DP0003,East River at Plymouth Park Road,Arsenic,Total,ug/l,0.500000,ug/l,5.000,maximum,evaluated,1,1,1,0
2021-12-13,14:15,2021,NS01DP0003,East River at Plymouth Park Road,Arsenic,Total,ug/l,0.500000,ug/l,5.000,maximum,evaluated,1,1,1,0
2022-04-26,14:30,2022,NS01DP0003,East River at Plymouth Park Road,Arsenic,Total,ug/l,0.500000,ug/l,5.000,maximum,evaluated,1,1,1,0
2022-08-10,11:00,2022,NS01DP0003,East River at Plymouth Park Road,Arsenic,Total,ug/l,0.500000,ug/l,5.000,maximum,evaluated,1,1,1,0
2022-10-25,11:15,2022,NS01DP0003,East River at Plymouth Park Road,Arsenic,Total,ug/l,0.500000,ug/l,5.000,maximum,evaluated,1,1,1,0
2022-11-28,13:10,2022,NS01DP0003,East River at Plymouth Park Road,Arsenic,Total,ug/l,0.500000,ug/l,5.000,maximum,evaluated,1,1,1,0
2023-05-03,12:00,2023,NS01DP0003,East River at Plymouth Park Road,Arsenic,Total,ug/l,0.500000,ug/l,5.000,maximum,evaluated,1,1,1,0
2023-06-27,12:30,2023,NS01DP0003,East River at Plymouth Park Road,Arsenic,Total,ug/l,0.500000,ug/l,5.000,maximum,evaluated,1,1,1,0
2023-09-07,14:20,2023,NS01DP0003,East River at Plymouth Park Road,Arsenic,Total,ug/l,1.000000,ug/l,5.000,maximum,evaluated,1,1,1,0
2023-11-06,12:45,2023,NS01DP0003,East River at Plymouth Park Road,Arsenic,Total,ug/l,0.500000,ug/l,5.000,maximum,evaluated,1,1,1,0
2024-04-16,11:30,2024,NS01DP0003,East River at Plymouth Park Road,Arsenic,Total,ug/l,0.500000,ug/l,5.000,maximum,evaluated,1,1,1,0
2024-07-18,08:50,2024,NS01DP0003,East River at Plymouth Park Road,Arsenic,Total,ug/l,0.500000,ug/l,5.000,maximum,evaluated,1,1,1,0
2024-09-17,13:45,2024,NS01DP0003,East River at Plymouth Park Road,Arsenic,Total,ug/l,0.500000,ug/l,5.000,maximum,evaluated,1,1,1,0
2024-11-12,15:45,2024,NS01DP0003,East River at Plymouth Park Road,Arsenic,Total,ug/l,0.500000,ug/l,5.000,maximum,evaluated,1,1,1,0
2020-04-16,11:15,2020,NS01DP0003,East River at Plymouth Park Road,Boron,Dissolved,ug/l,,,,,wrong_fraction,0,,1,
2020-07-13,13:50,2020,NS01DP0003,East River at Plymouth Park Road,Boron,Dissolved,ug/l,,,,,wrong_fraction,0,,1,
2022-04-26,14:30,2022,NS01DP0003,East River at Plymouth Park Road,Boron,Dissolved,ug/l,,,,,wrong_fraction,0,,1,
2022-08-10,11:00,2022,NS01DP0003,East River at Plymouth Park Road,Boron,Dissolved,ug/l,,,,,wrong_fraction,0,,1,
2022-10-25,11:15,2022,NS01DP0003,East River at Plymouth Park Road,Boron,Dissolved,ug/l,,,,,wrong_fraction,0,,1,
2022-11-28,13:10,2022,NS01DP0003,East River at Plymouth Park Road,Boron,Dissolved,ug/l,,,,,wrong_fraction,0,,1,
2023-05-03,12:00,2023,NS01DP0003,East River at Plymouth Park Road,Boron,Dissolved,ug/l,,,,,wrong_fraction,0,,1,
2023-06-27,12:30,2023,NS01DP0003,East River at Plymouth Park Road,Boron,Dissolved,ug/l,,,,,wrong_fraction,0,,1,
2023-09-07,14:20,2023,NS01DP0003,East River at Plymouth Park Road,Boron,Dissolved,ug/l,,,,,wrong_fraction,0,,1,
2023-11-06,12:45,2023,NS01DP0003,East River at Plymouth Park Road,Boron,Dissolved,ug/l,,,,,wrong_fraction,0,,1,
2024-04-16,11:30,2024,NS01DP0003,East River at Plymouth Park Road,Boron,Dissolved,ug/l,,,,,wrong_fraction,0,,1,
2024-07-18,08:50,2024,NS01DP0003,East River at Plymouth Park Road,Boron,Dissolved,ug/l,,,,,wrong_fraction,0,,1,
2024-09-17,13:45,2024,NS01DP0003,East River at Plymouth Park Road,Boron,Dissolved,ug/l,,,,,wrong_fraction,0,,1,
2024-11-12,15:45,2024,NS01DP0003,East River at Plymouth Park Road,Boron,Dissolved,ug/l,,,,,wrong_fraction,0,,1,
2019-06-24,11:30,2019,NS01DP0003,East River at Plymouth Park Road,Boron,Total,ug/l,0.020000,mg/l,1.500,maximum,evaluated,1,1,1,0
2019-09-06,11:20,2019,NS01DP0003,East River at Plymouth Park Road,Boron,Total,ug/l,0.020000,mg/l,1.500,maximum,evaluated,1,1,1,0
2019-10-21,11:55,2019,NS01DP0003,East River at Plymouth Park Road,Boron,Total,ug/l,0.020000,mg/l,1.500,maximum,evaluated,1,1,1,0
2019-12-19,11:21,2019,NS01DP0003,East River at Plymouth Park Road,Boron,Total,ug/l,0.020000,mg/l,1.500,maximum,evaluated,1,1,1,0
2020-04-16,11:15,2020,NS01DP0003,East River at Plymouth Park Road,Boron,Total,ug/l,0.050000,mg/l,1.500,maximum,evaluated,1,1,1,0
2020-07-13,13:50,2020,NS01DP0003,East River at Plymouth Park Road,Boron,Total,ug/l,0.050000,mg/l,1.500,maximum,evaluated,1,1,1,0
2020-09-10,12:55,2020,NS01DP0003,East River at Plymouth Park Road,Boron,Total,ug/l,0.020000,mg/l,1.500,maximum,evaluated,1,1,1,0
2020-11-18,11:45,2020,NS01DP0003,East River at Plymouth Park Road,Boron,Total,ug/l,0.020000,mg/l,1.500,maximum,evaluated,1,1,1,0
2021-06-28,12:00,2021,NS01DP0003,East River at Plymouth Park Road,Boron,Total,ug/l,0.020000,mg/l,1.500,maximum,evaluated,1,1,1,0
2021-08-24,11:25,2021,NS01DP0003,East River at Plymouth Park Road,Boron,Total,ug/l,0.020000,mg/l,1.500,maximum,evaluated,1,1,1,0
2021-10-11,15:15,2021,NS01DP0003,East River at Plymouth Park Road,Boron,Total,ug/l,0.020000,mg/l,1.500,maximum,evaluated,1,1,1,0
2021-12-13,14:15,2021,NS01DP0003,East River at Plymouth Park Road,Boron,Total,ug/l,0.020000,mg/l,1.500,maximum,evaluated,1,1,1,0
2022-04-26,14:30,2022,NS01DP0003,East River at Plymouth Park Road,Boron,Total,ug/l,0.020000,mg/l,1.500,maximum,evaluated,1,1,1,0
2022-08-10,11:00,2022,NS01DP0003,East River at Plymouth Park Road,Boron,Total,ug/l,0.020000,mg/l,1.500,maximum,evaluated,1,1,1,0
2022-10-25,11:15,2022,NS01DP0003,East River at Plymouth Park Road,Boron,Total,ug/l,0.020000,mg/l,1.500,maximum,evaluated,1,1,1,0
2022-11-28,13:10,2022,NS01DP0003,East River at Plymouth Park Road,Boron,Total,ug/l,0.020000,mg/l,1.500,maximum,evaluated,1,1,1,0
2023-05-03,12:00,2023,NS01DP0003,East River at Plymouth Park Road,Boron,Total,ug/l,0.004000,mg/l,1.500,maximum,evaluated,1,1,1,0
2023-06-27,12:30,2023,NS01DP0003,East River at Plymouth Park Road,Boron,Total,ug/l,0.020000,mg/l,1.500,maximum,evaluated,1,1,1,0
2023-09-07,14:20,2023,NS01DP0003,East River at Plymouth Park Road,Boron,Total,ug/l,0.050000,mg/l,1.500,maximum,evaluated,1,1,1,0
2023-11-06,12:45,2023,NS01DP0003,East River at Plymouth Park Road,Boron,Total,ug/l,0.020000,mg/l,1.500,maximum,evaluated,1,1,1,0
2024-04-16,11:30,2024,NS01DP0003,East River at Plymouth Park Road,Boron,Total,ug/l,0.020000,mg/l,1.500,maximum,evaluated,1,1,1,0
2024-07-18,08:50,2024,NS01DP0003,East River at Plymouth Park Road,Boron,Total,ug/l,0.020000,mg/l,1.500,maximum,evaluated,1,1,1,0
2024-09-17,13:45,2024,NS01DP0003,East River at Plymouth Park Road,Boron,Total,ug/l,0.020000,mg/l,1.500,maximum,evaluated,1,1,1,0
2024-11-12,15:45,2024,NS01DP0003,East River at Plymouth Park Road,Boron,Total,ug/l,0.020000,mg/l,1.500,maximum,evaluated,1,1,1,0
2019-06-24,11:30,2019,NS01DP0003,East River at Plymouth Park Road,Chloride,Dissolved,mg/l,4.400000,mg/l,120.000,maximum,evaluated,1,1,0,
2019-09-06,11:20,2019,NS01DP0003,East River at Plymouth Park Road,Chloride,Dissolved,mg/l,6.600000,mg/l,120.000,maximum,evaluated,1,1,0,
2019-10-21,11:55,2019,NS01DP0003,East River at Plymouth Park Road,Chloride,Dissolved,mg/l,6.100000,mg/l,120.000,maximum,evaluated,1,1,0,
2019-12-19,11:21,2019,NS01DP0003,East River at Plymouth Park Road,Chloride,Dissolved,mg/l,5.200000,mg/l,120.000,maximum,evaluated,1,1,0,
2020-04-16,11:15,2020,NS01DP0003,East River at Plymouth Park Road,Chloride,Dissolved,mg/l,4.800000,mg/l,120.000,maximum,evaluated,1,1,0,
2020-07-13,13:50,2020,NS01DP0003,East River at Plymouth Park Road,Chloride,Dissolved,mg/l,8.300000,mg/l,120.000,maximum,evaluated,1,1,0,
2020-09-10,12:55,2020,NS01DP0003,East River at Plymouth Park Road,Chloride,Dissolved,mg/l,11.300000,mg/l,120.000,maximum,evaluated,1,1,0,
2020-11-18,11:45,2020,NS01DP0003,East River at Plymouth Park Road,Chloride,Dissolved,mg/l,8.200000,mg/l,120.000,maximum,evaluated,1,1,0,
2021-06-28,12:00,2021,NS01DP0003,East River at Plymouth Park Road,Chloride,Dissolved,mg/l,6.600000,mg/l,120.000,maximum,evaluated,1,1,0,
2021-08-24,11:25,2021,NS01DP0003,East River at Plymouth Park Road,Chloride,Dissolved,mg/l,7.200000,mg/l,120.000,maximum,evaluated,1,1,0,
2021-10-11,15:15,2021,NS01DP0003,East River at Plymouth Park Road,Chloride,Dissolved,mg/l,8.100000,mg/l,120.000,maximum,evaluated,1,1,0,
2021-12-13,14:15,2021,NS01DP0003,East River at Plymouth Park Road,Chloride,Dissolved,mg/l,4.000000,mg/l,120.000,maximum,evaluated,1,1,0,
2022-04-26,14:30,2022,NS01DP0003,East River at Plymouth Park Road,Chloride,Dissolved,mg/l,3.700000,mg/l,120.000,maximum,evaluated,1,1,0,
2022-08-10,11:00,2022,NS01DP0003,East River at Plymouth Park Road,Chloride,Dissolved,mg/l,6.900000,mg/l,120.000,maximum,evaluated,1,1,0,
2022-10-25,11:15,2022,NS01DP0003,East River at Plymouth Park Road,Chloride,Dissolved,mg/l,6.200000,mg/l,120.000,maximum,evaluated,1,1,0,
2022-11-28,13:10,2022,NS01DP0003,East River at Plymouth Park Road,Chloride,Dissolved,mg/l,6.000000,mg/l,120.000,maximum,evaluated,1,1,0,
2023-05-03,12:00,2023,NS01DP0003,East River at Plymouth Park Road,Chloride,Dissolved,mg/l,4.400000,mg/l,120.000,maximum,evaluated,1,1,0,
2023-06-27,12:30,2023,NS01DP0003,East River at Plymouth Park Road,Chloride,Dissolved,mg/l,5.600000,mg/l,120.000,maximum,evaluated,1,1,0,
2023-09-07,14:20,2023,NS01DP0003,East River at Plymouth Park Road,Chloride,Dissolved,mg/l,3.600000,mg/l,120.000,maximum,evaluated,1,1,0,
2023-11-06,12:45,2023,NS01DP0003,East River at Plymouth Park Road,Chloride,Dissolved,mg/l,5.400000,mg/l,120.000,maximum,evaluated,1,1,0,
2024-04-16,11:30,2024,NS01DP0003,East River at Plymouth Park Road,Chloride,Dissolved,mg/l,3.800000,mg/l,120.000,maximum,evaluated,1,1,0,
2024-07-18,08:50,2024,NS01DP0003,East River at Plymouth Park Road,Chloride,Dissolved,mg/l,4.300000,mg/l,120.000,maximum,evaluated,1,1,0,
2024-09-17,13:45,2024,NS01DP0003,East River at Plymouth Park Road,Chloride,Dissolved,mg/l,6.200000,mg/l,120.000,maximum,evaluated,1,1,0,
2024-11-12,15:45,2024,NS01DP0003,East River at Plymouth Park Road,Chloride,Dissolved,mg/l,7.300000,mg/l,120.000,maximum,evaluated,1,1,0,
2019-06-24,11:30,2019,NS01DP0003,East River at Plymouth Park Road,Dissolved oxygen (DO),(not stated),mg/l,10.400000,mg/l,6.500,minimum,evaluated,1,1,0,
2019-09-06,11:20,2019,NS01DP0003,East River at Plymouth Park Road,Dissolved oxygen (DO),(not stated),mg/l,10.380000,mg/l,6.500,minimum,evaluated,1,1,0,
2019-10-21,11:55,2019,NS01DP0003,East River at Plymouth Park Road,Dissolved oxygen (DO),(not stated),mg/l,12.020000,mg/l,6.500,minimum,evaluated,1,1,0,
2019-12-19,11:21,2019,NS01DP0003,East River at Plymouth Park Road,Dissolved oxygen (DO),(not stated),mg/l,14.410000,mg/l,6.500,minimum,evaluated,1,1,0,
2020-04-16,11:15,2020,NS01DP0003,East River at Plymouth Park Road,Dissolved oxygen (DO),(not stated),mg/l,12.190000,mg/l,6.500,minimum,evaluated,1,1,0,
2020-07-13,13:50,2020,NS01DP0003,East River at Plymouth Park Road,Dissolved oxygen (DO),(not stated),mg/l,9.060000,mg/l,6.500,minimum,evaluated,1,1,0,
2020-09-10,12:55,2020,NS01DP0003,East River at Plymouth Park Road,Dissolved oxygen (DO),(not stated),mg/l,,mg/l,6.500,minimum,malformed,0,,0,
2020-11-18,11:45,2020,NS01DP0003,East River at Plymouth Park Road,Dissolved oxygen (DO),(not stated),mg/l,12.570000,mg/l,6.500,minimum,evaluated,1,1,0,
2021-06-28,12:00,2021,NS01DP0003,East River at Plymouth Park Road,Dissolved oxygen (DO),(not stated),mg/l,8.990000,mg/l,6.500,minimum,evaluated,1,1,0,
2021-08-24,11:25,2021,NS01DP0003,East River at Plymouth Park Road,Dissolved oxygen (DO),(not stated),mg/l,8.750000,mg/l,6.500,minimum,evaluated,1,1,0,
2021-10-11,15:15,2021,NS01DP0003,East River at Plymouth Park Road,Dissolved oxygen (DO),(not stated),mg/l,11.420000,mg/l,6.500,minimum,evaluated,1,1,0,
2021-12-13,14:15,2021,NS01DP0003,East River at Plymouth Park Road,Dissolved oxygen (DO),(not stated),mg/l,12.410000,mg/l,6.500,minimum,evaluated,1,1,0,
2022-04-26,14:30,2022,NS01DP0003,East River at Plymouth Park Road,Dissolved oxygen (DO),(not stated),mg/l,12.280000,mg/l,6.500,minimum,evaluated,1,1,0,
2022-08-10,11:00,2022,NS01DP0003,East River at Plymouth Park Road,Dissolved oxygen (DO),(not stated),mg/l,9.480000,mg/l,6.500,minimum,evaluated,1,1,0,
2022-10-25,11:15,2022,NS01DP0003,East River at Plymouth Park Road,Dissolved oxygen (DO),(not stated),mg/l,10.870000,mg/l,6.500,minimum,evaluated,1,1,0,
2022-11-28,13:10,2022,NS01DP0003,East River at Plymouth Park Road,Dissolved oxygen (DO),(not stated),mg/l,11.590000,mg/l,6.500,minimum,evaluated,1,1,0,
2023-05-03,12:00,2023,NS01DP0003,East River at Plymouth Park Road,Dissolved oxygen (DO),(not stated),mg/l,12.110000,mg/l,6.500,minimum,evaluated,1,1,0,
2023-06-27,12:30,2023,NS01DP0003,East River at Plymouth Park Road,Dissolved oxygen (DO),(not stated),mg/l,9.760000,mg/l,6.500,minimum,evaluated,1,1,0,
2023-09-07,14:00,2023,NS01DP0003,East River at Plymouth Park Road,Dissolved oxygen (DO),(not stated),mg/l,9.640000,mg/l,6.500,minimum,evaluated,1,1,0,
2023-11-06,12:45,2023,NS01DP0003,East River at Plymouth Park Road,Dissolved oxygen (DO),(not stated),mg/l,12.210000,mg/l,6.500,minimum,evaluated,1,1,0,
2024-04-16,11:30,2024,NS01DP0003,East River at Plymouth Park Road,Dissolved oxygen (DO),(not stated),mg/l,11.800000,mg/l,6.500,minimum,evaluated,1,1,0,
2024-07-18,08:50,2024,NS01DP0003,East River at Plymouth Park Road,Dissolved oxygen (DO),(not stated),mg/l,8.890000,mg/l,6.500,minimum,evaluated,1,1,0,
2024-09-17,13:45,2024,NS01DP0003,East River at Plymouth Park Road,Dissolved oxygen (DO),(not stated),mg/l,10.050000,mg/l,6.500,minimum,evaluated,1,1,0,
2024-11-12,15:45,2024,NS01DP0003,East River at Plymouth Park Road,Dissolved oxygen (DO),(not stated),mg/l,12.270000,mg/l,6.500,minimum,evaluated,1,1,0,
2020-04-16,11:15,2020,NS01DP0003,East River at Plymouth Park Road,Iron,Dissolved,ug/l,,,,,wrong_fraction,0,,1,
2020-07-13,13:50,2020,NS01DP0003,East River at Plymouth Park Road,Iron,Dissolved,ug/l,,,,,wrong_fraction,0,,0,
2022-04-26,14:30,2022,NS01DP0003,East River at Plymouth Park Road,Iron,Dissolved,ug/l,,,,,wrong_fraction,0,,0,
2022-08-10,11:00,2022,NS01DP0003,East River at Plymouth Park Road,Iron,Dissolved,ug/l,,,,,wrong_fraction,0,,0,
2022-10-25,11:15,2022,NS01DP0003,East River at Plymouth Park Road,Iron,Dissolved,ug/l,,,,,wrong_fraction,0,,0,
2022-11-28,13:10,2022,NS01DP0003,East River at Plymouth Park Road,Iron,Dissolved,ug/l,,,,,wrong_fraction,0,,0,
2023-05-03,12:00,2023,NS01DP0003,East River at Plymouth Park Road,Iron,Dissolved,ug/l,,,,,wrong_fraction,0,,0,
2023-06-27,12:30,2023,NS01DP0003,East River at Plymouth Park Road,Iron,Dissolved,ug/l,,,,,wrong_fraction,0,,0,
2023-09-07,14:20,2023,NS01DP0003,East River at Plymouth Park Road,Iron,Dissolved,ug/l,,,,,wrong_fraction,0,,0,
2023-11-06,12:45,2023,NS01DP0003,East River at Plymouth Park Road,Iron,Dissolved,ug/l,,,,,wrong_fraction,0,,0,
2024-04-16,11:30,2024,NS01DP0003,East River at Plymouth Park Road,Iron,Dissolved,ug/l,,,,,wrong_fraction,0,,0,
2024-07-18,08:50,2024,NS01DP0003,East River at Plymouth Park Road,Iron,Dissolved,ug/l,,,,,wrong_fraction,0,,0,
2024-09-17,13:45,2024,NS01DP0003,East River at Plymouth Park Road,Iron,Dissolved,ug/l,,,,,wrong_fraction,0,,1,
2024-11-12,15:45,2024,NS01DP0003,East River at Plymouth Park Road,Iron,Dissolved,ug/l,,,,,wrong_fraction,0,,0,
2019-06-24,11:30,2019,NS01DP0003,East River at Plymouth Park Road,Iron,Total,ug/l,144.000000,ug/l,300.000,maximum,evaluated,1,1,0,
2019-09-06,11:20,2019,NS01DP0003,East River at Plymouth Park Road,Iron,Total,ug/l,82.000000,ug/l,300.000,maximum,evaluated,1,1,0,
2019-10-21,11:55,2019,NS01DP0003,East River at Plymouth Park Road,Iron,Total,ug/l,135.000000,ug/l,300.000,maximum,evaluated,1,1,0,
2019-12-19,11:21,2019,NS01DP0003,East River at Plymouth Park Road,Iron,Total,ug/l,73.000000,ug/l,300.000,maximum,evaluated,1,1,0,
2020-04-16,11:15,2020,NS01DP0003,East River at Plymouth Park Road,Iron,Total,ug/l,150.000000,ug/l,300.000,maximum,evaluated,1,1,0,
2020-07-13,13:50,2020,NS01DP0003,East River at Plymouth Park Road,Iron,Total,ug/l,93.000000,ug/l,300.000,maximum,evaluated,1,1,0,
2020-09-10,12:55,2020,NS01DP0003,East River at Plymouth Park Road,Iron,Total,ug/l,50.000000,ug/l,300.000,maximum,evaluated,1,1,1,0
2020-11-18,11:45,2020,NS01DP0003,East River at Plymouth Park Road,Iron,Total,ug/l,135.000000,ug/l,300.000,maximum,evaluated,1,1,0,
2021-06-28,12:00,2021,NS01DP0003,East River at Plymouth Park Road,Iron,Total,ug/l,80.000000,ug/l,300.000,maximum,evaluated,1,1,0,
2021-08-24,11:25,2021,NS01DP0003,East River at Plymouth Park Road,Iron,Total,ug/l,229.000000,ug/l,300.000,maximum,evaluated,1,1,0,
2021-10-11,15:15,2021,NS01DP0003,East River at Plymouth Park Road,Iron,Total,ug/l,146.000000,ug/l,300.000,maximum,evaluated,1,1,0,
2021-12-13,14:15,2021,NS01DP0003,East River at Plymouth Park Road,Iron,Total,ug/l,144.000000,ug/l,300.000,maximum,evaluated,1,1,0,
2022-04-26,14:30,2022,NS01DP0003,East River at Plymouth Park Road,Iron,Total,ug/l,95.000000,ug/l,300.000,maximum,evaluated,1,1,0,
2022-08-10,11:00,2022,NS01DP0003,East River at Plymouth Park Road,Iron,Total,ug/l,163.000000,ug/l,300.000,maximum,evaluated,1,1,0,
2022-10-25,11:15,2022,NS01DP0003,East River at Plymouth Park Road,Iron,Total,ug/l,146.000000,ug/l,300.000,maximum,evaluated,1,1,0,
2022-11-28,13:10,2022,NS01DP0003,East River at Plymouth Park Road,Iron,Total,ug/l,147.000000,ug/l,300.000,maximum,evaluated,1,1,0,
2023-05-03,12:00,2023,NS01DP0003,East River at Plymouth Park Road,Iron,Total,ug/l,156.000000,ug/l,300.000,maximum,evaluated,1,1,0,
2023-06-27,12:30,2023,NS01DP0003,East River at Plymouth Park Road,Iron,Total,ug/l,79.000000,ug/l,300.000,maximum,evaluated,1,1,0,
2023-09-07,14:20,2023,NS01DP0003,East River at Plymouth Park Road,Iron,Total,ug/l,240.000000,ug/l,300.000,maximum,evaluated,1,1,0,
2023-11-06,12:45,2023,NS01DP0003,East River at Plymouth Park Road,Iron,Total,ug/l,157.000000,ug/l,300.000,maximum,evaluated,1,1,0,
2024-04-16,11:30,2024,NS01DP0003,East River at Plymouth Park Road,Iron,Total,ug/l,90.000000,ug/l,300.000,maximum,evaluated,1,1,0,
2024-07-18,08:50,2024,NS01DP0003,East River at Plymouth Park Road,Iron,Total,ug/l,288.000000,ug/l,300.000,maximum,evaluated,1,1,0,
2024-09-17,13:45,2024,NS01DP0003,East River at Plymouth Park Road,Iron,Total,ug/l,57.000000,ug/l,300.000,maximum,evaluated,1,1,0,
2024-11-12,15:45,2024,NS01DP0003,East River at Plymouth Park Road,Iron,Total,ug/l,74.000000,ug/l,300.000,maximum,evaluated,1,1,0,
2020-04-16,11:15,2020,NS01DP0003,East River at Plymouth Park Road,Molybdenum,Dissolved,ug/l,,,,,wrong_fraction,0,,1,
2020-07-13,13:50,2020,NS01DP0003,East River at Plymouth Park Road,Molybdenum,Dissolved,ug/l,,,,,wrong_fraction,0,,1,
2022-04-26,14:30,2022,NS01DP0003,East River at Plymouth Park Road,Molybdenum,Dissolved,ug/l,,,,,wrong_fraction,0,,1,
2022-08-10,11:00,2022,NS01DP0003,East River at Plymouth Park Road,Molybdenum,Dissolved,ug/l,,,,,wrong_fraction,0,,1,
2022-10-25,11:15,2022,NS01DP0003,East River at Plymouth Park Road,Molybdenum,Dissolved,ug/l,,,,,wrong_fraction,0,,1,
2022-11-28,13:10,2022,NS01DP0003,East River at Plymouth Park Road,Molybdenum,Dissolved,ug/l,,,,,wrong_fraction,0,,1,
2023-05-03,12:00,2023,NS01DP0003,East River at Plymouth Park Road,Molybdenum,Dissolved,ug/l,,,,,wrong_fraction,0,,1,
2023-06-27,12:30,2023,NS01DP0003,East River at Plymouth Park Road,Molybdenum,Dissolved,ug/l,,,,,wrong_fraction,0,,1,
2023-09-07,14:20,2023,NS01DP0003,East River at Plymouth Park Road,Molybdenum,Dissolved,ug/l,,,,,wrong_fraction,0,,1,
2023-11-06,12:45,2023,NS01DP0003,East River at Plymouth Park Road,Molybdenum,Dissolved,ug/l,,,,,wrong_fraction,0,,1,
2024-04-16,11:30,2024,NS01DP0003,East River at Plymouth Park Road,Molybdenum,Dissolved,ug/l,,,,,wrong_fraction,0,,1,
2024-07-18,08:50,2024,NS01DP0003,East River at Plymouth Park Road,Molybdenum,Dissolved,ug/l,,,,,wrong_fraction,0,,1,
2024-09-17,13:45,2024,NS01DP0003,East River at Plymouth Park Road,Molybdenum,Dissolved,ug/l,,,,,wrong_fraction,0,,1,
2024-11-12,15:45,2024,NS01DP0003,East River at Plymouth Park Road,Molybdenum,Dissolved,ug/l,,,,,wrong_fraction,0,,1,
2019-06-24,11:30,2019,NS01DP0003,East River at Plymouth Park Road,Molybdenum,Total,ug/l,2.000000,ug/l,73.000,maximum,evaluated,1,1,1,0
2019-09-06,11:20,2019,NS01DP0003,East River at Plymouth Park Road,Molybdenum,Total,ug/l,2.000000,ug/l,73.000,maximum,evaluated,1,1,1,0
2019-10-21,11:55,2019,NS01DP0003,East River at Plymouth Park Road,Molybdenum,Total,ug/l,2.000000,ug/l,73.000,maximum,evaluated,1,1,1,0
2019-12-19,11:21,2019,NS01DP0003,East River at Plymouth Park Road,Molybdenum,Total,ug/l,2.000000,ug/l,73.000,maximum,evaluated,1,1,1,0
2020-04-16,11:15,2020,NS01DP0003,East River at Plymouth Park Road,Molybdenum,Total,ug/l,2.000000,ug/l,73.000,maximum,evaluated,1,1,1,0
2020-07-13,13:50,2020,NS01DP0003,East River at Plymouth Park Road,Molybdenum,Total,ug/l,2.000000,ug/l,73.000,maximum,evaluated,1,1,1,0
2020-09-10,12:55,2020,NS01DP0003,East River at Plymouth Park Road,Molybdenum,Total,ug/l,2.000000,ug/l,73.000,maximum,evaluated,1,1,1,0
2020-11-18,11:45,2020,NS01DP0003,East River at Plymouth Park Road,Molybdenum,Total,ug/l,2.000000,ug/l,73.000,maximum,evaluated,1,1,1,0
2021-06-28,12:00,2021,NS01DP0003,East River at Plymouth Park Road,Molybdenum,Total,ug/l,2.000000,ug/l,73.000,maximum,evaluated,1,1,1,0
2021-08-24,11:25,2021,NS01DP0003,East River at Plymouth Park Road,Molybdenum,Total,ug/l,2.000000,ug/l,73.000,maximum,evaluated,1,1,1,0
2021-10-11,15:15,2021,NS01DP0003,East River at Plymouth Park Road,Molybdenum,Total,ug/l,2.000000,ug/l,73.000,maximum,evaluated,1,1,1,0
2021-12-13,14:15,2021,NS01DP0003,East River at Plymouth Park Road,Molybdenum,Total,ug/l,2.000000,ug/l,73.000,maximum,evaluated,1,1,1,0
2022-04-26,14:30,2022,NS01DP0003,East River at Plymouth Park Road,Molybdenum,Total,ug/l,2.000000,ug/l,73.000,maximum,evaluated,1,1,1,0
2022-08-10,11:00,2022,NS01DP0003,East River at Plymouth Park Road,Molybdenum,Total,ug/l,2.000000,ug/l,73.000,maximum,evaluated,1,1,1,0
2022-10-25,11:15,2022,NS01DP0003,East River at Plymouth Park Road,Molybdenum,Total,ug/l,2.000000,ug/l,73.000,maximum,evaluated,1,1,1,0
2022-11-28,13:10,2022,NS01DP0003,East River at Plymouth Park Road,Molybdenum,Total,ug/l,2.000000,ug/l,73.000,maximum,evaluated,1,1,1,0
2023-05-03,12:00,2023,NS01DP0003,East River at Plymouth Park Road,Molybdenum,Total,ug/l,2.000000,ug/l,73.000,maximum,evaluated,1,1,1,0
2023-06-27,12:30,2023,NS01DP0003,East River at Plymouth Park Road,Molybdenum,Total,ug/l,2.000000,ug/l,73.000,maximum,evaluated,1,1,1,0
2023-09-07,14:20,2023,NS01DP0003,East River at Plymouth Park Road,Molybdenum,Total,ug/l,2.000000,ug/l,73.000,maximum,evaluated,1,1,1,0
2023-11-06,12:45,2023,NS01DP0003,East River at Plymouth Park Road,Molybdenum,Total,ug/l,2.000000,ug/l,73.000,maximum,evaluated,1,1,1,0
2024-04-16,11:30,2024,NS01DP0003,East River at Plymouth Park Road,Molybdenum,Total,ug/l,2.000000,ug/l,73.000,maximum,evaluated,1,1,1,0
2024-07-18,08:50,2024,NS01DP0003,East River at Plymouth Park Road,Molybdenum,Total,ug/l,2.000000,ug/l,73.000,maximum,evaluated,1,1,1,0
2024-09-17,13:45,2024,NS01DP0003,East River at Plymouth Park Road,Molybdenum,Total,ug/l,2.000000,ug/l,73.000,maximum,evaluated,1,1,1,0
2024-11-12,15:45,2024,NS01DP0003,East River at Plymouth Park Road,Molybdenum,Total,ug/l,2.000000,ug/l,73.000,maximum,evaluated,1,1,1,0
2020-04-16,11:15,2020,NS01DP0003,East River at Plymouth Park Road,Selenium,Dissolved,ug/l,,,,,wrong_fraction,0,,1,
2020-07-13,13:50,2020,NS01DP0003,East River at Plymouth Park Road,Selenium,Dissolved,ug/l,,,,,wrong_fraction,0,,1,
2022-04-26,14:30,2022,NS01DP0003,East River at Plymouth Park Road,Selenium,Dissolved,ug/l,,,,,wrong_fraction,0,,1,
2022-08-10,11:00,2022,NS01DP0003,East River at Plymouth Park Road,Selenium,Dissolved,ug/l,,,,,wrong_fraction,0,,1,
2022-10-25,11:15,2022,NS01DP0003,East River at Plymouth Park Road,Selenium,Dissolved,ug/l,,,,,wrong_fraction,0,,1,
2022-11-28,13:10,2022,NS01DP0003,East River at Plymouth Park Road,Selenium,Dissolved,ug/l,,,,,wrong_fraction,0,,1,
2023-05-03,12:00,2023,NS01DP0003,East River at Plymouth Park Road,Selenium,Dissolved,ug/l,,,,,wrong_fraction,0,,1,
2023-06-27,12:30,2023,NS01DP0003,East River at Plymouth Park Road,Selenium,Dissolved,ug/l,,,,,wrong_fraction,0,,1,
2023-09-07,14:20,2023,NS01DP0003,East River at Plymouth Park Road,Selenium,Dissolved,ug/l,,,,,wrong_fraction,0,,1,
2023-11-06,12:45,2023,NS01DP0003,East River at Plymouth Park Road,Selenium,Dissolved,ug/l,,,,,wrong_fraction,0,,1,
2024-04-16,11:30,2024,NS01DP0003,East River at Plymouth Park Road,Selenium,Dissolved,ug/l,,,,,wrong_fraction,0,,1,
2024-07-18,08:50,2024,NS01DP0003,East River at Plymouth Park Road,Selenium,Dissolved,ug/l,,,,,wrong_fraction,0,,1,
2024-09-17,13:45,2024,NS01DP0003,East River at Plymouth Park Road,Selenium,Dissolved,ug/l,,,,,wrong_fraction,0,,1,
2024-11-12,15:45,2024,NS01DP0003,East River at Plymouth Park Road,Selenium,Dissolved,ug/l,,,,,wrong_fraction,0,,1,
2019-06-24,11:30,2019,NS01DP0003,East River at Plymouth Park Road,Selenium,Total,ug/l,2.000000,ug/l,1.000,maximum,evaluated,1,1,1,1
2019-09-06,11:20,2019,NS01DP0003,East River at Plymouth Park Road,Selenium,Total,ug/l,2.000000,ug/l,1.000,maximum,evaluated,1,1,1,1
2019-10-21,11:55,2019,NS01DP0003,East River at Plymouth Park Road,Selenium,Total,ug/l,2.000000,ug/l,1.000,maximum,evaluated,1,1,1,1
2019-12-19,11:21,2019,NS01DP0003,East River at Plymouth Park Road,Selenium,Total,ug/l,2.000000,ug/l,1.000,maximum,evaluated,1,1,1,1
2020-04-16,11:15,2020,NS01DP0003,East River at Plymouth Park Road,Selenium,Total,ug/l,2.000000,ug/l,1.000,maximum,evaluated,1,1,1,1
2020-07-13,13:50,2020,NS01DP0003,East River at Plymouth Park Road,Selenium,Total,ug/l,2.000000,ug/l,1.000,maximum,evaluated,1,1,1,1
2020-09-10,12:55,2020,NS01DP0003,East River at Plymouth Park Road,Selenium,Total,ug/l,2.000000,ug/l,1.000,maximum,evaluated,1,1,1,1
2020-11-18,11:45,2020,NS01DP0003,East River at Plymouth Park Road,Selenium,Total,ug/l,2.000000,ug/l,1.000,maximum,evaluated,1,1,1,1
2021-06-28,12:00,2021,NS01DP0003,East River at Plymouth Park Road,Selenium,Total,ug/l,2.000000,ug/l,1.000,maximum,evaluated,1,1,1,1
2021-08-24,11:25,2021,NS01DP0003,East River at Plymouth Park Road,Selenium,Total,ug/l,2.000000,ug/l,1.000,maximum,evaluated,1,1,1,1
2021-10-11,15:15,2021,NS01DP0003,East River at Plymouth Park Road,Selenium,Total,ug/l,2.000000,ug/l,1.000,maximum,evaluated,1,1,1,1
2021-12-13,14:15,2021,NS01DP0003,East River at Plymouth Park Road,Selenium,Total,ug/l,2.000000,ug/l,1.000,maximum,evaluated,1,1,1,1
2022-04-26,14:30,2022,NS01DP0003,East River at Plymouth Park Road,Selenium,Total,ug/l,2.000000,ug/l,1.000,maximum,evaluated,1,1,1,1
2022-08-10,11:00,2022,NS01DP0003,East River at Plymouth Park Road,Selenium,Total,ug/l,2.000000,ug/l,1.000,maximum,evaluated,1,1,1,1
2022-10-25,11:15,2022,NS01DP0003,East River at Plymouth Park Road,Selenium,Total,ug/l,2.000000,ug/l,1.000,maximum,evaluated,1,1,1,1
2022-11-28,13:10,2022,NS01DP0003,East River at Plymouth Park Road,Selenium,Total,ug/l,2.000000,ug/l,1.000,maximum,evaluated,1,1,1,1
2023-05-03,12:00,2023,NS01DP0003,East River at Plymouth Park Road,Selenium,Total,ug/l,2.000000,ug/l,1.000,maximum,evaluated,1,1,1,1
2023-06-27,12:30,2023,NS01DP0003,East River at Plymouth Park Road,Selenium,Total,ug/l,2.000000,ug/l,1.000,maximum,evaluated,1,1,1,1
2023-09-07,14:20,2023,NS01DP0003,East River at Plymouth Park Road,Selenium,Total,ug/l,2.000000,ug/l,1.000,maximum,evaluated,1,1,1,1
2023-11-06,12:45,2023,NS01DP0003,East River at Plymouth Park Road,Selenium,Total,ug/l,2.000000,ug/l,1.000,maximum,evaluated,1,1,1,1
2024-04-16,11:30,2024,NS01DP0003,East River at Plymouth Park Road,Selenium,Total,ug/l,2.000000,ug/l,1.000,maximum,evaluated,1,1,1,1
2024-07-18,08:50,2024,NS01DP0003,East River at Plymouth Park Road,Selenium,Total,ug/l,2.000000,ug/l,1.000,maximum,evaluated,1,1,1,1
2024-09-17,13:45,2024,NS01DP0003,East River at Plymouth Park Road,Selenium,Total,ug/l,2.000000,ug/l,1.000,maximum,evaluated,1,1,1,1
2024-11-12,15:45,2024,NS01DP0003,East River at Plymouth Park Road,Selenium,Total,ug/l,2.000000,ug/l,1.000,maximum,evaluated,1,1,1,1
2020-04-16,11:15,2020,NS01DP0003,East River at Plymouth Park Road,Silver,Dissolved,ug/l,,,,,wrong_fraction,0,,1,
2020-07-13,13:50,2020,NS01DP0003,East River at Plymouth Park Road,Silver,Dissolved,ug/l,,,,,wrong_fraction,0,,1,
2022-04-26,14:30,2022,NS01DP0003,East River at Plymouth Park Road,Silver,Dissolved,ug/l,,,,,wrong_fraction,0,,1,
2022-08-10,11:00,2022,NS01DP0003,East River at Plymouth Park Road,Silver,Dissolved,ug/l,,,,,wrong_fraction,0,,1,
2022-10-25,11:15,2022,NS01DP0003,East River at Plymouth Park Road,Silver,Dissolved,ug/l,,,,,wrong_fraction,0,,1,
2022-11-28,13:10,2022,NS01DP0003,East River at Plymouth Park Road,Silver,Dissolved,ug/l,,,,,wrong_fraction,0,,1,
2023-05-03,12:00,2023,NS01DP0003,East River at Plymouth Park Road,Silver,Dissolved,ug/l,,,,,wrong_fraction,0,,1,
2023-06-27,12:30,2023,NS01DP0003,East River at Plymouth Park Road,Silver,Dissolved,ug/l,,,,,wrong_fraction,0,,1,
2023-09-07,14:20,2023,NS01DP0003,East River at Plymouth Park Road,Silver,Dissolved,ug/l,,,,,wrong_fraction,0,,1,
2023-11-06,12:45,2023,NS01DP0003,East River at Plymouth Park Road,Silver,Dissolved,ug/l,,,,,wrong_fraction,0,,1,
2024-04-16,11:30,2024,NS01DP0003,East River at Plymouth Park Road,Silver,Dissolved,ug/l,,,,,wrong_fraction,0,,1,
2024-07-18,08:50,2024,NS01DP0003,East River at Plymouth Park Road,Silver,Dissolved,ug/l,,,,,wrong_fraction,0,,1,
2024-09-17,13:45,2024,NS01DP0003,East River at Plymouth Park Road,Silver,Dissolved,ug/l,,,,,wrong_fraction,0,,1,
2024-11-12,15:45,2024,NS01DP0003,East River at Plymouth Park Road,Silver,Dissolved,ug/l,,,,,wrong_fraction,0,,1,
2019-06-24,11:30,2019,NS01DP0003,East River at Plymouth Park Road,Silver,Total,ug/l,2.000000,ug/l,0.250,maximum,evaluated,1,1,1,1
2019-09-06,11:20,2019,NS01DP0003,East River at Plymouth Park Road,Silver,Total,ug/l,2.000000,ug/l,0.250,maximum,evaluated,1,1,1,1
2019-10-21,11:55,2019,NS01DP0003,East River at Plymouth Park Road,Silver,Total,ug/l,2.000000,ug/l,0.250,maximum,evaluated,1,1,1,1
2019-12-19,11:21,2019,NS01DP0003,East River at Plymouth Park Road,Silver,Total,ug/l,2.000000,ug/l,0.250,maximum,evaluated,1,1,1,1
2020-04-16,11:15,2020,NS01DP0003,East River at Plymouth Park Road,Silver,Total,ug/l,2.000000,ug/l,0.250,maximum,evaluated,1,1,1,1
2020-07-13,13:50,2020,NS01DP0003,East River at Plymouth Park Road,Silver,Total,ug/l,2.000000,ug/l,0.250,maximum,evaluated,1,1,1,1
2020-09-10,12:55,2020,NS01DP0003,East River at Plymouth Park Road,Silver,Total,ug/l,2.000000,ug/l,0.250,maximum,evaluated,1,1,1,1
2020-11-18,11:45,2020,NS01DP0003,East River at Plymouth Park Road,Silver,Total,ug/l,2.000000,ug/l,0.250,maximum,evaluated,1,1,1,1
2021-06-28,12:00,2021,NS01DP0003,East River at Plymouth Park Road,Silver,Total,ug/l,2.000000,ug/l,0.250,maximum,evaluated,1,1,1,1
2021-08-24,11:25,2021,NS01DP0003,East River at Plymouth Park Road,Silver,Total,ug/l,2.000000,ug/l,0.250,maximum,evaluated,1,1,1,1
2021-10-11,15:15,2021,NS01DP0003,East River at Plymouth Park Road,Silver,Total,ug/l,2.000000,ug/l,0.250,maximum,evaluated,1,1,1,1
2021-12-13,14:15,2021,NS01DP0003,East River at Plymouth Park Road,Silver,Total,ug/l,2.000000,ug/l,0.250,maximum,evaluated,1,1,1,1
2022-04-26,14:30,2022,NS01DP0003,East River at Plymouth Park Road,Silver,Total,ug/l,2.000000,ug/l,0.250,maximum,evaluated,1,1,1,1
2022-08-10,11:00,2022,NS01DP0003,East River at Plymouth Park Road,Silver,Total,ug/l,2.000000,ug/l,0.250,maximum,evaluated,1,1,1,1
2022-10-25,11:15,2022,NS01DP0003,East River at Plymouth Park Road,Silver,Total,ug/l,2.000000,ug/l,0.250,maximum,evaluated,1,1,1,1
2022-11-28,13:10,2022,NS01DP0003,East River at Plymouth Park Road,Silver,Total,ug/l,2.000000,ug/l,0.250,maximum,evaluated,1,1,1,1
2023-05-03,12:00,2023,NS01DP0003,East River at Plymouth Park Road,Silver,Total,ug/l,2.000000,ug/l,0.250,maximum,evaluated,1,1,1,1
2023-06-27,12:30,2023,NS01DP0003,East River at Plymouth Park Road,Silver,Total,ug/l,2.000000,ug/l,0.250,maximum,evaluated,1,1,1,1
2023-09-07,14:20,2023,NS01DP0003,East River at Plymouth Park Road,Silver,Total,ug/l,2.000000,ug/l,0.250,maximum,evaluated,1,1,1,1
2023-11-06,12:45,2023,NS01DP0003,East River at Plymouth Park Road,Silver,Total,ug/l,2.000000,ug/l,0.250,maximum,evaluated,1,1,1,1
2024-04-16,11:30,2024,NS01DP0003,East River at Plymouth Park Road,Silver,Total,ug/l,2.000000,ug/l,0.250,maximum,evaluated,1,1,1,1
2024-07-18,08:50,2024,NS01DP0003,East River at Plymouth Park Road,Silver,Total,ug/l,2.000000,ug/l,0.250,maximum,evaluated,1,1,1,1
2024-09-17,13:45,2024,NS01DP0003,East River at Plymouth Park Road,Silver,Total,ug/l,2.000000,ug/l,0.250,maximum,evaluated,1,1,1,1
2024-11-12,15:45,2024,NS01DP0003,East River at Plymouth Park Road,Silver,Total,ug/l,2.000000,ug/l,0.250,maximum,evaluated,1,1,1,1
2020-04-16,11:15,2020,NS01DP0003,East River at Plymouth Park Road,Thallium,Dissolved,ug/l,,,,,wrong_fraction,0,,1,
2020-07-13,13:50,2020,NS01DP0003,East River at Plymouth Park Road,Thallium,Dissolved,ug/l,,,,,wrong_fraction,0,,1,
2022-04-26,14:30,2022,NS01DP0003,East River at Plymouth Park Road,Thallium,Dissolved,ug/l,,,,,wrong_fraction,0,,1,
2022-08-10,11:00,2022,NS01DP0003,East River at Plymouth Park Road,Thallium,Dissolved,ug/l,,,,,wrong_fraction,0,,1,
2022-10-25,11:15,2022,NS01DP0003,East River at Plymouth Park Road,Thallium,Dissolved,ug/l,,,,,wrong_fraction,0,,1,
2022-11-28,13:10,2022,NS01DP0003,East River at Plymouth Park Road,Thallium,Dissolved,ug/l,,,,,wrong_fraction,0,,1,
2023-05-03,12:00,2023,NS01DP0003,East River at Plymouth Park Road,Thallium,Dissolved,ug/l,,,,,wrong_fraction,0,,1,
2023-06-27,12:30,2023,NS01DP0003,East River at Plymouth Park Road,Thallium,Dissolved,ug/l,,,,,wrong_fraction,0,,1,
2023-09-07,14:20,2023,NS01DP0003,East River at Plymouth Park Road,Thallium,Dissolved,ug/l,,,,,wrong_fraction,0,,1,
2023-11-06,12:45,2023,NS01DP0003,East River at Plymouth Park Road,Thallium,Dissolved,ug/l,,,,,wrong_fraction,0,,1,
2024-04-16,11:30,2024,NS01DP0003,East River at Plymouth Park Road,Thallium,Dissolved,ug/l,,,,,wrong_fraction,0,,1,
2024-07-18,08:50,2024,NS01DP0003,East River at Plymouth Park Road,Thallium,Dissolved,ug/l,,,,,wrong_fraction,0,,1,
2024-09-17,13:45,2024,NS01DP0003,East River at Plymouth Park Road,Thallium,Dissolved,ug/l,,,,,wrong_fraction,0,,1,
2024-11-12,15:45,2024,NS01DP0003,East River at Plymouth Park Road,Thallium,Dissolved,ug/l,,,,,wrong_fraction,0,,1,
2019-06-24,11:30,2019,NS01DP0003,East River at Plymouth Park Road,Thallium,Total,ug/l,2.000000,ug/l,0.800,maximum,evaluated,1,1,1,1
2019-09-06,11:20,2019,NS01DP0003,East River at Plymouth Park Road,Thallium,Total,ug/l,2.000000,ug/l,0.800,maximum,evaluated,1,1,1,1
2019-10-21,11:55,2019,NS01DP0003,East River at Plymouth Park Road,Thallium,Total,ug/l,2.000000,ug/l,0.800,maximum,evaluated,1,1,1,1
2019-12-19,11:21,2019,NS01DP0003,East River at Plymouth Park Road,Thallium,Total,ug/l,2.000000,ug/l,0.800,maximum,evaluated,1,1,1,1
2020-04-16,11:15,2020,NS01DP0003,East River at Plymouth Park Road,Thallium,Total,ug/l,2.000000,ug/l,0.800,maximum,evaluated,1,1,1,1
2020-07-13,13:50,2020,NS01DP0003,East River at Plymouth Park Road,Thallium,Total,ug/l,2.000000,ug/l,0.800,maximum,evaluated,1,1,1,1
2020-09-10,12:55,2020,NS01DP0003,East River at Plymouth Park Road,Thallium,Total,ug/l,2.000000,ug/l,0.800,maximum,evaluated,1,1,1,1
2020-11-18,11:45,2020,NS01DP0003,East River at Plymouth Park Road,Thallium,Total,ug/l,2.000000,ug/l,0.800,maximum,evaluated,1,1,1,1
2021-06-28,12:00,2021,NS01DP0003,East River at Plymouth Park Road,Thallium,Total,ug/l,2.000000,ug/l,0.800,maximum,evaluated,1,1,1,1
2021-08-24,11:25,2021,NS01DP0003,East River at Plymouth Park Road,Thallium,Total,ug/l,2.000000,ug/l,0.800,maximum,evaluated,1,1,1,1
2021-10-11,15:15,2021,NS01DP0003,East River at Plymouth Park Road,Thallium,Total,ug/l,2.000000,ug/l,0.800,maximum,evaluated,1,1,1,1
2021-12-13,14:15,2021,NS01DP0003,East River at Plymouth Park Road,Thallium,Total,ug/l,2.000000,ug/l,0.800,maximum,evaluated,1,1,1,1
2022-04-26,14:30,2022,NS01DP0003,East River at Plymouth Park Road,Thallium,Total,ug/l,2.000000,ug/l,0.800,maximum,evaluated,1,1,1,1
2022-08-10,11:00,2022,NS01DP0003,East River at Plymouth Park Road,Thallium,Total,ug/l,2.000000,ug/l,0.800,maximum,evaluated,1,1,1,1
2022-10-25,11:15,2022,NS01DP0003,East River at Plymouth Park Road,Thallium,Total,ug/l,2.000000,ug/l,0.800,maximum,evaluated,1,1,1,1
2022-11-28,13:10,2022,NS01DP0003,East River at Plymouth Park Road,Thallium,Total,ug/l,2.000000,ug/l,0.800,maximum,evaluated,1,1,1,1
2023-05-03,12:00,2023,NS01DP0003,East River at Plymouth Park Road,Thallium,Total,ug/l,2.000000,ug/l,0.800,maximum,evaluated,1,1,1,1
2023-06-27,12:30,2023,NS01DP0003,East River at Plymouth Park Road,Thallium,Total,ug/l,2.000000,ug/l,0.800,maximum,evaluated,1,1,1,1
2023-09-07,14:20,2023,NS01DP0003,East River at Plymouth Park Road,Thallium,Total,ug/l,2.000000,ug/l,0.800,maximum,evaluated,1,1,1,1
2023-11-06,12:45,2023,NS01DP0003,East River at Plymouth Park Road,Thallium,Total,ug/l,2.000000,ug/l,0.800,maximum,evaluated,1,1,1,1
2024-04-16,11:30,2024,NS01DP0003,East River at Plymouth Park Road,Thallium,Total,ug/l,2.000000,ug/l,0.800,maximum,evaluated,1,1,1,1
2024-07-18,08:50,2024,NS01DP0003,East River at Plymouth Park Road,Thallium,Total,ug/l,2.000000,ug/l,0.800,maximum,evaluated,1,1,1,1
2024-09-17,13:45,2024,NS01DP0003,East River at Plymouth Park Road,Thallium,Total,ug/l,2.000000,ug/l,0.800,maximum,evaluated,1,1,1,1
2024-11-12,15:45,2024,NS01DP0003,East River at Plymouth Park Road,Thallium,Total,ug/l,2.000000,ug/l,0.800,maximum,evaluated,1,1,1,1
2020-04-16,11:15,2020,NS01DP0003,East River at Plymouth Park Road,Uranium,Dissolved,ug/l,,,,,wrong_fraction,0,,1,
2020-07-13,13:50,2020,NS01DP0003,East River at Plymouth Park Road,Uranium,Dissolved,ug/l,,,,,wrong_fraction,0,,1,
2022-04-26,14:30,2022,NS01DP0003,East River at Plymouth Park Road,Uranium,Dissolved,ug/l,,,,,wrong_fraction,0,,1,
2022-08-10,11:00,2022,NS01DP0003,East River at Plymouth Park Road,Uranium,Dissolved,ug/l,,,,,wrong_fraction,0,,1,
2022-10-25,11:15,2022,NS01DP0003,East River at Plymouth Park Road,Uranium,Dissolved,ug/l,,,,,wrong_fraction,0,,1,
2022-11-28,13:10,2022,NS01DP0003,East River at Plymouth Park Road,Uranium,Dissolved,ug/l,,,,,wrong_fraction,0,,1,
2023-05-03,12:00,2023,NS01DP0003,East River at Plymouth Park Road,Uranium,Dissolved,ug/l,,,,,wrong_fraction,0,,1,
2023-06-27,12:30,2023,NS01DP0003,East River at Plymouth Park Road,Uranium,Dissolved,ug/l,,,,,wrong_fraction,0,,1,
2023-09-07,14:20,2023,NS01DP0003,East River at Plymouth Park Road,Uranium,Dissolved,ug/l,,,,,wrong_fraction,0,,1,
2023-11-06,12:45,2023,NS01DP0003,East River at Plymouth Park Road,Uranium,Dissolved,ug/l,,,,,wrong_fraction,0,,1,
2024-04-16,11:30,2024,NS01DP0003,East River at Plymouth Park Road,Uranium,Dissolved,ug/l,,,,,wrong_fraction,0,,1,
2024-07-18,08:50,2024,NS01DP0003,East River at Plymouth Park Road,Uranium,Dissolved,ug/l,,,,,wrong_fraction,0,,1,
2024-09-17,13:45,2024,NS01DP0003,East River at Plymouth Park Road,Uranium,Dissolved,ug/l,,,,,wrong_fraction,0,,1,
2024-11-12,15:45,2024,NS01DP0003,East River at Plymouth Park Road,Uranium,Dissolved,ug/l,,,,,wrong_fraction,0,,1,
2019-06-24,11:30,2019,NS01DP0003,East River at Plymouth Park Road,Uranium,Total,ug/l,0.500000,ug/l,15.000,maximum,evaluated,1,1,1,0
2019-09-06,11:20,2019,NS01DP0003,East River at Plymouth Park Road,Uranium,Total,ug/l,0.500000,ug/l,15.000,maximum,evaluated,1,1,1,0
2019-10-21,11:55,2019,NS01DP0003,East River at Plymouth Park Road,Uranium,Total,ug/l,0.500000,ug/l,15.000,maximum,evaluated,1,1,1,0
2019-12-19,11:21,2019,NS01DP0003,East River at Plymouth Park Road,Uranium,Total,ug/l,0.500000,ug/l,15.000,maximum,evaluated,1,1,1,0
2020-04-16,11:15,2020,NS01DP0003,East River at Plymouth Park Road,Uranium,Total,ug/l,0.500000,ug/l,15.000,maximum,evaluated,1,1,1,0
2020-07-13,13:50,2020,NS01DP0003,East River at Plymouth Park Road,Uranium,Total,ug/l,0.500000,ug/l,15.000,maximum,evaluated,1,1,1,0
2020-09-10,12:55,2020,NS01DP0003,East River at Plymouth Park Road,Uranium,Total,ug/l,0.500000,ug/l,15.000,maximum,evaluated,1,1,1,0
2020-11-18,11:45,2020,NS01DP0003,East River at Plymouth Park Road,Uranium,Total,ug/l,0.500000,ug/l,15.000,maximum,evaluated,1,1,1,0
2021-06-28,12:00,2021,NS01DP0003,East River at Plymouth Park Road,Uranium,Total,ug/l,0.500000,ug/l,15.000,maximum,evaluated,1,1,1,0
2021-08-24,11:25,2021,NS01DP0003,East River at Plymouth Park Road,Uranium,Total,ug/l,0.500000,ug/l,15.000,maximum,evaluated,1,1,1,0
2021-10-11,15:15,2021,NS01DP0003,East River at Plymouth Park Road,Uranium,Total,ug/l,0.500000,ug/l,15.000,maximum,evaluated,1,1,1,0
2021-12-13,14:15,2021,NS01DP0003,East River at Plymouth Park Road,Uranium,Total,ug/l,0.500000,ug/l,15.000,maximum,evaluated,1,1,1,0
2022-04-26,14:30,2022,NS01DP0003,East River at Plymouth Park Road,Uranium,Total,ug/l,0.500000,ug/l,15.000,maximum,evaluated,1,1,1,0
2022-08-10,11:00,2022,NS01DP0003,East River at Plymouth Park Road,Uranium,Total,ug/l,0.500000,ug/l,15.000,maximum,evaluated,1,1,1,0
2022-10-25,11:15,2022,NS01DP0003,East River at Plymouth Park Road,Uranium,Total,ug/l,0.500000,ug/l,15.000,maximum,evaluated,1,1,1,0
2022-11-28,13:10,2022,NS01DP0003,East River at Plymouth Park Road,Uranium,Total,ug/l,0.500000,ug/l,15.000,maximum,evaluated,1,1,1,0
2023-05-03,12:00,2023,NS01DP0003,East River at Plymouth Park Road,Uranium,Total,ug/l,0.500000,ug/l,15.000,maximum,evaluated,1,1,1,0
2023-06-27,12:30,2023,NS01DP0003,East River at Plymouth Park Road,Uranium,Total,ug/l,0.500000,ug/l,15.000,maximum,evaluated,1,1,1,0
2023-09-07,14:20,2023,NS01DP0003,East River at Plymouth Park Road,Uranium,Total,ug/l,0.500000,ug/l,15.000,maximum,evaluated,1,1,1,0
2023-11-06,12:45,2023,NS01DP0003,East River at Plymouth Park Road,Uranium,Total,ug/l,0.500000,ug/l,15.000,maximum,evaluated,1,1,1,0
2024-04-16,11:30,2024,NS01DP0003,East River at Plymouth Park Road,Uranium,Total,ug/l,0.500000,ug/l,15.000,maximum,evaluated,1,1,1,0
2024-07-18,08:50,2024,NS01DP0003,East River at Plymouth Park Road,Uranium,Total,ug/l,0.500000,ug/l,15.000,maximum,evaluated,1,1,1,0
2024-09-17,13:45,2024,NS01DP0003,East River at Plymouth Park Road,Uranium,Total,ug/l,0.500000,ug/l,15.000,maximum,evaluated,1,1,1,0
2024-11-12,15:45,2024,NS01DP0003,East River at Plymouth Park Road,Uranium,Total,ug/l,0.500000,ug/l,15.000,maximum,evaluated,1,1,1,0
2020-09-17,11:00,2020,NS01ED9111,Shelburne River at Pollard's Falls Bridge,Arsenic,Dissolved,ug/l,,,,,wrong_fraction,0,,1,
2020-11-19,14:00,2020,NS01ED9111,Shelburne River at Pollard's Falls Bridge,Arsenic,Dissolved,ug/l,,,,,wrong_fraction,0,,1,
2022-05-02,13:00,2022,NS01ED9111,Shelburne River at Pollard's Falls Bridge,Arsenic,Dissolved,ug/l,,,,,wrong_fraction,0,,1,
2022-09-07,11:00,2022,NS01ED9111,Shelburne River at Pollard's Falls Bridge,Arsenic,Dissolved,ug/l,,,,,wrong_fraction,0,,1,
2022-11-08,12:00,2022,NS01ED9111,Shelburne River at Pollard's Falls Bridge,Arsenic,Dissolved,ug/l,,,,,wrong_fraction,0,,1,
2022-12-15,13:00,2022,NS01ED9111,Shelburne River at Pollard's Falls Bridge,Arsenic,Dissolved,ug/l,,,,,wrong_fraction,0,,1,
2023-04-25,12:00,2023,NS01ED9111,Shelburne River at Pollard's Falls Bridge,Arsenic,Dissolved,ug/l,,,,,wrong_fraction,0,,1,
2023-08-03,12:00,2023,NS01ED9111,Shelburne River at Pollard's Falls Bridge,Arsenic,Dissolved,ug/l,,,,,wrong_fraction,0,,1,
2023-09-21,12:00,2023,NS01ED9111,Shelburne River at Pollard's Falls Bridge,Arsenic,Dissolved,ug/l,,,,,wrong_fraction,0,,1,
2023-11-21,13:00,2023,NS01ED9111,Shelburne River at Pollard's Falls Bridge,Arsenic,Dissolved,ug/l,,,,,wrong_fraction,0,,1,
2024-05-16,12:00,2024,NS01ED9111,Shelburne River at Pollard's Falls Bridge,Arsenic,Dissolved,ug/l,,,,,wrong_fraction,0,,1,
2024-08-20,12:00,2024,NS01ED9111,Shelburne River at Pollard's Falls Bridge,Arsenic,Dissolved,ug/l,,,,,wrong_fraction,0,,1,
2024-10-02,12:00,2024,NS01ED9111,Shelburne River at Pollard's Falls Bridge,Arsenic,Dissolved,ug/l,,,,,wrong_fraction,0,,1,
2024-11-14,13:00,2024,NS01ED9111,Shelburne River at Pollard's Falls Bridge,Arsenic,Dissolved,ug/l,,,,,wrong_fraction,0,,1,
2019-08-21,10:30,2019,NS01ED9111,Shelburne River at Pollard's Falls Bridge,Arsenic,Total,ug/l,0.500000,ug/l,5.000,maximum,evaluated,1,1,1,0
2019-09-20,11:00,2019,NS01ED9111,Shelburne River at Pollard's Falls Bridge,Arsenic,Total,ug/l,0.500000,ug/l,5.000,maximum,evaluated,1,1,1,0
2019-10-16,11:00,2019,NS01ED9111,Shelburne River at Pollard's Falls Bridge,Arsenic,Total,ug/l,0.500000,ug/l,5.000,maximum,evaluated,1,1,1,0
2019-12-13,12:00,2019,NS01ED9111,Shelburne River at Pollard's Falls Bridge,Arsenic,Total,ug/l,0.500000,ug/l,5.000,maximum,evaluated,1,1,1,0
2020-05-06,13:00,2020,NS01ED9111,Shelburne River at Pollard's Falls Bridge,Arsenic,Total,ug/l,1.000000,ug/l,5.000,maximum,evaluated,1,1,1,0
2020-07-07,12:00,2020,NS01ED9111,Shelburne River at Pollard's Falls Bridge,Arsenic,Total,ug/l,0.500000,ug/l,5.000,maximum,evaluated,1,1,1,0
2020-09-17,11:00,2020,NS01ED9111,Shelburne River at Pollard's Falls Bridge,Arsenic,Total,ug/l,0.500000,ug/l,5.000,maximum,evaluated,1,1,1,0
2020-11-19,14:00,2020,NS01ED9111,Shelburne River at Pollard's Falls Bridge,Arsenic,Total,ug/l,0.500000,ug/l,5.000,maximum,evaluated,1,1,1,0
2021-07-06,11:00,2021,NS01ED9111,Shelburne River at Pollard's Falls Bridge,Arsenic,Total,ug/l,0.500000,ug/l,5.000,maximum,evaluated,1,1,1,0
2021-08-31,12:00,2021,NS01ED9111,Shelburne River at Pollard's Falls Bridge,Arsenic,Total,ug/l,0.500000,ug/l,5.000,maximum,evaluated,1,1,1,0
2021-10-13,14:00,2021,NS01ED9111,Shelburne River at Pollard's Falls Bridge,Arsenic,Total,ug/l,0.500000,ug/l,5.000,maximum,evaluated,1,1,1,0
2021-12-07,13:00,2021,NS01ED9111,Shelburne River at Pollard's Falls Bridge,Arsenic,Total,ug/l,0.500000,ug/l,5.000,maximum,evaluated,1,1,1,0
2022-05-02,13:00,2022,NS01ED9111,Shelburne River at Pollard's Falls Bridge,Arsenic,Total,ug/l,0.500000,ug/l,5.000,maximum,evaluated,1,1,1,0
2022-09-07,11:00,2022,NS01ED9111,Shelburne River at Pollard's Falls Bridge,Arsenic,Total,ug/l,0.500000,ug/l,5.000,maximum,evaluated,1,1,1,0
2022-11-08,12:00,2022,NS01ED9111,Shelburne River at Pollard's Falls Bridge,Arsenic,Total,ug/l,0.500000,ug/l,5.000,maximum,evaluated,1,1,1,0
2022-12-15,13:00,2022,NS01ED9111,Shelburne River at Pollard's Falls Bridge,Arsenic,Total,ug/l,0.500000,ug/l,5.000,maximum,evaluated,1,1,1,0
2023-04-25,12:00,2023,NS01ED9111,Shelburne River at Pollard's Falls Bridge,Arsenic,Total,ug/l,0.500000,ug/l,5.000,maximum,evaluated,1,1,1,0
2023-08-03,12:00,2023,NS01ED9111,Shelburne River at Pollard's Falls Bridge,Arsenic,Total,ug/l,0.500000,ug/l,5.000,maximum,evaluated,1,1,1,0
2023-09-21,12:00,2023,NS01ED9111,Shelburne River at Pollard's Falls Bridge,Arsenic,Total,ug/l,0.500000,ug/l,5.000,maximum,evaluated,1,1,1,0
2023-11-21,13:00,2023,NS01ED9111,Shelburne River at Pollard's Falls Bridge,Arsenic,Total,ug/l,0.500000,ug/l,5.000,maximum,evaluated,1,1,1,0
2024-05-16,12:00,2024,NS01ED9111,Shelburne River at Pollard's Falls Bridge,Arsenic,Total,ug/l,0.500000,ug/l,5.000,maximum,evaluated,1,1,1,0
2024-08-20,12:00,2024,NS01ED9111,Shelburne River at Pollard's Falls Bridge,Arsenic,Total,ug/l,0.500000,ug/l,5.000,maximum,evaluated,1,1,1,0
2024-10-02,12:00,2024,NS01ED9111,Shelburne River at Pollard's Falls Bridge,Arsenic,Total,ug/l,0.500000,ug/l,5.000,maximum,evaluated,1,1,1,0
2024-11-14,13:00,2024,NS01ED9111,Shelburne River at Pollard's Falls Bridge,Arsenic,Total,ug/l,0.500000,ug/l,5.000,maximum,evaluated,1,1,1,0
2020-09-17,11:00,2020,NS01ED9111,Shelburne River at Pollard's Falls Bridge,Boron,Dissolved,ug/l,,,,,wrong_fraction,0,,1,
2020-11-19,14:00,2020,NS01ED9111,Shelburne River at Pollard's Falls Bridge,Boron,Dissolved,ug/l,,,,,wrong_fraction,0,,1,
2022-05-02,13:00,2022,NS01ED9111,Shelburne River at Pollard's Falls Bridge,Boron,Dissolved,ug/l,,,,,wrong_fraction,0,,1,
2022-09-07,11:00,2022,NS01ED9111,Shelburne River at Pollard's Falls Bridge,Boron,Dissolved,ug/l,,,,,wrong_fraction,0,,1,
2022-11-08,12:00,2022,NS01ED9111,Shelburne River at Pollard's Falls Bridge,Boron,Dissolved,ug/l,,,,,wrong_fraction,0,,1,
2022-12-15,13:00,2022,NS01ED9111,Shelburne River at Pollard's Falls Bridge,Boron,Dissolved,ug/l,,,,,wrong_fraction,0,,1,
2023-04-25,12:00,2023,NS01ED9111,Shelburne River at Pollard's Falls Bridge,Boron,Dissolved,ug/l,,,,,wrong_fraction,0,,1,
2023-08-03,12:00,2023,NS01ED9111,Shelburne River at Pollard's Falls Bridge,Boron,Dissolved,ug/l,,,,,wrong_fraction,0,,1,
2023-09-21,12:00,2023,NS01ED9111,Shelburne River at Pollard's Falls Bridge,Boron,Dissolved,ug/l,,,,,wrong_fraction,0,,1,
2023-11-21,13:00,2023,NS01ED9111,Shelburne River at Pollard's Falls Bridge,Boron,Dissolved,ug/l,,,,,wrong_fraction,0,,1,
2024-05-16,12:00,2024,NS01ED9111,Shelburne River at Pollard's Falls Bridge,Boron,Dissolved,ug/l,,,,,wrong_fraction,0,,1,
2024-08-20,12:00,2024,NS01ED9111,Shelburne River at Pollard's Falls Bridge,Boron,Dissolved,ug/l,,,,,wrong_fraction,0,,1,
2024-10-02,12:00,2024,NS01ED9111,Shelburne River at Pollard's Falls Bridge,Boron,Dissolved,ug/l,,,,,wrong_fraction,0,,1,
2024-11-14,13:00,2024,NS01ED9111,Shelburne River at Pollard's Falls Bridge,Boron,Dissolved,ug/l,,,,,wrong_fraction,0,,1,
2003-07-10,12:00,2003,NS01ED9111,Shelburne River at Pollard's Falls Bridge,Boron,Total,ug/l,0.005000,mg/l,1.500,maximum,evaluated,1,1,1,0
2003-07-29,11:00,2003,NS01ED9111,Shelburne River at Pollard's Falls Bridge,Boron,Total,ug/l,0.005000,mg/l,1.500,maximum,evaluated,1,1,1,0
2003-11-28,10:00,2003,NS01ED9111,Shelburne River at Pollard's Falls Bridge,Boron,Total,ug/l,0.005000,mg/l,1.500,maximum,evaluated,1,1,1,0
2004-06-22,10:00,2004,NS01ED9111,Shelburne River at Pollard's Falls Bridge,Boron,Total,ug/l,0.005000,mg/l,1.500,maximum,evaluated,1,1,1,0
2004-09-29,07:00,2004,NS01ED9111,Shelburne River at Pollard's Falls Bridge,Boron,Total,ug/l,0.004000,mg/l,1.500,maximum,evaluated,1,1,0,
2004-12-09,10:00,2004,NS01ED9111,Shelburne River at Pollard's Falls Bridge,Boron,Total,ug/l,0.005000,mg/l,1.500,maximum,evaluated,1,1,1,0
2004-12-09,11:00,2004,NS01ED9111,Shelburne River at Pollard's Falls Bridge,Boron,Total,ug/l,0.005000,mg/l,1.500,maximum,evaluated,1,1,1,0
2005-04-27,11:00,2005,NS01ED9111,Shelburne River at Pollard's Falls Bridge,Boron,Total,ug/l,0.005000,mg/l,1.500,maximum,evaluated,1,1,1,0
2005-07-05,11:00,2005,NS01ED9111,Shelburne River at Pollard's Falls Bridge,Boron,Total,ug/l,0.005000,mg/l,1.500,maximum,evaluated,1,1,1,0
2005-11-03,11:00,2005,NS01ED9111,Shelburne River at Pollard's Falls Bridge,Boron,Total,ug/l,0.004000,mg/l,1.500,maximum,evaluated,1,1,0,
2005-11-29,11:00,2005,NS01ED9111,Shelburne River at Pollard's Falls Bridge,Boron,Total,ug/l,0.005000,mg/l,1.500,maximum,evaluated,1,1,1,0
2006-07-05,10:00,2006,NS01ED9111,Shelburne River at Pollard's Falls Bridge,Boron,Total,ug/l,0.005000,mg/l,1.500,maximum,evaluated,1,1,1,0
2007-05-23,11:00,2007,NS01ED9111,Shelburne River at Pollard's Falls Bridge,Boron,Total,ug/l,0.005000,mg/l,1.500,maximum,evaluated,1,1,1,0
2007-07-26,11:00,2007,NS01ED9111,Shelburne River at Pollard's Falls Bridge,Boron,Total,ug/l,0.005000,mg/l,1.500,maximum,evaluated,1,1,1,0
2007-12-20,11:00,2007,NS01ED9111,Shelburne River at Pollard's Falls Bridge,Boron,Total,ug/l,0.005000,mg/l,1.500,maximum,evaluated,1,1,1,0
2008-04-29,12:00,2008,NS01ED9111,Shelburne River at Pollard's Falls Bridge,Boron,Total,ug/l,0.005000,mg/l,1.500,maximum,evaluated,1,1,1,0
2008-10-07,11:00,2008,NS01ED9111,Shelburne River at Pollard's Falls Bridge,Boron,Total,ug/l,0.005000,mg/l,1.500,maximum,evaluated,1,1,1,0
2008-11-13,12:00,2008,NS01ED9111,Shelburne River at Pollard's Falls Bridge,Boron,Total,ug/l,0.005000,mg/l,1.500,maximum,evaluated,1,1,1,0
2009-05-14,12:00,2009,NS01ED9111,Shelburne River at Pollard's Falls Bridge,Boron,Total,ug/l,0.005000,mg/l,1.500,maximum,evaluated,1,1,1,0
2009-07-08,12:00,2009,NS01ED9111,Shelburne River at Pollard's Falls Bridge,Boron,Total,ug/l,0.005000,mg/l,1.500,maximum,evaluated,1,1,1,0
2009-11-18,13:00,2009,NS01ED9111,Shelburne River at Pollard's Falls Bridge,Boron,Total,ug/l,0.005000,mg/l,1.500,maximum,evaluated,1,1,1,0
2009-12-01,14:00,2009,NS01ED9111,Shelburne River at Pollard's Falls Bridge,Boron,Total,ug/l,0.005000,mg/l,1.500,maximum,evaluated,1,1,1,0
2010-04-15,11:00,2010,NS01ED9111,Shelburne River at Pollard's Falls Bridge,Boron,Total,ug/l,0.005000,mg/l,1.500,maximum,evaluated,1,1,1,0
2010-08-05,13:00,2010,NS01ED9111,Shelburne River at Pollard's Falls Bridge,Boron,Total,ug/l,0.005000,mg/l,1.500,maximum,evaluated,1,1,1,0
2010-11-02,12:00,2010,NS01ED9111,Shelburne River at Pollard's Falls Bridge,Boron,Total,ug/l,0.005000,mg/l,1.500,maximum,evaluated,1,1,1,0
2010-12-07,12:40,2010,NS01ED9111,Shelburne River at Pollard's Falls Bridge,Boron,Total,ug/l,0.005000,mg/l,1.500,maximum,evaluated,1,1,1,0
2011-05-30,13:25,2011,NS01ED9111,Shelburne River at Pollard's Falls Bridge,Boron,Total,ug/l,0.005000,mg/l,1.500,maximum,evaluated,1,1,1,0
2011-09-19,13:05,2011,NS01ED9111,Shelburne River at Pollard's Falls Bridge,Boron,Total,ug/l,0.005000,mg/l,1.500,maximum,evaluated,1,1,1,0
2011-10-24,11:25,2011,NS01ED9111,Shelburne River at Pollard's Falls Bridge,Boron,Total,ug/l,0.005000,mg/l,1.500,maximum,evaluated,1,1,1,0
2011-12-05,11:35,2011,NS01ED9111,Shelburne River at Pollard's Falls Bridge,Boron,Total,ug/l,0.005000,mg/l,1.500,maximum,evaluated,1,1,1,0
2012-04-12,11:45,2012,NS01ED9111,Shelburne River at Pollard's Falls Bridge,Boron,Total,ug/l,0.005000,mg/l,1.500,maximum,evaluated,1,1,1,0
2012-06-19,11:25,2012,NS01ED9111,Shelburne River at Pollard's Falls Bridge,Boron,Total,ug/l,0.005000,mg/l,1.500,maximum,evaluated,1,1,1,0
2012-09-26,12:00,2012,NS01ED9111,Shelburne River at Pollard's Falls Bridge,Boron,Total,ug/l,0.005000,mg/l,1.500,maximum,evaluated,1,1,1,0
2012-11-14,12:00,2012,NS01ED9111,Shelburne River at Pollard's Falls Bridge,Boron,Total,ug/l,0.005000,mg/l,1.500,maximum,evaluated,1,1,1,0
2012-12-18,12:25,2012,NS01ED9111,Shelburne River at Pollard's Falls Bridge,Boron,Total,ug/l,0.005000,mg/l,1.500,maximum,evaluated,1,1,1,0
2013-05-15,11:00,2013,NS01ED9111,Shelburne River at Pollard's Falls Bridge,Boron,Total,ug/l,0.005000,mg/l,1.500,maximum,evaluated,1,1,1,0
2013-08-13,12:00,2013,NS01ED9111,Shelburne River at Pollard's Falls Bridge,Boron,Total,ug/l,0.005000,mg/l,1.500,maximum,evaluated,1,1,1,0
2013-11-06,11:00,2013,NS01ED9111,Shelburne River at Pollard's Falls Bridge,Boron,Total,ug/l,0.005000,mg/l,1.500,maximum,evaluated,1,1,1,0
2013-12-03,10:00,2013,NS01ED9111,Shelburne River at Pollard's Falls Bridge,Boron,Total,ug/l,0.005000,mg/l,1.500,maximum,evaluated,1,1,1,0
2014-06-03,12:00,2014,NS01ED9111,Shelburne River at Pollard's Falls Bridge,Boron,Total,ug/l,0.005000,mg/l,1.500,maximum,evaluated,1,1,1,0
2014-08-07,11:00,2014,NS01ED9111,Shelburne River at Pollard's Falls Bridge,Boron,Total,ug/l,0.005000,mg/l,1.500,maximum,evaluated,1,1,1,0
2014-10-31,11:00,2014,NS01ED9111,Shelburne River at Pollard's Falls Bridge,Boron,Total,ug/l,0.005000,mg/l,1.500,maximum,evaluated,1,1,1,0
2014-12-02,11:00,2014,NS01ED9111,Shelburne River at Pollard's Falls Bridge,Boron,Total,ug/l,0.005000,mg/l,1.500,maximum,evaluated,1,1,1,0
2015-05-14,11:00,2015,NS01ED9111,Shelburne River at Pollard's Falls Bridge,Boron,Total,ug/l,0.005000,mg/l,1.500,maximum,evaluated,1,1,1,0
2015-09-08,11:00,2015,NS01ED9111,Shelburne River at Pollard's Falls Bridge,Boron,Total,ug/l,0.005000,mg/l,1.500,maximum,evaluated,1,1,1,0
2015-11-12,12:00,2015,NS01ED9111,Shelburne River at Pollard's Falls Bridge,Boron,Total,ug/l,0.005000,mg/l,1.500,maximum,evaluated,1,1,1,0
2015-12-10,12:00,2015,NS01ED9111,Shelburne River at Pollard's Falls Bridge,Boron,Total,ug/l,0.005000,mg/l,1.500,maximum,evaluated,1,1,1,0
2016-06-06,12:00,2016,NS01ED9111,Shelburne River at Pollard's Falls Bridge,Boron,Total,ug/l,0.005000,mg/l,1.500,maximum,evaluated,1,1,1,0
2016-09-01,10:00,2016,NS01ED9111,Shelburne River at Pollard's Falls Bridge,Boron,Total,ug/l,0.005000,mg/l,1.500,maximum,evaluated,1,1,1,0
2016-10-27,11:00,2016,NS01ED9111,Shelburne River at Pollard's Falls Bridge,Boron,Total,ug/l,0.005000,mg/l,1.500,maximum,evaluated,1,1,1,0
2016-12-21,14:00,2016,NS01ED9111,Shelburne River at Pollard's Falls Bridge,Boron,Total,ug/l,0.005000,mg/l,1.500,maximum,evaluated,1,1,1,0
2017-05-29,11:00,2017,NS01ED9111,Shelburne River at Pollard's Falls Bridge,Boron,Total,ug/l,0.005000,mg/l,1.500,maximum,evaluated,1,1,1,0
2017-08-24,12:00,2017,NS01ED9111,Shelburne River at Pollard's Falls Bridge,Boron,Total,ug/l,0.005000,mg/l,1.500,maximum,evaluated,1,1,1,0
2017-10-18,12:00,2017,NS01ED9111,Shelburne River at Pollard's Falls Bridge,Boron,Total,ug/l,0.050000,mg/l,1.500,maximum,evaluated,1,1,1,0
2017-12-15,12:00,2017,NS01ED9111,Shelburne River at Pollard's Falls Bridge,Boron,Total,ug/l,0.050000,mg/l,1.500,maximum,evaluated,1,1,1,0
2018-05-24,13:00,2018,NS01ED9111,Shelburne River at Pollard's Falls Bridge,Boron,Total,ug/l,0.050000,mg/l,1.500,maximum,evaluated,1,1,1,0
2018-09-25,11:00,2018,NS01ED9111,Shelburne River at Pollard's Falls Bridge,Boron,Total,ug/l,0.020000,mg/l,1.500,maximum,evaluated,1,1,1,0
2018-10-23,13:00,2018,NS01ED9111,Shelburne River at Pollard's Falls Bridge,Boron,Total,ug/l,0.020000,mg/l,1.500,maximum,evaluated,1,1,1,0
2018-12-07,13:00,2018,NS01ED9111,Shelburne River at Pollard's Falls Bridge,Boron,Total,ug/l,0.020000,mg/l,1.500,maximum,evaluated,1,1,1,0
2019-08-21,10:30,2019,NS01ED9111,Shelburne River at Pollard's Falls Bridge,Boron,Total,ug/l,0.020000,mg/l,1.500,maximum,evaluated,1,1,1,0
2019-09-20,11:00,2019,NS01ED9111,Shelburne River at Pollard's Falls Bridge,Boron,Total,ug/l,0.020000,mg/l,1.500,maximum,evaluated,1,1,1,0
2019-10-16,11:00,2019,NS01ED9111,Shelburne River at Pollard's Falls Bridge,Boron,Total,ug/l,0.020000,mg/l,1.500,maximum,evaluated,1,1,1,0
2019-12-13,12:00,2019,NS01ED9111,Shelburne River at Pollard's Falls Bridge,Boron,Total,ug/l,0.020000,mg/l,1.500,maximum,evaluated,1,1,1,0
2020-05-06,13:00,2020,NS01ED9111,Shelburne River at Pollard's Falls Bridge,Boron,Total,ug/l,0.050000,mg/l,1.500,maximum,evaluated,1,1,1,0
2020-07-07,12:00,2020,NS01ED9111,Shelburne River at Pollard's Falls Bridge,Boron,Total,ug/l,0.020000,mg/l,1.500,maximum,evaluated,1,1,1,0
2020-09-17,11:00,2020,NS01ED9111,Shelburne River at Pollard's Falls Bridge,Boron,Total,ug/l,0.020000,mg/l,1.500,maximum,evaluated,1,1,1,0
2020-11-19,14:00,2020,NS01ED9111,Shelburne River at Pollard's Falls Bridge,Boron,Total,ug/l,0.020000,mg/l,1.500,maximum,evaluated,1,1,1,0
2021-07-06,11:00,2021,NS01ED9111,Shelburne River at Pollard's Falls Bridge,Boron,Total,ug/l,0.020000,mg/l,1.500,maximum,evaluated,1,1,1,0
2021-08-31,12:00,2021,NS01ED9111,Shelburne River at Pollard's Falls Bridge,Boron,Total,ug/l,0.020000,mg/l,1.500,maximum,evaluated,1,1,1,0
2021-10-13,14:00,2021,NS01ED9111,Shelburne River at Pollard's Falls Bridge,Boron,Total,ug/l,0.020000,mg/l,1.500,maximum,evaluated,1,1,1,0
2021-12-07,13:00,2021,NS01ED9111,Shelburne River at Pollard's Falls Bridge,Boron,Total,ug/l,0.020000,mg/l,1.500,maximum,evaluated,1,1,1,0
2022-05-02,13:00,2022,NS01ED9111,Shelburne River at Pollard's Falls Bridge,Boron,Total,ug/l,0.020000,mg/l,1.500,maximum,evaluated,1,1,1,0
2022-09-07,11:00,2022,NS01ED9111,Shelburne River at Pollard's Falls Bridge,Boron,Total,ug/l,0.020000,mg/l,1.500,maximum,evaluated,1,1,1,0
2022-11-08,12:00,2022,NS01ED9111,Shelburne River at Pollard's Falls Bridge,Boron,Total,ug/l,0.020000,mg/l,1.500,maximum,evaluated,1,1,1,0
2022-12-15,13:00,2022,NS01ED9111,Shelburne River at Pollard's Falls Bridge,Boron,Total,ug/l,0.020000,mg/l,1.500,maximum,evaluated,1,1,1,0
2023-04-25,12:00,2023,NS01ED9111,Shelburne River at Pollard's Falls Bridge,Boron,Total,ug/l,0.020000,mg/l,1.500,maximum,evaluated,1,1,1,0
2023-08-03,12:00,2023,NS01ED9111,Shelburne River at Pollard's Falls Bridge,Boron,Total,ug/l,0.020000,mg/l,1.500,maximum,evaluated,1,1,1,0
2023-09-21,12:00,2023,NS01ED9111,Shelburne River at Pollard's Falls Bridge,Boron,Total,ug/l,0.020000,mg/l,1.500,maximum,evaluated,1,1,1,0
2023-11-21,13:00,2023,NS01ED9111,Shelburne River at Pollard's Falls Bridge,Boron,Total,ug/l,0.020000,mg/l,1.500,maximum,evaluated,1,1,1,0
2024-05-16,12:00,2024,NS01ED9111,Shelburne River at Pollard's Falls Bridge,Boron,Total,ug/l,0.020000,mg/l,1.500,maximum,evaluated,1,1,1,0
2024-08-20,12:00,2024,NS01ED9111,Shelburne River at Pollard's Falls Bridge,Boron,Total,ug/l,0.020000,mg/l,1.500,maximum,evaluated,1,1,1,0
2024-10-02,12:00,2024,NS01ED9111,Shelburne River at Pollard's Falls Bridge,Boron,Total,ug/l,0.020000,mg/l,1.500,maximum,evaluated,1,1,1,0
2024-11-14,13:00,2024,NS01ED9111,Shelburne River at Pollard's Falls Bridge,Boron,Total,ug/l,0.020000,mg/l,1.500,maximum,evaluated,1,1,1,0
2003-07-10,12:00,2003,NS01ED9111,Shelburne River at Pollard's Falls Bridge,Chloride,Dissolved,mg/l,4.200000,mg/l,120.000,maximum,evaluated,1,1,0,
2003-07-29,11:00,2003,NS01ED9111,Shelburne River at Pollard's Falls Bridge,Chloride,Dissolved,mg/l,4.000000,mg/l,120.000,maximum,evaluated,1,1,0,
2003-11-28,10:00,2003,NS01ED9111,Shelburne River at Pollard's Falls Bridge,Chloride,Dissolved,mg/l,5.000000,mg/l,120.000,maximum,evaluated,1,1,0,
2004-06-22,10:00,2004,NS01ED9111,Shelburne River at Pollard's Falls Bridge,Chloride,Dissolved,mg/l,4.200000,mg/l,120.000,maximum,evaluated,1,1,0,
2004-09-29,07:00,2004,NS01ED9111,Shelburne River at Pollard's Falls Bridge,Chloride,Dissolved,mg/l,5.000000,mg/l,120.000,maximum,evaluated,1,1,0,
2004-12-09,10:00,2004,NS01ED9111,Shelburne River at Pollard's Falls Bridge,Chloride,Dissolved,mg/l,4.500000,mg/l,120.000,maximum,evaluated,1,1,0,
2004-12-09,11:00,2004,NS01ED9111,Shelburne River at Pollard's Falls Bridge,Chloride,Dissolved,mg/l,4.600000,mg/l,120.000,maximum,evaluated,1,1,0,
2005-04-27,11:00,2005,NS01ED9111,Shelburne River at Pollard's Falls Bridge,Chloride,Dissolved,mg/l,3.900000,mg/l,120.000,maximum,evaluated,1,1,0,
2005-07-05,11:00,2005,NS01ED9111,Shelburne River at Pollard's Falls Bridge,Chloride,Dissolved,mg/l,3.400000,mg/l,120.000,maximum,evaluated,1,1,0,
2005-11-03,11:00,2005,NS01ED9111,Shelburne River at Pollard's Falls Bridge,Chloride,Dissolved,mg/l,3.800000,mg/l,120.000,maximum,evaluated,1,1,0,
2005-11-29,11:00,2005,NS01ED9111,Shelburne River at Pollard's Falls Bridge,Chloride,Dissolved,mg/l,3.800000,mg/l,120.000,maximum,evaluated,1,1,0,
2006-07-05,10:00,2006,NS01ED9111,Shelburne River at Pollard's Falls Bridge,Chloride,Dissolved,mg/l,3.900000,mg/l,120.000,maximum,evaluated,1,1,0,
2007-05-23,11:00,2007,NS01ED9111,Shelburne River at Pollard's Falls Bridge,Chloride,Dissolved,mg/l,4.700000,mg/l,120.000,maximum,evaluated,1,1,0,
2007-07-26,11:00,2007,NS01ED9111,Shelburne River at Pollard's Falls Bridge,Chloride,Dissolved,mg/l,4.300000,mg/l,120.000,maximum,evaluated,1,1,0,
2007-12-20,11:00,2007,NS01ED9111,Shelburne River at Pollard's Falls Bridge,Chloride,Dissolved,mg/l,4.600000,mg/l,120.000,maximum,evaluated,1,1,0,
2008-04-29,12:00,2008,NS01ED9111,Shelburne River at Pollard's Falls Bridge,Chloride,Dissolved,mg/l,3.900000,mg/l,120.000,maximum,evaluated,1,1,0,
2008-10-07,11:00,2008,NS01ED9111,Shelburne River at Pollard's Falls Bridge,Chloride,Dissolved,mg/l,4.200000,mg/l,120.000,maximum,evaluated,1,1,0,
2008-11-13,12:00,2008,NS01ED9111,Shelburne River at Pollard's Falls Bridge,Chloride,Dissolved,mg/l,4.800000,mg/l,120.000,maximum,evaluated,1,1,0,
2009-05-14,12:00,2009,NS01ED9111,Shelburne River at Pollard's Falls Bridge,Chloride,Dissolved,mg/l,4.000000,mg/l,120.000,maximum,evaluated,1,1,0,
2009-07-08,12:00,2009,NS01ED9111,Shelburne River at Pollard's Falls Bridge,Chloride,Dissolved,mg/l,4.700000,mg/l,120.000,maximum,evaluated,1,1,0,
2009-11-18,13:00,2009,NS01ED9111,Shelburne River at Pollard's Falls Bridge,Chloride,Dissolved,mg/l,4.400000,mg/l,120.000,maximum,evaluated,1,1,0,
2009-12-01,14:00,2009,NS01ED9111,Shelburne River at Pollard's Falls Bridge,Chloride,Dissolved,mg/l,4.400000,mg/l,120.000,maximum,evaluated,1,1,0,
2010-04-15,11:00,2010,NS01ED9111,Shelburne River at Pollard's Falls Bridge,Chloride,Dissolved,mg/l,3.700000,mg/l,120.000,maximum,evaluated,1,1,0,
2010-08-05,13:00,2010,NS01ED9111,Shelburne River at Pollard's Falls Bridge,Chloride,Dissolved,mg/l,3.400000,mg/l,120.000,maximum,evaluated,1,1,0,
2010-11-02,12:00,2010,NS01ED9111,Shelburne River at Pollard's Falls Bridge,Chloride,Dissolved,mg/l,3.800000,mg/l,120.000,maximum,evaluated,1,1,0,
2010-12-07,12:40,2010,NS01ED9111,Shelburne River at Pollard's Falls Bridge,Chloride,Dissolved,mg/l,3.600000,mg/l,120.000,maximum,evaluated,1,1,0,
2011-05-30,13:25,2011,NS01ED9111,Shelburne River at Pollard's Falls Bridge,Chloride,Dissolved,mg/l,3.600000,mg/l,120.000,maximum,evaluated,1,1,0,
2011-09-19,13:05,2011,NS01ED9111,Shelburne River at Pollard's Falls Bridge,Chloride,Dissolved,mg/l,3.600000,mg/l,120.000,maximum,evaluated,1,1,0,
2011-10-24,11:25,2011,NS01ED9111,Shelburne River at Pollard's Falls Bridge,Chloride,Dissolved,mg/l,3.600000,mg/l,120.000,maximum,evaluated,1,1,0,
2011-12-05,11:35,2011,NS01ED9111,Shelburne River at Pollard's Falls Bridge,Chloride,Dissolved,mg/l,2.900000,mg/l,120.000,maximum,evaluated,1,1,0,
2012-04-12,11:45,2012,NS01ED9111,Shelburne River at Pollard's Falls Bridge,Chloride,Dissolved,mg/l,3.600000,mg/l,120.000,maximum,evaluated,1,1,0,
2012-06-19,11:25,2012,NS01ED9111,Shelburne River at Pollard's Falls Bridge,Chloride,Dissolved,mg/l,3.900000,mg/l,120.000,maximum,evaluated,1,1,0,
2012-09-26,12:00,2012,NS01ED9111,Shelburne River at Pollard's Falls Bridge,Chloride,Dissolved,mg/l,3.600000,mg/l,120.000,maximum,evaluated,1,1,0,
2012-11-14,12:00,2012,NS01ED9111,Shelburne River at Pollard's Falls Bridge,Chloride,Dissolved,mg/l,3.900000,mg/l,120.000,maximum,evaluated,1,1,0,
2012-12-18,12:25,2012,NS01ED9111,Shelburne River at Pollard's Falls Bridge,Chloride,Dissolved,mg/l,3.800000,mg/l,120.000,maximum,evaluated,1,1,0,
2013-05-15,11:00,2013,NS01ED9111,Shelburne River at Pollard's Falls Bridge,Chloride,Dissolved,mg/l,4.200000,mg/l,120.000,maximum,evaluated,1,1,0,
2013-08-13,12:00,2013,NS01ED9111,Shelburne River at Pollard's Falls Bridge,Chloride,Dissolved,mg/l,3.400000,mg/l,120.000,maximum,evaluated,1,1,0,
2013-11-06,11:00,2013,NS01ED9111,Shelburne River at Pollard's Falls Bridge,Chloride,Dissolved,mg/l,3.400000,mg/l,120.000,maximum,evaluated,1,1,0,
2013-12-03,10:00,2013,NS01ED9111,Shelburne River at Pollard's Falls Bridge,Chloride,Dissolved,mg/l,3.900000,mg/l,120.000,maximum,evaluated,1,1,0,
2014-06-03,12:00,2014,NS01ED9111,Shelburne River at Pollard's Falls Bridge,Chloride,Dissolved,mg/l,2.600000,mg/l,120.000,maximum,evaluated,1,1,0,
2014-08-07,11:00,2014,NS01ED9111,Shelburne River at Pollard's Falls Bridge,Chloride,Dissolved,mg/l,3.100000,mg/l,120.000,maximum,evaluated,1,1,0,
2014-10-31,11:00,2014,NS01ED9111,Shelburne River at Pollard's Falls Bridge,Chloride,Dissolved,mg/l,3.500000,mg/l,120.000,maximum,evaluated,1,1,0,
2014-12-02,11:00,2014,NS01ED9111,Shelburne River at Pollard's Falls Bridge,Chloride,Dissolved,mg/l,3.500000,mg/l,120.000,maximum,evaluated,1,1,0,
2015-05-14,11:00,2015,NS01ED9111,Shelburne River at Pollard's Falls Bridge,Chloride,Dissolved,mg/l,3.100000,mg/l,120.000,maximum,evaluated,1,1,0,
2015-09-08,11:00,2015,NS01ED9111,Shelburne River at Pollard's Falls Bridge,Chloride,Dissolved,mg/l,2.900000,mg/l,120.000,maximum,evaluated,1,1,0,
2015-11-12,12:00,2015,NS01ED9111,Shelburne River at Pollard's Falls Bridge,Chloride,Dissolved,mg/l,3.300000,mg/l,120.000,maximum,evaluated,1,1,0,
2015-12-10,12:00,2015,NS01ED9111,Shelburne River at Pollard's Falls Bridge,Chloride,Dissolved,mg/l,3.200000,mg/l,120.000,maximum,evaluated,1,1,0,
2016-06-06,12:00,2016,NS01ED9111,Shelburne River at Pollard's Falls Bridge,Chloride,Dissolved,mg/l,3.300000,mg/l,120.000,maximum,evaluated,1,1,0,
2016-09-01,10:00,2016,NS01ED9111,Shelburne River at Pollard's Falls Bridge,Chloride,Dissolved,mg/l,3.900000,mg/l,120.000,maximum,evaluated,1,1,0,
2016-10-27,11:00,2016,NS01ED9111,Shelburne River at Pollard's Falls Bridge,Chloride,Dissolved,mg/l,4.100000,mg/l,120.000,maximum,evaluated,1,1,0,
2016-12-21,14:00,2016,NS01ED9111,Shelburne River at Pollard's Falls Bridge,Chloride,Dissolved,mg/l,4.400000,mg/l,120.000,maximum,evaluated,1,1,0,
2017-05-29,11:00,2017,NS01ED9111,Shelburne River at Pollard's Falls Bridge,Chloride,Dissolved,mg/l,3.400000,mg/l,120.000,maximum,evaluated,1,1,0,
2017-08-24,12:00,2017,NS01ED9111,Shelburne River at Pollard's Falls Bridge,Chloride,Dissolved,mg/l,3.300000,mg/l,120.000,maximum,evaluated,1,1,0,
2017-10-18,12:00,2017,NS01ED9111,Shelburne River at Pollard's Falls Bridge,Chloride,Dissolved,mg/l,3.600000,mg/l,120.000,maximum,evaluated,1,1,0,
2017-12-15,12:00,2017,NS01ED9111,Shelburne River at Pollard's Falls Bridge,Chloride,Dissolved,mg/l,4.400000,mg/l,120.000,maximum,evaluated,1,1,0,
2018-05-24,13:00,2018,NS01ED9111,Shelburne River at Pollard's Falls Bridge,Chloride,Dissolved,mg/l,4.000000,mg/l,120.000,maximum,evaluated,1,1,0,
2018-09-25,11:00,2018,NS01ED9111,Shelburne River at Pollard's Falls Bridge,Chloride,Dissolved,mg/l,4.700000,mg/l,120.000,maximum,evaluated,1,1,0,
2018-10-23,13:00,2018,NS01ED9111,Shelburne River at Pollard's Falls Bridge,Chloride,Dissolved,mg/l,4.900000,mg/l,120.000,maximum,evaluated,1,1,0,
2018-12-07,13:00,2018,NS01ED9111,Shelburne River at Pollard's Falls Bridge,Chloride,Dissolved,mg/l,4.500000,mg/l,120.000,maximum,evaluated,1,1,0,
2019-08-21,10:30,2019,NS01ED9111,Shelburne River at Pollard's Falls Bridge,Chloride,Dissolved,mg/l,3.600000,mg/l,120.000,maximum,evaluated,1,1,0,
2019-09-20,11:00,2019,NS01ED9111,Shelburne River at Pollard's Falls Bridge,Chloride,Dissolved,mg/l,3.600000,mg/l,120.000,maximum,evaluated,1,1,0,
2019-10-16,11:00,2019,NS01ED9111,Shelburne River at Pollard's Falls Bridge,Chloride,Dissolved,mg/l,3.500000,mg/l,120.000,maximum,evaluated,1,1,0,
2019-12-13,12:00,2019,NS01ED9111,Shelburne River at Pollard's Falls Bridge,Chloride,Dissolved,mg/l,3.900000,mg/l,120.000,maximum,evaluated,1,1,0,
2020-05-06,13:00,2020,NS01ED9111,Shelburne River at Pollard's Falls Bridge,Chloride,Dissolved,mg/l,4.000000,mg/l,120.000,maximum,evaluated,1,1,0,
2020-07-07,12:00,2020,NS01ED9111,Shelburne River at Pollard's Falls Bridge,Chloride,Dissolved,mg/l,4.000000,mg/l,120.000,maximum,evaluated,1,1,0,
2020-09-17,11:00,2020,NS01ED9111,Shelburne River at Pollard's Falls Bridge,Chloride,Dissolved,mg/l,4.300000,mg/l,120.000,maximum,evaluated,1,1,0,
2020-11-19,14:00,2020,NS01ED9111,Shelburne River at Pollard's Falls Bridge,Chloride,Dissolved,mg/l,4.900000,mg/l,120.000,maximum,evaluated,1,1,0,
2021-07-06,11:00,2021,NS01ED9111,Shelburne River at Pollard's Falls Bridge,Chloride,Dissolved,mg/l,4.800000,mg/l,120.000,maximum,evaluated,1,1,0,
2021-10-13,14:00,2021,NS01ED9111,Shelburne River at Pollard's Falls Bridge,Chloride,Dissolved,mg/l,5.100000,mg/l,120.000,maximum,evaluated,1,1,0,
2021-12-07,13:00,2021,NS01ED9111,Shelburne River at Pollard's Falls Bridge,Chloride,Dissolved,mg/l,4.800000,mg/l,120.000,maximum,evaluated,1,1,0,
2022-05-02,13:00,2022,NS01ED9111,Shelburne River at Pollard's Falls Bridge,Chloride,Dissolved,mg/l,3.300000,mg/l,120.000,maximum,evaluated,1,1,0,
2022-09-07,11:00,2022,NS01ED9111,Shelburne River at Pollard's Falls Bridge,Chloride,Dissolved,mg/l,3.000000,mg/l,120.000,maximum,evaluated,1,1,0,
2022-11-08,12:00,2022,NS01ED9111,Shelburne River at Pollard's Falls Bridge,Chloride,Dissolved,mg/l,3.300000,mg/l,120.000,maximum,evaluated,1,1,0,
2022-12-15,13:00,2022,NS01ED9111,Shelburne River at Pollard's Falls Bridge,Chloride,Dissolved,mg/l,4.400000,mg/l,120.000,maximum,evaluated,1,1,0,
2023-04-25,12:00,2023,NS01ED9111,Shelburne River at Pollard's Falls Bridge,Chloride,Dissolved,mg/l,3.700000,mg/l,120.000,maximum,evaluated,1,1,0,
2023-08-03,12:00,2023,NS01ED9111,Shelburne River at Pollard's Falls Bridge,Chloride,Dissolved,mg/l,3.600000,mg/l,120.000,maximum,unaccepted_status,0,,0,
2023-09-21,12:00,2023,NS01ED9111,Shelburne River at Pollard's Falls Bridge,Chloride,Dissolved,mg/l,4.100000,mg/l,120.000,maximum,evaluated,1,1,0,
2023-11-21,13:00,2023,NS01ED9111,Shelburne River at Pollard's Falls Bridge,Chloride,Dissolved,mg/l,3.600000,mg/l,120.000,maximum,evaluated,1,1,0,
2024-05-16,12:00,2024,NS01ED9111,Shelburne River at Pollard's Falls Bridge,Chloride,Dissolved,mg/l,3.200000,mg/l,120.000,maximum,evaluated,1,1,0,
2024-08-20,12:00,2024,NS01ED9111,Shelburne River at Pollard's Falls Bridge,Chloride,Dissolved,mg/l,3.200000,mg/l,120.000,maximum,evaluated,1,1,0,
2024-10-02,12:00,2024,NS01ED9111,Shelburne River at Pollard's Falls Bridge,Chloride,Dissolved,mg/l,3.500000,mg/l,120.000,maximum,evaluated,1,1,0,
2024-11-14,13:00,2024,NS01ED9111,Shelburne River at Pollard's Falls Bridge,Chloride,Dissolved,mg/l,3.500000,mg/l,120.000,maximum,evaluated,1,1,0,
2002-08-12,10:36,2002,NS01ED9111,Shelburne River at Pollard's Falls Bridge,Dissolved oxygen (DO),(not stated),mg/l,8.470000,mg/l,6.500,minimum,evaluated,1,1,0,
2002-11-27,12:15,2002,NS01ED9111,Shelburne River at Pollard's Falls Bridge,Dissolved oxygen (DO),(not stated),mg/l,11.820000,mg/l,6.500,minimum,evaluated,1,1,0,
2002-11-28,11:18,2002,NS01ED9111,Shelburne River at Pollard's Falls Bridge,Dissolved oxygen (DO),(not stated),mg/l,12.150000,mg/l,6.500,minimum,evaluated,1,1,0,
2003-07-10,12:00,2003,NS01ED9111,Shelburne River at Pollard's Falls Bridge,Dissolved oxygen (DO),(not stated),mg/l,7.530000,mg/l,6.500,minimum,evaluated,1,1,0,
2003-07-29,11:00,2003,NS01ED9111,Shelburne River at Pollard's Falls Bridge,Dissolved oxygen (DO),(not stated),mg/l,7.930000,mg/l,6.500,minimum,evaluated,1,1,0,
2003-11-28,10:00,2003,NS01ED9111,Shelburne River at Pollard's Falls Bridge,Dissolved oxygen (DO),(not stated),mg/l,11.140000,mg/l,6.500,minimum,evaluated,1,1,0,
2004-06-22,10:00,2004,NS01ED9111,Shelburne River at Pollard's Falls Bridge,Dissolved oxygen (DO),(not stated),mg/l,8.680000,mg/l,6.500,minimum,evaluated,1,1,0,
2004-07-06,12:00,2004,NS01ED9111,Shelburne River at Pollard's Falls Bridge,Dissolved oxygen (DO),(not stated),mg/l,7.720000,mg/l,6.500,minimum,evaluated,1,1,0,
2004-09-29,07:00,2004,NS01ED9111,Shelburne River at Pollard's Falls Bridge,Dissolved oxygen (DO),(not stated),mg/l,8.470000,mg/l,6.500,minimum,evaluated,1,1,0,
2004-12-09,10:00,2004,NS01ED9111,Shelburne River at Pollard's Falls Bridge,Dissolved oxygen (DO),(not stated),mg/l,12.900000,mg/l,6.500,minimum,evaluated,1,1,0,
2005-04-27,11:00,2005,NS01ED9111,Shelburne River at Pollard's Falls Bridge,Dissolved oxygen (DO),(not stated),mg/l,10.080000,mg/l,6.500,minimum,evaluated,1,1,0,
2005-07-05,11:00,2005,NS01ED9111,Shelburne River at Pollard's Falls Bridge,Dissolved oxygen (DO),(not stated),mg/l,6.990000,mg/l,6.500,minimum,evaluated,1,1,0,
2005-11-03,11:00,2005,NS01ED9111,Shelburne River at Pollard's Falls Bridge,Dissolved oxygen (DO),(not stated),mg/l,9.600000,mg/l,6.500,minimum,evaluated,1,1,0,
2005-11-29,11:00,2005,NS01ED9111,Shelburne River at Pollard's Falls Bridge,Dissolved oxygen (DO),(not stated),mg/l,10.700000,mg/l,6.500,minimum,evaluated,1,1,0,
2006-07-05,10:00,2006,NS01ED9111,Shelburne River at Pollard's Falls Bridge,Dissolved oxygen (DO),(not stated),mg/l,6.840000,mg/l,6.500,minimum,evaluated,1,1,0,
2007-05-23,11:00,2007,NS01ED9111,Shelburne River at Pollard's Falls Bridge,Dissolved oxygen (DO),(not stated),mg/l,9.420000,mg/l,6.500,minimum,evaluated,1,1,0,
2007-07-26,11:00,2007,NS01ED9111,Shelburne River at Pollard's Falls Bridge,Dissolved oxygen (DO),(not stated),mg/l,7.240000,mg/l,6.500,minimum,evaluated,1,1,0,
2007-12-20,11:00,2007,NS01ED9111,Shelburne River at Pollard's Falls Bridge,Dissolved oxygen (DO),(not stated),mg/l,12.400000,mg/l,6.500,minimum,evaluated,1,1,0,
2008-04-29,12:00,2008,NS01ED9111,Shelburne River at Pollard's Falls Bridge,Dissolved oxygen (DO),(not stated),mg/l,10.070000,mg/l,6.500,minimum,evaluated,1,1,0,
2008-10-07,11:00,2008,NS01ED9111,Shelburne River at Pollard's Falls Bridge,Dissolved oxygen (DO),(not stated),mg/l,9.110000,mg/l,6.500,minimum,evaluated,1,1,0,
2008-11-13,12:00,2008,NS01ED9111,Shelburne River at Pollard's Falls Bridge,Dissolved oxygen (DO),(not stated),mg/l,9.990000,mg/l,6.500,minimum,evaluated,1,1,0,
2009-05-14,12:00,2009,NS01ED9111,Shelburne River at Pollard's Falls Bridge,Dissolved oxygen (DO),(not stated),mg/l,9.520000,mg/l,6.500,minimum,evaluated,1,1,0,
2009-07-08,12:00,2009,NS01ED9111,Shelburne River at Pollard's Falls Bridge,Dissolved oxygen (DO),(not stated),mg/l,8.070000,mg/l,6.500,minimum,evaluated,1,1,0,
2009-11-18,13:00,2009,NS01ED9111,Shelburne River at Pollard's Falls Bridge,Dissolved oxygen (DO),(not stated),mg/l,11.050000,mg/l,6.500,minimum,evaluated,1,1,0,
2009-12-01,14:00,2009,NS01ED9111,Shelburne River at Pollard's Falls Bridge,Dissolved oxygen (DO),(not stated),mg/l,11.040000,mg/l,6.500,minimum,evaluated,1,1,0,
2010-04-15,11:00,2010,NS01ED9111,Shelburne River at Pollard's Falls Bridge,Dissolved oxygen (DO),(not stated),mg/l,9.940000,mg/l,6.500,minimum,evaluated,1,1,0,
2010-08-05,13:00,2010,NS01ED9111,Shelburne River at Pollard's Falls Bridge,Dissolved oxygen (DO),(not stated),mg/l,7.540000,mg/l,6.500,minimum,evaluated,1,1,0,
2010-11-02,12:00,2010,NS01ED9111,Shelburne River at Pollard's Falls Bridge,Dissolved oxygen (DO),(not stated),mg/l,9.890000,mg/l,6.500,minimum,evaluated,1,1,0,
2011-09-19,13:05,2011,NS01ED9111,Shelburne River at Pollard's Falls Bridge,Dissolved oxygen (DO),(not stated),mg/l,8.660000,mg/l,6.500,minimum,evaluated,1,1,0,
2012-04-12,11:45,2012,NS01ED9111,Shelburne River at Pollard's Falls Bridge,Dissolved oxygen (DO),(not stated),mg/l,11.720000,mg/l,6.500,minimum,evaluated,1,1,0,
2012-06-19,11:25,2012,NS01ED9111,Shelburne River at Pollard's Falls Bridge,Dissolved oxygen (DO),(not stated),mg/l,8.770000,mg/l,6.500,minimum,evaluated,1,1,0,
2012-09-26,12:00,2012,NS01ED9111,Shelburne River at Pollard's Falls Bridge,Dissolved oxygen (DO),(not stated),mg/l,7.190000,mg/l,6.500,minimum,evaluated,1,1,0,
2013-05-15,11:00,2013,NS01ED9111,Shelburne River at Pollard's Falls Bridge,Dissolved oxygen (DO),(not stated),mg/l,8.910000,mg/l,6.500,minimum,evaluated,1,1,0,
2013-08-13,12:00,2013,NS01ED9111,Shelburne River at Pollard's Falls Bridge,Dissolved oxygen (DO),(not stated),mg/l,7.140000,mg/l,6.500,minimum,evaluated,1,1,0,
2013-11-06,11:00,2013,NS01ED9111,Shelburne River at Pollard's Falls Bridge,Dissolved oxygen (DO),(not stated),mg/l,9.750000,mg/l,6.500,minimum,evaluated,1,1,0,
2013-12-03,10:00,2013,NS01ED9111,Shelburne River at Pollard's Falls Bridge,Dissolved oxygen (DO),(not stated),mg/l,12.090000,mg/l,6.500,minimum,evaluated,1,1,0,
2014-06-03,12:00,2014,NS01ED9111,Shelburne River at Pollard's Falls Bridge,Dissolved oxygen (DO),(not stated),mg/l,8.820000,mg/l,6.500,minimum,evaluated,1,1,0,
2014-08-07,11:00,2014,NS01ED9111,Shelburne River at Pollard's Falls Bridge,Dissolved oxygen (DO),(not stated),mg/l,7.490000,mg/l,6.500,minimum,evaluated,1,1,0,
2014-10-31,11:00,2014,NS01ED9111,Shelburne River at Pollard's Falls Bridge,Dissolved oxygen (DO),(not stated),mg/l,9.170000,mg/l,6.500,minimum,evaluated,1,1,0,
2014-12-02,11:00,2014,NS01ED9111,Shelburne River at Pollard's Falls Bridge,Dissolved oxygen (DO),(not stated),mg/l,11.930000,mg/l,6.500,minimum,evaluated,1,1,0,
2015-05-14,11:00,2015,NS01ED9111,Shelburne River at Pollard's Falls Bridge,Dissolved oxygen (DO),(not stated),mg/l,9.570000,mg/l,6.500,minimum,evaluated,1,1,0,
2015-09-08,11:00,2015,NS01ED9111,Shelburne River at Pollard's Falls Bridge,Dissolved oxygen (DO),(not stated),mg/l,7.410000,mg/l,6.500,minimum,evaluated,1,1,0,
2015-11-12,12:00,2015,NS01ED9111,Shelburne River at Pollard's Falls Bridge,Dissolved oxygen (DO),(not stated),mg/l,10.370000,mg/l,6.500,minimum,evaluated,1,1,0,
2015-12-10,12:00,2015,NS01ED9111,Shelburne River at Pollard's Falls Bridge,Dissolved oxygen (DO),(not stated),mg/l,11.790000,mg/l,6.500,minimum,evaluated,1,1,0,
2016-06-06,12:00,2016,NS01ED9111,Shelburne River at Pollard's Falls Bridge,Dissolved oxygen (DO),(not stated),mg/l,8.000000,mg/l,6.500,minimum,evaluated,1,1,0,
2016-09-01,10:00,2016,NS01ED9111,Shelburne River at Pollard's Falls Bridge,Dissolved oxygen (DO),(not stated),mg/l,7.900000,mg/l,6.500,minimum,evaluated,1,1,0,
2016-10-27,11:00,2016,NS01ED9111,Shelburne River at Pollard's Falls Bridge,Dissolved oxygen (DO),(not stated),mg/l,8.280000,mg/l,6.500,minimum,evaluated,1,1,0,
2016-12-21,14:00,2016,NS01ED9111,Shelburne River at Pollard's Falls Bridge,Dissolved oxygen (DO),(not stated),mg/l,9.760000,mg/l,6.500,minimum,evaluated,1,1,0,
2017-05-29,11:00,2017,NS01ED9111,Shelburne River at Pollard's Falls Bridge,Dissolved oxygen (DO),(not stated),mg/l,9.020000,mg/l,6.500,minimum,evaluated,1,1,0,
2017-08-24,12:00,2017,NS01ED9111,Shelburne River at Pollard's Falls Bridge,Dissolved oxygen (DO),(not stated),mg/l,7.320000,mg/l,6.500,minimum,evaluated,1,1,0,
2017-12-15,12:00,2017,NS01ED9111,Shelburne River at Pollard's Falls Bridge,Dissolved oxygen (DO),(not stated),mg/l,11.870000,mg/l,6.500,minimum,evaluated,1,1,0,
2018-05-24,13:00,2018,NS01ED9111,Shelburne River at Pollard's Falls Bridge,Dissolved oxygen (DO),(not stated),mg/l,8.470000,mg/l,6.500,minimum,evaluated,1,1,0,
2018-09-25,11:00,2018,NS01ED9111,Shelburne River at Pollard's Falls Bridge,Dissolved oxygen (DO),(not stated),mg/l,8.290000,mg/l,6.500,minimum,evaluated,1,1,0,
2018-10-23,13:00,2018,NS01ED9111,Shelburne River at Pollard's Falls Bridge,Dissolved oxygen (DO),(not stated),mg/l,9.890000,mg/l,6.500,minimum,evaluated,1,1,0,
2018-12-07,13:00,2018,NS01ED9111,Shelburne River at Pollard's Falls Bridge,Dissolved oxygen (DO),(not stated),mg/l,12.200000,mg/l,6.500,minimum,evaluated,1,1,0,
2019-08-21,10:30,2019,NS01ED9111,Shelburne River at Pollard's Falls Bridge,Dissolved oxygen (DO),(not stated),mg/l,7.270000,mg/l,6.500,minimum,evaluated,1,1,0,
2019-09-20,11:00,2019,NS01ED9111,Shelburne River at Pollard's Falls Bridge,Dissolved oxygen (DO),(not stated),mg/l,8.390000,mg/l,6.500,minimum,evaluated,1,1,0,
2019-10-16,11:00,2019,NS01ED9111,Shelburne River at Pollard's Falls Bridge,Dissolved oxygen (DO),(not stated),mg/l,8.960000,mg/l,6.500,minimum,evaluated,1,1,0,
2019-12-13,12:00,2019,NS01ED9111,Shelburne River at Pollard's Falls Bridge,Dissolved oxygen (DO),(not stated),mg/l,12.340000,mg/l,6.500,minimum,evaluated,1,1,0,
2020-05-06,13:00,2020,NS01ED9111,Shelburne River at Pollard's Falls Bridge,Dissolved oxygen (DO),(not stated),mg/l,10.050000,mg/l,6.500,minimum,evaluated,1,1,0,
2020-07-07,12:00,2020,NS01ED9111,Shelburne River at Pollard's Falls Bridge,Dissolved oxygen (DO),(not stated),mg/l,8.290000,mg/l,6.500,minimum,evaluated,1,1,0,
2020-09-17,11:00,2020,NS01ED9111,Shelburne River at Pollard's Falls Bridge,Dissolved oxygen (DO),(not stated),mg/l,7.810000,mg/l,6.500,minimum,evaluated,1,1,0,
2020-11-19,14:00,2020,NS01ED9111,Shelburne River at Pollard's Falls Bridge,Dissolved oxygen (DO),(not stated),mg/l,10.420000,mg/l,6.500,minimum,evaluated,1,1,0,
2021-07-06,11:00,2021,NS01ED9111,Shelburne River at Pollard's Falls Bridge,Dissolved oxygen (DO),(not stated),mg/l,8.220000,mg/l,6.500,minimum,evaluated,1,1,0,
2021-08-31,12:00,2021,NS01ED9111,Shelburne River at Pollard's Falls Bridge,Dissolved oxygen (DO),(not stated),mg/l,7.210000,mg/l,6.500,minimum,evaluated,1,1,0,
2021-10-13,14:00,2021,NS01ED9111,Shelburne River at Pollard's Falls Bridge,Dissolved oxygen (DO),(not stated),mg/l,8.180000,mg/l,6.500,minimum,evaluated,1,1,0,
2021-12-07,13:00,2021,NS01ED9111,Shelburne River at Pollard's Falls Bridge,Dissolved oxygen (DO),(not stated),mg/l,11.700000,mg/l,6.500,minimum,evaluated,1,1,0,
2022-05-02,13:00,2022,NS01ED9111,Shelburne River at Pollard's Falls Bridge,Dissolved oxygen (DO),(not stated),mg/l,10.430000,mg/l,6.500,minimum,evaluated,1,1,0,
2022-09-07,11:00,2022,NS01ED9111,Shelburne River at Pollard's Falls Bridge,Dissolved oxygen (DO),(not stated),mg/l,8.160000,mg/l,6.500,minimum,evaluated,1,1,0,
2022-11-08,12:00,2022,NS01ED9111,Shelburne River at Pollard's Falls Bridge,Dissolved oxygen (DO),(not stated),mg/l,8.520000,mg/l,6.500,minimum,evaluated,1,1,0,
2022-12-15,13:00,2022,NS01ED9111,Shelburne River at Pollard's Falls Bridge,Dissolved oxygen (DO),(not stated),mg/l,11.690000,mg/l,6.500,minimum,evaluated,1,1,0,
2023-04-25,12:00,2023,NS01ED9111,Shelburne River at Pollard's Falls Bridge,Dissolved oxygen (DO),(not stated),mg/l,9.800000,mg/l,6.500,minimum,evaluated,1,1,0,
2023-08-03,12:00,2023,NS01ED9111,Shelburne River at Pollard's Falls Bridge,Dissolved oxygen (DO),(not stated),mg/l,6.440000,mg/l,6.500,minimum,evaluated,1,0,0,
2023-09-21,12:00,2023,NS01ED9111,Shelburne River at Pollard's Falls Bridge,Dissolved oxygen (DO),(not stated),mg/l,7.190000,mg/l,6.500,minimum,evaluated,1,1,0,
2023-11-21,13:00,2023,NS01ED9111,Shelburne River at Pollard's Falls Bridge,Dissolved oxygen (DO),(not stated),mg/l,10.790000,mg/l,6.500,minimum,evaluated,1,1,0,
2024-05-16,12:00,2024,NS01ED9111,Shelburne River at Pollard's Falls Bridge,Dissolved oxygen (DO),(not stated),mg/l,9.040000,mg/l,6.500,minimum,evaluated,1,1,0,
2024-08-20,12:00,2024,NS01ED9111,Shelburne River at Pollard's Falls Bridge,Dissolved oxygen (DO),(not stated),mg/l,7.200000,mg/l,6.500,minimum,evaluated,1,1,0,
2024-10-02,12:00,2024,NS01ED9111,Shelburne River at Pollard's Falls Bridge,Dissolved oxygen (DO),(not stated),mg/l,8.520000,mg/l,6.500,minimum,evaluated,1,1,0,
2024-11-14,13:00,2024,NS01ED9111,Shelburne River at Pollard's Falls Bridge,Dissolved oxygen (DO),(not stated),mg/l,12.020000,mg/l,6.500,minimum,evaluated,1,1,0,
2020-09-17,11:00,2020,NS01ED9111,Shelburne River at Pollard's Falls Bridge,Iron,Dissolved,ug/l,,,,,wrong_fraction,0,,0,
2020-11-19,14:00,2020,NS01ED9111,Shelburne River at Pollard's Falls Bridge,Iron,Dissolved,ug/l,,,,,wrong_fraction,0,,0,
2022-05-02,13:00,2022,NS01ED9111,Shelburne River at Pollard's Falls Bridge,Iron,Dissolved,ug/l,,,,,wrong_fraction,0,,0,
2022-09-07,11:00,2022,NS01ED9111,Shelburne River at Pollard's Falls Bridge,Iron,Dissolved,ug/l,,,,,wrong_fraction,0,,0,
2022-11-08,12:00,2022,NS01ED9111,Shelburne River at Pollard's Falls Bridge,Iron,Dissolved,ug/l,,,,,wrong_fraction,0,,0,
2022-12-15,13:00,2022,NS01ED9111,Shelburne River at Pollard's Falls Bridge,Iron,Dissolved,ug/l,,,,,wrong_fraction,0,,0,
2023-04-25,12:00,2023,NS01ED9111,Shelburne River at Pollard's Falls Bridge,Iron,Dissolved,ug/l,,,,,wrong_fraction,0,,0,
2023-08-03,12:00,2023,NS01ED9111,Shelburne River at Pollard's Falls Bridge,Iron,Dissolved,ug/l,,,,,wrong_fraction,0,,0,
2023-09-21,12:00,2023,NS01ED9111,Shelburne River at Pollard's Falls Bridge,Iron,Dissolved,ug/l,,,,,wrong_fraction,0,,0,
2023-11-21,13:00,2023,NS01ED9111,Shelburne River at Pollard's Falls Bridge,Iron,Dissolved,ug/l,,,,,wrong_fraction,0,,0,
2024-05-16,12:00,2024,NS01ED9111,Shelburne River at Pollard's Falls Bridge,Iron,Dissolved,ug/l,,,,,wrong_fraction,0,,0,
2024-08-20,12:00,2024,NS01ED9111,Shelburne River at Pollard's Falls Bridge,Iron,Dissolved,ug/l,,,,,wrong_fraction,0,,0,
2024-10-02,12:00,2024,NS01ED9111,Shelburne River at Pollard's Falls Bridge,Iron,Dissolved,ug/l,,,,,wrong_fraction,0,,0,
2024-11-14,13:00,2024,NS01ED9111,Shelburne River at Pollard's Falls Bridge,Iron,Dissolved,ug/l,,,,,wrong_fraction,0,,0,
2003-07-10,12:00,2003,NS01ED9111,Shelburne River at Pollard's Falls Bridge,Iron,Total,ug/l,198.000000,ug/l,300.000,maximum,evaluated,1,1,0,
2003-07-29,11:00,2003,NS01ED9111,Shelburne River at Pollard's Falls Bridge,Iron,Total,ug/l,173.000000,ug/l,300.000,maximum,evaluated,1,1,0,
2003-11-28,10:00,2003,NS01ED9111,Shelburne River at Pollard's Falls Bridge,Iron,Total,ug/l,328.000000,ug/l,300.000,maximum,evaluated,1,0,0,
2004-06-22,10:00,2004,NS01ED9111,Shelburne River at Pollard's Falls Bridge,Iron,Total,ug/l,202.000000,ug/l,300.000,maximum,evaluated,1,1,0,
2004-09-29,07:00,2004,NS01ED9111,Shelburne River at Pollard's Falls Bridge,Iron,Total,ug/l,268.000000,ug/l,300.000,maximum,evaluated,1,1,0,
2004-12-09,10:00,2004,NS01ED9111,Shelburne River at Pollard's Falls Bridge,Iron,Total,ug/l,151.000000,ug/l,300.000,maximum,evaluated,1,1,0,
2004-12-09,11:00,2004,NS01ED9111,Shelburne River at Pollard's Falls Bridge,Iron,Total,ug/l,143.000000,ug/l,300.000,maximum,evaluated,1,1,0,
2005-04-27,11:00,2005,NS01ED9111,Shelburne River at Pollard's Falls Bridge,Iron,Total,ug/l,139.000000,ug/l,300.000,maximum,evaluated,1,1,0,
2005-07-05,11:00,2005,NS01ED9111,Shelburne River at Pollard's Falls Bridge,Iron,Total,ug/l,239.000000,ug/l,300.000,maximum,evaluated,1,1,0,
2005-11-03,11:00,2005,NS01ED9111,Shelburne River at Pollard's Falls Bridge,Iron,Total,ug/l,249.000000,ug/l,300.000,maximum,evaluated,1,1,0,
2005-11-29,11:00,2005,NS01ED9111,Shelburne River at Pollard's Falls Bridge,Iron,Total,ug/l,193.000000,ug/l,300.000,maximum,evaluated,1,1,0,
2006-07-05,10:00,2006,NS01ED9111,Shelburne River at Pollard's Falls Bridge,Iron,Total,ug/l,301.000000,ug/l,300.000,maximum,evaluated,1,0,0,
2007-05-23,11:00,2007,NS01ED9111,Shelburne River at Pollard's Falls Bridge,Iron,Total,ug/l,164.000000,ug/l,300.000,maximum,evaluated,1,1,0,
2007-07-26,11:00,2007,NS01ED9111,Shelburne River at Pollard's Falls Bridge,Iron,Total,ug/l,187.000000,ug/l,300.000,maximum,evaluated,1,1,0,
2007-12-20,11:00,2007,NS01ED9111,Shelburne River at Pollard's Falls Bridge,Iron,Total,ug/l,200.000000,ug/l,300.000,maximum,evaluated,1,1,0,
2008-04-29,12:00,2008,NS01ED9111,Shelburne River at Pollard's Falls Bridge,Iron,Total,ug/l,126.000000,ug/l,300.000,maximum,evaluated,1,1,0,
2008-10-07,11:00,2008,NS01ED9111,Shelburne River at Pollard's Falls Bridge,Iron,Total,ug/l,292.000000,ug/l,300.000,maximum,evaluated,1,1,0,
2008-11-13,12:00,2008,NS01ED9111,Shelburne River at Pollard's Falls Bridge,Iron,Total,ug/l,295.000000,ug/l,300.000,maximum,evaluated,1,1,0,
2009-05-14,12:00,2009,NS01ED9111,Shelburne River at Pollard's Falls Bridge,Iron,Total,ug/l,145.000000,ug/l,300.000,maximum,evaluated,1,1,0,
2009-07-08,12:00,2009,NS01ED9111,Shelburne River at Pollard's Falls Bridge,Iron,Total,ug/l,233.000000,ug/l,300.000,maximum,evaluated,1,1,0,
2009-11-18,13:00,2009,NS01ED9111,Shelburne River at Pollard's Falls Bridge,Iron,Total,ug/l,244.000000,ug/l,300.000,maximum,evaluated,1,1,0,
2009-12-01,14:00,2009,NS01ED9111,Shelburne River at Pollard's Falls Bridge,Iron,Total,ug/l,275.000000,ug/l,300.000,maximum,evaluated,1,1,0,
2010-04-15,11:00,2010,NS01ED9111,Shelburne River at Pollard's Falls Bridge,Iron,Total,ug/l,159.000000,ug/l,300.000,maximum,evaluated,1,1,0,
2010-08-05,13:00,2010,NS01ED9111,Shelburne River at Pollard's Falls Bridge,Iron,Total,ug/l,276.000000,ug/l,300.000,maximum,evaluated,1,1,0,
2010-11-02,12:00,2010,NS01ED9111,Shelburne River at Pollard's Falls Bridge,Iron,Total,ug/l,299.000000,ug/l,300.000,maximum,evaluated,1,1,0,
2010-12-07,12:40,2010,NS01ED9111,Shelburne River at Pollard's Falls Bridge,Iron,Total,ug/l,211.000000,ug/l,300.000,maximum,evaluated,1,1,0,
2011-05-30,13:25,2011,NS01ED9111,Shelburne River at Pollard's Falls Bridge,Iron,Total,ug/l,188.000000,ug/l,300.000,maximum,evaluated,1,1,0,
2011-09-19,13:05,2011,NS01ED9111,Shelburne River at Pollard's Falls Bridge,Iron,Total,ug/l,238.000000,ug/l,300.000,maximum,evaluated,1,1,0,
2011-10-24,11:25,2011,NS01ED9111,Shelburne River at Pollard's Falls Bridge,Iron,Total,ug/l,275.000000,ug/l,300.000,maximum,evaluated,1,1,0,
2011-12-05,11:35,2011,NS01ED9111,Shelburne River at Pollard's Falls Bridge,Iron,Total,ug/l,211.000000,ug/l,300.000,maximum,evaluated,1,1,0,
2012-04-12,11:45,2012,NS01ED9111,Shelburne River at Pollard's Falls Bridge,Iron,Total,ug/l,151.000000,ug/l,300.000,maximum,evaluated,1,1,0,
2012-06-19,11:25,2012,NS01ED9111,Shelburne River at Pollard's Falls Bridge,Iron,Total,ug/l,186.000000,ug/l,300.000,maximum,evaluated,1,1,0,
2012-09-26,12:00,2012,NS01ED9111,Shelburne River at Pollard's Falls Bridge,Iron,Total,ug/l,295.000000,ug/l,300.000,maximum,evaluated,1,1,0,
2012-11-14,12:00,2012,NS01ED9111,Shelburne River at Pollard's Falls Bridge,Iron,Total,ug/l,296.000000,ug/l,300.000,maximum,evaluated,1,1,0,
2012-12-18,12:25,2012,NS01ED9111,Shelburne River at Pollard's Falls Bridge,Iron,Total,ug/l,241.000000,ug/l,300.000,maximum,evaluated,1,1,0,
2013-05-15,11:00,2013,NS01ED9111,Shelburne River at Pollard's Falls Bridge,Iron,Total,ug/l,169.000000,ug/l,300.000,maximum,evaluated,1,1,0,
2013-08-13,12:00,2013,NS01ED9111,Shelburne River at Pollard's Falls Bridge,Iron,Total,ug/l,311.000000,ug/l,300.000,maximum,evaluated,1,0,0,
2013-11-06,11:00,2013,NS01ED9111,Shelburne River at Pollard's Falls Bridge,Iron,Total,ug/l,318.000000,ug/l,300.000,maximum,evaluated,1,0,0,
2013-12-03,10:00,2013,NS01ED9111,Shelburne River at Pollard's Falls Bridge,Iron,Total,ug/l,231.000000,ug/l,300.000,maximum,evaluated,1,1,0,
2014-06-03,12:00,2014,NS01ED9111,Shelburne River at Pollard's Falls Bridge,Iron,Total,ug/l,138.000000,ug/l,300.000,maximum,evaluated,1,1,0,
2014-08-07,11:00,2014,NS01ED9111,Shelburne River at Pollard's Falls Bridge,Iron,Total,ug/l,219.000000,ug/l,300.000,maximum,evaluated,1,1,0,
2014-10-31,11:00,2014,NS01ED9111,Shelburne River at Pollard's Falls Bridge,Iron,Total,ug/l,329.000000,ug/l,300.000,maximum,evaluated,1,0,0,
2014-12-02,11:00,2014,NS01ED9111,Shelburne River at Pollard's Falls Bridge,Iron,Total,ug/l,205.000000,ug/l,300.000,maximum,evaluated,1,1,0,
2015-05-14,11:00,2015,NS01ED9111,Shelburne River at Pollard's Falls Bridge,Iron,Total,ug/l,114.000000,ug/l,300.000,maximum,evaluated,1,1,0,
2015-09-08,11:00,2015,NS01ED9111,Shelburne River at Pollard's Falls Bridge,Iron,Total,ug/l,238.000000,ug/l,300.000,maximum,evaluated,1,1,0,
2015-11-12,12:00,2015,NS01ED9111,Shelburne River at Pollard's Falls Bridge,Iron,Total,ug/l,236.000000,ug/l,300.000,maximum,evaluated,1,1,0,
2015-12-10,12:00,2015,NS01ED9111,Shelburne River at Pollard's Falls Bridge,Iron,Total,ug/l,197.000000,ug/l,300.000,maximum,evaluated,1,1,0,
2016-06-06,12:00,2016,NS01ED9111,Shelburne River at Pollard's Falls Bridge,Iron,Total,ug/l,164.000000,ug/l,300.000,maximum,evaluated,1,1,0,
2016-09-01,10:00,2016,NS01ED9111,Shelburne River at Pollard's Falls Bridge,Iron,Total,ug/l,199.000000,ug/l,300.000,maximum,evaluated,1,1,0,
2016-10-27,11:00,2016,NS01ED9111,Shelburne River at Pollard's Falls Bridge,Iron,Total,ug/l,238.000000,ug/l,300.000,maximum,evaluated,1,1,0,
2016-12-21,14:00,2016,NS01ED9111,Shelburne River at Pollard's Falls Bridge,Iron,Total,ug/l,217.000000,ug/l,300.000,maximum,evaluated,1,1,0,
2017-05-29,11:00,2017,NS01ED9111,Shelburne River at Pollard's Falls Bridge,Iron,Total,ug/l,171.000000,ug/l,300.000,maximum,evaluated,1,1,0,
2017-08-24,12:00,2017,NS01ED9111,Shelburne River at Pollard's Falls Bridge,Iron,Total,ug/l,285.000000,ug/l,300.000,maximum,evaluated,1,1,0,
2017-10-18,12:00,2017,NS01ED9111,Shelburne River at Pollard's Falls Bridge,Iron,Total,ug/l,340.000000,ug/l,300.000,maximum,evaluated,1,0,0,
2017-12-15,12:00,2017,NS01ED9111,Shelburne River at Pollard's Falls Bridge,Iron,Total,ug/l,280.000000,ug/l,300.000,maximum,evaluated,1,1,0,
2018-05-24,13:00,2018,NS01ED9111,Shelburne River at Pollard's Falls Bridge,Iron,Total,ug/l,180.000000,ug/l,300.000,maximum,evaluated,1,1,0,
2018-09-25,11:00,2018,NS01ED9111,Shelburne River at Pollard's Falls Bridge,Iron,Total,ug/l,191.000000,ug/l,300.000,maximum,evaluated,1,1,0,
2018-10-23,13:00,2018,NS01ED9111,Shelburne River at Pollard's Falls Bridge,Iron,Total,ug/l,287.000000,ug/l,300.000,maximum,evaluated,1,1,0,
2018-12-07,13:00,2018,NS01ED9111,Shelburne River at Pollard's Falls Bridge,Iron,Total,ug/l,190.000000,ug/l,300.000,maximum,evaluated,1,1,0,
2019-08-21,10:30,2019,NS01ED9111,Shelburne River at Pollard's Falls Bridge,Iron,Total,ug/l,195.000000,ug/l,300.000,maximum,evaluated,1,1,0,
2019-09-20,11:00,2019,NS01ED9111,Shelburne River at Pollard's Falls Bridge,Iron,Total,ug/l,319.000000,ug/l,300.000,maximum,evaluated,1,0,0,
2019-10-16,11:00,2019,NS01ED9111,Shelburne River at Pollard's Falls Bridge,Iron,Total,ug/l,250.000000,ug/l,300.000,maximum,evaluated,1,1,0,
2019-12-13,12:00,2019,NS01ED9111,Shelburne River at Pollard's Falls Bridge,Iron,Total,ug/l,236.000000,ug/l,300.000,maximum,evaluated,1,1,0,
2020-05-06,13:00,2020,NS01ED9111,Shelburne River at Pollard's Falls Bridge,Iron,Total,ug/l,140.000000,ug/l,300.000,maximum,evaluated,1,1,0,
2020-07-07,12:00,2020,NS01ED9111,Shelburne River at Pollard's Falls Bridge,Iron,Total,ug/l,179.000000,ug/l,300.000,maximum,evaluated,1,1,0,
2020-09-17,11:00,2020,NS01ED9111,Shelburne River at Pollard's Falls Bridge,Iron,Total,ug/l,145.000000,ug/l,300.000,maximum,evaluated,1,1,0,
2020-11-19,14:00,2020,NS01ED9111,Shelburne River at Pollard's Falls Bridge,Iron,Total,ug/l,238.000000,ug/l,300.000,maximum,evaluated,1,1,0,
2021-07-06,11:00,2021,NS01ED9111,Shelburne River at Pollard's Falls Bridge,Iron,Total,ug/l,196.000000,ug/l,300.000,maximum,evaluated,1,1,0,
2021-08-31,12:00,2021,NS01ED9111,Shelburne River at Pollard's Falls Bridge,Iron,Total,ug/l,314.000000,ug/l,300.000,maximum,evaluated,1,0,0,
2021-10-13,14:00,2021,NS01ED9111,Shelburne River at Pollard's Falls Bridge,Iron,Total,ug/l,387.000000,ug/l,300.000,maximum,evaluated,1,0,0,
2021-12-07,13:00,2021,NS01ED9111,Shelburne River at Pollard's Falls Bridge,Iron,Total,ug/l,308.000000,ug/l,300.000,maximum,evaluated,1,0,0,
2022-05-02,13:00,2022,NS01ED9111,Shelburne River at Pollard's Falls Bridge,Iron,Total,ug/l,150.000000,ug/l,300.000,maximum,evaluated,1,1,0,
2022-09-07,11:00,2022,NS01ED9111,Shelburne River at Pollard's Falls Bridge,Iron,Total,ug/l,190.000000,ug/l,300.000,maximum,evaluated,1,1,0,
2022-11-08,12:00,2022,NS01ED9111,Shelburne River at Pollard's Falls Bridge,Iron,Total,ug/l,288.000000,ug/l,300.000,maximum,evaluated,1,1,0,
2022-12-15,13:00,2022,NS01ED9111,Shelburne River at Pollard's Falls Bridge,Iron,Total,ug/l,247.000000,ug/l,300.000,maximum,evaluated,1,1,0,
2023-04-25,12:00,2023,NS01ED9111,Shelburne River at Pollard's Falls Bridge,Iron,Total,ug/l,160.000000,ug/l,300.000,maximum,evaluated,1,1,0,
2023-08-03,12:00,2023,NS01ED9111,Shelburne River at Pollard's Falls Bridge,Iron,Total,ug/l,377.000000,ug/l,300.000,maximum,evaluated,1,0,0,
2023-09-21,12:00,2023,NS01ED9111,Shelburne River at Pollard's Falls Bridge,Iron,Total,ug/l,459.000000,ug/l,300.000,maximum,evaluated,1,0,0,
2023-11-21,13:00,2023,NS01ED9111,Shelburne River at Pollard's Falls Bridge,Iron,Total,ug/l,387.000000,ug/l,300.000,maximum,evaluated,1,0,0,
2024-05-16,12:00,2024,NS01ED9111,Shelburne River at Pollard's Falls Bridge,Iron,Total,ug/l,177.000000,ug/l,300.000,maximum,evaluated,1,1,0,
2024-08-20,12:00,2024,NS01ED9111,Shelburne River at Pollard's Falls Bridge,Iron,Total,ug/l,212.000000,ug/l,300.000,maximum,evaluated,1,1,0,
2024-10-02,12:00,2024,NS01ED9111,Shelburne River at Pollard's Falls Bridge,Iron,Total,ug/l,264.000000,ug/l,300.000,maximum,evaluated,1,1,0,
2024-11-14,13:00,2024,NS01ED9111,Shelburne River at Pollard's Falls Bridge,Iron,Total,ug/l,270.000000,ug/l,300.000,maximum,evaluated,1,1,0,
2020-09-17,11:00,2020,NS01ED9111,Shelburne River at Pollard's Falls Bridge,Molybdenum,Dissolved,ug/l,,,,,wrong_fraction,0,,1,
2020-11-19,14:00,2020,NS01ED9111,Shelburne River at Pollard's Falls Bridge,Molybdenum,Dissolved,ug/l,,,,,wrong_fraction,0,,1,
2022-05-02,13:00,2022,NS01ED9111,Shelburne River at Pollard's Falls Bridge,Molybdenum,Dissolved,ug/l,,,,,wrong_fraction,0,,1,
2022-09-07,11:00,2022,NS01ED9111,Shelburne River at Pollard's Falls Bridge,Molybdenum,Dissolved,ug/l,,,,,wrong_fraction,0,,1,
2022-11-08,12:00,2022,NS01ED9111,Shelburne River at Pollard's Falls Bridge,Molybdenum,Dissolved,ug/l,,,,,wrong_fraction,0,,1,
2022-12-15,13:00,2022,NS01ED9111,Shelburne River at Pollard's Falls Bridge,Molybdenum,Dissolved,ug/l,,,,,wrong_fraction,0,,1,
2023-04-25,12:00,2023,NS01ED9111,Shelburne River at Pollard's Falls Bridge,Molybdenum,Dissolved,ug/l,,,,,wrong_fraction,0,,1,
2023-08-03,12:00,2023,NS01ED9111,Shelburne River at Pollard's Falls Bridge,Molybdenum,Dissolved,ug/l,,,,,wrong_fraction,0,,1,
2023-09-21,12:00,2023,NS01ED9111,Shelburne River at Pollard's Falls Bridge,Molybdenum,Dissolved,ug/l,,,,,wrong_fraction,0,,1,
2023-11-21,13:00,2023,NS01ED9111,Shelburne River at Pollard's Falls Bridge,Molybdenum,Dissolved,ug/l,,,,,wrong_fraction,0,,1,
2024-05-16,12:00,2024,NS01ED9111,Shelburne River at Pollard's Falls Bridge,Molybdenum,Dissolved,ug/l,,,,,wrong_fraction,0,,1,
2024-08-20,12:00,2024,NS01ED9111,Shelburne River at Pollard's Falls Bridge,Molybdenum,Dissolved,ug/l,,,,,wrong_fraction,0,,1,
2024-10-02,12:00,2024,NS01ED9111,Shelburne River at Pollard's Falls Bridge,Molybdenum,Dissolved,ug/l,,,,,wrong_fraction,0,,1,
2024-11-14,13:00,2024,NS01ED9111,Shelburne River at Pollard's Falls Bridge,Molybdenum,Dissolved,ug/l,,,,,wrong_fraction,0,,1,
2019-08-21,10:30,2019,NS01ED9111,Shelburne River at Pollard's Falls Bridge,Molybdenum,Total,ug/l,2.000000,ug/l,73.000,maximum,evaluated,1,1,1,0
2019-09-20,11:00,2019,NS01ED9111,Shelburne River at Pollard's Falls Bridge,Molybdenum,Total,ug/l,2.000000,ug/l,73.000,maximum,evaluated,1,1,1,0
2019-10-16,11:00,2019,NS01ED9111,Shelburne River at Pollard's Falls Bridge,Molybdenum,Total,ug/l,2.000000,ug/l,73.000,maximum,evaluated,1,1,1,0
2019-12-13,12:00,2019,NS01ED9111,Shelburne River at Pollard's Falls Bridge,Molybdenum,Total,ug/l,2.000000,ug/l,73.000,maximum,evaluated,1,1,1,0
2020-05-06,13:00,2020,NS01ED9111,Shelburne River at Pollard's Falls Bridge,Molybdenum,Total,ug/l,2.000000,ug/l,73.000,maximum,evaluated,1,1,1,0
2020-07-07,12:00,2020,NS01ED9111,Shelburne River at Pollard's Falls Bridge,Molybdenum,Total,ug/l,2.000000,ug/l,73.000,maximum,evaluated,1,1,1,0
2020-09-17,11:00,2020,NS01ED9111,Shelburne River at Pollard's Falls Bridge,Molybdenum,Total,ug/l,2.000000,ug/l,73.000,maximum,evaluated,1,1,1,0
2020-11-19,14:00,2020,NS01ED9111,Shelburne River at Pollard's Falls Bridge,Molybdenum,Total,ug/l,2.000000,ug/l,73.000,maximum,evaluated,1,1,1,0
2021-07-06,11:00,2021,NS01ED9111,Shelburne River at Pollard's Falls Bridge,Molybdenum,Total,ug/l,2.000000,ug/l,73.000,maximum,evaluated,1,1,1,0
2021-08-31,12:00,2021,NS01ED9111,Shelburne River at Pollard's Falls Bridge,Molybdenum,Total,ug/l,2.000000,ug/l,73.000,maximum,evaluated,1,1,1,0
2021-10-13,14:00,2021,NS01ED9111,Shelburne River at Pollard's Falls Bridge,Molybdenum,Total,ug/l,2.000000,ug/l,73.000,maximum,evaluated,1,1,1,0
2021-12-07,13:00,2021,NS01ED9111,Shelburne River at Pollard's Falls Bridge,Molybdenum,Total,ug/l,2.000000,ug/l,73.000,maximum,evaluated,1,1,1,0
2022-05-02,13:00,2022,NS01ED9111,Shelburne River at Pollard's Falls Bridge,Molybdenum,Total,ug/l,2.000000,ug/l,73.000,maximum,evaluated,1,1,1,0
2022-09-07,11:00,2022,NS01ED9111,Shelburne River at Pollard's Falls Bridge,Molybdenum,Total,ug/l,2.000000,ug/l,73.000,maximum,evaluated,1,1,1,0
2022-11-08,12:00,2022,NS01ED9111,Shelburne River at Pollard's Falls Bridge,Molybdenum,Total,ug/l,2.000000,ug/l,73.000,maximum,evaluated,1,1,1,0
2022-12-15,13:00,2022,NS01ED9111,Shelburne River at Pollard's Falls Bridge,Molybdenum,Total,ug/l,2.000000,ug/l,73.000,maximum,evaluated,1,1,1,0
2023-04-25,12:00,2023,NS01ED9111,Shelburne River at Pollard's Falls Bridge,Molybdenum,Total,ug/l,2.000000,ug/l,73.000,maximum,evaluated,1,1,1,0
2023-08-03,12:00,2023,NS01ED9111,Shelburne River at Pollard's Falls Bridge,Molybdenum,Total,ug/l,2.000000,ug/l,73.000,maximum,evaluated,1,1,1,0
2023-09-21,12:00,2023,NS01ED9111,Shelburne River at Pollard's Falls Bridge,Molybdenum,Total,ug/l,2.000000,ug/l,73.000,maximum,evaluated,1,1,1,0
2023-11-21,13:00,2023,NS01ED9111,Shelburne River at Pollard's Falls Bridge,Molybdenum,Total,ug/l,2.000000,ug/l,73.000,maximum,evaluated,1,1,1,0
2024-05-16,12:00,2024,NS01ED9111,Shelburne River at Pollard's Falls Bridge,Molybdenum,Total,ug/l,2.000000,ug/l,73.000,maximum,evaluated,1,1,1,0
2024-08-20,12:00,2024,NS01ED9111,Shelburne River at Pollard's Falls Bridge,Molybdenum,Total,ug/l,2.000000,ug/l,73.000,maximum,evaluated,1,1,1,0
2024-10-02,12:00,2024,NS01ED9111,Shelburne River at Pollard's Falls Bridge,Molybdenum,Total,ug/l,2.000000,ug/l,73.000,maximum,evaluated,1,1,1,0
2024-11-14,13:00,2024,NS01ED9111,Shelburne River at Pollard's Falls Bridge,Molybdenum,Total,ug/l,2.000000,ug/l,73.000,maximum,evaluated,1,1,1,0
2020-09-17,11:00,2020,NS01ED9111,Shelburne River at Pollard's Falls Bridge,Selenium,Dissolved,ug/l,,,,,wrong_fraction,0,,1,
2020-11-19,14:00,2020,NS01ED9111,Shelburne River at Pollard's Falls Bridge,Selenium,Dissolved,ug/l,,,,,wrong_fraction,0,,1,
2022-05-02,13:00,2022,NS01ED9111,Shelburne River at Pollard's Falls Bridge,Selenium,Dissolved,ug/l,,,,,wrong_fraction,0,,1,
2022-09-07,11:00,2022,NS01ED9111,Shelburne River at Pollard's Falls Bridge,Selenium,Dissolved,ug/l,,,,,wrong_fraction,0,,1,
2022-11-08,12:00,2022,NS01ED9111,Shelburne River at Pollard's Falls Bridge,Selenium,Dissolved,ug/l,,,,,wrong_fraction,0,,1,
2022-12-15,13:00,2022,NS01ED9111,Shelburne River at Pollard's Falls Bridge,Selenium,Dissolved,ug/l,,,,,wrong_fraction,0,,1,
2023-04-25,12:00,2023,NS01ED9111,Shelburne River at Pollard's Falls Bridge,Selenium,Dissolved,ug/l,,,,,wrong_fraction,0,,1,
2023-08-03,12:00,2023,NS01ED9111,Shelburne River at Pollard's Falls Bridge,Selenium,Dissolved,ug/l,,,,,wrong_fraction,0,,1,
2023-09-21,12:00,2023,NS01ED9111,Shelburne River at Pollard's Falls Bridge,Selenium,Dissolved,ug/l,,,,,wrong_fraction,0,,1,
2023-11-21,13:00,2023,NS01ED9111,Shelburne River at Pollard's Falls Bridge,Selenium,Dissolved,ug/l,,,,,wrong_fraction,0,,1,
2024-05-16,12:00,2024,NS01ED9111,Shelburne River at Pollard's Falls Bridge,Selenium,Dissolved,ug/l,,,,,wrong_fraction,0,,1,
2024-08-20,12:00,2024,NS01ED9111,Shelburne River at Pollard's Falls Bridge,Selenium,Dissolved,ug/l,,,,,wrong_fraction,0,,1,
2024-10-02,12:00,2024,NS01ED9111,Shelburne River at Pollard's Falls Bridge,Selenium,Dissolved,ug/l,,,,,wrong_fraction,0,,1,
2024-11-14,13:00,2024,NS01ED9111,Shelburne River at Pollard's Falls Bridge,Selenium,Dissolved,ug/l,,,,,wrong_fraction,0,,1,
2003-07-10,12:00,2003,NS01ED9111,Shelburne River at Pollard's Falls Bridge,Selenium,Total,ug/l,2.000000,ug/l,1.000,maximum,evaluated,1,1,1,1
2003-07-29,11:00,2003,NS01ED9111,Shelburne River at Pollard's Falls Bridge,Selenium,Total,ug/l,2.000000,ug/l,1.000,maximum,evaluated,1,1,1,1
2003-11-28,10:00,2003,NS01ED9111,Shelburne River at Pollard's Falls Bridge,Selenium,Total,ug/l,2.000000,ug/l,1.000,maximum,evaluated,1,1,1,1
2004-06-22,10:00,2004,NS01ED9111,Shelburne River at Pollard's Falls Bridge,Selenium,Total,ug/l,2.000000,ug/l,1.000,maximum,evaluated,1,1,1,1
2004-09-29,07:00,2004,NS01ED9111,Shelburne River at Pollard's Falls Bridge,Selenium,Total,ug/l,2.000000,ug/l,1.000,maximum,evaluated,1,1,1,1
2004-12-09,10:00,2004,NS01ED9111,Shelburne River at Pollard's Falls Bridge,Selenium,Total,ug/l,2.000000,ug/l,1.000,maximum,evaluated,1,1,1,1
2004-12-09,11:00,2004,NS01ED9111,Shelburne River at Pollard's Falls Bridge,Selenium,Total,ug/l,2.000000,ug/l,1.000,maximum,evaluated,1,1,1,1
2005-04-27,11:00,2005,NS01ED9111,Shelburne River at Pollard's Falls Bridge,Selenium,Total,ug/l,2.000000,ug/l,1.000,maximum,evaluated,1,1,1,1
2005-07-05,11:00,2005,NS01ED9111,Shelburne River at Pollard's Falls Bridge,Selenium,Total,ug/l,2.000000,ug/l,1.000,maximum,evaluated,1,1,1,1
2005-11-03,11:00,2005,NS01ED9111,Shelburne River at Pollard's Falls Bridge,Selenium,Total,ug/l,2.000000,ug/l,1.000,maximum,evaluated,1,1,1,1
2005-11-29,11:00,2005,NS01ED9111,Shelburne River at Pollard's Falls Bridge,Selenium,Total,ug/l,2.000000,ug/l,1.000,maximum,evaluated,1,1,1,1
2006-07-05,10:00,2006,NS01ED9111,Shelburne River at Pollard's Falls Bridge,Selenium,Total,ug/l,2.000000,ug/l,1.000,maximum,evaluated,1,1,1,1
2007-05-23,11:00,2007,NS01ED9111,Shelburne River at Pollard's Falls Bridge,Selenium,Total,ug/l,2.000000,ug/l,1.000,maximum,evaluated,1,1,1,1
2007-07-26,11:00,2007,NS01ED9111,Shelburne River at Pollard's Falls Bridge,Selenium,Total,ug/l,2.000000,ug/l,1.000,maximum,evaluated,1,1,1,1
2007-12-20,11:00,2007,NS01ED9111,Shelburne River at Pollard's Falls Bridge,Selenium,Total,ug/l,2.000000,ug/l,1.000,maximum,evaluated,1,1,1,1
2008-04-29,12:00,2008,NS01ED9111,Shelburne River at Pollard's Falls Bridge,Selenium,Total,ug/l,2.000000,ug/l,1.000,maximum,evaluated,1,1,1,1
2008-10-07,11:00,2008,NS01ED9111,Shelburne River at Pollard's Falls Bridge,Selenium,Total,ug/l,2.000000,ug/l,1.000,maximum,evaluated,1,1,1,1
2008-11-13,12:00,2008,NS01ED9111,Shelburne River at Pollard's Falls Bridge,Selenium,Total,ug/l,2.000000,ug/l,1.000,maximum,evaluated,1,1,1,1
2009-05-14,12:00,2009,NS01ED9111,Shelburne River at Pollard's Falls Bridge,Selenium,Total,ug/l,2.000000,ug/l,1.000,maximum,evaluated,1,1,1,1
2009-07-08,12:00,2009,NS01ED9111,Shelburne River at Pollard's Falls Bridge,Selenium,Total,ug/l,2.000000,ug/l,1.000,maximum,evaluated,1,1,1,1
2009-11-18,13:00,2009,NS01ED9111,Shelburne River at Pollard's Falls Bridge,Selenium,Total,ug/l,2.000000,ug/l,1.000,maximum,evaluated,1,1,1,1
2009-12-01,14:00,2009,NS01ED9111,Shelburne River at Pollard's Falls Bridge,Selenium,Total,ug/l,2.000000,ug/l,1.000,maximum,evaluated,1,1,1,1
2010-04-15,11:00,2010,NS01ED9111,Shelburne River at Pollard's Falls Bridge,Selenium,Total,ug/l,2.000000,ug/l,1.000,maximum,evaluated,1,1,1,1
2010-08-05,13:00,2010,NS01ED9111,Shelburne River at Pollard's Falls Bridge,Selenium,Total,ug/l,2.000000,ug/l,1.000,maximum,evaluated,1,1,1,1
2010-11-02,12:00,2010,NS01ED9111,Shelburne River at Pollard's Falls Bridge,Selenium,Total,ug/l,2.000000,ug/l,1.000,maximum,evaluated,1,1,1,1
2010-12-07,12:40,2010,NS01ED9111,Shelburne River at Pollard's Falls Bridge,Selenium,Total,ug/l,2.000000,ug/l,1.000,maximum,evaluated,1,1,1,1
2011-05-30,13:25,2011,NS01ED9111,Shelburne River at Pollard's Falls Bridge,Selenium,Total,ug/l,2.000000,ug/l,1.000,maximum,evaluated,1,1,1,1
2011-09-19,13:05,2011,NS01ED9111,Shelburne River at Pollard's Falls Bridge,Selenium,Total,ug/l,2.000000,ug/l,1.000,maximum,evaluated,1,1,1,1
2011-10-24,11:25,2011,NS01ED9111,Shelburne River at Pollard's Falls Bridge,Selenium,Total,ug/l,2.000000,ug/l,1.000,maximum,evaluated,1,1,1,1
2011-12-05,11:35,2011,NS01ED9111,Shelburne River at Pollard's Falls Bridge,Selenium,Total,ug/l,2.000000,ug/l,1.000,maximum,evaluated,1,1,1,1
2012-04-12,11:45,2012,NS01ED9111,Shelburne River at Pollard's Falls Bridge,Selenium,Total,ug/l,2.000000,ug/l,1.000,maximum,evaluated,1,1,1,1
2012-06-19,11:25,2012,NS01ED9111,Shelburne River at Pollard's Falls Bridge,Selenium,Total,ug/l,2.000000,ug/l,1.000,maximum,evaluated,1,1,1,1
2012-09-26,12:00,2012,NS01ED9111,Shelburne River at Pollard's Falls Bridge,Selenium,Total,ug/l,2.000000,ug/l,1.000,maximum,evaluated,1,1,1,1
2012-11-14,12:00,2012,NS01ED9111,Shelburne River at Pollard's Falls Bridge,Selenium,Total,ug/l,2.000000,ug/l,1.000,maximum,evaluated,1,1,1,1
2012-12-18,12:25,2012,NS01ED9111,Shelburne River at Pollard's Falls Bridge,Selenium,Total,ug/l,2.000000,ug/l,1.000,maximum,evaluated,1,1,1,1
2013-05-15,11:00,2013,NS01ED9111,Shelburne River at Pollard's Falls Bridge,Selenium,Total,ug/l,2.000000,ug/l,1.000,maximum,evaluated,1,1,1,1
2013-08-13,12:00,2013,NS01ED9111,Shelburne River at Pollard's Falls Bridge,Selenium,Total,ug/l,2.000000,ug/l,1.000,maximum,evaluated,1,1,1,1
2013-11-06,11:00,2013,NS01ED9111,Shelburne River at Pollard's Falls Bridge,Selenium,Total,ug/l,2.000000,ug/l,1.000,maximum,evaluated,1,1,1,1
2013-12-03,10:00,2013,NS01ED9111,Shelburne River at Pollard's Falls Bridge,Selenium,Total,ug/l,2.000000,ug/l,1.000,maximum,evaluated,1,1,1,1
2014-06-03,12:00,2014,NS01ED9111,Shelburne River at Pollard's Falls Bridge,Selenium,Total,ug/l,2.000000,ug/l,1.000,maximum,evaluated,1,1,1,1
2014-08-07,11:00,2014,NS01ED9111,Shelburne River at Pollard's Falls Bridge,Selenium,Total,ug/l,2.000000,ug/l,1.000,maximum,evaluated,1,1,1,1
2014-10-31,11:00,2014,NS01ED9111,Shelburne River at Pollard's Falls Bridge,Selenium,Total,ug/l,2.000000,ug/l,1.000,maximum,evaluated,1,1,1,1
2014-12-02,11:00,2014,NS01ED9111,Shelburne River at Pollard's Falls Bridge,Selenium,Total,ug/l,2.000000,ug/l,1.000,maximum,evaluated,1,1,1,1
2015-05-14,11:00,2015,NS01ED9111,Shelburne River at Pollard's Falls Bridge,Selenium,Total,ug/l,2.000000,ug/l,1.000,maximum,evaluated,1,1,1,1
2015-09-08,11:00,2015,NS01ED9111,Shelburne River at Pollard's Falls Bridge,Selenium,Total,ug/l,2.000000,ug/l,1.000,maximum,evaluated,1,1,1,1
2015-11-12,12:00,2015,NS01ED9111,Shelburne River at Pollard's Falls Bridge,Selenium,Total,ug/l,2.000000,ug/l,1.000,maximum,evaluated,1,1,1,1
2015-12-10,12:00,2015,NS01ED9111,Shelburne River at Pollard's Falls Bridge,Selenium,Total,ug/l,2.000000,ug/l,1.000,maximum,evaluated,1,1,1,1
2016-06-06,12:00,2016,NS01ED9111,Shelburne River at Pollard's Falls Bridge,Selenium,Total,ug/l,2.000000,ug/l,1.000,maximum,evaluated,1,1,1,1
2016-09-01,10:00,2016,NS01ED9111,Shelburne River at Pollard's Falls Bridge,Selenium,Total,ug/l,2.000000,ug/l,1.000,maximum,evaluated,1,1,1,1
2016-10-27,11:00,2016,NS01ED9111,Shelburne River at Pollard's Falls Bridge,Selenium,Total,ug/l,2.000000,ug/l,1.000,maximum,evaluated,1,1,1,1
2016-12-21,14:00,2016,NS01ED9111,Shelburne River at Pollard's Falls Bridge,Selenium,Total,ug/l,2.000000,ug/l,1.000,maximum,evaluated,1,1,1,1
2017-05-29,11:00,2017,NS01ED9111,Shelburne River at Pollard's Falls Bridge,Selenium,Total,ug/l,2.000000,ug/l,1.000,maximum,evaluated,1,1,1,1
2017-08-24,12:00,2017,NS01ED9111,Shelburne River at Pollard's Falls Bridge,Selenium,Total,ug/l,2.000000,ug/l,1.000,maximum,evaluated,1,1,1,1
2017-10-18,12:00,2017,NS01ED9111,Shelburne River at Pollard's Falls Bridge,Selenium,Total,ug/l,2.000000,ug/l,1.000,maximum,evaluated,1,1,1,1
2017-12-15,12:00,2017,NS01ED9111,Shelburne River at Pollard's Falls Bridge,Selenium,Total,ug/l,2.000000,ug/l,1.000,maximum,evaluated,1,1,1,1
2018-05-24,13:00,2018,NS01ED9111,Shelburne River at Pollard's Falls Bridge,Selenium,Total,ug/l,2.000000,ug/l,1.000,maximum,evaluated,1,1,1,1
2018-09-25,11:00,2018,NS01ED9111,Shelburne River at Pollard's Falls Bridge,Selenium,Total,ug/l,2.000000,ug/l,1.000,maximum,evaluated,1,1,1,1
2018-10-23,13:00,2018,NS01ED9111,Shelburne River at Pollard's Falls Bridge,Selenium,Total,ug/l,2.000000,ug/l,1.000,maximum,evaluated,1,1,1,1
2018-12-07,13:00,2018,NS01ED9111,Shelburne River at Pollard's Falls Bridge,Selenium,Total,ug/l,2.000000,ug/l,1.000,maximum,evaluated,1,1,1,1
2019-08-21,10:30,2019,NS01ED9111,Shelburne River at Pollard's Falls Bridge,Selenium,Total,ug/l,2.000000,ug/l,1.000,maximum,evaluated,1,1,1,1
2019-09-20,11:00,2019,NS01ED9111,Shelburne River at Pollard's Falls Bridge,Selenium,Total,ug/l,2.000000,ug/l,1.000,maximum,evaluated,1,1,1,1
2019-10-16,11:00,2019,NS01ED9111,Shelburne River at Pollard's Falls Bridge,Selenium,Total,ug/l,2.000000,ug/l,1.000,maximum,evaluated,1,1,1,1
2019-12-13,12:00,2019,NS01ED9111,Shelburne River at Pollard's Falls Bridge,Selenium,Total,ug/l,2.000000,ug/l,1.000,maximum,evaluated,1,1,1,1
2020-05-06,13:00,2020,NS01ED9111,Shelburne River at Pollard's Falls Bridge,Selenium,Total,ug/l,2.000000,ug/l,1.000,maximum,evaluated,1,1,1,1
2020-07-07,12:00,2020,NS01ED9111,Shelburne River at Pollard's Falls Bridge,Selenium,Total,ug/l,2.000000,ug/l,1.000,maximum,evaluated,1,1,1,1
2020-09-17,11:00,2020,NS01ED9111,Shelburne River at Pollard's Falls Bridge,Selenium,Total,ug/l,2.000000,ug/l,1.000,maximum,evaluated,1,1,1,1
2020-11-19,14:00,2020,NS01ED9111,Shelburne River at Pollard's Falls Bridge,Selenium,Total,ug/l,2.000000,ug/l,1.000,maximum,evaluated,1,1,1,1
2021-07-06,11:00,2021,NS01ED9111,Shelburne River at Pollard's Falls Bridge,Selenium,Total,ug/l,2.000000,ug/l,1.000,maximum,evaluated,1,1,1,1
2021-08-31,12:00,2021,NS01ED9111,Shelburne River at Pollard's Falls Bridge,Selenium,Total,ug/l,2.000000,ug/l,1.000,maximum,evaluated,1,1,1,1
2021-10-13,14:00,2021,NS01ED9111,Shelburne River at Pollard's Falls Bridge,Selenium,Total,ug/l,2.000000,ug/l,1.000,maximum,evaluated,1,1,1,1
2021-12-07,13:00,2021,NS01ED9111,Shelburne River at Pollard's Falls Bridge,Selenium,Total,ug/l,2.000000,ug/l,1.000,maximum,evaluated,1,1,1,1
2022-05-02,13:00,2022,NS01ED9111,Shelburne River at Pollard's Falls Bridge,Selenium,Total,ug/l,2.000000,ug/l,1.000,maximum,evaluated,1,1,1,1
2022-09-07,11:00,2022,NS01ED9111,Shelburne River at Pollard's Falls Bridge,Selenium,Total,ug/l,2.000000,ug/l,1.000,maximum,evaluated,1,1,1,1
2022-11-08,12:00,2022,NS01ED9111,Shelburne River at Pollard's Falls Bridge,Selenium,Total,ug/l,2.000000,ug/l,1.000,maximum,evaluated,1,1,1,1
2022-12-15,13:00,2022,NS01ED9111,Shelburne River at Pollard's Falls Bridge,Selenium,Total,ug/l,2.000000,ug/l,1.000,maximum,evaluated,1,1,1,1
2023-04-25,12:00,2023,NS01ED9111,Shelburne River at Pollard's Falls Bridge,Selenium,Total,ug/l,2.000000,ug/l,1.000,maximum,evaluated,1,1,1,1
2023-08-03,12:00,2023,NS01ED9111,Shelburne River at Pollard's Falls Bridge,Selenium,Total,ug/l,2.000000,ug/l,1.000,maximum,evaluated,1,1,1,1
2023-09-21,12:00,2023,NS01ED9111,Shelburne River at Pollard's Falls Bridge,Selenium,Total,ug/l,2.000000,ug/l,1.000,maximum,evaluated,1,1,1,1
2023-11-21,13:00,2023,NS01ED9111,Shelburne River at Pollard's Falls Bridge,Selenium,Total,ug/l,2.000000,ug/l,1.000,maximum,evaluated,1,1,1,1
2024-05-16,12:00,2024,NS01ED9111,Shelburne River at Pollard's Falls Bridge,Selenium,Total,ug/l,2.000000,ug/l,1.000,maximum,evaluated,1,1,1,1
2024-08-20,12:00,2024,NS01ED9111,Shelburne River at Pollard's Falls Bridge,Selenium,Total,ug/l,2.000000,ug/l,1.000,maximum,evaluated,1,1,1,1
2024-10-02,12:00,2024,NS01ED9111,Shelburne River at Pollard's Falls Bridge,Selenium,Total,ug/l,2.000000,ug/l,1.000,maximum,evaluated,1,1,1,1
2024-11-14,13:00,2024,NS01ED9111,Shelburne River at Pollard's Falls Bridge,Selenium,Total,ug/l,2.000000,ug/l,1.000,maximum,evaluated,1,1,1,1
2020-09-17,11:00,2020,NS01ED9111,Shelburne River at Pollard's Falls Bridge,Silver,Dissolved,ug/l,,,,,wrong_fraction,0,,1,
2020-11-19,14:00,2020,NS01ED9111,Shelburne River at Pollard's Falls Bridge,Silver,Dissolved,ug/l,,,,,wrong_fraction,0,,1,
2022-05-02,13:00,2022,NS01ED9111,Shelburne River at Pollard's Falls Bridge,Silver,Dissolved,ug/l,,,,,wrong_fraction,0,,1,
2022-09-07,11:00,2022,NS01ED9111,Shelburne River at Pollard's Falls Bridge,Silver,Dissolved,ug/l,,,,,wrong_fraction,0,,1,
2022-11-08,12:00,2022,NS01ED9111,Shelburne River at Pollard's Falls Bridge,Silver,Dissolved,ug/l,,,,,wrong_fraction,0,,1,
2022-12-15,13:00,2022,NS01ED9111,Shelburne River at Pollard's Falls Bridge,Silver,Dissolved,ug/l,,,,,wrong_fraction,0,,1,
2023-04-25,12:00,2023,NS01ED9111,Shelburne River at Pollard's Falls Bridge,Silver,Dissolved,ug/l,,,,,wrong_fraction,0,,1,
2023-08-03,12:00,2023,NS01ED9111,Shelburne River at Pollard's Falls Bridge,Silver,Dissolved,ug/l,,,,,wrong_fraction,0,,1,
2023-09-21,12:00,2023,NS01ED9111,Shelburne River at Pollard's Falls Bridge,Silver,Dissolved,ug/l,,,,,wrong_fraction,0,,1,
2023-11-21,13:00,2023,NS01ED9111,Shelburne River at Pollard's Falls Bridge,Silver,Dissolved,ug/l,,,,,wrong_fraction,0,,1,
2024-05-16,12:00,2024,NS01ED9111,Shelburne River at Pollard's Falls Bridge,Silver,Dissolved,ug/l,,,,,wrong_fraction,0,,1,
2024-08-20,12:00,2024,NS01ED9111,Shelburne River at Pollard's Falls Bridge,Silver,Dissolved,ug/l,,,,,wrong_fraction,0,,1,
2024-10-02,12:00,2024,NS01ED9111,Shelburne River at Pollard's Falls Bridge,Silver,Dissolved,ug/l,,,,,wrong_fraction,0,,1,
2024-11-14,13:00,2024,NS01ED9111,Shelburne River at Pollard's Falls Bridge,Silver,Dissolved,ug/l,,,,,wrong_fraction,0,,1,
2019-08-21,10:30,2019,NS01ED9111,Shelburne River at Pollard's Falls Bridge,Silver,Total,ug/l,2.000000,ug/l,0.250,maximum,evaluated,1,1,1,1
2019-09-20,11:00,2019,NS01ED9111,Shelburne River at Pollard's Falls Bridge,Silver,Total,ug/l,2.000000,ug/l,0.250,maximum,evaluated,1,1,1,1
2019-10-16,11:00,2019,NS01ED9111,Shelburne River at Pollard's Falls Bridge,Silver,Total,ug/l,2.000000,ug/l,0.250,maximum,evaluated,1,1,1,1
2019-12-13,12:00,2019,NS01ED9111,Shelburne River at Pollard's Falls Bridge,Silver,Total,ug/l,2.000000,ug/l,0.250,maximum,evaluated,1,1,1,1
2020-05-06,13:00,2020,NS01ED9111,Shelburne River at Pollard's Falls Bridge,Silver,Total,ug/l,2.000000,ug/l,0.250,maximum,evaluated,1,1,1,1
2020-07-07,12:00,2020,NS01ED9111,Shelburne River at Pollard's Falls Bridge,Silver,Total,ug/l,2.000000,ug/l,0.250,maximum,evaluated,1,1,1,1
2020-09-17,11:00,2020,NS01ED9111,Shelburne River at Pollard's Falls Bridge,Silver,Total,ug/l,2.000000,ug/l,0.250,maximum,evaluated,1,1,1,1
2020-11-19,14:00,2020,NS01ED9111,Shelburne River at Pollard's Falls Bridge,Silver,Total,ug/l,2.000000,ug/l,0.250,maximum,evaluated,1,1,1,1
2021-07-06,11:00,2021,NS01ED9111,Shelburne River at Pollard's Falls Bridge,Silver,Total,ug/l,2.000000,ug/l,0.250,maximum,evaluated,1,1,1,1
2021-08-31,12:00,2021,NS01ED9111,Shelburne River at Pollard's Falls Bridge,Silver,Total,ug/l,2.000000,ug/l,0.250,maximum,evaluated,1,1,1,1
2021-10-13,14:00,2021,NS01ED9111,Shelburne River at Pollard's Falls Bridge,Silver,Total,ug/l,2.000000,ug/l,0.250,maximum,evaluated,1,1,1,1
2021-12-07,13:00,2021,NS01ED9111,Shelburne River at Pollard's Falls Bridge,Silver,Total,ug/l,2.000000,ug/l,0.250,maximum,evaluated,1,1,1,1
2022-05-02,13:00,2022,NS01ED9111,Shelburne River at Pollard's Falls Bridge,Silver,Total,ug/l,2.000000,ug/l,0.250,maximum,evaluated,1,1,1,1
2022-09-07,11:00,2022,NS01ED9111,Shelburne River at Pollard's Falls Bridge,Silver,Total,ug/l,2.000000,ug/l,0.250,maximum,evaluated,1,1,1,1
2022-11-08,12:00,2022,NS01ED9111,Shelburne River at Pollard's Falls Bridge,Silver,Total,ug/l,2.000000,ug/l,0.250,maximum,evaluated,1,1,1,1
2022-12-15,13:00,2022,NS01ED9111,Shelburne River at Pollard's Falls Bridge,Silver,Total,ug/l,2.000000,ug/l,0.250,maximum,evaluated,1,1,1,1
2023-04-25,12:00,2023,NS01ED9111,Shelburne River at Pollard's Falls Bridge,Silver,Total,ug/l,2.000000,ug/l,0.250,maximum,evaluated,1,1,1,1
2023-08-03,12:00,2023,NS01ED9111,Shelburne River at Pollard's Falls Bridge,Silver,Total,ug/l,2.000000,ug/l,0.250,maximum,evaluated,1,1,1,1
2023-09-21,12:00,2023,NS01ED9111,Shelburne River at Pollard's Falls Bridge,Silver,Total,ug/l,2.000000,ug/l,0.250,maximum,evaluated,1,1,1,1
2023-11-21,13:00,2023,NS01ED9111,Shelburne River at Pollard's Falls Bridge,Silver,Total,ug/l,2.000000,ug/l,0.250,maximum,evaluated,1,1,1,1
2024-05-16,12:00,2024,NS01ED9111,Shelburne River at Pollard's Falls Bridge,Silver,Total,ug/l,2.000000,ug/l,0.250,maximum,evaluated,1,1,1,1
2024-08-20,12:00,2024,NS01ED9111,Shelburne River at Pollard's Falls Bridge,Silver,Total,ug/l,2.000000,ug/l,0.250,maximum,evaluated,1,1,1,1
2024-10-02,12:00,2024,NS01ED9111,Shelburne River at Pollard's Falls Bridge,Silver,Total,ug/l,2.000000,ug/l,0.250,maximum,evaluated,1,1,1,1
2024-11-14,13:00,2024,NS01ED9111,Shelburne River at Pollard's Falls Bridge,Silver,Total,ug/l,2.000000,ug/l,0.250,maximum,evaluated,1,1,1,1
2020-09-17,11:00,2020,NS01ED9111,Shelburne River at Pollard's Falls Bridge,Thallium,Dissolved,ug/l,,,,,wrong_fraction,0,,1,
2020-11-19,14:00,2020,NS01ED9111,Shelburne River at Pollard's Falls Bridge,Thallium,Dissolved,ug/l,,,,,wrong_fraction,0,,1,
2022-05-02,13:00,2022,NS01ED9111,Shelburne River at Pollard's Falls Bridge,Thallium,Dissolved,ug/l,,,,,wrong_fraction,0,,1,
2022-09-07,11:00,2022,NS01ED9111,Shelburne River at Pollard's Falls Bridge,Thallium,Dissolved,ug/l,,,,,wrong_fraction,0,,1,
2022-11-08,12:00,2022,NS01ED9111,Shelburne River at Pollard's Falls Bridge,Thallium,Dissolved,ug/l,,,,,wrong_fraction,0,,1,
2022-12-15,13:00,2022,NS01ED9111,Shelburne River at Pollard's Falls Bridge,Thallium,Dissolved,ug/l,,,,,wrong_fraction,0,,1,
2023-04-25,12:00,2023,NS01ED9111,Shelburne River at Pollard's Falls Bridge,Thallium,Dissolved,ug/l,,,,,wrong_fraction,0,,1,
2023-08-03,12:00,2023,NS01ED9111,Shelburne River at Pollard's Falls Bridge,Thallium,Dissolved,ug/l,,,,,wrong_fraction,0,,1,
2023-09-21,12:00,2023,NS01ED9111,Shelburne River at Pollard's Falls Bridge,Thallium,Dissolved,ug/l,,,,,wrong_fraction,0,,1,
2023-11-21,13:00,2023,NS01ED9111,Shelburne River at Pollard's Falls Bridge,Thallium,Dissolved,ug/l,,,,,wrong_fraction,0,,1,
2024-05-16,12:00,2024,NS01ED9111,Shelburne River at Pollard's Falls Bridge,Thallium,Dissolved,ug/l,,,,,wrong_fraction,0,,1,
2024-08-20,12:00,2024,NS01ED9111,Shelburne River at Pollard's Falls Bridge,Thallium,Dissolved,ug/l,,,,,wrong_fraction,0,,1,
2024-10-02,12:00,2024,NS01ED9111,Shelburne River at Pollard's Falls Bridge,Thallium,Dissolved,ug/l,,,,,wrong_fraction,0,,1,
2024-11-14,13:00,2024,NS01ED9111,Shelburne River at Pollard's Falls Bridge,Thallium,Dissolved,ug/l,,,,,wrong_fraction,0,,1,
2019-08-21,10:30,2019,NS01ED9111,Shelburne River at Pollard's Falls Bridge,Thallium,Total,ug/l,2.000000,ug/l,0.800,maximum,evaluated,1,1,1,1
2019-09-20,11:00,2019,NS01ED9111,Shelburne River at Pollard's Falls Bridge,Thallium,Total,ug/l,2.000000,ug/l,0.800,maximum,evaluated,1,1,1,1
2019-10-16,11:00,2019,NS01ED9111,Shelburne River at Pollard's Falls Bridge,Thallium,Total,ug/l,2.000000,ug/l,0.800,maximum,evaluated,1,1,1,1
2019-12-13,12:00,2019,NS01ED9111,Shelburne River at Pollard's Falls Bridge,Thallium,Total,ug/l,2.000000,ug/l,0.800,maximum,evaluated,1,1,1,1
2020-05-06,13:00,2020,NS01ED9111,Shelburne River at Pollard's Falls Bridge,Thallium,Total,ug/l,2.000000,ug/l,0.800,maximum,evaluated,1,1,1,1
2020-07-07,12:00,2020,NS01ED9111,Shelburne River at Pollard's Falls Bridge,Thallium,Total,ug/l,2.000000,ug/l,0.800,maximum,evaluated,1,1,1,1
2020-09-17,11:00,2020,NS01ED9111,Shelburne River at Pollard's Falls Bridge,Thallium,Total,ug/l,2.000000,ug/l,0.800,maximum,evaluated,1,1,1,1
2020-11-19,14:00,2020,NS01ED9111,Shelburne River at Pollard's Falls Bridge,Thallium,Total,ug/l,2.000000,ug/l,0.800,maximum,evaluated,1,1,1,1
2021-07-06,11:00,2021,NS01ED9111,Shelburne River at Pollard's Falls Bridge,Thallium,Total,ug/l,2.000000,ug/l,0.800,maximum,evaluated,1,1,1,1
2021-08-31,12:00,2021,NS01ED9111,Shelburne River at Pollard's Falls Bridge,Thallium,Total,ug/l,2.000000,ug/l,0.800,maximum,evaluated,1,1,1,1
2021-10-13,14:00,2021,NS01ED9111,Shelburne River at Pollard's Falls Bridge,Thallium,Total,ug/l,2.000000,ug/l,0.800,maximum,evaluated,1,1,1,1
2021-12-07,13:00,2021,NS01ED9111,Shelburne River at Pollard's Falls Bridge,Thallium,Total,ug/l,2.000000,ug/l,0.800,maximum,evaluated,1,1,1,1
2022-05-02,13:00,2022,NS01ED9111,Shelburne River at Pollard's Falls Bridge,Thallium,Total,ug/l,2.000000,ug/l,0.800,maximum,evaluated,1,1,1,1
2022-09-07,11:00,2022,NS01ED9111,Shelburne River at Pollard's Falls Bridge,Thallium,Total,ug/l,2.000000,ug/l,0.800,maximum,evaluated,1,1,1,1
2022-11-08,12:00,2022,NS01ED9111,Shelburne River at Pollard's Falls Bridge,Thallium,Total,ug/l,2.000000,ug/l,0.800,maximum,evaluated,1,1,1,1
2022-12-15,13:00,2022,NS01ED9111,Shelburne River at Pollard's Falls Bridge,Thallium,Total,ug/l,2.000000,ug/l,0.800,maximum,evaluated,1,1,1,1
2023-04-25,12:00,2023,NS01ED9111,Shelburne River at Pollard's Falls Bridge,Thallium,Total,ug/l,2.000000,ug/l,0.800,maximum,evaluated,1,1,1,1
2023-08-03,12:00,2023,NS01ED9111,Shelburne River at Pollard's Falls Bridge,Thallium,Total,ug/l,2.000000,ug/l,0.800,maximum,evaluated,1,1,1,1
2023-09-21,12:00,2023,NS01ED9111,Shelburne River at Pollard's Falls Bridge,Thallium,Total,ug/l,2.000000,ug/l,0.800,maximum,evaluated,1,1,1,1
2023-11-21,13:00,2023,NS01ED9111,Shelburne River at Pollard's Falls Bridge,Thallium,Total,ug/l,2.000000,ug/l,0.800,maximum,evaluated,1,1,1,1
2024-05-16,12:00,2024,NS01ED9111,Shelburne River at Pollard's Falls Bridge,Thallium,Total,ug/l,2.000000,ug/l,0.800,maximum,evaluated,1,1,1,1
2024-08-20,12:00,2024,NS01ED9111,Shelburne River at Pollard's Falls Bridge,Thallium,Total,ug/l,2.000000,ug/l,0.800,maximum,evaluated,1,1,1,1
2024-10-02,12:00,2024,NS01ED9111,Shelburne River at Pollard's Falls Bridge,Thallium,Total,ug/l,2.000000,ug/l,0.800,maximum,evaluated,1,1,1,1
2024-11-14,13:00,2024,NS01ED9111,Shelburne River at Pollard's Falls Bridge,Thallium,Total,ug/l,2.000000,ug/l,0.800,maximum,evaluated,1,1,1,1
2020-09-17,11:00,2020,NS01ED9111,Shelburne River at Pollard's Falls Bridge,Uranium,Dissolved,ug/l,,,,,wrong_fraction,0,,1,
2020-11-19,14:00,2020,NS01ED9111,Shelburne River at Pollard's Falls Bridge,Uranium,Dissolved,ug/l,,,,,wrong_fraction,0,,1,
2022-05-02,13:00,2022,NS01ED9111,Shelburne River at Pollard's Falls Bridge,Uranium,Dissolved,ug/l,,,,,wrong_fraction,0,,1,
2022-09-07,11:00,2022,NS01ED9111,Shelburne River at Pollard's Falls Bridge,Uranium,Dissolved,ug/l,,,,,wrong_fraction,0,,1,
2022-11-08,12:00,2022,NS01ED9111,Shelburne River at Pollard's Falls Bridge,Uranium,Dissolved,ug/l,,,,,wrong_fraction,0,,1,
2022-12-15,13:00,2022,NS01ED9111,Shelburne River at Pollard's Falls Bridge,Uranium,Dissolved,ug/l,,,,,wrong_fraction,0,,1,
2023-04-25,12:00,2023,NS01ED9111,Shelburne River at Pollard's Falls Bridge,Uranium,Dissolved,ug/l,,,,,wrong_fraction,0,,1,
2023-08-03,12:00,2023,NS01ED9111,Shelburne River at Pollard's Falls Bridge,Uranium,Dissolved,ug/l,,,,,wrong_fraction,0,,1,
2023-09-21,12:00,2023,NS01ED9111,Shelburne River at Pollard's Falls Bridge,Uranium,Dissolved,ug/l,,,,,wrong_fraction,0,,1,
2023-11-21,13:00,2023,NS01ED9111,Shelburne River at Pollard's Falls Bridge,Uranium,Dissolved,ug/l,,,,,wrong_fraction,0,,1,
2024-05-16,12:00,2024,NS01ED9111,Shelburne River at Pollard's Falls Bridge,Uranium,Dissolved,ug/l,,,,,wrong_fraction,0,,1,
2024-08-20,12:00,2024,NS01ED9111,Shelburne River at Pollard's Falls Bridge,Uranium,Dissolved,ug/l,,,,,wrong_fraction,0,,1,
2024-10-02,12:00,2024,NS01ED9111,Shelburne River at Pollard's Falls Bridge,Uranium,Dissolved,ug/l,,,,,wrong_fraction,0,,1,
2024-11-14,13:00,2024,NS01ED9111,Shelburne River at Pollard's Falls Bridge,Uranium,Dissolved,ug/l,,,,,wrong_fraction,0,,1,
2019-08-21,10:30,2019,NS01ED9111,Shelburne River at Pollard's Falls Bridge,Uranium,Total,ug/l,0.500000,ug/l,15.000,maximum,evaluated,1,1,1,0
2019-09-20,11:00,2019,NS01ED9111,Shelburne River at Pollard's Falls Bridge,Uranium,Total,ug/l,0.500000,ug/l,15.000,maximum,evaluated,1,1,1,0
2019-10-16,11:00,2019,NS01ED9111,Shelburne River at Pollard's Falls Bridge,Uranium,Total,ug/l,0.500000,ug/l,15.000,maximum,evaluated,1,1,1,0
2019-12-13,12:00,2019,NS01ED9111,Shelburne River at Pollard's Falls Bridge,Uranium,Total,ug/l,0.500000,ug/l,15.000,maximum,evaluated,1,1,1,0
2020-05-06,13:00,2020,NS01ED9111,Shelburne River at Pollard's Falls Bridge,Uranium,Total,ug/l,0.500000,ug/l,15.000,maximum,evaluated,1,1,1,0
2020-07-07,12:00,2020,NS01ED9111,Shelburne River at Pollard's Falls Bridge,Uranium,Total,ug/l,0.500000,ug/l,15.000,maximum,evaluated,1,1,1,0
2020-09-17,11:00,2020,NS01ED9111,Shelburne River at Pollard's Falls Bridge,Uranium,Total,ug/l,0.500000,ug/l,15.000,maximum,evaluated,1,1,1,0
2020-11-19,14:00,2020,NS01ED9111,Shelburne River at Pollard's Falls Bridge,Uranium,Total,ug/l,0.500000,ug/l,15.000,maximum,evaluated,1,1,1,0
2021-07-06,11:00,2021,NS01ED9111,Shelburne River at Pollard's Falls Bridge,Uranium,Total,ug/l,0.500000,ug/l,15.000,maximum,evaluated,1,1,1,0
2021-08-31,12:00,2021,NS01ED9111,Shelburne River at Pollard's Falls Bridge,Uranium,Total,ug/l,0.500000,ug/l,15.000,maximum,evaluated,1,1,1,0
2021-10-13,14:00,2021,NS01ED9111,Shelburne River at Pollard's Falls Bridge,Uranium,Total,ug/l,0.500000,ug/l,15.000,maximum,evaluated,1,1,1,0
2021-12-07,13:00,2021,NS01ED9111,Shelburne River at Pollard's Falls Bridge,Uranium,Total,ug/l,0.500000,ug/l,15.000,maximum,evaluated,1,1,1,0
2022-05-02,13:00,2022,NS01ED9111,Shelburne River at Pollard's Falls Bridge,Uranium,Total,ug/l,0.500000,ug/l,15.000,maximum,evaluated,1,1,1,0
2022-09-07,11:00,2022,NS01ED9111,Shelburne River at Pollard's Falls Bridge,Uranium,Total,ug/l,0.500000,ug/l,15.000,maximum,evaluated,1,1,1,0
2022-11-08,12:00,2022,NS01ED9111,Shelburne River at Pollard's Falls Bridge,Uranium,Total,ug/l,0.500000,ug/l,15.000,maximum,evaluated,1,1,1,0
2022-12-15,13:00,2022,NS01ED9111,Shelburne River at Pollard's Falls Bridge,Uranium,Total,ug/l,0.500000,ug/l,15.000,maximum,evaluated,1,1,1,0
2023-04-25,12:00,2023,NS01ED9111,Shelburne River at Pollard's Falls Bridge,Uranium,Total,ug/l,0.500000,ug/l,15.000,maximum,evaluated,1,1,1,0
2023-08-03,12:00,2023,NS01ED9111,Shelburne River at Pollard's Falls Bridge,Uranium,Total,ug/l,0.500000,ug/l,15.000,maximum,evaluated,1,1,1,0
2023-09-21,12:00,2023,NS01ED9111,Shelburne River at Pollard's Falls Bridge,Uranium,Total,ug/l,0.500000,ug/l,15.000,maximum,evaluated,1,1,1,0
2023-11-21,13:00,2023,NS01ED9111,Shelburne River at Pollard's Falls Bridge,Uranium,Total,ug/l,0.500000,ug/l,15.000,maximum,evaluated,1,1,1,0
2024-05-16,12:00,2024,NS01ED9111,Shelburne River at Pollard's Falls Bridge,Uranium,Total,ug/l,0.500000,ug/l,15.000,maximum,evaluated,1,1,1,0
2024-08-20,12:00,2024,NS01ED9111,Shelburne River at Pollard's Falls Bridge,Uranium,Total,ug/l,0.500000,ug/l,15.000,maximum,evaluated,1,1,1,0
2024-10-02,12:00,2024,NS01ED9111,Shelburne River at Pollard's Falls Bridge,Uranium,Total,ug/l,0.500000,ug/l,15.000,maximum,evaluated,1,1,1,0
2024-11-14,13:00,2024,NS01ED9111,Shelburne River at Pollard's Falls Bridge,Uranium,Total,ug/l,0.500000,ug/l,15.000,maximum,evaluated,1,1,1,0
2008-05-07,11:00,2008,NS01EF0002,LaHave River at West Northfield,Boron,Total,ug/l,0.005000,mg/l,1.500,maximum,evaluated,1,1,1,0
2008-06-12,12:00,2008,NS01EF0002,LaHave River at West Northfield,Boron,Total,ug/l,0.005000,mg/l,1.500,maximum,evaluated,1,1,1,0
2008-10-30,11:00,2008,NS01EF0002,LaHave River at West Northfield,Boron,Total,ug/l,0.005000,mg/l,1.500,maximum,evaluated,1,1,1,0
2008-11-26,12:00,2008,NS01EF0002,LaHave River at West Northfield,Boron,Total,ug/l,0.005000,mg/l,1.500,maximum,evaluated,1,1,1,0
2009-05-14,16:00,2009,NS01EF0002,LaHave River at West Northfield,Boron,Total,ug/l,0.005000,mg/l,1.500,maximum,evaluated,1,1,1,0
2009-07-08,18:45,2009,NS01EF0002,LaHave River at West Northfield,Boron,Total,ug/l,0.005000,mg/l,1.500,maximum,evaluated,1,1,1,0
2009-09-24,11:00,2009,NS01EF0002,LaHave River at West Northfield,Boron,Total,ug/l,0.005000,mg/l,1.500,maximum,evaluated,1,1,1,0
2009-11-09,12:00,2009,NS01EF0002,LaHave River at West Northfield,Boron,Total,ug/l,0.005000,mg/l,1.500,maximum,evaluated,1,1,1,0
2010-04-08,12:00,2010,NS01EF0002,LaHave River at West Northfield,Boron,Total,ug/l,0.007000,mg/l,1.500,maximum,evaluated,1,1,0,
2010-07-20,11:00,2010,NS01EF0002,LaHave River at West Northfield,Boron,Total,ug/l,0.005000,mg/l,1.500,maximum,evaluated,1,1,1,0
2010-10-14,11:55,2010,NS01EF0002,LaHave River at West Northfield,Boron,Total,ug/l,0.005000,mg/l,1.500,maximum,evaluated,1,1,1,0
2010-11-25,13:00,2010,NS01EF0002,LaHave River at West Northfield,Boron,Total,ug/l,0.005000,mg/l,1.500,maximum,evaluated,1,1,1,0
2011-03-29,12:00,2011,NS01EF0002,LaHave River at West Northfield,Boron,Total,ug/l,0.006000,mg/l,1.500,maximum,evaluated,1,1,0,
2011-09-01,13:00,2011,NS01EF0002,LaHave River at West Northfield,Boron,Total,ug/l,0.005000,mg/l,1.500,maximum,evaluated,1,1,1,0
2011-09-20,13:00,2011,NS01EF0002,LaHave River at West Northfield,Boron,Total,ug/l,0.005000,mg/l,1.500,maximum,evaluated,1,1,1,0
2011-11-15,12:00,2011,NS01EF0002,LaHave River at West Northfield,Boron,Total,ug/l,0.005000,mg/l,1.500,maximum,evaluated,1,1,1,0
2012-03-13,11:00,2012,NS01EF0002,LaHave River at West Northfield,Boron,Total,ug/l,0.005000,mg/l,1.500,maximum,evaluated,1,1,1,0
2012-05-25,10:00,2012,NS01EF0002,LaHave River at West Northfield,Boron,Total,ug/l,0.005000,mg/l,1.500,maximum,evaluated,1,1,1,0
2012-09-25,10:00,2012,NS01EF0002,LaHave River at West Northfield,Boron,Total,ug/l,0.005000,mg/l,1.500,maximum,evaluated,1,1,1,0
2012-11-07,11:00,2012,NS01EF0002,LaHave River at West Northfield,Boron,Total,ug/l,0.006000,mg/l,1.500,maximum,evaluated,1,1,0,
2013-03-11,12:00,2013,NS01EF0002,LaHave River at West Northfield,Boron,Total,ug/l,0.005000,mg/l,1.500,maximum,evaluated,1,1,1,0
2013-04-08,13:00,2013,NS01EF0002,LaHave River at West Northfield,Boron,Total,ug/l,0.005000,mg/l,1.500,maximum,evaluated,1,1,1,0
2013-05-22,11:00,2013,NS01EF0002,LaHave River at West Northfield,Boron,Total,ug/l,0.005000,mg/l,1.500,maximum,evaluated,1,1,1,0
2013-09-05,11:00,2013,NS01EF0002,LaHave River at West Northfield,Boron,Total,ug/l,0.005000,mg/l,1.500,maximum,evaluated,1,1,1,0
2014-05-13,11:00,2014,NS01EF0002,LaHave River at West Northfield,Boron,Total,ug/l,0.005000,mg/l,1.500,maximum,evaluated,1,1,1,0
2014-06-11,12:00,2014,NS01EF0002,LaHave River at West Northfield,Boron,Total,ug/l,0.005000,mg/l,1.500,maximum,evaluated,1,1,1,0
2014-08-26,10:00,2014,NS01EF0002,LaHave River at West Northfield,Boron,Total,ug/l,0.005000,mg/l,1.500,maximum,evaluated,1,1,1,0
2014-11-05,11:00,2014,NS01EF0002,LaHave River at West Northfield,Boron,Total,ug/l,0.005000,mg/l,1.500,maximum,evaluated,1,1,1,0
2014-12-19,10:00,2014,NS01EF0002,LaHave River at West Northfield,Boron,Total,ug/l,0.005000,mg/l,1.500,maximum,evaluated,1,1,1,0
2015-05-05,11:00,2015,NS01EF0002,LaHave River at West Northfield,Boron,Total,ug/l,0.005000,mg/l,1.500,maximum,evaluated,1,1,1,0
2015-06-11,11:00,2015,NS01EF0002,LaHave River at West Northfield,Boron,Total,ug/l,0.005000,mg/l,1.500,maximum,evaluated,1,1,1,0
2015-08-26,11:00,2015,NS01EF0002,LaHave River at West Northfield,Boron,Total,ug/l,0.005000,mg/l,1.500,maximum,evaluated,1,1,1,0
2015-11-20,11:00,2015,NS01EF0002,LaHave River at West Northfield,Boron,Total,ug/l,0.005000,mg/l,1.500,maximum,evaluated,1,1,1,0
2016-05-10,10:00,2016,NS01EF0002,LaHave River at West Northfield,Boron,Total,ug/l,0.005000,mg/l,1.500,maximum,evaluated,1,1,1,0
2016-07-12,12:00,2016,NS01EF0002,LaHave River at West Northfield,Boron,Total,ug/l,0.005000,mg/l,1.500,maximum,evaluated,1,1,1,0
2016-08-23,10:00,2016,NS01EF0002,LaHave River at West Northfield,Boron,Total,ug/l,0.005000,mg/l,1.500,maximum,evaluated,1,1,1,0
2016-11-21,13:00,2016,NS01EF0002,LaHave River at West Northfield,Boron,Total,ug/l,0.005000,mg/l,1.500,maximum,evaluated,1,1,0,
2017-05-12,10:00,2017,NS01EF0002,LaHave River at West Northfield,Boron,Total,ug/l,0.005000,mg/l,1.500,maximum,evaluated,1,1,1,0
2017-08-04,09:00,2017,NS01EF0002,LaHave River at West Northfield,Boron,Total,ug/l,0.005000,mg/l,1.500,maximum,evaluated,1,1,1,0
2017-10-13,10:00,2017,NS01EF0002,LaHave River at West Northfield,Boron,Total,ug/l,0.050000,mg/l,1.500,maximum,evaluated,1,1,1,0
2017-12-12,13:00,2017,NS01EF0002,LaHave River at West Northfield,Boron,Total,ug/l,0.050000,mg/l,1.500,maximum,evaluated,1,1,1,0
2018-04-12,12:00,2018,NS01EF0002,LaHave River at West Northfield,Boron,Total,ug/l,0.050000,mg/l,1.500,maximum,evaluated,1,1,1,0
2018-07-19,11:00,2018,NS01EF0002,LaHave River at West Northfield,Boron,Total,ug/l,0.020000,mg/l,1.500,maximum,evaluated,1,1,1,0
2018-10-17,10:00,2018,NS01EF0002,LaHave River at West Northfield,Boron,Total,ug/l,0.020000,mg/l,1.500,maximum,evaluated,1,1,1,0
2018-12-05,12:00,2018,NS01EF0002,LaHave River at West Northfield,Boron,Total,ug/l,0.020000,mg/l,1.500,maximum,evaluated,1,1,1,0
2008-05-07,11:00,2008,NS01EF0002,LaHave River at West Northfield,Chloride,Dissolved,mg/l,6.100000,mg/l,120.000,maximum,evaluated,1,1,0,
2008-06-12,12:00,2008,NS01EF0002,LaHave River at West Northfield,Chloride,Dissolved,mg/l,5.600000,mg/l,120.000,maximum,evaluated,1,1,0,
2008-10-30,11:00,2008,NS01EF0002,LaHave River at West Northfield,Chloride,Dissolved,mg/l,7.400000,mg/l,120.000,maximum,evaluated,1,1,0,
2008-11-26,12:00,2008,NS01EF0002,LaHave River at West Northfield,Chloride,Dissolved,mg/l,9.800000,mg/l,120.000,maximum,evaluated,1,1,0,
2009-05-14,16:00,2009,NS01EF0002,LaHave River at West Northfield,Chloride,Dissolved,mg/l,5.400000,mg/l,120.000,maximum,evaluated,1,1,0,
2009-07-08,18:45,2009,NS01EF0002,LaHave River at West Northfield,Chloride,Dissolved,mg/l,5.900000,mg/l,120.000,maximum,evaluated,1,1,0,
2009-09-24,11:00,2009,NS01EF0002,LaHave River at West Northfield,Chloride,Dissolved,mg/l,5.600000,mg/l,120.000,maximum,evaluated,1,1,0,
2009-11-09,12:00,2009,NS01EF0002,LaHave River at West Northfield,Chloride,Dissolved,mg/l,5.300000,mg/l,120.000,maximum,evaluated,1,1,0,
2010-04-08,12:00,2010,NS01EF0002,LaHave River at West Northfield,Chloride,Dissolved,mg/l,5.300000,mg/l,120.000,maximum,evaluated,1,1,0,
2010-07-20,11:00,2010,NS01EF0002,LaHave River at West Northfield,Chloride,Dissolved,mg/l,3.900000,mg/l,120.000,maximum,evaluated,1,1,0,
2010-10-14,11:55,2010,NS01EF0002,LaHave River at West Northfield,Chloride,Dissolved,mg/l,5.400000,mg/l,120.000,maximum,evaluated,1,1,0,
2010-11-25,13:00,2010,NS01EF0002,LaHave River at West Northfield,Chloride,Dissolved,mg/l,5.100000,mg/l,120.000,maximum,evaluated,1,1,0,
2011-03-29,12:00,2011,NS01EF0002,LaHave River at West Northfield,Chloride,Dissolved,mg/l,6.000000,mg/l,120.000,maximum,evaluated,1,1,0,
2011-09-01,13:00,2011,NS01EF0002,LaHave River at West Northfield,Chloride,Dissolved,mg/l,4.200000,mg/l,120.000,maximum,evaluated,1,1,0,
2011-09-20,13:00,2011,NS01EF0002,LaHave River at West Northfield,Chloride,Dissolved,mg/l,5.000000,mg/l,120.000,maximum,evaluated,1,1,0,
2011-11-15,12:00,2011,NS01EF0002,LaHave River at West Northfield,Chloride,Dissolved,mg/l,3.600000,mg/l,120.000,maximum,evaluated,1,1,0,
2012-03-13,11:00,2012,NS01EF0002,LaHave River at West Northfield,Chloride,Dissolved,mg/l,4.900000,mg/l,120.000,maximum,evaluated,1,1,0,
2012-05-25,10:00,2012,NS01EF0002,LaHave River at West Northfield,Chloride,Dissolved,mg/l,4.900000,mg/l,120.000,maximum,evaluated,1,1,0,
2012-09-25,10:00,2012,NS01EF0002,LaHave River at West Northfield,Chloride,Dissolved,mg/l,4.900000,mg/l,120.000,maximum,evaluated,1,1,0,
2012-11-07,11:00,2012,NS01EF0002,LaHave River at West Northfield,Chloride,Dissolved,mg/l,5.100000,mg/l,120.000,maximum,evaluated,1,1,0,
2013-03-11,12:00,2013,NS01EF0002,LaHave River at West Northfield,Chloride,Dissolved,mg/l,8.800000,mg/l,120.000,maximum,evaluated,1,1,0,
2013-04-08,13:00,2013,NS01EF0002,LaHave River at West Northfield,Chloride,Dissolved,mg/l,5.800000,mg/l,120.000,maximum,evaluated,1,1,0,
2013-05-22,11:00,2013,NS01EF0002,LaHave River at West Northfield,Chloride,Dissolved,mg/l,5.300000,mg/l,120.000,maximum,evaluated,1,1,0,
2013-09-05,11:00,2013,NS01EF0002,LaHave River at West Northfield,Chloride,Dissolved,mg/l,4.900000,mg/l,120.000,maximum,evaluated,1,1,0,
2014-05-13,11:00,2014,NS01EF0002,LaHave River at West Northfield,Chloride,Dissolved,mg/l,4.800000,mg/l,120.000,maximum,evaluated,1,1,0,
2014-06-11,12:00,2014,NS01EF0002,LaHave River at West Northfield,Chloride,Dissolved,mg/l,4.600000,mg/l,120.000,maximum,evaluated,1,1,0,
2014-08-26,10:00,2014,NS01EF0002,LaHave River at West Northfield,Chloride,Dissolved,mg/l,4.600000,mg/l,120.000,maximum,evaluated,1,1,0,
2014-11-05,11:00,2014,NS01EF0002,LaHave River at West Northfield,Chloride,Dissolved,mg/l,5.100000,mg/l,120.000,maximum,evaluated,1,1,0,
2014-12-19,10:00,2014,NS01EF0002,LaHave River at West Northfield,Chloride,Dissolved,mg/l,3.600000,mg/l,120.000,maximum,evaluated,1,1,0,
2015-05-05,11:00,2015,NS01EF0002,LaHave River at West Northfield,Chloride,Dissolved,mg/l,4.100000,mg/l,120.000,maximum,evaluated,1,1,0,
2015-06-11,11:00,2015,NS01EF0002,LaHave River at West Northfield,Chloride,Dissolved,mg/l,4.200000,mg/l,120.000,maximum,evaluated,1,1,0,
2015-08-26,11:00,2015,NS01EF0002,LaHave River at West Northfield,Chloride,Dissolved,mg/l,4.900000,mg/l,120.000,maximum,evaluated,1,1,0,
2015-11-20,11:00,2015,NS01EF0002,LaHave River at West Northfield,Chloride,Dissolved,mg/l,5.500000,mg/l,120.000,maximum,evaluated,1,1,0,
2016-05-10,10:00,2016,NS01EF0002,LaHave River at West Northfield,Chloride,Dissolved,mg/l,5.300000,mg/l,120.000,maximum,evaluated,1,1,0,
2016-07-12,12:00,2016,NS01EF0002,LaHave River at West Northfield,Chloride,Dissolved,mg/l,5.100000,mg/l,120.000,maximum,evaluated,1,1,0,
2016-08-23,10:00,2016,NS01EF0002,LaHave River at West Northfield,Chloride,Dissolved,mg/l,5.700000,mg/l,120.000,maximum,evaluated,1,1,0,
2016-11-21,13:00,2016,NS01EF0002,LaHave River at West Northfield,Chloride,Dissolved,mg/l,6.300000,mg/l,120.000,maximum,evaluated,1,1,0,
2017-05-12,10:00,2017,NS01EF0002,LaHave River at West Northfield,Chloride,Dissolved,mg/l,4.600000,mg/l,120.000,maximum,evaluated,1,1,0,
2017-08-04,09:00,2017,NS01EF0002,LaHave River at West Northfield,Chloride,Dissolved,mg/l,4.900000,mg/l,120.000,maximum,evaluated,1,1,0,
2017-10-13,10:00,2017,NS01EF0002,LaHave River at West Northfield,Chloride,Dissolved,mg/l,4.800000,mg/l,120.000,maximum,evaluated,1,1,0,
2017-12-12,13:00,2017,NS01EF0002,LaHave River at West Northfield,Chloride,Dissolved,mg/l,5.800000,mg/l,120.000,maximum,evaluated,1,1,0,
2018-04-12,12:00,2018,NS01EF0002,LaHave River at West Northfield,Chloride,Dissolved,mg/l,6.100000,mg/l,120.000,maximum,evaluated,1,1,0,
2018-07-19,11:00,2018,NS01EF0002,LaHave River at West Northfield,Chloride,Dissolved,mg/l,5.700000,mg/l,120.000,maximum,evaluated,1,1,0,
2018-10-17,10:00,2018,NS01EF0002,LaHave River at West Northfield,Chloride,Dissolved,mg/l,5.600000,mg/l,120.000,maximum,evaluated,1,1,0,
2018-12-05,12:00,2018,NS01EF0002,LaHave River at West Northfield,Chloride,Dissolved,mg/l,5.400000,mg/l,120.000,maximum,evaluated,1,1,0,
2008-05-07,11:00,2008,NS01EF0002,LaHave River at West Northfield,Dissolved oxygen (DO),(not stated),mg/l,10.250000,mg/l,6.500,minimum,evaluated,1,1,0,
2008-06-12,12:00,2008,NS01EF0002,LaHave River at West Northfield,Dissolved oxygen (DO),(not stated),mg/l,8.740000,mg/l,6.500,minimum,evaluated,1,1,0,
2008-10-30,11:00,2008,NS01EF0002,LaHave River at West Northfield,Dissolved oxygen (DO),(not stated),mg/l,10.390000,mg/l,6.500,minimum,evaluated,1,1,0,
2008-11-26,12:00,2008,NS01EF0002,LaHave River at West Northfield,Dissolved oxygen (DO),(not stated),mg/l,13.050000,mg/l,6.500,minimum,evaluated,1,1,0,
2009-05-14,16:00,2009,NS01EF0002,LaHave River at West Northfield,Dissolved oxygen (DO),(not stated),mg/l,10.270000,mg/l,6.500,minimum,evaluated,1,1,0,
2009-09-24,11:00,2009,NS01EF0002,LaHave River at West Northfield,Dissolved oxygen (DO),(not stated),mg/l,8.640000,mg/l,6.500,minimum,evaluated,1,1,0,
2009-11-09,12:00,2009,NS01EF0002,LaHave River at West Northfield,Dissolved oxygen (DO),(not stated),mg/l,1.100000,mg/l,6.500,minimum,evaluated,1,0,0,
2010-04-08,12:00,2010,NS01EF0002,LaHave River at West Northfield,Dissolved oxygen (DO),(not stated),mg/l,10.690000,mg/l,6.500,minimum,evaluated,1,1,0,
2010-07-20,11:00,2010,NS01EF0002,LaHave River at West Northfield,Dissolved oxygen (DO),(not stated),mg/l,7.420000,mg/l,6.500,minimum,evaluated,1,1,0,
2010-10-14,11:55,2010,NS01EF0002,LaHave River at West Northfield,Dissolved oxygen (DO),(not stated),mg/l,9.910000,mg/l,6.500,minimum,evaluated,1,1,0,
2010-11-25,13:00,2010,NS01EF0002,LaHave River at West Northfield,Dissolved oxygen (DO),(not stated),mg/l,12.690000,mg/l,6.500,minimum,evaluated,1,1,0,
2011-03-29,12:00,2011,NS01EF0002,LaHave River at West Northfield,Dissolved oxygen (DO),(not stated),mg/l,13.610000,mg/l,6.500,minimum,evaluated,1,1,0,
2011-09-01,13:00,2011,NS01EF0002,LaHave River at West Northfield,Dissolved oxygen (DO),(not stated),mg/l,8.590000,mg/l,6.500,minimum,evaluated,1,1,0,
2011-09-20,13:00,2011,NS01EF0002,LaHave River at West Northfield,Dissolved oxygen (DO),(not stated),mg/l,8.970000,mg/l,6.500,minimum,evaluated,1,1,0,
2011-11-15,12:00,2011,NS01EF0002,LaHave River at West Northfield,Dissolved oxygen (DO),(not stated),mg/l,11.160000,mg/l,6.500,minimum,evaluated,1,1,0,
2012-03-13,11:00,2012,NS01EF0002,LaHave River at West Northfield,Dissolved oxygen (DO),(not stated),mg/l,13.350000,mg/l,6.500,minimum,evaluated,1,1,0,
2012-05-25,10:00,2012,NS01EF0002,LaHave River at West Northfield,Dissolved oxygen (DO),(not stated),mg/l,8.480000,mg/l,6.500,minimum,evaluated,1,1,0,
2012-09-25,10:00,2012,NS01EF0002,LaHave River at West Northfield,Dissolved oxygen (DO),(not stated),mg/l,8.490000,mg/l,6.500,minimum,evaluated,1,1,0,
2012-11-07,11:00,2012,NS01EF0002,LaHave River at West Northfield,Dissolved oxygen (DO),(not stated),mg/l,10.500000,mg/l,6.500,minimum,evaluated,1,1,0,
2013-03-11,12:00,2013,NS01EF0002,LaHave River at West Northfield,Dissolved oxygen (DO),(not stated),mg/l,13.690000,mg/l,6.500,minimum,evaluated,1,1,0,
2013-04-08,13:00,2013,NS01EF0002,LaHave River at West Northfield,Dissolved oxygen (DO),(not stated),mg/l,5.620000,mg/l,6.500,minimum,evaluated,1,0,0,
2013-05-22,11:00,2013,NS01EF0002,LaHave River at West Northfield,Dissolved oxygen (DO),(not stated),mg/l,10.120000,mg/l,6.500,minimum,evaluated,1,1,0,
2013-09-05,11:00,2013,NS01EF0002,LaHave River at West Northfield,Dissolved oxygen (DO),(not stated),mg/l,8.050000,mg/l,6.500,minimum,evaluated,1,1,0,
2014-05-13,11:00,2014,NS01EF0002,LaHave River at West Northfield,Dissolved oxygen (DO),(not stated),mg/l,10.490000,mg/l,6.500,minimum,evaluated,1,1,0,
2014-06-11,12:00,2014,NS01EF0002,LaHave River at West Northfield,Dissolved oxygen (DO),(not stated),mg/l,8.640000,mg/l,6.500,minimum,evaluated,1,1,0,
2014-08-26,10:00,2014,NS01EF0002,LaHave River at West Northfield,Dissolved oxygen (DO),(not stated),mg/l,8.340000,mg/l,6.500,minimum,evaluated,1,1,0,
2014-11-05,11:00,2014,NS01EF0002,LaHave River at West Northfield,Dissolved oxygen (DO),(not stated),mg/l,11.340000,mg/l,6.500,minimum,evaluated,1,1,0,
2014-12-19,10:00,2014,NS01EF0002,LaHave River at West Northfield,Dissolved oxygen (DO),(not stated),mg/l,13.000000,mg/l,6.500,minimum,evaluated,1,1,0,
2015-05-05,11:00,2015,NS01EF0002,LaHave River at West Northfield,Dissolved oxygen (DO),(not stated),mg/l,11.810000,mg/l,6.500,minimum,evaluated,1,1,0,
2015-06-11,11:00,2015,NS01EF0002,LaHave River at West Northfield,Dissolved oxygen (DO),(not stated),mg/l,9.350000,mg/l,6.500,minimum,evaluated,1,1,0,
2015-08-26,11:00,2015,NS01EF0002,LaHave River at West Northfield,Dissolved oxygen (DO),(not stated),mg/l,7.310000,mg/l,6.500,minimum,evaluated,1,1,0,
2015-11-20,11:00,2015,NS01EF0002,LaHave River at West Northfield,Dissolved oxygen (DO),(not stated),mg/l,12.110000,mg/l,6.500,minimum,evaluated,1,1,0,
2016-05-10,10:00,2016,NS01EF0002,LaHave River at West Northfield,Dissolved oxygen (DO),(not stated),mg/l,9.230000,mg/l,6.500,minimum,evaluated,1,1,0,
2016-07-12,12:00,2016,NS01EF0002,LaHave River at West Northfield,Dissolved oxygen (DO),(not stated),mg/l,9.070000,mg/l,6.500,minimum,evaluated,1,1,0,
2016-08-23,10:00,2016,NS01EF0002,LaHave River at West Northfield,Dissolved oxygen (DO),(not stated),mg/l,7.660000,mg/l,6.500,minimum,evaluated,1,1,0,
2016-11-21,13:00,2016,NS01EF0002,LaHave River at West Northfield,Dissolved oxygen (DO),(not stated),mg/l,9.410000,mg/l,6.500,minimum,evaluated,1,1,0,
2017-05-12,10:00,2017,NS01EF0002,LaHave River at West Northfield,Dissolved oxygen (DO),(not stated),mg/l,10.210000,mg/l,6.500,minimum,evaluated,1,1,0,
2017-08-04,09:00,2017,NS01EF0002,LaHave River at West Northfield,Dissolved oxygen (DO),(not stated),mg/l,8.200000,mg/l,6.500,minimum,evaluated,1,1,0,
2017-10-13,10:00,2017,NS01EF0002,LaHave River at West Northfield,Dissolved oxygen (DO),(not stated),mg/l,9.020000,mg/l,6.500,minimum,evaluated,1,1,0,
2017-12-12,13:00,2017,NS01EF0002,LaHave River at West Northfield,Dissolved oxygen (DO),(not stated),mg/l,12.740000,mg/l,6.500,minimum,evaluated,1,1,0,
2018-04-12,12:00,2018,NS01EF0002,LaHave River at West Northfield,Dissolved oxygen (DO),(not stated),mg/l,12.520000,mg/l,6.500,minimum,evaluated,1,1,0,
2018-07-19,11:00,2018,NS01EF0002,LaHave River at West Northfield,Dissolved oxygen (DO),(not stated),mg/l,7.880000,mg/l,6.500,minimum,evaluated,1,1,0,
2018-10-17,10:00,2018,NS01EF0002,LaHave River at West Northfield,Dissolved oxygen (DO),(not stated),mg/l,10.080000,mg/l,6.500,minimum,evaluated,1,1,0,
2018-12-05,12:00,2018,NS01EF0002,LaHave River at West Northfield,Dissolved oxygen (DO),(not stated),mg/l,12.930000,mg/l,6.500,minimum,evaluated,1,1,0,
2008-05-07,11:00,2008,NS01EF0002,LaHave River at West Northfield,Iron,Total,ug/l,178.000000,ug/l,300.000,maximum,evaluated,1,1,0,
2008-06-12,12:00,2008,NS01EF0002,LaHave River at West Northfield,Iron,Total,ug/l,268.000000,ug/l,300.000,maximum,evaluated,1,1,0,
2008-10-30,11:00,2008,NS01EF0002,LaHave River at West Northfield,Iron,Total,ug/l,500.000000,ug/l,300.000,maximum,evaluated,1,0,0,
2008-11-26,12:00,2008,NS01EF0002,LaHave River at West Northfield,Iron,Total,ug/l,337.000000,ug/l,300.000,maximum,evaluated,1,0,0,
2009-05-14,16:00,2009,NS01EF0002,LaHave River at West Northfield,Iron,Total,ug/l,231.000000,ug/l,300.000,maximum,evaluated,1,1,0,
2009-07-08,18:45,2009,NS01EF0002,LaHave River at West Northfield,Iron,Total,ug/l,442.000000,ug/l,300.000,maximum,evaluated,1,0,0,
2009-09-24,11:00,2009,NS01EF0002,LaHave River at West Northfield,Iron,Total,ug/l,304.000000,ug/l,300.000,maximum,evaluated,1,0,0,
2009-11-09,12:00,2009,NS01EF0002,LaHave River at West Northfield,Iron,Total,ug/l,291.000000,ug/l,300.000,maximum,evaluated,1,1,0,
2010-04-08,12:00,2010,NS01EF0002,LaHave River at West Northfield,Iron,Total,ug/l,167.000000,ug/l,300.000,maximum,evaluated,1,1,0,
2010-07-20,11:00,2010,NS01EF0002,LaHave River at West Northfield,Iron,Total,ug/l,409.000000,ug/l,300.000,maximum,evaluated,1,0,0,
2010-10-14,11:55,2010,NS01EF0002,LaHave River at West Northfield,Iron,Total,ug/l,356.000000,ug/l,300.000,maximum,evaluated,1,0,0,
2010-11-25,13:00,2010,NS01EF0002,LaHave River at West Northfield,Iron,Total,ug/l,252.000000,ug/l,300.000,maximum,evaluated,1,1,0,
2011-03-29,12:00,2011,NS01EF0002,LaHave River at West Northfield,Iron,Total,ug/l,135.000000,ug/l,300.000,maximum,evaluated,1,1,0,
2011-09-01,13:00,2011,NS01EF0002,LaHave River at West Northfield,Iron,Total,ug/l,347.000000,ug/l,300.000,maximum,evaluated,1,0,0,
2011-09-20,13:00,2011,NS01EF0002,LaHave River at West Northfield,Iron,Total,ug/l,442.000000,ug/l,300.000,maximum,evaluated,1,0,0,
2011-11-15,12:00,2011,NS01EF0002,LaHave River at West Northfield,Iron,Total,ug/l,318.000000,ug/l,300.000,maximum,evaluated,1,0,0,
2012-03-13,11:00,2012,NS01EF0002,LaHave River at West Northfield,Iron,Total,ug/l,154.000000,ug/l,300.000,maximum,evaluated,1,1,0,
2012-05-25,10:00,2012,NS01EF0002,LaHave River at West Northfield,Iron,Total,ug/l,210.000000,ug/l,300.000,maximum,evaluated,1,1,0,
2012-09-25,10:00,2012,NS01EF0002,LaHave River at West Northfield,Iron,Total,ug/l,382.000000,ug/l,300.000,maximum,evaluated,1,0,0,
2012-11-07,11:00,2012,NS01EF0002,LaHave River at West Northfield,Iron,Total,ug/l,278.000000,ug/l,300.000,maximum,evaluated,1,1,0,
2013-03-11,12:00,2013,NS01EF0002,LaHave River at West Northfield,Iron,Total,ug/l,158.000000,ug/l,300.000,maximum,evaluated,1,1,0,
2013-04-08,13:00,2013,NS01EF0002,LaHave River at West Northfield,Iron,Total,ug/l,124.000000,ug/l,300.000,maximum,evaluated,1,1,0,
2013-05-22,11:00,2013,NS01EF0002,LaHave River at West Northfield,Iron,Total,ug/l,208.000000,ug/l,300.000,maximum,evaluated,1,1,0,
2013-09-05,11:00,2013,NS01EF0002,LaHave River at West Northfield,Iron,Total,ug/l,444.000000,ug/l,300.000,maximum,evaluated,1,0,0,
2014-05-13,11:00,2014,NS01EF0002,LaHave River at West Northfield,Iron,Total,ug/l,157.000000,ug/l,300.000,maximum,evaluated,1,1,0,
2014-06-11,12:00,2014,NS01EF0002,LaHave River at West Northfield,Iron,Total,ug/l,220.000000,ug/l,300.000,maximum,evaluated,1,1,0,
2014-08-26,10:00,2014,NS01EF0002,LaHave River at West Northfield,Iron,Total,ug/l,328.000000,ug/l,300.000,maximum,evaluated,1,0,0,
2014-11-05,11:00,2014,NS01EF0002,LaHave River at West Northfield,Iron,Total,ug/l,346.000000,ug/l,300.000,maximum,evaluated,1,0,0,
2014-12-19,10:00,2014,NS01EF0002,LaHave River at West Northfield,Iron,Total,ug/l,202.000000,ug/l,300.000,maximum,evaluated,1,1,0,
2015-05-05,11:00,2015,NS01EF0002,LaHave River at West Northfield,Iron,Total,ug/l,121.000000,ug/l,300.000,maximum,evaluated,1,1,0,
2015-06-11,11:00,2015,NS01EF0002,LaHave River at West Northfield,Iron,Total,ug/l,227.000000,ug/l,300.000,maximum,evaluated,1,1,0,
2015-08-26,11:00,2015,NS01EF0002,LaHave River at West Northfield,Iron,Total,ug/l,265.000000,ug/l,300.000,maximum,evaluated,1,1,0,
2015-11-20,11:00,2015,NS01EF0002,LaHave River at West Northfield,Iron,Total,ug/l,267.000000,ug/l,300.000,maximum,evaluated,1,1,0,
2016-05-10,10:00,2016,NS01EF0002,LaHave River at West Northfield,Iron,Total,ug/l,157.000000,ug/l,300.000,maximum,evaluated,1,1,0,
2016-07-12,12:00,2016,NS01EF0002,LaHave River at West Northfield,Iron,Total,ug/l,247.000000,ug/l,300.000,maximum,evaluated,1,1,0,
2016-08-23,10:00,2016,NS01EF0002,LaHave River at West Northfield,Iron,Total,ug/l,184.000000,ug/l,300.000,maximum,evaluated,1,1,0,
2016-11-21,13:00,2016,NS01EF0002,LaHave River at West Northfield,Iron,Total,ug/l,224.000000,ug/l,300.000,maximum,evaluated,1,1,0,
2017-05-12,10:00,2017,NS01EF0002,LaHave River at West Northfield,Iron,Total,ug/l,176.000000,ug/l,300.000,maximum,evaluated,1,1,0,
2017-08-04,09:00,2017,NS01EF0002,LaHave River at West Northfield,Iron,Total,ug/l,229.000000,ug/l,300.000,maximum,evaluated,1,1,0,
2017-10-13,10:00,2017,NS01EF0002,LaHave River at West Northfield,Iron,Total,ug/l,340.000000,ug/l,300.000,maximum,evaluated,1,0,0,
2017-12-12,13:00,2017,NS01EF0002,LaHave River at West Northfield,Iron,Total,ug/l,280.000000,ug/l,300.000,maximum,evaluated,1,1,0,
2018-04-12,12:00,2018,NS01EF0002,LaHave River at West Northfield,Iron,Total,ug/l,130.000000,ug/l,300.000,maximum,evaluated,1,1,0,
2018-07-19,11:00,2018,NS01EF0002,LaHave River at West Northfield,Iron,Total,ug/l,340.000000,ug/l,300.000,maximum,evaluated,1,0,0,
2018-10-17,10:00,2018,NS01EF0002,LaHave River at West Northfield,Iron,Total,ug/l,423.000000,ug/l,300.000,maximum,evaluated,1,0,0,
2018-12-05,12:00,2018,NS01EF0002,LaHave River at West Northfield,Iron,Total,ug/l,228.000000,ug/l,300.000,maximum,evaluated,1,1,0,
2008-05-07,11:00,2008,NS01EF0002,LaHave River at West Northfield,Selenium,Total,ug/l,2.000000,ug/l,1.000,maximum,evaluated,1,1,1,1
2008-06-12,12:00,2008,NS01EF0002,LaHave River at West Northfield,Selenium,Total,ug/l,2.000000,ug/l,1.000,maximum,evaluated,1,1,1,1
2008-10-30,11:00,2008,NS01EF0002,LaHave River at West Northfield,Selenium,Total,ug/l,2.000000,ug/l,1.000,maximum,evaluated,1,1,1,1
2008-11-26,12:00,2008,NS01EF0002,LaHave River at West Northfield,Selenium,Total,ug/l,2.000000,ug/l,1.000,maximum,evaluated,1,1,1,1
2009-05-14,16:00,2009,NS01EF0002,LaHave River at West Northfield,Selenium,Total,ug/l,2.000000,ug/l,1.000,maximum,evaluated,1,1,1,1
2009-07-08,18:45,2009,NS01EF0002,LaHave River at West Northfield,Selenium,Total,ug/l,2.000000,ug/l,1.000,maximum,evaluated,1,1,1,1
2009-09-24,11:00,2009,NS01EF0002,LaHave River at West Northfield,Selenium,Total,ug/l,2.000000,ug/l,1.000,maximum,evaluated,1,1,1,1
2009-11-09,12:00,2009,NS01EF0002,LaHave River at West Northfield,Selenium,Total,ug/l,2.000000,ug/l,1.000,maximum,evaluated,1,1,1,1
2010-04-08,12:00,2010,NS01EF0002,LaHave River at West Northfield,Selenium,Total,ug/l,2.000000,ug/l,1.000,maximum,evaluated,1,1,1,1
2010-07-20,11:00,2010,NS01EF0002,LaHave River at West Northfield,Selenium,Total,ug/l,2.000000,ug/l,1.000,maximum,evaluated,1,1,1,1
2010-10-14,11:55,2010,NS01EF0002,LaHave River at West Northfield,Selenium,Total,ug/l,2.000000,ug/l,1.000,maximum,evaluated,1,1,1,1
2010-11-25,13:00,2010,NS01EF0002,LaHave River at West Northfield,Selenium,Total,ug/l,2.000000,ug/l,1.000,maximum,evaluated,1,1,1,1
2011-03-29,12:00,2011,NS01EF0002,LaHave River at West Northfield,Selenium,Total,ug/l,2.000000,ug/l,1.000,maximum,evaluated,1,1,1,1
2011-09-01,13:00,2011,NS01EF0002,LaHave River at West Northfield,Selenium,Total,ug/l,2.000000,ug/l,1.000,maximum,evaluated,1,1,1,1
2011-09-20,13:00,2011,NS01EF0002,LaHave River at West Northfield,Selenium,Total,ug/l,2.000000,ug/l,1.000,maximum,evaluated,1,1,1,1
2011-11-15,12:00,2011,NS01EF0002,LaHave River at West Northfield,Selenium,Total,ug/l,2.000000,ug/l,1.000,maximum,evaluated,1,1,1,1
2012-03-13,11:00,2012,NS01EF0002,LaHave River at West Northfield,Selenium,Total,ug/l,2.000000,ug/l,1.000,maximum,evaluated,1,1,1,1
2012-05-25,10:00,2012,NS01EF0002,LaHave River at West Northfield,Selenium,Total,ug/l,2.000000,ug/l,1.000,maximum,evaluated,1,1,1,1
2012-09-25,10:00,2012,NS01EF0002,LaHave River at West Northfield,Selenium,Total,ug/l,2.000000,ug/l,1.000,maximum,evaluated,1,1,1,1
2012-11-07,11:00,2012,NS01EF0002,LaHave River at West Northfield,Selenium,Total,ug/l,2.000000,ug/l,1.000,maximum,evaluated,1,1,1,1
2013-03-11,12:00,2013,NS01EF0002,LaHave River at West Northfield,Selenium,Total,ug/l,2.000000,ug/l,1.000,maximum,evaluated,1,1,1,1
2013-04-08,13:00,2013,NS01EF0002,LaHave River at West Northfield,Selenium,Total,ug/l,2.000000,ug/l,1.000,maximum,evaluated,1,1,1,1
2013-05-22,11:00,2013,NS01EF0002,LaHave River at West Northfield,Selenium,Total,ug/l,2.000000,ug/l,1.000,maximum,evaluated,1,1,1,1
2013-09-05,11:00,2013,NS01EF0002,LaHave River at West Northfield,Selenium,Total,ug/l,2.000000,ug/l,1.000,maximum,evaluated,1,1,1,1
2014-05-13,11:00,2014,NS01EF0002,LaHave River at West Northfield,Selenium,Total,ug/l,2.000000,ug/l,1.000,maximum,evaluated,1,1,1,1
2014-06-11,12:00,2014,NS01EF0002,LaHave River at West Northfield,Selenium,Total,ug/l,2.000000,ug/l,1.000,maximum,evaluated,1,1,1,1
2014-08-26,10:00,2014,NS01EF0002,LaHave River at West Northfield,Selenium,Total,ug/l,2.000000,ug/l,1.000,maximum,evaluated,1,1,1,1
2014-11-05,11:00,2014,NS01EF0002,LaHave River at West Northfield,Selenium,Total,ug/l,2.000000,ug/l,1.000,maximum,evaluated,1,1,1,1
2014-12-19,10:00,2014,NS01EF0002,LaHave River at West Northfield,Selenium,Total,ug/l,2.000000,ug/l,1.000,maximum,evaluated,1,1,1,1
2015-05-05,11:00,2015,NS01EF0002,LaHave River at West Northfield,Selenium,Total,ug/l,2.000000,ug/l,1.000,maximum,evaluated,1,1,1,1
2015-06-11,11:00,2015,NS01EF0002,LaHave River at West Northfield,Selenium,Total,ug/l,2.000000,ug/l,1.000,maximum,evaluated,1,1,1,1
2015-08-26,11:00,2015,NS01EF0002,LaHave River at West Northfield,Selenium,Total,ug/l,2.000000,ug/l,1.000,maximum,evaluated,1,1,1,1
2015-11-20,11:00,2015,NS01EF0002,LaHave River at West Northfield,Selenium,Total,ug/l,2.000000,ug/l,1.000,maximum,evaluated,1,1,1,1
2016-05-10,10:00,2016,NS01EF0002,LaHave River at West Northfield,Selenium,Total,ug/l,2.000000,ug/l,1.000,maximum,evaluated,1,1,1,1
2016-07-12,12:00,2016,NS01EF0002,LaHave River at West Northfield,Selenium,Total,ug/l,2.000000,ug/l,1.000,maximum,evaluated,1,1,1,1
2016-08-23,10:00,2016,NS01EF0002,LaHave River at West Northfield,Selenium,Total,ug/l,2.000000,ug/l,1.000,maximum,evaluated,1,1,1,1
2016-11-21,13:00,2016,NS01EF0002,LaHave River at West Northfield,Selenium,Total,ug/l,2.000000,ug/l,1.000,maximum,evaluated,1,1,1,1
2017-05-12,10:00,2017,NS01EF0002,LaHave River at West Northfield,Selenium,Total,ug/l,2.000000,ug/l,1.000,maximum,evaluated,1,1,1,1
2017-08-04,09:00,2017,NS01EF0002,LaHave River at West Northfield,Selenium,Total,ug/l,2.000000,ug/l,1.000,maximum,evaluated,1,1,1,1
2017-10-13,10:00,2017,NS01EF0002,LaHave River at West Northfield,Selenium,Total,ug/l,2.000000,ug/l,1.000,maximum,evaluated,1,1,1,1
2017-12-12,13:00,2017,NS01EF0002,LaHave River at West Northfield,Selenium,Total,ug/l,2.000000,ug/l,1.000,maximum,evaluated,1,1,1,1
2018-04-12,12:00,2018,NS01EF0002,LaHave River at West Northfield,Selenium,Total,ug/l,2.000000,ug/l,1.000,maximum,evaluated,1,1,1,1
2018-07-19,11:00,2018,NS01EF0002,LaHave River at West Northfield,Selenium,Total,ug/l,2.000000,ug/l,1.000,maximum,evaluated,1,1,1,1
2018-10-17,10:00,2018,NS01EF0002,LaHave River at West Northfield,Selenium,Total,ug/l,2.000000,ug/l,1.000,maximum,evaluated,1,1,1,1
2018-12-05,12:00,2018,NS01EF0002,LaHave River at West Northfield,Selenium,Total,ug/l,2.000000,ug/l,1.000,maximum,evaluated,1,1,1,1
2007-05-10,12:00,2007,NS01EO0001,St. Mary's River at Stillwater,Boron,Total,ug/l,0.005000,mg/l,1.500,maximum,evaluated,1,1,1,0
2007-07-11,12:48,2007,NS01EO0001,St. Mary's River at Stillwater,Boron,Total,ug/l,0.007000,mg/l,1.500,maximum,evaluated,1,1,0,
2007-11-01,12:46,2007,NS01EO0001,St. Mary's River at Stillwater,Boron,Total,ug/l,0.006000,mg/l,1.500,maximum,evaluated,1,1,0,
2007-12-06,11:55,2007,NS01EO0001,St. Mary's River at Stillwater,Boron,Total,ug/l,0.005000,mg/l,1.500,maximum,evaluated,1,1,1,0
2009-06-16,13:04,2009,NS01EO0001,St. Mary's River at Stillwater,Boron,Total,ug/l,0.006000,mg/l,1.500,maximum,evaluated,1,1,0,
2009-08-11,13:09,2009,NS01EO0001,St. Mary's River at Stillwater,Boron,Total,ug/l,0.005000,mg/l,1.500,maximum,evaluated,1,1,0,
2009-12-08,12:30,2009,NS01EO0001,St. Mary's River at Stillwater,Boron,Total,ug/l,0.005000,mg/l,1.500,maximum,evaluated,1,1,1,0
2009-12-21,12:00,2009,NS01EO0001,St. Mary's River at Stillwater,Boron,Total,ug/l,0.005000,mg/l,1.500,maximum,evaluated,1,1,1,0
2010-06-03,12:00,2010,NS01EO0001,St. Mary's River at Stillwater,Boron,Total,ug/l,0.005000,mg/l,1.500,maximum,evaluated,1,1,1,0
2010-09-09,15:05,2010,NS01EO0001,St. Mary's River at Stillwater,Boron,Total,ug/l,0.007000,mg/l,1.500,maximum,evaluated,1,1,0,
2010-11-18,16:05,2010,NS01EO0001,St. Mary's River at Stillwater,Boron,Total,ug/l,0.005000,mg/l,1.500,maximum,evaluated,1,1,1,0
2010-12-20,14:05,2010,NS01EO0001,St. Mary's River at Stillwater,Boron,Total,ug/l,0.005000,mg/l,1.500,maximum,evaluated,1,1,1,0
2011-05-03,11:30,2011,NS01EO0001,St. Mary's River at Stillwater,Boron,Total,ug/l,0.005000,mg/l,1.500,maximum,evaluated,1,1,1,0
2011-09-29,12:25,2011,NS01EO0001,St. Mary's River at Stillwater,Boron,Total,ug/l,0.005000,mg/l,1.500,maximum,evaluated,1,1,1,0
2011-10-27,19:00,2011,NS01EO0001,St. Mary's River at Stillwater,Boron,Total,ug/l,0.005000,mg/l,1.500,maximum,evaluated,1,1,1,0
2011-11-29,12:20,2011,NS01EO0001,St. Mary's River at Stillwater,Boron,Total,ug/l,0.005000,mg/l,1.500,maximum,evaluated,1,1,1,0
2012-04-17,10:45,2012,NS01EO0001,St. Mary's River at Stillwater,Boron,Total,ug/l,0.005000,mg/l,1.500,maximum,evaluated,1,1,1,0
2012-06-01,14:40,2012,NS01EO0001,St. Mary's River at Stillwater,Boron,Total,ug/l,0.005000,mg/l,1.500,maximum,evaluated,1,1,1,0
2012-10-02,13:00,2012,NS01EO0001,St. Mary's River at Stillwater,Boron,Total,ug/l,0.005000,mg/l,1.500,maximum,evaluated,1,1,0,
2012-12-20,12:30,2012,NS01EO0001,St. Mary's River at Stillwater,Boron,Total,ug/l,0.005000,mg/l,1.500,maximum,evaluated,1,1,1,0
2013-05-31,13:00,2013,NS01EO0001,St. Mary's River at Stillwater,Boron,Total,ug/l,0.005000,mg/l,1.500,maximum,evaluated,1,1,1,0
2013-08-28,11:55,2013,NS01EO0001,St. Mary's River at Stillwater,Boron,Total,ug/l,0.006000,mg/l,1.500,maximum,evaluated,1,1,0,
2013-11-22,11:45,2013,NS01EO0001,St. Mary's River at Stillwater,Boron,Total,ug/l,0.005000,mg/l,1.500,maximum,evaluated,1,1,1,0
2013-12-09,16:30,2013,NS01EO0001,St. Mary's River at Stillwater,Boron,Total,ug/l,0.005000,mg/l,1.500,maximum,evaluated,1,1,1,0
2014-05-20,11:11,2014,NS01EO0001,St. Mary's River at Stillwater,Boron,Total,ug/l,0.005000,mg/l,1.500,maximum,evaluated,1,1,1,0
2014-07-16,11:32,2014,NS01EO0001,St. Mary's River at Stillwater,Boron,Total,ug/l,0.005000,mg/l,1.500,maximum,evaluated,1,1,1,0
2014-10-16,10:10,2014,NS01EO0001,St. Mary's River at Stillwater,Boron,Total,ug/l,0.006000,mg/l,1.500,maximum,evaluated,1,1,0,
2014-11-20,12:39,2014,NS01EO0001,St. Mary's River at Stillwater,Boron,Total,ug/l,0.005000,mg/l,1.500,maximum,evaluated,1,1,0,
2015-04-16,11:15,2015,NS01EO0001,St. Mary's River at Stillwater,Boron,Total,ug/l,0.005000,mg/l,1.500,maximum,evaluated,1,1,1,0
2015-06-18,11:40,2015,NS01EO0001,St. Mary's River at Stillwater,Boron,Total,ug/l,0.005000,mg/l,1.500,maximum,evaluated,1,1,1,0
2015-10-14,11:15,2015,NS01EO0001,St. Mary's River at Stillwater,Boron,Total,ug/l,0.005000,mg/l,1.500,maximum,evaluated,1,1,1,0
2015-11-26,10:10,2015,NS01EO0001,St. Mary's River at Stillwater,Boron,Total,ug/l,0.005000,mg/l,1.500,maximum,evaluated,1,1,1,0
2016-04-26,11:15,2016,NS01EO0001,St. Mary's River at Stillwater,Boron,Total,ug/l,0.005000,mg/l,1.500,maximum,evaluated,1,1,1,0
2016-07-06,12:25,2016,NS01EO0001,St. Mary's River at Stillwater,Boron,Total,ug/l,0.005000,mg/l,1.500,maximum,evaluated,1,1,1,0
2016-11-01,12:10,2016,NS01EO0001,St. Mary's River at Stillwater,Boron,Total,ug/l,0.005000,mg/l,1.500,maximum,evaluated,1,1,1,0
2016-12-19,15:21,2016,NS01EO0001,St. Mary's River at Stillwater,Boron,Total,ug/l,0.005000,mg/l,1.500,maximum,evaluated,1,1,1,0
2017-05-24,10:45,2017,NS01EO0001,St. Mary's River at Stillwater,Boron,Total,ug/l,0.005000,mg/l,1.500,maximum,evaluated,1,1,1,0
2017-07-05,11:30,2017,NS01EO0001,St. Mary's River at Stillwater,Boron,Total,ug/l,0.005000,mg/l,1.500,maximum,evaluated,1,1,0,
2017-10-04,11:50,2017,NS01EO0001,St. Mary's River at Stillwater,Boron,Total,ug/l,0.050000,mg/l,1.500,maximum,evaluated,1,1,1,0
2017-11-30,13:00,2017,NS01EO0001,St. Mary's River at Stillwater,Boron,Total,ug/l,0.050000,mg/l,1.500,maximum,evaluated,1,1,1,0
2018-07-17,09:35,2018,NS01EO0001,St. Mary's River at Stillwater,Boron,Total,ug/l,0.020000,mg/l,1.500,maximum,evaluated,1,1,1,0
2018-08-28,11:45,2018,NS01EO0001,St. Mary's River at Stillwater,Boron,Total,ug/l,0.020000,mg/l,1.500,maximum,evaluated,1,1,1,0
2018-10-25,11:45,2018,NS01EO0001,St. Mary's River at Stillwater,Boron,Total,ug/l,0.020000,mg/l,1.500,maximum,evaluated,1,1,1,0
2018-12-11,13:33,2018,NS01EO0001,St. Mary's River at Stillwater,Boron,Total,ug/l,0.020000,mg/l,1.500,maximum,evaluated,1,1,1,0
2007-05-10,12:00,2007,NS01EO0001,St. Mary's River at Stillwater,Chloride,Dissolved,mg/l,5.900000,mg/l,120.000,maximum,evaluated,1,1,0,
2007-07-11,12:48,2007,NS01EO0001,St. Mary's River at Stillwater,Chloride,Dissolved,mg/l,5.400000,mg/l,120.000,maximum,evaluated,1,1,0,
2007-11-01,12:46,2007,NS01EO0001,St. Mary's River at Stillwater,Chloride,Dissolved,mg/l,5.600000,mg/l,120.000,maximum,evaluated,1,1,0,
2007-12-06,11:55,2007,NS01EO0001,St. Mary's River at Stillwater,Chloride,Dissolved,mg/l,6.400000,mg/l,120.000,maximum,evaluated,1,1,0,
2009-06-16,13:04,2009,NS01EO0001,St. Mary's River at Stillwater,Chloride,Dissolved,mg/l,5.000000,mg/l,120.000,maximum,evaluated,1,1,0,
2009-08-11,13:09,2009,NS01EO0001,St. Mary's River at Stillwater,Chloride,Dissolved,mg/l,5.400000,mg/l,120.000,maximum,evaluated,1,1,0,
2009-12-08,12:30,2009,NS01EO0001,St. Mary's River at Stillwater,Chloride,Dissolved,mg/l,5.200000,mg/l,120.000,maximum,evaluated,1,1,0,
2009-12-21,12:00,2009,NS01EO0001,St. Mary's River at Stillwater,Chloride,Dissolved,mg/l,5.600000,mg/l,120.000,maximum,evaluated,1,1,0,
2010-06-03,12:00,2010,NS01EO0001,St. Mary's River at Stillwater,Chloride,Dissolved,mg/l,4.400000,mg/l,120.000,maximum,evaluated,1,1,0,
2010-09-09,15:05,2010,NS01EO0001,St. Mary's River at Stillwater,Chloride,Dissolved,mg/l,5.500000,mg/l,120.000,maximum,evaluated,1,1,0,
2010-11-18,16:05,2010,NS01EO0001,St. Mary's River at Stillwater,Chloride,Dissolved,mg/l,5.800000,mg/l,120.000,maximum,evaluated,1,1,0,
2010-12-20,14:05,2010,NS01EO0001,St. Mary's River at Stillwater,Chloride,Dissolved,mg/l,7.600000,mg/l,120.000,maximum,evaluated,1,1,0,
2011-05-03,11:30,2011,NS01EO0001,St. Mary's River at Stillwater,Chloride,Dissolved,mg/l,5.900000,mg/l,120.000,maximum,evaluated,1,1,0,
2011-09-29,12:25,2011,NS01EO0001,St. Mary's River at Stillwater,Chloride,Dissolved,mg/l,5.700000,mg/l,120.000,maximum,evaluated,1,1,0,
2011-10-27,19:00,2011,NS01EO0001,St. Mary's River at Stillwater,Chloride,Dissolved,mg/l,4.800000,mg/l,120.000,maximum,evaluated,1,1,0,
2011-11-29,12:20,2011,NS01EO0001,St. Mary's River at Stillwater,Chloride,Dissolved,mg/l,4.600000,mg/l,120.000,maximum,evaluated,1,1,0,
2012-04-17,10:45,2012,NS01EO0001,St. Mary's River at Stillwater,Chloride,Dissolved,mg/l,4.600000,mg/l,120.000,maximum,evaluated,1,1,0,
2012-06-01,14:40,2012,NS01EO0001,St. Mary's River at Stillwater,Chloride,Dissolved,mg/l,5.700000,mg/l,120.000,maximum,evaluated,1,1,0,
2012-10-02,13:00,2012,NS01EO0001,St. Mary's River at Stillwater,Chloride,Dissolved,mg/l,3.100000,mg/l,120.000,maximum,evaluated,1,1,0,
2012-12-20,12:30,2012,NS01EO0001,St. Mary's River at Stillwater,Chloride,Dissolved,mg/l,4.500000,mg/l,120.000,maximum,evaluated,1,1,0,
2013-05-31,13:00,2013,NS01EO0001,St. Mary's River at Stillwater,Chloride,Dissolved,mg/l,4.900000,mg/l,120.000,maximum,evaluated,1,1,0,
2013-08-28,11:55,2013,NS01EO0001,St. Mary's River at Stillwater,Chloride,Dissolved,mg/l,5.700000,mg/l,120.000,maximum,evaluated,1,1,0,
2013-11-22,11:45,2013,NS01EO0001,St. Mary's River at Stillwater,Chloride,Dissolved,mg/l,4.300000,mg/l,120.000,maximum,evaluated,1,1,0,
2013-12-09,16:30,2013,NS01EO0001,St. Mary's River at Stillwater,Chloride,Dissolved,mg/l,4.800000,mg/l,120.000,maximum,evaluated,1,1,0,
2014-05-20,11:11,2014,NS01EO0001,St. Mary's River at Stillwater,Chloride,Dissolved,mg/l,5.500000,mg/l,120.000,maximum,evaluated,1,1,0,
2014-07-16,11:32,2014,NS01EO0001,St. Mary's River at Stillwater,Chloride,Dissolved,mg/l,6.200000,mg/l,120.000,maximum,evaluated,1,1,0,
2014-10-16,10:10,2014,NS01EO0001,St. Mary's River at Stillwater,Chloride,Dissolved,mg/l,6.600000,mg/l,120.000,maximum,evaluated,1,1,0,
2014-11-20,12:39,2014,NS01EO0001,St. Mary's River at Stillwater,Chloride,Dissolved,mg/l,5.700000,mg/l,120.000,maximum,evaluated,1,1,0,
2015-04-16,11:15,2015,NS01EO0001,St. Mary's River at Stillwater,Chloride,Dissolved,mg/l,4.200000,mg/l,120.000,maximum,evaluated,1,1,0,
2015-06-18,11:40,2015,NS01EO0001,St. Mary's River at Stillwater,Chloride,Dissolved,mg/l,3.700000,mg/l,120.000,maximum,evaluated,1,1,0,
2015-10-14,11:15,2015,NS01EO0001,St. Mary's River at Stillwater,Chloride,Dissolved,mg/l,4.000000,mg/l,120.000,maximum,evaluated,1,1,0,
2015-11-26,10:10,2015,NS01EO0001,St. Mary's River at Stillwater,Chloride,Dissolved,mg/l,4.700000,mg/l,120.000,maximum,evaluated,1,1,0,
2016-04-26,11:15,2016,NS01EO0001,St. Mary's River at Stillwater,Chloride,Dissolved,mg/l,4.000000,mg/l,120.000,maximum,evaluated,1,1,0,
2016-07-06,12:25,2016,NS01EO0001,St. Mary's River at Stillwater,Chloride,Dissolved,mg/l,5.100000,mg/l,120.000,maximum,evaluated,1,1,0,
2016-11-01,12:10,2016,NS01EO0001,St. Mary's River at Stillwater,Chloride,Dissolved,mg/l,5.100000,mg/l,120.000,maximum,evaluated,1,1,0,
2016-12-19,15:21,2016,NS01EO0001,St. Mary's River at Stillwater,Chloride,Dissolved,mg/l,4.600000,mg/l,120.000,maximum,evaluated,1,1,0,
2017-05-24,10:45,2017,NS01EO0001,St. Mary's River at Stillwater,Chloride,Dissolved,mg/l,4.300000,mg/l,120.000,maximum,evaluated,1,1,0,
2017-07-05,11:30,2017,NS01EO0001,St. Mary's River at Stillwater,Chloride,Dissolved,mg/l,4.000000,mg/l,120.000,maximum,evaluated,1,1,0,
2017-10-04,11:50,2017,NS01EO0001,St. Mary's River at Stillwater,Chloride,Dissolved,mg/l,5.200000,mg/l,120.000,maximum,evaluated,1,1,0,
2017-11-30,13:00,2017,NS01EO0001,St. Mary's River at Stillwater,Chloride,Dissolved,mg/l,5.700000,mg/l,120.000,maximum,evaluated,1,1,0,
2018-07-17,09:35,2018,NS01EO0001,St. Mary's River at Stillwater,Chloride,Dissolved,mg/l,6.200000,mg/l,120.000,maximum,evaluated,1,1,0,
2018-08-28,11:45,2018,NS01EO0001,St. Mary's River at Stillwater,Chloride,Dissolved,mg/l,6.400000,mg/l,120.000,maximum,evaluated,1,1,0,
2018-10-25,11:45,2018,NS01EO0001,St. Mary's River at Stillwater,Chloride,Dissolved,mg/l,6.200000,mg/l,120.000,maximum,evaluated,1,1,0,
2018-12-11,13:33,2018,NS01EO0001,St. Mary's River at Stillwater,Chloride,Dissolved,mg/l,5.800000,mg/l,120.000,maximum,evaluated,1,1,0,
2007-11-01,12:46,2007,NS01EO0001,St. Mary's River at Stillwater,Dissolved oxygen (DO),(not stated),mg/l,11.380000,mg/l,6.500,minimum,evaluated,1,1,0,
2007-12-06,11:55,2007,NS01EO0001,St. Mary's River at Stillwater,Dissolved oxygen (DO),(not stated),mg/l,13.930000,mg/l,6.500,minimum,evaluated,1,1,0,
2009-12-08,12:30,2009,NS01EO0001,St. Mary's River at Stillwater,Dissolved oxygen (DO),(not stated),mg/l,13.250000,mg/l,6.500,minimum,evaluated,1,1,0,
2010-06-03,12:00,2010,NS01EO0001,St. Mary's River at Stillwater,Dissolved oxygen (DO),(not stated),mg/l,10.200000,mg/l,6.500,minimum,evaluated,1,1,0,
2010-09-09,15:05,2010,NS01EO0001,St. Mary's River at Stillwater,Dissolved oxygen (DO),(not stated),mg/l,8.590000,mg/l,6.500,minimum,evaluated,1,1,0,
2010-11-18,16:05,2010,NS01EO0001,St. Mary's River at Stillwater,Dissolved oxygen (DO),(not stated),mg/l,10.910000,mg/l,6.500,minimum,evaluated,1,1,0,
2010-12-20,14:05,2010,NS01EO0001,St. Mary's River at Stillwater,Dissolved oxygen (DO),(not stated),mg/l,13.080000,mg/l,6.500,minimum,evaluated,1,1,0,
2011-09-29,12:25,2011,NS01EO0001,St. Mary's River at Stillwater,Dissolved oxygen (DO),(not stated),mg/l,8.730000,mg/l,6.500,minimum,evaluated,1,1,0,
2012-04-17,10:45,2012,NS01EO0001,St. Mary's River at Stillwater,Dissolved oxygen (DO),(not stated),mg/l,12.300000,mg/l,6.500,minimum,evaluated,1,1,0,
2012-06-01,14:40,2012,NS01EO0001,St. Mary's River at Stillwater,Dissolved oxygen (DO),(not stated),mg/l,9.910000,mg/l,6.500,minimum,evaluated,1,1,0,
2012-10-02,13:00,2012,NS01EO0001,St. Mary's River at Stillwater,Dissolved oxygen (DO),(not stated),mg/l,12.970000,mg/l,6.500,minimum,evaluated,1,1,0,
2012-12-20,12:30,2012,NS01EO0001,St. Mary's River at Stillwater,Dissolved oxygen (DO),(not stated),mg/l,13.570000,mg/l,6.500,minimum,evaluated,1,1,0,
2013-05-31,13:00,2013,NS01EO0001,St. Mary's River at Stillwater,Dissolved oxygen (DO),(not stated),mg/l,9.610000,mg/l,6.500,minimum,evaluated,1,1,0,
2013-08-28,11:55,2013,NS01EO0001,St. Mary's River at Stillwater,Dissolved oxygen (DO),(not stated),mg/l,8.650000,mg/l,6.500,minimum,evaluated,1,1,0,
2013-11-22,11:45,2013,NS01EO0001,St. Mary's River at Stillwater,Dissolved oxygen (DO),(not stated),mg/l,12.680000,mg/l,6.500,minimum,evaluated,1,1,0,
2013-12-09,16:30,2013,NS01EO0001,St. Mary's River at Stillwater,Dissolved oxygen (DO),(not stated),mg/l,13.510000,mg/l,6.500,minimum,evaluated,1,1,0,
2014-05-20,11:11,2014,NS01EO0001,St. Mary's River at Stillwater,Dissolved oxygen (DO),(not stated),mg/l,9.770000,mg/l,6.500,minimum,evaluated,1,1,0,
2014-07-16,11:32,2014,NS01EO0001,St. Mary's River at Stillwater,Dissolved oxygen (DO),(not stated),mg/l,8.450000,mg/l,6.500,minimum,evaluated,1,1,0,
2014-10-16,10:10,2014,NS01EO0001,St. Mary's River at Stillwater,Dissolved oxygen (DO),(not stated),mg/l,9.990000,mg/l,6.500,minimum,evaluated,1,1,0,
2014-11-20,12:39,2014,NS01EO0001,St. Mary's River at Stillwater,Dissolved oxygen (DO),(not stated),mg/l,12.110000,mg/l,6.500,minimum,evaluated,1,1,0,
2015-04-16,11:15,2015,NS01EO0001,St. Mary's River at Stillwater,Dissolved oxygen (DO),(not stated),mg/l,13.500000,mg/l,6.500,minimum,evaluated,1,1,0,
2015-06-18,11:40,2015,NS01EO0001,St. Mary's River at Stillwater,Dissolved oxygen (DO),(not stated),mg/l,9.000000,mg/l,6.500,minimum,evaluated,1,1,0,
2015-10-14,11:15,2015,NS01EO0001,St. Mary's River at Stillwater,Dissolved oxygen (DO),(not stated),mg/l,9.510000,mg/l,6.500,minimum,evaluated,1,1,0,
2015-11-26,10:10,2015,NS01EO0001,St. Mary's River at Stillwater,Dissolved oxygen (DO),(not stated),mg/l,12.320000,mg/l,6.500,minimum,evaluated,1,1,0,
2016-04-26,11:15,2016,NS01EO0001,St. Mary's River at Stillwater,Dissolved oxygen (DO),(not stated),mg/l,9.360000,mg/l,6.500,minimum,evaluated,1,1,0,
2016-07-06,12:25,2016,NS01EO0001,St. Mary's River at Stillwater,Dissolved oxygen (DO),(not stated),mg/l,8.670000,mg/l,6.500,minimum,evaluated,1,1,0,
2016-11-01,12:10,2016,NS01EO0001,St. Mary's River at Stillwater,Dissolved oxygen (DO),(not stated),mg/l,8.960000,mg/l,6.500,minimum,evaluated,1,1,0,
2017-05-24,10:45,2017,NS01EO0001,St. Mary's River at Stillwater,Dissolved oxygen (DO),(not stated),mg/l,10.230000,mg/l,6.500,minimum,evaluated,1,1,0,
2017-07-05,11:30,2017,NS01EO0001,St. Mary's River at Stillwater,Dissolved oxygen (DO),(not stated),mg/l,8.050000,mg/l,6.500,minimum,evaluated,1,1,0,
2017-10-04,11:50,2017,NS01EO0001,St. Mary's River at Stillwater,Dissolved oxygen (DO),(not stated),mg/l,9.930000,mg/l,6.500,minimum,evaluated,1,1,0,
2017-11-30,13:00,2017,NS01EO0001,St. Mary's River at Stillwater,Dissolved oxygen (DO),(not stated),mg/l,12.500000,mg/l,6.500,minimum,evaluated,1,1,0,
2018-07-17,09:35,2018,NS01EO0001,St. Mary's River at Stillwater,Dissolved oxygen (DO),(not stated),mg/l,8.810000,mg/l,6.500,minimum,evaluated,1,1,0,
2018-08-28,11:45,2018,NS01EO0001,St. Mary's River at Stillwater,Dissolved oxygen (DO),(not stated),mg/l,8.740000,mg/l,6.500,minimum,evaluated,1,1,0,
2018-10-25,11:45,2018,NS01EO0001,St. Mary's River at Stillwater,Dissolved oxygen (DO),(not stated),mg/l,10.240000,mg/l,6.500,minimum,evaluated,1,1,0,
2018-12-11,13:33,2018,NS01EO0001,St. Mary's River at Stillwater,Dissolved oxygen (DO),(not stated),mg/l,13.150000,mg/l,6.500,minimum,evaluated,1,1,0,
2007-05-10,12:00,2007,NS01EO0001,St. Mary's River at Stillwater,Iron,Total,ug/l,103.000000,ug/l,300.000,maximum,evaluated,1,1,0,
2007-07-11,12:48,2007,NS01EO0001,St. Mary's River at Stillwater,Iron,Total,ug/l,256.000000,ug/l,300.000,maximum,evaluated,1,1,0,
2007-11-01,12:46,2007,NS01EO0001,St. Mary's River at Stillwater,Iron,Total,ug/l,259.000000,ug/l,300.000,maximum,evaluated,1,1,0,
2007-12-06,11:55,2007,NS01EO0001,St. Mary's River at Stillwater,Iron,Total,ug/l,158.000000,ug/l,300.000,maximum,evaluated,1,1,0,
2009-06-16,13:04,2009,NS01EO0001,St. Mary's River at Stillwater,Iron,Total,ug/l,210.000000,ug/l,300.000,maximum,evaluated,1,1,0,
2009-08-11,13:09,2009,NS01EO0001,St. Mary's River at Stillwater,Iron,Total,ug/l,391.000000,ug/l,300.000,maximum,evaluated,1,0,0,
2009-12-08,12:30,2009,NS01EO0001,St. Mary's River at Stillwater,Iron,Total,ug/l,163.000000,ug/l,300.000,maximum,evaluated,1,1,0,
2009-12-21,12:00,2009,NS01EO0001,St. Mary's River at Stillwater,Iron,Total,ug/l,133.000000,ug/l,300.000,maximum,evaluated,1,1,0,
2010-06-03,12:00,2010,NS01EO0001,St. Mary's River at Stillwater,Iron,Total,ug/l,301.000000,ug/l,300.000,maximum,evaluated,1,0,0,
2010-09-09,15:05,2010,NS01EO0001,St. Mary's River at Stillwater,Iron,Total,ug/l,301.000000,ug/l,300.000,maximum,evaluated,1,0,0,
2010-11-18,16:05,2010,NS01EO0001,St. Mary's River at Stillwater,Iron,Total,ug/l,192.000000,ug/l,300.000,maximum,evaluated,1,1,0,
2010-12-20,14:05,2010,NS01EO0001,St. Mary's River at Stillwater,Iron,Total,ug/l,126.000000,ug/l,300.000,maximum,evaluated,1,1,0,
2011-05-03,11:30,2011,NS01EO0001,St. Mary's River at Stillwater,Iron,Total,ug/l,125.000000,ug/l,300.000,maximum,evaluated,1,1,0,
2011-09-29,12:25,2011,NS01EO0001,St. Mary's River at Stillwater,Iron,Total,ug/l,311.000000,ug/l,300.000,maximum,evaluated,1,0,0,
2011-10-27,19:00,2011,NS01EO0001,St. Mary's River at Stillwater,Iron,Total,ug/l,266.000000,ug/l,300.000,maximum,evaluated,1,1,0,
2011-11-29,12:20,2011,NS01EO0001,St. Mary's River at Stillwater,Iron,Total,ug/l,212.000000,ug/l,300.000,maximum,evaluated,1,1,0,
2012-04-17,10:45,2012,NS01EO0001,St. Mary's River at Stillwater,Iron,Total,ug/l,102.000000,ug/l,300.000,maximum,evaluated,1,1,0,
2012-06-01,14:40,2012,NS01EO0001,St. Mary's River at Stillwater,Iron,Total,ug/l,248.000000,ug/l,300.000,maximum,evaluated,1,1,0,
2012-10-02,13:00,2012,NS01EO0001,St. Mary's River at Stillwater,Iron,Total,ug/l,276.000000,ug/l,300.000,maximum,evaluated,1,1,0,
2012-12-20,12:30,2012,NS01EO0001,St. Mary's River at Stillwater,Iron,Total,ug/l,155.000000,ug/l,300.000,maximum,evaluated,1,1,0,
2013-05-31,13:00,2013,NS01EO0001,St. Mary's River at Stillwater,Iron,Total,ug/l,140.000000,ug/l,300.000,maximum,evaluated,1,1,0,
2013-08-28,11:55,2013,NS01EO0001,St. Mary's River at Stillwater,Iron,Total,ug/l,220.000000,ug/l,300.000,maximum,evaluated,1,1,0,
2013-11-22,11:45,2013,NS01EO0001,St. Mary's River at Stillwater,Iron,Total,ug/l,216.000000,ug/l,300.000,maximum,evaluated,1,1,0,
2013-12-09,16:30,2013,NS01EO0001,St. Mary's River at Stillwater,Iron,Total,ug/l,154.000000,ug/l,300.000,maximum,evaluated,1,1,0,
2014-05-20,11:11,2014,NS01EO0001,St. Mary's River at Stillwater,Iron,Total,ug/l,156.000000,ug/l,300.000,maximum,evaluated,1,1,0,
2014-07-16,11:32,2014,NS01EO0001,St. Mary's River at Stillwater,Iron,Total,ug/l,225.000000,ug/l,300.000,maximum,evaluated,1,1,0,
2014-10-16,10:10,2014,NS01EO0001,St. Mary's River at Stillwater,Iron,Total,ug/l,193.000000,ug/l,300.000,maximum,evaluated,1,1,0,
2014-11-20,12:39,2014,NS01EO0001,St. Mary's River at Stillwater,Iron,Total,ug/l,265.000000,ug/l,300.000,maximum,evaluated,1,1,0,
2015-04-16,11:15,2015,NS01EO0001,St. Mary's River at Stillwater,Iron,Total,ug/l,148.000000,ug/l,300.000,maximum,evaluated,1,1,0,
2015-06-18,11:40,2015,NS01EO0001,St. Mary's River at Stillwater,Iron,Total,ug/l,208.000000,ug/l,300.000,maximum,evaluated,1,1,0,
2015-10-14,11:15,2015,NS01EO0001,St. Mary's River at Stillwater,Iron,Total,ug/l,327.000000,ug/l,300.000,maximum,evaluated,1,0,0,
2015-11-26,10:10,2015,NS01EO0001,St. Mary's River at Stillwater,Iron,Total,ug/l,239.000000,ug/l,300.000,maximum,evaluated,1,1,0,
2016-04-26,11:15,2016,NS01EO0001,St. Mary's River at Stillwater,Iron,Total,ug/l,112.000000,ug/l,300.000,maximum,evaluated,1,1,0,
2016-07-06,12:25,2016,NS01EO0001,St. Mary's River at Stillwater,Iron,Total,ug/l,239.000000,ug/l,300.000,maximum,evaluated,1,1,0,
2016-11-01,12:10,2016,NS01EO0001,St. Mary's River at Stillwater,Iron,Total,ug/l,262.000000,ug/l,300.000,maximum,evaluated,1,1,0,
2016-12-19,15:21,2016,NS01EO0001,St. Mary's River at Stillwater,Iron,Total,ug/l,449.000000,ug/l,300.000,maximum,evaluated,1,0,0,
2017-05-24,10:45,2017,NS01EO0001,St. Mary's River at Stillwater,Iron,Total,ug/l,171.000000,ug/l,300.000,maximum,evaluated,1,1,0,
2017-07-05,11:30,2017,NS01EO0001,St. Mary's River at Stillwater,Iron,Total,ug/l,285.000000,ug/l,300.000,maximum,evaluated,1,1,0,
2017-10-04,11:50,2017,NS01EO0001,St. Mary's River at Stillwater,Iron,Total,ug/l,370.000000,ug/l,300.000,maximum,evaluated,1,0,0,
2017-11-30,13:00,2017,NS01EO0001,St. Mary's River at Stillwater,Iron,Total,ug/l,240.000000,ug/l,300.000,maximum,evaluated,1,1,0,
2018-07-17,09:35,2018,NS01EO0001,St. Mary's River at Stillwater,Iron,Total,ug/l,265.000000,ug/l,300.000,maximum,evaluated,1,1,0,
2018-08-28,11:45,2018,NS01EO0001,St. Mary's River at Stillwater,Iron,Total,ug/l,260.000000,ug/l,300.000,maximum,evaluated,1,1,0,
2018-10-25,11:45,2018,NS01EO0001,St. Mary's River at Stillwater,Iron,Total,ug/l,384.000000,ug/l,300.000,maximum,evaluated,1,0,0,
2018-12-11,13:33,2018,NS01EO0001,St. Mary's River at Stillwater,Iron,Total,ug/l,149.000000,ug/l,300.000,maximum,evaluated,1,1,0,
2007-05-10,12:00,2007,NS01EO0001,St. Mary's River at Stillwater,Selenium,Total,ug/l,2.000000,ug/l,1.000,maximum,evaluated,1,1,1,1
2007-07-11,12:48,2007,NS01EO0001,St. Mary's River at Stillwater,Selenium,Total,ug/l,2.000000,ug/l,1.000,maximum,evaluated,1,1,1,1
2007-11-01,12:46,2007,NS01EO0001,St. Mary's River at Stillwater,Selenium,Total,ug/l,2.000000,ug/l,1.000,maximum,evaluated,1,1,1,1
2007-12-06,11:55,2007,NS01EO0001,St. Mary's River at Stillwater,Selenium,Total,ug/l,2.000000,ug/l,1.000,maximum,evaluated,1,1,1,1
2009-06-16,13:04,2009,NS01EO0001,St. Mary's River at Stillwater,Selenium,Total,ug/l,2.000000,ug/l,1.000,maximum,evaluated,1,1,1,1
2009-08-11,13:09,2009,NS01EO0001,St. Mary's River at Stillwater,Selenium,Total,ug/l,2.000000,ug/l,1.000,maximum,evaluated,1,1,1,1
2009-12-08,12:30,2009,NS01EO0001,St. Mary's River at Stillwater,Selenium,Total,ug/l,2.000000,ug/l,1.000,maximum,evaluated,1,1,1,1
2009-12-21,12:00,2009,NS01EO0001,St. Mary's River at Stillwater,Selenium,Total,ug/l,2.000000,ug/l,1.000,maximum,evaluated,1,1,1,1
2010-06-03,12:00,2010,NS01EO0001,St. Mary's River at Stillwater,Selenium,Total,ug/l,2.000000,ug/l,1.000,maximum,evaluated,1,1,1,1
2010-09-09,15:05,2010,NS01EO0001,St. Mary's River at Stillwater,Selenium,Total,ug/l,2.000000,ug/l,1.000,maximum,evaluated,1,1,1,1
2010-11-18,16:05,2010,NS01EO0001,St. Mary's River at Stillwater,Selenium,Total,ug/l,2.000000,ug/l,1.000,maximum,evaluated,1,1,1,1
2010-12-20,14:05,2010,NS01EO0001,St. Mary's River at Stillwater,Selenium,Total,ug/l,2.000000,ug/l,1.000,maximum,evaluated,1,1,1,1
2011-05-03,11:30,2011,NS01EO0001,St. Mary's River at Stillwater,Selenium,Total,ug/l,2.000000,ug/l,1.000,maximum,evaluated,1,1,1,1
2011-09-29,12:25,2011,NS01EO0001,St. Mary's River at Stillwater,Selenium,Total,ug/l,2.000000,ug/l,1.000,maximum,evaluated,1,1,1,1
2011-10-27,19:00,2011,NS01EO0001,St. Mary's River at Stillwater,Selenium,Total,ug/l,2.000000,ug/l,1.000,maximum,evaluated,1,1,1,1
2011-11-29,12:20,2011,NS01EO0001,St. Mary's River at Stillwater,Selenium,Total,ug/l,2.000000,ug/l,1.000,maximum,evaluated,1,1,1,1
2012-04-17,10:45,2012,NS01EO0001,St. Mary's River at Stillwater,Selenium,Total,ug/l,2.000000,ug/l,1.000,maximum,evaluated,1,1,1,1
2012-06-01,14:40,2012,NS01EO0001,St. Mary's River at Stillwater,Selenium,Total,ug/l,2.000000,ug/l,1.000,maximum,evaluated,1,1,1,1
2012-10-02,13:00,2012,NS01EO0001,St. Mary's River at Stillwater,Selenium,Total,ug/l,2.000000,ug/l,1.000,maximum,evaluated,1,1,1,1
2012-12-20,12:30,2012,NS01EO0001,St. Mary's River at Stillwater,Selenium,Total,ug/l,2.000000,ug/l,1.000,maximum,evaluated,1,1,1,1
2013-05-31,13:00,2013,NS01EO0001,St. Mary's River at Stillwater,Selenium,Total,ug/l,2.000000,ug/l,1.000,maximum,evaluated,1,1,1,1
2013-08-28,11:55,2013,NS01EO0001,St. Mary's River at Stillwater,Selenium,Total,ug/l,2.000000,ug/l,1.000,maximum,evaluated,1,1,1,1
2013-11-22,11:45,2013,NS01EO0001,St. Mary's River at Stillwater,Selenium,Total,ug/l,2.000000,ug/l,1.000,maximum,evaluated,1,1,1,1
2013-12-09,16:30,2013,NS01EO0001,St. Mary's River at Stillwater,Selenium,Total,ug/l,2.000000,ug/l,1.000,maximum,evaluated,1,1,1,1
2014-05-20,11:11,2014,NS01EO0001,St. Mary's River at Stillwater,Selenium,Total,ug/l,2.000000,ug/l,1.000,maximum,evaluated,1,1,1,1
2014-07-16,11:32,2014,NS01EO0001,St. Mary's River at Stillwater,Selenium,Total,ug/l,2.000000,ug/l,1.000,maximum,evaluated,1,1,1,1
2014-10-16,10:10,2014,NS01EO0001,St. Mary's River at Stillwater,Selenium,Total,ug/l,2.000000,ug/l,1.000,maximum,evaluated,1,1,1,1
2014-11-20,12:39,2014,NS01EO0001,St. Mary's River at Stillwater,Selenium,Total,ug/l,2.000000,ug/l,1.000,maximum,evaluated,1,1,1,1
2015-04-16,11:15,2015,NS01EO0001,St. Mary's River at Stillwater,Selenium,Total,ug/l,2.000000,ug/l,1.000,maximum,evaluated,1,1,1,1
2015-06-18,11:40,2015,NS01EO0001,St. Mary's River at Stillwater,Selenium,Total,ug/l,2.000000,ug/l,1.000,maximum,evaluated,1,1,1,1
2015-10-14,11:15,2015,NS01EO0001,St. Mary's River at Stillwater,Selenium,Total,ug/l,2.000000,ug/l,1.000,maximum,evaluated,1,1,1,1
2015-11-26,10:10,2015,NS01EO0001,St. Mary's River at Stillwater,Selenium,Total,ug/l,2.000000,ug/l,1.000,maximum,evaluated,1,1,1,1
2016-04-26,11:15,2016,NS01EO0001,St. Mary's River at Stillwater,Selenium,Total,ug/l,2.000000,ug/l,1.000,maximum,evaluated,1,1,1,1
2016-07-06,12:25,2016,NS01EO0001,St. Mary's River at Stillwater,Selenium,Total,ug/l,2.000000,ug/l,1.000,maximum,evaluated,1,1,1,1
2016-11-01,12:10,2016,NS01EO0001,St. Mary's River at Stillwater,Selenium,Total,ug/l,2.000000,ug/l,1.000,maximum,evaluated,1,1,1,1
2016-12-19,15:21,2016,NS01EO0001,St. Mary's River at Stillwater,Selenium,Total,ug/l,2.000000,ug/l,1.000,maximum,evaluated,1,1,1,1
2017-05-24,10:45,2017,NS01EO0001,St. Mary's River at Stillwater,Selenium,Total,ug/l,2.000000,ug/l,1.000,maximum,evaluated,1,1,1,1
2017-07-05,11:30,2017,NS01EO0001,St. Mary's River at Stillwater,Selenium,Total,ug/l,2.000000,ug/l,1.000,maximum,evaluated,1,1,1,1
2017-10-04,11:50,2017,NS01EO0001,St. Mary's River at Stillwater,Selenium,Total,ug/l,2.000000,ug/l,1.000,maximum,evaluated,1,1,1,1
2017-11-30,13:00,2017,NS01EO0001,St. Mary's River at Stillwater,Selenium,Total,ug/l,2.000000,ug/l,1.000,maximum,evaluated,1,1,1,1
2018-07-17,09:35,2018,NS01EO0001,St. Mary's River at Stillwater,Selenium,Total,ug/l,2.000000,ug/l,1.000,maximum,evaluated,1,1,1,1
2018-08-28,11:45,2018,NS01EO0001,St. Mary's River at Stillwater,Selenium,Total,ug/l,2.000000,ug/l,1.000,maximum,evaluated,1,1,1,1
2018-10-25,11:45,2018,NS01EO0001,St. Mary's River at Stillwater,Selenium,Total,ug/l,2.000000,ug/l,1.000,maximum,evaluated,1,1,1,1
2018-12-11,13:33,2018,NS01EO0001,St. Mary's River at Stillwater,Selenium,Total,ug/l,2.000000,ug/l,1.000,maximum,evaluated,1,1,1,1
2003-01-09,12:00,2003,NS01FB0001,North East Margaree River at Margaree Valley,Boron,Total,ug/l,0.005000,mg/l,1.500,maximum,evaluated,1,1,0,
2003-05-06,12:00,2003,NS01FB0001,North East Margaree River at Margaree Valley,Boron,Total,ug/l,0.005000,mg/l,1.500,maximum,evaluated,1,1,1,0
2003-07-08,12:00,2003,NS01FB0001,North East Margaree River at Margaree Valley,Boron,Total,ug/l,0.006000,mg/l,1.500,maximum,evaluated,1,1,0,
2003-11-20,12:00,2003,NS01FB0001,North East Margaree River at Margaree Valley,Boron,Total,ug/l,0.007000,mg/l,1.500,maximum,evaluated,1,1,0,
2004-07-08,08:00,2004,NS01FB0001,North East Margaree River at Margaree Valley,Boron,Total,ug/l,0.005000,mg/l,1.500,maximum,evaluated,1,1,1,0
2004-10-26,12:00,2004,NS01FB0001,North East Margaree River at Margaree Valley,Boron,Total,ug/l,0.005000,mg/l,1.500,maximum,evaluated,1,1,1,0
2004-12-15,13:00,2004,NS01FB0001,North East Margaree River at Margaree Valley,Boron,Total,ug/l,0.005000,mg/l,1.500,maximum,evaluated,1,1,0,
2005-05-11,11:00,2005,NS01FB0001,North East Margaree River at Margaree Valley,Boron,Total,ug/l,0.005000,mg/l,1.500,maximum,evaluated,1,1,1,0
2005-06-29,13:00,2005,NS01FB0001,North East Margaree River at Margaree Valley,Boron,Total,ug/l,0.005000,mg/l,1.500,maximum,evaluated,1,1,1,0
2005-09-14,14:00,2005,NS01FB0001,North East Margaree River at Margaree Valley,Boron,Total,ug/l,0.006000,mg/l,1.500,maximum,evaluated,1,1,0,
2005-12-01,13:00,2005,NS01FB0001,North East Margaree River at Margaree Valley,Boron,Total,ug/l,0.005000,mg/l,1.500,maximum,evaluated,1,1,1,0
2006-06-22,12:00,2006,NS01FB0001,North East Margaree River at Margaree Valley,Boron,Total,ug/l,0.006000,mg/l,1.500,maximum,evaluated,1,1,0,
2006-09-21,13:00,2006,NS01FB0001,North East Margaree River at Margaree Valley,Boron,Total,ug/l,0.005000,mg/l,1.500,maximum,evaluated,1,1,0,
2006-12-14,14:00,2006,NS01FB0001,North East Margaree River at Margaree Valley,Boron,Total,ug/l,0.005000,mg/l,1.500,maximum,evaluated,1,1,1,0
2007-04-26,12:00,2007,NS01FB0001,North East Margaree River at Margaree Valley,Boron,Total,ug/l,0.005000,mg/l,1.500,maximum,evaluated,1,1,1,0
2007-07-14,13:00,2007,NS01FB0001,North East Margaree River at Margaree Valley,Boron,Total,ug/l,0.005000,mg/l,1.500,maximum,evaluated,1,1,1,0
2007-08-23,15:00,2007,NS01FB0001,North East Margaree River at Margaree Valley,Boron,Total,ug/l,0.006000,mg/l,1.500,maximum,evaluated,1,1,0,
2007-11-08,14:00,2007,NS01FB0001,North East Margaree River at Margaree Valley,Boron,Total,ug/l,0.005000,mg/l,1.500,maximum,evaluated,1,1,1,0
2008-05-08,12:00,2008,NS01FB0001,North East Margaree River at Margaree Valley,Boron,Total,ug/l,0.005000,mg/l,1.500,maximum,evaluated,1,1,1,0
2008-06-04,12:00,2008,NS01FB0001,North East Margaree River at Margaree Valley,Boron,Total,ug/l,0.005000,mg/l,1.500,maximum,evaluated,1,1,1,0
2008-10-22,12:00,2008,NS01FB0001,North East Margaree River at Margaree Valley,Boron,Total,ug/l,0.005000,mg/l,1.500,maximum,evaluated,1,1,1,0
2008-12-04,14:00,2008,NS01FB0001,North East Margaree River at Margaree Valley,Boron,Total,ug/l,0.005000,mg/l,1.500,maximum,evaluated,1,1,1,0
2009-05-07,11:00,2009,NS01FB0001,North East Margaree River at Margaree Valley,Boron,Total,ug/l,0.005000,mg/l,1.500,maximum,evaluated,1,1,1,0
2009-08-26,14:00,2009,NS01FB0001,North East Margaree River at Margaree Valley,Boron,Total,ug/l,0.006000,mg/l,1.500,maximum,evaluated,1,1,0,
2009-11-25,15:00,2009,NS01FB0001,North East Margaree River at Margaree Valley,Boron,Total,ug/l,0.005000,mg/l,1.500,maximum,evaluated,1,1,1,0
2009-12-22,16:00,2009,NS01FB0001,North East Margaree River at Margaree Valley,Boron,Total,ug/l,0.005000,mg/l,1.500,maximum,evaluated,1,1,1,0
2010-05-26,11:00,2010,NS01FB0001,North East Margaree River at Margaree Valley,Boron,Total,ug/l,0.005000,mg/l,1.500,maximum,evaluated,1,1,1,0
2010-09-09,18:00,2010,NS01FB0001,North East Margaree River at Margaree Valley,Boron,Total,ug/l,0.005000,mg/l,1.500,maximum,evaluated,1,1,1,0
2010-10-21,14:00,2010,NS01FB0001,North East Margaree River at Margaree Valley,Boron,Total,ug/l,0.005000,mg/l,1.500,maximum,evaluated,1,1,1,0
2010-12-20,10:00,2010,NS01FB0001,North East Margaree River at Margaree Valley,Boron,Total,ug/l,0.005000,mg/l,1.500,maximum,evaluated,1,1,1,0
2011-06-09,14:00,2011,NS01FB0001,North East Margaree River at Margaree Valley,Boron,Total,ug/l,0.005000,mg/l,1.500,maximum,evaluated,1,1,1,0
2011-09-22,10:00,2011,NS01FB0001,North East Margaree River at Margaree Valley,Boron,Total,ug/l,0.005000,mg/l,1.500,maximum,evaluated,1,1,1,0
2011-10-27,13:00,2011,NS01FB0001,North East Margaree River at Margaree Valley,Boron,Total,ug/l,0.005000,mg/l,1.500,maximum,evaluated,1,1,1,0
2011-11-25,09:00,2011,NS01FB0001,North East Margaree River at Margaree Valley,Boron,Total,ug/l,0.005000,mg/l,1.500,maximum,evaluated,1,1,1,0
2012-03-19,14:00,2012,NS01FB0001,North East Margaree River at Margaree Valley,Boron,Total,ug/l,0.005000,mg/l,1.500,maximum,evaluated,1,1,1,0
2012-05-31,14:00,2012,NS01FB0001,North East Margaree River at Margaree Valley,Boron,Total,ug/l,0.005000,mg/l,1.500,maximum,evaluated,1,1,1,0
2012-10-11,13:00,2012,NS01FB0001,North East Margaree River at Margaree Valley,Boron,Total,ug/l,0.005000,mg/l,1.500,maximum,evaluated,1,1,1,0
2012-11-26,14:00,2012,NS01FB0001,North East Margaree River at Margaree Valley,Boron,Total,ug/l,0.005000,mg/l,1.500,maximum,evaluated,1,1,0,
2013-05-07,09:00,2013,NS01FB0001,North East Margaree River at Margaree Valley,Boron,Total,ug/l,0.005000,mg/l,1.500,maximum,evaluated,1,1,1,0
2013-07-30,11:00,2013,NS01FB0001,North East Margaree River at Margaree Valley,Boron,Total,ug/l,0.005000,mg/l,1.500,maximum,evaluated,1,1,0,
2013-10-10,13:00,2013,NS01FB0001,North East Margaree River at Margaree Valley,Boron,Total,ug/l,0.005000,mg/l,1.500,maximum,evaluated,1,1,0,
2013-12-10,11:00,2013,NS01FB0001,North East Margaree River at Margaree Valley,Boron,Total,ug/l,0.005000,mg/l,1.500,maximum,evaluated,1,1,1,0
2014-05-01,13:00,2014,NS01FB0001,North East Margaree River at Margaree Valley,Boron,Total,ug/l,0.005000,mg/l,1.500,maximum,evaluated,1,1,1,0
2014-06-17,09:00,2014,NS01FB0001,North East Margaree River at Margaree Valley,Boron,Total,ug/l,0.005000,mg/l,1.500,maximum,evaluated,1,1,1,0
2014-09-18,12:00,2014,NS01FB0001,North East Margaree River at Margaree Valley,Boron,Total,ug/l,0.005000,mg/l,1.500,maximum,evaluated,1,1,1,0
2014-12-11,14:00,2014,NS01FB0001,North East Margaree River at Margaree Valley,Boron,Total,ug/l,0.005000,mg/l,1.500,maximum,evaluated,1,1,1,0
2015-05-11,13:00,2015,NS01FB0001,North East Margaree River at Margaree Valley,Boron,Total,ug/l,0.005000,mg/l,1.500,maximum,evaluated,1,1,1,0
2015-06-30,13:00,2015,NS01FB0001,North East Margaree River at Margaree Valley,Boron,Total,ug/l,0.005000,mg/l,1.500,maximum,evaluated,1,1,1,0
2015-09-21,13:00,2015,NS01FB0001,North East Margaree River at Margaree Valley,Boron,Total,ug/l,0.005000,mg/l,1.500,maximum,evaluated,1,1,0,
2015-11-30,14:00,2015,NS01FB0001,North East Margaree River at Margaree Valley,Boron,Total,ug/l,0.005000,mg/l,1.500,maximum,evaluated,1,1,1,0
2016-04-25,14:00,2016,NS01FB0001,North East Margaree River at Margaree Valley,Boron,Total,ug/l,0.005000,mg/l,1.500,maximum,evaluated,1,1,1,0
2016-08-16,13:00,2016,NS01FB0001,North East Margaree River at Margaree Valley,Boron,Total,ug/l,0.005000,mg/l,1.500,maximum,evaluated,1,1,0,
2016-11-16,11:00,2016,NS01FB0001,North East Margaree River at Margaree Valley,Boron,Total,ug/l,0.005000,mg/l,1.500,maximum,evaluated,1,1,1,0
2016-12-20,11:00,2016,NS01FB0001,North East Margaree River at Margaree Valley,Boron,Total,ug/l,0.005000,mg/l,1.500,maximum,evaluated,1,1,1,0
2017-05-01,13:00,2017,NS01FB0001,North East Margaree River at Margaree Valley,Boron,Total,ug/l,0.005000,mg/l,1.500,maximum,evaluated,1,1,1,0
2017-08-16,13:00,2017,NS01FB0001,North East Margaree River at Margaree Valley,Boron,Total,ug/l,0.007000,mg/l,1.500,maximum,evaluated,1,1,0,
2017-10-24,16:00,2017,NS01FB0001,North East Margaree River at Margaree Valley,Boron,Total,ug/l,0.050000,mg/l,1.500,maximum,evaluated,1,1,1,0
2017-12-19,11:00,2017,NS01FB0001,North East Margaree River at Margaree Valley,Boron,Total,ug/l,0.050000,mg/l,1.500,maximum,evaluated,1,1,1,0
2018-06-05,16:00,2018,NS01FB0001,North East Margaree River at Margaree Valley,Boron,Total,ug/l,0.050000,mg/l,1.500,maximum,evaluated,1,1,1,0
2018-08-27,15:00,2018,NS01FB0001,North East Margaree River at Margaree Valley,Boron,Total,ug/l,0.020000,mg/l,1.500,maximum,evaluated,1,1,1,0
2018-10-09,14:00,2018,NS01FB0001,North East Margaree River at Margaree Valley,Boron,Total,ug/l,0.020000,mg/l,1.500,maximum,evaluated,1,1,1,0
2018-12-20,13:00,2018,NS01FB0001,North East Margaree River at Margaree Valley,Boron,Total,ug/l,0.020000,mg/l,1.500,maximum,evaluated,1,1,1,0
2003-01-09,12:00,2003,NS01FB0001,North East Margaree River at Margaree Valley,Chloride,Dissolved,mg/l,26.000000,mg/l,120.000,maximum,evaluated,1,1,0,
2003-05-06,12:00,2003,NS01FB0001,North East Margaree River at Margaree Valley,Chloride,Dissolved,mg/l,11.000000,mg/l,120.000,maximum,evaluated,1,1,0,
2003-07-08,12:00,2003,NS01FB0001,North East Margaree River at Margaree Valley,Chloride,Dissolved,mg/l,42.000000,mg/l,120.000,maximum,evaluated,1,1,0,
2003-11-20,12:00,2003,NS01FB0001,North East Margaree River at Margaree Valley,Chloride,Dissolved,mg/l,18.000000,mg/l,120.000,maximum,evaluated,1,1,0,
2004-07-08,08:00,2004,NS01FB0001,North East Margaree River at Margaree Valley,Chloride,Dissolved,mg/l,30.000000,mg/l,120.000,maximum,evaluated,1,1,0,
2004-10-26,12:00,2004,NS01FB0001,North East Margaree River at Margaree Valley,Chloride,Dissolved,mg/l,22.000000,mg/l,120.000,maximum,evaluated,1,1,0,
2004-12-15,13:00,2004,NS01FB0001,North East Margaree River at Margaree Valley,Chloride,Dissolved,mg/l,17.000000,mg/l,120.000,maximum,evaluated,1,1,0,
2005-05-11,11:00,2005,NS01FB0001,North East Margaree River at Margaree Valley,Chloride,Dissolved,mg/l,15.000000,mg/l,120.000,maximum,evaluated,1,1,0,
2005-06-29,13:00,2005,NS01FB0001,North East Margaree River at Margaree Valley,Chloride,Dissolved,mg/l,44.000000,mg/l,120.000,maximum,evaluated,1,1,0,
2005-09-14,14:00,2005,NS01FB0001,North East Margaree River at Margaree Valley,Chloride,Dissolved,mg/l,18.000000,mg/l,120.000,maximum,evaluated,1,1,0,
2005-12-01,13:00,2005,NS01FB0001,North East Margaree River at Margaree Valley,Chloride,Dissolved,mg/l,17.000000,mg/l,120.000,maximum,evaluated,1,1,0,
2006-06-22,12:00,2006,NS01FB0001,North East Margaree River at Margaree Valley,Chloride,Dissolved,mg/l,28.000000,mg/l,120.000,maximum,evaluated,1,1,0,
2006-09-21,13:00,2006,NS01FB0001,North East Margaree River at Margaree Valley,Chloride,Dissolved,mg/l,41.000000,mg/l,120.000,maximum,evaluated,1,1,0,
2006-12-14,14:00,2006,NS01FB0001,North East Margaree River at Margaree Valley,Chloride,Dissolved,mg/l,16.000000,mg/l,120.000,maximum,evaluated,1,1,0,
2007-04-26,12:00,2007,NS01FB0001,North East Margaree River at Margaree Valley,Chloride,Dissolved,mg/l,14.000000,mg/l,120.000,maximum,evaluated,1,1,0,
2007-07-14,13:00,2007,NS01FB0001,North East Margaree River at Margaree Valley,Chloride,Dissolved,mg/l,28.000000,mg/l,120.000,maximum,evaluated,1,1,0,
2007-08-23,15:00,2007,NS01FB0001,North East Margaree River at Margaree Valley,Chloride,Dissolved,mg/l,16.000000,mg/l,120.000,maximum,evaluated,1,1,0,
2007-11-08,14:00,2007,NS01FB0001,North East Margaree River at Margaree Valley,Chloride,Dissolved,mg/l,14.000000,mg/l,120.000,maximum,evaluated,1,1,0,
2008-05-08,12:00,2008,NS01FB0001,North East Margaree River at Margaree Valley,Chloride,Dissolved,mg/l,9.800000,mg/l,120.000,maximum,evaluated,1,1,0,
2008-06-04,12:00,2008,NS01FB0001,North East Margaree River at Margaree Valley,Chloride,Dissolved,mg/l,16.000000,mg/l,120.000,maximum,evaluated,1,1,0,
2008-10-22,12:00,2008,NS01FB0001,North East Margaree River at Margaree Valley,Chloride,Dissolved,mg/l,23.000000,mg/l,120.000,maximum,evaluated,1,1,0,
2008-12-04,14:00,2008,NS01FB0001,North East Margaree River at Margaree Valley,Chloride,Dissolved,mg/l,13.000000,mg/l,120.000,maximum,evaluated,1,1,0,
2009-05-07,11:00,2009,NS01FB0001,North East Margaree River at Margaree Valley,Chloride,Dissolved,mg/l,6.300000,mg/l,120.000,maximum,evaluated,1,1,0,
2009-08-26,14:00,2009,NS01FB0001,North East Margaree River at Margaree Valley,Chloride,Dissolved,mg/l,25.000000,mg/l,120.000,maximum,evaluated,1,1,0,
2009-11-25,15:00,2009,NS01FB0001,North East Margaree River at Margaree Valley,Chloride,Dissolved,mg/l,16.000000,mg/l,120.000,maximum,evaluated,1,1,0,
2009-12-22,16:00,2009,NS01FB0001,North East Margaree River at Margaree Valley,Chloride,Dissolved,mg/l,16.000000,mg/l,120.000,maximum,evaluated,1,1,0,
2010-05-26,11:00,2010,NS01FB0001,North East Margaree River at Margaree Valley,Chloride,Dissolved,mg/l,16.000000,mg/l,120.000,maximum,evaluated,1,1,0,
2010-09-09,18:00,2010,NS01FB0001,North East Margaree River at Margaree Valley,Chloride,Dissolved,mg/l,4.600000,mg/l,120.000,maximum,evaluated,1,1,0,
2010-10-21,14:00,2010,NS01FB0001,North East Margaree River at Margaree Valley,Chloride,Dissolved,mg/l,10.700000,mg/l,120.000,maximum,evaluated,1,1,0,
2010-12-20,10:00,2010,NS01FB0001,North East Margaree River at Margaree Valley,Chloride,Dissolved,mg/l,18.000000,mg/l,120.000,maximum,evaluated,1,1,0,
2011-06-09,14:00,2011,NS01FB0001,North East Margaree River at Margaree Valley,Chloride,Dissolved,mg/l,22.300000,mg/l,120.000,maximum,evaluated,1,1,0,
2011-09-22,10:00,2011,NS01FB0001,North East Margaree River at Margaree Valley,Chloride,Dissolved,mg/l,23.400000,mg/l,120.000,maximum,evaluated,1,1,0,
2011-10-27,13:00,2011,NS01FB0001,North East Margaree River at Margaree Valley,Chloride,Dissolved,mg/l,11.600000,mg/l,120.000,maximum,evaluated,1,1,0,
2011-11-25,09:00,2011,NS01FB0001,North East Margaree River at Margaree Valley,Chloride,Dissolved,mg/l,16.800000,mg/l,120.000,maximum,evaluated,1,1,0,
2012-03-19,14:00,2012,NS01FB0001,North East Margaree River at Margaree Valley,Chloride,Dissolved,mg/l,16.900000,mg/l,120.000,maximum,evaluated,1,1,0,
2012-05-31,14:00,2012,NS01FB0001,North East Margaree River at Margaree Valley,Chloride,Dissolved,mg/l,25.500000,mg/l,120.000,maximum,evaluated,1,1,0,
2012-10-11,13:00,2012,NS01FB0001,North East Margaree River at Margaree Valley,Chloride,Dissolved,mg/l,15.300000,mg/l,120.000,maximum,evaluated,1,1,0,
2012-11-26,14:00,2012,NS01FB0001,North East Margaree River at Margaree Valley,Chloride,Dissolved,mg/l,21.600000,mg/l,120.000,maximum,evaluated,1,1,0,
2013-05-07,09:00,2013,NS01FB0001,North East Margaree River at Margaree Valley,Chloride,Dissolved,mg/l,7.200000,mg/l,120.000,maximum,evaluated,1,1,0,
2013-07-30,11:00,2013,NS01FB0001,North East Margaree River at Margaree Valley,Chloride,Dissolved,mg/l,17.900000,mg/l,120.000,maximum,evaluated,1,1,0,
2013-10-10,13:00,2013,NS01FB0001,North East Margaree River at Margaree Valley,Chloride,Dissolved,mg/l,22.200000,mg/l,120.000,maximum,evaluated,1,1,0,
2013-12-10,11:00,2013,NS01FB0001,North East Margaree River at Margaree Valley,Chloride,Dissolved,mg/l,10.400000,mg/l,120.000,maximum,evaluated,1,1,0,
2014-05-01,13:00,2014,NS01FB0001,North East Margaree River at Margaree Valley,Chloride,Dissolved,mg/l,8.300000,mg/l,120.000,maximum,evaluated,1,1,0,
2014-06-17,09:00,2014,NS01FB0001,North East Margaree River at Margaree Valley,Chloride,Dissolved,mg/l,32.400000,mg/l,120.000,maximum,evaluated,1,1,0,
2014-09-18,12:00,2014,NS01FB0001,North East Margaree River at Margaree Valley,Chloride,Dissolved,mg/l,35.800000,mg/l,120.000,maximum,evaluated,1,1,0,
2014-12-11,14:00,2014,NS01FB0001,North East Margaree River at Margaree Valley,Chloride,Dissolved,mg/l,12.800000,mg/l,120.000,maximum,evaluated,1,1,0,
2015-05-11,13:00,2015,NS01FB0001,North East Margaree River at Margaree Valley,Chloride,Dissolved,mg/l,6.300000,mg/l,120.000,maximum,evaluated,1,1,0,
2015-06-30,13:00,2015,NS01FB0001,North East Margaree River at Margaree Valley,Chloride,Dissolved,mg/l,24.500000,mg/l,120.000,maximum,evaluated,1,1,0,
2015-09-21,13:00,2015,NS01FB0001,North East Margaree River at Margaree Valley,Chloride,Dissolved,mg/l,19.000000,mg/l,120.000,maximum,evaluated,1,1,0,
2015-11-30,14:00,2015,NS01FB0001,North East Margaree River at Margaree Valley,Chloride,Dissolved,mg/l,8.400000,mg/l,120.000,maximum,evaluated,1,1,0,
2016-04-25,14:00,2016,NS01FB0001,North East Margaree River at Margaree Valley,Chloride,Dissolved,mg/l,11.300000,mg/l,120.000,maximum,evaluated,1,1,0,
2016-08-16,13:00,2016,NS01FB0001,North East Margaree River at Margaree Valley,Chloride,Dissolved,mg/l,46.700000,mg/l,120.000,maximum,evaluated,1,1,0,
2016-11-16,11:00,2016,NS01FB0001,North East Margaree River at Margaree Valley,Chloride,Dissolved,mg/l,18.700000,mg/l,120.000,maximum,evaluated,1,1,0,
2016-12-20,11:00,2016,NS01FB0001,North East Margaree River at Margaree Valley,Chloride,Dissolved,mg/l,13.100000,mg/l,120.000,maximum,evaluated,1,1,0,
2017-05-01,13:00,2017,NS01FB0001,North East Margaree River at Margaree Valley,Chloride,Dissolved,mg/l,7.500000,mg/l,120.000,maximum,evaluated,1,1,0,
2017-08-16,13:00,2017,NS01FB0001,North East Margaree River at Margaree Valley,Chloride,Dissolved,mg/l,47.400000,mg/l,120.000,maximum,evaluated,1,1,0,
2017-10-24,16:00,2017,NS01FB0001,North East Margaree River at Margaree Valley,Chloride,Dissolved,mg/l,31.400000,mg/l,120.000,maximum,evaluated,1,1,0,
2017-12-19,11:00,2017,NS01FB0001,North East Margaree River at Margaree Valley,Chloride,Dissolved,mg/l,15.200000,mg/l,120.000,maximum,evaluated,1,1,0,
2018-06-05,16:00,2018,NS01FB0001,North East Margaree River at Margaree Valley,Chloride,Dissolved,mg/l,13.000000,mg/l,120.000,maximum,evaluated,1,1,0,
2018-08-27,15:00,2018,NS01FB0001,North East Margaree River at Margaree Valley,Chloride,Dissolved,mg/l,45.900000,mg/l,120.000,maximum,evaluated,1,1,0,
2018-10-09,14:00,2018,NS01FB0001,North East Margaree River at Margaree Valley,Chloride,Dissolved,mg/l,28.000000,mg/l,120.000,maximum,evaluated,1,1,0,
2018-12-20,13:00,2018,NS01FB0001,North East Margaree River at Margaree Valley,Chloride,Dissolved,mg/l,26.500000,mg/l,120.000,maximum,evaluated,1,1,0,
2002-06-12,09:00,2002,NS01FB0001,North East Margaree River at Margaree Valley,Dissolved oxygen (DO),(not stated),mg/l,11.600000,mg/l,6.500,minimum,evaluated,1,1,0,
2002-09-25,14:00,2002,NS01FB0001,North East Margaree River at Margaree Valley,Dissolved oxygen (DO),(not stated),mg/l,10.030000,mg/l,6.500,minimum,evaluated,1,1,0,
2002-09-26,10:00,2002,NS01FB0001,North East Margaree River at Margaree Valley,Dissolved oxygen (DO),(not stated),mg/l,10.770000,mg/l,6.500,minimum,evaluated,1,1,0,
2003-05-06,12:00,2003,NS01FB0001,North East Margaree River at Margaree Valley,Dissolved oxygen (DO),(not stated),mg/l,14.120000,mg/l,6.500,minimum,evaluated,1,1,0,
2003-07-08,12:00,2003,NS01FB0001,North East Margaree River at Margaree Valley,Dissolved oxygen (DO),(not stated),mg/l,10.810000,mg/l,6.500,minimum,evaluated,1,1,0,
2003-11-20,12:00,2003,NS01FB0001,North East Margaree River at Margaree Valley,Dissolved oxygen (DO),(not stated),mg/l,12.810000,mg/l,6.500,minimum,evaluated,1,1,0,
2004-07-08,08:00,2004,NS01FB0001,North East Margaree River at Margaree Valley,Dissolved oxygen (DO),(not stated),mg/l,10.560000,mg/l,6.500,minimum,evaluated,1,1,0,
2004-10-26,12:00,2004,NS01FB0001,North East Margaree River at Margaree Valley,Dissolved oxygen (DO),(not stated),mg/l,12.080000,mg/l,6.500,minimum,evaluated,1,1,0,
2004-12-15,13:00,2004,NS01FB0001,North East Margaree River at Margaree Valley,Dissolved oxygen (DO),(not stated),mg/l,13.900000,mg/l,6.500,minimum,evaluated,1,1,0,
2005-05-11,11:00,2005,NS01FB0001,North East Margaree River at Margaree Valley,Dissolved oxygen (DO),(not stated),mg/l,11.290000,mg/l,6.500,minimum,evaluated,1,1,0,
2005-06-29,13:00,2005,NS01FB0001,North East Margaree River at Margaree Valley,Dissolved oxygen (DO),(not stated),mg/l,8.680000,mg/l,6.500,minimum,evaluated,1,1,0,
2005-09-14,14:00,2005,NS01FB0001,North East Margaree River at Margaree Valley,Dissolved oxygen (DO),(not stated),mg/l,9.800000,mg/l,6.500,minimum,evaluated,1,1,0,
2005-12-01,13:00,2005,NS01FB0001,North East Margaree River at Margaree Valley,Dissolved oxygen (DO),(not stated),mg/l,11.660000,mg/l,6.500,minimum,evaluated,1,1,0,
2006-06-22,12:00,2006,NS01FB0001,North East Margaree River at Margaree Valley,Dissolved oxygen (DO),(not stated),mg/l,9.120000,mg/l,6.500,minimum,evaluated,1,1,0,
2006-09-21,13:00,2006,NS01FB0001,North East Margaree River at Margaree Valley,Dissolved oxygen (DO),(not stated),mg/l,9.840000,mg/l,6.500,minimum,evaluated,1,1,0,
2006-12-14,14:00,2006,NS01FB0001,North East Margaree River at Margaree Valley,Dissolved oxygen (DO),(not stated),mg/l,12.760000,mg/l,6.500,minimum,evaluated,1,1,0,
2007-04-26,12:00,2007,NS01FB0001,North East Margaree River at Margaree Valley,Dissolved oxygen (DO),(not stated),mg/l,13.600000,mg/l,6.500,minimum,evaluated,1,1,0,
2007-07-14,13:00,2007,NS01FB0001,North East Margaree River at Margaree Valley,Dissolved oxygen (DO),(not stated),mg/l,10.360000,mg/l,6.500,minimum,evaluated,1,1,0,
2007-08-23,15:00,2007,NS01FB0001,North East Margaree River at Margaree Valley,Dissolved oxygen (DO),(not stated),mg/l,10.090000,mg/l,6.500,minimum,evaluated,1,1,0,
2007-11-08,14:00,2007,NS01FB0001,North East Margaree River at Margaree Valley,Dissolved oxygen (DO),(not stated),mg/l,12.090000,mg/l,6.500,minimum,evaluated,1,1,0,
2008-05-08,12:00,2008,NS01FB0001,North East Margaree River at Margaree Valley,Dissolved oxygen (DO),(not stated),mg/l,12.090000,mg/l,6.500,minimum,evaluated,1,1,0,
2008-06-04,12:00,2008,NS01FB0001,North East Margaree River at Margaree Valley,Dissolved oxygen (DO),(not stated),mg/l,10.810000,mg/l,6.500,minimum,evaluated,1,1,0,
2008-10-22,12:00,2008,NS01FB0001,North East Margaree River at Margaree Valley,Dissolved oxygen (DO),(not stated),mg/l,12.410000,mg/l,6.500,minimum,evaluated,1,1,0,
2008-12-04,14:00,2008,NS01FB0001,North East Margaree River at Margaree Valley,Dissolved oxygen (DO),(not stated),mg/l,12.650000,mg/l,6.500,minimum,evaluated,1,1,0,
2009-05-07,11:00,2009,NS01FB0001,North East Margaree River at Margaree Valley,Dissolved oxygen (DO),(not stated),mg/l,12.270000,mg/l,6.500,minimum,evaluated,1,1,0,
2009-11-25,15:00,2009,NS01FB0001,North East Margaree River at Margaree Valley,Dissolved oxygen (DO),(not stated),mg/l,12.470000,mg/l,6.500,minimum,evaluated,1,1,0,
2009-12-22,16:00,2009,NS01FB0001,North East Margaree River at Margaree Valley,Dissolved oxygen (DO),(not stated),mg/l,13.610000,mg/l,6.500,minimum,evaluated,1,1,0,
2010-05-26,11:00,2010,NS01FB0001,North East Margaree River at Margaree Valley,Dissolved oxygen (DO),(not stated),mg/l,11.050000,mg/l,6.500,minimum,evaluated,1,1,0,
2010-09-09,18:00,2010,NS01FB0001,North East Margaree River at Margaree Valley,Dissolved oxygen (DO),(not stated),mg/l,9.960000,mg/l,6.500,minimum,evaluated,1,1,0,
2010-10-21,14:00,2010,NS01FB0001,North East Margaree River at Margaree Valley,Dissolved oxygen (DO),(not stated),mg/l,12.120000,mg/l,6.500,minimum,evaluated,1,1,0,
2010-12-20,10:00,2010,NS01FB0001,North East Margaree River at Margaree Valley,Dissolved oxygen (DO),(not stated),mg/l,12.850000,mg/l,6.500,minimum,evaluated,1,1,0,
2011-06-09,14:00,2011,NS01FB0001,North East Margaree River at Margaree Valley,Dissolved oxygen (DO),(not stated),mg/l,10.430000,mg/l,6.500,minimum,evaluated,1,1,0,
2011-09-22,10:00,2011,NS01FB0001,North East Margaree River at Margaree Valley,Dissolved oxygen (DO),(not stated),mg/l,10.700000,mg/l,6.500,minimum,evaluated,1,1,0,
2011-10-27,13:00,2011,NS01FB0001,North East Margaree River at Margaree Valley,Dissolved oxygen (DO),(not stated),mg/l,11.890000,mg/l,6.500,minimum,evaluated,1,1,0,
2011-11-25,09:00,2011,NS01FB0001,North East Margaree River at Margaree Valley,Dissolved oxygen (DO),(not stated),mg/l,13.220000,mg/l,6.500,minimum,evaluated,1,1,0,
2012-03-19,14:00,2012,NS01FB0001,North East Margaree River at Margaree Valley,Dissolved oxygen (DO),(not stated),mg/l,12.410000,mg/l,6.500,minimum,evaluated,1,1,0,
2012-05-31,14:00,2012,NS01FB0001,North East Margaree River at Margaree Valley,Dissolved oxygen (DO),(not stated),mg/l,11.010000,mg/l,6.500,minimum,evaluated,1,1,0,
2012-10-11,13:00,2012,NS01FB0001,North East Margaree River at Margaree Valley,Dissolved oxygen (DO),(not stated),mg/l,10.360000,mg/l,6.500,minimum,evaluated,1,1,0,
2013-05-07,09:00,2013,NS01FB0001,North East Margaree River at Margaree Valley,Dissolved oxygen (DO),(not stated),mg/l,12.520000,mg/l,6.500,minimum,evaluated,1,1,0,
2013-07-30,11:00,2013,NS01FB0001,North East Margaree River at Margaree Valley,Dissolved oxygen (DO),(not stated),mg/l,9.720000,mg/l,6.500,minimum,evaluated,1,1,0,
2013-10-10,13:00,2013,NS01FB0001,North East Margaree River at Margaree Valley,Dissolved oxygen (DO),(not stated),mg/l,11.570000,mg/l,6.500,minimum,evaluated,1,1,0,
2013-12-10,11:00,2013,NS01FB0001,North East Margaree River at Margaree Valley,Dissolved oxygen (DO),(not stated),mg/l,13.300000,mg/l,6.500,minimum,evaluated,1,1,0,
2014-05-01,13:00,2014,NS01FB0001,North East Margaree River at Margaree Valley,Dissolved oxygen (DO),(not stated),mg/l,12.440000,mg/l,6.500,minimum,evaluated,1,1,0,
2014-06-17,09:00,2014,NS01FB0001,North East Margaree River at Margaree Valley,Dissolved oxygen (DO),(not stated),mg/l,11.100000,mg/l,6.500,minimum,evaluated,1,1,0,
2014-09-18,12:00,2014,NS01FB0001,North East Margaree River at Margaree Valley,Dissolved oxygen (DO),(not stated),mg/l,10.980000,mg/l,6.500,minimum,evaluated,1,1,0,
2014-12-11,14:00,2014,NS01FB0001,North East Margaree River at Margaree Valley,Dissolved oxygen (DO),(not stated),mg/l,12.770000,mg/l,6.500,minimum,evaluated,1,1,0,
2015-05-11,13:00,2015,NS01FB0001,North East Margaree River at Margaree Valley,Dissolved oxygen (DO),(not stated),mg/l,12.550000,mg/l,6.500,minimum,evaluated,1,1,0,
2015-06-30,13:00,2015,NS01FB0001,North East Margaree River at Margaree Valley,Dissolved oxygen (DO),(not stated),mg/l,10.720000,mg/l,6.500,minimum,evaluated,1,1,0,
2015-09-21,13:00,2015,NS01FB0001,North East Margaree River at Margaree Valley,Dissolved oxygen (DO),(not stated),mg/l,10.260000,mg/l,6.500,minimum,evaluated,1,1,0,
2015-11-30,14:00,2015,NS01FB0001,North East Margaree River at Margaree Valley,Dissolved oxygen (DO),(not stated),mg/l,13.660000,mg/l,6.500,minimum,evaluated,1,1,0,
2016-04-25,14:00,2016,NS01FB0001,North East Margaree River at Margaree Valley,Dissolved oxygen (DO),(not stated),mg/l,10.030000,mg/l,6.500,minimum,evaluated,1,1,0,
2016-08-16,13:00,2016,NS01FB0001,North East Margaree River at Margaree Valley,Dissolved oxygen (DO),(not stated),mg/l,9.340000,mg/l,6.500,minimum,evaluated,1,1,0,
2016-11-16,11:00,2016,NS01FB0001,North East Margaree River at Margaree Valley,Dissolved oxygen (DO),(not stated),mg/l,9.860000,mg/l,6.500,minimum,evaluated,1,1,0,
2016-12-20,11:00,2016,NS01FB0001,North East Margaree River at Margaree Valley,Dissolved oxygen (DO),(not stated),mg/l,10.670000,mg/l,6.500,minimum,evaluated,1,1,0,
2017-05-01,13:00,2017,NS01FB0001,North East Margaree River at Margaree Valley,Dissolved oxygen (DO),(not stated),mg/l,12.630000,mg/l,6.500,minimum,evaluated,1,1,0,
2017-08-16,13:00,2017,NS01FB0001,North East Margaree River at Margaree Valley,Dissolved oxygen (DO),(not stated),mg/l,9.400000,mg/l,6.500,minimum,evaluated,1,1,0,
2017-10-24,16:00,2017,NS01FB0001,North East Margaree River at Margaree Valley,Dissolved oxygen (DO),(not stated),mg/l,9.710000,mg/l,6.500,minimum,evaluated,1,1,0,
2017-12-19,11:00,2017,NS01FB0001,North East Margaree River at Margaree Valley,Dissolved oxygen (DO),(not stated),mg/l,13.810000,mg/l,6.500,minimum,evaluated,1,1,0,
2018-06-05,16:00,2018,NS01FB0001,North East Margaree River at Margaree Valley,Dissolved oxygen (DO),(not stated),mg/l,11.120000,mg/l,6.500,minimum,evaluated,1,1,0,
2018-08-27,15:00,2018,NS01FB0001,North East Margaree River at Margaree Valley,Dissolved oxygen (DO),(not stated),mg/l,9.450000,mg/l,6.500,minimum,evaluated,1,1,0,
2018-10-09,14:00,2018,NS01FB0001,North East Margaree River at Margaree Valley,Dissolved oxygen (DO),(not stated),mg/l,11.350000,mg/l,6.500,minimum,evaluated,1,1,0,
2018-12-20,13:00,2018,NS01FB0001,North East Margaree River at Margaree Valley,Dissolved oxygen (DO),(not stated),mg/l,13.790000,mg/l,6.500,minimum,evaluated,1,1,0,
2003-01-09,12:00,2003,NS01FB0001,North East Margaree River at Margaree Valley,Iron,Total,ug/l,20.000000,ug/l,300.000,maximum,evaluated,1,1,1,0
2003-05-06,12:00,2003,NS01FB0001,North East Margaree River at Margaree Valley,Iron,Total,ug/l,36.000000,ug/l,300.000,maximum,evaluated,1,1,0,
2003-07-08,12:00,2003,NS01FB0001,North East Margaree River at Margaree Valley,Iron,Total,ug/l,20.000000,ug/l,300.000,maximum,evaluated,1,1,1,0
2003-11-20,12:00,2003,NS01FB0001,North East Margaree River at Margaree Valley,Iron,Total,ug/l,47.000000,ug/l,300.000,maximum,evaluated,1,1,0,
2004-07-08,08:00,2004,NS01FB0001,North East Margaree River at Margaree Valley,Iron,Total,ug/l,20.000000,ug/l,300.000,maximum,evaluated,1,1,1,0
2004-10-26,12:00,2004,NS01FB0001,North East Margaree River at Margaree Valley,Iron,Total,ug/l,50.000000,ug/l,300.000,maximum,evaluated,1,1,1,0
2004-12-15,13:00,2004,NS01FB0001,North East Margaree River at Margaree Valley,Iron,Total,ug/l,20.000000,ug/l,300.000,maximum,evaluated,1,1,1,0
2005-05-11,11:00,2005,NS01FB0001,North East Margaree River at Margaree Valley,Iron,Total,ug/l,25.000000,ug/l,300.000,maximum,evaluated,1,1,0,
2005-06-29,13:00,2005,NS01FB0001,North East Margaree River at Margaree Valley,Iron,Total,ug/l,20.000000,ug/l,300.000,maximum,evaluated,1,1,1,0
2005-09-14,14:00,2005,NS01FB0001,North East Margaree River at Margaree Valley,Iron,Total,ug/l,126.000000,ug/l,300.000,maximum,evaluated,1,1,0,
2005-12-01,13:00,2005,NS01FB0001,North East Margaree River at Margaree Valley,Iron,Total,ug/l,23.000000,ug/l,300.000,maximum,evaluated,1,1,0,
2006-06-22,12:00,2006,NS01FB0001,North East Margaree River at Margaree Valley,Iron,Total,ug/l,40.000000,ug/l,300.000,maximum,evaluated,1,1,0,
2006-09-21,13:00,2006,NS01FB0001,North East Margaree River at Margaree Valley,Iron,Total,ug/l,20.000000,ug/l,300.000,maximum,evaluated,1,1,1,0
2006-12-14,14:00,2006,NS01FB0001,North East Margaree River at Margaree Valley,Iron,Total,ug/l,27.000000,ug/l,300.000,maximum,evaluated,1,1,0,
2007-04-26,12:00,2007,NS01FB0001,North East Margaree River at Margaree Valley,Iron,Total,ug/l,35.000000,ug/l,300.000,maximum,evaluated,1,1,0,
2007-07-14,13:00,2007,NS01FB0001,North East Margaree River at Margaree Valley,Iron,Total,ug/l,20.000000,ug/l,300.000,maximum,evaluated,1,1,1,0
2007-08-23,15:00,2007,NS01FB0001,North East Margaree River at Margaree Valley,Iron,Total,ug/l,35.000000,ug/l,300.000,maximum,evaluated,1,1,0,
2007-11-08,14:00,2007,NS01FB0001,North East Margaree River at Margaree Valley,Iron,Total,ug/l,82.000000,ug/l,300.000,maximum,evaluated,1,1,0,
2008-05-08,12:00,2008,NS01FB0001,North East Margaree River at Margaree Valley,Iron,Total,ug/l,50.000000,ug/l,300.000,maximum,evaluated,1,1,1,0
2008-06-04,12:00,2008,NS01FB0001,North East Margaree River at Margaree Valley,Iron,Total,ug/l,68.000000,ug/l,300.000,maximum,evaluated,1,1,0,
2008-10-22,12:00,2008,NS01FB0001,North East Margaree River at Margaree Valley,Iron,Total,ug/l,50.000000,ug/l,300.000,maximum,evaluated,1,1,1,0
2008-12-04,14:00,2008,NS01FB0001,North East Margaree River at Margaree Valley,Iron,Total,ug/l,50.000000,ug/l,300.000,maximum,evaluated,1,1,1,0
2009-05-07,11:00,2009,NS01FB0001,North East Margaree River at Margaree Valley,Iron,Total,ug/l,100.000000,ug/l,300.000,maximum,evaluated,1,1,0,
2009-08-26,14:00,2009,NS01FB0001,North East Margaree River at Margaree Valley,Iron,Total,ug/l,83.000000,ug/l,300.000,maximum,evaluated,1,1,0,
2009-11-25,15:00,2009,NS01FB0001,North East Margaree River at Margaree Valley,Iron,Total,ug/l,50.000000,ug/l,300.000,maximum,evaluated,1,1,1,0
2009-12-22,16:00,2009,NS01FB0001,North East Margaree River at Margaree Valley,Iron,Total,ug/l,50.000000,ug/l,300.000,maximum,evaluated,1,1,1,0
2010-05-26,11:00,2010,NS01FB0001,North East Margaree River at Margaree Valley,Iron,Total,ug/l,50.000000,ug/l,300.000,maximum,evaluated,1,1,1,0
2010-09-09,18:00,2010,NS01FB0001,North East Margaree River at Margaree Valley,Iron,Total,ug/l,253.000000,ug/l,300.000,maximum,evaluated,1,1,0,
2010-10-21,14:00,2010,NS01FB0001,North East Margaree River at Margaree Valley,Iron,Total,ug/l,50.000000,ug/l,300.000,maximum,evaluated,1,1,1,0
2010-12-20,10:00,2010,NS01FB0001,North East Margaree River at Margaree Valley,Iron,Total,ug/l,56.000000,ug/l,300.000,maximum,evaluated,1,1,0,
2011-06-09,14:00,2011,NS01FB0001,North East Margaree River at Margaree Valley,Iron,Total,ug/l,50.000000,ug/l,300.000,maximum,evaluated,1,1,1,0
2011-09-22,10:00,2011,NS01FB0001,North East Margaree River at Margaree Valley,Iron,Total,ug/l,64.000000,ug/l,300.000,maximum,evaluated,1,1,0,
2011-10-27,13:00,2011,NS01FB0001,North East Margaree River at Margaree Valley,Iron,Total,ug/l,100.000000,ug/l,300.000,maximum,evaluated,1,1,0,
2011-11-25,09:00,2011,NS01FB0001,North East Margaree River at Margaree Valley,Iron,Total,ug/l,50.000000,ug/l,300.000,maximum,evaluated,1,1,1,0
2012-03-19,14:00,2012,NS01FB0001,North East Margaree River at Margaree Valley,Iron,Total,ug/l,50.000000,ug/l,300.000,maximum,evaluated,1,1,1,0
2012-05-31,14:00,2012,NS01FB0001,North East Margaree River at Margaree Valley,Iron,Total,ug/l,50.000000,ug/l,300.000,maximum,evaluated,1,1,1,0
2012-10-11,13:00,2012,NS01FB0001,North East Margaree River at Margaree Valley,Iron,Total,ug/l,50.000000,ug/l,300.000,maximum,evaluated,1,1,1,0
2012-11-26,14:00,2012,NS01FB0001,North East Margaree River at Margaree Valley,Iron,Total,ug/l,50.000000,ug/l,300.000,maximum,evaluated,1,1,1,0
2013-05-07,09:00,2013,NS01FB0001,North East Margaree River at Margaree Valley,Iron,Total,ug/l,50.000000,ug/l,300.000,maximum,evaluated,1,1,1,0
2013-07-30,11:00,2013,NS01FB0001,North East Margaree River at Margaree Valley,Iron,Total,ug/l,82.000000,ug/l,300.000,maximum,evaluated,1,1,0,
2013-10-10,13:00,2013,NS01FB0001,North East Margaree River at Margaree Valley,Iron,Total,ug/l,50.000000,ug/l,300.000,maximum,evaluated,1,1,1,0
2013-12-10,11:00,2013,NS01FB0001,North East Margaree River at Margaree Valley,Iron,Total,ug/l,50.000000,ug/l,300.000,maximum,evaluated,1,1,1,0
2014-05-01,13:00,2014,NS01FB0001,North East Margaree River at Margaree Valley,Iron,Total,ug/l,50.000000,ug/l,300.000,maximum,evaluated,1,1,1,0
2014-06-17,09:00,2014,NS01FB0001,North East Margaree River at Margaree Valley,Iron,Total,ug/l,50.000000,ug/l,300.000,maximum,evaluated,1,1,1,0
2014-09-18,12:00,2014,NS01FB0001,North East Margaree River at Margaree Valley,Iron,Total,ug/l,50.000000,ug/l,300.000,maximum,evaluated,1,1,1,0
2014-12-11,14:00,2014,NS01FB0001,North East Margaree River at Margaree Valley,Iron,Total,ug/l,51.000000,ug/l,300.000,maximum,evaluated,1,1,0,
2015-05-11,13:00,2015,NS01FB0001,North East Margaree River at Margaree Valley,Iron,Total,ug/l,86.000000,ug/l,300.000,maximum,evaluated,1,1,0,
2015-06-30,13:00,2015,NS01FB0001,North East Margaree River at Margaree Valley,Iron,Total,ug/l,50.000000,ug/l,300.000,maximum,evaluated,1,1,1,0
2015-09-21,13:00,2015,NS01FB0001,North East Margaree River at Margaree Valley,Iron,Total,ug/l,50.000000,ug/l,300.000,maximum,evaluated,1,1,1,0
2015-11-30,14:00,2015,NS01FB0001,North East Margaree River at Margaree Valley,Iron,Total,ug/l,50.000000,ug/l,300.000,maximum,evaluated,1,1,1,0
2016-04-25,14:00,2016,NS01FB0001,North East Margaree River at Margaree Valley,Iron,Total,ug/l,50.000000,ug/l,300.000,maximum,evaluated,1,1,1,0
2016-08-16,13:00,2016,NS01FB0001,North East Margaree River at Margaree Valley,Iron,Total,ug/l,50.000000,ug/l,300.000,maximum,evaluated,1,1,1,0
2016-11-16,11:00,2016,NS01FB0001,North East Margaree River at Margaree Valley,Iron,Total,ug/l,50.000000,ug/l,300.000,maximum,evaluated,1,1,1,0
2016-12-20,11:00,2016,NS01FB0001,North East Margaree River at Margaree Valley,Iron,Total,ug/l,79.000000,ug/l,300.000,maximum,evaluated,1,1,0,
2017-05-01,13:00,2017,NS01FB0001,North East Margaree River at Margaree Valley,Iron,Total,ug/l,50.000000,ug/l,300.000,maximum,evaluated,1,1,1,0
2017-08-16,13:00,2017,NS01FB0001,North East Margaree River at Margaree Valley,Iron,Total,ug/l,50.000000,ug/l,300.000,maximum,evaluated,1,1,1,0
2017-10-24,16:00,2017,NS01FB0001,North East Margaree River at Margaree Valley,Iron,Total,ug/l,50.000000,ug/l,300.000,maximum,evaluated,1,1,1,0
2017-12-19,11:00,2017,NS01FB0001,North East Margaree River at Margaree Valley,Iron,Total,ug/l,50.000000,ug/l,300.000,maximum,evaluated,1,1,1,0
2018-06-05,16:00,2018,NS01FB0001,North East Margaree River at Margaree Valley,Iron,Total,ug/l,50.000000,ug/l,300.000,maximum,evaluated,1,1,1,0
2018-08-27,15:00,2018,NS01FB0001,North East Margaree River at Margaree Valley,Iron,Total,ug/l,50.000000,ug/l,300.000,maximum,evaluated,1,1,1,0
2018-10-09,14:00,2018,NS01FB0001,North East Margaree River at Margaree Valley,Iron,Total,ug/l,50.000000,ug/l,300.000,maximum,evaluated,1,1,1,0
2018-12-20,13:00,2018,NS01FB0001,North East Margaree River at Margaree Valley,Iron,Total,ug/l,50.000000,ug/l,300.000,maximum,evaluated,1,1,1,0
2003-01-09,12:00,2003,NS01FB0001,North East Margaree River at Margaree Valley,Selenium,Total,ug/l,2.000000,ug/l,1.000,maximum,evaluated,1,1,1,1
2003-05-06,12:00,2003,NS01FB0001,North East Margaree River at Margaree Valley,Selenium,Total,ug/l,2.000000,ug/l,1.000,maximum,evaluated,1,1,1,1
2003-07-08,12:00,2003,NS01FB0001,North East Margaree River at Margaree Valley,Selenium,Total,ug/l,2.000000,ug/l,1.000,maximum,evaluated,1,1,1,1
2003-11-20,12:00,2003,NS01FB0001,North East Margaree River at Margaree Valley,Selenium,Total,ug/l,2.000000,ug/l,1.000,maximum,evaluated,1,1,1,1
2004-07-08,08:00,2004,NS01FB0001,North East Margaree River at Margaree Valley,Selenium,Total,ug/l,2.000000,ug/l,1.000,maximum,evaluated,1,1,1,1
2004-10-26,12:00,2004,NS01FB0001,North East Margaree River at Margaree Valley,Selenium,Total,ug/l,2.000000,ug/l,1.000,maximum,evaluated,1,1,1,1
2004-12-15,13:00,2004,NS01FB0001,North East Margaree River at Margaree Valley,Selenium,Total,ug/l,2.000000,ug/l,1.000,maximum,evaluated,1,1,1,1
2005-05-11,11:00,2005,NS01FB0001,North East Margaree River at Margaree Valley,Selenium,Total,ug/l,2.000000,ug/l,1.000,maximum,evaluated,1,1,1,1
2005-06-29,13:00,2005,NS01FB0001,North East Margaree River at Margaree Valley,Selenium,Total,ug/l,2.000000,ug/l,1.000,maximum,evaluated,1,1,1,1
2005-09-14,14:00,2005,NS01FB0001,North East Margaree River at Margaree Valley,Selenium,Total,ug/l,2.000000,ug/l,1.000,maximum,evaluated,1,1,1,1
2005-12-01,13:00,2005,NS01FB0001,North East Margaree River at Margaree Valley,Selenium,Total,ug/l,2.000000,ug/l,1.000,maximum,evaluated,1,1,1,1
2006-06-22,12:00,2006,NS01FB0001,North East Margaree River at Margaree Valley,Selenium,Total,ug/l,2.000000,ug/l,1.000,maximum,evaluated,1,1,1,1
2006-09-21,13:00,2006,NS01FB0001,North East Margaree River at Margaree Valley,Selenium,Total,ug/l,2.000000,ug/l,1.000,maximum,evaluated,1,1,1,1
2006-12-14,14:00,2006,NS01FB0001,North East Margaree River at Margaree Valley,Selenium,Total,ug/l,2.000000,ug/l,1.000,maximum,evaluated,1,1,1,1
2007-04-26,12:00,2007,NS01FB0001,North East Margaree River at Margaree Valley,Selenium,Total,ug/l,2.000000,ug/l,1.000,maximum,evaluated,1,1,1,1
2007-07-14,13:00,2007,NS01FB0001,North East Margaree River at Margaree Valley,Selenium,Total,ug/l,2.000000,ug/l,1.000,maximum,evaluated,1,1,1,1
2007-08-23,15:00,2007,NS01FB0001,North East Margaree River at Margaree Valley,Selenium,Total,ug/l,2.000000,ug/l,1.000,maximum,evaluated,1,1,1,1
2007-11-08,14:00,2007,NS01FB0001,North East Margaree River at Margaree Valley,Selenium,Total,ug/l,2.000000,ug/l,1.000,maximum,evaluated,1,1,1,1
2008-05-08,12:00,2008,NS01FB0001,North East Margaree River at Margaree Valley,Selenium,Total,ug/l,2.000000,ug/l,1.000,maximum,evaluated,1,1,1,1
2008-06-04,12:00,2008,NS01FB0001,North East Margaree River at Margaree Valley,Selenium,Total,ug/l,2.000000,ug/l,1.000,maximum,evaluated,1,1,1,1
2008-10-22,12:00,2008,NS01FB0001,North East Margaree River at Margaree Valley,Selenium,Total,ug/l,2.000000,ug/l,1.000,maximum,evaluated,1,1,1,1
2008-12-04,14:00,2008,NS01FB0001,North East Margaree River at Margaree Valley,Selenium,Total,ug/l,2.000000,ug/l,1.000,maximum,evaluated,1,1,1,1
2009-05-07,11:00,2009,NS01FB0001,North East Margaree River at Margaree Valley,Selenium,Total,ug/l,2.000000,ug/l,1.000,maximum,evaluated,1,1,1,1
2009-08-26,14:00,2009,NS01FB0001,North East Margaree River at Margaree Valley,Selenium,Total,ug/l,2.000000,ug/l,1.000,maximum,evaluated,1,1,1,1
2009-11-25,15:00,2009,NS01FB0001,North East Margaree River at Margaree Valley,Selenium,Total,ug/l,2.000000,ug/l,1.000,maximum,evaluated,1,1,1,1
2009-12-22,16:00,2009,NS01FB0001,North East Margaree River at Margaree Valley,Selenium,Total,ug/l,2.000000,ug/l,1.000,maximum,evaluated,1,1,1,1
2010-05-26,11:00,2010,NS01FB0001,North East Margaree River at Margaree Valley,Selenium,Total,ug/l,2.000000,ug/l,1.000,maximum,evaluated,1,1,1,1
2010-09-09,18:00,2010,NS01FB0001,North East Margaree River at Margaree Valley,Selenium,Total,ug/l,2.000000,ug/l,1.000,maximum,evaluated,1,1,1,1
2010-10-21,14:00,2010,NS01FB0001,North East Margaree River at Margaree Valley,Selenium,Total,ug/l,2.000000,ug/l,1.000,maximum,evaluated,1,1,1,1
2010-12-20,10:00,2010,NS01FB0001,North East Margaree River at Margaree Valley,Selenium,Total,ug/l,2.000000,ug/l,1.000,maximum,evaluated,1,1,1,1
2011-06-09,14:00,2011,NS01FB0001,North East Margaree River at Margaree Valley,Selenium,Total,ug/l,2.000000,ug/l,1.000,maximum,evaluated,1,1,1,1
2011-09-22,10:00,2011,NS01FB0001,North East Margaree River at Margaree Valley,Selenium,Total,ug/l,2.000000,ug/l,1.000,maximum,evaluated,1,1,1,1
2011-10-27,13:00,2011,NS01FB0001,North East Margaree River at Margaree Valley,Selenium,Total,ug/l,2.000000,ug/l,1.000,maximum,evaluated,1,1,1,1
2011-11-25,09:00,2011,NS01FB0001,North East Margaree River at Margaree Valley,Selenium,Total,ug/l,2.000000,ug/l,1.000,maximum,evaluated,1,1,1,1
2012-03-19,14:00,2012,NS01FB0001,North East Margaree River at Margaree Valley,Selenium,Total,ug/l,2.000000,ug/l,1.000,maximum,evaluated,1,1,1,1
2012-05-31,14:00,2012,NS01FB0001,North East Margaree River at Margaree Valley,Selenium,Total,ug/l,2.000000,ug/l,1.000,maximum,evaluated,1,1,1,1
2012-10-11,13:00,2012,NS01FB0001,North East Margaree River at Margaree Valley,Selenium,Total,ug/l,2.000000,ug/l,1.000,maximum,evaluated,1,1,1,1
2012-11-26,14:00,2012,NS01FB0001,North East Margaree River at Margaree Valley,Selenium,Total,ug/l,2.000000,ug/l,1.000,maximum,evaluated,1,1,1,1
2013-05-07,09:00,2013,NS01FB0001,North East Margaree River at Margaree Valley,Selenium,Total,ug/l,2.000000,ug/l,1.000,maximum,evaluated,1,1,1,1
2013-07-30,11:00,2013,NS01FB0001,North East Margaree River at Margaree Valley,Selenium,Total,ug/l,2.000000,ug/l,1.000,maximum,evaluated,1,1,1,1
2013-10-10,13:00,2013,NS01FB0001,North East Margaree River at Margaree Valley,Selenium,Total,ug/l,2.000000,ug/l,1.000,maximum,evaluated,1,1,1,1
2013-12-10,11:00,2013,NS01FB0001,North East Margaree River at Margaree Valley,Selenium,Total,ug/l,2.000000,ug/l,1.000,maximum,evaluated,1,1,1,1
2014-05-01,13:00,2014,NS01FB0001,North East Margaree River at Margaree Valley,Selenium,Total,ug/l,2.000000,ug/l,1.000,maximum,evaluated,1,1,1,1
2014-06-17,09:00,2014,NS01FB0001,North East Margaree River at Margaree Valley,Selenium,Total,ug/l,2.000000,ug/l,1.000,maximum,evaluated,1,1,1,1
2014-09-18,12:00,2014,NS01FB0001,North East Margaree River at Margaree Valley,Selenium,Total,ug/l,2.000000,ug/l,1.000,maximum,evaluated,1,1,1,1
2014-12-11,14:00,2014,NS01FB0001,North East Margaree River at Margaree Valley,Selenium,Total,ug/l,2.000000,ug/l,1.000,maximum,evaluated,1,1,1,1
2015-05-11,13:00,2015,NS01FB0001,North East Margaree River at Margaree Valley,Selenium,Total,ug/l,2.000000,ug/l,1.000,maximum,evaluated,1,1,1,1
2015-06-30,13:00,2015,NS01FB0001,North East Margaree River at Margaree Valley,Selenium,Total,ug/l,2.000000,ug/l,1.000,maximum,evaluated,1,1,1,1
2015-09-21,13:00,2015,NS01FB0001,North East Margaree River at Margaree Valley,Selenium,Total,ug/l,2.000000,ug/l,1.000,maximum,evaluated,1,1,1,1
2015-11-30,14:00,2015,NS01FB0001,North East Margaree River at Margaree Valley,Selenium,Total,ug/l,2.000000,ug/l,1.000,maximum,evaluated,1,1,1,1
2016-04-25,14:00,2016,NS01FB0001,North East Margaree River at Margaree Valley,Selenium,Total,ug/l,2.000000,ug/l,1.000,maximum,evaluated,1,1,1,1
2016-08-16,13:00,2016,NS01FB0001,North East Margaree River at Margaree Valley,Selenium,Total,ug/l,2.000000,ug/l,1.000,maximum,evaluated,1,1,1,1
2016-11-16,11:00,2016,NS01FB0001,North East Margaree River at Margaree Valley,Selenium,Total,ug/l,2.000000,ug/l,1.000,maximum,evaluated,1,1,1,1
2016-12-20,11:00,2016,NS01FB0001,North East Margaree River at Margaree Valley,Selenium,Total,ug/l,2.000000,ug/l,1.000,maximum,evaluated,1,1,1,1
2017-05-01,13:00,2017,NS01FB0001,North East Margaree River at Margaree Valley,Selenium,Total,ug/l,2.000000,ug/l,1.000,maximum,evaluated,1,1,1,1
2017-08-16,13:00,2017,NS01FB0001,North East Margaree River at Margaree Valley,Selenium,Total,ug/l,2.000000,ug/l,1.000,maximum,evaluated,1,1,1,1
2017-10-24,16:00,2017,NS01FB0001,North East Margaree River at Margaree Valley,Selenium,Total,ug/l,2.000000,ug/l,1.000,maximum,evaluated,1,1,1,1
2017-12-19,11:00,2017,NS01FB0001,North East Margaree River at Margaree Valley,Selenium,Total,ug/l,2.000000,ug/l,1.000,maximum,evaluated,1,1,1,1
2018-06-05,16:00,2018,NS01FB0001,North East Margaree River at Margaree Valley,Selenium,Total,ug/l,2.000000,ug/l,1.000,maximum,evaluated,1,1,1,1
2018-08-27,15:00,2018,NS01FB0001,North East Margaree River at Margaree Valley,Selenium,Total,ug/l,2.000000,ug/l,1.000,maximum,evaluated,1,1,1,1
2018-10-09,14:00,2018,NS01FB0001,North East Margaree River at Margaree Valley,Selenium,Total,ug/l,2.000000,ug/l,1.000,maximum,evaluated,1,1,1,1
2018-12-20,13:00,2018,NS01FB0001,North East Margaree River at Margaree Valley,Selenium,Total,ug/l,2.000000,ug/l,1.000,maximum,evaluated,1,1,1,1
2020-04-16,13:30,2020,NS01FB0003,South West Magaree River near Upper Margaree,Arsenic,(not stated),ug/l,,,,,wrong_fraction,0,,1,
2020-10-20,10:30,2020,NS01FB0003,South West Magaree River near Upper Margaree,Arsenic,Dissolved,ug/l,,,,,wrong_fraction,0,,1,
2022-05-09,11:27,2022,NS01FB0003,South West Magaree River near Upper Margaree,Arsenic,Dissolved,ug/l,,,,,wrong_fraction,0,,1,
2022-11-02,11:00,2022,NS01FB0003,South West Magaree River near Upper Margaree,Arsenic,Dissolved,ug/l,,,,,wrong_fraction,0,,1,
2022-12-20,14:00,2022,NS01FB0003,South West Magaree River near Upper Margaree,Arsenic,Dissolved,ug/l,,,,,wrong_fraction,0,,1,
2023-05-18,08:55,2023,NS01FB0003,South West Magaree River near Upper Margaree,Arsenic,Dissolved,ug/l,,,,,wrong_fraction,0,,1,
2023-07-06,11:15,2023,NS01FB0003,South West Magaree River near Upper Margaree,Arsenic,Dissolved,ug/l,,,,,wrong_fraction,0,,1,
2023-10-18,09:00,2023,NS01FB0003,South West Magaree River near Upper Margaree,Arsenic,Dissolved,ug/l,,,,,wrong_fraction,0,,1,
2023-12-13,10:45,2023,NS01FB0003,South West Magaree River near Upper Margaree,Arsenic,Dissolved,ug/l,,,,,wrong_fraction,0,,1,
2024-04-30,11:30,2024,NS01FB0003,South West Magaree River near Upper Margaree,Arsenic,Dissolved,ug/l,,,,,wrong_fraction,0,,1,
2024-06-26,11:19,2024,NS01FB0003,South West Magaree River near Upper Margaree,Arsenic,Dissolved,ug/l,,,,,wrong_fraction,0,,1,
2024-10-10,11:30,2024,NS01FB0003,South West Magaree River near Upper Margaree,Arsenic,Dissolved,ug/l,,,,,wrong_fraction,0,,1,
2024-11-27,10:10,2024,NS01FB0003,South West Magaree River near Upper Margaree,Arsenic,Dissolved,ug/l,,,,,wrong_fraction,0,,1,
2019-08-26,14:20,2019,NS01FB0003,South West Magaree River near Upper Margaree,Arsenic,Total,ug/l,0.500000,ug/l,5.000,maximum,evaluated,1,1,1,0
2019-09-23,13:40,2019,NS01FB0003,South West Magaree River near Upper Margaree,Arsenic,Total,ug/l,0.500000,ug/l,5.000,maximum,evaluated,1,1,1,0
2019-10-21,14:10,2019,NS01FB0003,South West Magaree River near Upper Margaree,Arsenic,Total,ug/l,0.500000,ug/l,5.000,maximum,evaluated,1,1,1,0
2019-12-17,11:18,2019,NS01FB0003,South West Magaree River near Upper Margaree,Arsenic,Total,ug/l,0.500000,ug/l,5.000,maximum,evaluated,1,1,1,0
2020-04-16,13:30,2020,NS01FB0003,South West Magaree River near Upper Margaree,Arsenic,Total,ug/l,1.000000,ug/l,5.000,maximum,evaluated,1,1,1,0
2020-07-13,16:15,2020,NS01FB0003,South West Magaree River near Upper Margaree,Arsenic,Total,ug/l,1.000000,ug/l,5.000,maximum,evaluated,1,1,1,0
2020-10-20,10:30,2020,NS01FB0003,South West Magaree River near Upper Margaree,Arsenic,Total,ug/l,0.500000,ug/l,5.000,maximum,evaluated,1,1,1,0
2020-11-30,14:30,2020,NS01FB0003,South West Magaree River near Upper Margaree,Arsenic,Total,ug/l,0.500000,ug/l,5.000,maximum,evaluated,1,1,1,0
2021-06-28,15:00,2021,NS01FB0003,South West Magaree River near Upper Margaree,Arsenic,Total,ug/l,0.500000,ug/l,5.000,maximum,evaluated,1,1,1,0
2021-09-08,14:05,2021,NS01FB0003,South West Magaree River near Upper Margaree,Arsenic,Total,ug/l,0.500000,ug/l,5.000,maximum,evaluated,1,1,1,0
2021-10-19,16:00,2021,NS01FB0003,South West Magaree River near Upper Margaree,Arsenic,Total,ug/l,0.500000,ug/l,5.000,maximum,evaluated,1,1,1,0
2021-12-01,10:38,2021,NS01FB0003,South West Magaree River near Upper Margaree,Arsenic,Total,ug/l,0.500000,ug/l,5.000,maximum,evaluated,1,1,1,0
2022-05-09,11:27,2022,NS01FB0003,South West Magaree River near Upper Margaree,Arsenic,Total,ug/l,0.500000,ug/l,5.000,maximum,evaluated,1,1,1,0
2022-07-13,09:40,2022,NS01FB0003,South West Magaree River near Upper Margaree,Arsenic,Total,ug/l,0.500000,ug/l,5.000,maximum,evaluated,1,1,1,0
2022-11-02,11:00,2022,NS01FB0003,South West Magaree River near Upper Margaree,Arsenic,Total,ug/l,0.500000,ug/l,5.000,maximum,evaluated,1,1,1,0
2022-12-20,14:00,2022,NS01FB0003,South West Magaree River near Upper Margaree,Arsenic,Total,ug/l,0.500000,ug/l,5.000,maximum,evaluated,1,1,1,0
2023-05-18,08:55,2023,NS01FB0003,South West Magaree River near Upper Margaree,Arsenic,Total,ug/l,0.500000,ug/l,5.000,maximum,evaluated,1,1,1,0
2023-07-06,11:15,2023,NS01FB0003,South West Magaree River near Upper Margaree,Arsenic,Total,ug/l,0.500000,ug/l,5.000,maximum,evaluated,1,1,1,0
2023-10-18,09:00,2023,NS01FB0003,South West Magaree River near Upper Margaree,Arsenic,Total,ug/l,0.500000,ug/l,5.000,maximum,evaluated,1,1,1,0
2023-12-13,10:45,2023,NS01FB0003,South West Magaree River near Upper Margaree,Arsenic,Total,ug/l,0.500000,ug/l,5.000,maximum,evaluated,1,1,1,0
2024-04-30,11:30,2024,NS01FB0003,South West Magaree River near Upper Margaree,Arsenic,Total,ug/l,0.500000,ug/l,5.000,maximum,evaluated,1,1,1,0
2024-06-26,11:19,2024,NS01FB0003,South West Magaree River near Upper Margaree,Arsenic,Total,ug/l,0.500000,ug/l,5.000,maximum,evaluated,1,1,1,0
2024-10-10,11:30,2024,NS01FB0003,South West Magaree River near Upper Margaree,Arsenic,Total,ug/l,0.500000,ug/l,5.000,maximum,evaluated,1,1,1,0
2024-11-27,10:10,2024,NS01FB0003,South West Magaree River near Upper Margaree,Arsenic,Total,ug/l,0.500000,ug/l,5.000,maximum,evaluated,1,1,1,0
2020-04-16,13:30,2020,NS01FB0003,South West Magaree River near Upper Margaree,Boron,(not stated),ug/l,,,,,wrong_fraction,0,,1,
2020-10-20,10:30,2020,NS01FB0003,South West Magaree River near Upper Margaree,Boron,Dissolved,ug/l,,,,,wrong_fraction,0,,1,
2022-05-09,11:27,2022,NS01FB0003,South West Magaree River near Upper Margaree,Boron,Dissolved,ug/l,,,,,wrong_fraction,0,,1,
2022-11-02,11:00,2022,NS01FB0003,South West Magaree River near Upper Margaree,Boron,Dissolved,ug/l,,,,,wrong_fraction,0,,1,
2022-12-20,14:00,2022,NS01FB0003,South West Magaree River near Upper Margaree,Boron,Dissolved,ug/l,,,,,wrong_fraction,0,,1,
2023-05-18,08:55,2023,NS01FB0003,South West Magaree River near Upper Margaree,Boron,Dissolved,ug/l,,,,,wrong_fraction,0,,1,
2023-07-06,11:15,2023,NS01FB0003,South West Magaree River near Upper Margaree,Boron,Dissolved,ug/l,,,,,wrong_fraction,0,,1,
2023-10-18,09:00,2023,NS01FB0003,South West Magaree River near Upper Margaree,Boron,Dissolved,ug/l,,,,,wrong_fraction,0,,1,
2023-12-13,10:45,2023,NS01FB0003,South West Magaree River near Upper Margaree,Boron,Dissolved,ug/l,,,,,wrong_fraction,0,,1,
2024-04-30,11:30,2024,NS01FB0003,South West Magaree River near Upper Margaree,Boron,Dissolved,ug/l,,,,,wrong_fraction,0,,1,
2024-06-26,11:19,2024,NS01FB0003,South West Magaree River near Upper Margaree,Boron,Dissolved,ug/l,,,,,wrong_fraction,0,,1,
2024-10-10,11:30,2024,NS01FB0003,South West Magaree River near Upper Margaree,Boron,Dissolved,ug/l,,,,,wrong_fraction,0,,1,
2024-11-27,10:10,2024,NS01FB0003,South West Magaree River near Upper Margaree,Boron,Dissolved,ug/l,,,,,wrong_fraction,0,,1,
2019-08-26,14:20,2019,NS01FB0003,South West Magaree River near Upper Margaree,Boron,Total,ug/l,0.020000,mg/l,1.500,maximum,evaluated,1,1,1,0
2019-09-23,13:40,2019,NS01FB0003,South West Magaree River near Upper Margaree,Boron,Total,ug/l,0.020000,mg/l,1.500,maximum,evaluated,1,1,1,0
2019-10-21,14:10,2019,NS01FB0003,South West Magaree River near Upper Margaree,Boron,Total,ug/l,0.020000,mg/l,1.500,maximum,evaluated,1,1,1,0
2019-12-17,11:18,2019,NS01FB0003,South West Magaree River near Upper Margaree,Boron,Total,ug/l,0.020000,mg/l,1.500,maximum,evaluated,1,1,1,0
2020-04-16,13:30,2020,NS01FB0003,South West Magaree River near Upper Margaree,Boron,Total,ug/l,0.050000,mg/l,1.500,maximum,evaluated,1,1,1,0
2020-07-13,16:15,2020,NS01FB0003,South West Magaree River near Upper Margaree,Boron,Total,ug/l,0.050000,mg/l,1.500,maximum,evaluated,1,1,1,0
2020-10-20,10:30,2020,NS01FB0003,South West Magaree River near Upper Margaree,Boron,Total,ug/l,0.020000,mg/l,1.500,maximum,evaluated,1,1,1,0
2020-11-30,14:30,2020,NS01FB0003,South West Magaree River near Upper Margaree,Boron,Total,ug/l,0.020000,mg/l,1.500,maximum,evaluated,1,1,1,0
2021-06-28,15:00,2021,NS01FB0003,South West Magaree River near Upper Margaree,Boron,Total,ug/l,0.020000,mg/l,1.500,maximum,evaluated,1,1,1,0
2021-09-08,14:05,2021,NS01FB0003,South West Magaree River near Upper Margaree,Boron,Total,ug/l,0.020000,mg/l,1.500,maximum,evaluated,1,1,1,0
2021-10-19,16:00,2021,NS01FB0003,South West Magaree River near Upper Margaree,Boron,Total,ug/l,0.020000,mg/l,1.500,maximum,evaluated,1,1,1,0
2021-12-01,10:38,2021,NS01FB0003,South West Magaree River near Upper Margaree,Boron,Total,ug/l,0.020000,mg/l,1.500,maximum,evaluated,1,1,1,0
2022-05-09,11:27,2022,NS01FB0003,South West Magaree River near Upper Margaree,Boron,Total,ug/l,0.020000,mg/l,1.500,maximum,evaluated,1,1,1,0
2022-07-13,09:40,2022,NS01FB0003,South West Magaree River near Upper Margaree,Boron,Total,ug/l,0.020000,mg/l,1.500,maximum,evaluated,1,1,1,0
2022-11-02,11:00,2022,NS01FB0003,South West Magaree River near Upper Margaree,Boron,Total,ug/l,0.020000,mg/l,1.500,maximum,evaluated,1,1,1,0
2022-12-20,14:00,2022,NS01FB0003,South West Magaree River near Upper Margaree,Boron,Total,ug/l,0.020000,mg/l,1.500,maximum,evaluated,1,1,1,0
2023-05-18,08:55,2023,NS01FB0003,South West Magaree River near Upper Margaree,Boron,Total,ug/l,0.020000,mg/l,1.500,maximum,evaluated,1,1,1,0
2023-07-06,11:15,2023,NS01FB0003,South West Magaree River near Upper Margaree,Boron,Total,ug/l,0.020000,mg/l,1.500,maximum,evaluated,1,1,1,0
2023-10-18,09:00,2023,NS01FB0003,South West Magaree River near Upper Margaree,Boron,Total,ug/l,0.020000,mg/l,1.500,maximum,evaluated,1,1,1,0
2023-12-13,10:45,2023,NS01FB0003,South West Magaree River near Upper Margaree,Boron,Total,ug/l,0.020000,mg/l,1.500,maximum,evaluated,1,1,1,0
2024-04-30,11:30,2024,NS01FB0003,South West Magaree River near Upper Margaree,Boron,Total,ug/l,0.020000,mg/l,1.500,maximum,evaluated,1,1,1,0
2024-06-26,11:19,2024,NS01FB0003,South West Magaree River near Upper Margaree,Boron,Total,ug/l,0.020000,mg/l,1.500,maximum,evaluated,1,1,1,0
2024-10-10,11:30,2024,NS01FB0003,South West Magaree River near Upper Margaree,Boron,Total,ug/l,0.020000,mg/l,1.500,maximum,evaluated,1,1,1,0
2024-11-27,10:10,2024,NS01FB0003,South West Magaree River near Upper Margaree,Boron,Total,ug/l,0.020000,mg/l,1.500,maximum,evaluated,1,1,1,0
2019-08-26,14:20,2019,NS01FB0003,South West Magaree River near Upper Margaree,Chloride,Dissolved,mg/l,18.200000,mg/l,120.000,maximum,evaluated,1,1,0,
2019-09-23,13:40,2019,NS01FB0003,South West Magaree River near Upper Margaree,Chloride,Dissolved,mg/l,17.200000,mg/l,120.000,maximum,evaluated,1,1,0,
2019-10-21,14:10,2019,NS01FB0003,South West Magaree River near Upper Margaree,Chloride,Dissolved,mg/l,15.500000,mg/l,120.000,maximum,evaluated,1,1,0,
2019-12-17,11:18,2019,NS01FB0003,South West Magaree River near Upper Margaree,Chloride,Dissolved,mg/l,16.200000,mg/l,120.000,maximum,evaluated,1,1,0,
2020-04-16,13:30,2020,NS01FB0003,South West Magaree River near Upper Margaree,Chloride,Dissolved,mg/l,15.400000,mg/l,120.000,maximum,evaluated,1,1,0,
2020-07-13,16:15,2020,NS01FB0003,South West Magaree River near Upper Margaree,Chloride,Dissolved,mg/l,18.000000,mg/l,120.000,maximum,evaluated,1,1,0,
2020-10-20,10:30,2020,NS01FB0003,South West Magaree River near Upper Margaree,Chloride,Dissolved,mg/l,19.000000,mg/l,120.000,maximum,evaluated,1,1,0,
2020-11-30,14:30,2020,NS01FB0003,South West Magaree River near Upper Margaree,Chloride,Dissolved,mg/l,19.900000,mg/l,120.000,maximum,evaluated,1,1,0,
2021-06-28,15:00,2021,NS01FB0003,South West Magaree River near Upper Margaree,Chloride,Dissolved,mg/l,20.000000,mg/l,120.000,maximum,evaluated,1,1,0,
2021-09-08,14:05,2021,NS01FB0003,South West Magaree River near Upper Margaree,Chloride,Dissolved,mg/l,20.000000,mg/l,120.000,maximum,evaluated,1,1,0,
2021-10-19,16:00,2021,NS01FB0003,South West Magaree River near Upper Margaree,Chloride,Dissolved,mg/l,19.000000,mg/l,120.000,maximum,evaluated,1,1,0,
2021-12-01,10:38,2021,NS01FB0003,South West Magaree River near Upper Margaree,Chloride,Dissolved,mg/l,16.000000,mg/l,120.000,maximum,evaluated,1,1,0,
2022-05-09,11:27,2022,NS01FB0003,South West Magaree River near Upper Margaree,Chloride,Dissolved,mg/l,15.000000,mg/l,120.000,maximum,evaluated,1,1,0,
2022-07-13,09:40,2022,NS01FB0003,South West Magaree River near Upper Margaree,Chloride,Dissolved,mg/l,16.000000,mg/l,120.000,maximum,evaluated,1,1,0,
2022-11-02,11:00,2022,NS01FB0003,South West Magaree River near Upper Margaree,Chloride,Dissolved,mg/l,18.000000,mg/l,120.000,maximum,evaluated,1,1,0,
2022-12-20,14:00,2022,NS01FB0003,South West Magaree River near Upper Margaree,Chloride,Dissolved,mg/l,16.000000,mg/l,120.000,maximum,evaluated,1,1,0,
2023-05-18,08:55,2023,NS01FB0003,South West Magaree River near Upper Margaree,Chloride,Dissolved,mg/l,16.000000,mg/l,120.000,maximum,evaluated,1,1,0,
2023-07-06,11:15,2023,NS01FB0003,South West Magaree River near Upper Margaree,Chloride,Dissolved,mg/l,16.000000,mg/l,120.000,maximum,evaluated,1,1,0,
2023-10-18,09:00,2023,NS01FB0003,South West Magaree River near Upper Margaree,Chloride,Dissolved,mg/l,12.000000,mg/l,120.000,maximum,evaluated,1,1,0,
2023-12-13,10:45,2023,NS01FB0003,South West Magaree River near Upper Margaree,Chloride,Dissolved,mg/l,13.700000,mg/l,120.000,maximum,evaluated,1,1,0,
2024-04-30,11:30,2024,NS01FB0003,South West Magaree River near Upper Margaree,Chloride,Dissolved,mg/l,13.600000,mg/l,120.000,maximum,evaluated,1,1,0,
2024-06-26,11:19,2024,NS01FB0003,South West Magaree River near Upper Margaree,Chloride,Dissolved,mg/l,15.200000,mg/l,120.000,maximum,evaluated,1,1,0,
2024-10-10,11:30,2024,NS01FB0003,South West Magaree River near Upper Margaree,Chloride,Dissolved,mg/l,18.000000,mg/l,120.000,maximum,evaluated,1,1,0,
2024-11-27,10:10,2024,NS01FB0003,South West Magaree River near Upper Margaree,Chloride,Dissolved,mg/l,14.500000,mg/l,120.000,maximum,evaluated,1,1,0,
2019-08-26,14:20,2019,NS01FB0003,South West Magaree River near Upper Margaree,Dissolved oxygen (DO),(not stated),mg/l,9.570000,mg/l,6.500,minimum,evaluated,1,1,0,
2019-09-23,13:40,2019,NS01FB0003,South West Magaree River near Upper Margaree,Dissolved oxygen (DO),(not stated),mg/l,9.950000,mg/l,6.500,minimum,evaluated,1,1,0,
2019-10-21,14:10,2019,NS01FB0003,South West Magaree River near Upper Margaree,Dissolved oxygen (DO),(not stated),mg/l,11.220000,mg/l,6.500,minimum,evaluated,1,1,0,
2019-12-17,11:18,2019,NS01FB0003,South West Magaree River near Upper Margaree,Dissolved oxygen (DO),(not stated),mg/l,14.050000,mg/l,6.500,minimum,evaluated,1,1,0,
2020-04-16,13:30,2020,NS01FB0003,South West Magaree River near Upper Margaree,Dissolved oxygen (DO),(not stated),mg/l,12.560000,mg/l,6.500,minimum,evaluated,1,1,0,
2020-07-13,16:15,2020,NS01FB0003,South West Magaree River near Upper Margaree,Dissolved oxygen (DO),(not stated),mg/l,8.940000,mg/l,6.500,minimum,evaluated,1,1,0,
2020-10-20,10:30,2020,NS01FB0003,South West Magaree River near Upper Margaree,Dissolved oxygen (DO),(not stated),mg/l,10.250000,mg/l,6.500,minimum,evaluated,1,1,0,
2020-11-30,14:30,2020,NS01FB0003,South West Magaree River near Upper Margaree,Dissolved oxygen (DO),(not stated),mg/l,11.630000,mg/l,6.500,minimum,evaluated,1,1,0,
2021-06-28,15:00,2021,NS01FB0003,South West Magaree River near Upper Margaree,Dissolved oxygen (DO),(not stated),mg/l,9.010000,mg/l,6.500,minimum,evaluated,1,1,0,
2021-09-08,14:05,2021,NS01FB0003,South West Magaree River near Upper Margaree,Dissolved oxygen (DO),(not stated),mg/l,9.420000,mg/l,6.500,minimum,evaluated,1,1,0,
2021-10-19,16:00,2021,NS01FB0003,South West Magaree River near Upper Margaree,Dissolved oxygen (DO),(not stated),mg/l,10.130000,mg/l,6.500,minimum,evaluated,1,1,0,
2021-12-01,10:38,2021,NS01FB0003,South West Magaree River near Upper Margaree,Dissolved oxygen (DO),(not stated),mg/l,11.550000,mg/l,6.500,minimum,evaluated,1,1,0,
2022-05-09,11:27,2022,NS01FB0003,South West Magaree River near Upper Margaree,Dissolved oxygen (DO),(not stated),mg/l,11.320000,mg/l,6.500,minimum,evaluated,1,1,0,
2022-07-13,09:40,2022,NS01FB0003,South West Magaree River near Upper Margaree,Dissolved oxygen (DO),(not stated),mg/l,8.450000,mg/l,6.500,minimum,evaluated,1,1,0,
2022-11-02,11:00,2022,NS01FB0003,South West Magaree River near Upper Margaree,Dissolved oxygen (DO),(not stated),mg/l,9.540000,mg/l,6.500,minimum,evaluated,1,1,0,
2022-12-20,14:00,2022,NS01FB0003,South West Magaree River near Upper Margaree,Dissolved oxygen (DO),(not stated),mg/l,12.150000,mg/l,6.500,minimum,evaluated,1,1,0,
2023-05-18,08:55,2023,NS01FB0003,South West Magaree River near Upper Margaree,Dissolved oxygen (DO),(not stated),mg/l,10.730000,mg/l,6.500,minimum,evaluated,1,1,0,
2023-07-06,11:15,2023,NS01FB0003,South West Magaree River near Upper Margaree,Dissolved oxygen (DO),(not stated),mg/l,8.920000,mg/l,6.500,minimum,evaluated,1,1,0,
2023-10-18,09:00,2023,NS01FB0003,South West Magaree River near Upper Margaree,Dissolved oxygen (DO),(not stated),mg/l,9.700000,mg/l,6.500,minimum,evaluated,1,1,0,
2023-12-13,10:45,2023,NS01FB0003,South West Magaree River near Upper Margaree,Dissolved oxygen (DO),(not stated),mg/l,12.100000,mg/l,6.500,minimum,evaluated,1,1,0,
2024-04-30,11:30,2024,NS01FB0003,South West Magaree River near Upper Margaree,Dissolved oxygen (DO),(not stated),mg/l,11.120000,mg/l,6.500,minimum,evaluated,1,1,0,
2024-06-26,11:19,2024,NS01FB0003,South West Magaree River near Upper Margaree,Dissolved oxygen (DO),(not stated),mg/l,8.730000,mg/l,6.500,minimum,evaluated,1,1,0,
2024-10-10,11:30,2024,NS01FB0003,South West Magaree River near Upper Margaree,Dissolved oxygen (DO),(not stated),mg/l,10.270000,mg/l,6.500,minimum,evaluated,1,1,0,
2024-11-27,10:10,2024,NS01FB0003,South West Magaree River near Upper Margaree,Dissolved oxygen (DO),(not stated),mg/l,11.830000,mg/l,6.500,minimum,evaluated,1,1,0,
2020-04-16,13:30,2020,NS01FB0003,South West Magaree River near Upper Margaree,Iron,(not stated),ug/l,,,,,wrong_fraction,0,,1,
2020-10-20,10:30,2020,NS01FB0003,South West Magaree River near Upper Margaree,Iron,Dissolved,ug/l,,,,,wrong_fraction,0,,1,
2022-05-09,11:27,2022,NS01FB0003,South West Magaree River near Upper Margaree,Iron,Dissolved,ug/l,,,,,wrong_fraction,0,,1,
2022-11-02,11:00,2022,NS01FB0003,South West Magaree River near Upper Margaree,Iron,Dissolved,ug/l,,,,,wrong_fraction,0,,1,
2022-12-20,14:00,2022,NS01FB0003,South West Magaree River near Upper Margaree,Iron,Dissolved,ug/l,,,,,wrong_fraction,0,,1,
2023-05-18,08:55,2023,NS01FB0003,South West Magaree River near Upper Margaree,Iron,Dissolved,ug/l,,,,,wrong_fraction,0,,1,
2023-07-06,11:15,2023,NS01FB0003,South West Magaree River near Upper Margaree,Iron,Dissolved,ug/l,,,,,wrong_fraction,0,,1,
2023-10-18,09:00,2023,NS01FB0003,South West Magaree River near Upper Margaree,Iron,Dissolved,ug/l,,,,,wrong_fraction,0,,1,
2023-12-13,10:45,2023,NS01FB0003,South West Magaree River near Upper Margaree,Iron,Dissolved,ug/l,,,,,wrong_fraction,0,,1,
2024-04-30,11:30,2024,NS01FB0003,South West Magaree River near Upper Margaree,Iron,Dissolved,ug/l,,,,,wrong_fraction,0,,1,
2024-06-26,11:19,2024,NS01FB0003,South West Magaree River near Upper Margaree,Iron,Dissolved,ug/l,,,,,wrong_fraction,0,,1,
2024-10-10,11:30,2024,NS01FB0003,South West Magaree River near Upper Margaree,Iron,Dissolved,ug/l,,,,,wrong_fraction,0,,1,
2024-11-27,10:10,2024,NS01FB0003,South West Magaree River near Upper Margaree,Iron,Dissolved,ug/l,,,,,wrong_fraction,0,,1,
2019-08-26,14:20,2019,NS01FB0003,South West Magaree River near Upper Margaree,Iron,Total,ug/l,50.000000,ug/l,300.000,maximum,evaluated,1,1,1,0
2019-09-23,13:40,2019,NS01FB0003,South West Magaree River near Upper Margaree,Iron,Total,ug/l,76.000000,ug/l,300.000,maximum,evaluated,1,1,0,
2019-10-21,14:10,2019,NS01FB0003,South West Magaree River near Upper Margaree,Iron,Total,ug/l,58.000000,ug/l,300.000,maximum,evaluated,1,1,0,
2019-12-17,11:18,2019,NS01FB0003,South West Magaree River near Upper Margaree,Iron,Total,ug/l,119.000000,ug/l,300.000,maximum,evaluated,1,1,0,
2020-04-16,13:30,2020,NS01FB0003,South West Magaree River near Upper Margaree,Iron,Total,ug/l,76.000000,ug/l,300.000,maximum,evaluated,1,1,0,
2020-07-13,16:15,2020,NS01FB0003,South West Magaree River near Upper Margaree,Iron,Total,ug/l,72.000000,ug/l,300.000,maximum,evaluated,1,1,0,
2020-10-20,10:30,2020,NS01FB0003,South West Magaree River near Upper Margaree,Iron,Total,ug/l,50.000000,ug/l,300.000,maximum,evaluated,1,1,1,0
2020-11-30,14:30,2020,NS01FB0003,South West Magaree River near Upper Margaree,Iron,Total,ug/l,50.000000,ug/l,300.000,maximum,evaluated,1,1,1,0
2021-06-28,15:00,2021,NS01FB0003,South West Magaree River near Upper Margaree,Iron,Total,ug/l,79.000000,ug/l,300.000,maximum,evaluated,1,1,0,
2021-09-08,14:05,2021,NS01FB0003,South West Magaree River near Upper Margaree,Iron,Total,ug/l,50.000000,ug/l,300.000,maximum,evaluated,1,1,1,0
2021-10-19,16:00,2021,NS01FB0003,South West Magaree River near Upper Margaree,Iron,Total,ug/l,79.000000,ug/l,300.000,maximum,evaluated,1,1,0,
2021-12-01,10:38,2021,NS01FB0003,South West Magaree River near Upper Margaree,Iron,Total,ug/l,105.000000,ug/l,300.000,maximum,evaluated,1,1,0,
2022-05-09,11:27,2022,NS01FB0003,South West Magaree River near Upper Margaree,Iron,Total,ug/l,73.000000,ug/l,300.000,maximum,evaluated,1,1,0,
2022-07-13,09:40,2022,NS01FB0003,South West Magaree River near Upper Margaree,Iron,Total,ug/l,69.000000,ug/l,300.000,maximum,evaluated,1,1,0,
2022-11-02,11:00,2022,NS01FB0003,South West Magaree River near Upper Margaree,Iron,Total,ug/l,52.000000,ug/l,300.000,maximum,evaluated,1,1,0,
2022-12-20,14:00,2022,NS01FB0003,South West Magaree River near Upper Margaree,Iron,Total,ug/l,75.000000,ug/l,300.000,maximum,evaluated,1,1,0,
2023-05-18,08:55,2023,NS01FB0003,South West Magaree River near Upper Margaree,Iron,Total,ug/l,72.000000,ug/l,300.000,maximum,evaluated,1,1,0,
2023-07-06,11:15,2023,NS01FB0003,South West Magaree River near Upper Margaree,Iron,Total,ug/l,87.000000,ug/l,300.000,maximum,evaluated,1,1,0,
2023-10-18,09:00,2023,NS01FB0003,South West Magaree River near Upper Margaree,Iron,Total,ug/l,101.000000,ug/l,300.000,maximum,evaluated,1,1,0,
2023-12-13,10:45,2023,NS01FB0003,South West Magaree River near Upper Margaree,Iron,Total,ug/l,135.000000,ug/l,300.000,maximum,evaluated,1,1,0,
2024-04-30,11:30,2024,NS01FB0003,South West Magaree River near Upper Margaree,Iron,Total,ug/l,85.000000,ug/l,300.000,maximum,evaluated,1,1,0,
2024-06-26,11:19,2024,NS01FB0003,South West Magaree River near Upper Margaree,Iron,Total,ug/l,107.000000,ug/l,300.000,maximum,evaluated,1,1,0,
2024-10-10,11:30,2024,NS01FB0003,South West Magaree River near Upper Margaree,Iron,Total,ug/l,63.000000,ug/l,300.000,maximum,evaluated,1,1,0,
2024-11-27,10:10,2024,NS01FB0003,South West Magaree River near Upper Margaree,Iron,Total,ug/l,91.000000,ug/l,300.000,maximum,evaluated,1,1,0,
2020-04-16,13:30,2020,NS01FB0003,South West Magaree River near Upper Margaree,Molybdenum,(not stated),ug/l,,,,,wrong_fraction,0,,1,
2020-10-20,10:30,2020,NS01FB0003,South West Magaree River near Upper Margaree,Molybdenum,Dissolved,ug/l,,,,,wrong_fraction,0,,1,
2022-05-09,11:27,2022,NS01FB0003,South West Magaree River near Upper Margaree,Molybdenum,Dissolved,ug/l,,,,,wrong_fraction,0,,1,
2022-11-02,11:00,2022,NS01FB0003,South West Magaree River near Upper Margaree,Molybdenum,Dissolved,ug/l,,,,,wrong_fraction,0,,1,
2022-12-20,14:00,2022,NS01FB0003,South West Magaree River near Upper Margaree,Molybdenum,Dissolved,ug/l,,,,,wrong_fraction,0,,1,
2023-05-18,08:55,2023,NS01FB0003,South West Magaree River near Upper Margaree,Molybdenum,Dissolved,ug/l,,,,,wrong_fraction,0,,1,
2023-07-06,11:15,2023,NS01FB0003,South West Magaree River near Upper Margaree,Molybdenum,Dissolved,ug/l,,,,,wrong_fraction,0,,1,
2023-10-18,09:00,2023,NS01FB0003,South West Magaree River near Upper Margaree,Molybdenum,Dissolved,ug/l,,,,,wrong_fraction,0,,1,
2023-12-13,10:45,2023,NS01FB0003,South West Magaree River near Upper Margaree,Molybdenum,Dissolved,ug/l,,,,,wrong_fraction,0,,1,
2024-04-30,11:30,2024,NS01FB0003,South West Magaree River near Upper Margaree,Molybdenum,Dissolved,ug/l,,,,,wrong_fraction,0,,1,
2024-06-26,11:19,2024,NS01FB0003,South West Magaree River near Upper Margaree,Molybdenum,Dissolved,ug/l,,,,,wrong_fraction,0,,1,
2024-10-10,11:30,2024,NS01FB0003,South West Magaree River near Upper Margaree,Molybdenum,Dissolved,ug/l,,,,,wrong_fraction,0,,1,
2024-11-27,10:10,2024,NS01FB0003,South West Magaree River near Upper Margaree,Molybdenum,Dissolved,ug/l,,,,,wrong_fraction,0,,1,
2019-08-26,14:20,2019,NS01FB0003,South West Magaree River near Upper Margaree,Molybdenum,Total,ug/l,2.000000,ug/l,73.000,maximum,evaluated,1,1,1,0
2019-09-23,13:40,2019,NS01FB0003,South West Magaree River near Upper Margaree,Molybdenum,Total,ug/l,2.000000,ug/l,73.000,maximum,evaluated,1,1,1,0
2019-10-21,14:10,2019,NS01FB0003,South West Magaree River near Upper Margaree,Molybdenum,Total,ug/l,2.000000,ug/l,73.000,maximum,evaluated,1,1,1,0
2019-12-17,11:18,2019,NS01FB0003,South West Magaree River near Upper Margaree,Molybdenum,Total,ug/l,2.000000,ug/l,73.000,maximum,evaluated,1,1,1,0
2020-04-16,13:30,2020,NS01FB0003,South West Magaree River near Upper Margaree,Molybdenum,Total,ug/l,2.000000,ug/l,73.000,maximum,evaluated,1,1,1,0
2020-07-13,16:15,2020,NS01FB0003,South West Magaree River near Upper Margaree,Molybdenum,Total,ug/l,2.000000,ug/l,73.000,maximum,evaluated,1,1,1,0
2020-10-20,10:30,2020,NS01FB0003,South West Magaree River near Upper Margaree,Molybdenum,Total,ug/l,2.000000,ug/l,73.000,maximum,evaluated,1,1,1,0
2020-11-30,14:30,2020,NS01FB0003,South West Magaree River near Upper Margaree,Molybdenum,Total,ug/l,2.000000,ug/l,73.000,maximum,evaluated,1,1,1,0
2021-06-28,15:00,2021,NS01FB0003,South West Magaree River near Upper Margaree,Molybdenum,Total,ug/l,2.000000,ug/l,73.000,maximum,evaluated,1,1,1,0
2021-09-08,14:05,2021,NS01FB0003,South West Magaree River near Upper Margaree,Molybdenum,Total,ug/l,2.000000,ug/l,73.000,maximum,evaluated,1,1,1,0
2021-10-19,16:00,2021,NS01FB0003,South West Magaree River near Upper Margaree,Molybdenum,Total,ug/l,2.000000,ug/l,73.000,maximum,evaluated,1,1,1,0
2021-12-01,10:38,2021,NS01FB0003,South West Magaree River near Upper Margaree,Molybdenum,Total,ug/l,2.000000,ug/l,73.000,maximum,evaluated,1,1,1,0
2022-05-09,11:27,2022,NS01FB0003,South West Magaree River near Upper Margaree,Molybdenum,Total,ug/l,2.000000,ug/l,73.000,maximum,evaluated,1,1,1,0
2022-07-13,09:40,2022,NS01FB0003,South West Magaree River near Upper Margaree,Molybdenum,Total,ug/l,2.000000,ug/l,73.000,maximum,evaluated,1,1,1,0
2022-11-02,11:00,2022,NS01FB0003,South West Magaree River near Upper Margaree,Molybdenum,Total,ug/l,2.000000,ug/l,73.000,maximum,evaluated,1,1,1,0
2022-12-20,14:00,2022,NS01FB0003,South West Magaree River near Upper Margaree,Molybdenum,Total,ug/l,2.000000,ug/l,73.000,maximum,evaluated,1,1,1,0
2023-05-18,08:55,2023,NS01FB0003,South West Magaree River near Upper Margaree,Molybdenum,Total,ug/l,2.000000,ug/l,73.000,maximum,evaluated,1,1,1,0
2023-07-06,11:15,2023,NS01FB0003,South West Magaree River near Upper Margaree,Molybdenum,Total,ug/l,2.000000,ug/l,73.000,maximum,evaluated,1,1,1,0
2023-10-18,09:00,2023,NS01FB0003,South West Magaree River near Upper Margaree,Molybdenum,Total,ug/l,2.000000,ug/l,73.000,maximum,evaluated,1,1,1,0
2023-12-13,10:45,2023,NS01FB0003,South West Magaree River near Upper Margaree,Molybdenum,Total,ug/l,2.000000,ug/l,73.000,maximum,evaluated,1,1,1,0
2024-04-30,11:30,2024,NS01FB0003,South West Magaree River near Upper Margaree,Molybdenum,Total,ug/l,2.000000,ug/l,73.000,maximum,evaluated,1,1,1,0
2024-06-26,11:19,2024,NS01FB0003,South West Magaree River near Upper Margaree,Molybdenum,Total,ug/l,2.000000,ug/l,73.000,maximum,evaluated,1,1,1,0
2024-10-10,11:30,2024,NS01FB0003,South West Magaree River near Upper Margaree,Molybdenum,Total,ug/l,2.000000,ug/l,73.000,maximum,evaluated,1,1,1,0
2024-11-27,10:10,2024,NS01FB0003,South West Magaree River near Upper Margaree,Molybdenum,Total,ug/l,2.000000,ug/l,73.000,maximum,evaluated,1,1,1,0
2020-04-16,13:30,2020,NS01FB0003,South West Magaree River near Upper Margaree,Selenium,(not stated),ug/l,,,,,wrong_fraction,0,,1,
2020-10-20,10:30,2020,NS01FB0003,South West Magaree River near Upper Margaree,Selenium,Dissolved,ug/l,,,,,wrong_fraction,0,,1,
2022-05-09,11:27,2022,NS01FB0003,South West Magaree River near Upper Margaree,Selenium,Dissolved,ug/l,,,,,wrong_fraction,0,,1,
2022-11-02,11:00,2022,NS01FB0003,South West Magaree River near Upper Margaree,Selenium,Dissolved,ug/l,,,,,wrong_fraction,0,,1,
2022-12-20,14:00,2022,NS01FB0003,South West Magaree River near Upper Margaree,Selenium,Dissolved,ug/l,,,,,wrong_fraction,0,,1,
2023-05-18,08:55,2023,NS01FB0003,South West Magaree River near Upper Margaree,Selenium,Dissolved,ug/l,,,,,wrong_fraction,0,,1,
2023-07-06,11:15,2023,NS01FB0003,South West Magaree River near Upper Margaree,Selenium,Dissolved,ug/l,,,,,wrong_fraction,0,,1,
2023-10-18,09:00,2023,NS01FB0003,South West Magaree River near Upper Margaree,Selenium,Dissolved,ug/l,,,,,wrong_fraction,0,,1,
2023-12-13,10:45,2023,NS01FB0003,South West Magaree River near Upper Margaree,Selenium,Dissolved,ug/l,,,,,wrong_fraction,0,,1,
2024-04-30,11:30,2024,NS01FB0003,South West Magaree River near Upper Margaree,Selenium,Dissolved,ug/l,,,,,wrong_fraction,0,,1,
2024-06-26,11:19,2024,NS01FB0003,South West Magaree River near Upper Margaree,Selenium,Dissolved,ug/l,,,,,wrong_fraction,0,,1,
2024-10-10,11:30,2024,NS01FB0003,South West Magaree River near Upper Margaree,Selenium,Dissolved,ug/l,,,,,wrong_fraction,0,,1,
2024-11-27,10:10,2024,NS01FB0003,South West Magaree River near Upper Margaree,Selenium,Dissolved,ug/l,,,,,wrong_fraction,0,,1,
2019-08-26,14:20,2019,NS01FB0003,South West Magaree River near Upper Margaree,Selenium,Total,ug/l,2.000000,ug/l,1.000,maximum,evaluated,1,1,1,1
2019-09-23,13:40,2019,NS01FB0003,South West Magaree River near Upper Margaree,Selenium,Total,ug/l,2.000000,ug/l,1.000,maximum,evaluated,1,1,1,1
2019-10-21,14:10,2019,NS01FB0003,South West Magaree River near Upper Margaree,Selenium,Total,ug/l,2.000000,ug/l,1.000,maximum,evaluated,1,1,1,1
2019-12-17,11:18,2019,NS01FB0003,South West Magaree River near Upper Margaree,Selenium,Total,ug/l,2.000000,ug/l,1.000,maximum,evaluated,1,1,1,1
2020-04-16,13:30,2020,NS01FB0003,South West Magaree River near Upper Margaree,Selenium,Total,ug/l,2.000000,ug/l,1.000,maximum,evaluated,1,1,1,1
2020-07-13,16:15,2020,NS01FB0003,South West Magaree River near Upper Margaree,Selenium,Total,ug/l,2.000000,ug/l,1.000,maximum,evaluated,1,1,1,1
2020-10-20,10:30,2020,NS01FB0003,South West Magaree River near Upper Margaree,Selenium,Total,ug/l,2.000000,ug/l,1.000,maximum,evaluated,1,1,1,1
2020-11-30,14:30,2020,NS01FB0003,South West Magaree River near Upper Margaree,Selenium,Total,ug/l,2.000000,ug/l,1.000,maximum,evaluated,1,1,1,1
2021-06-28,15:00,2021,NS01FB0003,South West Magaree River near Upper Margaree,Selenium,Total,ug/l,2.000000,ug/l,1.000,maximum,evaluated,1,1,1,1
2021-09-08,14:05,2021,NS01FB0003,South West Magaree River near Upper Margaree,Selenium,Total,ug/l,2.000000,ug/l,1.000,maximum,evaluated,1,1,1,1
2021-10-19,16:00,2021,NS01FB0003,South West Magaree River near Upper Margaree,Selenium,Total,ug/l,2.000000,ug/l,1.000,maximum,evaluated,1,1,1,1
2021-12-01,10:38,2021,NS01FB0003,South West Magaree River near Upper Margaree,Selenium,Total,ug/l,2.000000,ug/l,1.000,maximum,evaluated,1,1,1,1
2022-05-09,11:27,2022,NS01FB0003,South West Magaree River near Upper Margaree,Selenium,Total,ug/l,2.000000,ug/l,1.000,maximum,evaluated,1,1,1,1
2022-07-13,09:40,2022,NS01FB0003,South West Magaree River near Upper Margaree,Selenium,Total,ug/l,2.000000,ug/l,1.000,maximum,evaluated,1,1,1,1
2022-11-02,11:00,2022,NS01FB0003,South West Magaree River near Upper Margaree,Selenium,Total,ug/l,2.000000,ug/l,1.000,maximum,evaluated,1,1,1,1
2022-12-20,14:00,2022,NS01FB0003,South West Magaree River near Upper Margaree,Selenium,Total,ug/l,2.000000,ug/l,1.000,maximum,evaluated,1,1,1,1
2023-05-18,08:55,2023,NS01FB0003,South West Magaree River near Upper Margaree,Selenium,Total,ug/l,2.000000,ug/l,1.000,maximum,evaluated,1,1,1,1
2023-07-06,11:15,2023,NS01FB0003,South West Magaree River near Upper Margaree,Selenium,Total,ug/l,2.000000,ug/l,1.000,maximum,evaluated,1,1,1,1
2023-10-18,09:00,2023,NS01FB0003,South West Magaree River near Upper Margaree,Selenium,Total,ug/l,2.000000,ug/l,1.000,maximum,evaluated,1,1,1,1
2023-12-13,10:45,2023,NS01FB0003,South West Magaree River near Upper Margaree,Selenium,Total,ug/l,2.000000,ug/l,1.000,maximum,evaluated,1,1,1,1
2024-04-30,11:30,2024,NS01FB0003,South West Magaree River near Upper Margaree,Selenium,Total,ug/l,2.000000,ug/l,1.000,maximum,evaluated,1,1,1,1
2024-06-26,11:19,2024,NS01FB0003,South West Magaree River near Upper Margaree,Selenium,Total,ug/l,2.000000,ug/l,1.000,maximum,evaluated,1,1,1,1
2024-10-10,11:30,2024,NS01FB0003,South West Magaree River near Upper Margaree,Selenium,Total,ug/l,2.000000,ug/l,1.000,maximum,evaluated,1,1,1,1
2024-11-27,10:10,2024,NS01FB0003,South West Magaree River near Upper Margaree,Selenium,Total,ug/l,2.000000,ug/l,1.000,maximum,evaluated,1,1,1,1
2020-04-16,13:30,2020,NS01FB0003,South West Magaree River near Upper Margaree,Silver,(not stated),ug/l,,,,,wrong_fraction,0,,1,
2020-10-20,10:30,2020,NS01FB0003,South West Magaree River near Upper Margaree,Silver,Dissolved,ug/l,,,,,wrong_fraction,0,,1,
2022-05-09,11:27,2022,NS01FB0003,South West Magaree River near Upper Margaree,Silver,Dissolved,ug/l,,,,,wrong_fraction,0,,1,
2022-11-02,11:00,2022,NS01FB0003,South West Magaree River near Upper Margaree,Silver,Dissolved,ug/l,,,,,wrong_fraction,0,,1,
2022-12-20,14:00,2022,NS01FB0003,South West Magaree River near Upper Margaree,Silver,Dissolved,ug/l,,,,,wrong_fraction,0,,1,
2023-05-18,08:55,2023,NS01FB0003,South West Magaree River near Upper Margaree,Silver,Dissolved,ug/l,,,,,wrong_fraction,0,,1,
2023-07-06,11:15,2023,NS01FB0003,South West Magaree River near Upper Margaree,Silver,Dissolved,ug/l,,,,,wrong_fraction,0,,1,
2023-10-18,09:00,2023,NS01FB0003,South West Magaree River near Upper Margaree,Silver,Dissolved,ug/l,,,,,wrong_fraction,0,,1,
2023-12-13,10:45,2023,NS01FB0003,South West Magaree River near Upper Margaree,Silver,Dissolved,ug/l,,,,,wrong_fraction,0,,1,
2024-04-30,11:30,2024,NS01FB0003,South West Magaree River near Upper Margaree,Silver,Dissolved,ug/l,,,,,wrong_fraction,0,,1,
2024-06-26,11:19,2024,NS01FB0003,South West Magaree River near Upper Margaree,Silver,Dissolved,ug/l,,,,,wrong_fraction,0,,1,
2024-10-10,11:30,2024,NS01FB0003,South West Magaree River near Upper Margaree,Silver,Dissolved,ug/l,,,,,wrong_fraction,0,,1,
2024-11-27,10:10,2024,NS01FB0003,South West Magaree River near Upper Margaree,Silver,Dissolved,ug/l,,,,,wrong_fraction,0,,1,
2019-08-26,14:20,2019,NS01FB0003,South West Magaree River near Upper Margaree,Silver,Total,ug/l,2.000000,ug/l,0.250,maximum,evaluated,1,1,1,1
2019-09-23,13:40,2019,NS01FB0003,South West Magaree River near Upper Margaree,Silver,Total,ug/l,2.000000,ug/l,0.250,maximum,evaluated,1,1,1,1
2019-10-21,14:10,2019,NS01FB0003,South West Magaree River near Upper Margaree,Silver,Total,ug/l,2.000000,ug/l,0.250,maximum,evaluated,1,1,1,1
2019-12-17,11:18,2019,NS01FB0003,South West Magaree River near Upper Margaree,Silver,Total,ug/l,2.000000,ug/l,0.250,maximum,evaluated,1,1,1,1
2020-04-16,13:30,2020,NS01FB0003,South West Magaree River near Upper Margaree,Silver,Total,ug/l,2.000000,ug/l,0.250,maximum,evaluated,1,1,1,1
2020-07-13,16:15,2020,NS01FB0003,South West Magaree River near Upper Margaree,Silver,Total,ug/l,2.000000,ug/l,0.250,maximum,evaluated,1,1,1,1
2020-10-20,10:30,2020,NS01FB0003,South West Magaree River near Upper Margaree,Silver,Total,ug/l,2.000000,ug/l,0.250,maximum,evaluated,1,1,1,1
2020-11-30,14:30,2020,NS01FB0003,South West Magaree River near Upper Margaree,Silver,Total,ug/l,2.000000,ug/l,0.250,maximum,evaluated,1,1,1,1
2021-06-28,15:00,2021,NS01FB0003,South West Magaree River near Upper Margaree,Silver,Total,ug/l,2.000000,ug/l,0.250,maximum,evaluated,1,1,1,1
2021-09-08,14:05,2021,NS01FB0003,South West Magaree River near Upper Margaree,Silver,Total,ug/l,2.000000,ug/l,0.250,maximum,evaluated,1,1,1,1
2021-10-19,16:00,2021,NS01FB0003,South West Magaree River near Upper Margaree,Silver,Total,ug/l,2.000000,ug/l,0.250,maximum,evaluated,1,1,1,1
2021-12-01,10:38,2021,NS01FB0003,South West Magaree River near Upper Margaree,Silver,Total,ug/l,2.000000,ug/l,0.250,maximum,evaluated,1,1,1,1
2022-05-09,11:27,2022,NS01FB0003,South West Magaree River near Upper Margaree,Silver,Total,ug/l,2.000000,ug/l,0.250,maximum,evaluated,1,1,1,1
2022-07-13,09:40,2022,NS01FB0003,South West Magaree River near Upper Margaree,Silver,Total,ug/l,2.000000,ug/l,0.250,maximum,evaluated,1,1,1,1
2022-11-02,11:00,2022,NS01FB0003,South West Magaree River near Upper Margaree,Silver,Total,ug/l,2.000000,ug/l,0.250,maximum,evaluated,1,1,1,1
2022-12-20,14:00,2022,NS01FB0003,South West Magaree River near Upper Margaree,Silver,Total,ug/l,2.000000,ug/l,0.250,maximum,evaluated,1,1,1,1
2023-05-18,08:55,2023,NS01FB0003,South West Magaree River near Upper Margaree,Silver,Total,ug/l,2.000000,ug/l,0.250,maximum,evaluated,1,1,1,1
2023-07-06,11:15,2023,NS01FB0003,South West Magaree River near Upper Margaree,Silver,Total,ug/l,2.000000,ug/l,0.250,maximum,evaluated,1,1,1,1
2023-10-18,09:00,2023,NS01FB0003,South West Magaree River near Upper Margaree,Silver,Total,ug/l,2.000000,ug/l,0.250,maximum,evaluated,1,1,1,1
2023-12-13,10:45,2023,NS01FB0003,South West Magaree River near Upper Margaree,Silver,Total,ug/l,2.000000,ug/l,0.250,maximum,evaluated,1,1,1,1
2024-04-30,11:30,2024,NS01FB0003,South West Magaree River near Upper Margaree,Silver,Total,ug/l,2.000000,ug/l,0.250,maximum,evaluated,1,1,1,1
2024-06-26,11:19,2024,NS01FB0003,South West Magaree River near Upper Margaree,Silver,Total,ug/l,2.000000,ug/l,0.250,maximum,evaluated,1,1,1,1
2024-10-10,11:30,2024,NS01FB0003,South West Magaree River near Upper Margaree,Silver,Total,ug/l,2.000000,ug/l,0.250,maximum,evaluated,1,1,1,1
2024-11-27,10:10,2024,NS01FB0003,South West Magaree River near Upper Margaree,Silver,Total,ug/l,2.000000,ug/l,0.250,maximum,evaluated,1,1,1,1
2020-04-16,13:30,2020,NS01FB0003,South West Magaree River near Upper Margaree,Thallium,(not stated),ug/l,,,,,wrong_fraction,0,,1,
2020-10-20,10:30,2020,NS01FB0003,South West Magaree River near Upper Margaree,Thallium,Dissolved,ug/l,,,,,wrong_fraction,0,,1,
2022-05-09,11:27,2022,NS01FB0003,South West Magaree River near Upper Margaree,Thallium,Dissolved,ug/l,,,,,wrong_fraction,0,,1,
2022-11-02,11:00,2022,NS01FB0003,South West Magaree River near Upper Margaree,Thallium,Dissolved,ug/l,,,,,wrong_fraction,0,,1,
2022-12-20,14:00,2022,NS01FB0003,South West Magaree River near Upper Margaree,Thallium,Dissolved,ug/l,,,,,wrong_fraction,0,,1,
2023-05-18,08:55,2023,NS01FB0003,South West Magaree River near Upper Margaree,Thallium,Dissolved,ug/l,,,,,wrong_fraction,0,,1,
2023-07-06,11:15,2023,NS01FB0003,South West Magaree River near Upper Margaree,Thallium,Dissolved,ug/l,,,,,wrong_fraction,0,,1,
2023-10-18,09:00,2023,NS01FB0003,South West Magaree River near Upper Margaree,Thallium,Dissolved,ug/l,,,,,wrong_fraction,0,,1,
2023-12-13,10:45,2023,NS01FB0003,South West Magaree River near Upper Margaree,Thallium,Dissolved,ug/l,,,,,wrong_fraction,0,,1,
2024-04-30,11:30,2024,NS01FB0003,South West Magaree River near Upper Margaree,Thallium,Dissolved,ug/l,,,,,wrong_fraction,0,,1,
2024-06-26,11:19,2024,NS01FB0003,South West Magaree River near Upper Margaree,Thallium,Dissolved,ug/l,,,,,wrong_fraction,0,,1,
2024-10-10,11:30,2024,NS01FB0003,South West Magaree River near Upper Margaree,Thallium,Dissolved,ug/l,,,,,wrong_fraction,0,,1,
2024-11-27,10:10,2024,NS01FB0003,South West Magaree River near Upper Margaree,Thallium,Dissolved,ug/l,,,,,wrong_fraction,0,,1,
2019-08-26,14:20,2019,NS01FB0003,South West Magaree River near Upper Margaree,Thallium,Total,ug/l,2.000000,ug/l,0.800,maximum,evaluated,1,1,1,1
2019-09-23,13:40,2019,NS01FB0003,South West Magaree River near Upper Margaree,Thallium,Total,ug/l,2.000000,ug/l,0.800,maximum,evaluated,1,1,1,1
2019-10-21,14:10,2019,NS01FB0003,South West Magaree River near Upper Margaree,Thallium,Total,ug/l,2.000000,ug/l,0.800,maximum,evaluated,1,1,1,1
2019-12-17,11:18,2019,NS01FB0003,South West Magaree River near Upper Margaree,Thallium,Total,ug/l,2.000000,ug/l,0.800,maximum,evaluated,1,1,1,1
2020-04-16,13:30,2020,NS01FB0003,South West Magaree River near Upper Margaree,Thallium,Total,ug/l,2.000000,ug/l,0.800,maximum,evaluated,1,1,1,1
2020-07-13,16:15,2020,NS01FB0003,South West Magaree River near Upper Margaree,Thallium,Total,ug/l,2.000000,ug/l,0.800,maximum,evaluated,1,1,1,1
2020-10-20,10:30,2020,NS01FB0003,South West Magaree River near Upper Margaree,Thallium,Total,ug/l,2.000000,ug/l,0.800,maximum,evaluated,1,1,1,1
2020-11-30,14:30,2020,NS01FB0003,South West Magaree River near Upper Margaree,Thallium,Total,ug/l,2.000000,ug/l,0.800,maximum,evaluated,1,1,1,1
2021-06-28,15:00,2021,NS01FB0003,South West Magaree River near Upper Margaree,Thallium,Total,ug/l,2.000000,ug/l,0.800,maximum,evaluated,1,1,1,1
2021-09-08,14:05,2021,NS01FB0003,South West Magaree River near Upper Margaree,Thallium,Total,ug/l,2.000000,ug/l,0.800,maximum,evaluated,1,1,1,1
2021-10-19,16:00,2021,NS01FB0003,South West Magaree River near Upper Margaree,Thallium,Total,ug/l,2.000000,ug/l,0.800,maximum,evaluated,1,1,1,1
2021-12-01,10:38,2021,NS01FB0003,South West Magaree River near Upper Margaree,Thallium,Total,ug/l,2.000000,ug/l,0.800,maximum,evaluated,1,1,1,1
2022-05-09,11:27,2022,NS01FB0003,South West Magaree River near Upper Margaree,Thallium,Total,ug/l,2.000000,ug/l,0.800,maximum,evaluated,1,1,1,1
2022-07-13,09:40,2022,NS01FB0003,South West Magaree River near Upper Margaree,Thallium,Total,ug/l,2.000000,ug/l,0.800,maximum,evaluated,1,1,1,1
2022-11-02,11:00,2022,NS01FB0003,South West Magaree River near Upper Margaree,Thallium,Total,ug/l,2.000000,ug/l,0.800,maximum,evaluated,1,1,1,1
2022-12-20,14:00,2022,NS01FB0003,South West Magaree River near Upper Margaree,Thallium,Total,ug/l,2.000000,ug/l,0.800,maximum,evaluated,1,1,1,1
2023-05-18,08:55,2023,NS01FB0003,South West Magaree River near Upper Margaree,Thallium,Total,ug/l,2.000000,ug/l,0.800,maximum,evaluated,1,1,1,1
2023-07-06,11:15,2023,NS01FB0003,South West Magaree River near Upper Margaree,Thallium,Total,ug/l,2.000000,ug/l,0.800,maximum,evaluated,1,1,1,1
2023-10-18,09:00,2023,NS01FB0003,South West Magaree River near Upper Margaree,Thallium,Total,ug/l,2.000000,ug/l,0.800,maximum,evaluated,1,1,1,1
2023-12-13,10:45,2023,NS01FB0003,South West Magaree River near Upper Margaree,Thallium,Total,ug/l,2.000000,ug/l,0.800,maximum,evaluated,1,1,1,1
2024-04-30,11:30,2024,NS01FB0003,South West Magaree River near Upper Margaree,Thallium,Total,ug/l,2.000000,ug/l,0.800,maximum,evaluated,1,1,1,1
2024-06-26,11:19,2024,NS01FB0003,South West Magaree River near Upper Margaree,Thallium,Total,ug/l,2.000000,ug/l,0.800,maximum,evaluated,1,1,1,1
2024-10-10,11:30,2024,NS01FB0003,South West Magaree River near Upper Margaree,Thallium,Total,ug/l,2.000000,ug/l,0.800,maximum,evaluated,1,1,1,1
2024-11-27,10:10,2024,NS01FB0003,South West Magaree River near Upper Margaree,Thallium,Total,ug/l,2.000000,ug/l,0.800,maximum,evaluated,1,1,1,1
2020-04-16,13:30,2020,NS01FB0003,South West Magaree River near Upper Margaree,Uranium,(not stated),ug/l,,,,,wrong_fraction,0,,1,
2020-10-20,10:30,2020,NS01FB0003,South West Magaree River near Upper Margaree,Uranium,Dissolved,ug/l,,,,,wrong_fraction,0,,1,
2022-05-09,11:27,2022,NS01FB0003,South West Magaree River near Upper Margaree,Uranium,Dissolved,ug/l,,,,,wrong_fraction,0,,1,
2022-11-02,11:00,2022,NS01FB0003,South West Magaree River near Upper Margaree,Uranium,Dissolved,ug/l,,,,,wrong_fraction,0,,1,
2022-12-20,14:00,2022,NS01FB0003,South West Magaree River near Upper Margaree,Uranium,Dissolved,ug/l,,,,,wrong_fraction,0,,1,
2023-05-18,08:55,2023,NS01FB0003,South West Magaree River near Upper Margaree,Uranium,Dissolved,ug/l,,,,,wrong_fraction,0,,1,
2023-07-06,11:15,2023,NS01FB0003,South West Magaree River near Upper Margaree,Uranium,Dissolved,ug/l,,,,,wrong_fraction,0,,1,
2023-10-18,09:00,2023,NS01FB0003,South West Magaree River near Upper Margaree,Uranium,Dissolved,ug/l,,,,,wrong_fraction,0,,1,
2023-12-13,10:45,2023,NS01FB0003,South West Magaree River near Upper Margaree,Uranium,Dissolved,ug/l,,,,,wrong_fraction,0,,1,
2024-04-30,11:30,2024,NS01FB0003,South West Magaree River near Upper Margaree,Uranium,Dissolved,ug/l,,,,,wrong_fraction,0,,1,
2024-06-26,11:19,2024,NS01FB0003,South West Magaree River near Upper Margaree,Uranium,Dissolved,ug/l,,,,,wrong_fraction,0,,1,
2024-10-10,11:30,2024,NS01FB0003,South West Magaree River near Upper Margaree,Uranium,Dissolved,ug/l,,,,,wrong_fraction,0,,1,
2024-11-27,10:10,2024,NS01FB0003,South West Magaree River near Upper Margaree,Uranium,Dissolved,ug/l,,,,,wrong_fraction,0,,1,
2019-08-26,14:20,2019,NS01FB0003,South West Magaree River near Upper Margaree,Uranium,Total,ug/l,0.500000,ug/l,15.000,maximum,evaluated,1,1,1,0
2019-09-23,13:40,2019,NS01FB0003,South West Magaree River near Upper Margaree,Uranium,Total,ug/l,0.500000,ug/l,15.000,maximum,evaluated,1,1,1,0
2019-10-21,14:10,2019,NS01FB0003,South West Magaree River near Upper Margaree,Uranium,Total,ug/l,0.500000,ug/l,15.000,maximum,evaluated,1,1,1,0
2019-12-17,11:18,2019,NS01FB0003,South West Magaree River near Upper Margaree,Uranium,Total,ug/l,0.500000,ug/l,15.000,maximum,evaluated,1,1,1,0
2020-04-16,13:30,2020,NS01FB0003,South West Magaree River near Upper Margaree,Uranium,Total,ug/l,0.500000,ug/l,15.000,maximum,evaluated,1,1,1,0
2020-07-13,16:15,2020,NS01FB0003,South West Magaree River near Upper Margaree,Uranium,Total,ug/l,0.500000,ug/l,15.000,maximum,evaluated,1,1,1,0
2020-10-20,10:30,2020,NS01FB0003,South West Magaree River near Upper Margaree,Uranium,Total,ug/l,0.500000,ug/l,15.000,maximum,evaluated,1,1,1,0
2020-11-30,14:30,2020,NS01FB0003,South West Magaree River near Upper Margaree,Uranium,Total,ug/l,0.500000,ug/l,15.000,maximum,evaluated,1,1,1,0
2021-06-28,15:00,2021,NS01FB0003,South West Magaree River near Upper Margaree,Uranium,Total,ug/l,0.500000,ug/l,15.000,maximum,evaluated,1,1,1,0
2021-09-08,14:05,2021,NS01FB0003,South West Magaree River near Upper Margaree,Uranium,Total,ug/l,0.500000,ug/l,15.000,maximum,evaluated,1,1,1,0
2021-10-19,16:00,2021,NS01FB0003,South West Magaree River near Upper Margaree,Uranium,Total,ug/l,0.500000,ug/l,15.000,maximum,evaluated,1,1,1,0
2021-12-01,10:38,2021,NS01FB0003,South West Magaree River near Upper Margaree,Uranium,Total,ug/l,0.500000,ug/l,15.000,maximum,evaluated,1,1,1,0
2022-05-09,11:27,2022,NS01FB0003,South West Magaree River near Upper Margaree,Uranium,Total,ug/l,0.500000,ug/l,15.000,maximum,evaluated,1,1,1,0
2022-07-13,09:40,2022,NS01FB0003,South West Magaree River near Upper Margaree,Uranium,Total,ug/l,0.500000,ug/l,15.000,maximum,evaluated,1,1,1,0
2022-11-02,11:00,2022,NS01FB0003,South West Magaree River near Upper Margaree,Uranium,Total,ug/l,0.500000,ug/l,15.000,maximum,evaluated,1,1,1,0
2022-12-20,14:00,2022,NS01FB0003,South West Magaree River near Upper Margaree,Uranium,Total,ug/l,0.500000,ug/l,15.000,maximum,evaluated,1,1,1,0
2023-05-18,08:55,2023,NS01FB0003,South West Magaree River near Upper Margaree,Uranium,Total,ug/l,0.500000,ug/l,15.000,maximum,evaluated,1,1,1,0
2023-07-06,11:15,2023,NS01FB0003,South West Magaree River near Upper Margaree,Uranium,Total,ug/l,0.500000,ug/l,15.000,maximum,evaluated,1,1,1,0
2023-10-18,09:00,2023,NS01FB0003,South West Magaree River near Upper Margaree,Uranium,Total,ug/l,0.500000,ug/l,15.000,maximum,evaluated,1,1,1,0
2023-12-13,10:45,2023,NS01FB0003,South West Magaree River near Upper Margaree,Uranium,Total,ug/l,0.500000,ug/l,15.000,maximum,evaluated,1,1,1,0
2024-04-30,11:30,2024,NS01FB0003,South West Magaree River near Upper Margaree,Uranium,Total,ug/l,0.500000,ug/l,15.000,maximum,evaluated,1,1,1,0
2024-06-26,11:19,2024,NS01FB0003,South West Magaree River near Upper Margaree,Uranium,Total,ug/l,0.500000,ug/l,15.000,maximum,evaluated,1,1,1,0
2024-10-10,11:30,2024,NS01FB0003,South West Magaree River near Upper Margaree,Uranium,Total,ug/l,0.500000,ug/l,15.000,maximum,evaluated,1,1,1,0
2024-11-27,10:10,2024,NS01FB0003,South West Magaree River near Upper Margaree,Uranium,Total,ug/l,0.500000,ug/l,15.000,maximum,evaluated,1,1,1,0
