"period","specialty","procedure","provider","zone","facility","year","quarter","consult_median","consult_90th","surgery_median","surgery_90th"
"2023_q2",,"Hysteroscopy",,"Zone 2","Aberdeen Hospital","2023","2","30","68","39","62"
"2024_q4",,"Gastric Surgery",,"Total","Provincial","2024","4","14","21","38","127"
"2023_q3",,"Hernia Repair  (Pediatric)",,"IWK","IWK","2023","3","97","228","119","361"
"2023_q3",,"Kidney Stone Surgery",,"Zone 3","Cape Breton Regional","2023","3",,,"36","387"
"2025_q2",,"Bladder Cancer Surgery",,"Zone 3","Northside General","2025","2",,,"106","157"
"2023_q2",,"Ear Tubes  (Pediatric)",,"Zone 1","Valley Regional","2023","2","120","168","55","148"
"2025_q1",,"Colorectal Cancer Surgery",,"Total","Provincial","2025","1","22","100","31","71"
"12month_rolling","Orthopaedic","Back Surgery  (Pediatric)","Morash, Kevin",,,,,"90","668","383","589"
"2025_q1",,"Gastrointestinal Tract Surgery",,"Zone 2","Colchester East Hants Health Centre","2025","1",,,"47","61"
"2023_q2",,"Hernia Repair  (Adult)",,"Zone 3","St. Martha's Regional","2023","2","23","106","228","310"
"3month_rolling",,"Functional Endoscopic Sinus Surgery (FESS)",,"Zone 3","St. Martha's Regional","2025","2",,,"96","151"
"12month_rolling","Urology","Kidney Stone Surgery","Bailly, Greg G",,,,,"34","59","31","50"
"2024_q4",,"Shoulder Arthroplasty",,"Total","Provincial","2024","4","91","389","175","529"
"2025_q1",,"Tonsillectomy and/or Adenoidectomy  (Pediatric)",,"Zone 3","Cape Breton Regional","2025","1","48","118","253","320"
"2023_q2",,"Cardiovascular Surgery",,"Total","Provincial","2023","2",,,"10","91"
"12month_rolling",,"Hysteroscopy",,"Zone 1","Valley Regional","2025","2","42","300","41","100"
"12month_rolling","Urology","All","Butler, Trevor",,,,,"3","7","51","183"
"2024_q4",,"Hysteroscopy",,"Zone 4","Dartmouth General","2024","4","35","188","59","163"
"12month_rolling","Obstetrics/Gynaecology","All","Pearsall, Jessica",,,,,"84","546","43","120"
"2023_q4",,"Cataract Surgery",,"Total","Provincial","2023","4","105","266","63","242"
"2025_q1",,"Head and Neck Surgery",,"Total","Provincial","2025","1","17","105","40","139"
"12month_rolling",,"Prostate Surgery",,"Zone 4","Dartmouth General","2025","2","47","156","86","279"
"2025_q2",,"Hernia Repair  (Adult)",,"Zone 4","Hants Community Hospital","2025","2","193","461","43","151"
"12month_rolling","General Surgery","Gastrointestinal Tract Surgery - Laparoscopic","Lapierre, Stephanie",,,,,"16","65","27","149"
"2023_q4",,"Endometrial Ablation",,"Zone 2","Aberdeen Hospital","2023","4","39","137","46","184"
"2024_q1",,"Sacral Nerve Stimulation",,"Total","Provincial","2024","1",,,"133","162"
"2023_q2",,"Gastrointestinal Tract Surgery",,"Zone 4","Dartmouth General","2023","2","57","278","57","188"
"2024_q4",,"Knee Scope",,"Zone 2","Aberdeen Hospital","2024","4","73","230","85","151"
"12month_rolling",,"Orthopaedic Trauma",,"Zone 3","St. Martha's Regional","2025","2","6","25","5","30"
"2024_q4",,"Hernia Repair - Incisional",,"Zone 2","Colchester East Hants Health Centre","2024","4",,,"128","268"
"12month_rolling","General Surgery","Hernia Repair  (Adult)","Nader, Nabil",,,,,"42","205","61","110"
"3month_rolling",,"Kidney Removal",,"Zone 2","Colchester East Hants Health Centre","2025","2",,,"57","74"
"12month_rolling","Obstetrics/Gynaecology","All","Lee, Winifred W",,,,,"118","288","132","187"
"2024_q4",,"Spinal Cord Stimulation Surgery",,"Zone 4","QE2","2024","4",,,"63","261"
"2024_q4",,"Lacrimal Duct Probing",,"Total","Provincial","2024","4","22","406","79","228"
"2023_q2",,"Hernia Repair  (Adult)",,"Zone 3","Cape Breton Regional","2023","2","45","317","140","406"
"2024_q4",,"Kidney Stone Surgery",,"Zone 1","Valley Regional","2024","4",,,"50","192"
"3month_rolling",,"Coronary Artery Bypass Graft",,"Total","Provincial","2025","2",,,"47","85"
"2025_q1",,"Back Surgery  (Pediatric)",,"Total","Provincial","2025","1",,,"310","589"
"3month_rolling",,"Knee Replacement Revision",,"Zone 4","QE2","2025","2",,,"112","416"
"2023_q2",,"Nissen Fundoplication - Laparoscopic",,"Zone 4","QE2","2023","2","56","119","154","483"
"2024_q2",,"Bowel Resection - Laparoscopic",,"Total","Provincial","2024","2","18","91","33","90"
"2024_q1",,"Cystoscopy",,"Zone 4","QE2","2024","1","34","112","51","253"
"2024_q4",,"Head and Neck Surgery",,"Zone 4","Dartmouth General","2024","4","20","39","97","140"
"2023_q4",,"Vascular Bypass Surgery",,"Zone 4","QE2","2023","4",,,"43","94"
"2025_q2",,"Hernia Repair - Inguinal/Femoral",,"Zone 2","Cumberland Regional","2025","2","83","217","35","66"
"2023_q2",,"Knee Replacement",,"Total","Provincial","2023","2","161","508","258","633"
"2024_q4",,"Hysterectomy  (Cancer Not Suspected)",,"Zone 3","St. Martha's Regional","2024","4","70","406","113","215"
"2023_q3",,"Pancreas Surgery",,"Total","Provincial","2023","3","14","64","36","64"
"2024_q4",,"Brain Surgery  (Pediatric)",,"Total","Provincial","2024","4",,,"21","74"
"2024_q2",,"Insertion Vascular Access Catheter",,"Total","Provincial","2024","2","11","130","11","97"
"2024_q2",,"Male Reproductive System Surgery",,"Zone 4","Hants Community Hospital","2024","2","72","237","117","381"
"2024_q2",,"Knee Replacement Revision",,"Zone 4","QE2","2024","2",,,"219","941"
"12month_rolling",,"Foot - Arthrodesis",,"Zone 4","QE2","2025","2","392","708","75","262"
"2024_q1",,"Hysteroscopy",,"Zone 1","Yarmouth Regional","2024","1","78","142","60","124"
"2024_q4",,"Hernia Repair - Inguinal/Femoral",,"Zone 2","Aberdeen Hospital","2024","4","105","262",,
"12month_rolling",,"Ankle - Arthroscopy",,"Total","Provincial","2025","2","168","621","42","194"
"2025_q1",,"Cystoscopy",,"Zone 3","Cape Breton Regional","2025","1","56","153","34","124"
"12month_rolling","General Surgery","Hernia Repair - Inguinal/Femoral","Kavanagh, Rhys",,,,,"102","304","41","104"
"2023_q4",,"Septoplasty",,"Zone 4","Hants Community Hospital","2023","4","60","471","82","420"
"2024_q1",,"Prostate Surgery",,"Zone 1","Valley Regional","2024","1","21","91","77","177"
"2023_q3",,"Hernia Repair  (Adult)",,"Zone 3","Glace Bay","2023","3","248","581",,
"12month_rolling","Obstetrics/Gynaecology","All","Saciragic, Lana",,,,,"15","36","32","76"
"12month_rolling","Ophthalmology","Cataract Surgery","Hussain, Ahsen Ayyaz",,,,,"142","418","69","207"
"12month_rolling",,"AV Fistula Creation/Closure",,"Total","Provincial","2025","2","19","63","25","70"
"12month_rolling","Urology","Male Circumcision  (Adult)","Massaro, Peter",,,,,"315","576","463","495"
"2024_q3",,"Bowel Resection - Laparoscopic",,"Zone 1","Valley Regional","2024","3","15","270","40","82"
"3month_rolling",,"Bowel Resection",,"Zone 1","Valley Regional","2025","2","44","260","41","96"
"2023_q2",,"Wound Management",,"Total","Provincial","2023","2",,,"21","196"
"2023_q4",,"Prostate Surgery - Laparoscopic",,"Zone 4","QE2","2023","4","29","132","150","242"
"2024_q2",,"Dental Extractions and Restorations  (Adult)",,"Zone 1","South Shore Regional","2024","2","85","215","78","234"
"2025_q2",,"Sacral Nerve Stimulation",,"Zone 4","QE2","2025","2",,,"135","225"
"2024_q2",,"Female Incontinence Surgery",,"Zone 4","QE2","2024","2",,,"137","272"
"3month_rolling",,"Glaucoma (Eye Pressure Lowering Surgery)",,"Zone 4","QE2","2025","2","39","642","20","76"
"2023_q2",,"Ear Tubes  (Pediatric)",,"Zone 3","St. Martha's Regional","2023","2","57","120","85","123"
"2025_q2",,"Breast Reduction Surgery",,"Zone 4","QE2","2025","2","1091","2121","82","335"
"2024_q1",,"Surgery for Hearing or Balance Problems of the Ear",,"IWK","IWK","2024","1","98","295","119","250"
"12month_rolling","Urology","Sacral Nerve Stimulation","Cox, Ashley",,,,,"89","91","132","230"
"2024_q4",,"Hernia Repair - Laparoscopic Inguinal Femoral",,"Total","Provincial","2024","4","116","610","108","321"
"2024_q1",,"Knee Replacement",,"Zone 4","QE2","2024","1","101","316","417","1342"
"12month_rolling","Orthopaedic","Hip Replacement","Wilson, David",,,,,"92","142","21","57"
"12month_rolling","Otolaryngology (ENT)","All","Graham, Elise",,,,,"143","393","86","178"
"2024_q4",,"Septoplasty",,"Zone 4","Dartmouth General","2024","4","164","1024","103","222"
"2024_q3",,"Thoroscopy / Pleuroscopy",,"Total","Provincial","2024","3",,,"15","378"
"2023_q3",,"Nerve or Brain Stimulation",,"Zone 4","QE2","2023","3","89","125","22","54"
"2024_q2",,"Prostate Surgery - Laparoscopic",,"Total","Provincial","2024","2","20","42","174","239"
"2024_q3",,"Knee Replacement",,"Zone 4","QE2","2024","3","116","287","360","1111"
"2024_q1",,"Bowel Resection - Open",,"Total","Provincial","2024","1","30","180","42","92"
"2024_q3",,"Gallbladder Surgery",,"Zone 2","Colchester East Hants Health Centre","2024","3","28","141","83","156"
"2024_q4",,"Bladder Cancer Surgery",,"Zone 2","Colchester East Hants Health Centre","2024","4","16","44","31","77"
"2024_q4",,"Hernia Repair  (Adult)",,"Zone 4","Dartmouth General","2024","4","119","660","118","307"
"2023_q3",,"Male Reproductive System Surgery",,"Total","Provincial","2023","3","82","250","118","642"
"2024_q1",,"Septoplasty",,"Total","Provincial","2024","1","73","489","90","304"
"2023_q2",,"Septoplasty",,"Zone 1","Valley Regional","2023","2","366","427","75","174"
"2024_q4",,"Carpal Tunnel Surgery",,"Zone 3","St. Martha's Regional","2024","4",,,"171","251"
"2024_q2",,"Tonsillectomy and/or Adenoidectomy  (Adult)",,"Zone 4","Dartmouth General","2024","2",,,"97","594"
"12month_rolling","General Surgery","Hernia Repair - Umbilical","Yaffe, Paul",,,,,"208","453","93","133"
"2024_q3",,"Hernia Repair - Umbilical",,"Zone 4","QE2","2024","3","171","373",,
"12month_rolling","Orthopaedic","Amputations","Burgesson, Bernard",,,,,"31","648","24","58"
"2024_q2",,"Palmar Fascia Excision for Dupuytren's Disease",,"Total","Provincial","2024","2","149","716","87","265"
"2025_q1",,"Gastric Surgery",,"Zone 4","QE2","2025","1","10","21","31","51"
"2024_q2",,"Hysteroscopy",,"Zone 3","St. Martha's Regional","2024","2","29","157","70","123"
"12month_rolling","General Surgery","Gastrointestinal Tract Surgery","O'Sullivan, Colleen M",,,,,"221","410","29","64"
"3month_rolling",,"Gallbladder Surgery",,"Total","Provincial","2025","2","41","191","64","201"
"12month_rolling","General Surgery","Gallbladder Surgery","Nader, Nabil",,,,,"19","61","43","70"
"3month_rolling",,"Chest Scopes  (Adult)",,"Total","Provincial","2025","2","11","19",,
"2024_q1",,"Breast Cancer Surgery",,"Zone 2","Colchester East Hants Health Centre","2024","1","7","33","41","77"
"12month_rolling","Orthopaedic","Hip Replacement","O'Brien, David A",,,,,"483","673","204","410"
"2024_q3",,"Hernia Repair  (Adult)",,"Zone 2","Colchester East Hants Health Centre","2024","3","40","204","99","222"
"12month_rolling","General Surgery","All","Neumann, Katerina",,,,,"92","295","73","355"
"2023_q2",,"Hysterectomy  (Cancer Not Suspected)",,"Zone 1","South Shore Regional","2023","2",,,"68","168"
"12month_rolling",,"Amputations",,"Total","Provincial","2025","2","27","227","17","114"
"12month_rolling","General Surgery","Gallbladder Surgery","Shih, Warren W",,,,,"70","99","167","267"
"2025_q2",,"Prostate Cancer Surgery",,"Total","Provincial","2025","2","28","64","69","155"
"2024_q2",,"Gallbladder Surgery",,"Total","Provincial","2024","2","37","213","60","195"
"2024_q4",,"Cataract Surgery",,"Total","Provincial","2024","4","125","307","70","190"
"12month_rolling","General Surgery","Peritoneal Lavage or Catherization","Livingstone, Scott",,,,,"27","27","15","22"
"12month_rolling",,"Patella Surgery",,"Zone 4","QE2","2025","2",,,"203","358"
"12month_rolling",,"Insertion Vascular Access Catheter",,"IWK","IWK","2025","2",,,"21","100"
"12month_rolling",,"Salivary Gland Surgery",,"Total","Provincial","2025","2","43","211","83","262"
"12month_rolling","Urology","Male Reproductive System Surgery","Ory, Jesse",,,,,"175","434","190","445"
"2023_q2",,"Gastrointestinal Tract Surgery",,"Zone 1","South Shore Regional","2023","2","18","96","43","137"
"2024_q2",,"Peritoneal Lavage or Catherization",,"Zone 4","QE2","2024","2",,,"14","22"
"2024_q3",,"Strabismus Surgery  (Adult)",,"Zone 4","QE2","2024","3","108","598","150","491"
"2023_q2",,"Kidney / Upper Urinary Tract",,"Total","Provincial","2023","2","33","79","57","267"
"2023_q2",,"Gastrointestinal Tract Surgery - Laparoscopic",,"Zone 3","St. Martha's Regional","2023","2","48","82",,
"2023_q2",,"Colorectal Cancer Surgery",,"Total","Provincial","2023","2","17","100","29","66"
"2024_q1",,"Hernia Repair - Incisional",,"Zone 4","QE2","2024","1","64","731","108","910"
"2024_q3",,"Gallbladder Surgery",,"Zone 3","St. Martha's Regional","2024","3","31","70","156","286"
"2025_q1",,"Pelvic Floor Repair",,"Zone 2","Colchester East Hants Health Centre","2025","1","72","353",,
"2024_q1",,"Cataract Surgery",,"Zone 2","Cumberland Regional","2024","1","212","255","63","126"
"12month_rolling",,"Hysteroscopy",,"Zone 3","Glace Bay","2025","2","81","122","18","81"
"2025_q1",,"Bowel Resection",,"Zone 4","QE2","2025","1","23","156","36","227"
"12month_rolling",,"Hernia Repair - Laparoscopic Inguinal Femoral",,"Zone 1","Valley Regional","2025","2","217","533","99","445"
"2024_q1",,"Hip Replacement",,"Total","Provincial","2024","1","154","399","118","571"
"2023_q3",,"Laryngology and Vocal Cord Surgery",,"Zone 4","QE2","2023","3","26","75","141","569"
"2024_q2",,"Cardioversion",,"Total","Provincial","2024","2",,,"12","15"
"2023_q3",,"Pilonidal Cyst Surgery",,"Total","Provincial","2023","3","105","382","50","218"
"2025_q2",,"Bowel Resection",,"Zone 1","Yarmouth Regional","2025","2",,,"25","49"
"2025_q1",,"Septoplasty",,"Zone 3","Cape Breton Regional","2025","1","49","211","307","427"
"2024_q1",,"Tubal Ligation",,"Total","Provincial","2024","1","78","333",,
"2024_q2",,"Knee Replacement",,"Total","Provincial","2024","2","223","507","168","542"
"2025_q1",,"Breast Cancer Surgery",,"Zone 1","South Shore Regional","2025","1","14","85","16","26"
"2024_q3",,"Pancreas Surgery",,"Total","Provincial","2024","3","14","27","30","79"
"2023_q4",,"Gastrointestinal Tract Surgery - Laparoscopic",,"Zone 4","Dartmouth General","2023","4","15","104","24","45"
"2023_q3",,"Cystoscopy",,"Zone 4","Dartmouth General","2023","3","43","153","130","589"
"12month_rolling","Urology","Male Reproductive System Surgery","Rent, Kenneth",,,,,"23","67","57","233"
"2023_q4",,"Cardioversion",,"Total","Provincial","2023","4",,,"17","34"
"2023_q4",,"Craniotomy or Craniectomy",,"Total","Provincial","2023","4",,,"90","225"
"2024_q4",,"Cornea and External Disease",,"Total","Provincial","2024","4","57","236","91","341"
"2023_q3",,"Tubal Ligation",,"Total","Provincial","2023","3","36","215",,
"2025_q1",,"Hysteroscopy",,"Zone 1","Valley Regional","2025","1","41","397","35","91"
"2024_q4",,"Knee Scope",,"Zone 3","Cape Breton Regional","2024","4","56","165",,
"2023_q3",,"Shoulder Arthroplasty",,"Total","Provincial","2023","3","88","498","275","537"
"2024_q4",,"Hysterectomy  (Cancer Not Suspected)",,"Zone 1","Yarmouth Regional","2024","4","51","290","30","97"
"2023_q3",,"Nose Surgery - Reconstructive or Aesthetic",,"Total","Provincial","2023","3","89","186","29","210"
"2025_q2",,"Brain Surgery  (Adult)",,"Total","Provincial","2025","2","21","182","30","86"
"2025_q2",,"Gastrointestinal Tract Surgery",,"Zone 1","Yarmouth Regional","2025","2",,,"31","43"
"12month_rolling",,"Gastrointestinal Tract Surgery",,"Zone 2","Cumberland Regional","2025","2","19","63","28","61"
"12month_rolling","Orthopaedic","Meniscectomy","Urquhart, Nathan Alexander",,,,,"80","193","78","146"
"2023_q4",,"Knee Scope with ACL Repair",,"Zone 4","QE2","2023","4","53","95","119","326"
"2024_q4",,"Palmar Fascia Excision for Dupuytren's Disease",,"Zone 4","QE2","2024","4","383","751","94","522"
"2024_q2",,"Wound Management",,"Total","Provincial","2024","2",,,"11","20"
"12month_rolling","General Surgery","Hernia Repair - Laparoscopic Inguinal Femoral","Enright, Jonathan Boyde",,,,,"370","585","80","332"
"2024_q2",,"Hip Replacement",,"Zone 4","Dartmouth General","2024","2","245","429","161","466"
"12month_rolling","Obstetrics/Gynaecology","Hysteroscopy","Parr, Grace",,,,,"112","520","59","137"
"2024_q2",,"Oculo Plastic Surgery",,"Zone 3","Cape Breton Regional","2024","2",,,"134","201"
"2023_q2",,"Back Surgery  (Pediatric)",,"Total","Provincial","2023","2",,,"482","715"
"12month_rolling","General Surgery","Hernia Repair - Umbilical","Roach, Eileen",,,,,"145","423","233","348"
"2024_q3",,"Hysteroscopy",,"Zone 4","Dartmouth General","2024","3","38","169","61","108"
"12month_rolling","General Surgery","Bowel Resection - Laparoscopic","Nader, Nabil",,,,,"11","20","20","41"
"12month_rolling","Ophthalmology","Cataract Surgery","Dickinson, John D",,,,,"42","289","51","110"
"2023_q3",,"Hernia Repair  (Adult)",,"Zone 1","South Shore Regional","2023","3","39","154","40","93"
"2024_q3",,"Gastrointestinal Tract Surgery - Laparoscopic",,"Zone 2","Cumberland Regional","2024","3",,,"14","18"
"2023_q3",,"Lacrimal Duct Probing",,"Total","Provincial","2023","3","162","194","66","187"
"2023_q4",,"Hysteroscopy",,"Total","Provincial","2023","4","43","273","49","146"
"12month_rolling","General Surgery","Hernia Repair - Umbilical","Butler, Clay K",,,,,"589","776","77","671"
"2024_q2",,"Bowel Resection - Open",,"Zone 1","South Shore Regional","2024","2","24","71","29","43"
"2025_q1",,"Surgery for Hearing or Balance Problems of the Ear",,"Zone 1","Yarmouth Regional","2025","1","100","223","29","57"
"2023_q3",,"Kidney / Upper Urinary Tract",,"Zone 3","Cape Breton Regional","2023","3",,,"34","162"
"2023_q4",,"Maxillofacial Deformity Surgery",,"Total","Provincial","2023","4","307","541","225","336"
"2025_q2",,"Craniotomy or Craniectomy",,"Zone 4","QE2","2025","2",,,"38","75"
"12month_rolling","Neurosurgery","Brain Surgery  (Adult)","Weeks, Adrienne",,,,,"6","27","7","67"
"12month_rolling",,"Bone / Cartilage Graft",,"Zone 4","QE2","2025","2","77","373","137","321"
"3month_rolling",,"Knee Replacement Revision",,"Zone 4","Dartmouth General","2025","2",,,"93","138"
"2025_q1",,"Spinal Cord Stimulation Surgery",,"Total","Provincial","2025","1",,,"49","106"
"12month_rolling","Orthopaedic","Knee Scope with ACL Repair","El-Tahan, Tahmir H.",,,,,"7","24","69","249"
"2025_q1",,"Cataract Surgery",,"Zone 4","QE2","2025","1","74","270","58","174"
"12month_rolling","General Surgery","Hernia Repair  (Adult)","Smith, Victoria",,,,,"86","198","27","99"
"12month_rolling","Obstetrics/Gynaecology","Removal of Ovaries and/or Fallopian Tubes  (Cancer Not Suspected)","Cohen, Elissa",,,,,"107","223","28","78"
"2023_q4",,"Knee Scope",,"Zone 2","Aberdeen Hospital","2023","4","62","224","69","182"
"2025_q1",,"Vascular Bypass Surgery",,"Total","Provincial","2025","1",,,"14","99"
"12month_rolling","General Surgery","Hernia Repair - Inguinal/Femoral","Minor, Samuel",,,,,"306","371","118","232"
"2024_q1",,"Knee Replacement Revision",,"Zone 4","QE2","2024","1",,,"166","488"
"12month_rolling","Orthopaedic","Knee Replacement","Sequeira, Stanislaus",,,,,"160","605","366","591"
"2023_q4",,"Cornea and External Disease",,"Zone 4","QE2","2023","4","89","203","105","291"
"2024_q1",,"Thyroid or Parathyroid Surgery",,"Zone 4","Dartmouth General","2024","1","35","246","50","173"
"2024_q1",,"Functional Endoscopic Sinus Surgery (FESS)",,"Zone 3","St. Martha's Regional","2024","1",,,"76","258"
"2024_q4",,"Bowel Resection",,"Zone 1","Valley Regional","2024","4","31","118","53","109"
"2023_q4",,"Knee Replacement",,"Zone 3","Cape Breton Regional","2023","4","189","366","123","203"
"2024_q2",,"Removal of Ovaries and/or Fallopian Tubes  (Cancer Not Suspected)",,"Zone 3","St. Martha's Regional","2024","2","54","410","130","172"
"12month_rolling","Urology","Bladder Cancer Surgery","Rent, Kenneth",,,,,"15","50","32","78"
"2023_q4",,"Hernia Repair  (Adult)",,"Zone 1","Yarmouth Regional","2023","4","24","91","52","159"
"12month_rolling","General Surgery","Hernia Repair  (Adult)","Jad, Ahmed",,,,,"177","370","248","346"
"2024_q3",,"Septoplasty",,"Zone 4","Hants Community Hospital","2024","3","102","438","78","107"
"3month_rolling",,"Male Circumcision  (Adult)",,"Zone 4","Dartmouth General","2025","2",,,"103","157"
"2025_q1",,"Coronary Artery Bypass Graft",,"Total","Provincial","2025","1",,,"39","82"
"2024_q2",,"Hysteroscopy",,"Zone 1","South Shore Regional","2024","2","32","139","43","91"
"12month_rolling","Otolaryngology (ENT)","Head and Neck Surgery","Williams, Blair",,,,,"46","68","233","331"
"2024_q1",,"Vitreoretinal Diseases",,"Zone 4","QE2","2024","1","27","132","25","104"
"12month_rolling",,"Endarterectomy",,"Zone 4","QE2","2025","2","25","167","29","66"
"2024_q2",,"Dental Extractions and Restorations  (Adult)",,"IWK","IWK","2024","2",,,"560","1301"
"2023_q2",,"Bowel Resection - Laparoscopic",,"Zone 3","Cape Breton Regional","2023","2","8","28","32","46"
"2025_q2",,"Cardiovascular Surgery",,"Total","Provincial","2025","2",,,"50","84"
"12month_rolling","General Surgery","Gastrointestinal Tract Surgery - Laparoscopic","Yaffe, Paul",,,,,"26","78","39","63"
"3month_rolling",,"Knee Scope with ACL Repair",,"Zone 3","Cape Breton Regional","2025","2",,,"34","47"
"12month_rolling","Otolaryngology (ENT)","Laryngology and Vocal Cord Surgery","Rigby, Matthew Hall",,,,,,,"26","50"
"12month_rolling",,"Liver Surgery",,"Zone 4","QE2","2025","2","12","29","36","79"
"2024_q3",,"Prostate Surgery - Laparoscopic",,"Zone 4","QE2","2024","3","38","153","160","242"
"12month_rolling","Otolaryngology (ENT)","All","Corsten, P Gerard",,,,,"147","359","96","337"
"2025_q2",,"AV Fistula Creation/Closure",,"Total","Provincial","2025","2",,,"24","70"
"2025_q1",,"Hip Replacement",,"Total","Provincial","2025","1","236","468","120","319"
"12month_rolling","Urology","Kidney Stone Surgery","Lehmann, Kyle",,,,,,,"58","117"
"2025_q2",,"Whipple Procedures",,"Total","Provincial","2025","2","13","22","37","46"
"12month_rolling","Obstetrics/Gynaecology","All","Nee, Brigid",,,,,"110","443","162","313"
"12month_rolling","Obstetrics/Gynaecology","Hysteroscopy","Nair, Cynthia",,,,,"30","99","28","52"
"2025_q2",,"Knee Replacement",,"Total","Provincial","2025","2","363","504","138","445"
"2024_q4",,"Bowel Resection - Open",,"Zone 1","Yarmouth Regional","2024","4",,,"17","46"
"2024_q3",,"Back Surgery  (Pediatric)",,"IWK","IWK","2024","3",,,"359","741"
"2024_q2",,"Foot - Bunionectomy",,"Total","Provincial","2024","2",,,"109","141"
"2023_q3",,"Aneurysm Repair",,"Zone 4","QE2","2023","3","30","127","31","167"
"12month_rolling","Oral Maxillofacial","Bone / Cartilage Graft","Doucet, Jean-Charles",,,,,"37","42","209","314"
"2024_q3",,"Septoplasty",,"Zone 4","Dartmouth General","2024","3","83","133","119","332"
"2023_q2",,"Nerve or Brain Stimulation",,"Zone 4","QE2","2023","2",,,"42","78"
"3month_rolling",,"Hysterectomy  (Cancer Suspected or Proven)",,"Zone 2","Colchester East Hants Health Centre","2025","2","30","46",,
"12month_rolling","Obstetrics/Gynaecology","Hysterectomy  (Cancer Not Suspected)","Nette, Farrell",,,,,"178","423","225","359"
"12month_rolling",,"Tendon / Ligament Repair",,"Zone 3","Inverness Consolidated Memorial","2025","2","224","385","74","98"
"2025_q2",,"Carpal Tunnel Surgery",,"Zone 4","Hants Community Hospital","2025","2",,,"32","111"
"12month_rolling","General Surgery","Gastric Surgery","Helyer, Lucy K",,,,,"10","16","27","32"
"2023_q4",,"Esophagectomy / Esophageal Surgery",,"Total","Provincial","2023","4","25","342","31","92"
"2024_q2",,"Sacral Nerve Stimulation",,"Zone 4","QE2","2024","2",,,"136","228"
"2024_q2",,"Hernia Repair - Inguinal/Femoral",,"Zone 1","Valley Regional","2024","2","21","59","89","189"
"12month_rolling","General Surgery","Insertion Vascular Access Catheter","Blackmore, Christopher",,,,,"106","151","10","91"
"2023_q3",,"Gastrointestinal Tract Surgery - Laparoscopic",,"Zone 1","Valley Regional","2023","3","14","383","41","87"
"12month_rolling",,"Male Incontinence Surgery",,"Zone 4","QE2","2025","2","86","97","94","184"
"2025_q1",,"Hernia Repair - Inguinal/Femoral",,"Zone 2","Cumberland Regional","2025","1","47","205","69","114"
"2023_q4",,"Shoulder Arthroscopy",,"Zone 1","Valley Regional","2023","4","97","400","141","250"
"2024_q1",,"Hip Replacement",,"Zone 4","QE2","2024","1","123","246","121","1280"
"2025_q2",,"Lung Cancer Surgery",,"Total","Provincial","2025","2","28","64","24","49"
"2024_q2",,"Hernia Repair - Umbilical",,"Zone 4","QE2","2024","2","187","282",,
"12month_rolling","General Surgery","All","Knapp, Gregory",,,,,"19","112","35","79"
"2023_q3",,"Hernia Repair  (Adult)",,"Zone 1","Valley Regional","2023","3","58","392","45","491"
"2024_q2",,"Breast Reduction Surgery",,"Zone 4","QE2","2024","2","1160","1338","97","246"
"12month_rolling","General Surgery","Hernia Repair  (Adult)","Roach, Eileen",,,,,"148","341","184","428"
"2024_q3",,"Hip Replacement",,"Zone 4","QE2","2024","3","152","259","57","549"
"2025_q2",,"Wound Management",,"Total","Provincial","2025","2",,,"7","112"
"2024_q1",,"Bladder Cancer Surgery",,"Zone 1","Valley Regional","2024","1","5","39","28","69"
"2023_q2",,"Palmar Fascia Excision for Dupuytren's Disease",,"Zone 1","South Shore Regional","2023","2","67","540","92","364"
"12month_rolling","General Surgery","Hernia Repair - Incisional","Wasserman, Lukas",,,,,"103","204","143","395"
"2024_q4",,"Male Reproductive System Surgery",,"Zone 3","Cape Breton Regional","2024","4","44","327","69","269"
"12month_rolling","General Surgery","Hernia Repair - Laparoscopic Inguinal Femoral","Roach, Eileen",,,,,"122","335","183","452"
"2024_q1",,"Thyroid or Parathyroid Surgery",,"Zone 3","Cape Breton Regional","2024","1","81","135","119","209"
"2024_q1",,"Gallbladder Surgery",,"Total","Provincial","2024","1","37","246","54","181"
"2023_q2",,"Strabismus Surgery  (Adult)",,"Zone 4","QE2","2023","2","334","566","211","421"
"12month_rolling","Otolaryngology (ENT)","Tonsillectomy and/or Adenoidectomy  (Pediatric)","Piccott, Devin",,,,,"105","219","250","381"
"12month_rolling","General Surgery","Hernia Repair  (Adult)","Butler, Clay K",,,,,"208","776","77","863"
"12month_rolling","Obstetrics/Gynaecology","Hysterectomy  (Cancer Not Suspected)","Lee, Winifred W",,,,,"246","336","143","156"
"2023_q4",,"Hip Replacement",,"Zone 2","Aberdeen Hospital","2023","4","166","335","63","312"
"2025_q1",,"Shoulder Arthroscopy",,"Zone 4","Hants Community Hospital","2025","1","77","204","77","306"
"2023_q4",,"Male Reproductive System Surgery",,"Zone 4","Dartmouth General","2023","4","74","260","175","771"
"2024_q2",,"Prostatectomy",,"Zone 4","QE2","2024","2","20","42","174","239"
"2023_q4",,"Vitreoretinal Diseases",,"Total","Provincial","2023","4","28","179","15","78"
"2023_q4",,"Hernia Repair - Inguinal/Femoral",,"Zone 3","Cape Breton Regional","2023","4","54","371","99","496"
"2024_q1",,"Temperomandibular Joint Surgery (TMJ)",,"Total","Provincial","2024","1","120","547","141","587"
"2024_q1",,"Colorectal Cancer Surgery",,"Total","Provincial","2024","1","19","114","31","69"
"2024_q2",,"Kidney Stone Surgery",,"Zone 4","QE2","2024","2","31","112","54","126"
"2023_q4",,"Hernia Repair - Laparoscopic Inguinal Femoral",,"Zone 3","St. Martha's Regional","2023","4","9","31","236","370"
"12month_rolling","Neurosurgery","All","Weeks, Adrienne",,,,,"10","58","7","68"
"12month_rolling","Urology","Cystoscopy","Butler, Trevor",,,,,"3","7","48","151"
"2024_q1",,"Peritoneal Lavage or Catherization",,"Total","Provincial","2024","1",,,"10","16"
"2023_q4",,"Kidney Stone Surgery",,"Zone 4","QE2","2023","4","33","71","41","117"
"3month_rolling",,"Shoulder Surgery",,"Zone 4","QE2","2025","2","77","178","107","369"
"12month_rolling","Urology","Kidney Stone Surgery","McCarthy, John Paul",,,,,,,"20","51"
"2024_q2",,"Shoulder Arthroscopy",,"Zone 1","South Shore Regional","2024","2","66","168","161","261"
"12month_rolling","Obstetrics/Gynaecology","Hysterectomy  (Cancer Not Suspected)","Saciragic, Lana",,,,,"11","20","28","77"
"2024_q1",,"Brain Surgery  (Adult)",,"Total","Provincial","2024","1","47","338","46","160"
"2024_q4",,"Male Reproductive System Surgery",,"Zone 1","Valley Regional","2024","4",,,"160","233"
"2024_q3",,"Knee Scope",,"Zone 3","Cape Breton Regional","2024","3",,,"101","189"
"3month_rolling",,"Hemorrhoidectomy",,"Total","Provincial","2025","2","83","463","80","246"
"2025_q2",,"Hernia Repair - Laparoscopic Inguinal Femoral",,"Zone 4","Dartmouth General","2025","2","158","245","105","242"
"2024_q3",,"Craniotomy or Craniectomy",,"Total","Provincial","2024","3",,,"91","339"
"2024_q2",,"Breast Reduction Surgery",,"Zone 3","St. Martha's Regional","2024","2","90","191",,
"2023_q2",,"Cornea and External Disease",,"Total","Provincial","2023","2","85","263","92","409"
"12month_rolling","General Surgery","All","Sytnik, Peter",,,,,"16","45","25","42"
"2024_q2",,"Septoplasty",,"Total","Provincial","2024","2","106","736","86","382"
"12month_rolling","Urology","All","Paterson, Nicholas",,,,,"43","116","65","163"
"2023_q4",,"Colorectal Cancer Surgery",,"Zone 4","QE2","2023","4","23","111","25","51"
"12month_rolling","General Surgery","Nissen Fundoplication - Laparoscopic","Ellsmere, James C",,,,,"67","116","302","429"
"2024_q4",,"Male Circumcision  (Pediatric)",,"Total","Provincial","2024","4",,,"132","680"
"2024_q2",,"Hernia Repair - Inguinal/Femoral",,"Total","Provincial","2024","2","53","335","73","213"
"12month_rolling","General Surgery","Hernia Repair - Inguinal/Femoral","Wasilewski, Leszek J",,,,,"873","982","55","69"
"2023_q3",,"Knee Scope with ACL Repair",,"Zone 4","QE2","2023","3","62","200","119","271"
"12month_rolling","General Surgery","Amputations","Archibald, Alison",,,,,"8","21","9","16"
"2023_q3",,"Functional Endoscopic Sinus Surgery (FESS)",,"Zone 4","Dartmouth General","2023","3","27","85","71","142"
"2024_q1",,"Knee Replacement",,"Zone 4","Dartmouth General","2024","1","266","467","229","463"
"2025_q1",,"Vitreoretinal Diseases",,"Zone 4","QE2","2025","1","34","118","22","71"
"2023_q4",,"Spinal Cord Stimulation Surgery",,"Zone 4","QE2","2023","4",,,"109","184"
"2024_q4",,"Video-Assisted Thoracic Surgery",,"Zone 4","QE2","2024","4","23","52","24","65"
"2024_q2",,"Hysteroscopy",,"Zone 4","Dartmouth General","2024","2","51","211","51","101"
"2024_q1",,"Hysteroscopy",,"Zone 1","Valley Regional","2024","1","60","2190","76","167"
"2025_q2",,"Knee Scope",,"Zone 4","QE2","2025","2",,,"143","374"
"12month_rolling","Otolaryngology (ENT)","Ear Tubes  (Pediatric)","Corsten, P Gerard",,,,,"75","322","82","148"
"2023_q4",,"Kidney Stone Surgery",,"Zone 1","Valley Regional","2023","4",,,"50","212"
"2024_q1",,"Back Surgery  (Pediatric)",,"Total","Provincial","2024","1",,,"314","539"
"3month_rolling",,"Shoulder Arthroscopy",,"Zone 1","Yarmouth Regional","2025","2",,,"144","230"
"2023_q2",,"Ear Tubes  (Pediatric)",,"IWK","IWK","2023","2","111","169","76","123"
"2023_q4",,"Brain Surgery  (Pediatric)",,"Total","Provincial","2023","4",,,"39","44"
"2025_q1",,"Insertion Vascular Access Catheter",,"Zone 1","Yarmouth Regional","2025","1",,,"15","27"
"2024_q2",,"Kidney Removal",,"Zone 4","QE2","2024","2","11","25","56","185"
"2025_q1",,"Breast Cancer Surgery",,"Total","Provincial","2025","1","13","25","27","54"
"2024_q1",,"Hernia Repair - Inguinal/Femoral",,"Zone 4","Dartmouth General","2024","1","112","382","104","239"
"2025_q2",,"Hernia Repair - Umbilical",,"Zone 1","South Shore Regional","2025","2","46","129","32","71"
"2025_q2",,"Sinus Surgery",,"Total","Provincial","2025","2","70","189","97","443"
"2025_q1",,"Craniotomy or Craniectomy",,"Zone 4","QE2","2025","1",,,"95","153"
"2024_q4",,"Sinus Surgery",,"Total","Provincial","2024","4","168","1522","68","133"
"2024_q1",,"Hernia Repair  (Adult)",,"Zone 2","Aberdeen Hospital","2024","1","244","703","46","86"
"2025_q2",,"Gallbladder Surgery",,"Zone 2","Aberdeen Hospital","2025","2","63","167","64","123"
"12month_rolling","Dental","All","Briand, Beth",,,,,"31","105","96","183"
"2025_q1",,"Lung Cancer Surgery",,"Zone 4","QE2","2025","1","26","70","29","60"
"2023_q3",,"Bowel Resection",,"Zone 1","Valley Regional","2023","3","14","383","29","51"
"12month_rolling","General Surgery","Gastrointestinal Tract Surgery","Walsh, Mark J",,,,,"11","24","60","84"
"12month_rolling","Obstetrics/Gynaecology","Removal of Ovaries and/or Fallopian Tubes  (Cancer Not Suspected)","Rudd, Michael W",,,,,"504","1371","223","302"
"12month_rolling","General Surgery","Colorectal Cancer Surgery","Kavanagh, Rhys",,,,,"31","548","27","35"
"2023_q2",,"Hip Replacement",,"Total","Provincial","2023","2","127","436","176","608"
"12month_rolling","Dental","Dental Extractions and Restorations  (Adult)","Doyle, Tracy",,,,,"68","68","829","1113"
"2024_q2",,"Gastrointestinal Tract Surgery",,"Zone 3","Cape Breton Regional","2024","2","12","29","29","200"
"2024_q1",,"Thyroid or Parathyroid Surgery",,"Zone 4","QE2","2024","1","42","99","117","1030"
"2024_q3",,"Lung Cancer Surgery",,"Zone 4","QE2","2024","3","27","73","39","88"
"12month_rolling",,"Cardiovascular Surgery",,"Zone 4","QE2","2025","2",,,"48","113"
"2025_q2",,"Foot - Arthrodesis",,"Total","Provincial","2025","2","143","572","96","331"
"2024_q1",,"Bowel Resection - Laparoscopic",,"Zone 4","QE2","2024","1","37","128","35","66"
"2023_q2",,"Nose Surgery - Reconstructive or Aesthetic",,"Total","Provincial","2023","2","102","195","27","62"
"2023_q3",,"Knee Replacement",,"Total","Provincial","2023","3","169","518","207","605"
"2025_q2",,"Hernia Repair  (Adult)",,"Zone 3","Cape Breton Regional","2025","2","156","608","83","195"
"2023_q4",,"Pancreas Surgery",,"Total","Provincial","2023","4","15","21","30","69"
"2025_q1",,"Dental Extractions and Restorations  (Pediatric)",,"Total","Provincial","2025","1","60","381","118","491"
"2024_q1",,"Removal of Ovaries and/or Fallopian Tubes  (Cancer Not Suspected)",,"Zone 1","Valley Regional","2024","1","72","416","182","371"
"12month_rolling","Obstetrics/Gynaecology","All","McFadgen, Ainsley",,,,,"73","620","32","43"
"2024_q3",,"Brain Surgery  (Pediatric)",,"IWK","IWK","2024","3",,,"72","123"
"2025_q2",,"Bladder Cancer Surgery",,"Zone 4","Dartmouth General","2025","2",,,"33","95"
"12month_rolling","Obstetrics/Gynaecology","All","Nair, Cynthia",,,,,"34","118","28","60"
"2024_q1",,"Cardiovascular Surgery",,"Total","Provincial","2024","1",,,"7","54"
"2024_q3",,"Knee Replacement",,"Zone 3","Cape Breton Regional","2024","3","155","225","113","202"
"12month_rolling","General Surgery","Colorectal Cancer Surgery","Enright, Jonathan Boyde",,,,,"12","27","29","38"
"12month_rolling","Orthopaedic","Shoulder Arthroscopy","El-Tahan, Tahmir H.",,,,,"178","574","119","247"
"12month_rolling",,"Amputations",,"Zone 1","South Shore Regional","2025","2",,,"15","99"
"12month_rolling","General Surgery","Hernia Repair - Inguinal/Femoral","Wasserman, Lukas",,,,,"122","165","253","410"
"12month_rolling","Thoracic Surgery","Esophagectomy / Esophageal Surgery","Mujoomdar, Aneil Arvind",,,,,"8","13","32","51"
"2025_q2",,"Septoplasty",,"Zone 4","Hants Community Hospital","2025","2","142","235","102","172"
"2025_q1",,"Colorectal Cancer Surgery",,"Zone 4","Dartmouth General","2025","1","18","79","32","87"
"2023_q3",,"Male Reproductive System Surgery",,"Zone 2","Colchester East Hants Health Centre","2023","3","113","204","53","692"
"2024_q4",,"Removal of Ovaries and/or Fallopian Tubes  (Cancer Suspected or Proven)",,"Total","Provincial","2024","4","13","37","36","55"
"3month_rolling",,"Septoplasty",,"Zone 4","Dartmouth General","2025","2","73","250","172","581"
"2023_q3",,"Shoulder Arthroscopy",,"Zone 3","Cape Breton Regional","2023","3","141","202","56","81"
"2023_q3",,"Wound Management",,"Total","Provincial","2023","3",,,"13","64"
"12month_rolling","Obstetrics/Gynaecology","Hysterectomy  (Cancer Not Suspected)","Nee, Brigid",,,,,"103","381","255","356"
"2025_q2",,"Prostate Surgery - Laparoscopic",,"Zone 4","QE2","2025","2","28","55","75","171"
"2024_q1",,"Foot - Bunionectomy",,"Total","Provincial","2024","1",,,"126","167"
"2024_q2",,"Septoplasty",,"Zone 4","Dartmouth General","2024","2","96","146","151","423"
"2024_q2",,"Hernia Repair - Ventral",,"Total","Provincial","2024","2","58","327","114","324"
"12month_rolling","Oral Maxillofacial","Dental Extractions and Restorations  (Adult)","Bourget, Louis",,,,,"32","148","58","89"
"12month_rolling","Thoracic Surgery","Lung Surgery","Plourde, Madelaine M",,,,,"33","105","22","58"
"2024_q4",,"Hernia Repair  (Pediatric)",,"Total","Provincial","2024","4","64","153","71","204"
"2024_q2",,"Whipple Procedures",,"Total","Provincial","2024","2","13","19","18","29"
"12month_rolling","Orthopaedic","Back Surgery  (Adult)","Morash, Kevin",,,,,"131","175","660","922"
"2025_q1",,"Lung Cancer Surgery",,"Total","Provincial","2025","1","26","70","29","60"
"2024_q1",,"Hernia Repair - Umbilical",,"Zone 4","QE2","2024","1","23","311",,
"12month_rolling","Oral Maxillofacial","Maxillofacial Deformity Surgery","Brady, James",,,,,"532","636","233","478"
"12month_rolling",,"Male Reproductive System Surgery",,"Zone 1","Valley Regional","2025","2","34","112","96","266"
"12month_rolling","Ophthalmology","Glaucoma (Eye Pressure Lowering Surgery)","Eadie, Brennan",,,,,"27","246","25","56"
"2023_q3",,"Back Surgery  (Pediatric)",,"IWK","IWK","2023","3",,,"360","720"
"2024_q3",,"Shoulder Arthroscopy",,"Zone 1","Valley Regional","2024","3","108","247","100","258"
"2024_q1",,"Endarterectomy",,"Zone 4","QE2","2024","1",,,"17","67"
"3month_rolling",,"Gallbladder Surgery",,"Zone 4","Hants Community Hospital","2025","2","14","207","33","129"
"3month_rolling",,"Sinus Surgery",,"Total","Provincial","2025","2","70","189","97","443"
"2024_q1",,"Liver Surgery",,"Zone 4","QE2","2024","1","15","53","16","74"
"2024_q2",,"Hernia Repair  (Adult)",,"Zone 3","Glace Bay","2024","2","323","665",,
"2023_q2",,"Sacral Nerve Stimulation",,"Zone 4","QE2","2023","2",,,"100","188"
"2025_q1",,"Lung Surgery",,"Zone 4","QE2","2025","1","26","70","29","60"
"2025_q1",,"Colorectal Cancer Surgery",,"Zone 1","Valley Regional","2025","1","28","78","39","71"
"12month_rolling","Ophthalmology","Glaucoma (Eye Pressure Lowering Surgery)","Nicolela, Marcelo",,,,,"59","190","29","98"
"2025_q2",,"Gastrointestinal Tract Surgery",,"Zone 1","Valley Regional","2025","2","140","579","77","148"
"12month_rolling",,"Hernia Repair - Laparoscopic Inguinal Femoral",,"Zone 2","Colchester East Hants Health Centre","2025","2","188","336","256","376"
"2023_q3",,"Knee Replacement",,"Zone 2","Aberdeen Hospital","2023","3","216","378","43","167"
"2025_q2",,"Hernia Repair - Inguinal/Femoral",,"Zone 1","Yarmouth Regional","2025","2","75","146","74","126"
"2023_q2",,"Breast Reduction Surgery",,"Zone 4","QE2","2023","2","1114","1401","64","302"
"2024_q3",,"Hysterectomy  (Cancer Not Suspected)",,"Zone 3","St. Martha's Regional","2024","3","313","1023","182","335"
"2024_q3",,"Breast Cancer Surgery",,"Zone 2","Aberdeen Hospital","2024","3","17","43","18","39"
"12month_rolling",,"Hernia Repair - Umbilical",,"Zone 1","Valley Regional","2025","2","98","453","75","226"
"2025_q1",,"Female Incontinence Surgery",,"Zone 4","QE2","2025","1",,,"105","193"
"12month_rolling","Orthopaedic","All","Sequeira, Stanislaus",,,,,"137","234","321","570"
"12month_rolling",,"Sternotomy / Thoracotomy",,"Total","Provincial","2025","2","15","45","15","55"
"12month_rolling","Urology","Cystoscopy","Himmelman, Jeffrey George",,,,,"140","140","38","283"
"2024_q1",,"Palmar Fascia Excision for Dupuytren's Disease",,"Zone 3","St. Martha's Regional","2024","1","67","159",,
"12month_rolling","Ophthalmology","Cataract Surgery","Gao, Jennifer",,,,,"78","155","97","159"
"2024_q1",,"Prostate Surgery",,"Total","Provincial","2024","1","38","190","78","392"
"12month_rolling",,"Peritoneal Lavage or Catherization",,"Zone 4","QE2","2025","2","21","34","18","53"
"2024_q3",,"Male Reproductive System Surgery",,"IWK","IWK","2024","3","93","187","160","550"
"2023_q3",,"Hysteroscopy",,"Zone 2","Colchester East Hants Health Centre","2023","3","63","330","65","282"
"12month_rolling","Obstetrics/Gynaecology","Hysteroscopy","Pierce, Marianne",,,,,"39","154","48","81"
"2025_q1",,"Gastric Surgery - Laparoscopic",,"Zone 4","QE2","2025","1","92","245","50","337"
"2023_q2",,"Vitreoretinal Diseases",,"Zone 4","QE2","2023","2","34","236","15","98"
"2024_q1",,"Gallbladder Surgery",,"Zone 2","Cumberland Regional","2024","1","35","91","45","105"
"3month_rolling",,"Knee Scope",,"Zone 3","Cape Breton Regional","2025","2","111","164","146","513"
"12month_rolling",,"Nerve or Brain Stimulation",,"Total","Provincial","2025","2","21","210","29","74"
"12month_rolling","Urology","Female Incontinence Surgery","Puthenparumpil, Jacob",,,,,"201","243","214","350"
"2024_q3",,"Gastrointestinal Tract Surgery",,"Zone 2","Aberdeen Hospital","2024","3",,,"29","64"
"2024_q1",,"Shoulder Arthroscopy",,"Zone 4","Dartmouth General","2024","1","72","170","118","686"
"12month_rolling",,"Prostate Surgery",,"Zone 2","Colchester East Hants Health Centre","2025","2","37","142","195","442"
"2024_q1",,"Tonsillectomy and/or Adenoidectomy  (Pediatric)",,"Zone 1","South Shore Regional","2024","1","226","253","47","141"
"12month_rolling","Obstetrics/Gynaecology","All","Okuboyejo, Fazil",,,,,"52","293","56","106"
"12month_rolling","Orthopaedic","Hip Replacement","Howatt, Jonathan",,,,,"355","468","511","629"
"12month_rolling",,"Bowel Resection - Open",,"Zone 2","Aberdeen Hospital","2025","2","30","137","27","60"
"2024_q2",,"Hip Replacement",,"Total","Provincial","2024","2","161","413","129","537"
"2025_q1",,"Prostatectomy",,"Total","Provincial","2025","1","24","55","97","161"
"12month_rolling","General Surgery","Colorectal Cancer Surgery","Yaffe, Paul",,,,,"25","260","40","61"
"12month_rolling","General Surgery","Hernia Repair - Umbilical","Murphy, Christopher",,,,,"84","117","106","168"
"2024_q3",,"Hernia Repair - Inguinal/Femoral",,"Zone 4","Hants Community Hospital","2024","3","232","262","30","113"
"2024_q2",,"Knee Scope",,"Zone 3","Cape Breton Regional","2024","2","42","128","71","163"
"2025_q1",,"Septoplasty",,"Zone 3","St. Martha's Regional","2025","1","191","273","102","117"
"3month_rolling",,"Hysterectomy  (Cancer Not Suspected)",,"Zone 1","South Shore Regional","2025","2","112","201","87","136"
"12month_rolling",,"Hernia Repair - Laparoscopic Inguinal Femoral",,"Zone 2","Cumberland Regional","2025","2","38","136","80","111"
"2024_q3",,"Knee Replacement",,"Total","Provincial","2024","3","189","575","137","444"
"2024_q2",,"Breast Cancer Surgery",,"Zone 1","Yarmouth Regional","2024","2","14","40","27","68"
"2024_q4",,"Pancreas Surgery",,"Total","Provincial","2024","4","15","28","30","69"
"2023_q3",,"Nissen Fundoplication - Laparoscopic",,"Total","Provincial","2023","3","72","476","170","486"
"3month_rolling",,"Hernia Repair  (Adult)",,"Zone 1","South Shore Regional","2025","2","47","140","34","115"
"2024_q3",,"Prostatectomy",,"Total","Provincial","2024","3","39","155","150","242"
"2024_q3",,"Removal of Ovaries and/or Fallopian Tubes  (Cancer Not Suspected)",,"Zone 3","Cape Breton Regional","2024","3","96","225","175","252"
"2024_q2",,"Dental Extractions and Restorations  (Adult)",,"Zone 4","QE2","2024","2","100","333","126","827"
"3month_rolling",,"Hernia Repair - Incisional",,"Total","Provincial","2025","2","52","350","89","321"
"12month_rolling","Obstetrics/Gynaecology","All","Parr, Grace",,,,,"119","520","55","137"
"2023_q3",,"Colorectal Cancer Surgery",,"Zone 4","QE2","2023","3","20","238","29","63"
"3month_rolling",,"Removal of Ovaries and/or Fallopian Tubes  (Cancer Suspected or Proven)",,"Total","Provincial","2025","2","38","144","31","54"
"2024_q3",,"Tonsillectomy and/or Adenoidectomy  (Adult)",,"Zone 4","Dartmouth General","2024","3",,,"47","62"
"2023_q2",,"Knee Scope with ACL Repair",,"Zone 4","QE2","2023","2","134","204","130","278"
"2024_q3",,"Male Reproductive System Surgery",,"Zone 3","Cape Breton Regional","2024","3","40","159","36","192"
"2025_q2",,"Craniotomy or Craniectomy",,"Total","Provincial","2025","2",,,"37","75"
"2023_q4",,"Hernia Repair  (Adult)",,"Zone 3","St. Martha's Regional","2023","4","14","93","179","357"
"12month_rolling",,"Esophagoscopy",,"IWK","IWK","2025","2",,,"43","122"
"2024_q1",,"Hysteroscopy",,"Zone 4","Dartmouth General","2024","1","33","122","49","157"
"2024_q1",,"Strabismus Surgery  (Adult)",,"Total","Provincial","2024","1","132","498","78","140"
"2023_q4",,"Video-Assisted Thoracic Surgery",,"Total","Provincial","2023","4","27","64","37","97"
"3month_rolling",,"Breast Cancer Surgery",,"Zone 2","Cumberland Regional","2025","2","8","27","30","32"
"2023_q3",,"Colorectal Cancer Surgery",,"Zone 3","Cape Breton Regional","2023","3","23","43","25","44"
"12month_rolling","Ophthalmology","All","Zaki, Amr M",,,,,"85","427","59","179"
"12month_rolling","General Surgery","All","Watson-Jessome, Jane",,,,,"114","281","40","147"
"12month_rolling","Ophthalmology","All","Dahrab, Mishari M",,,,,"167","525","137","317"
"3month_rolling",,"Hysterectomy  (Cancer Suspected or Proven)",,"Zone 1","Valley Regional","2025","2",,,"80","134"
"2023_q2",,"Gastrointestinal Tract Surgery",,"Total","Provincial","2023","2","27","166","44","188"
"2024_q3",,"Spinal Cord Stimulation Surgery",,"Zone 4","QE2","2024","3",,,"93","120"
"2024_q3",,"Wound Management",,"Total","Provincial","2024","3",,,"11","20"
"2025_q2",,"Lung Surgery",,"Zone 4","QE2","2025","2","27","64","24","49"
"2024_q3",,"Bladder Cancer Surgery",,"Zone 2","Colchester East Hants Health Centre","2024","3","35","137","32","53"
"2025_q2",,"Strabismus Surgery  (Adult)",,"Zone 4","QE2","2025","2","199","246","57","357"
"2024_q2",,"Ear Tubes  (Pediatric)",,"Zone 1","Valley Regional","2024","2","67","173","64","182"
"3month_rolling",,"Dental Extractions and Restorations  (Pediatric)",,"Total","Provincial","2025","2","62","377","98","583"
"2023_q3",,"Glaucoma (Eye Pressure Lowering Surgery)",,"Total","Provincial","2023","3","41","260","30","117"
"2024_q2",,"Bladder Cancer Surgery",,"Zone 1","Yarmouth Regional","2024","2",,,"48","175"
"2023_q3",,"Hernia Repair - Inguinal/Femoral",,"Zone 3","Cape Breton Regional","2023","3","186","622","44","583"
"2024_q3",,"Kidney Stone Surgery",,"Zone 1","Valley Regional","2024","3",,,"44","167"
"12month_rolling","Obstetrics/Gynaecology","Hysterectomy  (Cancer Not Suspected)","Frenette, Mary",,,,,"141","241","110","282"
"2023_q3",,"Gallbladder Surgery",,"Zone 1","Yarmouth Regional","2023","3","13","48","56","123"
"2023_q4",,"Breast Reduction Surgery",,"Total","Provincial","2023","4","91","1223","87","371"
"12month_rolling",,"Kidney / Upper Urinary Tract",,"Zone 4","QE2","2025","2","50","193","41","168"
"2024_q1",,"Male Circumcision  (Adult)",,"Zone 4","Hants Community Hospital","2024","1",,,"118","146"
"2024_q2",,"Cervical Spine (Neck) Surgery",,"Zone 4","QE2","2024","2","62","365","64","192"
"2024_q3",,"Dental Extractions and Restorations  (Pediatric)",,"Zone 3","Inverness Consolidated Memorial","2024","3","120","287","41","126"
"12month_rolling",,"Hernia Repair - Inguinal/Femoral",,"Zone 2","Aberdeen Hospital","2025","2","181","370","83","148"
"2024_q2",,"Hernia Repair  (Adult)",,"Zone 2","Colchester East Hants Health Centre","2024","2","42","123","91","222"
"12month_rolling","Orthopaedic","All","Wong, Ivan",,,,,"49","277","162","629"
"2024_q3",,"Brain Surgery  (Pediatric)",,"Total","Provincial","2024","3",,,"72","123"
"2024_q2",,"Pilonidal Cyst Surgery",,"Total","Provincial","2024","2","31","567","93","440"
"2025_q2",,"Tonsillectomy and/or Adenoidectomy  (Pediatric)",,"Zone 3","Cape Breton Regional","2025","2","55","106","261","383"
"12month_rolling","General Surgery","Hernia Repair - Laparoscopic Incisional","Kelly, Ryan Patrick",,,,,"204","947","94","239"
"12month_rolling","General Surgery","Colorectal Cancer Surgery","Kenyon, Chris",,,,,"29","100","39","83"
"2023_q3",,"Septoplasty",,"Zone 4","Hants Community Hospital","2023","3","53","209","85","197"
"12month_rolling","General Surgery","Hernia Repair  (Adult)","McGibney, Kieron",,,,,"63","126","99","194"
"2024_q4",,"Endometrial Ablation",,"Zone 2","Aberdeen Hospital","2024","4","57","69","55","103"
"2023_q2",,"Osteotomy",,"Total","Provincial","2023","2",,,"60","278"
"12month_rolling","General Surgery","Colorectal Cancer Surgery","Wasserman, Lukas",,,,,"52","93","34","48"
"12month_rolling","Urology","Prostatectomy","Rendon, Ricardo",,,,,"21","43","110","178"
"2024_q4",,"Insertion Vascular Access Catheter",,"Total","Provincial","2024","4","15","61","13","71"
"12month_rolling","General Surgery","Hernia Repair - Laparoscopic Inguinal Femoral","Smith, Victoria",,,,,"109","140","61","99"
"2024_q2",,"Shoulder Arthroplasty",,"Total","Provincial","2024","2","97","588","203","628"
"2025_q1",,"Carpal Tunnel Surgery",,"Zone 3","St. Martha's Regional","2025","1",,,"225","381"
"12month_rolling","Plastic Surgery","Aesthetic Surgery","Nel, Corne",,,,,"106","293","181","251"
"2023_q4",,"Osteotomy",,"Total","Provincial","2023","4","41","154","114","295"
"2023_q3",,"Prostate Surgery - Laparoscopic",,"Zone 4","QE2","2023","3","21","48","141","218"
"3month_rolling",,"Hernia Repair  (Pediatric)",,"IWK","IWK","2025","2","63","128","44","192"
"2024_q3",,"Septoplasty",,"Total","Provincial","2024","3","97","485","97","348"
"2024_q4",,"Lymph Node Biopsy",,"Total","Provincial","2024","4","15","48","22","44"
"12month_rolling","General Surgery","Hernia Repair - Umbilical","Kelly, Ryan Patrick",,,,,"843","1158","326","898"
"2024_q1",,"Gastrointestinal Tract Surgery",,"Zone 2","Colchester East Hants Health Centre","2024","1",,,"50","76"
"12month_rolling","Urology","Bladder Cancer Surgery","Puthenparumpil, Jacob",,,,,"23","133","32","66"
"12month_rolling","Otolaryngology (ENT)","Thyroid or Parathyroid Surgery","Taylor, S. Mark",,,,,"20","80","33","101"
"2025_q1",,"Gallbladder Surgery",,"Zone 3","Glace Bay","2025","1","189","531",,
"2025_q2",,"Knee Replacement",,"Zone 3","Cape Breton Regional","2025","2","154","315","71","195"
"12month_rolling","General Surgery","Bowel Resection","Stoddart, Todd",,,,,"26","182","28","41"
"2024_q2",,"Foot - Arthrodesis",,"Total","Provincial","2024","2","516","956","123","305"
"12month_rolling",,"Hernia Repair - Laparoscopic Inguinal Femoral",,"Zone 1","Yarmouth Regional","2025","2","131","332","70","129"
"12month_rolling","Orthopaedic","Back Surgery  (Adult)","Glennie, Raymond Andrew",,,,,"202","653","101","192"
"2024_q2",,"Lacrimal Duct Probing",,"Total","Provincial","2024","2","39","136","51","209"
"2025_q1",,"Prostate Surgery",,"Total","Provincial","2025","1","49","245","88","410"
"12month_rolling","General Surgery","All","Davies, Dafydd Alexander",,,,,"55","153","43","141"
"2023_q2",,"Prostate Surgery",,"Zone 4","QE2","2023","2","54","115","88","331"
"2024_q2",,"Bladder Cancer Surgery",,"Zone 3","Northside General","2024","2",,,"81","162"
"2024_q1",,"Hernia Repair - Laparoscopic Inguinal Femoral",,"Zone 4","Dartmouth General","2024","1","114","343","178","244"
"2024_q2",,"Vitreoretinal Diseases",,"Zone 4","QE2","2024","2","44","236","22","85"
"12month_rolling","Orthopaedic","Hip Replacement","O'Neill, Michelle E",,,,,"183","224","78","127"
"12month_rolling","Orthopaedic","Carpal Tunnel Surgery","Ferguson, Devin",,,,,"87","231","80","214"
"2023_q4",,"Prostate Surgery",,"Zone 4","QE2","2023","4","57","214","88","324"
"2023_q4",,"Ear Tubes  (Pediatric)",,"Zone 3","St. Martha's Regional","2023","4","52","121","47","106"
"2024_q1",,"Septoplasty",,"Zone 4","Dartmouth General","2024","1","46","102","210","381"
"12month_rolling","General Surgery","Gastric Surgery","Knapp, Gregory",,,,,"16","27","34","77"
"12month_rolling",,"Angioplasty",,"Zone 4","QE2","2025","2","19","62","29","81"
"2025_q2",,"Hip Replacement",,"Total","Provincial","2025","2","201","466","111","293"
"2024_q2",,"Breast Cancer Surgery",,"Zone 3","St. Martha's Regional","2024","2","7","19","34","54"
"12month_rolling","Urology","All","McGregor, Thomas",,,,,"32","117","35","108"
"2024_q2",,"Endarterectomy",,"Total","Provincial","2024","2",,,"18","115"
"2024_q4",,"Ear Tubes  (Adult)",,"Total","Provincial","2024","4","400","2509","57","118"
"2024_q1",,"Male Reproductive System Surgery",,"Total","Provincial","2024","1","72","329","88","483"
"12month_rolling","Orthopaedic","Carpal Tunnel Surgery","Trenholm, J Andrew I",,,,,"44","62","147","169"
"12month_rolling","Ophthalmology","All","Koetsie, Karen",,,,,"58","96","77","202"
"12month_rolling",,"Head and Neck Surgery",,"Zone 3","Cape Breton Regional","2025","2","31","68","98","287"
"12month_rolling","Orthopaedic","Osteotomy","Orlik, Benjamin",,,,,,,"309","462"
"2023_q4",,"Kidney Removal",,"Zone 1","Valley Regional","2023","4",,,"64","72"
"2024_q4",,"Hernia Repair - Inguinal/Femoral",,"Zone 1","South Shore Regional","2024","4","56","139","27","110"
"2024_q1",,"Hernia Repair - Inguinal/Femoral",,"Zone 2","Colchester East Hants Health Centre","2024","1","44","112","55","182"
"2023_q2",,"Bladder Surgery",,"Zone 4","QE2","2023","2","11","31","49","87"
"2025_q2",,"Hysterectomy  (Cancer Not Suspected)",,"Total","Provincial","2025","2","97","555","85","313"
"2023_q4",,"Endarterectomy",,"Total","Provincial","2023","4",,,"52","129"
"2024_q2",,"Hemorrhoidectomy",,"Zone 4","Dartmouth General","2024","2",,,"128","428"
"2025_q2",,"Bowel Resection",,"Zone 4","Dartmouth General","2025","2","18","172","28","80"
"3month_rolling",,"Bladder Cancer Surgery",,"Zone 1","Valley Regional","2025","2","48","140","30","122"
"2024_q3",,"Cornea and External Disease",,"Zone 4","QE2","2024","3","56","232","206","428"
"12month_rolling","General Surgery","Breast Cancer Surgery","King, Jenelle",,,,,"8","22","14","28"
"2023_q4",,"Bladder Surgery",,"Zone 4","QE2","2023","4","25","40","30","64"
"12month_rolling","Orthopaedic","Shoulder Arthroplasty","Hamilton, Christopher",,,,,"288","394","67","134"
"12month_rolling","General Surgery","Bowel Resection","Yaffe, Paul",,,,,"32","260","41","71"
"2023_q3",,"Hernia Repair - Laparoscopic Inguinal Femoral",,"Total","Provincial","2023","3","56","462","85","230"
"12month_rolling","General Surgery","Gastrointestinal Tract Surgery","Hossain, Farisa",,,,,"23","101","102","185"
"2023_q2",,"Lymph Node Biopsy",,"Zone 4","QE2","2023","2","8","22","13","92"
"2024_q3",,"Surgery for Hearing or Balance Problems of the Ear",,"Total","Provincial","2024","3","124","422","94","273"
"12month_rolling","Plastic Surgery","Melanoma Excision","LeBlanc, Martin",,,,,"9","14","21","29"
"2023_q4",,"Kidney Stone Surgery",,"Zone 4","Dartmouth General","2023","4","42","76",,
"12month_rolling","Plastic Surgery","Hand / Upper Extremity","Paletz, Justin L",,,,,"960","1497","38","83"
"2025_q2",,"Nerve Surgery",,"Total","Provincial","2025","2","94","366","61","251"
"12month_rolling","General Surgery","Gastrointestinal Tract Surgery","Milford, Karen",,,,,"67","67","58","107"
"2023_q2",,"Dental Extractions and Restorations  (Pediatric)",,"Zone 2","Cumberland Regional","2023","2","36","71","34","108"
"12month_rolling","Urology","Cystoscopy","Moore, Jonathan Peter",,,,,"47","149","69","175"
"2025_q2",,"Shoulder Arthroscopy",,"Zone 1","Valley Regional","2025","2","234","600","143","250"
"12month_rolling",,"Ankle - Arthroscopy",,"Zone 4","QE2","2025","2","177","669","40","194"
"2023_q2",,"Gallbladder Surgery",,"Zone 2","Colchester East Hants Health Centre","2023","2","36","100","40","104"
"2023_q2",,"Whipple Procedures",,"Total","Provincial","2023","2","11","17","15","28"
"2024_q4",,"Nerve Surgery",,"Total","Provincial","2024","4","56","116","49","140"
"2025_q2",,"Hip Arthroscopy",,"Zone 4","Dartmouth General","2025","2","82","101","123","250"
"2025_q1",,"Hernia Repair - Inguinal/Femoral",,"Zone 2","Aberdeen Hospital","2025","1","237","318",,
"2024_q4",,"Hysterectomy  (Cancer Not Suspected)",,"Zone 4","Dartmouth General","2024","4","164","252","126","209"
"2025_q1",,"Hysteroscopy",,"Zone 1","South Shore Regional","2025","1","77","346","52","105"
"2023_q2",,"Bowel Resection - Laparoscopic",,"Total","Provincial","2023","2","21","140","33","101"
"2025_q2",,"Gastrointestinal Tract Surgery",,"Zone 4","Dartmouth General","2025","2","53","370","38","160"
"2023_q4",,"Head and Neck Surgery",,"Zone 4","Dartmouth General","2023","4","14","27","131","282"
"2025_q1",,"Gallbladder Surgery",,"Zone 3","St. Martha's Regional","2025","1","42","85","181","278"
"2023_q3",,"Glaucoma (Eye Pressure Lowering Surgery)",,"Zone 4","QE2","2023","3","41","260","31","118"
"12month_rolling","Otolaryngology (ENT)","Tonsillectomy and/or Adenoidectomy  (Adult)","Taylor, Benjamin A",,,,,"165","371","169","225"
"2023_q3",,"Craniotomy or Craniectomy",,"Total","Provincial","2023","3",,,"53","157"
"3month_rolling",,"Ear Tubes  (Pediatric)",,"Total","Provincial","2025","2","69","239","61","129"
"2023_q4",,"Endarterectomy",,"Zone 4","QE2","2023","4",,,"52","129"
"2023_q3",,"Bariatric Surgery (for Weight Loss)",,"Total","Provincial","2023","3","86","174","267","329"
"12month_rolling","General Surgery","Hernia Repair - Umbilical","Stewart, Riley",,,,,"120","343","59","94"
"2024_q4",,"Bone / Cartilage Graft",,"Total","Provincial","2024","4","94","430","207","329"
"2023_q2",,"Male Circumcision  (Adult)",,"Zone 2","Colchester East Hants Health Centre","2023","2","106","394",,
"3month_rolling",,"Breast Reconstruction",,"Total","Provincial","2025","2","126","1789","75","461"
"12month_rolling","General Surgery","Hernia Repair  (Adult)","Clark, F Donald",,,,,"85","175","40","93"
"2023_q4",,"Liver Surgery",,"Zone 4","QE2","2023","4","18","39","27","93"
"12month_rolling","General Surgery","All","Gala Lopez, Boris",,,,,"29","136","51","125"
"2024_q1",,"Hand / Upper Extremity",,"Zone 4","QE2","2024","1","60","706","82","405"
"2023_q2",,"Cystoscopy",,"Total","Provincial","2023","2","42","159","35","204"
"2023_q3",,"Breast Cancer Surgery",,"Zone 1","Valley Regional","2023","3","14","29","23","54"
"12month_rolling","Orthopaedic","Orthopaedic Trauma","Coles, Chad P",,,,,"23","25","32","145"
"2024_q1",,"Knee Scope",,"Zone 3","Cape Breton Regional","2024","1","70","126","74","91"
"12month_rolling","Urology","All","Moore, Jonathan Peter",,,,,"61","188","64","171"
"2025_q2",,"Peritoneal Lavage or Catherization",,"Zone 4","QE2","2025","2",,,"16","60"
"2023_q4",,"Video-Assisted Thoracic Surgery",,"Zone 4","QE2","2023","4","27","64","37","97"
"2024_q2",,"Kidney / Upper Urinary Tract",,"Total","Provincial","2024","2","15","127","38","194"
"2025_q1",,"Sacral Nerve Stimulation",,"Total","Provincial","2025","1",,,"173","240"
"12month_rolling","General Surgery","Hernia Repair - Inguinal/Femoral","de Boer, Krista",,,,,"62","87","181","300"
"12month_rolling","Urology","Male Reproductive System Surgery","Bailly, Greg G",,,,,"106","153","184","445"
"2024_q3",,"Hernia Repair - Umbilical",,"IWK","IWK","2024","3",,,"141","548"
"12month_rolling",,"Prostate Surgery",,"Zone 1","Valley Regional","2025","2","49","374","77","370"
"2023_q4",,"Cystoscopy",,"Total","Provincial","2023","4","27","147","36","197"
"12month_rolling","General Surgery","Insertion Vascular Access Catheter","Stoddart, Todd",,,,,"9","12","5","23"
"12month_rolling","General Surgery","Breast Cancer Surgery","Murphy, Christopher",,,,,"8","25","31","49"
"2023_q4",,"Gastrointestinal Tract Surgery - Laparoscopic",,"Zone 1","Valley Regional","2023","4","45","234",,
"2023_q2",,"Colorectal Cancer Surgery",,"Zone 4","QE2","2023","2","25","100","30","65"
"2024_q3",,"Colorectal Cancer Surgery",,"Zone 1","South Shore Regional","2024","3",,,"29","57"
"2025_q1",,"Liver Surgery",,"Total","Provincial","2025","1","11","21","49","77"
"2023_q3",,"Gastrointestinal Tract Surgery - Laparoscopic",,"Zone 3","St. Martha's Regional","2023","3","58","182",,
"12month_rolling","Ophthalmology","All","Archibald, Curtis",,,,,"16","338","33","109"
"12month_rolling","Obstetrics/Gynaecology","Hysterectomy  (Cancer Not Suspected)","Parr, Grace",,,,,"156","462","55","111"
"12month_rolling","Obstetrics/Gynaecology","All","Willows, Karla Astrid",,,,,"17","27","28","67"
"2023_q3",,"Shoulder Arthroscopy",,"Zone 2","Aberdeen Hospital","2023","3","85","395","67","155"
"2024_q3",,"Laryngology and Vocal Cord Surgery",,"Zone 4","QE2","2024","3","32","74","79","618"
"2024_q3",,"Hysteroscopy",,"IWK","IWK","2024","3","47","305","77","147"
"2025_q2",,"Cystoscopy",,"Zone 2","Colchester East Hants Health Centre","2025","2","25","214","59","283"
"2023_q4",,"Shoulder Surgery",,"Zone 1","Valley Regional","2023","4","211","762","189","458"
"2025_q2",,"Knee Scope",,"Total","Provincial","2025","2","77","261","86","310"
"2024_q1",,"Male Reproductive System Surgery",,"Zone 1","Valley Regional","2024","1",,,"105","938"
"2024_q3",,"Liver Surgery",,"Total","Provincial","2024","3","14","35","23","49"
"12month_rolling","General Surgery","Bowel Resection - Open","Johnson, Paul M",,,,,"59","187","97","242"
"2024_q1",,"Strabismus Surgery  (Adult)",,"Zone 4","QE2","2024","1","136","462","79","141"
"2024_q1",,"Hernia Repair  (Adult)",,"Zone 1","South Shore Regional","2024","1","29","71","58","118"
"2023_q4",,"Hysterectomy  (Cancer Not Suspected)",,"Zone 1","Yarmouth Regional","2023","4","82","155","67","112"
"12month_rolling","Oral Maxillofacial","All","Ross, Ian W",,,,,"157","272","50","259"
"2024_q4",,"Kidney Stone Surgery",,"Zone 2","Colchester East Hants Health Centre","2024","4","12","56","70","197"
"2024_q4",,"Shoulder Arthroscopy",,"Total","Provincial","2024","4","76","341","101","398"
"3month_rolling",,"Cataract Surgery",,"Zone 2","Cumberland Regional","2025","2","185","309","109","154"
"2025_q2",,"Carpal Tunnel Surgery",,"Zone 4","Dartmouth General","2025","2",,,"68","166"
"12month_rolling","Ophthalmology","Glaucoma (Eye Pressure Lowering Surgery)","Betsch, Devin",,,,,"22","56","21","43"
"12month_rolling",,"Male Reproductive System Surgery",,"Zone 4","QE2","2025","2","109","230","128","390"
"2025_q2",,"Vitreoretinal Diseases",,"Zone 4","QE2","2025","2","36","181","15","69"
"2024_q3",,"Gastrointestinal Tract Surgery",,"Zone 1","South Shore Regional","2024","3","23","55","29","69"
"2024_q3",,"Vitreoretinal Diseases",,"Total","Provincial","2024","3","34","185","27","104"
"12month_rolling","Thoracic Surgery","Lung Cancer Surgery","Ednie, Alexander",,,,,"28","55","33","70"
"2023_q4",,"Hernia Repair  (Adult)",,"Zone 4","Dartmouth General","2023","4","155","318","112","300"
"2025_q1",,"Removal of Ovaries and/or Fallopian Tubes  (Cancer Not Suspected)",,"Total","Provincial","2025","1","104","448","85","415"
"2024_q2",,"Maxillofacial Deformity Surgery",,"Total","Provincial","2024","2","297","538","212","452"
"12month_rolling","Orthopaedic","Carpal Tunnel Surgery","Howatt, Jonathan",,,,,"318","745","127","747"
"2025_q2",,"Spinal Cord Stimulation Surgery",,"Zone 4","QE2","2025","2",,,"64","69"
"2024_q2",,"Nose Surgery - Reconstructive or Aesthetic",,"Zone 4","QE2","2024","2","53","187","29","156"
"12month_rolling","General Surgery","Bowel Resection - Open","Joy, Edward",,,,,"22","39","25","41"
"2025_q2",,"Surgery for Hearing or Balance Problems of the Ear",,"Zone 3","Cape Breton Regional","2025","2","17","81","37","210"
"2025_q2",,"Gallbladder Surgery",,"Zone 1","South Shore Regional","2025","2","26","149","27","63"
"2024_q2",,"Hernia Repair - Laparoscopic Umbilical",,"Total","Provincial","2024","2","172","571","62","188"
"12month_rolling","Orthopaedic","All","Coady, Catherine M",,,,,"63","269","129","296"
"3month_rolling",,"Nerve Surgery",,"Total","Provincial","2025","2","94","366","61","251"
"12month_rolling","Ophthalmology","Cataract Surgery","Rafuse, Paul E",,,,,"31","92","99","244"
"2025_q2",,"Kidney Stone Surgery",,"Zone 1","Valley Regional","2025","2",,,"31","69"
"12month_rolling","General Surgery",,,,,"2025","2",,,"52","223"
"12month_rolling",,"Bowel Resection - Open",,"Total","Provincial","2025","2","26","172","31","97"
"2024_q4",,"Bariatric Surgery (for Weight Loss)",,"Zone 4","QE2","2024","4","115","207","220","278"
"12month_rolling","Orthopaedic","Shoulder Arthroplasty","Hewins, Edward",,,,,"168","476","195","271"
"12month_rolling","Thoracic Surgery","Lung Cancer Surgery","Wallace, Alison",,,,,"35","67","27","71"
"2025_q1",,"Nerve Surgery",,"Zone 4","QE2","2025","1","70","422","32","67"
"2025_q2",,"Brain Surgery  (Pediatric)",,"Total","Provincial","2025","2",,,"86","198"
"2025_q2",,"Endometrial Ablation",,"Total","Provincial","2025","2","108","188","56","108"
"2025_q2",,"Hysterectomy  (Cancer Suspected or Proven)",,"Zone 4","QE2","2025","2","21","37","21","36"
"2023_q3",,"Knee Replacement",,"Zone 3","Cape Breton Regional","2023","3","144","236","126","261"
"2024_q1",,"Esophagectomy / Esophageal Surgery",,"Total","Provincial","2024","1","23","47","34","110"
"12month_rolling","General Surgery","Hernia Repair - Inguinal/Femoral","Walsh, Mark J",,,,,"28","35","56","128"
"2023_q2",,"Prostate Surgery",,"Total","Provincial","2023","2","43","137","56","369"
"12month_rolling","General Surgery","Hernia Repair  (Adult)","MacDonald, Blair",,,,,"90","306","76","127"
"12month_rolling","General Surgery","Bowel Resection - Open","Lapierre, Stephanie",,,,,"15","30","19","56"
"12month_rolling","Obstetrics/Gynaecology","Endometrial Ablation","Salama, Hani",,,,,"87","236","41","74"
"12month_rolling","General Surgery","Bowel Resection - Laparoscopic","Hossain, Farisa",,,,,"17","92","23","51"
"2025_q1",,"Gastrointestinal Tract Surgery - Laparoscopic",,"Zone 3","Cape Breton Regional","2025","1","8","55","23","181"
"2024_q3",,"Surgery for Hearing or Balance Problems of the Ear",,"Zone 1","Valley Regional","2024","3","116","506","97","138"
"2025_q2",,"Breast Cancer Surgery",,"IWK","IWK","2025","2","12","18","23","38"
"2023_q4",,"Removal of Ovaries and/or Fallopian Tubes  (Cancer Not Suspected)",,"Total","Provincial","2023","4","80","245","122","420"
"2024_q2",,"Septoplasty",,"Zone 4","Hants Community Hospital","2024","2","96","412","66","191"
"12month_rolling","General Surgery","Hernia Repair - Incisional","Shih, Warren W",,,,,"81","95","149","657"
"2023_q4",,"Cystoscopy",,"Zone 4","QE2","2023","4","46","209","51","188"
"2023_q2",,"Endometrial Ablation",,"Zone 2","Aberdeen Hospital","2023","2","122","307",,
"2025_q2",,"Kidney Stone Surgery",,"Zone 3","Cape Breton Regional","2025","2",,,"16","34"
"2024_q4",,"Bowel Resection",,"Zone 2","Aberdeen Hospital","2024","4",,,"29","49"
"2024_q2",,"Male Reproductive System Surgery",,"Zone 3","Cape Breton Regional","2024","2","49","301","36","165"
"2024_q4",,"Breast Cancer Surgery",,"IWK","IWK","2024","4","14","29","23","51"
"2023_q3",,"Hip Replacement",,"Total","Provincial","2023","3","133","404","188","591"
"2025_q2",,"Surgery for Hearing or Balance Problems of the Ear",,"Zone 1","Yarmouth Regional","2025","2","118","905","22","42"
"2024_q2",,"Prostate Surgery - Laparoscopic",,"Zone 4","QE2","2024","2","20","42","174","239"
"2024_q3",,"Hysterectomy  (Cancer Not Suspected)",,"Zone 1","Yarmouth Regional","2024","3","70","256","40","72"
"2023_q3",,"Ear Tubes  (Pediatric)",,"Zone 3","Cape Breton Regional","2023","3","50","75","185","198"
"2023_q4",,"Knee Replacement",,"Total","Provincial","2023","4","222","651","222","633"
"12month_rolling","Urology","Prostate Surgery","Butler, Trevor",,,,,"7","7","65","146"
"12month_rolling","Urology","Bladder Cancer Surgery","Bailly, Greg G",,,,,"29","102","25","39"
"12month_rolling","General Surgery","Breast Cancer Surgery","Kelly, Ryan Patrick",,,,,"21","257","32","96"
"3month_rolling","Orthopaedic Surgery",,,,,"2025","2",,,"109","351"
"12month_rolling","Otolaryngology (ENT)","Laryngology and Vocal Cord Surgery","Al Afif, Ayham",,,,,"17","45","25","37"
"2023_q3",,"Thyroid or Parathyroid Surgery",,"Zone 2","Cumberland Regional","2023","3","60","137","40","64"
"3month_rolling",,"Carotid Endarterectomy",,"Total","Provincial","2025","2","7","28","6","14"
"2023_q2",,"Bowel Resection",,"Zone 2","Aberdeen Hospital","2023","2",,,"32","58"
"2023_q4",,"Hernia Repair  (Pediatric)",,"Total","Provincial","2023","4",,,"102","303"
"2025_q1",,"Palmar Fascia Excision for Dupuytren's Disease",,"Zone 4","QE2","2025","1","149","531","70","455"
"12month_rolling","General Surgery","Hernia Repair  (Adult)","Stewart, Riley",,,,,"131","687","95","325"
"2025_q2",,"Hysteroscopy",,"Zone 3","St. Martha's Regional","2025","2","33","342","62","255"
"12month_rolling","General Surgery","Bowel Resection - Laparoscopic","Lapierre, Stephanie",,,,,"17","65","28","149"
"2023_q2",,"Hernia Repair - Inguinal/Femoral",,"Zone 3","Cape Breton Regional","2023","2","38","254","121","406"
"12month_rolling","Obstetrics/Gynaecology","Hysterectomy  (Cancer Not Suspected)","Okuboyejo, Fazil",,,,,"35","42","55","130"
"2023_q4",,"Lymph Node Biopsy",,"Total","Provincial","2023","4","10","36","23","62"
"2023_q3",,"Gastrointestinal Tract Surgery - Laparoscopic",,"Zone 2","Cumberland Regional","2023","3",,,"36","58"
"12month_rolling","General Surgery","Hernia Repair - Laparoscopic Inguinal Femoral","Stewart, Riley",,,,,"421","681","174","325"
"3month_rolling",,"Removal of Ovaries and/or Fallopian Tubes  (Cancer Not Suspected)",,"Zone 1","South Shore Regional","2025","2",,,"93","204"
"2024_q1",,"Thoroscopy / Pleuroscopy",,"Total","Provincial","2024","1",,,"27","146"
"12month_rolling","General Surgery","Hernia Repair - Umbilical","Smith, Victoria",,,,,"39","86","61","97"
"12month_rolling","General Surgery","Hernia Repair  (Adult)","Murphy, Christopher",,,,,"68","115","63","187"
"12month_rolling",,"Hysteroscopy",,"Zone 2","Aberdeen Hospital","2025","2","34","157","43","121"
"2023_q3",,"Shoulder Arthroscopy",,"Zone 1","Valley Regional","2023","3","78","237","166","467"
"12month_rolling","General Surgery","Hernia Repair  (Adult)","Dzierzanowski, Martin",,,,,"40","75","119","195"
"2025_q1",,"Hand / Upper Extremity",,"Zone 4","QE2","2025","1","179","631","186","469"
"2023_q4",,"Wound Management",,"Total","Provincial","2023","4",,,"7","27"
"2025_q1",,"Removal of Ovaries and/or Fallopian Tubes  (Cancer Not Suspected)",,"Zone 4","Dartmouth General","2025","1","140","396","74","188"
"12month_rolling","General Surgery","Gastrointestinal Tract Surgery","Poushay, Heather",,,,,,,"64","193"
"2023_q2",,"Foot - Arthrodesis",,"Total","Provincial","2023","2","349","923","100","366"
"12month_rolling","Otolaryngology (ENT)","Laryngology and Vocal Cord Surgery","Kujath, Magdalena",,,,,"25","42","42","91"
"2023_q2",,"Cornea and External Disease",,"Zone 4","QE2","2023","2","85","263","102","409"
"2023_q3",,"Knee Replacement Revision",,"Zone 4","Dartmouth General","2023","3",,,"121","254"
"2023_q3",,"Hernia Repair - Umbilical",,"Zone 4","Dartmouth General","2023","3","215","769","168","757"
"12month_rolling","Plastic Surgery","Tendon / Ligament Repair","Simpson, Andrew",,,,,"17","22","39","63"
"2023_q3",,"Kidney Removal",,"Zone 1","Valley Regional","2023","3",,,"48","106"
"2023_q2",,"Removal of Ovaries and/or Fallopian Tubes  (Cancer Not Suspected)",,"Total","Provincial","2023","2","63","376","114","345"
"2024_q2",,"Bowel Resection",,"Zone 1","Valley Regional","2024","2","24","112","39","81"
"2025_q1",,"Removal of Ovaries and/or Fallopian Tubes  (Cancer Not Suspected)",,"Zone 3","Cape Breton Regional","2025","1","136","382","253","597"
"2024_q4",,"Carpal Tunnel Surgery",,"Zone 1","South Shore Regional","2024","4",,,"55","272"
"2025_q1",,"Nissen Fundoplication - Laparoscopic",,"Zone 4","QE2","2025","1","77","153","57","337"
"2025_q2",,"Laryngology and Vocal Cord Surgery",,"Total","Provincial","2025","2","26","77","43","261"
"2023_q3",,"Cataract Surgery",,"Zone 1","Yarmouth Regional","2023","3","109","212","161","249"
"12month_rolling",,"Tear Duct Surgery",,"Total","Provincial","2025","2","68","408","150","319"
"2024_q4",,"Gastrointestinal Tract Surgery",,"Zone 1","Yarmouth Regional","2024","4",,,"46","132"
"12month_rolling","Ophthalmology","Cataract Surgery","Kapasi, Mustafa",,,,,"146","218","111","142"
"12month_rolling","Dental","Dental Extractions and Restorations  (Pediatric)","Munro, Monica",,,,,"108","301","79","189"
"2024_q3",,"Carpal Tunnel Surgery",,"Zone 2","Aberdeen Hospital","2024","3","65","156","26","48"
"2023_q4",,"Ear Tubes  (Adult)",,"Total","Provincial","2023","4","34","212","89","186"
"2024_q3",,"Gallbladder Surgery",,"Zone 3","Cape Breton Regional","2024","3","312","567","87","528"
"2025_q1",,"Knee Scope",,"Zone 4","Dartmouth General","2025","1","108","196","95","328"
"12month_rolling","General Surgery","Bowel Resection - Laparoscopic","Lamey, Alicia",,,,,"15","36","20","43"
"2024_q4",,"Septoplasty",,"Total","Provincial","2024","4","145","718","131","420"
"12month_rolling","Urology","Male Reproductive System Surgery","Keefe, Daniel",,,,,"213","800","246","753"
"2023_q4",,"Bladder Cancer Surgery",,"Zone 3","Cape Breton Regional","2023","4","16","108","42","187"
"2025_q2",,"Hysterectomy  (Cancer Not Suspected)",,"Zone 1","Yarmouth Regional","2025","2","63","229","30","48"
"12month_rolling","Oral Maxillofacial","Dental Extractions and Restorations  (Adult)","Bourque, Susan",,,,,"107","307","120","259"
"3month_rolling",,"Palmar Fascia Excision for Dupuytren's Disease",,"Zone 4","QE2","2025","2","164","358","83","292"
"12month_rolling",,"Orthopaedic Trauma",,"Total","Provincial","2025","2","16","99","26","170"
"2024_q4",,"Ear Tubes  (Pediatric)",,"Total","Provincial","2024","4","59","273","86","153"
"2024_q3",,"Bowel Resection - Laparoscopic",,"Zone 3","Cape Breton Regional","2024","3","18","61","20","91"
"3month_rolling",,"Hernia Repair  (Adult)",,"Zone 2","Aberdeen Hospital","2025","2","128","481","106","204"
"2024_q3",,"Hernia Repair  (Adult)",,"Zone 1","Valley Regional","2024","3","73","436","75","156"
"12month_rolling","Cardiac Surgery","Sternotomy / Thoracotomy","Horne, David",,,,,,,"13","90"
"2024_q4",,"Breast Reconstruction",,"Total","Provincial","2024","4","190","716","80","237"
"3month_rolling",,"Breast Cancer Surgery",,"IWK","IWK","2025","2","12","18","23","38"
"12month_rolling","Obstetrics/Gynaecology","Hysteroscopy","Tynski, Gregory",,,,,"41","67","54","91"
"2023_q3",,"Bone / Cartilage Graft",,"Total","Provincial","2023","3","195","246","227","753"
"2025_q1",,"Bladder Cancer Surgery",,"Zone 1","Valley Regional","2025","1","45","468","31","121"
"3month_rolling",,"Shoulder Arthroscopy",,"Zone 4","Dartmouth General","2025","2","79","274","82","169"
"2025_q2",,"Hip Replacement",,"Zone 4","Dartmouth General","2025","2","432","513","140","254"
"12month_rolling",,"Hernia Repair - Umbilical",,"Zone 1","Yarmouth Regional","2025","2","63","119","72","168"
"12month_rolling","General Surgery","Hernia Repair  (Adult)","Booth, John",,,,,"33","74","139","247"
"2023_q2",,"Dental Extractions and Restorations  (Pediatric)",,"IWK","IWK","2023","2","108","619","307","759"
"2024_q2",,"Craniotomy or Craniectomy",,"Total","Provincial","2024","2",,,"104","294"
"2024_q2",,"Prostate Surgery",,"Total","Provincial","2024","2","50","155","75","391"
"2023_q4",,"Male Circumcision  (Pediatric)",,"IWK","IWK","2023","4",,,"157","1106"
"2025_q1",,"Melanoma Excision",,"Zone 4","QE2","2025","1","12","31","24","62"
"12month_rolling","Obstetrics/Gynaecology","Cystoscopy","Pierce, Marianne",,,,,"145","145","195","246"
"12month_rolling",,"Ankle - Arthroplasty",,"Total","Provincial","2025","2","383","779","47","77"
"12month_rolling",,"Hernia Repair - Ventral",,"Zone 1","South Shore Regional","2025","2",,,"70","105"
"12month_rolling","General Surgery","All","McWilliams, Colin",,,,,"28","120","36","93"
"2023_q3",,"Thyroid or Parathyroid Surgery",,"Zone 4","Dartmouth General","2023","3","38","67","71","413"
"2024_q3",,"Hernia Repair - Inguinal/Femoral",,"Zone 1","South Shore Regional","2024","3","37","63","47","109"
"2023_q3",,"Vitreoretinal Diseases",,"Zone 4","QE2","2023","3","29","146","23","80"
"2024_q3",,"Peritoneal Lavage or Catherization",,"Total","Provincial","2024","3",,,"11","17"
"12month_rolling","General Surgery","Hernia Repair  (Adult)","Kelly, Ryan Patrick",,,,,"381","1158","226","994"
"2023_q4",,"Hysterectomy  (Cancer Suspected or Proven)",,"Total","Provincial","2023","4","17","91","43","70"
"2023_q3",,"Spinal Cord Stimulation Surgery",,"Zone 4","QE2","2023","3",,,"117","134"
"2024_q3",,"Video-Assisted Thoracic Surgery",,"Zone 4","QE2","2024","3","28","74","42","93"
"2024_q3",,"Hip Replacement",,"Total","Provincial","2024","3","149","558","129","498"
"12month_rolling","Obstetrics/Gynaecology","All","Stairs, Jocelyn",,,,,"132","302","149","309"
"2024_q4",,"Tendon / Ligament Repair",,"Zone 4","QE2","2024","4","125","805","38","470"
"2023_q3",,"Kidney Stone Surgery",,"Zone 1","Valley Regional","2023","3",,,"40","98"
"2023_q3",,"Lymph Node Biopsy",,"Zone 4","QE2","2023","3","21","34",,
"3month_rolling",,"Strabismus Surgery  (Adult)",,"Total","Provincial","2025","2","199","337","67","357"
"2024_q4",,"Knee Replacement",,"Total","Provincial","2024","4","299","703","154","480"
"2025_q1",,"Hernia Repair  (Adult)",,"Zone 3","Glace Bay","2025","1","331","589",,
"2023_q4",,"Bowel Resection - Open",,"Zone 1","Yarmouth Regional","2023","4",,,"17","97"
"2025_q2",,"Thyroid or Parathyroid Surgery",,"Zone 3","Cape Breton Regional","2025","2","49","85","44","188"
"2023_q4",,"Hernia Repair - Laparoscopic Inguinal Femoral",,"Zone 2","Aberdeen Hospital","2023","4","20","102",,
"2023_q2",,"Vitreoretinal Diseases",,"Total","Provincial","2023","2","34","236","15","98"
"2024_q3",,"Shoulder Arthroscopy",,"Total","Provincial","2024","3","92","245","104","307"
"2023_q3",,"Hernia Repair - Umbilical",,"IWK","IWK","2023","3",,,"208","295"
"12month_rolling","Orthopaedic","Knee Scope","Logan, Karl John",,,,,"102","5592","229","271"
"3month_rolling",,"Colorectal Cancer Surgery",,"Total","Provincial","2025","2","18","140","27","61"
"12month_rolling","General Surgery","Lymph Node Biopsy","Helyer, Lucy K",,,,,"9","20","17","38"
"12month_rolling","General Surgery","Breast Cancer Surgery","Sahi, Chakshu",,,,,"10","36","20","34"
"3month_rolling",,"Removal of Ovaries and/or Fallopian Tubes  (Cancer Suspected or Proven)",,"Zone 4","QE2","2025","2",,,"30","39"
"2024_q3",,"Hernia Repair  (Adult)",,"Zone 4","Hants Community Hospital","2024","3","234","564","33","172"
"2023_q4",,"Gastrointestinal Tract Surgery",,"Zone 4","QE2","2023","4","31","111","51","548"
"2023_q3",,"Hernia Repair - Inguinal/Femoral",,"IWK","IWK","2023","3",,,"103","343"
"2025_q2",,"Knee Scope",,"Zone 1","South Shore Regional","2025","2","98","123","133","624"
"2024_q2",,"Cornea and External Disease",,"Total","Provincial","2024","2","83","169","159","432"
"2024_q4",,"Insertion Vascular Access Catheter",,"IWK","IWK","2024","4",,,"40","97"
"12month_rolling",,"Nissen Fundoplication - Laparoscopic",,"Zone 4","QE2","2025","2","63","401","97","583"
"2024_q4",,"Strabismus Surgery  (Pediatric)",,"Total","Provincial","2024","4",,,"140","458"
"12month_rolling","General Surgery","Gastrointestinal Tract Surgery","Helyer, Lucy K",,,,,"14","113","22","47"
"2024_q4",,"Wound Management",,"Total","Provincial","2024","4",,,"13","146"
"12month_rolling","General Surgery","All","Blackmore, Christopher",,,,,"63","130","40","161"
"12month_rolling","Plastic Surgery","Cleft Lip/Palate  (Pediatric)","Bezuhly, Michael",,,,,"83","157","132","218"
"12month_rolling",,"Cystoscopy",,"Zone 4","QE2","2025","2","43","163","57","179"
"3month_rolling",,"Hysterectomy  (Cancer Suspected or Proven)",,"Total","Provincial","2025","2","21","46","26","56"
"12month_rolling","General Surgery","Bowel Resection - Laparoscopic","Poushay, Heather",,,,,"19","61","12","19"
"12month_rolling","Urology","All","Massaro, Peter",,,,,"40","316","89","432"
"2023_q3",,"Prostate Surgery",,"Zone 1","Yarmouth Regional","2023","3",,,"111","209"
"2024_q1",,"Male Reproductive System Surgery",,"Zone 4","Dartmouth General","2024","1","75","286","125","419"
"12month_rolling","Plastic Surgery","All","Simpson, Andrew",,,,,"15","71","24","51"
"2023_q4",,"Hernia Repair - Inguinal/Femoral",,"Zone 1","Valley Regional","2023","4","38","173","67","340"
"2025_q1",,"Shoulder Surgery",,"Zone 4","QE2","2025","1","72","315","197","417"
"12month_rolling","General Surgery","Bowel Resection","Wasserman, Lukas",,,,,"52","93","34","49"
"2025_q1",,"Endometrial Ablation",,"Total","Provincial","2025","1","84","588","115","266"
"12month_rolling","Obstetrics/Gynaecology","Hysterectomy  (Cancer Not Suspected)","Stone, Heather",,,,,"161","551","85","241"
"2024_q4",,"Functional Endoscopic Sinus Surgery (FESS)",,"Zone 3","St. Martha's Regional","2024","4",,,"68","132"
"2024_q2",,"Hysterectomy  (Cancer Not Suspected)",,"Zone 3","St. Martha's Regional","2024","2","131","643","87","206"
"2025_q1",,"Hernia Repair - Laparoscopic Inguinal Femoral",,"Total","Provincial","2025","1","83","400","111","416"
"12month_rolling","Orthopaedic","Hip Replacement","Prasad, Bangaradka Radhakrishna",,,,,"86","338","129","223"
"2024_q2",,"Knee Replacement",,"Zone 3","Cape Breton Regional","2024","2","127","282","97","188"
"2023_q4",,"Gastrointestinal Tract Surgery",,"IWK","IWK","2023","4",,,"43","121"
"3month_rolling",,"Back Surgery  (Pediatric)",,"Total","Provincial","2025","2",,,"281","569"
"12month_rolling",,"Gastrointestinal Tract Surgery",,"Zone 1","Yarmouth Regional","2025","2","22","112","32","113"
"12month_rolling","General Surgery","Gastrointestinal Tract Surgery","Lamey, Alicia",,,,,"36","63","54","93"
"2024_q4",,"Male Circumcision  (Adult)",,"Zone 4","QE2","2024","4","102","192","188","320"
"2023_q4",,"Hysterectomy  (Cancer Not Suspected)",,"Zone 1","Valley Regional","2023","4","238","543","249","717"
"2023_q2",,"Hand / Upper Extremity",,"Zone 4","QE2","2023","2","113","277","77","453"
"2025_q1",,"Septoplasty",,"Zone 4","Hants Community Hospital","2025","1","177","467","90","254"
"12month_rolling","Urology","Male Circumcision  (Adult)","Himmelman, Jeffrey George",,,,,,,"126","1290"
"12month_rolling","Orthopaedic","Knee Replacement Revision","Leighton, Jennifer Laura",,,,,,,"93","141"
"2024_q4",,"Tonsillectomy and/or Adenoidectomy  (Adult)",,"Zone 4","Dartmouth General","2024","4",,,"133","167"
"2024_q4",,"Carotid Endarterectomy",,"Total","Provincial","2024","4",,,"8","15"
"12month_rolling","General Surgery","Colorectal Cancer Surgery","Neumann, Katerina",,,,,"48","234","35","68"
"12month_rolling","Ophthalmology","Cataract Surgery","Tan, Alexander",,,,,"139","258","35","78"
"12month_rolling","General Surgery","Gallbladder Surgery","Booth, John",,,,,"29","62","104","205"
"3month_rolling",,"Gallbladder Surgery",,"Zone 2","Cumberland Regional","2025","2","15","51","33","118"
"2023_q2",,"Carpal Tunnel Surgery",,"Zone 1","South Shore Regional","2023","2","41","185","159","350"
"12month_rolling","Urology","Male Reproductive System Surgery","Lehmann, Kyle",,,,,"790","790","90","174"
"2025_q1",,"Prostate Surgery - Laparoscopic",,"Zone 4","QE2","2025","1","24","68","107","172"
"2024_q3",,"Cervical Spine (Neck) Surgery",,"Total","Provincial","2024","3","88","603","85","234"
"12month_rolling","Ophthalmology","Tear Duct Surgery","Archibald, Curtis",,,,,"42","408","15","21"
"2023_q3",,"Temperomandibular Joint Surgery (TMJ)",,"Total","Provincial","2023","3","146","195","190","916"
"2024_q4",,"Nerve Surgery",,"Zone 4","QE2","2024","4","55","241","34","140"
"12month_rolling","Otolaryngology (ENT)","Surgery for Hearing or Balance Problems of the Ear","Hong, Paul",,,,,"120","292","102","183"
"2025_q1",,"Surgery for Hearing or Balance Problems of the Ear",,"Zone 3","Cape Breton Regional","2025","1","34","71","42","294"
"2024_q1",,"Dental Extractions and Restorations  (Pediatric)",,"Zone 1","South Shore Regional","2024","1",,,"75","151"
"2023_q2",,"Shoulder Arthroscopy",,"Zone 1","South Shore Regional","2023","2","68","135","175","250"
"2024_q3",,"Thyroid or Parathyroid Surgery",,"Total","Provincial","2024","3","65","192","72","495"
"12month_rolling","Otolaryngology (ENT)","All","Taylor, Benjamin A",,,,,"170","626","112","337"
"2024_q3",,"Hernia Repair  (Pediatric)",,"Total","Provincial","2024","3","89","112","134","303"
"2025_q2",,"Hernia Repair - Inguinal/Femoral",,"Zone 4","Dartmouth General","2025","2","56","278","62","202"
"2023_q4",,"Male Circumcision  (Pediatric)",,"Total","Provincial","2023","4",,,"125","926"
"2025_q2",,"Prostate Surgery",,"Total","Provincial","2025","2","44","220","60","189"
"2025_q1",,"Pilonidal Cyst Surgery",,"Total","Provincial","2025","1","39","260","72","281"
"2023_q3",,"Prostate Surgery",,"Zone 3","Northside General","2023","3",,,"33","54"
"2023_q3",,"Dental Extractions and Restorations  (Pediatric)",,"Zone 3","Inverness Consolidated Memorial","2023","3","83","268","94","307"
"2025_q1",,"Tear Duct Surgery",,"Total","Provincial","2025","1","75","350",,
"2024_q3",,"Vitreoretinal Diseases",,"Zone 4","QE2","2024","3","34","182","27","104"
"2023_q2",,"Kidney Removal",,"Zone 1","Valley Regional","2023","2",,,"39","64"
"12month_rolling","General Surgery","All","Faryniuk, Andrea Marie",,,,,"24","99","32","69"
"2024_q4",,"Hip Replacement",,"Zone 2","Aberdeen Hospital","2024","4","93","192","112","275"
"2024_q2",,"Shoulder Arthroscopy",,"Zone 1","Valley Regional","2024","2","138","280","182","319"
"3month_rolling",,"Hysterectomy  (Cancer Not Suspected)",,"Zone 1","Valley Regional","2025","2","385","661","58","352"
"12month_rolling","Urology","Prostate Surgery","Paterson, Nicholas",,,,,"40","60","144","227"
"12month_rolling","General Surgery","Bowel Resection","Faryniuk, Andrea Marie",,,,,"32","126","28","40"
"2024_q2",,"Bladder Cancer Surgery",,"Zone 2","Colchester East Hants Health Centre","2024","2","12","29","44","94"
"12month_rolling","Urology","Male Reproductive System Surgery","McCarthy, John Paul",,,,,,,"70","176"
"2023_q2",,"Functional Endoscopic Sinus Surgery (FESS)",,"Zone 3","Cape Breton Regional","2023","2","28","66",,
"2023_q4",,"Male Reproductive System Surgery",,"Zone 2","Colchester East Hants Health Centre","2023","4","76","540","178","415"
"2025_q1",,"Shoulder Arthroplasty",,"Total","Provincial","2025","1","94","461","190","398"
"2025_q1",,"Orthopaedic Trauma",,"Total","Provincial","2025","1","13","92","12","228"
"2023_q4",,"Male Circumcision  (Adult)",,"Zone 1","Valley Regional","2023","4",,,"182","292"
"12month_rolling",,"Prostate Surgery - Laparoscopic",,"Total","Provincial","2025","2","30","118","111","191"
"2024_q2",,"Bowel Resection - Laparoscopic",,"Zone 4","Dartmouth General","2024","2","10","23","31","45"
"2024_q1",,"Hernia Repair  (Adult)",,"Zone 2","Colchester East Hants Health Centre","2024","1","48","142","55","227"
"12month_rolling","Otolaryngology (ENT)","Laryngology and Vocal Cord Surgery","Brown, Timothy",,,,,"62","108","183","813"
"12month_rolling","General Surgery","Hernia Repair - Inguinal/Femoral","Milford, Karen",,,,,"68","90","137","223"
"2024_q1",,"Male Reproductive System Surgery",,"Zone 3","Cape Breton Regional","2024","1","38","79","23","84"
"12month_rolling","Neurosurgery","Brain Surgery  (Adult)","Weise, Lutz",,,,,"50","569","50","141"
"2023_q2",,"Hip Replacement",,"Zone 2","Aberdeen Hospital","2023","2","206","323","83","473"
"2023_q3",,"Gastrointestinal Tract Surgery - Laparoscopic",,"Zone 4","QE2","2023","3","26","104","29","47"
"2024_q1",,"Hernia Repair  (Adult)",,"Zone 3","St. Martha's Regional","2024","1","24","118","225","293"
"2023_q3",,"Cataract Surgery",,"Zone 1","Soldiers Memorial","2023","3","63","119","106","232"
"2023_q3",,"Ear Tubes  (Pediatric)",,"Total","Provincial","2023","3","86","160","92","156"
"12month_rolling","General Surgery","All","King, Jenelle",,,,,"24","131","36","115"
"12month_rolling","Thoracic Surgery","All","Ednie, Alexander",,,,,"28","67","34","79"
"2023_q2",,"Dental Extractions and Restorations  (Adult)",,"Zone 4","Dartmouth General","2023","2",,,"76","96"
"12month_rolling",,"Head and Neck Surgery",,"Zone 1","Valley Regional","2025","2","36","180","74","292"
"2023_q3",,"Breast Reconstruction",,"Total","Provincial","2023","3","39","77","83","586"
"2025_q1",,"Lacrimal Duct Probing",,"Total","Provincial","2025","1","95","408","117","475"
"2023_q4",,"Strabismus Surgery  (Pediatric)",,"IWK","IWK","2023","4",,,"190","293"
"2023_q4",,"AV Fistula Creation/Closure",,"Zone 4","QE2","2023","4",,,"12","34"
"12month_rolling","Otolaryngology (ENT)","Septoplasty","Clifton, Neil",,,,,"250","306","82","132"
"12month_rolling","Dental","Dental Extractions and Restorations  (Pediatric)","Alrafidi, Mubarak",,,,,"16","35","17","18"
"2024_q3",,"Hysterectomy  (Cancer Not Suspected)",,"Zone 4","QE2","2024","3","28","31","41","55"
"2024_q1",,"Knee Scope",,"Zone 4","Dartmouth General","2024","1","81","422","68","267"
"12month_rolling","Thoracic Surgery","All","Wallace, Alison",,,,,"34","85","28","164"
"2024_q4",,"Gastric Surgery - Laparoscopic",,"Total","Provincial","2024","4","65","314","105","583"
"12month_rolling","Orthopaedic","Hip Replacement Revision","Dunbar, Michael J",,,,,"49","53","194","472"
"2025_q1",,"Knee Replacement",,"Zone 4","Dartmouth General","2025","1","392","580","154","321"
"12month_rolling","Urology","Bladder Cancer Surgery","Lehmann, Kyle",,,,,"1","1","41","93"
"2024_q2",,"Bladder Cancer Surgery",,"Zone 4","Dartmouth General","2024","2",,,"84","344"
"12month_rolling","General Surgery","Gallbladder Surgery","Jad, Ahmed",,,,,"150","281","100","218"
"2025_q1",,"Hernia Repair - Umbilical",,"Zone 2","Colchester East Hants Health Centre","2025","1","62","121","151","194"
"12month_rolling","Orthopaedic","Foot - Arthrodesis","Morash, Joel",,,,,"108","366","202","345"
"2023_q3",,"Gallbladder Surgery",,"Zone 4","Dartmouth General","2023","3","147","242","94","220"
"12month_rolling",,"Orthopaedic Trauma",,"Zone 1","South Shore Regional","2025","2","2","4","2","8"
"12month_rolling","Obstetrics/Gynaecology","Hysteroscopy","Cohen, Elissa",,,,,"46","79","44","78"
"12month_rolling","General Surgery","All","Smith, Victoria",,,,,"28","171","20","78"
"2023_q4",,"Dental Extractions and Restorations  (Adult)",,"Zone 1","South Shore Regional","2023","4","112","567","98","237"
"2025_q1",,"Craniotomy or Craniectomy",,"Total","Provincial","2025","1",,,"87","153"
"2023_q2",,"Hernia Repair - Laparoscopic Incisional",,"Total","Provincial","2023","2","59","174","84","414"
"2023_q2",,"Strabismus Surgery  (Pediatric)",,"Total","Provincial","2023","2",,,"210","347"
"12month_rolling","General Surgery","Hernia Repair - Laparoscopic Inguinal Femoral","Clark, F Donald",,,,,"80","90","74","83"
"12month_rolling","Urology","Prostate Surgery - Laparoscopic","Kokorovic, Andrea",,,,,"41","173","104","181"
"2025_q2",,"Cornea and External Disease",,"Zone 4","QE2","2025","2","137","241","135","344"
"3month_rolling",,"Gallbladder Surgery",,"Zone 2","Colchester East Hants Health Centre","2025","2","43","190","118","282"
"2025_q1",,"Insertion Vascular Access Catheter",,"Total","Provincial","2025","1","4","9","8","54"
"3month_rolling",,"Shoulder Arthroscopy",,"Total","Provincial","2025","2","87","426","101","308"
"2024_q2",,"Hand / Upper Extremity",,"Zone 4","QE2","2024","2","112","715","128","820"
"2023_q3",,"Tonsillectomy and/or Adenoidectomy  (Pediatric)",,"IWK","IWK","2023","3","148","183","100","238"
"12month_rolling",,"Cardiovascular Surgery",,"Total","Provincial","2025","2",,,"48","113"
"2023_q4",,"Functional Endoscopic Sinus Surgery (FESS)",,"Zone 1","Valley Regional","2023","4",,,"57","139"
"12month_rolling","Oral Maxillofacial","All","Chiarot, Marco",,,,,"74","199","137","234"
"12month_rolling","General Surgery","Hernia Repair  (Adult)","Joy, Edward",,,,,"111","147","77","124"
"12month_rolling",,"Kidney / Upper Urinary Tract",,"Total","Provincial","2025","2","56","245","48","190"
"12month_rolling",,"Thoroscopy / Pleuroscopy",,"Zone 4","QE2","2025","2","12","27","14","28"
"2024_q3",,"Hysterectomy  (Cancer Not Suspected)",,"Zone 3","Cape Breton Regional","2024","3","57","122","264","410"
"2024_q4",,"Cystoscopy",,"Zone 1","Yarmouth Regional","2024","4","40","267","36","112"
"2024_q2",,"Video-Assisted Thoracic Surgery",,"Total","Provincial","2024","2","25","65","30","62"
"2024_q2",,"Palmar Fascia Excision for Dupuytren's Disease",,"Zone 3","St. Martha's Regional","2024","2","154","238",,
"2024_q2",,"Spinal Cord Stimulation Surgery",,"Zone 4","QE2","2024","2",,,"114","149"
"2025_q2",,"Video-Assisted Thoracic Surgery",,"Zone 4","QE2","2025","2","31","67","25","49"
"12month_rolling","Obstetrics/Gynaecology","Pelvic Floor Repair","Rudd, Michael W",,,,,"642","745","45","184"
"2023_q3",,"Gallbladder Surgery",,"Zone 4","Hants Community Hospital","2023","3","116","216","68","169"
"2024_q3",,"Cardioversion",,"Total","Provincial","2024","3",,,"14","19"
"3month_rolling",,"Back Surgery  (Pediatric)",,"IWK","IWK","2025","2",,,"281","569"
"2023_q2",,"Hernia Repair - Inguinal/Femoral",,"Zone 4","Hants Community Hospital","2023","2","115","211","40","130"
"2025_q1",,"Shoulder Arthroscopy",,"Zone 4","Dartmouth General","2025","1","76","209","194","366"
"2024_q2",,"Shoulder Arthroscopy",,"Total","Provincial","2024","2","74","342","154","354"
"2024_q2",,"Kidney Stone Surgery",,"Zone 1","Valley Regional","2024","2",,,"46","112"
"2024_q2",,"Tubal Ligation",,"Total","Provincial","2024","2","239","576",,
"12month_rolling","Dental","All","MacDonald, Hannah",,,,,"47","47","259","590"
"12month_rolling","General Surgery","Breast Cancer Surgery","Faryniuk, Andrea Marie",,,,,"12","42","27","40"
"12month_rolling","Obstetrics/Gynaecology","Endometrial Ablation","Oniah, Mojisola",,,,,"23","64","29","38"
"2024_q2",,"Tonsillectomy and/or Adenoidectomy  (Pediatric)",,"Zone 1","South Shore Regional","2024","2","253","356","74","138"
"12month_rolling","Urology","All","Mason, Ross",,,,,"36","148","88","210"
"2025_q2",,"Knee Replacement",,"Zone 4","QE2","2025","2","104","364","300","1061"
"12month_rolling","General Surgery","Gastrointestinal Tract Surgery","Johnson, Paul M",,,,,"38","191","55","242"
"12month_rolling","Otolaryngology (ENT)","Functional Endoscopic Sinus Surgery (FESS)","Massoud, Emad A",,,,,"35","166","96","208"
"12month_rolling","Obstetrics/Gynaecology","Hysterectomy  (Cancer Not Suspected)","Joshi, Changulanda",,,,,"146","501","95","192"
"12month_rolling",,"Hernia Repair - Ventral",,"Zone 2","Aberdeen Hospital","2025","2",,,"125","284"
"2025_q1",,"Knee Scope",,"Zone 1","South Shore Regional","2025","1","50","152",,
"12month_rolling",,"Head and Neck Surgery",,"Zone 4","QE2","2025","2","15","48","27","68"
"2023_q4",,"Tubal Ligation",,"Total","Provincial","2023","4","96","305",,
"12month_rolling","Otolaryngology (ENT)","Ear Tubes  (Pediatric)","Taylor, Benjamin A",,,,,"273","568","109","155"
"2023_q4",,"Surgery for Hearing or Balance Problems of the Ear",,"Zone 3","St. Martha's Regional","2023","4",,,"61","180"
"2024_q2",,"Brain Surgery  (Pediatric)",,"Total","Provincial","2024","2",,,"63","142"
"2025_q1",,"Thyroid or Parathyroid Surgery",,"Zone 4","QE2","2025","1","29","155","48","146"
"2023_q4",,"Tendon / Ligament Repair",,"Zone 4","QE2","2023","4","169","619","77","510"
"12month_rolling","Orthopaedic","Hip Replacement","McNeil, Daniel",,,,,"159","246","235","319"
"2024_q1",,"Knee Scope",,"Zone 4","QE2","2024","1","62","141","114","220"
"12month_rolling",,"Nerve or Brain Stimulation",,"Zone 4","QE2","2025","2","21","210","29","74"
"12month_rolling",,"Oculo Plastic Surgery",,"Zone 3","Cape Breton Regional","2025","2","57","87","150","340"
"12month_rolling","Obstetrics/Gynaecology","Hysteroscopy","Joshi, Changulanda",,,,,"35","161","42","142"
"12month_rolling","Orthopaedic","Orthopaedic Trauma","Morash, Kevin",,,,,"2566","4687","9","184"
"2025_q1",,"Bowel Resection - Laparoscopic",,"Zone 4","QE2","2025","1","30","209","42","121"
"2023_q3",,"Hernia Repair - Incisional",,"Zone 1","Valley Regional","2023","3","80","315","99","170"
"12month_rolling","Cardiac Surgery","Cardiac Valve Replacement","Hirsch, Gregory M",,,,,,,"86","120"
"2023_q2",,"Septoplasty",,"Zone 4","Hants Community Hospital","2023","2","63","874","128","1297"
"12month_rolling",,"Hernia Repair - Laparoscopic Inguinal Femoral",,"Zone 4","Dartmouth General","2025","2","233","595","113","325"
"2024_q1",,"Ear Tubes  (Pediatric)",,"Zone 3","St. Martha's Regional","2024","1","77","156","55","124"
"12month_rolling","General Surgery","Colorectal Cancer Surgery","Walsh, Mark J",,,,,"7","11","42","84"
"3month_rolling",,"Prostate Cancer Surgery",,"Zone 3","Cape Breton Regional","2025","2","36","139","27","55"
"2025_q1",,"Strabismus Surgery  (Adult)",,"Total","Provincial","2025","1","198","961","222","358"
"3month_rolling",,"Prostatectomy",,"Zone 3","Cape Breton Regional","2025","2","36","139","27","55"
"12month_rolling",,"Bowel Resection - Open",,"Zone 1","South Shore Regional","2025","2","22","176","27","57"
"2023_q3",,"Male Circumcision  (Adult)",,"Zone 2","Colchester East Hants Health Centre","2023","3","69","520",,
"2023_q2",,"Prostate Surgery - Laparoscopic",,"Zone 4","QE2","2023","2","27","55","129","191"
"12month_rolling","Ophthalmology","All","Shuba, Lesya",,,,,"252","353","50","126"
"2025_q2",,"Melanoma Excision",,"Zone 4","QE2","2025","2","9","51","19","34"
"3month_rolling",,"Ear Tubes  (Pediatric)",,"Zone 3","Cape Breton Regional","2025","2","14","60","33","47"
"2024_q2",,"Hernia Repair - Inguinal/Femoral",,"Zone 1","South Shore Regional","2024","2","41","66","47","98"
"2025_q2",,"Ear Tubes  (Pediatric)",,"Zone 1","Valley Regional","2025","2","273","324","134","228"
"12month_rolling","Plastic Surgery","Tendon / Ligament Repair","Singh, Ashvir",,,,,"33","309","87","255"
"2025_q2",,"Gastrointestinal Tract Surgery - Laparoscopic",,"Zone 4","Dartmouth General","2025","2","18","98","28","80"
"2024_q3",,"Gallbladder Surgery",,"Zone 1","Yarmouth Regional","2024","3","64","95","71","255"
"2023_q3",,"Hysterectomy  (Cancer Suspected or Proven)",,"Total","Provincial","2023","3","15","59","47","80"
"2023_q3",,"Breast Cancer Surgery",,"Zone 2","Aberdeen Hospital","2023","3","7","21","19","45"
"12month_rolling",,"Oculo Plastic Surgery",,"Zone 4","QE2","2025","2","74","454","55","321"
"2023_q3",,"Carotid Endarterectomy",,"Total","Provincial","2023","3",,,"14","33"
"2024_q4",,"Surgery for Hearing or Balance Problems of the Ear",,"Zone 3","St. Martha's Regional","2024","4",,,"31","54"
"12month_rolling","Orthopaedic","Shoulder Arthroscopy","Legay, Douglas A",,,,,"71","98","92","306"
"2024_q3",,"Male Circumcision  (Adult)",,"Zone 4","QE2","2024","3",,,"98","151"
"2025_q1",,"Hysteroscopy",,"Total","Provincial","2025","1","45","306","52","153"
"2023_q3",,"Prostate Surgery",,"Total","Provincial","2023","3","57","202","114","377"
"12month_rolling","General Surgery","Hernia Repair - Laparoscopic Inguinal Femoral","MacDonald, Blair",,,,,"146","332","70","129"
"2025_q1",,"Knee Replacement",,"Zone 3","Cape Breton Regional","2025","1","191","298","80","174"
"2024_q4",,"Cystoscopy",,"Zone 3","Northside General","2024","4",,,"34","180"
"2025_q2",,"Hernia Repair - Ventral",,"Total","Provincial","2025","2","50","415","84","201"
"12month_rolling","General Surgery","Hernia Repair  (Pediatric)","Davies, Dafydd Alexander",,,,,"66","146","57","332"
"2024_q3",,"Breast Cancer Surgery",,"Zone 3","Cape Breton Regional","2024","3","7","16","19","39"
"2024_q3",,"Shoulder Surgery",,"Zone 1","Valley Regional","2024","3","210","403","189","337"
"2023_q4",,"Lymph Node Biopsy",,"Zone 4","QE2","2023","4","11","23","34","49"
"12month_rolling","General Surgery","Gallbladder Surgery","Smith, Victoria",,,,,"107","191","26","54"
"2024_q2",,"Gastrointestinal Tract Surgery - Laparoscopic",,"Total","Provincial","2024","2","19","112","33","99"
"12month_rolling","Obstetrics/Gynaecology","Hysteroscopy","MacLellan, Erin",,,,,"58","122","81","180"
"12month_rolling","General Surgery","Hernia Repair  (Adult)","Murdoch, John L",,,,,"180","355","57","193"
"2025_q1",,"Palmar Fascia Excision for Dupuytren's Disease",,"Zone 1","South Shore Regional","2025","1","170","557","100","282"
"12month_rolling","General Surgery","All","Livingstone, Scott",,,,,"30","79","28","85"
"2023_q3",,"Dental Extractions and Restorations  (Adult)",,"IWK","IWK","2023","3",,,"520","745"
"2023_q4",,"Hip Replacement",,"Total","Provincial","2023","4","183","478","132","545"
"2023_q3",,"Esophagectomy / Esophageal Surgery",,"Zone 4","QE2","2023","3","35","87","21","106"
"12month_rolling","Cardiac Surgery","All","Horne, David",,,,,,,"36","106"
"12month_rolling",,"Hernia Repair - Ventral",,"Zone 2","Colchester East Hants Health Centre","2025","2","40","78","108","231"
"12month_rolling","Obstetrics/Gynaecology","Hysterectomy  (Cancer Not Suspected)","Clague, Nicholas Paul",,,,,"288","518","69","137"
"12month_rolling","Obstetrics/Gynaecology","Hysterectomy  (Cancer Not Suspected)","MacDonald, Andrea",,,,,"128","380","159","168"
"12month_rolling","General Surgery","Hernia Repair - Inguinal/Femoral","Mills, Jessica Louise",,,,,"69","98","59","161"
"2025_q2",,"Vitreoretinal Diseases",,"Total","Provincial","2025","2","36","181","15","69"
"2025_q1",,"Cystoscopy",,"Zone 4","QE2","2025","1","40","150","68","197"
"2024_q4",,"Glaucoma (Eye Pressure Lowering Surgery)",,"Total","Provincial","2024","4","70","689","20","60"
"2023_q3",,"Surgery for Hearing or Balance Problems of the Ear",,"Zone 3","St. Martha's Regional","2023","3",,,"83","107"
"2023_q2",,"Breast Cancer Surgery",,"Zone 1","Yarmouth Regional","2023","2","7","27","18","27"
"12month_rolling","Vascular Surgery","All","Smith, Matthew",,,,,"12","14","21","50"
"12month_rolling","Neurosurgery","Back Surgery  (Pediatric)","McNeely, P Daniel",,,,,,,"33","116"
"2024_q3",,"Hernia Repair  (Adult)",,"Zone 2","Cumberland Regional","2024","3","50","118","41","97"
"12month_rolling",,"Ankle - Arthroplasty",,"Zone 4","QE2","2025","2","383","779","47","77"
"12month_rolling","General Surgery","Gallbladder Surgery","Joy, Edward",,,,,"108","149","44","82"
"12month_rolling","Obstetrics/Gynaecology","Hysteroscopy","MacDonald, Andrea",,,,,"43","1236","56","163"
"12month_rolling","General Surgery","Nissen Fundoplication - Laparoscopic","Hoogerboord, C Marius",,,,,"308","526","166","280"
"12month_rolling","Orthopaedic","Shoulder Arthroscopy","Arakgi, Michelle",,,,,"134","365","157","187"
"12month_rolling","Otolaryngology (ENT)","Thyroid or Parathyroid Surgery","Wallace, Timothy D",,,,,"74","255","73","133"
"2025_q2",,"Hernia Repair  (Pediatric)",,"Total","Provincial","2025","2","63","128","44","192"
"12month_rolling","General Surgery","Hernia Repair - Umbilical","McGibney, Kieron",,,,,"72","128","120","194"
"2024_q3",,"Carpal Tunnel Surgery",,"Zone 4","Hants Community Hospital","2024","3",,,"27","41"
"2024_q4",,"Breast Cancer Surgery",,"Zone 3","St. Martha's Regional","2024","4","16","161","27","55"
"2024_q4",,"Hysteroscopy",,"Zone 3","Cape Breton Regional","2024","4",,,"48","326"
"2023_q4",,"Functional Endoscopic Sinus Surgery (FESS)",,"Zone 4","Dartmouth General","2023","4","20","42","112","192"
"3month_rolling",,"Hemorrhoidectomy",,"Zone 2","Colchester East Hants Health Centre","2025","2",,,"163","221"
"2024_q3",,"Knee Replacement",,"Zone 2","Aberdeen Hospital","2024","3","79","489","109","274"
"12month_rolling","Obstetrics/Gynaecology","Hysterectomy  (Cancer Not Suspected)","Stairs, Jocelyn",,,,,"144","428","267","360"
"12month_rolling",,"Hernia Repair - Inguinal/Femoral",,"Zone 2","Cumberland Regional","2025","2","54","205","53","98"
"12month_rolling","Urology","Kidney Removal","Himmelman, Jeffrey George",,,,,,,"55","82"
"12month_rolling","General Surgery","Gastrointestinal Tract Surgery","Murphy, Christopher",,,,,"21","55","39","113"
"2025_q2",,"Hand / Upper Extremity",,"Zone 4","QE2","2025","2","108","685","164","483"
"12month_rolling","Orthopaedic","All","Brien, Donald M",,,,,"179","384","118","249"
"2023_q4",,"Dental Extractions and Restorations  (Adult)",,"Zone 4","QE2","2023","4","83","180","142","445"
"12month_rolling","Orthopaedic","Carpal Tunnel Surgery","McPherson, John",,,,,"88","278","54","234"
"2025_q1",,"Shoulder Arthroscopy",,"Zone 1","Valley Regional","2025","1","68","384","59","163"
"12month_rolling","General Surgery","Bowel Resection","Neumann, Katerina",,,,,"84","295","56","121"
"12month_rolling","Thoracic Surgery","Video-Assisted Thoracic Surgery","Ednie, Alexander",,,,,"28","58","33","70"
"12month_rolling","Orthopaedic","Orthopaedic Trauma","McPherson, John",,,,,"17","88","54","78"
"12month_rolling","Urology","Kidney Removal","Paterson, Nicholas",,,,,"8","17","54","97"
"2023_q2",,"Bladder Cancer Surgery",,"Zone 1","Yarmouth Regional","2023","2",,,"51","272"
"2024_q3",,"Surgery for Hearing or Balance Problems of the Ear",,"Zone 3","St. Martha's Regional","2024","3",,,"32","67"
"2023_q2",,"Removal of Ovaries and/or Fallopian Tubes  (Cancer Not Suspected)",,"Zone 1","Valley Regional","2023","2","204","401","339","535"
"2024_q1",,"Tear Duct Surgery",,"Total","Provincial","2024","1","71","252",,
"2025_q1",,"Removal of Ovaries and/or Fallopian Tubes  (Cancer Suspected or Proven)",,"Total","Provincial","2025","1","24","91","36","75"
"2023_q3",,"Hysterectomy  (Cancer Not Suspected)",,"Zone 1","Valley Regional","2023","3","226","629","278","556"
"2025_q1",,"Melanoma Excision",,"Total","Provincial","2025","1","11","58","26","49"
"12month_rolling","Thoracic Surgery","Video-Assisted Thoracic Surgery","Wallace, Alison",,,,,"36","67","26","71"
"12month_rolling","Cardiac Surgery","Cardiac Valve Replacement","Tremblay, Louis Philippe",,,,,,,"36","55"
"12month_rolling","General Surgery","Bowel Resection - Laparoscopic","Johnson, Paul M",,,,,"45","236","49","642"
"2024_q1",,"Gastrointestinal Tract Surgery",,"Zone 1","Yarmouth Regional","2024","1",,,"55","77"
"12month_rolling","General Surgery","Hernia Repair - Inguinal/Femoral","Yaffe, Paul",,,,,"278","406","107","170"
"2024_q4",,"Hernia Repair  (Adult)",,"Zone 3","Inverness Consolidated Memorial","2024","4",,,"121","453"
"2023_q2",,"Craniotomy or Craniectomy",,"Total","Provincial","2023","2",,,"89","442"
"2024_q1",,"Orthopaedic Trauma",,"Total","Provincial","2024","1","23","350","38","145"
"12month_rolling","Obstetrics/Gynaecology","All","Cohen, Elissa",,,,,"48","188","39","91"
"2023_q3",,"Functional Endoscopic Sinus Surgery (FESS)",,"Zone 3","St. Martha's Regional","2023","3",,,"69","145"
"2024_q1",,"Male Reproductive System Surgery",,"IWK","IWK","2024","1","56","101","114","584"
"2024_q2",,"Hernia Repair - Inguinal/Femoral",,"Zone 2","Colchester East Hants Health Centre","2024","2","45","123","84","181"
"2023_q4",,"Hysterectomy  (Cancer Not Suspected)",,"Zone 2","Colchester East Hants Health Centre","2023","4","121","266","103","191"
"2023_q4",,"Hysterectomy  (Cancer Not Suspected)",,"Zone 4","Dartmouth General","2023","4","36","134","106","201"
"12month_rolling",,"Hip Arthroscopy",,"Zone 4","Dartmouth General","2025","2","76","249","174","288"
"2024_q4",,"Kidney Stone Surgery",,"Zone 4","Dartmouth General","2024","4","44","120",,
"2024_q4",,"Pelvic Floor Repair",,"Total","Provincial","2024","4","171","505","121","430"
"3month_rolling",,"Bladder Cancer Surgery",,"Zone 4","QE2","2025","2","20","49","27","67"
"2023_q2",,"Surgery for Hearing or Balance Problems of the Ear",,"Zone 3","St. Martha's Regional","2023","2",,,"85","139"
"2025_q2",,"Shoulder Arthroscopy",,"Zone 3","Cape Breton Regional","2025","2","145","426","41","100"
"2023_q3",,"Video-Assisted Thoracic Surgery",,"Zone 4","QE2","2023","3","27","56","43","108"
"12month_rolling","Ophthalmology","Cataract Surgery","Rogers, Jamie",,,,,"153","263","102","132"
"12month_rolling","Urology","Male Circumcision  (Adult)","Morris, Heather",,,,,"21","46","65","91"
"12month_rolling","Vascular Surgery","AV Fistula Creation/Closure","Heisler, Benjamin",,,,,"21","91","46","99"
"3month_rolling",,"Brain Surgery  (Pediatric)",,"IWK","IWK","2025","2",,,"94","198"
"2023_q3",,"Dental Extractions and Restorations  (Pediatric)",,"Zone 2","Cumberland Regional","2023","3","30","109","64","112"
"2024_q1",,"Cornea and External Disease",,"Zone 4","QE2","2024","1","74","203","185","452"
"12month_rolling","Neurosurgery","All","Weise, Lutz",,,,,"64","307","62","141"
"12month_rolling","Obstetrics/Gynaecology","All","Cockwell, Heather",,,,,"186","412","110","301"
"12month_rolling","General Surgery","Hernia Repair - Inguinal/Femoral","Murphy, Christopher",,,,,"62","111","60","169"
"2025_q1",,"Bowel Resection",,"Zone 1","Valley Regional","2025","1","31","78","46","71"
"12month_rolling","Urology","Bladder Surgery","Miller, M Dale",,,,,"16","71","57","92"
"12month_rolling",,"Hand / Upper Extremity",,"Zone 1","South Shore Regional","2025","2","161","188","113","400"
"2024_q3",,"Prostate Surgery",,"Total","Provincial","2024","3","40","159","98","324"
"2023_q3",,"Breast Reduction Surgery",,"Zone 3","St. Martha's Regional","2023","3","48","77",,
"2024_q4",,"Breast Reduction Surgery",,"Total","Provincial","2024","4","386","1956","83","417"
"2025_q1",,"Kidney Stone Surgery",,"Zone 4","QE2","2025","1","49","91","44","118"
"2023_q2",,"Bladder Cancer Surgery",,"Zone 3","Northside General","2023","2",,,"22","67"
"12month_rolling","Ophthalmology","All","Mishra, Amit",,,,,"16","66","13","41"
"2024_q4",,"Hysterectomy  (Cancer Not Suspected)",,"Zone 2","Colchester East Hants Health Centre","2024","4","196","518","71","229"
"2025_q2",,"Cervical Spine (Neck) Surgery",,"Zone 4","QE2","2025","2","72","494","73","163"
"12month_rolling","Ophthalmology","All","Kapasi, Mustafa",,,,,"146","218","97","139"
"2025_q2",,"Breast Cancer Surgery",,"Zone 2","Colchester East Hants Health Centre","2025","2","16","34","32","55"
"2023_q4",,"Vitreoretinal Diseases",,"Zone 4","QE2","2023","4","28","179","15","78"
"2023_q3",,"Tendon / Ligament Repair",,"Total","Provincial","2023","3","74","286","88","250"
"12month_rolling","Vascular Surgery","All","Al-Mubarak, Husain Adel",,,,,"1","1","29","34"
"2023_q4",,"Insertion Vascular Access Catheter",,"IWK","IWK","2023","4",,,"9","203"
"12month_rolling","Obstetrics/Gynaecology","Pelvic Floor Repair","Murray, Angus",,,,,"154","391","264","453"
"2024_q2",,"Surgery for Hearing or Balance Problems of the Ear",,"Zone 3","St. Martha's Regional","2024","2",,,"22","116"
"12month_rolling","Ophthalmology","All","O'Brien, Daniel Michael",,,,,"89","398","32","125"
"2024_q3",,"Hernia Repair - Umbilical",,"Zone 1","Valley Regional","2024","3","144","453","90","351"
"2024_q3",,"Kidney Stone Surgery",,"Zone 4","QE2","2024","3","39","73","47","138"
"12month_rolling","Ophthalmology","All","Nicolela, Marcelo",,,,,"69","179","43","198"
"2024_q1",,"Shoulder Arthroscopy",,"Total","Provincial","2024","1","76","371","151","340"
"12month_rolling","Urology","Cystoscopy","Massaro, Peter",,,,,"27","161","68","422"
"2024_q2",,"Aneurysm Repair",,"Zone 4","QE2","2024","2","19","69","65","156"
"12month_rolling","Otolaryngology (ENT)","Surgery for Hearing or Balance Problems of the Ear","Hudson, Thomas",,,,,"14","61","26","68"
"2024_q4",,"Hip Replacement",,"Total","Provincial","2024","4","179","656","118","326"
"12month_rolling","General Surgery","Gastrointestinal Tract Surgery","Kelly, Ryan Patrick",,,,,"178","313","79","226"
"12month_rolling","Thoracic Surgery","Thoroscopy / Pleuroscopy","French, Daniel Gerard",,,,,"8","12","13","22"
"2025_q1",,"Spinal Cord Stimulation Surgery",,"Zone 4","QE2","2025","1",,,"49","106"
"2024_q3",,"Breast Cancer Surgery",,"Zone 1","Valley Regional","2024","3","18","42","32","51"
"12month_rolling","Oral Maxillofacial","Dental Extractions and Restorations  (Pediatric)","Doucet, Jean-Charles",,,,,"189","372","107","285"
"2023_q3",,"Removal of Ovaries and/or Fallopian Tubes  (Cancer Not Suspected)",,"Zone 3","St. Martha's Regional","2023","3","132","231","46","152"
"2024_q4",,"Maxillofacial Deformity Surgery",,"Zone 4","QE2","2024","4","355","582","265","552"
"2024_q4",,"Aneurysm Repair",,"Zone 4","QE2","2024","4","16","96","45","99"
"2023_q2",,"Breast Reduction Surgery",,"Total","Provincial","2023","2","74","1220","98","432"
"2025_q2",,"Kidney / Upper Urinary Tract",,"Total","Provincial","2025","2","43","245","49","117"
"12month_rolling","General Surgery","Gastrointestinal Tract Surgery","Knapp, Gregory",,,,,"12","38","36","72"
"12month_rolling",,"Salivary Gland Surgery",,"IWK","IWK","2025","2",,,"185","262"
"12month_rolling",,"Hernia Repair - Laparoscopic Incisional",,"Zone 1","Valley Regional","2025","2","204","947","96","184"
"2025_q1",,"Kidney Stone Surgery",,"Zone 1","Valley Regional","2025","1",,,"31","78"
"12month_rolling",,"Hernia Repair - Inguinal/Femoral",,"Total","Provincial","2025","2","68","349","76","232"
"12month_rolling",,"Insertion Vascular Access Catheter",,"Zone 1","Yarmouth Regional","2025","2","5","19","12","44"
"2023_q4",,"Cystoscopy",,"Zone 1","Yarmouth Regional","2023","4","33","117","34","135"
"12month_rolling","General Surgery","All","Johnson, Kevin",,,,,"48","176","41","99"
"2024_q3",,"Hysterectomy  (Cancer Not Suspected)",,"Zone 4","Dartmouth General","2024","3","77","480","80","140"
"12month_rolling","Ophthalmology","Glaucoma (Eye Pressure Lowering Surgery)","Gao, Jennifer",,,,,,,"20","60"
"2023_q2",,"Prostatectomy",,"Zone 4","QE2","2023","2","27","55","129","191"
"2023_q3",,"Hysterectomy  (Cancer Not Suspected)",,"Zone 2","Colchester East Hants Health Centre","2023","3","98","546","96","240"
"2024_q2",,"Bone / Cartilage Graft",,"Total","Provincial","2024","2","148","280","211","363"
"12month_rolling",,"Tendon / Ligament Repair",,"Zone 1","Valley Regional","2025","2","89","493","71","202"
"2024_q3",,"Hernia Repair - Umbilical",,"Zone 1","South Shore Regional","2024","3","69","144","62","198"
"2024_q3",,"Shoulder Arthroscopy",,"Zone 2","Aberdeen Hospital","2024","3","29","176","110","285"
"2025_q2",,"Hip Replacement",,"Zone 4","QE2","2025","2","104","363","79","726"
"2025_q1",,"Brain Surgery  (Pediatric)",,"Total","Provincial","2025","1",,,"12","36"
"12month_rolling","General Surgery","Hernia Repair - Umbilical","Clark, F Donald",,,,,"120","206","46","91"
"2023_q4",,"Gastrointestinal Tract Surgery - Laparoscopic",,"Zone 3","St. Martha's Regional","2023","4","7","125",,
"12month_rolling","General Surgery","All","Sahi, Chakshu",,,,,"38","229","55","137"
"2023_q2",,"Knee Replacement",,"Zone 3","Cape Breton Regional","2023","2","120","281","96","415"
"2023_q3",,"Kidney Stone Surgery",,"Zone 2","Colchester East Hants Health Centre","2023","3","23","113","94","219"
"12month_rolling","Ophthalmology","Cataract Surgery","George, Stanley",,,,,"36","73","99","148"
"12month_rolling",,"Pilonidal Cyst Surgery",,"IWK","IWK","2025","2","91","125","33","76"
"12month_rolling",,"Cornea and External Disease",,"Total","Provincial","2025","2","72","236","131","344"
"2025_q2",,"Surgery for Hearing or Balance Problems of the Ear",,"Zone 3","St. Martha's Regional","2025","2",,,"36","64"
"12month_rolling","Cardiac Surgery","Cardiac Valve Replacement","Horne, David",,,,,,,"54","106"
"12month_rolling","Otolaryngology (ENT)","Functional Endoscopic Sinus Surgery (FESS)","Wasl, Hisham Ali",,,,,"64","111","382","499"
"2024_q1",,"Septoplasty",,"Zone 4","Hants Community Hospital","2024","1","63","350","52","191"
"2024_q3",,"Male Circumcision  (Pediatric)",,"IWK","IWK","2024","3",,,"212","899"
"12month_rolling","Neurosurgery","Brain Surgery  (Pediatric)","McNeely, P Daniel",,,,,"1","1","28","123"
"12month_rolling","Neurosurgery","Brain Surgery  (Adult)","Pickett, Gwynedd",,,,,"98","276","42","204"
"3month_rolling",,"Male Circumcision  (Adult)",,"Zone 4","QE2","2025","2","64","126","94","138"
"12month_rolling","General Surgery","Bowel Resection - Open","Butler, Clay K",,,,,"42","71","29","210"
"2024_q1",,"Ear Tubes  (Pediatric)",,"IWK","IWK","2024","1","100","291","103","218"
"12month_rolling","Obstetrics/Gynaecology","Pelvic Floor Repair","Clague, Nicholas Paul",,,,,"233","433","63","118"
"2024_q4",,"Nerve or Brain Stimulation",,"Total","Provincial","2024","4","32","92","29","37"
"2024_q4",,"Breast Cancer Surgery",,"Zone 1","South Shore Regional","2024","4","10","25","20","36"
"2024_q3",,"Esophagectomy / Esophageal Surgery",,"Total","Provincial","2024","3","21","107","50","83"
"12month_rolling","Obstetrics/Gynaecology","Pelvic Floor Repair","Marais, Colin",,,,,"189","693","184","252"
"12month_rolling","General Surgery","Pilonidal Cyst Surgery","Shih, Warren W",,,,,"58","111","269","328"
"2024_q4",,"Kidney Stone Surgery",,"Total","Provincial","2024","4","25","131","53","176"
"12month_rolling","General Surgery","All","Ellsmere, James C",,,,,"95","182","211","400"
"2023_q2",,"Shoulder Surgery",,"Zone 1","Valley Regional","2023","2","113","706","400","586"
"2023_q3",,"Hip Replacement Revision",,"Total","Provincial","2023","3","68","84","98","276"
"2024_q1",,"Prostate Surgery - Laparoscopic",,"Zone 4","QE2","2024","1","25","43","102","242"
"2025_q2",,"Nissen Fundoplication - Laparoscopic",,"Total","Provincial","2025","2","79","1015","115","783"
"2023_q3",,"Ear Tubes  (Pediatric)",,"IWK","IWK","2023","3","101","169","94","156"
"12month_rolling","Neurosurgery","Back Surgery  (Adult)","Weise, Lutz",,,,,"75","286","61","129"
"2024_q2",,"Male Circumcision  (Adult)",,"Zone 4","QE2","2024","2","71","538","122","164"
"12month_rolling","Cardiac Surgery","All","Herman, Christine",,,,,,,"54","118"
"12month_rolling","General Surgery","Hernia Repair - Inguinal/Femoral","Lamey, Alicia",,,,,"351","530","139","368"
"12month_rolling","Vascular Surgery","Gastrointestinal Tract Surgery - Laparoscopic","Heisler, Benjamin",,,,,"30","270","39","47"
"2024_q3",,"Hysterectomy  (Cancer Not Suspected)",,"Zone 2","Colchester East Hants Health Centre","2024","3","156","318","110","355"
"12month_rolling","General Surgery","Hernia Repair - Incisional","Hossain, Farisa",,,,,"17","19","152","226"
"2024_q1",,"Ear Tubes  (Pediatric)",,"Zone 3","Cape Breton Regional","2024","1","37","119","73","124"
"3month_rolling",,"Knee Replacement",,"Zone 2","Aberdeen Hospital","2025","2","178","281","114","342"
"2023_q2",,"Pancreas Surgery",,"Zone 4","QE2","2023","2","12","21","22","31"
"12month_rolling","General Surgery","Hernia Repair - Inguinal/Femoral","Kelly, Ryan Patrick",,,,,"381","1084","309","994"
"2024_q1",,"Surgery for Hearing or Balance Problems of the Ear",,"Zone 3","St. Martha's Regional","2024","1",,,"53","117"
"2023_q3",,"Hernia Repair  (Pediatric)",,"Total","Provincial","2023","3","97","228","119","361"
"2024_q1",,"Vitreoretinal Diseases",,"Total","Provincial","2024","1","27","132","24","104"
"2024_q4",,"Gastrointestinal Tract Surgery",,"Zone 4","Dartmouth General","2024","4","56","196","73","205"
"2023_q4",,"Pancreas Surgery",,"Zone 4","QE2","2023","4","15","21","30","69"
"12month_rolling","Plastic Surgery","Melanoma Excision","Hayden, David",,,,,"8","54","28","48"
"2025_q2",,"Colorectal Cancer Surgery",,"Zone 3","Cape Breton Regional","2025","2","18","146","13","46"
"3month_rolling",,"Hernia Repair  (Adult)",,"Total","Provincial","2025","2","80","465","77","217"
"2025_q2",,"Lung Cancer Surgery",,"Zone 4","QE2","2025","2","28","64","24","49"
"2023_q3",,"Hand / Upper Extremity",,"Zone 4","QE2","2023","3","280","528","212","699"
"2023_q2",,"Hernia Repair - Incisional",,"Zone 2","Colchester East Hants Health Centre","2023","2",,,"131","163"
"2024_q4",,"Hernia Repair - Laparoscopic Inguinal Femoral",,"Zone 4","Dartmouth General","2024","4","544","610","113","197"
"2025_q2",,"Hemorrhoidectomy",,"Zone 4","Dartmouth General","2025","2",,,"64","209"
"12month_rolling","General Surgery","Bowel Resection","Kavanagh, Rhys",,,,,"32","172","27","35"
"2023_q2",,"Shoulder Arthroscopy",,"Zone 1","Valley Regional","2023","2","63","133","350","451"
"2023_q3",,"Hysterectomy  (Cancer Not Suspected)",,"Zone 1","Yarmouth Regional","2023","3","49","69","62","90"
"2025_q1",,"Gastrointestinal Tract Surgery",,"Total","Provincial","2025","1","36","227","47","212"
"2023_q4",,"Cystoscopy",,"Zone 3","Northside General","2023","4",,,"33","128"
"2025_q2",,"Hysterectomy  (Cancer Not Suspected)",,"Zone 4","Dartmouth General","2025","2","55","402","85","247"
"12month_rolling","Obstetrics/Gynaecology","Hysterectomy  (Cancer Not Suspected)","Noel, Carolyn",,,,,"27","56","25","43"
"2024_q4",,"Lung Cancer Surgery",,"Zone 4","QE2","2024","4","22","55","23","65"
"2024_q2",,"Endometrial Ablation",,"Zone 2","Aberdeen Hospital","2024","2","262","320","57","181"
"2023_q3",,"Hysteroscopy",,"Zone 3","Cape Breton Regional","2023","3",,,"38","258"
"12month_rolling","Urology","Male Circumcision  (Adult)","Miller, M Dale",,,,,"145","186","64","315"
"2023_q2",,"Hysterectomy  (Cancer Not Suspected)",,"Zone 2","Colchester East Hants Health Centre","2023","2","228","362","201","640"
"12month_rolling","Otolaryngology (ENT)","Septoplasty","Massoud, Emad A",,,,,"35","55","155","230"
"2024_q3",,"Hip Replacement Revision",,"Zone 4","QE2","2024","3",,,"95","295"
"12month_rolling","Orthopaedic","Cervical Spine (Neck) Surgery","Oxner, William",,,,,"101","389","44","78"
"2023_q2",,"Kidney Removal",,"Zone 4","QE2","2023","2","19","28","67","137"
"12month_rolling","Urology","Kidney Removal","Rent, Kenneth",,,,,"4","32","26","35"
"12month_rolling",,"Hysteroscopy",,"Zone 3","St. Martha's Regional","2025","2","33","397","53","134"
"12month_rolling","Neurosurgery","Cervical Spine (Neck) Surgery","Christie, Sean D",,,,,"110","1208","57","225"
"12month_rolling",,"Tendon / Ligament Repair",,"Zone 2","Aberdeen Hospital","2025","2","32","131","111","218"
"2025_q2",,"Carpal Tunnel Surgery",,"Zone 1","South Shore Regional","2025","2","101","465","79","234"
"2025_q1",,"Surgery for Hearing or Balance Problems of the Ear",,"Zone 3","St. Martha's Regional","2025","1",,,"81","137"
"12month_rolling","Oral Maxillofacial","Dental Extractions and Restorations  (Pediatric)","Bourque, Susan",,,,,"144","544","84","216"
"2024_q4",,"Spinal Cord Stimulation Surgery",,"Total","Provincial","2024","4",,,"63","261"
"12month_rolling","Ophthalmology","Vitreoretinal Diseases","O'Brien, Daniel Michael",,,,,"77","392","27","94"
"2024_q2",,"Carpal Tunnel Surgery",,"Zone 4","Dartmouth General","2024","2",,,"19","103"
"12month_rolling","Orthopaedic","All","Glazebrook, Mark A",,,,,"462","1174","108","212"
"12month_rolling","Urology","Kidney Stone Surgery","Moore, Jonathan Peter",,,,,"48","125","51","93"
"2024_q1",,"Hernia Repair - Inguinal/Femoral",,"Zone 1","South Shore Regional","2024","1","26","59","49","118"
"12month_rolling",,"Hernia Repair - Umbilical",,"Zone 4","Dartmouth General","2025","2","85","433","124","286"
"2024_q4",,"Vitreoretinal Diseases",,"Zone 4","QE2","2024","4","31","208","22","96"
"12month_rolling","General Surgery","Breast Cancer Surgery","Wasserman, Lukas",,,,,"22","56","27","55"
"2023_q2",,"Hysterectomy  (Cancer Suspected or Proven)",,"Total","Provincial","2023","2","18","152","43","72"
"12month_rolling","Obstetrics/Gynaecology","Removal of Ovaries and/or Fallopian Tubes  (Cancer Not Suspected)","Oniah, Mojisola",,,,,"45","71","71","95"
"2024_q3",,"Gastrointestinal Tract Surgery",,"IWK","IWK","2024","3",,,"46","53"
"12month_rolling",,"AV Fistula Creation/Closure",,"Zone 1","Valley Regional","2025","2","21","91","46","99"
"2024_q2",,"Bladder Cancer Surgery",,"Zone 3","Cape Breton Regional","2024","2","17","166","41","175"
"2023_q3",,"Male Reproductive System Surgery",,"Zone 1","Valley Regional","2023","3",,,"160","1298"
"2024_q1",,"Gastrointestinal Tract Surgery - Laparoscopic",,"Zone 3","Cape Breton Regional","2024","1","18","63","23","69"
"2023_q3",,"Surgery for Hearing or Balance Problems of the Ear",,"Zone 1","Valley Regional","2023","3","74","168","59","120"
"2024_q2",,"Gallbladder Surgery",,"Zone 1","South Shore Regional","2024","2","33","54","22","79"
"2023_q3",,"Pacemaker Insertion",,"Zone 2","Aberdeen Hospital","2023","3",,,"44","65"
"2024_q2",,"Hysterectomy  (Cancer Not Suspected)",,"Zone 2","Colchester East Hants Health Centre","2024","2","98","353","108","358"
"12month_rolling","Obstetrics/Gynaecology","Pelvic Floor Repair","Amir, Baharak",,,,,"37","37","195","447"
"2025_q2",,"Hysteroscopy",,"Total","Provincial","2025","2","41","210","42","119"
"2024_q3",,"Gastrointestinal Tract Surgery",,"Zone 1","Valley Regional","2024","3","19","399","43","79"
"2023_q4",,"Bariatric Surgery (for Weight Loss)",,"Zone 4","QE2","2023","4","90","306","282","432"
"12month_rolling","Dental","All","Shaw, Evan",,,,,"121","659","226","784"
"2024_q3",,"Removal of Ovaries and/or Fallopian Tubes  (Cancer Not Suspected)",,"Zone 4","Dartmouth General","2024","3","88","272","100","170"
"12month_rolling","Ophthalmology","Cataract Surgery","Mayer, Kristine L",,,,,"145","196","49","96"
"2024_q1",,"Hysterectomy  (Cancer Not Suspected)",,"Zone 3","St. Martha's Regional","2024","1","304","1101","112","217"
"12month_rolling",,"Gastrointestinal Tract Surgery - Laparoscopic",,"Zone 1","Yarmouth Regional","2025","2","21","175","28","63"
"2023_q4",,"Male Reproductive System Surgery",,"Zone 4","Hants Community Hospital","2023","4","235","392","105","388"
"12month_rolling","Vascular Surgery",,,,,"2025","2",,,"29","104"
"12month_rolling","Orthopaedic","Shoulder Arthroscopy","Coady, Catherine M",,,,,"113","225","198","231"
"2024_q2",,"Hysterectomy  (Cancer Not Suspected)",,"Zone 1","Yarmouth Regional","2024","2","66","169","135","148"
"2024_q4",,"Thyroid or Parathyroid Surgery",,"Zone 2","Cumberland Regional","2024","4","49","143","81","112"
"2024_q4",,"Hernia Repair  (Pediatric)",,"IWK","IWK","2024","4","64","153","71","204"
"2024_q1",,"Gastrointestinal Tract Surgery - Laparoscopic",,"Zone 4","Dartmouth General","2024","1","9","23","26","48"
"2023_q4",,"Hernia Repair - Laparoscopic Umbilical",,"Total","Provincial","2023","4","55","500","80","280"
"2024_q1",,"Craniotomy or Craniectomy",,"Total","Provincial","2024","1",,,"52","183"
"2024_q3",,"Pelvic Floor Repair",,"Total","Provincial","2024","3","207","690","112","342"
"12month_rolling","General Surgery","Hernia Repair - Umbilical","Watson-Jessome, Jane",,,,,"186","283","73","159"
"2024_q1",,"Melanoma Excision",,"Total","Provincial","2024","1","23","132","23","48"
"12month_rolling","Plastic Surgery","Palmar Fascia Excision for Dupuytren's Disease","Singh, Ashvir",,,,,"113","461","157","304"
"2024_q2",,"Kidney Stone Surgery",,"Zone 3","Cape Breton Regional","2024","2",,,"50","170"
"12month_rolling","Orthopaedic","Patella Surgery","Urquhart, Nathan Alexander",,,,,"80","193","78","146"
"12month_rolling","Urology","Prostate Surgery","Himmelman, Jeffrey George",,,,,,,"153","669"
"2023_q2",,"Kidney Stone Surgery",,"Zone 4","Dartmouth General","2023","2","35","121",,
"2025_q2",,"Hysterectomy  (Cancer Not Suspected)",,"Zone 2","Colchester East Hants Health Centre","2025","2","67","504","56","96"
"12month_rolling",,"Tendon / Ligament Repair",,"Zone 3","St. Martha's Regional","2025","2","24","111","87","255"
"2023_q2",,"Spinal Cord Stimulation Surgery",,"Zone 4","QE2","2023","2",,,"109","191"
"12month_rolling",,"Prostate Surgery",,"Zone 3","Cape Breton Regional","2025","2","28","108","55","266"
"2024_q2",,"Video-Assisted Thoracic Surgery",,"Zone 4","QE2","2024","2","25","65","30","62"
"12month_rolling","Orthopaedic","Tendon / Ligament Repair","Ferguson, Devin",,,,,"164","253","94","291"
"3month_rolling",,"Lung Cancer Surgery",,"Zone 4","QE2","2025","2","28","64","24","49"
"2023_q2",,"Kidney Stone Surgery",,"Zone 1","Valley Regional","2023","2",,,"41","98"
"2023_q4",,"Palmar Fascia Excision for Dupuytren's Disease",,"Zone 4","QE2","2023","4","265","736","67","152"
"12month_rolling","Urology","Male Circumcision  (Adult)","Mason, Ross",,,,,"127","164","150","201"
"12month_rolling","Neurosurgery","All","Pickett, Gwynedd",,,,,"82","265","37","230"
"12month_rolling","General Surgery","All","McGibney, Kieron",,,,,"48","126","61","138"
"12month_rolling","Otolaryngology (ENT)","Ear Tubes  (Adult)","Brodarec, Ivan",,,,,"142","905","38","110"
"2023_q3",,"Prostate Surgery",,"Zone 4","Dartmouth General","2023","3","70","170","218","384"
"12month_rolling","General Surgery","Gallbladder Surgery","Faryniuk, Andrea Marie",,,,,"35","139","32","67"
"12month_rolling","General Surgery","Hemorrhoidectomy","Butler, Clay K",,,,,,,"64","407"
"12month_rolling","Urology","Male Reproductive System Surgery","MacLellan, Dawn",,,,,"140","907","104","501"
"2023_q4",,"Surgery for Hearing or Balance Problems of the Ear",,"Zone 3","Cape Breton Regional","2023","4","35","89","133","227"
"2023_q2",,"Brain Surgery  (Pediatric)",,"Total","Provincial","2023","2",,,"47","135"
"12month_rolling",,"Gastrointestinal Tract Surgery",,"Total","Provincial","2025","2","36","221","43","164"
"2023_q3",,"Functional Endoscopic Sinus Surgery (FESS)",,"Zone 3","Cape Breton Regional","2023","3","44","127",,
"3month_rolling",,"Hemorrhoidectomy",,"Zone 4","QE2","2025","2","189","357",,
"12month_rolling","Plastic Surgery","Hand / Upper Extremity","Williams, Jason G",,,,,,,"77","150"
"2023_q3",,"Knee Scope",,"Zone 4","Hants Community Hospital","2023","3","76","126","57","85"
"3month_rolling",,"Melanoma Excision",,"Zone 1","South Shore Regional","2025","2","37","51","28","47"
"2023_q2",,"Hysterectomy  (Cancer Not Suspected)",,"Zone 1","Valley Regional","2023","2","203","684","357","761"
"2024_q1",,"Hemorrhoidectomy",,"Total","Provincial","2024","1","92","267","77","422"
"12month_rolling","General Surgery","Hernia Repair  (Adult)","Hoogerboord, C Marius",,,,,"470","610","106","213"
"3month_rolling",,"Hernia Repair - Incisional",,"Zone 1","Valley Regional","2025","2","50","224","93","349"
"12month_rolling","Urology","Kidney Stone Surgery","Kokorovic, Andrea",,,,,"73","89","77","132"
"2024_q2",,"Ear Tubes  (Pediatric)",,"Total","Provincial","2024","2","55","211","70","187"
"12month_rolling","Orthopaedic","Tendon / Ligament Repair","Hewins, Edward",,,,,"56","246","135","202"
"2024_q3",,"Hand / Upper Extremity",,"Zone 4","QE2","2024","3","219","1497","96","707"
"2024_q1",,"Hysterectomy  (Cancer Not Suspected)",,"Zone 2","Colchester East Hants Health Centre","2024","1","65","206","95","219"
"2023_q2",,"Hysteroscopy",,"IWK","IWK","2023","2","56","258","49","111"
"2024_q3",,"Insertion Vascular Access Catheter",,"IWK","IWK","2024","3",,,"27","161"
"2024_q2",,"Breast Reconstruction",,"Total","Provincial","2024","2","84","307","109","336"
"3month_rolling",,"Hernia Repair - Incisional",,"Zone 1","South Shore Regional","2025","2",,,"52","130"
"2023_q2",,"Breast Cancer Surgery",,"Zone 1","South Shore Regional","2023","2","13","40","22","62"
"12month_rolling","General Surgery","Hernia Repair - Inguinal/Femoral","Hossain, Farisa",,,,,"47","413","114","244"
"2025_q2",,"Prostatectomy",,"Total","Provincial","2025","2","29","70","69","168"
"12month_rolling",,"Gastrointestinal Tract Surgery",,"Zone 4","Dartmouth General","2025","2","55","370","46","209"
"2025_q2",,"Strabismus Surgery  (Pediatric)",,"Total","Provincial","2025","2",,,"83","360"
"2024_q1",,"Bladder Cancer Surgery",,"Zone 2","Colchester East Hants Health Centre","2024","1","17","67","42","55"
"2023_q3",,"Dental Extractions and Restorations  (Adult)",,"Zone 4","Dartmouth General","2023","3",,,"126","337"
"12month_rolling","General Surgery","Gallbladder Surgery","Stoddart, Todd",,,,,"23","32","27","76"
"2023_q4",,"Palmar Fascia Excision for Dupuytren's Disease",,"Total","Provincial","2023","4","163","736","87","230"
"2025_q1",,"Hysterectomy  (Cancer Not Suspected)",,"Zone 1","Yarmouth Regional","2025","1","52","59","21","41"
"12month_rolling","Urology","Kidney Removal","McGregor, Thomas",,,,,"27","84","50","97"
"2024_q3",,"AV Fistula Creation/Closure",,"Zone 4","QE2","2024","3",,,"16","38"
"2024_q1",,"Nissen Fundoplication - Laparoscopic",,"Zone 4","QE2","2024","1","71","475","196","492"
"2025_q1",,"Bowel Resection - Laparoscopic",,"Total","Provincial","2025","1","22","168","34","124"
"2024_q4",,"Prostatectomy",,"Total","Provincial","2024","4","35","153","113","179"
"2025_q1",,"Prostate Cancer Surgery",,"Zone 4","QE2","2025","1","23","68","99","161"
"2024_q4",,"Surgery for Hearing or Balance Problems of the Ear",,"Total","Provincial","2024","4","65","358","91","246"
"12month_rolling","Urology","Bladder Cancer Surgery","Morris, Heather",,,,,"19","62","38","62"
"2023_q3",,"Carpal Tunnel Surgery",,"Zone 2","Aberdeen Hospital","2023","3","52","410","50","185"
"12month_rolling","Vascular Surgery","All","Jessula, Samuel",,,,,"28","96","30","71"
"3month_rolling",,"Hernia Repair  (Adult)",,"Zone 4","QE2","2025","2","349","475","79","162"
"2023_q3",,"Gallbladder Surgery",,"Zone 3","Cape Breton Regional","2023","3","89","284","59","223"
"2024_q3",,"Temperomandibular Joint Surgery (TMJ)",,"Zone 4","QE2","2024","3","156","716","91","478"
"2024_q1",,"Laryngology and Vocal Cord Surgery",,"Zone 4","QE2","2024","1","49","86","57","226"
"2025_q2",,"Bariatric Surgery (for Weight Loss)",,"Total","Provincial","2025","2","97","254","197","701"
"2024_q1",,"Knee Replacement",,"Zone 3","Cape Breton Regional","2024","1","165","250","85","188"
"2024_q3",,"Dental Extractions and Restorations  (Pediatric)",,"IWK","IWK","2024","3","85","544","144","772"
"2023_q4",,"Vascular Bypass Surgery",,"Total","Provincial","2023","4",,,"39","94"
"12month_rolling","General Surgery","Gallbladder Surgery","Lapierre, Stephanie",,,,,"79","715","32","205"
"2025_q1",,"Hysterectomy  (Cancer Not Suspected)",,"Zone 2","Colchester East Hants Health Centre","2025","1","167","583","92","369"
"2025_q2",,"Hernia Repair - Umbilical",,"Zone 2","Colchester East Hants Health Centre","2025","2","17","344","160","278"
"12month_rolling","General Surgery","Gastric Surgery","Mills, Jessica Louise",,,,,"62","118","40","106"
"2024_q2",,"Bowel Resection",,"Zone 2","Aberdeen Hospital","2024","2",,,"50","57"
"12month_rolling","Urology","Kidney Removal","Puthenparumpil, Jacob",,,,,"16","17","61","68"
"2024_q3",,"Kidney Stone Surgery",,"Total","Provincial","2024","3","21","117","51","189"
"2024_q4",,"Cataract Surgery",,"Zone 1","South Shore Regional","2024","4","144","196","220","442"
"2025_q2",,"Cornea and External Disease",,"Total","Provincial","2025","2","127","241","132","344"
"12month_rolling","Otolaryngology (ENT)","Thyroid or Parathyroid Surgery","Trites, Jonathan R",,,,,"82","321","68","358"
"2024_q1",,"Male Circumcision  (Adult)",,"Zone 4","QE2","2024","1","28","249","90","163"
"2024_q3",,"Pelvic Floor Repair",,"Zone 2","Colchester East Hants Health Centre","2024","3","257","505",,
"12month_rolling",,"Laryngology and Vocal Cord Surgery",,"Zone 1","Valley Regional","2025","2","31","311","42","91"
"12month_rolling","Dental","Dental Extractions and Restorations  (Pediatric)","Shaw, Evan",,,,,"121","659","212","724"
"12month_rolling","Obstetrics/Gynaecology","Female Incontinence Surgery","Amir, Baharak",,,,,,,"167","419"
"2025_q1",,"Thoroscopy / Pleuroscopy",,"Total","Provincial","2025","1",,,"13","16"
"12month_rolling","Urology","Cystoscopy","Ory, Jesse",,,,,"43","255","154","279"
"2024_q4",,"Hernia Repair  (Adult)",,"Total","Provincial","2024","4","78","548","99","297"
"12month_rolling",,"Gastrointestinal Tract Surgery - Laparoscopic",,"Zone 1","South Shore Regional","2025","2","30","409","28","61"
"12month_rolling","Oral Maxillofacial","Temperomandibular Joint Surgery (TMJ)","Davis, Benjamin",,,,,"242","643","76","250"
"2024_q1",,"Orthopaedic Trauma",,"Zone 4","QE2","2024","1",,,"55","145"
"2023_q4",,"Back Surgery  (Adult)",,"Total","Provincial","2023","4","82","448","137","252"
"2025_q2",,"Removal of Ovaries and/or Fallopian Tubes  (Cancer Not Suspected)",,"Zone 3","St. Martha's Regional","2025","2","114","254",,
"2023_q2",,"Spinal Cord Stimulation Surgery",,"Total","Provincial","2023","2",,,"109","191"
"12month_rolling","Obstetrics/Gynaecology","Hysterectomy  (Cancer Not Suspected)","Vermeer, Julie",,,,,"116","366","107","215"
"12month_rolling","General Surgery","Hernia Repair - Umbilical","Shih, Warren W",,,,,"74","99","153","288"
"12month_rolling","Urology","Male Reproductive System Surgery","Duplisea, Jonathan",,,,,"192","364","97","203"
"2023_q4",,"Prostate Surgery",,"Total","Provincial","2023","4","33","147","97","364"
"12month_rolling","General Surgery","Gallbladder Surgery","McGibney, Kieron",,,,,"51","164","61","110"
"2024_q2",,"Hernia Repair  (Pediatric)",,"Total","Provincial","2024","2","92","614","150","334"
"12month_rolling","General Surgery","Bowel Resection","Kenyon, Chris",,,,,"38","100","51","552"
"2024_q3",,"Cataract Surgery",,"Zone 1","Yarmouth Regional","2024","3","335","486","103","121"
"12month_rolling","General Surgery","Bowel Resection","Murphy, Christopher",,,,,"21","55","29","69"
"2024_q3",,"Septoplasty",,"Zone 1","Valley Regional","2024","3","506","774","171","244"
"2024_q1",,"Shoulder Arthroscopy",,"Zone 1","Valley Regional","2024","1","106","761","195","258"
"12month_rolling","Ophthalmology","Glaucoma (Eye Pressure Lowering Surgery)","Rafuse, Paul E",,,,,"40","65","36","76"
"12month_rolling","General Surgery","Hernia Repair - Umbilical","Nader, Nabil",,,,,"79","107","100","110"
"2024_q4",,"Male Reproductive System Surgery",,"Zone 4","QE2","2024","4","105","254","164","367"
"12month_rolling","Obstetrics/Gynaecology",,,,,"2025","2",,,"61","261"
"12month_rolling","General Surgery","Hemorrhoidectomy","Johnson, Paul M",,,,,"327","551","282","411"
"12month_rolling","General Surgery","Hemorrhoidectomy","Wasilewski, Leszek J",,,,,,,"67","147"
"2025_q2",,"Male Reproductive System Surgery",,"Zone 4","Dartmouth General","2025","2","153","349","78","173"
"12month_rolling","General Surgery","All","Clark, F Donald",,,,,"69","137","44","93"
"2024_q4",,"Hysteroscopy",,"Zone 2","Aberdeen Hospital","2024","4","44","161","45","129"
"12month_rolling","Ophthalmology","Cataract Surgery","Oladiwura, Dilys",,,,,"182","942","95","236"
"12month_rolling",,"Meniscectomy",,"Zone 4","Dartmouth General","2025","2",,,"78","146"
"2024_q3",,"Bladder Cancer Surgery",,"Zone 1","South Shore Regional","2024","3",,,"31","58"
"2023_q2",,"Gastrointestinal Tract Surgery",,"IWK","IWK","2023","2",,,"101","328"
"12month_rolling",,"Insertion Vascular Access Catheter",,"Zone 1","South Shore Regional","2025","2","8","18","6","20"
"2023_q3",,"Hysterectomy  (Cancer Not Suspected)",,"IWK","IWK","2023","3","281","631","157","262"
"2024_q3",,"Hysterectomy  (Cancer Not Suspected)",,"Total","Provincial","2024","3","94","546","112","391"
"3month_rolling",,"Prostatectomy",,"Total","Provincial","2025","2","29","70","69","168"
"12month_rolling","Ophthalmology","All","de Saint Sardos, Alexandre Guy William",,,,,"140","193","73","145"
"12month_rolling","General Surgery","All","Giacomantonio, Carman Anthony",,,,,"20","105","41","155"
"2023_q2",,"Gastrointestinal Tract Surgery",,"Zone 2","Aberdeen Hospital","2023","2",,,"29","53"
"12month_rolling","Otolaryngology (ENT)","Laryngology and Vocal Cord Surgery","Taylor, S. Mark",,,,,"14","22","34","44"
"2024_q2",,"Male Circumcision  (Adult)",,"Zone 1","Valley Regional","2024","2",,,"118","766"
"12month_rolling",,"Nissen Fundoplication - Open",,"Zone 4","QE2","2025","2","46","76","28","40"
"2024_q2",,"Dental Extractions and Restorations  (Pediatric)",,"Zone 1","South Shore Regional","2024","2",,,"54","95"
"12month_rolling","Otolaryngology (ENT)","Septoplasty","Wasl, Hisham Ali",,,,,"72","133","376","464"
"12month_rolling",,"Adrenal Surgery",,"Total","Provincial","2025","2","15","35","63","136"
"2025_q1",,"Hemorrhoidectomy",,"Total","Provincial","2025","1","86","375","110","342"
"12month_rolling",,"Bladder Surgery",,"Zone 3","Cape Breton Regional","2025","2","12","71","56","99"
"12month_rolling",,"Bowel Resection - Laparoscopic",,"Total","Provincial","2025","2","24","172","33","108"
"2025_q1",,"Endarterectomy",,"Total","Provincial","2025","1",,,"22","64"
"12month_rolling","Urology","All","Ory, Jesse",,,,,"103","458","168","390"
"2025_q2",,"Shoulder Surgery",,"Zone 1","Valley Regional","2025","2","127","235","252","293"
"12month_rolling","Orthopaedic","Shoulder Surgery","Hewins, Edward",,,,,"147","476","192","271"
"2024_q3",,"Hernia Repair  (Adult)",,"Zone 3","St. Martha's Regional","2024","3","52","106","244","377"
"2024_q3",,"Endarterectomy",,"Total","Provincial","2024","3",,,"34","60"
"12month_rolling",,"Surgery for Hearing or Balance Problems of the Ear",,"Zone 1","South Shore Regional","2025","2","101","362","36","118"
"2024_q4",,"Dental Extractions and Restorations  (Pediatric)",,"Zone 3","St. Martha's Regional","2024","4","210","329","140","401"
"3month_rolling",,"Pelvic Floor Repair",,"Total","Provincial","2025","2","163","603","177","479"
"12month_rolling","Otolaryngology (ENT)","Tonsillectomy and/or Adenoidectomy  (Adult)","Fowler, James",,,,,"36","84","44","100"
"2024_q4",,"Cystoscopy",,"Zone 4","Dartmouth General","2024","4","47","136","75","223"
"12month_rolling","Otolaryngology (ENT)","Surgery for Hearing or Balance Problems of the Ear","Fowler, James",,,,,"17","41","25","47"
"2024_q1",,"Osteotomy",,"Total","Provincial","2024","1","65","88","81","232"
"2024_q2",,"Pelvic Floor Repair",,"Total","Provincial","2024","2","145","548","173","399"
"2025_q1",,"Kidney Stone Surgery",,"Zone 2","Colchester East Hants Health Centre","2025","1","15","118","55","212"
"2023_q4",,"Cystoscopy",,"Zone 1","South Shore Regional","2023","4","12","609","29","86"
"2024_q3",,"Osteotomy",,"Total","Provincial","2024","3","100","635","142","239"
"2023_q3",,"Orthopaedic Trauma",,"IWK","IWK","2023","3",,,"3","256"
"3month_rolling",,"Palmar Fascia Excision for Dupuytren's Disease",,"Zone 1","South Shore Regional","2025","2","190","526","41","180"
"12month_rolling","General Surgery","Hernia Repair - Incisional","Archibald, Alison",,,,,"129","448","112","541"
"12month_rolling","General Surgery","Bowel Resection","Kelly, Ryan Patrick",,,,,"31","221","52","136"
"2023_q3",,"Cataract Surgery",,"Zone 3","St. Martha's Regional","2023","3","104","238","71","172"
"2023_q4",,"Hernia Repair  (Pediatric)",,"IWK","IWK","2023","4",,,"102","303"
"2024_q4",,"Gastrointestinal Tract Surgery",,"Zone 4","QE2","2024","4","47","175","48","379"
"2024_q3",,"Hernia Repair - Inguinal/Femoral",,"IWK","IWK","2024","3",,,"95","223"
"12month_rolling","Orthopaedic","Hip Replacement","Hurley, Richard",,,,,"190","421","85","159"
"2024_q1",,"Spinal Cord Stimulation Surgery",,"Zone 4","QE2","2024","1",,,"120","216"
"2023_q3",,"Cervical Spine (Neck) Surgery",,"Total","Provincial","2023","3","52","114","48","220"
"2025_q1",,"Video-Assisted Thoracic Surgery",,"Zone 4","QE2","2025","1","26","70","29","58"
"12month_rolling","General Surgery","All","MacDonald, Blair",,,,,"54","224","52","119"
"2023_q3",,"Hernia Repair - Laparoscopic Inguinal Femoral",,"Zone 4","Dartmouth General","2023","3","104","468","114","214"
"12month_rolling","Orthopaedic","Shoulder Arthroscopy","Rayes, Johnny",,,,,"79","145","104","179"
"2023_q4",,"Maxillofacial Deformity Surgery",,"Zone 4","QE2","2023","4","311","544","226","333"
"12month_rolling","General Surgery","Colorectal Cancer Surgery","Hossain, Farisa",,,,,"14","92","23","27"
"2023_q4",,"Colorectal Cancer Surgery",,"Zone 1","South Shore Regional","2023","4",,,"20","32"
"12month_rolling","Thoracic Surgery","All","Mujoomdar, Aneil Arvind",,,,,"22","63","30","76"
"2024_q1",,"Prostate Surgery",,"Zone 4","QE2","2024","1","30","106","110","314"
"2023_q3",,"Thyroid or Parathyroid Surgery",,"Total","Provincial","2023","3","49","133","64","240"
"2024_q1",,"Kidney Stone Surgery",,"Zone 1","Valley Regional","2024","1",,,"47","113"
"12month_rolling","Cardiac Surgery","Coronary Artery Bypass Graft","Tremblay, Louis Philippe",,,,,,,"41","97"
"12month_rolling","General Surgery","Hernia Repair  (Adult)","Shih, Warren W",,,,,"73","97","155","335"
"12month_rolling","General Surgery","Hernia Repair - Inguinal/Femoral","Poushay, Heather",,,,,"219","656","87","344"
"2024_q1",,"Hernia Repair  (Adult)",,"Zone 1","Valley Regional","2024","1","32","393","63","219"
"2024_q3",,"Prostate Surgery",,"Zone 4","QE2","2024","3","31","92","104","235"
"2024_q3",,"Cystoscopy",,"Zone 2","Colchester East Hants Health Centre","2024","3","34","141","43","185"
"2024_q3",,"Prostate Surgery",,"Zone 1","Yarmouth Regional","2024","3",,,"96","364"
"2024_q4",,"Prostate Surgery",,"Total","Provincial","2024","4","44","173","83","232"
"12month_rolling","Ophthalmology","Strabismus Surgery  (Adult)","Promelle, Veronique",,,,,"309","961","102","532"
"12month_rolling","General Surgery","Gallbladder Surgery","Clark, F Donald",,,,,"64","110","52","102"
"2024_q4",,"Gastrointestinal Tract Surgery - Laparoscopic",,"Zone 4","QE2","2024","4","24","64","35","303"
"2024_q1",,"Brain Surgery  (Pediatric)",,"Total","Provincial","2024","1",,,"80","116"
"2024_q3",,"Gallbladder Surgery",,"Zone 4","Dartmouth General","2024","3","70","159","114","216"
"2023_q2",,"Gastrointestinal Tract Surgery",,"Zone 4","QE2","2023","2","31","120","49","326"
"12month_rolling","General Surgery","Gastric Surgery","Davies, Dafydd Alexander",,,,,"27","84","32","127"
"2023_q2",,"AV Fistula Creation/Closure",,"Zone 4","QE2","2023","2",,,"13","87"
"12month_rolling","Obstetrics/Gynaecology","All","Osasere, Michael",,,,,"28","92","79","335"
"2023_q3",,"Female Incontinence Surgery",,"Total","Provincial","2023","3","153","664","158","412"
"12month_rolling","General Surgery","Colorectal Cancer Surgery","Helyer, Lucy K",,,,,"14","113","24","40"
"2024_q4",,"Colorectal Cancer Surgery",,"Zone 1","Valley Regional","2024","4","30","66","44","93"
"12month_rolling","Obstetrics/Gynaecology","Removal of Ovaries and/or Fallopian Tubes  (Cancer Not Suspected)","Zee, Rebekah",,,,,"117","401","55","77"
"3month_rolling",,"Carpal Tunnel Surgery",,"Total","Provincial","2025","2","101","398","61","234"
"12month_rolling","General Surgery","Hernia Repair - Inguinal/Femoral","Knapp, Gregory",,,,,"80","142","71","275"
"2024_q4",,"Hernia Repair  (Adult)",,"Zone 2","Aberdeen Hospital","2024","4","74","425","82","131"
"2024_q1",,"Bladder Surgery",,"Zone 4","QE2","2024","1","21","119","53","141"
"2025_q2",,"Insertion Vascular Access Catheter",,"IWK","IWK","2025","2",,,"13","61"
"2024_q1",,"Hernia Repair - Incisional",,"Zone 1","Valley Regional","2024","1","28","50","84","175"
"12month_rolling","Vascular Surgery","Vascular Bypass Surgery","Casey, Patrick J",,,,,"8","22","11","79"
"2023_q2",,"Hysterectomy  (Cancer Not Suspected)",,"Zone 3","Cape Breton Regional","2023","2","46","153","155","630"
"12month_rolling",,"Hernia Repair - Laparoscopic Ventral",,"Zone 1","Valley Regional","2025","2","85","893","69","98"
"2023_q3",,"Nose Surgery - Reconstructive or Aesthetic",,"Zone 4","QE2","2023","3","89","186","36","210"
"12month_rolling",,"Knee Replacement - Partial",,"Total","Provincial","2025","2","271","469","100","360"
"2023_q4",,"Nerve or Brain Stimulation",,"Total","Provincial","2023","4","20","210","33","78"
"2024_q3",,"Bladder Surgery",,"Zone 4","QE2","2024","3","19","64","47","82"
"2025_q2",,"Liver Surgery",,"Total","Provincial","2025","2","12","23","44","57"
"12month_rolling","General Surgery","Breast Cancer Surgery","Yaffe, Paul",,,,,"13","22","37","50"
"12month_rolling","General Surgery","Hernia Repair - Incisional","Lapierre, Stephanie",,,,,"161","325","66","90"
"3month_rolling","Cardiac Surgery",,,,,"2025","2",,,"48","85"
"12month_rolling","General Surgery","Breast Cancer Surgery","de Boer, Krista",,,,,"9","23","23","41"
"2023_q2",,"Gastrointestinal Tract Surgery",,"Zone 3","Cape Breton Regional","2023","2","21","78","48","135"
"2024_q3",,"Palmar Fascia Excision for Dupuytren's Disease",,"Zone 3","St. Martha's Regional","2024","3","57","73",,
"12month_rolling","Urology","Prostatectomy","Kokorovic, Andrea",,,,,"41","173","104","181"
"2024_q4",,"Liver Surgery",,"Total","Provincial","2024","4","12","23","38","93"
"2024_q3",,"Ear Tubes  (Pediatric)",,"Zone 3","St. Martha's Regional","2024","3","53","201","32","48"
"3month_rolling",,"Kidney Stone Surgery",,"Total","Provincial","2025","2","33","129","35","135"
"12month_rolling","Orthopaedic","Patella Surgery","Coady, Catherine M",,,,,,,"180","353"
"12month_rolling","Plastic Surgery","Nose Surgery - Reconstructive or Aesthetic","Simpson, Andrew",,,,,"14","32","23","35"
"2025_q2",,"Gastrointestinal Tract Surgery - Laparoscopic",,"Zone 2","Cumberland Regional","2025","2",,,"26","36"
"2023_q2",,"Removal of Ovaries and/or Fallopian Tubes  (Cancer Not Suspected)",,"Zone 4","Dartmouth General","2023","2","63","205","71","136"
"3month_rolling",,"Cataract Surgery",,"Zone 1","Yarmouth Regional","2025","2","278","339","35","57"
"2025_q1",,"Breast Cancer Surgery",,"Zone 3","St. Martha's Regional","2025","1","13","34","29","48"
"2024_q3",,"Hysterectomy  (Cancer Suspected or Proven)",,"Zone 4","QE2","2024","3","14","32","34","72"
"2023_q3",,"Shoulder Arthroplasty",,"Zone 1","Valley Regional","2023","3","86","599","212","338"
"3month_rolling",,"Aneurysm Repair",,"Zone 4","QE2","2025","2","54","255","50","100"
"12month_rolling","Orthopaedic","Hip Replacement","Dodd, Faith",,,,,"115","155","69","149"
"2023_q3",,"Hernia Repair  (Adult)",,"Total","Provincial","2023","3","71","405","67","287"
"2024_q3",,"Hernia Repair  (Adult)",,"Zone 1","Yarmouth Regional","2024","3","63","117","82","120"
"2024_q3",,"Tonsillectomy and/or Adenoidectomy  (Pediatric)",,"Zone 1","South Shore Regional","2024","3","316","412","44","193"
"2024_q1",,"Prostate Cancer Surgery",,"Zone 4","QE2","2024","1","24","41","98","240"
"12month_rolling","General Surgery","Colorectal Cancer Surgery","Lamey, Alicia",,,,,"16","36","22","46"
"2024_q2",,"Kidney Stone Surgery",,"Total","Provincial","2024","2","34","146","51","134"
"2023_q3",,"Surgery for Hearing or Balance Problems of the Ear",,"Zone 3","Cape Breton Regional","2023","3","48","75","93","192"
"2024_q3",,"Hernia Repair - Laparoscopic Incisional",,"Total","Provincial","2024","3","176","736","94","147"
"12month_rolling","Ophthalmology","All","Chan, Wesley",,,,,,,"38","101"
"12month_rolling","Orthopaedic","All","Urquhart, Nathan Alexander",,,,,"77","274","90","251"
"2024_q4",,"Knee Replacement Revision",,"Total","Provincial","2024","4","77","364","80","474"
"12month_rolling","Neurosurgery","Craniotomy or Craniectomy","Walling, Simon",,,,,,,"58","91"
"2023_q4",,"Bowel Resection - Laparoscopic",,"Zone 4","Dartmouth General","2023","4","15","104","24","45"
"12month_rolling","General Surgery","Gastrointestinal Tract Surgery - Laparoscopic","Nader, Nabil",,,,,"11","20","20","41"
"2025_q1",,"Breast Cancer Surgery",,"Zone 3","Cape Breton Regional","2025","1","8","21","16","39"
"2023_q4",,"Coronary Artery Bypass Graft",,"Total","Provincial","2023","4",,,"7","30"
"2023_q3",,"Hysterectomy  (Cancer Not Suspected)",,"Zone 4","QE2","2023","3","15","21","37","91"
"2024_q4",,"Tonsillectomy and/or Adenoidectomy  (Pediatric)",,"IWK","IWK","2024","4","238","433","238","388"
"12month_rolling","Urology","Male Circumcision  (Adult)","Puthenparumpil, Jacob",,,,,"163","427","242","380"
"2023_q4",,"Gastric Surgery - Laparoscopic",,"Total","Provincial","2023","4","102","645","107","342"
"12month_rolling","Orthopaedic","Foot - Bunionectomy","Glazebrook, Mark A",,,,,"320","1797","142","193"
"12month_rolling","Plastic Surgery","All","Boehm, Kaitlin",,,,,"84","580","62","214"
"12month_rolling","Orthopaedic","Knee Replacement","Van Graan, Wouter",,,,,"160","478","92","165"
"2024_q3",,"Prostate Surgery",,"Zone 3","Northside General","2024","3",,,"41","97"
"12month_rolling","General Surgery","Bariatric Surgery (for Weight Loss)","Ellsmere, James C",,,,,"119","201","228","680"
"12month_rolling","Orthopaedic","Shoulder Surgery","Ferguson, Devin",,,,,"97","274","83","123"
"2023_q2",,"Bladder Cancer Surgery",,"Zone 4","Dartmouth General","2023","2",,,"179","1174"
"12month_rolling","General Surgery","Hernia Repair  (Adult)","Watson-Jessome, Jane",,,,,"232","289","40","117"
"2023_q4",,"Dental Extractions and Restorations  (Pediatric)",,"Zone 3","Glace Bay","2023","4",,,"136","282"
"2023_q2",,"Shoulder Arthroscopy",,"Zone 4","Hants Community Hospital","2023","2","70","342","71","184"
"2025_q2",,"Surgery for Hearing or Balance Problems of the Ear",,"IWK","IWK","2025","2","81","252","83","144"
"12month_rolling","Obstetrics/Gynaecology","Removal of Ovaries and/or Fallopian Tubes  (Cancer Not Suspected)","Hudgins, Sarah",,,,,"397","515","277","435"
"12month_rolling","General Surgery","Gallbladder Surgery","MacDonald, Blair",,,,,"65","146","71","98"
"2024_q1",,"Cystoscopy",,"Total","Provincial","2024","1","33","174","38","190"
"12month_rolling",,"Hernia Repair - Ventral",,"Total","Provincial","2025","2","86","556","103","353"
"2025_q1",,"Hernia Repair  (Adult)",,"Zone 2","Cumberland Regional","2025","1","40","205","69","111"
"12month_rolling","Obstetrics/Gynaecology","Tubal Ligation","Okuboyejo, Fazil",,,,,"21","52","48","83"
"12month_rolling","Urology","Kidney Stone Surgery","Ory, Jesse",,,,,"51","156","58","77"
"12month_rolling","General Surgery","Hernia Repair - Inguinal/Femoral","Sytnik, Peter",,,,,"22","45","26","27"
"2023_q2",,"Hemorrhoidectomy",,"Total","Provincial","2023","2","138","259","99","540"
"2024_q3",,"Cystoscopy",,"Total","Provincial","2024","3","38","145","43","186"
"2025_q1",,"Hernia Repair  (Pediatric)",,"Total","Provincial","2025","1","73","109","46","141"
"12month_rolling","General Surgery","All","Mitchell, Alex D",,,,,"46","78","58","86"
"12month_rolling",,"Bowel Resection - Laparoscopic",,"Zone 1","South Shore Regional","2025","2","30","409","28","61"
"12month_rolling",,"Male Reproductive System Surgery",,"Zone 3","St. Martha's Regional","2025","2","37","125","188","328"
"2024_q1",,"Gastrointestinal Tract Surgery",,"Zone 4","Dartmouth General","2024","1","46","94","81","122"
"2025_q1",,"Bone / Cartilage Graft",,"Total","Provincial","2025","1","120","253","216","368"
"2023_q4",,"Hand / Upper Extremity",,"Zone 4","QE2","2023","4","146","576","87","397"
"2025_q1",,"Breast Cancer Surgery",,"Zone 2","Colchester East Hants Health Centre","2025","1","13","20","47","61"
"12month_rolling",,"Lymph Node Biopsy",,"Zone 3","Cape Breton Regional","2025","2","12","59","7","16"
"3month_rolling",,"Bowel Resection",,"Total","Provincial","2025","2","21","158","31","96"
"2024_q2",,"Hip Replacement",,"Zone 2","Aberdeen Hospital","2024","2","79","332","99","253"
"12month_rolling","Plastic Surgery","Nerve Surgery","Krauss, Emily",,,,,"58","289","39","119"
"2023_q3",,"Hernia Repair  (Adult)",,"Zone 3","Cape Breton Regional","2023","3","138","622","63","610"
"2024_q1",,"Tear Duct Surgery",,"Zone 4","QE2","2024","1","83","252",,
"12month_rolling","Ophthalmology","All","George, Stanley",,,,,"36","84","99","232"
"2024_q3",,"Cataract Surgery",,"Zone 1","Soldiers Memorial","2024","3","98","153","27","73"
"2024_q2",,"Glaucoma (Eye Pressure Lowering Surgery)",,"Zone 4","QE2","2024","2","35","630","20","71"
"12month_rolling","Urology","Prostate Surgery","Massaro, Peter",,,,,"52","214","211","447"
"2024_q3",,"Hysteroscopy",,"Zone 2","Aberdeen Hospital","2024","3","22","169","39","129"
"3month_rolling",,"Colorectal Cancer Surgery",,"Zone 2","Cumberland Regional","2025","2",,,"20","33"
"2025_q2",,"Male Circumcision  (Pediatric)",,"IWK","IWK","2025","2",,,"29","353"
"12month_rolling","Urology","Prostate Cancer Surgery","Kokorovic, Andrea",,,,,"41","173","106","181"
"2024_q3",,"Esophagectomy / Esophageal Surgery",,"Zone 4","QE2","2024","3","21","107","50","83"
"2023_q3",,"Septoplasty",,"Zone 1","Valley Regional","2023","3","204","409","120","205"
"12month_rolling","General Surgery","Pancreas Surgery","Hiebert, Stephanie",,,,,"16","33","37","69"
"2024_q1",,"Nerve Surgery",,"Zone 4","QE2","2024","1","50","287","37","98"
"12month_rolling","Orthopaedic","Knee Replacement","O'Brien, David A",,,,,"469","683","186","435"
"2024_q4",,"Strabismus Surgery  (Pediatric)",,"IWK","IWK","2024","4",,,"140","458"
"12month_rolling","Thoracic Surgery","Gastric Surgery - Laparoscopic","Mujoomdar, Aneil Arvind",,,,,"42","111","59","165"
"12month_rolling","Cardiac Surgery","Pacemaker Insertion","Hirsch, Gregory M",,,,,,,"32","70"
"2024_q1",,"Lung Surgery",,"Total","Provincial","2024","1","23","49","39","84"
"2023_q4",,"Hip Replacement",,"Zone 1","Valley Regional","2023","4","189","419","434","652"
"12month_rolling","General Surgery","Colorectal Cancer Surgery","McWilliams, Colin",,,,,"13","29","13","22"
"2024_q1",,"Shoulder Surgery",,"Zone 1","Valley Regional","2024","1","129","287","238","370"
"12month_rolling","General Surgery","Thyroid or Parathyroid Surgery","Wasserman, Lukas",,,,,"42","125","76","207"
"2024_q2",,"Hernia Repair - Inguinal/Femoral",,"Zone 1","Yarmouth Regional","2024","2","21","53","71","180"
"12month_rolling","General Surgery","Hernia Repair - Umbilical","Murdoch, John L",,,,,"203","352","64","293"
"12month_rolling","General Surgery","Gastrointestinal Tract Surgery","Booth, John",,,,,"63","151","45","71"
"12month_rolling","Oral Maxillofacial","Maxillofacial Deformity Surgery","Ross, Ian W",,,,,"122","203","51","1030"
"12month_rolling","General Surgery","All","Enright, Jonathan Boyde",,,,,"84","940","73","178"
"12month_rolling","Plastic Surgery","Tendon / Ligament Repair","Bezuhly, Michael",,,,,"105","223","83","207"
"12month_rolling","General Surgery","Hernia Repair  (Pediatric)","Blackmore, Christopher",,,,,"88","138","57","190"
"2024_q4",,"Gallbladder Surgery",,"Zone 2","Cumberland Regional","2024","4","21","76","42","76"
"2024_q2",,"Orthopaedic Trauma",,"Zone 4","QE2","2024","2",,,"56","156"
"2023_q2",,"Strabismus Surgery  (Pediatric)",,"IWK","IWK","2023","2",,,"204","347"
"12month_rolling",,"Hysteroscopy",,"Total","Provincial","2025","2","42","276","49","143"
"12month_rolling","Obstetrics/Gynaecology","Endometrial Ablation","Joshi, Changulanda",,,,,"225","588","155","177"
"2025_q2",,"Palmar Fascia Excision for Dupuytren's Disease",,"Total","Provincial","2025","2","177","526","63","292"
"12month_rolling","Orthopaedic","Shoulder Arthroplasty","Ferguson, Devin",,,,,"97","274","83","123"
"2023_q2",,"Video-Assisted Thoracic Surgery",,"Zone 4","QE2","2023","2","23","46","32","83"
"12month_rolling","Neurosurgery","Cervical Spine (Neck) Surgery","Barry, Sean",,,,,"55","103","80","184"
"2024_q1",,"Palmar Fascia Excision for Dupuytren's Disease",,"Zone 1","South Shore Regional","2024","1","133","750","155","309"
"2024_q1",,"Pelvic Floor Repair",,"Total","Provincial","2024","1","140","876","188","342"
"3month_rolling","Oral and Maxillofacial",,,,,"2025","2",,,"83","260"
"2023_q3",,"Cystoscopy",,"Zone 1","South Shore Regional","2023","3","32","96","36","140"
"2024_q2",,"Hysterectomy  (Cancer Not Suspected)",,"Zone 1","South Shore Regional","2024","2",,,"49","127"
"2024_q2",,"Hysteroscopy",,"Zone 3","Cape Breton Regional","2024","2",,,"43","336"
"2023_q4",,"Hernia Repair  (Adult)",,"Zone 3","Inverness Consolidated Memorial","2023","4",,,"63","366"
"12month_rolling","General Surgery","Bowel Resection","Gala Lopez, Boris",,,,,"14","27","30","38"
"2025_q1",,"Shoulder Arthroscopy",,"Zone 1","South Shore Regional","2025","1","99","384","62","156"
"2023_q4",,"Gastric Surgery - Laparoscopic",,"Zone 4","QE2","2023","4","102","867","107","402"
"12month_rolling","General Surgery","Hernia Repair - Laparoscopic Inguinal Femoral","Joy, Edward",,,,,"112","130","100","115"
"12month_rolling","General Surgery","Colorectal Cancer Surgery","Poushay, Heather",,,,,"19","61","12","15"
"2023_q4",,"Cystoscopy",,"Zone 4","Dartmouth General","2023","4","39","110","117","581"
"2024_q4",,"Nose Surgery - Reconstructive or Aesthetic",,"Total","Provincial","2024","4","26","75","37","184"
"12month_rolling","General Surgery","Male Reproductive System Surgery","Nader, Nabil",,,,,"172","210","35","159"
"2023_q2",,"Colorectal Cancer Surgery",,"Zone 1","Valley Regional","2023","2","49","318","38","88"
"2025_q1",,"Glaucoma (Eye Pressure Lowering Surgery)",,"Total","Provincial","2025","1","44","490","22","90"
"2024_q3",,"Prostate Surgery - Laparoscopic",,"Total","Provincial","2024","3","38","153","160","242"
"2025_q2",,"Hysteroscopy",,"Zone 1","Yarmouth Regional","2025","2","43","160","28","92"
"12month_rolling","Orthopaedic","Knee Replacement","Smith, Thomas Duncan",,,,,,,"219","326"
"12month_rolling","General Surgery","Gastrointestinal Tract Surgery","Blackmore, Christopher",,,,,"41","73","57","127"
"2023_q4",,"Septoplasty",,"Zone 3","St. Martha's Regional","2023","4","185","217","51","134"
"2025_q2",,"Hysteroscopy",,"Zone 1","Valley Regional","2025","2","47","300","39","101"
"12month_rolling","Ophthalmology","Cataract Surgery","Iaboni, Douglas",,,,,"21","244","59","99"
"2023_q3",,"Insertion Vascular Access Catheter",,"IWK","IWK","2023","3",,,"13","204"
"2023_q4",,"Male Reproductive System Surgery",,"Total","Provincial","2023","4","69","273","122","447"
"2024_q4",,"Gastrointestinal Tract Surgery",,"Zone 2","Colchester East Hants Health Centre","2024","4",,,"42","75"
"2024_q4",,"Tonsillectomy and/or Adenoidectomy  (Pediatric)",,"Zone 3","St. Martha's Regional","2024","4",,,"33","39"
"12month_rolling","Obstetrics/Gynaecology","Hysteroscopy","Brooks, Melissa",,,,,"61","591","93","136"
"2024_q3",,"Hernia Repair - Inguinal/Femoral",,"Zone 2","Colchester East Hants Health Centre","2024","3","38","94","108","245"
"12month_rolling","Orthopaedic","Knee Scope","Van Graan, Wouter",,,,,"126","183","56","87"
"2025_q1",,"Hernia Repair - Umbilical",,"Zone 1","Valley Regional","2025","1","85","409","52","276"
"2025_q2",,"Gastrointestinal Tract Surgery",,"IWK","IWK","2025","2",,,"81","120"
"12month_rolling",,"Tendon / Ligament Repair",,"IWK","IWK","2025","2","128","1322","144","423"
"2024_q3",,"Maxillofacial Deformity Surgery",,"Zone 4","QE2","2024","3","341","552","240","588"
"12month_rolling","Urology","Prostate Surgery","Mason, Ross",,,,,"107","345","110","212"
"2024_q4",,"Carpal Tunnel Surgery",,"Total","Provincial","2024","4","88","319","54","210"
"2024_q3",,"Dental Extractions and Restorations  (Pediatric)",,"Zone 3","St. Martha's Regional","2024","3","135","293","163","310"
"12month_rolling","Orthopaedic","All","Tucker, Allison",,,,,"102","225","40","127"
"3month_rolling",,"Tonsillectomy and/or Adenoidectomy  (Pediatric)",,"Zone 2","Cumberland Regional","2025","2",,,"66","255"
"2023_q4",,"Dental Extractions and Restorations  (Pediatric)",,"Zone 2","Cumberland Regional","2023","4","35","86","71","120"
"2023_q2",,"Colorectal Cancer Surgery",,"Zone 4","Dartmouth General","2023","2","15","34","24","36"
"2024_q4",,"Removal of Ovaries and/or Fallopian Tubes  (Cancer Not Suspected)",,"Zone 1","Valley Regional","2024","4","179","486","216","452"
"2023_q4",,"Hernia Repair  (Adult)",,"Zone 4","Hants Community Hospital","2023","4","147","490","62","191"
"2024_q2",,"Hemorrhoidectomy",,"Total","Provincial","2024","2","194","585","84","282"
"12month_rolling","Obstetrics/Gynaecology","Hysteroscopy","Bal, Navpreet",,,,,"49","956","48","94"
"12month_rolling","Orthopaedic","Hip Replacement","Gross, Michael",,,,,"315","364","57","120"
"2024_q4",,"Hand / Upper Extremity",,"Zone 4","QE2","2024","4","45","192","132","576"
"12month_rolling","Urology","Male Circumcision  (Pediatric)","Miller, M Dale",,,,,"128","327","78","137"
"2023_q2",,"Gastric Surgery",,"Zone 4","QE2","2023","2","18","25","42","80"
"12month_rolling",,"Sternotomy / Thoracotomy",,"IWK","IWK","2025","2",,,"11","90"
"2023_q2",,"Esophagoscopy",,"Total","Provincial","2023","2",,,"19","51"
"2024_q4",,"Gallbladder Surgery",,"Zone 3","St. Martha's Regional","2024","4","34","82","112","251"
"2024_q3",,"Hernia Repair  (Adult)",,"Zone 3","Inverness Consolidated Memorial","2024","3",,,"43","70"
"3month_rolling",,"Glaucoma (Eye Pressure Lowering Surgery)",,"Total","Provincial","2025","2","39","642","20","76"
"2023_q4",,"Cataract Surgery",,"Zone 1","South Shore Regional","2023","4","126","156","218","377"
"12month_rolling","Urology","Bladder Cancer Surgery","Rendon, Ricardo",,,,,"7","41","32","111"
"2024_q4",,"Nerve or Brain Stimulation",,"Zone 4","QE2","2024","4","32","92","29","37"
"2023_q4",,"Gastric Surgery",,"Zone 4","QE2","2023","4","23","38","55","109"
"2024_q3",,"Nerve or Brain Stimulation",,"Total","Provincial","2024","3","17","21",,
"12month_rolling","Orthopaedic","Shoulder Arthroplasty","Johnston, David G",,,,,"151","692","398","657"
"2023_q3",,"Hysterectomy  (Cancer Not Suspected)",,"Zone 4","Dartmouth General","2023","3","62","280","66","109"
"2023_q4",,"Knee Scope",,"Zone 4","QE2","2023","4","90","108","327","667"
"12month_rolling","Urology","Cystoscopy","McCarthy, John Paul",,,,,"483","483","35","186"
"2023_q2",,"Shoulder Arthroscopy",,"Zone 4","QE2","2023","2","111","326","261","527"
"2023_q2",,"Surgery for Hearing or Balance Problems of the Ear",,"Total","Provincial","2023","2","84","182","81","304"
"2025_q2",,"Breast Cancer Surgery",,"Zone 1","South Shore Regional","2025","2","24","76","20","31"
"12month_rolling","Urology","Cystoscopy","MacLellan, Dawn",,,,,"53","70","30","102"
"12month_rolling","Thoracic Surgery","Lung Surgery","Ednie, Alexander",,,,,"28","55","34","71"
"12month_rolling","Orthopaedic","Knee Scope","O'Brien, David A",,,,,"97","181","91","161"
"3month_rolling",,"Breast Cancer Surgery",,"Zone 2","Colchester East Hants Health Centre","2025","2","16","34","32","55"
"2024_q1",,"Kidney Stone Surgery",,"Total","Provincial","2024","1","25","104","55","142"
"2024_q2",,"Knee Replacement Revision",,"Zone 4","Dartmouth General","2024","2",,,"68","138"
"2024_q2",,"Hernia Repair - Umbilical",,"Zone 4","Dartmouth General","2024","2","220","543","76","171"
"12month_rolling","Plastic Surgery","Breast Reduction Surgery","Boehm, Kaitlin",,,,,,,"575","580"
"2023_q2",,"Hernia Repair  (Pediatric)",,"Total","Provincial","2023","2","66","123","119","324"
"3month_rolling",,"Female Incontinence Surgery",,"IWK","IWK","2025","2",,,"217","307"
"3month_rolling",,"Cataract Surgery",,"Zone 1","Soldiers Memorial","2025","2","55","385","55","127"
"12month_rolling","Otolaryngology (ENT)","Ear Tubes  (Adult)","Balys, Richard L",,,,,"290","558","77","95"
"12month_rolling","Obstetrics/Gynaecology","Hysteroscopy","Kupfer, Nathalie",,,,,"43","204","41","97"
"2023_q2",,"Bowel Resection",,"Zone 4","QE2","2023","2","17","100","34","248"
"12month_rolling",,"Hernia Repair - Ventral",,"Zone 4","QE2","2025","2","188","803","102","840"
"12month_rolling","Plastic Surgery","All","Bezuhly, Michael",,,,,"101","199","117","279"
"12month_rolling","Thoracic Surgery","Lung Surgery","Wallace, Alison",,,,,"36","67","26","71"
"2024_q2",,"Shoulder Arthroscopy",,"Zone 3","Cape Breton Regional","2024","2","188","329","86","127"
"2023_q4",,"Functional Endoscopic Sinus Surgery (FESS)",,"Zone 3","Cape Breton Regional","2023","4","16","32",,
"2023_q3",,"Gastrointestinal Tract Surgery",,"Zone 1","Yarmouth Regional","2023","3",,,"21","73"
"2024_q3",,"Oculo Plastic Surgery",,"Zone 3","Cape Breton Regional","2024","3",,,"202","323"
"2023_q4",,"Male Reproductive System Surgery",,"Zone 4","QE2","2023","4","66","231","62","224"
"12month_rolling","Ophthalmology","Cataract Surgery","de Saint Sardos, Alexandre Guy William",,,,,"140","193","63","125"
"2023_q4",,"Bowel Resection",,"Zone 4","QE2","2023","4","22","262","31","134"
"2025_q1",,"Ear Tubes  (Pediatric)",,"Total","Provincial","2025","1","58","321","62","132"
"12month_rolling","Orthopaedic","All","McKinnon, Christy",,,,,"45","149","65","286"
"12month_rolling","Obstetrics/Gynaecology","Removal of Ovaries and/or Fallopian Tubes  (Cancer Not Suspected)","Black, Brittany",,,,,"70","104","99","245"
"2025_q1",,"Breast Reconstruction",,"Total","Provincial","2025","1","113","1029","96","352"
"12month_rolling",,"Salivary Gland Surgery",,"Zone 4","Dartmouth General","2025","2","17","55","47","172"
"12month_rolling","Neurosurgery","Spinal Cord Stimulation Surgery","Weise, Lutz",,,,,"52","423","64","120"
"2025_q2",,"Hernia Repair - Incisional",,"Zone 4","QE2","2025","2","70","483","90","552"
"2023_q4",,"Hernia Repair  (Adult)",,"Zone 1","South Shore Regional","2023","4","33","164","75","140"
"12month_rolling","Neurosurgery","Craniotomy or Craniectomy","Weise, Lutz",,,,,"177","406","92","143"
"12month_rolling",,"Hernia Repair - Umbilical",,"Zone 3","Glace Bay","2025","2","371","746","57","410"
"2025_q2",,"Hernia Repair - Laparoscopic Inguinal Femoral",,"Zone 2","Aberdeen Hospital","2025","2","37","57",,
"2025_q2",,"AV Fistula Creation/Closure",,"Zone 4","QE2","2025","2",,,"18","65"
"12month_rolling",,"Hernia Repair - Inguinal/Femoral",,"Zone 2","Colchester East Hants Health Centre","2025","2","43","91","130","262"
"3month_rolling",,"Septoplasty",,"Zone 4","Hants Community Hospital","2025","2","142","235","102","172"
"2023_q4",,"Dental Extractions and Restorations  (Adult)",,"Zone 4","Dartmouth General","2023","4",,,"84","232"
"2024_q3",,"Bowel Resection - Open",,"Zone 1","South Shore Regional","2024","3","20","37","29","57"
"2024_q4",,"Back Surgery  (Pediatric)",,"IWK","IWK","2024","4",,,"195","517"
"2024_q1",,"Gallbladder Surgery",,"Zone 1","Yarmouth Regional","2024","1","22","34","46","102"
"2024_q1",,"Male Circumcision  (Pediatric)",,"IWK","IWK","2024","1",,,"39","545"
"12month_rolling",,"Cornea and External Disease",,"Zone 4","QE2","2025","2","71","233","135","344"
"2024_q1",,"Knee Replacement",,"Zone 2","Aberdeen Hospital","2024","1","152","281","78","303"
"12month_rolling",,"Gastrointestinal Tract Surgery - Laparoscopic",,"Zone 4","Dartmouth General","2025","2","18","172","31","87"
"2025_q2",,"Spinal Cord Stimulation Surgery",,"Total","Provincial","2025","2",,,"64","69"
"12month_rolling","Dental","Dental Extractions and Restorations  (Pediatric)","James, Lindsay",,,,,"130","490","144","689"
"2024_q2",,"Hysterectomy  (Cancer Not Suspected)",,"Zone 4","Dartmouth General","2024","2","70","356","96","165"
"2024_q4",,"Cystoscopy",,"Zone 4","QE2","2024","4","42","122","49","144"
"2024_q2",,"Kidney / Upper Urinary Tract",,"Zone 3","Cape Breton Regional","2024","2",,,"32","106"
"2024_q2",,"Hysteroscopy",,"Zone 2","Aberdeen Hospital","2024","2","51","334","51","114"
"12month_rolling","Orthopaedic","Knee Scope","Wong, Ivan",,,,,"45","49","151","520"
"2024_q3",,"Sacral Nerve Stimulation",,"Zone 4","QE2","2024","3",,,"101","230"
"2023_q2",,"Surgery for Hearing or Balance Problems of the Ear",,"Zone 3","Cape Breton Regional","2023","2","28","59","81","120"
"12month_rolling",,"Insertion Vascular Access Catheter",,"Zone 2","Colchester East Hants Health Centre","2025","2",,,"7","57"
"12month_rolling","Obstetrics/Gynaecology","Tubal Ligation","Houck, Leslie",,,,,"59","259","43","108"
"12month_rolling","Neurosurgery","Nerve or Brain Stimulation","McNeely, P Daniel",,,,,"23","35","23","258"
"2025_q1",,"Male Reproductive System Surgery",,"IWK","IWK","2025","1","97","675","115","384"
"3month_rolling",,"Removal of Ovaries and/or Fallopian Tubes  (Cancer Not Suspected)",,"Zone 1","Valley Regional","2025","2","301","1136","67","423"
"2024_q3",,"Breast Reduction Surgery",,"Zone 4","QE2","2024","3","1197","1573","76","152"
"2025_q2",,"Peritoneal Lavage or Catherization",,"Total","Provincial","2025","2",,,"19","60"
"2025_q2",,"Endometrial Ablation",,"Zone 2","Aberdeen Hospital","2025","2","57","125","75","155"
"12month_rolling","Thoracic Surgery","Chest Scopes  (Adult)","French, Daniel Gerard",,,,,"8","12","13","22"
"2024_q1",,"Hernia Repair - Inguinal/Femoral",,"Zone 2","Aberdeen Hospital","2024","1","132","314",,
"12month_rolling","Obstetrics/Gynaecology","Hysterectomy  (Cancer Not Suspected)","Osasere, Michael",,,,,"28","92","122","323"
"12month_rolling","General Surgery","Hemorrhoidectomy","Archibald, Alison",,,,,"220","446","50","203"
"12month_rolling","General Surgery","All","Dzierzanowski, Martin",,,,,"37","75","106","187"
"2025_q2",,"Breast Cancer Surgery",,"Zone 2","Aberdeen Hospital","2025","2","6","8","17","23"
"12month_rolling","Ophthalmology","All","Murphy, Jeremy",,,,,"90","140","91","158"
"2024_q3",,"Back Surgery  (Adult)",,"Total","Provincial","2024","3","104","534","87","253"
"12month_rolling",,"Cystoscopy",,"Zone 1","Valley Regional","2025","2","45","325","44","204"
"2025_q2",,"Hemorrhoidectomy",,"Total","Provincial","2025","2","83","463","80","246"
"2023_q2",,"Cataract Surgery",,"Zone 4","QE2","2023","2","77","212","66","276"
"12month_rolling",,"Aesthetic Surgery",,"Total","Provincial","2025","2","106","498","78","206"
"2025_q1",,"Surgery for Hearing or Balance Problems of the Ear",,"IWK","IWK","2025","1","64","335","77","174"
"2025_q2",,"Dental Extractions and Restorations  (Adult)",,"IWK","IWK","2025","2",,,"374","947"
"2023_q4",,"Cataract Surgery",,"Zone 4","QE2","2023","4","93","238","66","237"
"12month_rolling","General Surgery","Gastrointestinal Tract Surgery","Joy, Edward",,,,,"25","55","33","74"
"12month_rolling",,"Ankle - Arthrodesis",,"Zone 4","QE2","2025","2","372","599","58","247"
"12month_rolling","General Surgery","Colorectal Cancer Surgery","Nader, Nabil",,,,,"11","30","19","33"
"2023_q2",,"Cystoscopy",,"Zone 1","South Shore Regional","2023","2","40","61","29","66"
"2023_q4",,"Nerve Surgery",,"Zone 4","QE2","2023","4","86","540","13","109"
"12month_rolling","General Surgery","Bariatric Surgery (for Weight Loss)","Stewart, Riley",,,,,"245","341","187","386"
"12month_rolling",,"Amputations",,"Zone 3","Cape Breton Regional","2025","2","21","81","16","114"
"2024_q1",,"Video-Assisted Thoracic Surgery",,"Zone 4","QE2","2024","1","23","46","41","84"
"2024_q3",,"Tendon / Ligament Repair",,"Total","Provincial","2024","3","70","309","64","387"
"2025_q1",,"Hernia Repair - Laparoscopic Inguinal Femoral",,"Zone 3","St. Martha's Regional","2025","1","34","240","275","573"
"12month_rolling","General Surgery","AV Fistula Creation/Closure","Hiebert, Stephanie",,,,,"15","38","25","42"
"2024_q3",,"Pacemaker Insertion",,"Zone 2","Aberdeen Hospital","2024","3",,,"57","120"
"2023_q2",,"Hysterectomy  (Cancer Not Suspected)",,"Zone 1","Yarmouth Regional","2023","2","14","97","40","53"
"2025_q1",,"Breast Cancer Surgery",,"Zone 1","Yarmouth Regional","2025","1","14","27","31","36"
"12month_rolling","General Surgery","Bowel Resection","McWilliams, Colin",,,,,"16","40","16","28"
"12month_rolling","Plastic Surgery","Carpal Tunnel Surgery","Singh, Ashvir",,,,,"40","137","87","172"
"2025_q1",,"Hysterectomy  (Cancer Not Suspected)",,"Zone 4","Dartmouth General","2025","1","115","380","122","159"
"12month_rolling","Orthopaedic","Cervical Spine (Neck) Surgery","Glennie, Raymond Andrew",,,,,"79","603","76","146"
"2024_q2",,"Tear Duct Surgery",,"Zone 4","QE2","2024","2","37","136",,
"12month_rolling","Obstetrics/Gynaecology","All","McIntyre, Alison",,,,,"28","364","35","72"
"2025_q2",,"Knee Replacement Revision",,"Zone 4","QE2","2025","2",,,"112","416"
"12month_rolling","Ophthalmology","All","Oladiwura, Dilys",,,,,"183","942","95","236"
"2025_q1",,"Hysteroscopy",,"Zone 1","Yarmouth Regional","2025","1","44","138","30","52"
"12month_rolling","General Surgery","Bowel Resection","Hossain, Farisa",,,,,"17","92","23","51"
"2024_q2",,"Breast Reduction Surgery",,"Total","Provincial","2024","2","989","1226","100","362"
"2024_q1",,"Gastrointestinal Tract Surgery",,"IWK","IWK","2024","1",,,"76","103"
"2023_q4",,"Sacral Nerve Stimulation",,"Total","Provincial","2023","4",,,"127","168"
"2023_q2",,"Carpal Tunnel Surgery",,"Zone 3","St. Martha's Regional","2023","2",,,"90","307"
"12month_rolling","Orthopaedic","Tendon / Ligament Repair","Dodd, Faith",,,,,"249","437","74","98"
"2023_q3",,"Carpal Tunnel Surgery",,"Total","Provincial","2023","3","70","335","73","228"
"2025_q1",,"Hernia Repair - Inguinal/Femoral",,"Zone 1","Valley Regional","2025","1","49","374","84","373"
"2023_q4",,"Hand / Upper Extremity",,"Total","Provincial","2023","4","112","378","97","419"
"12month_rolling","Plastic Surgery","Aesthetic Surgery","Bezuhly, Michael",,,,,"58","92","155","279"
"2023_q2",,"Gallbladder Surgery",,"Zone 3","St. Martha's Regional","2023","2","20","67","100","163"
"3month_rolling",,"Hernia Repair  (Adult)",,"Zone 1","Valley Regional","2025","2","84","854","75","170"
"12month_rolling",,"Hysteroscopy",,"Zone 2","Cumberland Regional","2025","2","46","53","40","168"
"12month_rolling","Obstetrics/Gynaecology","All","Bal, Navpreet",,,,,"57","945","48","168"
"2023_q2",,"Functional Endoscopic Sinus Surgery (FESS)",,"Zone 1","Valley Regional","2023","2",,,"71","146"
"2024_q1",,"Gastrointestinal Tract Surgery",,"Total","Provincial","2024","1","43","231","48","120"
"2025_q1",,"Carotid Endarterectomy",,"Total","Provincial","2025","1",,,"10","26"
"2024_q2",,"Lung Surgery",,"Total","Provincial","2024","2","25","72","29","62"
"2024_q2",,"Insertion Vascular Access Catheter",,"IWK","IWK","2024","2",,,"40","166"
"2023_q4",,"Cataract Surgery",,"Zone 2","Colchester East Hants Health Centre","2023","4","170","371","60","140"
"12month_rolling",,"Vitreoretinal Diseases",,"Total","Provincial","2025","2","33","181","21","87"
"2024_q2",,"Removal of Ovaries and/or Fallopian Tubes  (Cancer Suspected or Proven)",,"Total","Provincial","2024","2","29","332","42","58"
"12month_rolling","Otolaryngology (ENT)","Ear Tubes  (Pediatric)","Johnson, Liane",,,,,"74","383","86","145"
"2024_q2",,"Kidney Stone Surgery",,"Zone 4","Dartmouth General","2024","2","55","112",,
"12month_rolling",,"Gastrointestinal Tract Surgery",,"Zone 4","Hants Community Hospital","2025","2",,,"36","85"
"2023_q3",,"Gastrointestinal Tract Surgery",,"Zone 1","South Shore Regional","2023","3","17","63","18","44"
"2025_q1",,"Bladder Cancer Surgery",,"Zone 1","Yarmouth Regional","2025","1",,,"41","97"
"3month_rolling",,"Tonsillectomy and/or Adenoidectomy  (Adult)",,"Zone 3","Cape Breton Regional","2025","2","37","70",,
"12month_rolling","Otolaryngology (ENT)","Functional Endoscopic Sinus Surgery (FESS)","Fowler, James",,,,,"27","55","47","101"
"12month_rolling","General Surgery","Colorectal Cancer Surgery","Knapp, Gregory",,,,,"11","33","30","46"
"12month_rolling","Orthopaedic","Tendon / Ligament Repair","McPherson, John",,,,,"93","375","48","149"
"2025_q2",,"Maxillofacial Deformity Surgery",,"Zone 4","QE2","2025","2","314","635","177","483"
"2024_q2",,"Hysteroscopy",,"Zone 1","Valley Regional","2024","2","59","159","61","135"
"12month_rolling","General Surgery","All","Murdoch, John L",,,,,"181","421","57","177"
"12month_rolling","Ophthalmology","Vitreoretinal Diseases","Gupta, Rudra Rishi",,,,,"34","122","44","103"
"12month_rolling","Otolaryngology (ENT)","Functional Endoscopic Sinus Surgery (FESS)","Kujath, Magdalena",,,,,"58","209","173","355"
"12month_rolling","Ophthalmology","Cataract Surgery","Zaki, Amr M",,,,,"85","427","43","125"
"2024_q3",,"Orthopaedic Trauma",,"Zone 4","QE2","2024","3",,,"109","134"
"3month_rolling",,"Bowel Resection",,"Zone 2","Cumberland Regional","2025","2",,,"20","36"
"12month_rolling",,"Video-Assisted Thoracic Surgery",,"Total","Provincial","2025","2","27","65","29","70"
"12month_rolling","General Surgery","Bowel Resection - Open","Drohan, Ashley",,,,,"15","174","26","46"
"12month_rolling","Ophthalmology","Strabismus Surgery  (Adult)","Dahrab, Mishari M",,,,,"192","561","158","288"
"2023_q2",,"Carpal Tunnel Surgery",,"Zone 4","Dartmouth General","2023","2",,,"40","278"
"12month_rolling","Plastic Surgery","Hand / Upper Extremity","LeBlanc, Martin",,,,,"450","708","50","96"
"2024_q3",,"Hip Replacement Revision",,"Total","Provincial","2024","3","26","90","68","295"
"2025_q2",,"Cardioversion",,"Total","Provincial","2025","2",,,"10","11"
"12month_rolling","Plastic Surgery","All","Paletz, Justin L",,,,,"209","1308","34","105"
"12month_rolling","General Surgery","Breast Cancer Surgery","Dzierzanowski, Martin",,,,,"19","26","20","42"
"12month_rolling","Ophthalmology",,,,,"2025","2",,,"58","157"
"2024_q3",,"Nerve or Brain Stimulation",,"Zone 4","QE2","2024","3","17","21",,
"2025_q1",,"Temperomandibular Joint Surgery (TMJ)",,"Zone 4","QE2","2025","1","198","691","86","250"
"2025_q1",,"Tubal Ligation",,"Total","Provincial","2025","1","69","352",,
"12month_rolling","General Surgery","Colorectal Cancer Surgery","Jad, Ahmed",,,,,"28","29","16","28"
"2023_q4",,"Knee Replacement Revision",,"Total","Provincial","2023","4","83","335","64","186"
"2024_q1",,"Hysterectomy  (Cancer Not Suspected)",,"Zone 1","Yarmouth Regional","2024","1","85","183","77","126"
"12month_rolling","General Surgery","Gastrointestinal Tract Surgery","King, Jenelle",,,,,"10","25","13","24"
"2023_q2",,"Gallbladder Surgery",,"Zone 1","South Shore Regional","2023","2","33","71","25","97"
"12month_rolling","Ophthalmology","Strabismus Surgery  (Pediatric)","Dahrab, Mishari M",,,,,"198","236","137","318"
"2024_q4",,"Cardioversion",,"Total","Provincial","2024","4",,,"17","28"
"2024_q3",,"Cataract Surgery",,"Zone 1","South Shore Regional","2024","3","132","163","76","417"
"3month_rolling",,"Septoplasty",,"Zone 3","Glace Bay","2025","2",,,"305","347"
"2023_q4",,"Knee Replacement",,"Zone 1","Valley Regional","2023","4","389","442","412","637"
"3month_rolling",,"Cataract Surgery",,"Zone 2","Colchester East Hants Health Centre","2025","2","102","199","101","133"
"2024_q3",,"Nose Surgery - Reconstructive or Aesthetic",,"Total","Provincial","2024","3","56","144","29","56"
"2024_q3",,"Tubal Ligation",,"Total","Provincial","2024","3","21","35",,
"2025_q1",,"Thyroid or Parathyroid Surgery",,"Zone 2","Cumberland Regional","2025","1","55","298","97","141"
"2025_q2",,"Nerve or Brain Stimulation",,"Total","Provincial","2025","2","20","23","37","87"
"2024_q3",,"Tonsillectomy and/or Adenoidectomy  (Pediatric)",,"Zone 3","St. Martha's Regional","2024","3",,,"40","48"
"12month_rolling","Otolaryngology (ENT)","Ear Tubes  (Pediatric)","Clifton, Neil",,,,,"58","116","34","83"
"12month_rolling",,"Hernia Repair - Laparoscopic Ventral",,"Total","Provincial","2025","2","85","455","79","312"
"12month_rolling","Obstetrics/Gynaecology","Hysteroscopy","Vair, Brett",,,,,"36","189","44","87"
"2024_q1",,"Breast Cancer Surgery",,"Zone 1","Valley Regional","2024","1","20","48","29","42"
"12month_rolling",,"Bowel Resection - Open",,"Zone 2","Colchester East Hants Health Centre","2025","2","39","88","41","61"
"2025_q2",,"Dental Extractions and Restorations  (Adult)",,"Zone 1","South Shore Regional","2025","2","74","199","92","260"
"12month_rolling","General Surgery","Bowel Resection","Enright, Jonathan Boyde",,,,,"14","76","31","80"
"2025_q2",,"Breast Reduction Surgery",,"Zone 3","St. Martha's Regional","2025","2","182","213",,
"2024_q2",,"Dental Extractions and Restorations  (Pediatric)",,"Zone 3","St. Martha's Regional","2024","2","125","272","173","297"
"2024_q1",,"Tonsillectomy and/or Adenoidectomy  (Pediatric)",,"Zone 3","Cape Breton Regional","2024","1","95","203","218","340"
"2025_q2",,"Gallbladder Surgery",,"Total","Provincial","2025","2","41","191","64","201"
"2024_q1",,"Cardiovascular Surgery",,"Zone 4","QE2","2024","1",,,"7","54"
"2024_q4",,"Brain Surgery  (Pediatric)",,"IWK","IWK","2024","4",,,"21","74"
"2024_q3",,"Hernia Repair - Inguinal/Femoral",,"Total","Provincial","2024","3","64","340","77","265"
"2024_q1",,"Hernia Repair  (Pediatric)",,"Total","Provincial","2024","1","70","149","218","436"
"2023_q2",,"Kidney Stone Surgery",,"Zone 3","Cape Breton Regional","2023","2",,,"69","288"
"12month_rolling","General Surgery","Bowel Resection - Open","Archibald, Alison",,,,,"14","170","33","50"
"2024_q1",,"Palmar Fascia Excision for Dupuytren's Disease",,"Zone 4","QE2","2024","1","331","729","90","218"
"12month_rolling","General Surgery","Bowel Resection","Walsh, Mark J",,,,,"10","23","32","66"
"2024_q1",,"Shoulder Arthroscopy",,"Zone 2","Aberdeen Hospital","2024","1","249","431","99","168"
"2025_q1",,"Laryngology and Vocal Cord Surgery",,"Zone 4","QE2","2025","1","61","105","61","401"
"3month_rolling",,"Hysterectomy  (Cancer Not Suspected)",,"Zone 3","Cape Breton Regional","2025","2","88","331","159","313"
"12month_rolling","Oral Maxillofacial","All","Powell, Joel",,,,,"68","152","125","260"
"3month_rolling",,"Hernia Repair  (Adult)",,"Zone 3","Cape Breton Regional","2025","2","156","608","83","195"
"2024_q1",,"AV Fistula Creation/Closure",,"Zone 4","QE2","2024","1",,,"47","97"
"12month_rolling","General Surgery","Colorectal Cancer Surgery","Johnson, Paul M",,,,,"24","236","33","97"
"2025_q1",,"Hernia Repair - Incisional",,"Zone 4","QE2","2025","1","200","501","132","277"
"2024_q3",,"Male Reproductive System Surgery",,"Zone 4","QE2","2024","3","87","190","106","313"
"2023_q2",,"Pelvic Floor Repair",,"Zone 2","Colchester East Hants Health Centre","2023","2","205","361",,
"12month_rolling","Orthopaedic","Hip Replacement","Armstrong, Luke",,,,,"174","461","120","293"
"12month_rolling","Orthopaedic","All","Smith, Thomas Duncan",,,,,,,"203","317"
"3month_rolling",,"Knee Replacement",,"Zone 3","Cape Breton Regional","2025","2","154","315","71","195"
"12month_rolling",,"Hip Arthroscopy",,"Total","Provincial","2025","2","70","277","205","505"
"2025_q1",,"Prostatectomy",,"Zone 4","QE2","2025","1","24","68","107","172"
"12month_rolling","Orthopaedic","Hip Replacement","Murphy, Nadia L",,,,,"181","624","175","241"
"3month_rolling",,"Thyroid or Parathyroid Surgery",,"Zone 2","Cumberland Regional","2025","2","63","208","77","133"
"12month_rolling","General Surgery","Gastrointestinal Tract Surgery","Watson-Jessome, Jane",,,,,"42","42","43","101"
"12month_rolling","Orthopaedic","Back Surgery  (Adult)","Oxner, William",,,,,"101","623","78","130"
"2023_q4",,"Functional Endoscopic Sinus Surgery (FESS)",,"Total","Provincial","2023","4","35","204","104","255"
"12month_rolling","General Surgery","Bowel Resection","Nader, Nabil",,,,,"12","30","21","41"
"3month_rolling",,"Dental Extractions and Restorations  (Adult)",,"Zone 1","South Shore Regional","2025","2","74","199","92","260"
"2024_q4",,"Removal of Ovaries and/or Fallopian Tubes  (Cancer Not Suspected)",,"Zone 3","Cape Breton Regional","2024","4","46","475","231","700"
"2024_q1",,"Hysteroscopy",,"Zone 2","Aberdeen Hospital","2024","1","44","504","34","58"
"2023_q3",,"Hemorrhoidectomy",,"Total","Provincial","2023","3","95","160","97","295"
"2025_q1",,"Bladder Cancer Surgery",,"Zone 1","South Shore Regional","2025","1",,,"30","53"
"2024_q1",,"Pelvic Floor Repair",,"IWK","IWK","2024","1","144","919","185","265"
"2023_q4",,"Carpal Tunnel Surgery",,"Zone 4","Hants Community Hospital","2023","4",,,"71","190"
"12month_rolling","General Surgery","Gallbladder Surgery","Murdoch, John L",,,,,"146","413","58","111"
"12month_rolling","Orthopaedic","All","Hewins, Edward",,,,,"141","391","123","267"
"12month_rolling","General Surgery","Hernia Repair - Umbilical","O'Sullivan, Colleen M",,,,,"388","421","83","124"
"2024_q3",,"Whipple Procedures",,"Total","Provincial","2024","3","11","20","29","230"
"12month_rolling","Otolaryngology (ENT)","All","Hudson, Thomas",,,,,"14","61","26","68"
"2025_q1",,"Lymph Node Biopsy",,"Zone 4","QE2","2025","1","15","28","30","62"
"12month_rolling","Plastic Surgery","Orthopaedic Trauma","Singh, Ashvir",,,,,"7","25","4","30"
"2024_q2",,"Hernia Repair  (Adult)",,"Total","Provincial","2024","2","59","427","76","224"
"2023_q4",,"Back Surgery  (Pediatric)",,"IWK","IWK","2023","4",,,"253","617"
"12month_rolling","Thoracic Surgery","Esophagectomy / Esophageal Surgery","French, Daniel Gerard",,,,,"15","23","33","104"
"12month_rolling","Otolaryngology (ENT)","Nose Surgery - Reconstructive or Aesthetic","Taylor, S. Mark",,,,,"22","54","62","184"
"2024_q4",,"Knee Scope with ACL Repair",,"Zone 4","QE2","2024","4","72","133","98","239"
"2023_q2",,"Back Surgery  (Adult)",,"Total","Provincial","2023","2","70","477","122","306"
"12month_rolling","Orthopaedic","All","Dodd, Faith",,,,,"120","352","69","149"
"2023_q3",,"Prostate Cancer Surgery",,"Total","Provincial","2023","3","22","66","123","217"
"12month_rolling",,"Congenital Heart Surgery",,"IWK","IWK","2025","2",,,"33","76"
"2024_q1",,"Bowel Resection - Laparoscopic",,"Total","Provincial","2024","1","20","136","30","91"
"12month_rolling","Urology","Prostate Cancer Surgery","Mason, Ross",,,,,"36","78","117","225"
"2023_q3",,"Carpal Tunnel Surgery",,"Zone 1","Valley Regional","2023","3","163","356","122","192"
"2025_q1",,"Aesthetic Surgery",,"Total","Provincial","2025","1","171","575","49","188"
"2024_q3",,"Head and Neck Surgery",,"Zone 4","Dartmouth General","2024","3","11","83","87","359"
"2023_q3",,"Sacral Nerve Stimulation",,"Zone 4","QE2","2023","3",,,"93","143"
"2023_q3",,"Bowel Resection - Laparoscopic",,"Zone 3","Cape Breton Regional","2023","3","24","121","17","34"
"12month_rolling",,"Hernia Repair - Umbilical",,"Zone 2","Cumberland Regional","2025","2","69","139","56","109"
"2024_q4",,"Septoplasty",,"Zone 2","Cumberland Regional","2024","4",,,"109","222"
"2024_q2",,"Gallbladder Surgery",,"Zone 4","Hants Community Hospital","2024","2","48","182","26","89"
"2023_q3",,"Breast Reduction Surgery",,"Zone 4","QE2","2023","3","1187","1367","109","231"
"2023_q4",,"Coronary Artery Bypass Graft",,"Zone 4","QE2","2023","4",,,"7","30"
"3month_rolling",,"Shoulder Arthroscopy",,"Zone 1","Valley Regional","2025","2","234","600","143","250"
"3month_rolling",,"Functional Endoscopic Sinus Surgery (FESS)",,"Total","Provincial","2025","2","41","132","129","343"
"2024_q3",,"Hysterectomy  (Cancer Not Suspected)",,"IWK","IWK","2024","3","144","667","213","409"
"2024_q4",,"Gastrointestinal Tract Surgery - Laparoscopic",,"Zone 4","Dartmouth General","2024","4","16","103","37","53"
"2024_q3",,"Prostate Surgery",,"Zone 4","Dartmouth General","2024","3","43","104","134","335"
"12month_rolling","All Specialties",,,,,"2025","2",,,"65","257"
"2023_q3",,"Bowel Resection",,"Zone 1","Yarmouth Regional","2023","3",,,"16","62"
"12month_rolling",,"Osteotomy",,"Total","Provincial","2025","2","107","635","107","255"
"12month_rolling","General Surgery","Bowel Resection","Poushay, Heather",,,,,"19","61","12","19"
"12month_rolling","General Surgery","Hernia Repair - Inguinal/Femoral","Watson-Jessome, Jane",,,,,"240","296","36","99"
"2024_q3",,"Dental Extractions and Restorations  (Pediatric)",,"Zone 1","South Shore Regional","2024","3",,,"18","98"
"12month_rolling","Orthopaedic","Carpal Tunnel Surgery","Hewins, Edward",,,,,"215","391","85","147"
"12month_rolling","Orthopaedic","Knee Replacement","Howatt, Jonathan",,,,,"430","477","361","563"
"2024_q3",,"Knee Scope",,"Zone 4","Hants Community Hospital","2024","3","105","331","85","141"
"12month_rolling","Urology","All","Whelan, Emily",,,,,"54","363","47","167"
"12month_rolling","General Surgery","Colorectal Cancer Surgery","Murphy, Christopher",,,,,"21","40","29","50"
"3month_rolling",,"Carpal Tunnel Surgery",,"Zone 3","Inverness Consolidated Memorial","2025","2","147","235","67","72"
"2025_q1",,"Functional Endoscopic Sinus Surgery (FESS)",,"Zone 4","Dartmouth General","2025","1","88","260","116","208"
"2025_q1",,"Kidney Removal",,"Zone 4","QE2","2025","1","15","48","80","145"
"2023_q3",,"Maxillofacial Deformity Surgery",,"Zone 4","QE2","2023","3","258","400","247","541"
"2025_q1",,"Knee Replacement Revision",,"Zone 4","QE2","2025","1",,,"84","334"
"12month_rolling","Vascular Surgery","Bowel Resection - Open","Heisler, Benjamin",,,,,"10","66","34","54"
"2023_q3",,"Dental Extractions and Restorations  (Pediatric)",,"Zone 3","Glace Bay","2023","3",,,"100","280"
"3month_rolling",,"Hip Replacement Revision",,"Total","Provincial","2025","2","104","154","137","420"
"12month_rolling",,"Gastrointestinal Tract Surgery - Laparoscopic",,"Zone 4","QE2","2025","2","30","234","41","247"
"2024_q2",,"Thyroid or Parathyroid Surgery",,"Zone 3","Cape Breton Regional","2024","2","49","154","254","491"
"2025_q1",,"Cardiovascular Surgery",,"Zone 4","QE2","2025","1",,,"61","102"
"2024_q1",,"Hernia Repair - Laparoscopic Inguinal Femoral",,"Zone 2","Aberdeen Hospital","2024","1","321","978",,
"2024_q3",,"Hip Replacement",,"Zone 1","Valley Regional","2024","3","178","461","223","604"
"12month_rolling",,"Prostate Surgery",,"Zone 4","QE2","2025","2","51","182","104","227"
"2025_q2",,"Hernia Repair  (Adult)",,"Zone 2","Colchester East Hants Health Centre","2025","2","21","404","153","345"
"2024_q4",,"Hernia Repair - Inguinal/Femoral",,"Zone 3","Cape Breton Regional","2024","4","316","645","109","437"
"2024_q3",,"Hernia Repair  (Adult)",,"Zone 4","Dartmouth General","2024","3","172","505","128","300"
"3month_rolling",,"Hip Replacement Revision",,"Zone 4","QE2","2025","2",,,"218","455"
"2025_q1",,"Insertion Vascular Access Catheter",,"IWK","IWK","2025","1",,,"11","85"
"2025_q2",,"Colorectal Cancer Surgery",,"Zone 1","Valley Regional","2025","2","53","286","41","82"
"2024_q4",,"Vascular Bypass Surgery",,"Total","Provincial","2024","4",,,"8","30"
"12month_rolling","Dental","Dental Extractions and Restorations  (Adult)","Brown, Charlotte",,,,,"19","40","101","319"
"2024_q3",,"Cataract Surgery",,"Zone 3","St. Martha's Regional","2024","3","133","747","103","158"
"2023_q3",,"Nerve or Brain Stimulation",,"Total","Provincial","2023","3","89","125","22","54"
"12month_rolling","Vascular Surgery","All","McDonald, Joey",,,,,"2","3","29","84"
"2025_q2",,"Bowel Resection",,"Zone 2","Aberdeen Hospital","2025","2",,,"19","43"
"12month_rolling",,"Bladder Surgery",,"Zone 4","QE2","2025","2","15","64","41","82"
"12month_rolling","General Surgery","Gallbladder Surgery","Kavanagh, Rhys",,,,,"31","78","28","119"
"2025_q2",,"Foot - Bunionectomy",,"Total","Provincial","2025","2",,,"84","162"
"2023_q4",,"Hernia Repair - Umbilical",,"Zone 1","South Shore Regional","2023","4","33","164","81","147"
"2025_q2",,"Kidney Stone Surgery",,"Zone 4","QE2","2025","2","27","55","35","136"
"2025_q1",,"Hernia Repair  (Adult)",,"Zone 1","Valley Regional","2025","1","68","409","76","373"
"2024_q2",,"Nerve or Brain Stimulation",,"Zone 4","QE2","2024","2","56","98","52","204"
"2024_q3",,"Hemorrhoidectomy",,"Total","Provincial","2024","3","114","608","86","492"
"12month_rolling","Obstetrics/Gynaecology","Hysteroscopy","Bentley, Heidi",,,,,"40","325","60","294"
"2025_q1",,"Functional Endoscopic Sinus Surgery (FESS)",,"Zone 3","St. Martha's Regional","2025","1",,,"102","117"
"2025_q1",,"Hysteroscopy",,"Zone 3","Cape Breton Regional","2025","1",,,"104","246"
"2023_q2",,"Hysteroscopy",,"Zone 1","Valley Regional","2023","2","34","420","74","381"
"2023_q4",,"Hernia Repair - Incisional",,"Zone 2","Colchester East Hants Health Centre","2023","4",,,"165","232"
"2023_q4",,"Oculo Plastic Surgery",,"Total","Provincial","2023","4","79","369","72","270"
"2025_q1",,"Vascular Bypass Surgery",,"Zone 4","QE2","2025","1",,,"14","99"
"2023_q2",,"Vascular Bypass Surgery",,"Total","Provincial","2023","2",,,"13","26"
"12month_rolling","Plastic Surgery","Surgery for Hearing or Balance Problems of the Ear","Bezuhly, Michael",,,,,"102","135","138","229"
"3month_rolling",,"Removal of Ovaries and/or Fallopian Tubes  (Cancer Not Suspected)",,"Zone 1","Yarmouth Regional","2025","2","79","456","22","52"
"2024_q4",,"Kidney Stone Surgery",,"Zone 4","QE2","2024","4","38","103","55","130"
"2023_q2",,"Whipple Procedures",,"Zone 4","QE2","2023","2","11","17","15","28"
"2024_q2",,"Hysteroscopy",,"Zone 2","Colchester East Hants Health Centre","2024","2","62","240","50","151"
"2024_q4",,"Hysterectomy  (Cancer Not Suspected)",,"Zone 2","Aberdeen Hospital","2024","4","39","42","94","134"
"3month_rolling",,"Kidney Stone Surgery",,"Zone 1","Valley Regional","2025","2","56","370","31","69"
"12month_rolling","General Surgery","Gastrointestinal Tract Surgery - Laparoscopic","Roach, Eileen",,,,,"15","146","20","101"
"2025_q2",,"Hernia Repair - Umbilical",,"Zone 4","QE2","2025","2","253","475",,
"12month_rolling",,"Foot - Osteotomy",,"Total","Provincial","2025","2","559","635","66","142"
"2024_q3",,"Knee Replacement Revision",,"Total","Provincial","2024","3","79","249","95","170"
"2025_q2",,"Gastrointestinal Tract Surgery",,"Zone 2","Aberdeen Hospital","2025","2",,,"29","61"
"2024_q3",,"Female Incontinence Surgery",,"Total","Provincial","2024","3","153","731","118","301"
"2024_q3",,"Tear Duct Surgery",,"Zone 4","QE2","2024","3","29","244",,
"2023_q3",,"Laryngology and Vocal Cord Surgery",,"Total","Provincial","2023","3","28","97","92","569"
"2025_q2",,"Cataract Surgery",,"Zone 1","South Shore Regional","2025","2","148","280","20","138"
"12month_rolling","Ophthalmology","Cornea and External Disease","Pollmann, Andre",,,,,"60","154","58","188"
"12month_rolling","Ophthalmology","All","Iaboni, Douglas",,,,,"21","244","71","115"
"3month_rolling",,"Brain Surgery  (Pediatric)",,"Total","Provincial","2025","2",,,"86","198"
"12month_rolling","General Surgery","Colorectal Cancer Surgery","Kelly, Ryan Patrick",,,,,"36","288","39","116"
"2024_q4",,"Prostate Surgery",,"Zone 3","Cape Breton Regional","2024","4","32","67","54","329"
"12month_rolling","Otolaryngology (ENT)","Functional Endoscopic Sinus Surgery (FESS)","Chin, Christopher",,,,,"20","75","84","117"
"2024_q3",,"Nissen Fundoplication - Laparoscopic",,"Total","Provincial","2024","3","98","706","114","387"
"2025_q1",,"Gallbladder Surgery",,"Total","Provincial","2025","1","53","316","59","247"
"12month_rolling","Urology","All","Miller, M Dale",,,,,"34","175","35","148"
"2023_q3",,"Cataract Surgery",,"Zone 2","Colchester East Hants Health Centre","2023","3","300","373","102","170"
"2025_q1",,"Dental Extractions and Restorations  (Adult)",,"Zone 4","QE2","2025","1","133","231","131","295"
"12month_rolling","General Surgery","Bowel Resection","Livingstone, Scott",,,,,"16","22","28","54"
"3month_rolling",,"Knee Scope",,"Zone 3","Glace Bay","2025","2",,,"97","169"
"2024_q3",,"Lung Surgery",,"Total","Provincial","2024","3","27","73","42","106"
"2025_q1",,"Knee Scope",,"Zone 4","QE2","2025","1","39","146","101","238"
"12month_rolling",,"Hernia Repair - Umbilical",,"Zone 3","St. Martha's Regional","2025","2","59","184","260","440"
"12month_rolling","Ophthalmology","Vitreoretinal Diseases","Samad, Arif",,,,,"1","1","13","59"
"2024_q4",,"Palmar Fascia Excision for Dupuytren's Disease",,"Zone 3","St. Martha's Regional","2024","4","90","358",,
"12month_rolling","General Surgery","Gastrointestinal Tract Surgery - Laparoscopic","MacFarlane, David",,,,,"77","300","54","82"
"2024_q1",,"Cataract Surgery",,"Zone 1","Yarmouth Regional","2024","1","292","387","48","80"
"2024_q3",,"Colorectal Cancer Surgery",,"Zone 3","Cape Breton Regional","2024","3","12","38","19","39"
"2024_q3",,"Shoulder Arthroplasty",,"Zone 1","Valley Regional","2024","3","210","403","196","337"
"2024_q3",,"Foot - Arthrodesis",,"Total","Provincial","2024","3","55","670","117","259"
"2024_q2",,"Hernia Repair - Inguinal/Femoral",,"Zone 4","Dartmouth General","2024","2","116","377","79","216"
"2025_q2",,"Surgery for Hearing or Balance Problems of the Ear",,"Zone 1","Valley Regional","2025","2",,,"155","348"
"12month_rolling","Orthopaedic","Knee Scope","Rayes, Johnny",,,,,"121","266","114","242"
"2023_q4",,"Shoulder Arthroscopy",,"Zone 4","Hants Community Hospital","2023","4","76","311","54","201"
"12month_rolling","Otolaryngology (ENT)","Functional Endoscopic Sinus Surgery (FESS)","Balys, Richard L",,,,,"48","101","51","166"
"2024_q2",,"Ear Tubes  (Pediatric)",,"IWK","IWK","2024","2","65","213","110","197"
"12month_rolling",,"Cystoscopy",,"Total","Provincial","2025","2","40","190","41","175"
"12month_rolling",,"Foot - Arthrodesis",,"Zone 1","Yarmouth Regional","2025","2",,,"135","231"
"2024_q1",,"Surgery for Hearing or Balance Problems of the Ear",,"Zone 1","Yarmouth Regional","2024","1","107","302","34","57"
"2023_q4",,"Brain Surgery  (Pediatric)",,"IWK","IWK","2023","4",,,"39","44"
"2024_q4",,"Orthopaedic Trauma",,"Zone 4","QE2","2024","4",,,"30","414"
"2024_q4",,"Tonsillectomy and/or Adenoidectomy  (Pediatric)",,"Zone 1","South Shore Regional","2024","4","339","423","71","228"
"3month_rolling",,"Gallbladder Surgery",,"Zone 1","Yarmouth Regional","2025","2","69","112","59","98"
"2025_q2",,"Male Reproductive System Surgery",,"Zone 4","QE2","2025","2","128","274","127","441"
"2025_q1",,"Gastrointestinal Tract Surgery - Laparoscopic",,"Zone 4","QE2","2025","1","30","209","42","121"
"2024_q1",,"Hernia Repair  (Adult)",,"Zone 3","Cape Breton Regional","2024","1","267","396","244","814"
"12month_rolling","Plastic Surgery","Tendon / Ligament Repair","Corkum, Joseph",,,,,"23","210","27","82"
"2024_q4",,"Coronary Artery Bypass Graft",,"Total","Provincial","2024","4",,,"67","122"
"12month_rolling",,"Gastrointestinal Tract Surgery",,"Zone 2","Colchester East Hants Health Centre","2025","2","49","95","46","124"
"12month_rolling","Orthopaedic","Knee Scope","Howatt, Jonathan",,,,,"37","493","97","189"
"2023_q4",,"Ear Tubes  (Pediatric)",,"IWK","IWK","2023","4","126","257","98","172"
"12month_rolling","Orthopaedic","Shoulder Surgery","McPherson, John",,,,,"174","305","113","245"
"12month_rolling","Plastic Surgery","Breast Cancer Surgery","Wheelock, Margaret",,,,,"25","25","33","52"
"2024_q1",,"Male Reproductive System Surgery",,"Zone 4","Hants Community Hospital","2024","1","135","369","79","172"
"2024_q2",,"Tonsillectomy and/or Adenoidectomy  (Pediatric)",,"Zone 3","St. Martha's Regional","2024","2",,,"27","41"
"2024_q3",,"Gastrointestinal Tract Surgery",,"Zone 3","Cape Breton Regional","2024","3","14","18","25","125"
"2024_q4",,"Glaucoma (Eye Pressure Lowering Surgery)",,"Zone 4","QE2","2024","4","70","689","20","60"
"2025_q1",,"Aneurysm Repair",,"Zone 4","QE2","2025","1","41","83","55","134"
"2024_q2",,"Nose Surgery - Reconstructive or Aesthetic",,"Total","Provincial","2024","2","53","187","29","156"
"2025_q2",,"Carpal Tunnel Surgery",,"Zone 2","Aberdeen Hospital","2025","2","52","209","29","94"
"12month_rolling",,"Male Reproductive System Surgery",,"Zone 4","Hants Community Hospital","2025","2","145","360","86","363"
"12month_rolling","Orthopaedic","All","Leighton, Ross K",,,,,"117","364","297","857"
"3month_rolling",,"Dental Extractions and Restorations  (Pediatric)",,"Zone 2","Cumberland Regional","2025","2","31","81","81","152"
"2025_q2",,"Gallbladder Surgery",,"Zone 3","Cape Breton Regional","2025","2","43","433","49","134"
"2024_q4",,"Colorectal Cancer Surgery",,"Zone 4","QE2","2024","4","24","79","34","58"
"2024_q1",,"Dental Extractions and Restorations  (Pediatric)",,"Zone 3","St. Martha's Regional","2024","1","147","383","118","278"
"2023_q4",,"Hernia Repair  (Adult)",,"Zone 2","Aberdeen Hospital","2023","4","91","416","33","67"
"12month_rolling","General Surgery","Gastrointestinal Tract Surgery","Johnson, Kevin",,,,,"68","176","27","71"
"2024_q2",,"Gastrointestinal Tract Surgery - Laparoscopic",,"Zone 2","Cumberland Regional","2024","2",,,"26","42"
"12month_rolling","General Surgery","Gastrointestinal Tract Surgery - Laparoscopic","Spence, Richard",,,,,"24","48","35","91"
"2024_q3",,"Knee Scope with ACL Repair",,"Zone 4","QE2","2024","3","64","112","120","284"
"3month_rolling",,"Knee Scope",,"Zone 4","Hants Community Hospital","2025","2","75","252","39","104"
"2023_q3",,"Septoplasty",,"Zone 2","Cumberland Regional","2023","3",,,"72","236"
"2023_q2",,"Tonsillectomy and/or Adenoidectomy  (Adult)",,"Zone 4","Dartmouth General","2023","2",,,"75","497"
"3month_rolling",,"Kidney Stone Surgery",,"Zone 4","QE2","2025","2","27","55","35","136"
"12month_rolling","General Surgery","Gastrointestinal Tract Surgery","Sahi, Chakshu",,,,,"48","137","27","52"
"2025_q2",,"Hysteroscopy",,"Zone 4","Dartmouth General","2025","2","33","135","44","110"
"12month_rolling","General Surgery","Hernia Repair  (Adult)","Wasserman, Lukas",,,,,"84","231","237","474"
"12month_rolling","Thoracic Surgery","Lung Cancer Surgery","Mujoomdar, Aneil Arvind",,,,,"21","50","29","48"
"2023_q3",,"Whipple Procedures",,"Total","Provincial","2023","3","14","16","25","52"
"2024_q4",,"Prostatectomy",,"Zone 4","QE2","2024","4","35","173","117","179"
"12month_rolling","Urology","Prostate Surgery","Moore, Jonathan Peter",,,,,"47","181","87","303"
"2023_q4",,"Gastrointestinal Tract Surgery",,"Zone 1","Valley Regional","2023","4","49","182","40","275"
"12month_rolling","Thoracic Surgery","Nissen Fundoplication - Laparoscopic","Mujoomdar, Aneil Arvind",,,,,"42","111","59","165"
"12month_rolling","General Surgery","Whipple Procedures","Hiebert, Stephanie",,,,,"14","28","28","45"
"2025_q2",,"Dental Extractions and Restorations  (Pediatric)",,"Zone 3","Inverness Consolidated Memorial","2025","2","72","328","61","291"
"12month_rolling","Orthopaedic","Carpal Tunnel Surgery","Murphy, Nadia L",,,,,"80","88","112","134"
"2023_q4",,"Bladder Cancer Surgery",,"Zone 1","Valley Regional","2023","4","12","513","28","87"
"12month_rolling","Obstetrics/Gynaecology","Kidney / Upper Urinary Tract","Smith, Anita",,,,,"542","604","123","252"
"12month_rolling","Dental","Dental Extractions and Restorations  (Pediatric)","Brown, Charlotte",,,,,"47","91","111","259"
"12month_rolling","Otolaryngology (ENT)","Tonsillectomy and/or Adenoidectomy  (Adult)","Piccott, Devin",,,,,"29","155","62","140"
"2025_q1",,"Tonsillectomy and/or Adenoidectomy  (Pediatric)",,"IWK","IWK","2025","1","314","393","193","351"
"12month_rolling",,"Knee Replacement - Partial",,"Zone 1","Valley Regional","2025","2",,,"340","497"
"2024_q3",,"Hernia Repair - Laparoscopic Inguinal Femoral",,"Total","Provincial","2024","3","128","462","128","320"
"2023_q2",,"Cardiovascular Surgery",,"Zone 4","QE2","2023","2",,,"10","91"
"2024_q1",,"Foot - Arthrodesis",,"Zone 4","QE2","2024","1","746","771","86","150"
"2024_q1",,"Aesthetic Surgery",,"Total","Provincial","2024","1","44","514","107","233"
"12month_rolling","Thoracic Surgery","Video-Assisted Thoracic Surgery","Mujoomdar, Aneil Arvind",,,,,"21","50","27","52"
"2023_q3",,"Hernia Repair  (Adult)",,"Zone 1","Yarmouth Regional","2023","3","49","105","58","112"
"2024_q4",,"Salivary Gland Surgery",,"Total","Provincial","2024","4",,,"129","262"
"12month_rolling","Otolaryngology (ENT)","Surgery for Hearing or Balance Problems of the Ear","Piccott, Devin",,,,,"79","226","84","194"
"12month_rolling",,"Pacemaker Insertion",,"Zone 4","QE2","2025","2",,,"32","70"
"2024_q1",,"Dental Extractions and Restorations  (Adult)",,"Zone 1","South Shore Regional","2024","1","91","233","37","297"
"2024_q1",,"Bowel Resection - Laparoscopic",,"Zone 1","Valley Regional","2024","1","43","301","27","127"
"2024_q2",,"Gallbladder Surgery",,"Zone 2","Colchester East Hants Health Centre","2024","2","36","64","97","181"
"2023_q4",,"Knee Replacement",,"Zone 4","Dartmouth General","2023","4","374","696","230","487"
"2023_q3",,"Functional Endoscopic Sinus Surgery (FESS)",,"Total","Provincial","2023","3","41","197","69","173"
"2025_q1",,"Prostate Surgery - Laparoscopic",,"Total","Provincial","2025","1","24","68","107","172"
"2023_q2",,"Insertion Vascular Access Catheter",,"IWK","IWK","2023","2",,,"69","300"
"2024_q1",,"Pancreas Surgery",,"Zone 4","QE2","2024","1","9","24","21","62"
"2024_q2",,"Gastrointestinal Tract Surgery",,"Zone 4","QE2","2024","2","31","120","45","595"
"2024_q1",,"Palmar Fascia Excision for Dupuytren's Disease",,"Total","Provincial","2024","1","124","750","137","278"
"2024_q1",,"Hernia Repair - Inguinal/Femoral",,"IWK","IWK","2024","1",,,"167","436"
"12month_rolling","General Surgery","Bowel Resection - Laparoscopic","Faryniuk, Andrea Marie",,,,,"17","47","28","40"
"12month_rolling","Orthopaedic","Shoulder Arthroplasty","McPherson, John",,,,,"205","403","118","288"
"12month_rolling","Plastic Surgery","Tendon / Ligament Repair","Krauss, Emily",,,,,"78","381","33","137"
"2024_q1",,"Bladder Cancer Surgery",,"Zone 4","QE2","2024","1","29","61","33","83"
"2023_q2",,"Hip Replacement",,"Zone 1","Valley Regional","2023","2","152","400","487","664"
"2024_q2",,"Male Reproductive System Surgery",,"Total","Provincial","2024","2","88","376","107","469"
"2023_q2",,"Gallbladder Surgery",,"Zone 4","QE2","2023","2","27","68","73","241"
"2024_q2",,"Pelvic Floor Repair",,"IWK","IWK","2024","2","152","891","202","324"
"2024_q3",,"Pancreas Surgery",,"Zone 4","QE2","2024","3","14","27","30","79"
"3month_rolling",,"Removal of Ovaries and/or Fallopian Tubes  (Cancer Not Suspected)",,"Zone 3","Cape Breton Regional","2025","2","352","515","74","303"
"2024_q2",,"Maxillofacial Deformity Surgery",,"Zone 4","QE2","2024","2","297","538","216","456"
"2024_q4",,"Hernia Repair - Umbilical",,"IWK","IWK","2024","4",,,"52","197"
"2024_q3",,"Bowel Resection - Open",,"Zone 1","Yarmouth Regional","2024","3",,,"28","87"
"2025_q2",,"Lymph Node Biopsy",,"Zone 4","QE2","2025","2","10","41","31","56"
"2024_q1",,"Prostate Surgery",,"Zone 1","Yarmouth Regional","2024","1",,,"69","148"
"2025_q2",,"Esophagectomy / Esophageal Surgery",,"Total","Provincial","2025","2",,,"28","51"
"3month_rolling",,"Septoplasty",,"Zone 1","Valley Regional","2025","2","571","909","332","469"
"12month_rolling","Orthopaedic","Hip Replacement","Van Graan, Wouter",,,,,"103","212","59","125"
"3month_rolling",,"Tonsillectomy and/or Adenoidectomy  (Pediatric)",,"IWK","IWK","2025","2","183","396","196","421"
"12month_rolling","Obstetrics/Gynaecology","All","Bentley, Heidi",,,,,"81","990","88","294"
"2025_q2",,"Back Surgery  (Adult)",,"Total","Provincial","2025","2","118","566","94","211"
"12month_rolling","Ophthalmology","All","Lampert Monte Francisconi, Carolina",,,,,"63","588","118","338"
"2024_q4",,"Bladder Surgery",,"Zone 3","Cape Breton Regional","2024","4",,,"54","93"
"12month_rolling","General Surgery","Gallbladder Surgery","Dzierzanowski, Martin",,,,,"38","72","90","139"
"12month_rolling","General Surgery","Gallbladder Surgery","Minor, Samuel",,,,,"74","182","60","185"
"3month_rolling",,"Melanoma Excision",,"Zone 3","St. Martha's Regional","2025","2","34","57",,
"2024_q4",,"Kidney Removal",,"Zone 4","QE2","2024","4","16","68","69","182"
"2023_q3",,"Cataract Surgery",,"Zone 1","South Shore Regional","2023","3","114","148","263","363"
"2023_q4",,"Colorectal Cancer Surgery",,"Zone 4","Dartmouth General","2023","4","14","104","23","38"
"12month_rolling","Plastic Surgery","Tendon / Ligament Repair","Davis, George R",,,,,"265","630","40","85"
"2023_q4",,"Thyroid or Parathyroid Surgery",,"Zone 4","QE2","2023","4","52","250","48","568"
"2025_q2",,"Gallbladder Surgery",,"Zone 3","St. Martha's Regional","2025","2","26","77","118","265"
"2024_q2",,"Nerve or Brain Stimulation",,"Total","Provincial","2024","2","56","98","51","184"
"2025_q1",,"Foot - Bunionectomy",,"Total","Provincial","2025","1",,,"59","83"
"2023_q3",,"Gastrointestinal Tract Surgery",,"Zone 4","Dartmouth General","2023","3","52","890","94","327"
"2025_q2",,"Septoplasty",,"Zone 4","Dartmouth General","2025","2","73","250","172","581"
"12month_rolling","Urology","Prostatectomy","Butler, Trevor",,,,,,,"60","76"
"2024_q1",,"Nerve or Brain Stimulation",,"Zone 4","QE2","2024","1","104","791","68","160"
"2023_q4",,"Bowel Resection - Laparoscopic",,"Zone 4","QE2","2023","4","28","273","31","107"
"2025_q2",,"Removal of Ovaries and/or Fallopian Tubes  (Cancer Not Suspected)",,"Zone 3","Cape Breton Regional","2025","2","352","515","74","303"
"2024_q4",,"Hernia Repair - Inguinal/Femoral",,"Zone 2","Colchester East Hants Health Centre","2024","4","56","89","118","262"
"12month_rolling","Orthopaedic","Knee Scope with ACL Repair","Legay, Douglas A",,,,,"70","78","57","93"
"2024_q1",,"Amputations",,"Total","Provincial","2024","1","29","62","41","249"
"2025_q1",,"Knee Scope",,"Zone 2","Aberdeen Hospital","2025","1","71","270","58","164"
"12month_rolling","General Surgery","Hernia Repair - Inguinal/Femoral","King, Jenelle",,,,,"44","146","64","111"
"2024_q3",,"Bariatric Surgery (for Weight Loss)",,"Total","Provincial","2024","3","89","160","219","310"
"12month_rolling","Obstetrics/Gynaecology","All","Vair, Brett",,,,,"55","396","55","135"
"2025_q1",,"Hernia Repair - Umbilical",,"Zone 4","QE2","2025","1","146","509",,
"12month_rolling","General Surgery","Hernia Repair - Umbilical","Booth, John",,,,,"17","32","170","216"
"12month_rolling","General Surgery","Breast Cancer Surgery","Butler, Clay K",,,,,"10","16","21","25"
"12month_rolling","Plastic Surgery","Hand / Upper Extremity","Singh, Ashvir",,,,,"74","154","101","143"
"2023_q3",,"Hernia Repair  (Adult)",,"Zone 3","Inverness Consolidated Memorial","2023","3",,,"67","247"
"2023_q4",,"Gallbladder Surgery",,"Zone 2","Cumberland Regional","2023","4","14","43","43","150"
"12month_rolling","Dental","Dental Extractions and Restorations  (Pediatric)","El Azrak, Mohamed",,,,,"14","22","47","133"
"2024_q1",,"Gallbladder Surgery",,"Zone 4","Dartmouth General","2024","1","65","246","76","220"
"3month_rolling",,"Breast Cancer Surgery",,"Zone 1","Valley Regional","2025","2","13","76","31","51"
"2025_q2",,"Knee Replacement Revision",,"Total","Provincial","2025","2","78","205","97","368"
"2023_q3",,"Gastrointestinal Tract Surgery - Laparoscopic",,"Zone 4","Dartmouth General","2023","3","12","44","45","120"
"12month_rolling","Ophthalmology","All","Gupta, Rudra Rishi",,,,,"38","132","48","118"
"2024_q2",,"Carpal Tunnel Surgery",,"Total","Provincial","2024","2","97","454","56","242"
"2024_q4",,"Knee Replacement Revision",,"Zone 4","Dartmouth General","2024","4",,,"85","186"
"2024_q4",,"Hernia Repair - Umbilical",,"Zone 4","Dartmouth General","2024","4","83","697","153","339"
"2024_q3",,"Hand / Upper Extremity",,"Total","Provincial","2024","3","91","952","101","573"
"2023_q3",,"Male Reproductive System Surgery",,"Zone 4","QE2","2023","3","82","273","125","642"
"2024_q1",,"Vascular Bypass Surgery",,"Zone 4","QE2","2024","1",,,"24","36"
"2024_q1",,"Prostate Surgery",,"Zone 3","Northside General","2024","1",,,"51","106"
"12month_rolling","General Surgery","Breast Cancer Surgery","Hossain, Farisa",,,,,"7","47","28","37"
"12month_rolling","Otolaryngology (ENT)","All","Fowler, James",,,,,"23","57","42","233"
"12month_rolling","General Surgery","Insertion Vascular Access Catheter","Milford, Karen",,,,,,,"16","59"
"2025_q2",,"Cervical Spine (Neck) Surgery",,"Total","Provincial","2025","2","72","494","73","163"
"12month_rolling",,"Splenic Surgery",,"Total","Provincial","2025","2","30","72","58","167"
"2025_q1",,"Oculo Plastic Surgery",,"Zone 3","Cape Breton Regional","2025","1",,,"154","331"
"12month_rolling","Obstetrics/Gynaecology","Removal of Ovaries and/or Fallopian Tubes  (Cancer Not Suspected)","Nette, Farrell",,,,,"189","665","180","314"
"3month_rolling",,"Shoulder Arthroscopy",,"Zone 2","Aberdeen Hospital","2025","2","72","246","214","337"
"2025_q2",,"Hip Replacement",,"Zone 2","Aberdeen Hospital","2025","2","111","254","128","246"
"12month_rolling","Urology","Kidney Stone Surgery","Butler, Trevor",,,,,,,"57","199"
"2023_q4",,"Gastrointestinal Tract Surgery",,"Zone 2","Colchester East Hants Health Centre","2023","4",,,"51","62"
"12month_rolling",,"Hernia Repair - Ventral",,"Zone 3","Cape Breton Regional","2025","2","274","467","221","379"
"2024_q4",,"Knee Scope with ACL Repair",,"Total","Provincial","2024","4","48","137","83","232"
"2024_q1",,"Shoulder Arthroscopy",,"Zone 1","South Shore Regional","2024","1","69","211","139","277"
"12month_rolling","General Surgery","Bowel Resection","Johnson, Paul M",,,,,"68","339","66","642"
"2025_q2",,"Thyroid or Parathyroid Surgery",,"Total","Provincial","2025","2","41","208","54","168"
"12month_rolling","Orthopaedic","Knee Replacement","Urquhart, Nathan Alexander",,,,,,,"359","846"
"2024_q3",,"Hernia Repair - Inguinal/Femoral",,"Zone 3","Cape Breton Regional","2024","3","313","505","169","685"
"2023_q4",,"Glaucoma (Eye Pressure Lowering Surgery)",,"Total","Provincial","2023","4","27","237","26","135"
"12month_rolling","Orthopaedic","Knee Scope with ACL Repair","Arakgi, Michelle",,,,,"43","195","153","378"
"2024_q2",,"Hernia Repair  (Adult)",,"Zone 1","South Shore Regional","2024","2","42","68","52","123"
"12month_rolling",,"Hip Replacement - Partial",,"Zone 1","Valley Regional","2025","2",,,,
"12month_rolling","Urology","Male Circumcision  (Adult)","Paterson, Nicholas",,,,,"111","127","87","154"
"12month_rolling","Orthopaedic","Hip Replacement","Arakgi, Michelle",,,,,"112","769","193","245"
"2024_q2",,"Cardiovascular Surgery",,"Zone 4","QE2","2024","2",,,"14","100"
"2024_q2",,"Male Circumcision  (Adult)",,"Zone 4","Hants Community Hospital","2024","2",,,"100","264"
"2024_q3",,"Male Circumcision  (Pediatric)",,"Total","Provincial","2024","3",,,"90","444"
"2025_q1",,"Bowel Resection - Open",,"Zone 1","South Shore Regional","2025","1","23","36","33","111"
"2024_q3",,"Maxillofacial Deformity Surgery",,"Total","Provincial","2024","3","340","552","240","588"
"2024_q1",,"Cataract Surgery",,"Zone 1","Soldiers Memorial","2024","1","69","127","20","144"
"12month_rolling","Oral Maxillofacial","Maxillofacial Deformity Surgery","Gregoire, Curtis",,,,,"200","542","198","517"
"12month_rolling","Dental","All","Ojoleck, Michael",,,,,"30","67","199","351"
"12month_rolling","Obstetrics/Gynaecology","Hysteroscopy","Rudd, Michael W",,,,,"33","397","38","119"
"2025_q2",,"Nose Surgery - Reconstructive or Aesthetic",,"Zone 4","QE2","2025","2","25","82","24","65"
"2025_q1",,"Bladder Cancer Surgery",,"Zone 4","QE2","2025","1","24","77","28","58"
"2023_q3",,"Foot - Arthrodesis",,"Total","Provincial","2023","3","40","734","136","304"
"2023_q2",,"Coronary Artery Bypass Graft",,"Total","Provincial","2023","2",,,"7","83"
"2025_q1",,"Hernia Repair - Laparoscopic Umbilical",,"Total","Provincial","2025","1","383","500","122","294"
"2024_q4",,"Knee Replacement - Partial",,"Total","Provincial","2024","4","298","661","98","315"
"2023_q3",,"Knee Scope",,"Total","Provincial","2023","3","50","175","79","248"
"3month_rolling",,"Knee Scope with ACL Repair",,"Zone 4","QE2","2025","2","238","277","243","375"
"2025_q2",,"Knee Scope",,"Zone 3","Cape Breton Regional","2025","2","111","164","146","513"
"2024_q2",,"Strabismus Surgery  (Pediatric)",,"IWK","IWK","2024","2",,,"244","545"
"2024_q3",,"Knee Replacement",,"Zone 1","Valley Regional","2024","3","389","446","154","456"
"2024_q2",,"Hernia Repair  (Adult)",,"Zone 3","Inverness Consolidated Memorial","2024","2",,,"44","122"
"2023_q3",,"Whipple Procedures",,"Zone 4","QE2","2023","3","14","16","25","52"
"2024_q3",,"Endarterectomy",,"Zone 4","QE2","2024","3",,,"34","60"
"2023_q4",,"Hysterectomy  (Cancer Not Suspected)",,"Total","Provincial","2023","4","102","506","124","381"
"2024_q3",,"Colorectal Cancer Surgery",,"Zone 4","QE2","2024","3","21","147","36","91"
"2023_q3",,"AV Fistula Creation/Closure",,"Total","Provincial","2023","3",,,"14","31"
"2023_q4",,"Hemorrhoidectomy",,"Total","Provincial","2023","4","226","790","143","582"
"2024_q2",,"Knee Scope with ACL Repair",,"Zone 4","QE2","2024","2","39","193","131","207"
"2023_q2",,"Hysterectomy  (Cancer Not Suspected)",,"Zone 4","Dartmouth General","2023","2","43","110","80","204"
"2024_q3",,"Liver Surgery",,"Zone 4","QE2","2024","3","14","35","23","49"
"2023_q2",,"Insertion Vascular Access Catheter",,"Total","Provincial","2023","2","7","18","18","91"
"2024_q4",,"Tear Duct Surgery",,"Zone 4","QE2","2024","4","24","406",,
"12month_rolling","General Surgery","Pacemaker Insertion","Stoddart, Todd",,,,,"6","15","20","31"
"3month_rolling","General Surgery",,,,,"2025","2",,,"48","203"
"12month_rolling",,"Hernia Repair - Parastomal",,"Zone 3","Cape Breton Regional","2025","2",,,"333","851"
"2025_q1",,"Hysteroscopy",,"Zone 4","Dartmouth General","2025","1","44","155","61","129"
"2025_q1",,"Gallbladder Surgery",,"Zone 1","Yarmouth Regional","2025","1","71","145","45","97"
"2024_q4",,"Gastric Surgery - Laparoscopic",,"Zone 4","QE2","2024","4","47","158","87","993"
"2023_q2",,"Cataract Surgery",,"Zone 2","Colchester East Hants Health Centre","2023","2","353","365","182","362"
"2025_q2",,"Knee Scope",,"Zone 4","Dartmouth General","2025","2","73","219","87","231"
"12month_rolling","Urology","Cystoscopy","Whelan, Emily",,,,,"55","364","46","160"
"3month_rolling",,"Pelvic Floor Repair",,"Zone 2","Colchester East Hants Health Centre","2025","2","95","391","82","362"
"12month_rolling","Plastic Surgery","Breast Reduction Surgery","Williams, Jason G",,,,,"1051","1470","94","195"
"2025_q2",,"Hysterectomy  (Cancer Not Suspected)",,"Zone 4","QE2","2025","2","15","20","28","98"
"2024_q4",,"Lung Surgery",,"Total","Provincial","2024","4","22","55","24","62"
"2023_q4",,"Ear Tubes  (Pediatric)",,"Zone 3","Cape Breton Regional","2023","4","35","89","120","267"
"2023_q3",,"Salivary Gland Surgery",,"Total","Provincial","2023","3",,,"140","223"
"12month_rolling","Plastic Surgery","All","Davis, George R",,,,,"85","630","40","153"
"2024_q4",,"Septoplasty",,"Zone 3","St. Martha's Regional","2024","4","260","274","48","132"
"2025_q1",,"Bladder Cancer Surgery",,"Zone 4","Dartmouth General","2025","1",,,"40","111"
"2023_q2",,"Gastric Surgery - Laparoscopic",,"Zone 4","QE2","2023","2","56","137","142","483"
"12month_rolling","Orthopaedic","Foot - Reconstruction","Morash, Joel",,,,,"41","169","32","234"
"2024_q1",,"Esophagectomy / Esophageal Surgery",,"Zone 4","QE2","2024","1","23","47","34","110"
"12month_rolling","Dental","Dental Extractions and Restorations  (Pediatric)","Hughes, Stacey",,,,,"38","63","47","184"
"12month_rolling","Obstetrics/Gynaecology","Hysterectomy  (Cancer Not Suspected)","Murray, Angus",,,,,"49","63","275","502"
"12month_rolling",,"Surgery for Hearing or Balance Problems of the Ear",,"Zone 4","QE2","2025","2","161","576","146","1104"
"2024_q1",,"Tonsillectomy and/or Adenoidectomy  (Pediatric)",,"Zone 3","St. Martha's Regional","2024","1",,,"55","124"
"12month_rolling","Otolaryngology (ENT)","Septoplasty","Balys, Richard L",,,,,"134","224","95","439"
"2025_q2",,"Endarterectomy",,"Total","Provincial","2025","2",,,"36","65"
"12month_rolling","Urology","Male Reproductive System Surgery","Puthenparumpil, Jacob",,,,,"163","332","242","400"
"2023_q2",,"Septoplasty",,"Zone 3","St. Martha's Regional","2023","2","106","157","32","106"
"12month_rolling","Vascular Surgery","Carotid Endarterectomy","McDonald, Joey",,,,,,,"6","15"
"2023_q2",,"Shoulder Arthroscopy",,"Zone 3","Cape Breton Regional","2023","2","83","183","37","61"
"2025_q1",,"Gastrointestinal Tract Surgery - Laparoscopic",,"Zone 1","Valley Regional","2025","1","31","78","46","72"
"12month_rolling","Urology","Bladder Surgery","Rendon, Ricardo",,,,,"6","28","33","78"
"2023_q4",,"Gastrointestinal Tract Surgery - Laparoscopic",,"Total","Provincial","2023","4","21","234","27","83"
"2024_q4",,"Endarterectomy",,"Total","Provincial","2024","4",,,"33","106"
"2024_q1",,"Nose Surgery - Reconstructive or Aesthetic",,"Total","Provincial","2024","1","82","111","34","51"
"2025_q1",,"Hernia Repair  (Adult)",,"Zone 3","Inverness Consolidated Memorial","2025","1",,,"72","289"
"2024_q1",,"Insertion Vascular Access Catheter",,"IWK","IWK","2024","1",,,"36","215"
"12month_rolling","General Surgery","Hemorrhoidectomy","Kelly, Ryan Patrick",,,,,"126","1074","163","218"
"12month_rolling","Urology","All","Duplisea, Jonathan",,,,,"58","298","58","183"
"12month_rolling","Plastic Surgery",,,,,"2025","2",,,"57","255"
"2024_q1",,"Hysterectomy  (Cancer Not Suspected)",,"Zone 4","Dartmouth General","2024","1","67","234","70","101"
"2025_q1",,"Hernia Repair  (Adult)",,"Total","Provincial","2025","1","86","455","94","312"
"2023_q4",,"Carpal Tunnel Surgery",,"Zone 3","St. Martha's Regional","2023","4",,,"76","214"
"2023_q4",,"Shoulder Arthroscopy",,"Zone 4","Dartmouth General","2023","4","69","187","78","229"
"2025_q1",,"Maxillofacial Deformity Surgery",,"Zone 4","QE2","2025","1","272","616","207","407"
"2024_q1",,"Back Surgery  (Adult)",,"Total","Provincial","2024","1","80","498","101","231"
"12month_rolling",,"Craniotomy or Craniectomy",,"IWK","IWK","2025","2",,,"24","102"
"2025_q2",,"Hernia Repair - Inguinal/Femoral",,"Zone 2","Aberdeen Hospital","2025","2","156","481",,
"12month_rolling","Ophthalmology","All","Cheevers, Paul",,,,,"302","439","55","121"
"2023_q4",,"Cystoscopy",,"Zone 2","Colchester East Hants Health Centre","2023","4","23","66","66","364"
"2025_q2",,"Hernia Repair - Laparoscopic Inguinal Femoral",,"Zone 3","St. Martha's Regional","2025","2","158","244","177","424"
"12month_rolling","Obstetrics/Gynaecology","Pelvic Floor Repair","Marshall, Vaughan",,,,,"673","709","81","109"
"2025_q2",,"Cardiovascular Surgery",,"Zone 4","QE2","2025","2",,,"52","84"
"2023_q4",,"Tonsillectomy and/or Adenoidectomy  (Pediatric)",,"Total","Provincial","2023","4","170","238","140","261"
"2023_q4",,"Hernia Repair - Umbilical",,"IWK","IWK","2023","4",,,"123","289"
"12month_rolling","Obstetrics/Gynaecology","Hysterectomy  (Cancer Not Suspected)","Marais, Colin",,,,,"160","625","86","165"
"2024_q3",,"Coronary Artery Bypass Graft",,"Zone 4","QE2","2024","3",,,"12","98"
"12month_rolling","Orthopaedic","Orthopaedic Trauma","Burgesson, Bernard",,,,,"58","574","10","12"
"2025_q2",,"Hysterectomy  (Cancer Not Suspected)",,"Zone 3","St. Martha's Regional","2025","2","108","538","120","181"
"12month_rolling","Obstetrics/Gynaecology","Hysteroscopy","Hudgins, Sarah",,,,,"23","117","35","90"
"2023_q3",,"Knee Replacement Revision",,"Total","Provincial","2023","3","29","351","83","593"
"12month_rolling","Obstetrics/Gynaecology","Hysterectomy  (Cancer Suspected or Proven)","Kieser, Katharina E",,,,,"14","29","23","41"
"2024_q3",,"Removal of Ovaries and/or Fallopian Tubes  (Cancer Not Suspected)",,"Zone 3","St. Martha's Regional","2024","3","295","447","67","77"
"12month_rolling","Urology","Kidney Stone Surgery","Morris, Heather",,,,,"11","82","42","85"
"2025_q1",,"Septoplasty",,"Zone 4","Dartmouth General","2025","1","73","191","98","447"
"2023_q4",,"Strabismus Surgery  (Adult)",,"Total","Provincial","2023","4","346","799","65","337"
"2024_q2",,"Cataract Surgery",,"Zone 1","South Shore Regional","2024","2","123","158","110","383"
"2024_q2",,"Foot - Arthrodesis",,"Zone 4","QE2","2024","2","685","1592","133","305"
"12month_rolling","General Surgery","All","Hoogerboord, C Marius",,,,,"330","600","105","227"
"2025_q1",,"Nerve or Brain Stimulation",,"Total","Provincial","2025","1","80","945","23","44"
"12month_rolling","Urology","Cystoscopy","Miller, M Dale",,,,,"33","185","30","164"
"2023_q4",,"Prostate Surgery",,"Zone 3","Cape Breton Regional","2023","4","20","36","82","232"
"2025_q2",,"Kidney Stone Surgery",,"Zone 4","Dartmouth General","2025","2","35","125",,
"2023_q4",,"Kidney / Upper Urinary Tract",,"Zone 3","Cape Breton Regional","2023","4",,,"38","126"
"12month_rolling","General Surgery","Bowel Resection","Hoogerboord, C Marius",,,,,"36","435","32","60"
"2023_q2",,"Functional Endoscopic Sinus Surgery (FESS)",,"Total","Provincial","2023","2","38","179","69","250"
"2024_q4",,"Kidney Removal",,"Zone 1","Valley Regional","2024","4",,,"57","82"
"2024_q2",,"Breast Cancer Surgery",,"Zone 2","Aberdeen Hospital","2024","2","17","45","29","41"
"12month_rolling","General Surgery","Hernia Repair  (Adult)","Flor, Lior",,,,,"63","200","36","54"
"12month_rolling","Urology","Prostate Surgery","McCarthy, John Paul",,,,,"483","483","77","197"
"12month_rolling",,"Hernia Repair - Inguinal/Femoral",,"Zone 3","St. Martha's Regional","2025","2","61","189","167","307"
"12month_rolling","General Surgery","Breast Cancer Surgery","Poushay, Heather",,,,,"7","14","12","21"
"12month_rolling","General Surgery","Hernia Repair  (Adult)","de Boer, Krista",,,,,"60","85","153","300"
"12month_rolling","Obstetrics/Gynaecology","Hysterectomy  (Cancer Not Suspected)","Vair, Brett",,,,,"63","480","94","184"
"2023_q2",,"Hand / Upper Extremity",,"Total","Provincial","2023","2","78","277","94","453"
"12month_rolling","General Surgery","Breast Cancer Surgery","Giacomantonio, Carman Anthony",,,,,"13","21","29","64"
"2024_q4",,"Hemorrhoidectomy",,"Total","Provincial","2024","4","75","298","94","342"
"2023_q4",,"Hysterectomy  (Cancer Suspected or Proven)",,"Zone 4","QE2","2023","4","14","33","41","65"
"2024_q4",,"Gastrointestinal Tract Surgery - Laparoscopic",,"Zone 3","Cape Breton Regional","2024","4","15","74","18","47"
"12month_rolling","General Surgery","Bowel Resection","Helyer, Lucy K",,,,,"15","113","25","40"
"12month_rolling","Ophthalmology","All","Robitaille, Johane",,,,,"52","318","61","211"
"2024_q1",,"Hernia Repair  (Adult)",,"Zone 4","QE2","2024","1","69","295","46","224"
"3month_rolling",,"Dental Extractions and Restorations  (Adult)",,"Zone 4","QE2","2025","2","180","300","81","356"
"2024_q3",,"Pelvic Floor Repair",,"IWK","IWK","2024","3","137","275","248","371"
"12month_rolling","Ophthalmology","Cataract Surgery","Shuba, Lesya",,,,,"260","318","104","149"
"2024_q2",,"Hysteroscopy",,"IWK","IWK","2024","2","65","513","54","134"
"2024_q4",,"Removal of Ovaries and/or Fallopian Tubes  (Cancer Not Suspected)",,"Total","Provincial","2024","4","66","391","78","326"
"2024_q2",,"Thyroid or Parathyroid Surgery",,"Zone 4","Dartmouth General","2024","2","27","139","77","346"
"2025_q1",,"Hernia Repair - Inguinal/Femoral",,"Total","Provincial","2025","1","78","370","80","225"
"2024_q1",,"Knee Scope",,"Zone 2","Aberdeen Hospital","2024","1","90","312","49","118"
"2025_q1",,"Removal of Ovaries and/or Fallopian Tubes  (Cancer Not Suspected)",,"Zone 1","Valley Regional","2025","1","421","550","149","288"
"2025_q2",,"Hip Replacement",,"Zone 1","Valley Regional","2025","2","323","468","134","298"
"12month_rolling",,"Orthopaedic Trauma",,"Zone 3","Cape Breton Regional","2025","2",,,"24","79"
"12month_rolling","General Surgery","Hernia Repair - Umbilical","Joy, Edward",,,,,"108","141","81","137"
"2023_q4",,"Head and Neck Surgery",,"Total","Provincial","2023","4","18","90","39","245"
"12month_rolling","Orthopaedic","Knee Replacement","Rayes, Johnny",,,,,"227","342","150","249"
"2023_q2",,"Bladder Cancer Surgery",,"Zone 4","QE2","2023","2","17","43","24","83"
"2025_q1",,"Knee Replacement",,"Zone 2","Aberdeen Hospital","2025","1","167","392","139","298"
"2025_q2",,"Osteotomy",,"Total","Provincial","2025","2","67","443","75","364"
"2025_q1",,"Hernia Repair - Laparoscopic Inguinal Femoral",,"Zone 4","Dartmouth General","2025","1","81","309","100","196"
"2024_q2",,"Male Reproductive System Surgery",,"Zone 4","QE2","2024","2","82","506","100","349"
"12month_rolling","General Surgery","Hernia Repair  (Adult)","Archibald, Alison",,,,,"203","728","68","693"
"3month_rolling",,"Hernia Repair - Incisional",,"Zone 4","Dartmouth General","2025","2","228","350","80","473"
"2023_q3",,"Gallbladder Surgery",,"Zone 2","Aberdeen Hospital","2023","3","43","247","46","85"
"12month_rolling","Otolaryngology (ENT)","Thyroid or Parathyroid Surgery","Fowler, James",,,,,"34","48","32","40"
"12month_rolling","Orthopaedic","Knee Scope with ACL Repair","Urquhart, Nathan Alexander",,,,,"26","89","58","76"
"2024_q2",,"Orthopaedic Trauma",,"IWK","IWK","2024","2",,,"2","139"
"3month_rolling",,"Bladder Cancer Surgery",,"Total","Provincial","2025","2","29","182","31","110"
"2024_q1",,"Breast Cancer Surgery",,"Zone 1","Yarmouth Regional","2024","1","6","9","28","50"
"2024_q4",,"Gastrointestinal Tract Surgery",,"Zone 1","South Shore Regional","2024","4","31","182","25","64"
"12month_rolling","Otolaryngology (ENT)","Thyroid or Parathyroid Surgery","Taylor, Benjamin A",,,,,"103","199","98","182"
"12month_rolling",,"Amputations",,"Zone 4","QE2","2025","2","24","474","15","58"
"2024_q4",,"Orthopaedic Trauma",,"IWK","IWK","2024","4",,,"6","151"
"12month_rolling","Obstetrics/Gynaecology","Hysterectomy  (Cancer Not Suspected)","MacMullin, Gillian",,,,,"71","147","262","459"
"2025_q2",,"Bladder Cancer Surgery",,"Zone 2","Colchester East Hants Health Centre","2025","2","25","342","45","85"
"2025_q2",,"Hernia Repair  (Adult)",,"Zone 3","St. Martha's Regional","2025","2","66","244","174","314"
"12month_rolling","Obstetrics/Gynaecology","Removal of Ovaries and/or Fallopian Tubes  (Cancer Not Suspected)","Mawdsley, Scott D",,,,,"107","156","104","188"
"2025_q1",,"Breast Cancer Surgery",,"Zone 1","Valley Regional","2025","1","15","28","37","68"
"12month_rolling","General Surgery","Bowel Resection","Lamey, Alicia",,,,,"17","41","20","46"
"12month_rolling","Plastic Surgery","Palmar Fascia Excision for Dupuytren's Disease","Krauss, Emily",,,,,"614","751","125","292"
"12month_rolling","General Surgery","Hernia Repair - Incisional","MacFarlane, David",,,,,"39","62","79","118"
"12month_rolling","Obstetrics/Gynaecology","Hysteroscopy","MacMullin, Gillian",,,,,"210","282","36","120"
"12month_rolling","Obstetrics/Gynaecology","Hysterectomy  (Cancer Not Suspected)","Amir, Baharak",,,,,"10","10","390","461"
"12month_rolling","General Surgery","Gastrointestinal Tract Surgery - Laparoscopic","Murphy, Christopher",,,,,"22","55","33","69"
"2025_q1",,"Hernia Repair  (Adult)",,"Zone 2","Colchester East Hants Health Centre","2025","1","58","130","151","312"
"2023_q2",,"Knee Replacement",,"Zone 1","Valley Regional","2023","2","242","366","483","634"
"12month_rolling","General Surgery","Bowel Resection - Open","Shih, Warren W",,,,,"22","52","36","139"
"12month_rolling","Orthopaedic","Knee Scope","Gillis, Megan",,,,,"73","182","114","368"
"2024_q2",,"Tonsillectomy and/or Adenoidectomy  (Pediatric)",,"Zone 3","Cape Breton Regional","2024","2","66","192","158","341"
"3month_rolling",,"Colorectal Cancer Surgery",,"Zone 4","QE2","2025","2","21","85","31","72"
"2024_q3",,"Oculo Plastic Surgery",,"Total","Provincial","2024","3","71","293","125","330"
"2025_q2",,"Prostate Surgery",,"Zone 4","QE2","2025","2","75","211","86","198"
"2025_q1",,"Shoulder Arthroscopy",,"Zone 2","Aberdeen Hospital","2025","1","125","364","127","251"
"2025_q2",,"Tear Duct Surgery",,"Total","Provincial","2025","2","105","290",,
"12month_rolling",,"Gastrointestinal Tract Surgery",,"IWK","IWK","2025","2","45","83","56","127"
"2025_q1",,"Knee Scope",,"Zone 3","Cape Breton Regional","2025","1","164","276","81","155"
"2024_q1",,"Bladder Cancer Surgery",,"Zone 1","Yarmouth Regional","2024","1",,,"48","122"
"2024_q2",,"Amputations",,"Total","Provincial","2024","2","37","89","25","166"
"2023_q4",,"Prostate Surgery",,"Zone 2","Colchester East Hants Health Centre","2023","4",,,"190","444"
"2023_q3",,"Bowel Resection",,"Zone 4","Dartmouth General","2023","3","15","48","50","146"
"12month_rolling","Vascular Surgery","Endarterectomy","Casey, Patrick J",,,,,"80","167","32","64"
"12month_rolling","Ophthalmology","All","Mishra, Anu",,,,,"35","77","75","199"
"2024_q2",,"Removal of Ovaries and/or Fallopian Tubes  (Cancer Not Suspected)",,"Total","Provincial","2024","2","107","484","90","332"
"2025_q2",,"Male Reproductive System Surgery",,"Zone 3","Cape Breton Regional","2025","2","46","155","76","186"
"12month_rolling","General Surgery","Male Reproductive System Surgery","McWilliams, Colin",,,,,"113","273","56","131"
"12month_rolling","General Surgery","All","Nocon, Brian",,,,,"109","400","66","190"
"2024_q2",,"Colorectal Cancer Surgery",,"Zone 4","QE2","2024","2","19","48","29","137"
"2024_q3",,"Hernia Repair - Inguinal/Femoral",,"Zone 1","Valley Regional","2024","3","47","313","61","144"
"2025_q1",,"Male Reproductive System Surgery",,"Zone 2","Colchester East Hants Health Centre","2025","1","194","568","179","362"
"2023_q3",,"Cystoscopy",,"Zone 4","QE2","2023","3","43","143","64","245"
"3month_rolling",,"Hernia Repair  (Pediatric)",,"Total","Provincial","2025","2","63","128","44","192"
"2024_q1",,"Knee Scope with ACL Repair",,"Zone 4","QE2","2024","1","61","174","115","179"
"12month_rolling","General Surgery","Hernia Repair - Inguinal/Femoral","Johnson, Kevin",,,,,"47","83","41","97"
"12month_rolling","General Surgery","Hernia Repair - Inguinal/Femoral","Nader, Nabil",,,,,"34","214","55","84"
"12month_rolling","Oral Maxillofacial","Bone / Cartilage Graft","Chiarot, Marco",,,,,"82","179","200","252"
"2025_q2",,"Orthopaedic Trauma",,"Total","Provincial","2025","2","22","556","41","185"
"3month_rolling",,"Thyroid or Parathyroid Surgery",,"Zone 1","Valley Regional","2025","2",,,"77","145"
"12month_rolling",,"Foot - Bunionectomy",,"Zone 4","QE2","2025","2","382","678","87","193"
"12month_rolling","Urology","Kidney Stone Surgery","Mason, Ross",,,,,"16","55","61","196"
"12month_rolling","Ophthalmology","Strabismus Surgery  (Pediatric)","Promelle, Veronique",,,,,"102","233","148","590"
"2023_q3",,"Hip Arthroscopy",,"Zone 4","Dartmouth General","2023","3","72","132","258","321"
"2025_q2",,"Bladder Surgery",,"Zone 4","QE2","2025","2","9","21","45","87"
"12month_rolling",,"Hernia Repair - Laparoscopic Inguinal Femoral",,"Zone 2","Aberdeen Hospital","2025","2","47","191","101","199"
"12month_rolling",,"Bowel Resection - Open",,"Zone 3","Cape Breton Regional","2025","2","20","82","22","165"
"12month_rolling","Cardiac Surgery","All","Hirsch, Gregory M",,,,,,,"63","120"
"2024_q2",,"Hernia Repair - Inguinal/Femoral",,"Zone 3","Cape Breton Regional","2024","2","323","724","247","408"
"12month_rolling","Orthopaedic","Knee Replacement","Prasad, Bangaradka Radhakrishna",,,,,"86","210","174","250"
"2023_q4",,"Thyroid or Parathyroid Surgery",,"Zone 2","Cumberland Regional","2023","4","83","116","51","72"
"2025_q2",,"Palmar Fascia Excision for Dupuytren's Disease",,"Zone 4","QE2","2025","2","164","358","83","292"
"2024_q4",,"Bowel Resection - Laparoscopic",,"Zone 1","Valley Regional","2024","4","29","323","54","109"
"2023_q2",,"Shoulder Surgery",,"Zone 4","QE2","2023","2","111","324","329","596"
"2025_q2",,"Breast Reduction Surgery",,"Total","Provincial","2025","2","213","2121","157","625"
"12month_rolling","General Surgery","Hernia Repair - Laparoscopic Inguinal Femoral","Wasserman, Lukas",,,,,"84","244","230","454"
"2024_q4",,"Gallbladder Surgery",,"Zone 4","Hants Community Hospital","2024","4",,,"26","61"
"2024_q4",,"Sacral Nerve Stimulation",,"Total","Provincial","2024","4",,,"100","169"
"2023_q3",,"Surgery for Hearing or Balance Problems of the Ear",,"Total","Provincial","2023","3","94","214","93","406"
"2023_q3",,"Carpal Tunnel Surgery",,"Zone 1","South Shore Regional","2023","3","34","230","160","220"
"12month_rolling","General Surgery","All","Jad, Ahmed",,,,,"150","328","146","329"
"2024_q1",,"Tendon / Ligament Repair",,"Total","Provincial","2024","1","35","304","89","249"
"2023_q4",,"Shoulder Surgery",,"Zone 4","QE2","2023","4","70","449","251","735"
"2024_q2",,"Knee Scope",,"Zone 4","Dartmouth General","2024","2","151","485","128","524"
"12month_rolling","Urology","Kidney / Upper Urinary Tract","Bailly, Greg G",,,,,"65","119","45","188"
"2024_q2",,"Temperomandibular Joint Surgery (TMJ)",,"Total","Provincial","2024","2","405","647","158","763"
"2023_q2",,"Maxillofacial Deformity Surgery",,"Zone 4","QE2","2023","2","201","427","203","678"
"2024_q4",,"Functional Endoscopic Sinus Surgery (FESS)",,"Zone 1","Valley Regional","2024","4",,,"180","213"
"12month_rolling","Orthopaedic","Hip Replacement","Hayward, Andrew",,,,,"147","232","62","97"
"2024_q3",,"Carpal Tunnel Surgery",,"Zone 1","Valley Regional","2024","3","194","296","115","296"
"2023_q3",,"Cardiovascular Surgery",,"Zone 4","QE2","2023","3",,,"9","67"
"12month_rolling","General Surgery","Liver Surgery","Hiebert, Stephanie",,,,,"11","21","30","79"
"2023_q2",,"Sacral Nerve Stimulation",,"Total","Provincial","2023","2",,,"100","188"
"2024_q1",,"Bladder Cancer Surgery",,"Zone 3","Northside General","2024","1",,,"70","357"
"12month_rolling","Neurosurgery","Craniotomy or Craniectomy","Pickett, Gwynedd",,,,,"159","252","83","293"
"12month_rolling","Vascular Surgery","Hernia Repair  (Adult)","Heisler, Benjamin",,,,,"23","78","59","132"
"2025_q1",,"Hernia Repair  (Adult)",,"Zone 4","QE2","2025","1","150","500","86","292"
"2025_q2",,"Ear Tubes  (Pediatric)",,"Zone 3","St. Martha's Regional","2025","2","84","111","35","64"
"12month_rolling","Ophthalmology","Oculo Plastic Surgery","Archibald, Curtis",,,,,"42","454","19","76"
"2023_q4",,"Bladder Surgery",,"Zone 3","Cape Breton Regional","2023","4",,,"46","79"
"2023_q4",,"Whipple Procedures",,"Zone 4","QE2","2023","4","10","15","31","52"
"12month_rolling","General Surgery","Gastrointestinal Tract Surgery - Laparoscopic","Kelly, Ryan Patrick",,,,,"36","221","52","136"
"3month_rolling",,"Removal of Ovaries and/or Fallopian Tubes  (Cancer Not Suspected)",,"Zone 4","Dartmouth General","2025","2","116","310","69","203"
"12month_rolling","Obstetrics/Gynaecology","All","Hudgins, Sarah",,,,,"50","407","96","691"
"2024_q2",,"Bladder Cancer Surgery",,"Zone 4","QE2","2024","2","26","126","29","101"
"12month_rolling","Vascular Surgery","Amputations","Lee, Min S",,,,,"17","42","15","22"
"2023_q4",,"Knee Replacement - Partial",,"Zone 4","QE2","2023","4",,,"325","373"
"2024_q2",,"Septoplasty",,"Zone 2","Cumberland Regional","2024","2",,,"38","57"
"2025_q2",,"Cystoscopy",,"Total","Provincial","2025","2","43","220","39","178"
"2024_q4",,"Nissen Fundoplication - Laparoscopic",,"Zone 4","QE2","2024","4","63","308","95","993"
"2024_q4",,"Dental Extractions and Restorations  (Adult)",,"Total","Provincial","2024","4","80","312","113","600"
"2023_q2",,"Nerve or Brain Stimulation",,"Total","Provincial","2023","2",,,"57","108"
"12month_rolling","Ophthalmology","Cataract Surgery","Mishra, Amit",,,,,"31","73","20","41"
"12month_rolling",,"Lymph Node Biopsy",,"Zone 4","QE2","2025","2","13","48","30","78"
"2023_q2",,"Coronary Artery Bypass Graft",,"Zone 4","QE2","2023","2",,,"7","83"
"12month_rolling",,"AV Fistula Creation/Closure",,"Zone 4","QE2","2025","2","15","38","24","59"
"2024_q4",,"Dental Extractions and Restorations  (Pediatric)",,"Zone 1","South Shore Regional","2024","4",,,"67","256"
"2023_q3",,"Tonsillectomy and/or Adenoidectomy  (Adult)",,"Zone 4","Dartmouth General","2023","3",,,"100","120"
"2024_q4",,"Cystoscopy",,"IWK","IWK","2024","4",,,"79","260"
"2024_q4",,"Bowel Resection - Laparoscopic",,"Zone 3","Cape Breton Regional","2024","4","18","74","18","47"
"12month_rolling","General Surgery","Hernia Repair - Inguinal/Femoral","Archibald, Alison",,,,,"191","664","56","453"
"2025_q1",,"Bowel Resection - Laparoscopic",,"Zone 4","Dartmouth General","2025","1","20","79","32","108"
"12month_rolling","General Surgery","Gastrointestinal Tract Surgery - Laparoscopic","Stewart, Riley",,,,,"21","103","32","130"
"12month_rolling","Otolaryngology (ENT)","Functional Endoscopic Sinus Surgery (FESS)","Piccott, Devin",,,,,"37","110","86","186"
"2024_q1",,"Pacemaker Insertion",,"Zone 2","Aberdeen Hospital","2024","1",,,"44","66"
"2024_q1",,"Hip Replacement Revision",,"Total","Provincial","2024","1","96","327","51","155"
"12month_rolling","Obstetrics/Gynaecology","All","Mawdsley, Scott D",,,,,"55","146","69","147"
"12month_rolling",,"Lymph Node Biopsy",,"IWK","IWK","2025","2",,,"21","41"
"12month_rolling","Cardiac Surgery","Cardiovascular Surgery","Wood, Jeremy R",,,,,,,"57","98"
"2024_q1",,"Shoulder Arthroscopy",,"Zone 4","Hants Community Hospital","2024","1","65","140","148","358"
"2023_q4",,"Septoplasty",,"Zone 3","Cape Breton Regional","2023","4","42","216","219","249"
"2024_q2",,"Dental Extractions and Restorations  (Pediatric)",,"Zone 3","Inverness Consolidated Memorial","2024","2","65","281","77","247"
"12month_rolling","Urology","Cystoscopy","Cox, Ashley",,,,,"55","160","60","212"
"3month_rolling",,"Breast Reduction Surgery",,"Zone 4","QE2","2025","2","1091","2121","82","335"
"2024_q1",,"Head and Neck Surgery",,"Zone 4","QE2","2024","1","13","47","26","66"
"2023_q3",,"Dental Extractions and Restorations  (Pediatric)",,"IWK","IWK","2023","3","88","409","329","875"
"2024_q2",,"Knee Replacement Revision",,"Total","Provincial","2024","2","74","495","127","655"
"2024_q2",,"Hernia Repair - Inguinal/Femoral",,"Zone 4","Hants Community Hospital","2024","2","247","500","59","74"
"2024_q4",,"Kidney / Upper Urinary Tract",,"Zone 4","QE2","2024","4","28","57","48","167"
"2023_q3",,"Head and Neck Surgery",,"Zone 4","Dartmouth General","2023","3","46","184","237","501"
"2024_q3",,"Kidney Removal",,"Zone 1","Valley Regional","2024","3",,,"41","61"
"2025_q1",,"Cataract Surgery",,"Zone 1","South Shore Regional","2025","1","161","224","100","352"
"2024_q4",,"Hysterectomy  (Cancer Suspected or Proven)",,"Total","Provincial","2024","4","17","53","30","76"
"12month_rolling","General Surgery","All","Roach, Eileen",,,,,"69","341","71","348"
"12month_rolling","General Surgery","Hemorrhoidectomy","Shih, Warren W",,,,,"75","90","450","891"
"2024_q3",,"Prostate Surgery",,"Zone 3","Cape Breton Regional","2024","3","18","220","144","420"
"3month_rolling",,"Gallbladder Surgery",,"Zone 4","Dartmouth General","2025","2","47","107","80","220"
"12month_rolling","Otolaryngology (ENT)","Surgery for Hearing or Balance Problems of the Ear","Kujath, Magdalena",,,,,"144","506","153","323"
"2023_q4",,"Knee Scope with ACL Repair",,"Total","Provincial","2023","4","37","95","83","282"
"12month_rolling","Orthopaedic","Knee Scope","El-Tahan, Tahmir H.",,,,,"72","160","77","151"
"12month_rolling","Otolaryngology (ENT)","Ear Tubes  (Adult)","Taylor, Benjamin A",,,,,"139","2509","103","145"
"12month_rolling","Ophthalmology","All","Scott, Robert",,,,,"45","108","50","120"
"2025_q1",,"Glaucoma (Eye Pressure Lowering Surgery)",,"Zone 4","QE2","2025","1","44","490","23","90"
"2024_q1",,"Hip Replacement",,"Zone 1","Valley Regional","2024","1","306","440","283","658"
"2024_q1",,"Esophagoscopy",,"Total","Provincial","2024","1",,,"68","218"
"3month_rolling",,"Hernia Repair  (Adult)",,"Zone 2","Colchester East Hants Health Centre","2025","2","21","404","153","345"
"12month_rolling","General Surgery","Gallbladder Surgery","Archibald, Alison",,,,,"127","294","32","147"
"12month_rolling","Plastic Surgery","Aesthetic Surgery","Singh, Ashvir",,,,,"47","109","77","206"
"2023_q3",,"Strabismus Surgery  (Pediatric)",,"Total","Provincial","2023","3",,,"201","295"
"2023_q4",,"Hysterectomy  (Cancer Not Suspected)",,"Zone 2","Aberdeen Hospital","2023","4","93","286","137","184"
"2024_q4",,"Bladder Cancer Surgery",,"Total","Provincial","2024","4","28","117","34","99"
"12month_rolling",,"Laryngology and Vocal Cord Surgery",,"Total","Provincial","2025","2","36","179","46","326"
"12month_rolling","Orthopaedic","All","O'Neill, Brendan",,,,,"426","707","96","243"
"12month_rolling","General Surgery","All","Butler, Clay K",,,,,"34","746","71","715"
"2023_q4",,"Thoroscopy / Pleuroscopy",,"Total","Provincial","2023","4",,,"8","142"
"2024_q4",,"Bowel Resection",,"Zone 1","South Shore Regional","2024","4","30","182","21","33"
"2023_q3",,"Esophagoscopy",,"Total","Provincial","2023","3",,,"8","142"
"2023_q3",,"Removal of Ovaries and/or Fallopian Tubes  (Cancer Suspected or Proven)",,"Total","Provincial","2023","3","23","41","50","148"
"2024_q1",,"Oculo Plastic Surgery",,"Zone 4","QE2","2024","1","178","867","48","146"
"2024_q1",,"Shoulder Arthroscopy",,"Zone 4","QE2","2024","1","82","399","205","435"
"3month_rolling",,"Breast Reconstruction",,"Zone 4","QE2","2025","2","195","1789","54","461"
"2024_q3",,"Video-Assisted Thoracic Surgery",,"Total","Provincial","2024","3","28","74","42","93"
"12month_rolling","Orthopaedic","Tendon / Ligament Repair","Johnston, David G",,,,,"172","572","452","548"
"2023_q3",,"Shoulder Arthroscopy",,"Zone 4","QE2","2023","3","110","352","173","503"
"12month_rolling",,"Cystoscopy",,"Zone 1","South Shore Regional","2025","2","33","137","30","72"
"2025_q1",,"Male Reproductive System Surgery",,"Zone 4","QE2","2025","1","120","185","161","364"
"2023_q3",,"Hysteroscopy",,"Zone 3","St. Martha's Regional","2023","3","29","154","57","224"
"12month_rolling","General Surgery","Gastrointestinal Tract Surgery","Dzierzanowski, Martin",,,,,"41","49","27","62"
"2023_q4",,"Knee Replacement - Partial",,"Total","Provincial","2023","4","216","696","325","399"
"2023_q2",,"Oculo Plastic Surgery",,"Total","Provincial","2023","2","53","317","71","301"
"2024_q2",,"Male Reproductive System Surgery",,"Zone 4","Dartmouth General","2024","2","103","330","101","435"
"2024_q3",,"Cardiovascular Surgery",,"Zone 4","QE2","2024","3",,,"27","117"
"2024_q3",,"Prostate Cancer Surgery",,"Total","Provincial","2024","3","37","153","150","242"
"2023_q4",,"Hernia Repair - Incisional",,"Zone 1","Valley Regional","2023","4","52","350","105","612"
"2025_q1",,"Carpal Tunnel Surgery",,"Zone 4","Dartmouth General","2025","1",,,"55","117"
"12month_rolling",,"Lymph Node Biopsy",,"Total","Provincial","2025","2","13","56","23","57"
"2024_q3",,"Foot - Arthrodesis",,"Zone 4","QE2","2024","3","579","985",,
"2025_q2",,"Gastrointestinal Tract Surgery - Laparoscopic",,"Total","Provincial","2025","2","32","196","33","107"
"12month_rolling","General Surgery","Hernia Repair - Inguinal/Femoral","Davies, Dafydd Alexander",,,,,"41","69","51","197"
"12month_rolling","Obstetrics/Gynaecology","All","Rittenberg, David",,,,,"91","987","117","211"
"2023_q3",,"Hernia Repair  (Adult)",,"Zone 4","Dartmouth General","2023","3","165","468","133","393"
"12month_rolling","Neurosurgery","Back Surgery  (Adult)","Christie, Sean D",,,,,"86","1183","54","269"
"12month_rolling","Dental","All","Alrafidi, Mubarak",,,,,"12","23","17","18"
"12month_rolling","Obstetrics/Gynaecology","Removal of Ovaries and/or Fallopian Tubes  (Cancer Not Suspected)","Coolen, Anna",,,,,"177","658","56","423"
"12month_rolling","Urology","Bladder Cancer Surgery","Paterson, Nicholas",,,,,"42","49","40","90"
"2024_q1",,"Bowel Resection",,"Total","Provincial","2024","1","21","136","32","92"
"12month_rolling","Vascular Surgery","Hernia Repair - Inguinal/Femoral","Heisler, Benjamin",,,,,"23","78","61","132"
"2024_q1",,"Colorectal Cancer Surgery",,"Zone 4","QE2","2024","1","34","136","42","79"
"12month_rolling","Obstetrics/Gynaecology","Removal of Ovaries and/or Fallopian Tubes  (Cancer Not Suspected)","Lee, Winifred W",,,,,"147","223","158","187"
"2024_q4",,"Hysterectomy  (Cancer Not Suspected)",,"Zone 1","Valley Regional","2024","4","393","714","226","449"
"12month_rolling","Otolaryngology (ENT)","Tonsillectomy and/or Adenoidectomy  (Pediatric)","Kujath, Magdalena",,,,,"277","329","220","488"
"2025_q1",,"Gallbladder Surgery",,"Zone 1","South Shore Regional","2025","1","22","136","27","69"
"2025_q2",,"Bladder Cancer Surgery",,"Zone 4","QE2","2025","2","20","49","27","67"
"2023_q3",,"Knee Replacement",,"Zone 4","QE2","2023","3","91","224","281","1392"
"2024_q3",,"Hysterectomy  (Cancer Not Suspected)",,"Zone 2","Aberdeen Hospital","2024","3","54","273","62","458"
"2025_q1",,"Carpal Tunnel Surgery",,"Total","Provincial","2025","1","93","355","64","278"
"2024_q3",,"Bariatric Surgery (for Weight Loss)",,"Zone 4","QE2","2024","3","89","158","275","345"
"2024_q3",,"Bowel Resection",,"Zone 1","Yarmouth Regional","2024","3",,,"28","87"
"2024_q1",,"Lung Surgery",,"Zone 4","QE2","2024","1","23","49","39","84"
"2025_q2",,"Hand / Upper Extremity",,"Total","Provincial","2025","2","135","685","104","483"
"2024_q4",,"Pelvic Floor Repair",,"IWK","IWK","2024","4","153","171","247","430"
"12month_rolling",,"Manipulation of Extremity",,"Total","Provincial","2025","2","41","222","20","71"
"2024_q2",,"Surgery for Hearing or Balance Problems of the Ear",,"Zone 1","Yarmouth Regional","2024","2","113","130","27","65"
"2024_q2",,"Tear Duct Surgery",,"Total","Provincial","2024","2","41","136",,
"2024_q1",,"Gastric Surgery",,"Zone 4","QE2","2024","1","18","28","32","114"
"12month_rolling","Orthopaedic","Orthopaedic Trauma","Orlik, Benjamin",,,,,"16","23","26","71"
"12month_rolling","Otolaryngology (ENT)","Surgery for Hearing or Balance Problems of the Ear","Morris, David P",,,,,"136","374","88","539"
"2025_q2",,"Melanoma Excision",,"Total","Provincial","2025","2","14","57","21","34"
"2024_q3",,"Gastric Surgery",,"Zone 4","QE2","2024","3","18","28","36","41"
"2024_q4",,"Breast Cancer Surgery",,"Zone 3","Cape Breton Regional","2024","4","10","17","16","34"
"2023_q2",,"Hernia Repair  (Adult)",,"Zone 4","QE2","2023","2","216","537","99","252"
"2024_q1",,"Prostate Surgery",,"Zone 4","Dartmouth General","2024","1","57","142","224","485"
"12month_rolling","Oral Maxillofacial","Temperomandibular Joint Surgery (TMJ)","Doucet, Jean-Charles",,,,,"309","1079","165","521"
"12month_rolling",,"Surgery for Hearing or Balance Problems of the Ear",,"IWK","IWK","2025","2","77","314","93","174"
"3month_rolling",,"Aneurysm Repair",,"Total","Provincial","2025","2","54","255","50","100"
"2024_q2",,"Orthopaedic Trauma",,"Total","Provincial","2024","2","32","300","25","156"
"2025_q1",,"Kidney Stone Surgery",,"Zone 3","Cape Breton Regional","2025","1",,,"28","174"
"2024_q3",,"Dental Extractions and Restorations  (Adult)",,"IWK","IWK","2024","3",,,"365","844"
"2025_q1",,"Head and Neck Surgery",,"Zone 4","QE2","2025","1","13","36","30","81"
"12month_rolling","Thoracic Surgery","Sternotomy / Thoracotomy","Ednie, Alexander",,,,,"11","45","18","54"
"12month_rolling","Orthopaedic","Knee Replacement","O'Neill, Michelle E",,,,,"176","240","83","132"
"12month_rolling","Urology","All","MacLellan, Dawn",,,,,"122","907","88","444"
"2024_q1",,"Knee Scope",,"Zone 4","Hants Community Hospital","2024","1","62","99","94","271"
"2024_q1",,"Colorectal Cancer Surgery",,"Zone 4","Dartmouth General","2024","1","8","21","26","48"
"2023_q3",,"Hip Replacement",,"Zone 4","Dartmouth General","2023","3","94","552","170","409"
"2024_q2",,"Surgery for Hearing or Balance Problems of the Ear",,"Zone 1","Valley Regional","2024","2","164","748","48","118"
"12month_rolling","Vascular Surgery","Gallbladder Surgery","Heisler, Benjamin",,,,,"17","58","47","88"
"2024_q4",,"Hernia Repair  (Adult)",,"Zone 2","Cumberland Regional","2024","4","52","136","61","110"
"2024_q1",,"Maxillofacial Deformity Surgery",,"Zone 4","QE2","2024","1","332","503","188","337"
"2023_q4",,"Hysteroscopy",,"Zone 2","Colchester East Hants Health Centre","2023","4","58","300","49","97"
"2024_q1",,"Bowel Resection",,"Zone 4","QE2","2024","1","22","112","37","93"
"12month_rolling","Orthopaedic","All","Coles, Chad P",,,,,"37","68","43","119"
"2023_q4",,"Cardiac Valve Replacement",,"Zone 4","QE2","2023","4",,,"23","89"
"2024_q4",,"Gastrointestinal Tract Surgery",,"Zone 2","Aberdeen Hospital","2024","4",,,"32","52"
"12month_rolling",,"Pancreas Surgery",,"Zone 4","QE2","2025","2","15","34","31","69"
"2023_q2",,"Hernia Repair - Laparoscopic Inguinal Femoral",,"Total","Provincial","2023","2","49","370","101","284"
"2023_q3",,"Prostate Surgery",,"Zone 2","Colchester East Hants Health Centre","2023","3",,,"122","358"
"12month_rolling",,"Hernia Repair - Laparoscopic Umbilical",,"Zone 4","QE2","2025","2","467","485",,
"2024_q4",,"Bladder Cancer Surgery",,"Zone 1","Valley Regional","2024","4","40","117","42","133"
"2024_q3",,"Bowel Resection",,"Zone 4","QE2","2024","3","22","187","40","230"
"2025_q2",,"Knee Replacement",,"Zone 1","Valley Regional","2025","2","441","485","237","463"
"3month_rolling",,"Shoulder Arthroscopy",,"Zone 1","South Shore Regional","2025","2","133","206","82","199"
"2025_q1",,"Male Reproductive System Surgery",,"Zone 3","Cape Breton Regional","2025","1","149","341","35","141"
"2024_q3",,"Amputations",,"Total","Provincial","2024","3","25","80","30","101"
"2023_q2",,"Knee Scope",,"Zone 4","Dartmouth General","2023","2","76","454","77","244"
"2024_q4",,"Hernia Repair - Laparoscopic Inguinal Femoral",,"Zone 2","Aberdeen Hospital","2024","4","54","74",,
"3month_rolling",,"Bowel Resection",,"Zone 3","St. Martha's Regional","2025","2","47","85","34","76"
"2023_q4",,"Pacemaker Insertion",,"Total","Provincial","2023","4",,,"16","59"
"2023_q4",,"Gastrointestinal Tract Surgery - Laparoscopic",,"Zone 4","QE2","2023","4","28","273","31","107"
"12month_rolling","General Surgery","Hernia Repair - Umbilical","Wasserman, Lukas",,,,,"89","221","307","580"
"2025_q1",,"Oculo Plastic Surgery",,"Zone 4","QE2","2025","1","61","494","78","336"
"2025_q2",,"Hysterectomy  (Cancer Not Suspected)",,"Zone 2","Aberdeen Hospital","2025","2","90","441","60","119"
"2024_q1",,"Hysterectomy  (Cancer Not Suspected)",,"IWK","IWK","2024","1","139","797","207","360"
"2023_q3",,"Knee Replacement - Partial",,"Zone 4","QE2","2023","3","332","378","270","293"
"2025_q1",,"Knee Replacement Revision",,"Zone 4","Dartmouth General","2025","1",,,"59","114"
"2025_q1",,"Hernia Repair - Umbilical",,"Zone 4","Dartmouth General","2025","1","91","249","115","239"
"2024_q3",,"Bladder Surgery",,"Zone 3","Cape Breton Regional","2024","3",,,"52","133"
"2024_q3",,"Dental Extractions and Restorations  (Adult)",,"Zone 4","QE2","2024","3","101","240","136","336"
"12month_rolling","Orthopaedic","Shoulder Arthroscopy","Wong, Ivan",,,,,"55","277","133","414"
"2024_q4",,"Prostate Surgery",,"Zone 1","Valley Regional","2024","4","46","374","82","175"
"12month_rolling","Obstetrics/Gynaecology","Hysterectomy  (Cancer Not Suspected)","Moodley, Manivasan",,,,,"157","331","89","414"
"2023_q2",,"Cataract Surgery",,"Zone 1","South Shore Regional","2023","2","113","140","295","389"
"2024_q1",,"Hernia Repair - Inguinal/Femoral",,"Zone 3","Cape Breton Regional","2024","1","267","381","225","785"
"2024_q2",,"Lung Surgery",,"Zone 4","QE2","2024","2","25","72","29","62"
"2024_q1",,"Nerve or Brain Stimulation",,"Total","Provincial","2024","1","104","791","72","160"
"12month_rolling","Orthopaedic","Carpal Tunnel Surgery","Hayward, Andrew",,,,,"19","51","28","90"
"12month_rolling","Orthopaedic","Knee Replacement - Partial","Rayes, Johnny",,,,,"215","257","137","190"
"12month_rolling","Obstetrics/Gynaecology","Hysteroscopy","Moodley, Manivasan",,,,,"42","245","238","401"
"12month_rolling","General Surgery","Gallbladder Surgery","Walsh, Mark J",,,,,"24","87","47","98"
"2023_q3",,"Peritoneal Lavage or Catherization",,"Zone 4","QE2","2023","3",,,"10","24"
"2024_q2",,"Salivary Gland Surgery",,"Total","Provincial","2024","2",,,"65","257"
"2024_q2",,"Carpal Tunnel Surgery",,"Zone 2","Aberdeen Hospital","2024","2","40","106",,
"12month_rolling",,"Hernia Repair - Umbilical",,"Zone 2","Aberdeen Hospital","2025","2","314","543","102","204"
"3month_rolling",,"Kidney Removal",,"Zone 1","Valley Regional","2025","2",,,"45","69"
"2024_q2",,"Gallbladder Surgery",,"Zone 3","Cape Breton Regional","2024","2","84","384","74","292"
"2023_q3",,"Kidney / Upper Urinary Tract",,"Zone 4","QE2","2023","3","99","104","30","42"
"12month_rolling","Obstetrics/Gynaecology","Kidney / Upper Urinary Tract","Pierce, Marianne",,,,,,,"173","190"
"2025_q1",,"Gastrointestinal Tract Surgery - Laparoscopic",,"Zone 3","St. Martha's Regional","2025","1","31","41",,
"12month_rolling",,"Pilonidal Cyst Surgery",,"Zone 1","Yarmouth Regional","2025","2",,,"69","86"
"2024_q2",,"Kidney Removal",,"Zone 1","Valley Regional","2024","2",,,"45","90"
"12month_rolling","Urology","Prostate Surgery","Whelan, Emily",,,,,"73","410","88","224"
"2025_q1",,"Bowel Resection",,"Total","Provincial","2025","1","25","156","34","136"
"2025_q1",,"Knee Replacement Revision",,"Total","Provincial","2025","1","45","155","76","190"
"2023_q3",,"Hernia Repair - Laparoscopic Incisional",,"Total","Provincial","2023","3","68","246","119","292"
"12month_rolling","General Surgery","Bowel Resection","Knapp, Gregory",,,,,"12","33","30","46"
"12month_rolling","Dental","Dental Extractions and Restorations  (Pediatric)","MacLellan, Jennifer",,,,,"157","589","174","721"
"2025_q1",,"Cataract Surgery",,"Zone 1","Yarmouth Regional","2025","1","274","354","57","80"
"2023_q2",,"Male Reproductive System Surgery",,"Zone 4","QE2","2023","2","106","196","126","576"
"2023_q3",,"Bladder Cancer Surgery",,"Total","Provincial","2023","3","20","96","35","164"
"2024_q4",,"Bowel Resection - Open",,"Total","Provincial","2024","4","29","182","33","96"
"12month_rolling","General Surgery","Hemorrhoidectomy","MacFarlane, David",,,,,"156","601","102","124"
"2023_q4",,"Tonsillectomy and/or Adenoidectomy  (Pediatric)",,"IWK","IWK","2023","4","188","242","158","266"
"2024_q1",,"Cataract Surgery",,"Zone 4","QE2","2024","1","84","246","54","218"
"12month_rolling","General Surgery","Bowel Resection","Booth, John",,,,,"66","105","23","31"
"3month_rolling",,"Prostate Cancer Surgery",,"Total","Provincial","2025","2","28","64","69","155"
"2025_q2",,"Gastrointestinal Tract Surgery - Laparoscopic",,"Zone 1","Valley Regional","2025","2","48","221","51","142"
"2025_q2",,"Prostate Surgery",,"Zone 3","Cape Breton Regional","2025","2","20","139","30","71"
"12month_rolling",,"Hernia Repair - Laparoscopic Umbilical",,"Zone 2","Colchester East Hants Health Centre","2025","2","363","439","248","294"
"2024_q3",,"Knee Scope with ACL Repair",,"Total","Provincial","2024","3","45","119","104","253"
"2024_q1",,"Cataract Surgery",,"Zone 3","St. Martha's Regional","2024","1","93","230","75","162"
"2024_q3",,"Cataract Surgery",,"Zone 4","QE2","2024","3","81","225","60","195"
"12month_rolling",,"Tendon / Ligament Repair",,"Zone 1","South Shore Regional","2025","2","33","547","49","149"
"2024_q3",,"Breast Reduction Surgery",,"Zone 3","St. Martha's Regional","2024","3","159","391",,
"2024_q3",,"Kidney Stone Surgery",,"Zone 2","Colchester East Hants Health Centre","2024","3","18","113","75","246"
"2024_q2",,"Hernia Repair  (Adult)",,"Zone 4","QE2","2024","2","187","578","64","277"
"2024_q4",,"Palmar Fascia Excision for Dupuytren's Disease",,"Zone 1","South Shore Regional","2024","4","71","231","94","161"
"2024_q4",,"Hernia Repair - Umbilical",,"Zone 1","Valley Regional","2024","4","33","175","97","136"
"12month_rolling","General Surgery","Hernia Repair  (Adult)","Stoddart, Todd",,,,,"21","48","33","97"
"2025_q2",,"Functional Endoscopic Sinus Surgery (FESS)",,"Zone 4","Dartmouth General","2025","2","28","116","139","180"
"2023_q4",,"Breast Cancer Surgery",,"Total","Provincial","2023","4","9","28","24","48"
"2024_q4",,"Tubal Ligation",,"Total","Provincial","2024","4","141","618",,
"12month_rolling","Urology","All","Himmelman, Jeffrey George",,,,,"45","140","40","311"
"2023_q3",,"Bladder Cancer Surgery",,"Zone 4","QE2","2023","3","13","81","22","57"
"2025_q1",,"Gallbladder Surgery",,"Zone 4","Dartmouth General","2025","1","56","337","63","216"
"3month_rolling",,"Bowel Resection",,"Zone 1","Yarmouth Regional","2025","2","17","55","25","49"
"2025_q2",,"Coronary Artery Bypass Graft",,"Zone 4","QE2","2025","2",,,"47","85"
"2024_q1",,"Colorectal Cancer Surgery",,"Zone 1","South Shore Regional","2024","1",,,"20","25"
"2025_q1",,"Lymph Node Biopsy",,"Total","Provincial","2025","1","13","30","22","48"
"2025_q1",,"Maxillofacial Deformity Surgery",,"Total","Provincial","2025","1","272","616","206","414"
"12month_rolling","Orthopaedic","Knee Replacement","Gillis, Megan",,,,,"436","629","305","476"
"2024_q4",,"Knee Scope",,"Zone 4","QE2","2024","4","173","315","87","520"
"3month_rolling","Ophthalmology",,,,,"2025","2",,,"51","146"
"2024_q3",,"Lung Surgery",,"Zone 4","QE2","2024","3","27","73","42","106"
"12month_rolling","Urology","Prostate Surgery","Ory, Jesse",,,,,"44","255","162","279"
"2023_q3",,"Bowel Resection - Open",,"Zone 1","Yarmouth Regional","2023","3",,,"19","62"
"2024_q1",,"Female Incontinence Surgery",,"Total","Provincial","2024","1","95","245","127","286"
"2024_q3",,"Knee Replacement - Partial",,"Total","Provincial","2024","3","182","217","74","281"
"12month_rolling","Obstetrics/Gynaecology","Hysterectomy  (Cancer Not Suspected)","Van eyk, Nancy Ann",,,,,"457","1047","127","204"
"12month_rolling","Orthopaedic","Knee Replacement","El-Tahan, Tahmir H.",,,,,,,"271","348"
"12month_rolling",,"Ankle - Arthrodesis",,"Total","Provincial","2025","2","272","564","58","188"
"2025_q2",,"Hernia Repair - Inguinal/Femoral",,"Zone 1","South Shore Regional","2025","2","47","141","41","128"
"2024_q4",,"Hip Replacement Revision",,"Zone 4","QE2","2024","4",,,"88","500"
"3month_rolling",,"Hernia Repair - Incisional",,"Zone 3","Cape Breton Regional","2025","2",,,"66","406"
"2023_q2",,"Breast Cancer Surgery",,"Zone 3","Cape Breton Regional","2023","2","8","24","22","41"
"12month_rolling","Obstetrics/Gynaecology","Hysteroscopy","Van eyk, Nancy Ann",,,,,"57","164","60","124"
"2024_q3",,"Hysterectomy  (Cancer Suspected or Proven)",,"Total","Provincial","2024","3","15","62","35","77"
"2023_q3",,"Tonsillectomy and/or Adenoidectomy  (Pediatric)",,"Total","Provincial","2023","3","124","179","100","233"
"12month_rolling","General Surgery","Hernia Repair - Laparoscopic Incisional","Stewart, Riley",,,,,"92","736","417","497"
"3month_rolling",,"Dental Extractions and Restorations  (Pediatric)",,"Zone 4","QE2","2025","2","179","190",,
"12month_rolling","General Surgery","Gallbladder Surgery","Hoogerboord, C Marius",,,,,"159","367","116","226"
"2023_q2",,"Hernia Repair - Inguinal/Femoral",,"Zone 1","Yarmouth Regional","2023","2","19","68","36","78"
"2024_q1",,"Hand / Upper Extremity",,"Total","Provincial","2024","1","68","576","111","321"
"12month_rolling",,"Gastrointestinal Tract Surgery",,"Zone 2","Aberdeen Hospital","2025","2","40","165","29","64"
"2023_q2",,"Head and Neck Surgery",,"Zone 4","QE2","2023","2","14","33","34","56"
"2025_q1",,"Hysterectomy  (Cancer Not Suspected)",,"Zone 3","St. Martha's Regional","2025","1","160","195","94","165"
"12month_rolling",,"Pacemaker Insertion",,"Zone 1","Valley Regional","2025","2","7","11","5","9"
"12month_rolling","General Surgery","Hernia Repair - Laparoscopic Inguinal Femoral","Hoogerboord, C Marius",,,,,"461","608","96","184"
"12month_rolling","General Surgery","Colorectal Cancer Surgery","Sahi, Chakshu",,,,,"13","69","18","35"
"2025_q1",,"Ear Tubes  (Adult)",,"Total","Provincial","2025","1","119","271","29","156"
"2024_q1",,"Shoulder Arthroplasty",,"Zone 1","Valley Regional","2024","1","178","287","238","370"
"12month_rolling","General Surgery","Colorectal Cancer Surgery","Joy, Edward",,,,,"22","214","21","41"
"3month_rolling",,"Carpal Tunnel Surgery",,"Zone 1","South Shore Regional","2025","2","101","465","79","234"
"2023_q2",,"Hernia Repair  (Adult)",,"Zone 2","Cumberland Regional","2023","2","36","147","73","193"
"2023_q4",,"Insertion Vascular Access Catheter",,"Total","Provincial","2023","4","4","11","9","43"
"12month_rolling","Orthopaedic","All","Gauthier, Luke Edward",,,,,"264","1322","90","315"
"2023_q2",,"Hernia Repair  (Adult)",,"Zone 3","Inverness Consolidated Memorial","2023","2",,,"58","169"
"2024_q1",,"Carpal Tunnel Surgery",,"Zone 3","St. Martha's Regional","2024","1",,,"69","164"
"2025_q2",,"Shoulder Arthroscopy",,"Total","Provincial","2025","2","87","426","101","308"
"12month_rolling","Urology","Prostate Surgery","Miller, M Dale",,,,,"27","139","41","146"
"3month_rolling",,"Brain Surgery  (Adult)",,"Total","Provincial","2025","2","21","182","30","86"
"12month_rolling","General Surgery","Hernia Repair - Incisional","Minor, Samuel",,,,,"738","764","133","169"
"2024_q4",,"Knee Replacement",,"Zone 4","Dartmouth General","2024","4","590","719","182","367"
"2023_q3",,"Hip Replacement",,"Zone 4","QE2","2023","3","97","392","270","463"
"2024_q3",,"Head and Neck Surgery",,"Total","Provincial","2024","3","19","105","37","216"
"12month_rolling",,"Liver Surgery",,"Total","Provincial","2025","2","12","29","36","79"
"2024_q2",,"Ear Tubes  (Pediatric)",,"Zone 3","Cape Breton Regional","2024","2","40","56","29","129"
"2024_q2",,"Coronary Artery Bypass Graft",,"Total","Provincial","2024","2",,,"9","75"
"2025_q2",,"Gastrointestinal Tract Surgery",,"Zone 4","QE2","2025","2","31","199","39","137"
"2025_q1",,"Hernia Repair - Inguinal/Femoral",,"IWK","IWK","2025","1",,,"47","141"
"2024_q4",,"Cataract Surgery",,"Zone 3","Cape Breton Regional","2024","4","47","169","48","79"
"12month_rolling","Obstetrics/Gynaecology","Endometrial Ablation","Okuboyejo, Fazil",,,,,"57","174","57","103"
"2024_q3",,"AV Fistula Creation/Closure",,"Total","Provincial","2024","3",,,"16","38"
"2023_q2",,"Tear Duct Surgery",,"Total","Provincial","2023","2","199","320",,
"12month_rolling","Obstetrics/Gynaecology","Hysteroscopy","Clague, Nicholas Paul",,,,,"44","63","61","103"
"2023_q2",,"Oculo Plastic Surgery",,"Zone 4","QE2","2023","2","77","387","47","370"
"2024_q4",,"Dental Extractions and Restorations  (Adult)",,"Zone 1","South Shore Regional","2024","4","61","302","62","158"
"12month_rolling",,"Gastrointestinal Tract Surgery - Laparoscopic",,"Zone 3","Cape Breton Regional","2025","2","15","74","20","91"
"2023_q2",,"Knee Replacement",,"Zone 4","Dartmouth General","2023","2","137","636","263","549"
"12month_rolling","General Surgery","Gastrointestinal Tract Surgery","Giacomantonio, Carman Anthony",,,,,,,"83","379"
"2025_q1",,"Prostate Surgery",,"Zone 1","Yarmouth Regional","2025","1",,,"82","165"
"2023_q2",,"Removal of Ovaries and/or Fallopian Tubes  (Cancer Not Suspected)",,"Zone 3","Cape Breton Regional","2023","2","99","132",,
"2024_q2",,"Melanoma Excision",,"Total","Provincial","2024","2","17","55","21","48"
"2024_q1",,"Glaucoma (Eye Pressure Lowering Surgery)",,"Total","Provincial","2024","1","31","219","22","74"
"2024_q1",,"Knee Replacement",,"Zone 1","Valley Regional","2024","1","422","548","348","610"
"3month_rolling",,"Hernia Repair - Incisional",,"Zone 3","St. Martha's Regional","2025","2","84","204",,
"2024_q2",,"Cervical Spine (Neck) Surgery",,"Total","Provincial","2024","2","62","365","73","183"
"2024_q4",,"Lung Surgery",,"Zone 4","QE2","2024","4","22","55","24","62"
"12month_rolling","Orthopaedic","Knee Replacement Revision","O'Brien, David A",,,,,"518","694","51","90"
"2023_q3",,"Cardiac Valve Replacement",,"Zone 4","QE2","2023","3",,,"42","106"
"2025_q2",,"Oculo Plastic Surgery",,"Total","Provincial","2025","2","105","436","46","215"
"2023_q2",,"Orthopaedic Trauma",,"Total","Provincial","2023","2","8","117","7","177"
"2024_q1",,"Prostatectomy",,"Zone 4","QE2","2024","1","26","43","105","242"
"2024_q4",,"Foot - Arthrodesis",,"Zone 4","QE2","2024","4","478","708","123","218"
"2024_q2",,"Thyroid or Parathyroid Surgery",,"Total","Provincial","2024","2","49","139","77","473"
"2023_q2",,"Breast Cancer Surgery",,"Zone 3","St. Martha's Regional","2023","2","13","34","27","35"
"12month_rolling","Orthopaedic","Tendon / Ligament Repair","Gauthier, Luke Edward",,,,,"192","1322","136","451"
"12month_rolling",,"Oculo Plastic Surgery",,"IWK","IWK","2025","2",,,"96","358"
"2024_q4",,"Male Reproductive System Surgery",,"Zone 4","Hants Community Hospital","2024","4","87","282","86","647"
"12month_rolling","Dental","Dental Extractions and Restorations  (Adult)","Shaw, Evan",,,,,,,"244","1024"
"2023_q4",,"Cardiovascular Surgery",,"Zone 4","QE2","2023","4",,,"8","60"
"2024_q3",,"Hysterectomy  (Cancer Not Suspected)",,"Zone 1","Valley Regional","2024","3","156","423","213","403"
"2025_q1",,"Bladder Cancer Surgery",,"Zone 2","Colchester East Hants Health Centre","2025","1","28","80","36","66"
"2023_q3",,"Prostate Surgery",,"Zone 1","Valley Regional","2023","3","29","36","108","336"
"12month_rolling","Otolaryngology (ENT)","Tonsillectomy and/or Adenoidectomy  (Pediatric)","Wasl, Hisham Ali",,,,,"86","113","326","427"
"3month_rolling",,"Breast Cancer Surgery",,"Zone 1","Yarmouth Regional","2025","2","7","10","29","45"
"2024_q4",,"Thyroid or Parathyroid Surgery",,"Zone 4","QE2","2024","4","49","244","75","699"
"2023_q3",,"Male Circumcision  (Pediatric)",,"Total","Provincial","2023","3",,,"171","781"
"2023_q3",,"Pacemaker Insertion",,"Total","Provincial","2023","3","9","12","22","64"
"2023_q2",,"Bladder Cancer Surgery",,"Zone 1","Valley Regional","2023","2","10","35","33","95"
"2025_q1",,"Esophagectomy / Esophageal Surgery",,"Zone 4","QE2","2025","1","20","67","27","73"
"2023_q2",,"Knee Replacement - Partial",,"Zone 4","QE2","2023","2","381","420","365","531"
"2025_q2",,"Hernia Repair  (Adult)",,"Zone 4","QE2","2025","2","349","475","79","162"
"2024_q4",,"Bowel Resection - Laparoscopic",,"Zone 4","QE2","2024","4","24","64","35","303"
"2024_q1",,"Hernia Repair  (Adult)",,"Zone 3","Inverness Consolidated Memorial","2024","1",,,"52","380"
"2024_q3",,"Bladder Cancer Surgery",,"Zone 3","Cape Breton Regional","2024","3","24","112","34","146"
"2023_q2",,"Bowel Resection",,"Total","Provincial","2023","2","17","120","34","142"
"12month_rolling","General Surgery","Colorectal Cancer Surgery","Faryniuk, Andrea Marie",,,,,"47","126","28","35"
"2025_q2",,"Bladder Surgery",,"Zone 3","Cape Breton Regional","2025","2",,,"56","83"
"3month_rolling",,"Breast Reduction Surgery",,"IWK","IWK","2025","2",,,"496","616"
"12month_rolling","Obstetrics/Gynaecology","Removal of Ovaries and/or Fallopian Tubes  (Cancer Not Suspected)","Stone, Heather",,,,,"27","334","116","261"
"2023_q2",,"Knee Replacement Revision",,"Total","Provincial","2023","2","145","687","110","302"
"2024_q3",,"Bladder Cancer Surgery",,"Zone 4","QE2","2024","3","21","161","42","82"
"2023_q4",,"Female Incontinence Surgery",,"Zone 4","QE2","2023","4",,,"75","177"
"2024_q2",,"Male Reproductive System Surgery",,"Zone 1","Valley Regional","2024","2",,,"116","632"
"2023_q2",,"Thyroid or Parathyroid Surgery",,"Zone 4","QE2","2023","2","43","108","127","379"
"2024_q1",,"Cataract Surgery",,"Zone 1","South Shore Regional","2024","1","129","176","194","366"
"12month_rolling","General Surgery","Breast Cancer Surgery","Drohan, Ashley",,,,,"14","25","26","44"
"2023_q2",,"Bowel Resection - Laparoscopic",,"Zone 4","QE2","2023","2","33","140","34","309"
"3month_rolling",,"Bladder Cancer Surgery",,"Zone 1","Yarmouth Regional","2025","2",,,"34","77"
"2023_q3",,"Prostate Surgery",,"Zone 3","Cape Breton Regional","2023","3","66","203","103","534"
"2024_q4",,"Surgery for Hearing or Balance Problems of the Ear",,"Zone 4","QE2","2024","4","143","563","133","1213"
"12month_rolling","Ophthalmology","All","Mann, Colin",,,,,"158","244","54","422"
"12month_rolling","Orthopaedic","Foot - Arthrodesis","Glazebrook, Mark A",,,,,"488","1044","100","216"
"12month_rolling",,"Adrenal Surgery",,"Zone 4","QE2","2025","2","14","37","68","136"
"2024_q4",,"Shoulder Arthroscopy",,"Zone 4","Dartmouth General","2024","4","59","85","49","407"
"2025_q1",,"Prostate Surgery",,"Zone 3","Northside General","2025","1",,,"54","83"
"2025_q2",,"Prostate Cancer Surgery",,"Zone 4","QE2","2025","2","27","55","75","171"
"12month_rolling",,"Tendon / Ligament Repair",,"Zone 4","QE2","2025","2","78","572","47","291"
"3month_rolling",,"Strabismus Surgery  (Pediatric)",,"Total","Provincial","2025","2",,,"83","360"
"2024_q1",,"Kidney Removal",,"Zone 1","Valley Regional","2024","1",,,"48","70"
"12month_rolling",,"Surgery for Hearing or Balance Problems of the Ear",,"Zone 3","Cape Breton Regional","2025","2","32","85","42","307"
"12month_rolling","Obstetrics/Gynaecology","Hysterectomy  (Cancer Suspected or Proven)","Scott, Stephanie",,,,,"14","35","29","53"
"2023_q3",,"Bowel Resection - Open",,"Total","Provincial","2023","3","19","63","27","120"
"2023_q2",,"Hernia Repair - Umbilical",,"Zone 1","Valley Regional","2023","2","67","177","49","124"
"2025_q2",,"Hernia Repair  (Adult)",,"Zone 1","Yarmouth Regional","2025","2","80","306","80","141"
"2024_q3",,"Hernia Repair - Laparoscopic Umbilical",,"Total","Provincial","2024","3","100","442","81","83"
"12month_rolling","Cardiac Surgery","Congenital Heart Surgery","Horne, David",,,,,,,"28","104"
"2023_q4",,"Bowel Resection",,"Zone 1","South Shore Regional","2023","4","43","179","25","93"
"2024_q2",,"Head and Neck Surgery",,"Zone 4","QE2","2024","2","26","270","23","42"
"2023_q2",,"Prostate Surgery",,"Zone 2","Colchester East Hants Health Centre","2023","2",,,"284","617"
"3month_rolling","Vascular Surgery",,,,,"2025","2",,,"34","110"
"2024_q2",,"Hysterectomy  (Cancer Not Suspected)",,"Zone 4","QE2","2024","2","14","37","29","48"
"2024_q3",,"Gastric Surgery - Laparoscopic",,"Total","Provincial","2024","3","109","706","105","387"
"2024_q1",,"Kidney Removal",,"Zone 4","QE2","2024","1","16","38","65","145"
"12month_rolling",,"Gastrointestinal Tract Surgery",,"Zone 1","South Shore Regional","2025","2","29","176","31","74"
"12month_rolling","Obstetrics/Gynaecology","Hysterectomy  (Cancer Suspected or Proven)","Bentley, James R",,,,,"14","37","22","35"
"2023_q4",,"Cystoscopy",,"Zone 3","Cape Breton Regional","2023","4","22","123","25","169"
"2024_q4",,"Palmar Fascia Excision for Dupuytren's Disease",,"Total","Provincial","2024","4","83","751","94","299"
"12month_rolling","Urology","Male Incontinence Surgery","Bailly, Greg G",,,,,"86","97","93","184"
"2024_q1",,"Male Reproductive System Surgery",,"Zone 4","QE2","2024","1","65","302","87","178"
"2024_q4",,"Amputations",,"Total","Provincial","2024","4","27","116","14","61"
"2023_q3",,"Hernia Repair - Ventral",,"Total","Provincial","2023","3","75","332","70","442"
"2024_q4",,"Strabismus Surgery  (Adult)",,"Total","Provincial","2024","4","665","1114","130","246"
"12month_rolling","Urology","Male Reproductive System Surgery","Butler, Trevor",,,,,,,"139","204"
"2024_q1",,"Bladder Cancer Surgery",,"Zone 4","Dartmouth General","2024","1",,,"56","590"
"12month_rolling","Orthopaedic","All","O'Neill, Michelle E",,,,,"176","243","77","127"
"2023_q4",,"Nissen Fundoplication - Laparoscopic",,"Total","Provincial","2023","4","99","645","107","402"
"2025_q1",,"Cataract Surgery",,"Zone 1","Soldiers Memorial","2025","1","148","188","50","99"
"2024_q3",,"Functional Endoscopic Sinus Surgery (FESS)",,"Zone 1","Valley Regional","2024","3",,,"144","203"
"2023_q2",,"Palmar Fascia Excision for Dupuytren's Disease",,"Zone 3","St. Martha's Regional","2023","2","20","34",,
"2023_q4",,"Hysterectomy  (Cancer Not Suspected)",,"Zone 1","South Shore Regional","2023","4",,,"38","68"
"2025_q2",,"Knee Scope with ACL Repair",,"Total","Provincial","2025","2","87","277","86","257"
"12month_rolling","Urology","All","Lantz, Andrea",,,,,"44","101","55","129"
"2025_q1",,"Septoplasty",,"Zone 2","Cumberland Regional","2025","1",,,"89","158"
"12month_rolling","Obstetrics/Gynaecology","All","Pierce, Marianne",,,,,"136","615","131","377"
"12month_rolling","Otolaryngology (ENT)","All","Piccott, Devin",,,,,"70","209","114","333"
"12month_rolling","General Surgery","All","Wasserman, Lukas",,,,,"56","221","141","405"
"12month_rolling","General Surgery","Bowel Resection","Joy, Edward",,,,,"22","61","33","61"
"2024_q1",,"Coronary Artery Bypass Graft",,"Zone 4","QE2","2024","1",,,"6","35"
"3month_rolling",,"Hysterectomy  (Cancer Not Suspected)",,"Zone 3","St. Martha's Regional","2025","2","108","538","120","181"
"2023_q2",,"Tonsillectomy and/or Adenoidectomy  (Pediatric)",,"Zone 1","South Shore Regional","2023","2","109","114","30","123"
"2025_q2",,"Strabismus Surgery  (Pediatric)",,"IWK","IWK","2025","2",,,"83","360"
"2023_q4",,"Colorectal Cancer Surgery",,"Zone 3","Cape Breton Regional","2023","4","15","36","20","54"
"2024_q2",,"Oculo Plastic Surgery",,"Zone 4","QE2","2024","2","36","216","21","246"
"2023_q4",,"Tonsillectomy and/or Adenoidectomy  (Adult)",,"Zone 4","Dartmouth General","2023","4",,,"91","241"
"2023_q3",,"Breast Cancer Surgery",,"Zone 1","South Shore Regional","2023","3","9","20","20","30"
"3month_rolling",,"Bladder Cancer Surgery",,"Zone 3","Northside General","2025","2",,,"106","157"
"2025_q1",,"Gallbladder Surgery",,"Zone 4","Hants Community Hospital","2025","1","70","169","43","178"
"2024_q3",,"Septoplasty",,"Zone 3","Cape Breton Regional","2024","3","60","116","338","464"
"2024_q4",,"Septoplasty",,"Zone 1","Valley Regional","2024","4","167","626","214","334"
"12month_rolling","Plastic Surgery","Breast Reduction Surgery","Nel, Corne",,,,,"129","301","394","625"
"2024_q4",,"Hernia Repair - Inguinal/Femoral",,"Zone 3","St. Martha's Regional","2024","4","55","189","153","233"
"12month_rolling","General Surgery","Hernia Repair - Umbilical","de Boer, Krista",,,,,"57","71","76","244"
"2023_q2",,"Dental Extractions and Restorations  (Pediatric)",,"Zone 3","Inverness Consolidated Memorial","2023","2","96","302","59","366"
"12month_rolling",,"Laryngology and Vocal Cord Surgery",,"Zone 3","Cape Breton Regional","2025","2","19","48",,
"2025_q2",,"Knee Replacement - Partial",,"Total","Provincial","2025","2","238","398","83","286"
"12month_rolling","Urology","Prostate Surgery","Duplisea, Jonathan",,,,,"51","128","69","176"
"2024_q3",,"Gallbladder Surgery",,"Zone 2","Aberdeen Hospital","2024","3","54","275","24","82"
"2024_q4",,"Cardiovascular Surgery",,"Zone 4","QE2","2024","4",,,"68","136"
"2024_q1",,"Lymph Node Biopsy",,"Total","Provincial","2024","1","14","28","21","43"
"2024_q1",,"Hernia Repair  (Adult)",,"Zone 4","Hants Community Hospital","2024","1","178","433","200","363"
"12month_rolling",,"Manipulation of Extremity",,"Zone 4","QE2","2025","2","38","222","15","71"
"2024_q4",,"Temperomandibular Joint Surgery (TMJ)",,"Zone 4","QE2","2024","4","169","912","196","1234"
"2025_q1",,"Ear Tubes  (Pediatric)",,"IWK","IWK","2025","1","63","338","75","136"
"12month_rolling","Plastic Surgery","All","Wheelock, Margaret",,,,,"15","25","180","715"
"2024_q4",,"Brain Surgery  (Adult)",,"Total","Provincial","2024","4","20","112","24","162"
"12month_rolling",,"Surgery for Hearing or Balance Problems of the Ear",,"Zone 3","St. Martha's Regional","2025","2","59","178","36","85"
"2023_q4",,"Male Reproductive System Surgery",,"IWK","IWK","2023","4","76","126","158","471"
"2024_q3",,"Ear Tubes  (Pediatric)",,"IWK","IWK","2024","3","132","295","101","171"
"2023_q2",,"Head and Neck Surgery",,"Total","Provincial","2023","2","15","54","38","371"
"2024_q2",,"Gastric Surgery - Laparoscopic",,"Zone 4","QE2","2024","2","61","332","184","1176"
"2023_q4",,"Hip Replacement Revision",,"Zone 4","QE2","2023","4",,,"61","139"
"2024_q2",,"Bowel Resection",,"Total","Provincial","2024","2","17","74","32","108"
"2023_q4",,"Gastrointestinal Tract Surgery - Laparoscopic",,"Zone 3","Cape Breton Regional","2023","4","17","51","22","54"
"2024_q3",,"Functional Endoscopic Sinus Surgery (FESS)",,"Zone 3","St. Martha's Regional","2024","3",,,"82","111"
"2025_q1",,"Shoulder Arthroscopy",,"Total","Provincial","2025","1","84","384","91","355"
"12month_rolling","Urology","Prostate Surgery","Morris, Heather",,,,,"28","104","32","44"
"12month_rolling","Vascular Surgery","All","Casey, Patrick J",,,,,"22","93","38","127"
"3month_rolling",,"Bladder Cancer Surgery",,"Zone 2","Colchester East Hants Health Centre","2025","2","25","342","45","85"
"2024_q2",,"Septoplasty",,"Zone 3","St. Martha's Regional","2024","2","212","240","43","68"
"2024_q3",,"Tonsillectomy and/or Adenoidectomy  (Pediatric)",,"Zone 3","Cape Breton Regional","2024","3","92","146","228","441"
"12month_rolling","Otolaryngology (ENT)","Functional Endoscopic Sinus Surgery (FESS)","Wallace, Timothy D",,,,,"85","479","109","183"
"2024_q1",,"Carpal Tunnel Surgery",,"Zone 1","South Shore Regional","2024","1","101","260","101","146"
"2023_q2",,"Breast Cancer Surgery",,"Zone 2","Aberdeen Hospital","2023","2","11","27","24","52"
"2023_q3",,"Spinal Cord Stimulation Surgery",,"Total","Provincial","2023","3",,,"117","134"
"12month_rolling","Urology","Cystoscopy","Paterson, Nicholas",,,,,"42","91","83","202"
"2024_q1",,"Ear Tubes  (Adult)",,"Total","Provincial","2024","1","60","503","40","63"
"12month_rolling","Urology","Bladder Cancer Surgery","Butler, Trevor",,,,,"2","3","41","127"
"2025_q2",,"Male Reproductive System Surgery",,"Zone 2","Colchester East Hants Health Centre","2025","2","223","523","186","474"
"2023_q3",,"Hernia Repair  (Adult)",,"Zone 4","QE2","2023","3","160","434","138","320"
"2024_q1",,"Oculo Plastic Surgery",,"Total","Provincial","2024","1","52","837","64","232"
"12month_rolling","Plastic Surgery","Tendon / Ligament Repair","Wheelock, Margaret",,,,,,,"176","323"
"2025_q1",,"Gastrointestinal Tract Surgery",,"Zone 1","South Shore Regional","2025","1","36","141","41","127"
"12month_rolling","General Surgery","Gallbladder Surgery","Wasserman, Lukas",,,,,"66","138","111","237"
"2023_q2",,"Bowel Resection - Laparoscopic",,"Zone 1","Valley Regional","2023","2","68","318","41","88"
"12month_rolling","General Surgery","Bowel Resection - Open","Spence, Richard",,,,,"25","33","34","100"
"2025_q2",,"Head and Neck Surgery",,"Zone 4","QE2","2025","2","20","44","28","48"
"2025_q1",,"Hernia Repair - Inguinal/Femoral",,"Zone 1","South Shore Regional","2025","1","41","142","43","112"
"12month_rolling","General Surgery","Carpal Tunnel Surgery","Stoddart, Todd",,,,,"41","56","18","48"
"2024_q4",,"Gastrointestinal Tract Surgery",,"Total","Provincial","2024","4","47","214","48","205"
"2023_q2",,"Cardiac Valve Replacement",,"Zone 4","QE2","2023","2",,,"43","112"
"2023_q3",,"Bladder Surgery",,"Zone 3","Cape Breton Regional","2023","3",,,"48","87"
"2024_q2",,"Hysterectomy  (Cancer Suspected or Proven)",,"Total","Provincial","2024","2","14","62","41","99"
"3month_rolling",,"Shoulder Surgery",,"Zone 3","Cape Breton Regional","2025","2",,,"49","78"
"12month_rolling","Otolaryngology (ENT)","Ear Tubes  (Pediatric)","Graham, Elise",,,,,"68","317","75","108"
"12month_rolling","Orthopaedic","Knee Replacement","Hurley, Richard",,,,,"214","386","103","181"
"2023_q2",,"Septoplasty",,"Total","Provincial","2023","2","72","386","76","435"
"12month_rolling","Obstetrics/Gynaecology","Hysteroscopy","Gilmour, Donna",,,,,"39","44","44","106"
"12month_rolling","Dental","Dental Extractions and Restorations  (Pediatric)","Downey, Lindsay",,,,,,,"89","137"
"12month_rolling",,"Bowel Resection - Laparoscopic",,"Zone 3","Cape Breton Regional","2025","2","16","74","19","91"
"2024_q1",,"Hernia Repair - Umbilical",,"Zone 2","Colchester East Hants Health Centre","2024","1","43","87","55","284"
"2023_q2",,"Melanoma Excision",,"Total","Provincial","2023","2","14","29","18","30"
"2024_q4",,"Bladder Cancer Surgery",,"Zone 1","South Shore Regional","2024","4",,,"28","55"
"2023_q3",,"Cervical Spine (Neck) Surgery",,"Zone 4","QE2","2023","3","52","114","48","220"
"2023_q2",,"Pacemaker Insertion",,"Total","Provincial","2023","2","8","28","9","49"
"3month_rolling",,"Hysterectomy  (Cancer Not Suspected)",,"IWK","IWK","2025","2","214","997","224","449"
"2023_q2",,"Kidney Removal",,"Total","Provincial","2023","2","19","39","55","137"
"12month_rolling","Otolaryngology (ENT)","Surgery for Hearing or Balance Problems of the Ear","Brodarec, Ivan",,,,,"118","407","37","110"
"12month_rolling","Orthopaedic","Hip Replacement","Hamilton, Christopher",,,,,"265","412","62","122"
"2025_q2",,"Male Circumcision  (Adult)",,"Zone 4","QE2","2025","2","64","126","94","138"
"2023_q4",,"Thyroid or Parathyroid Surgery",,"Zone 4","Dartmouth General","2023","4","31","84","64","169"
"12month_rolling","Cardiac Surgery","Cardiovascular Surgery","Horne, David",,,,,,,"54","162"
"2024_q3",,"Male Circumcision  (Adult)",,"Zone 1","Valley Regional","2024","3",,,"135","239"
"2024_q2",,"Laryngology and Vocal Cord Surgery",,"Total","Provincial","2024","2","42","166","42","736"
"12month_rolling","Cardiac Surgery","All","Wood, Jeremy R",,,,,,,"48","98"
"2024_q1",,"Gastrointestinal Tract Surgery",,"Zone 2","Aberdeen Hospital","2024","1",,,"29","43"
"2023_q4",,"Hysteroscopy",,"Zone 1","South Shore Regional","2023","4","21","53","37","64"
"12month_rolling",,"Male Reproductive System Surgery",,"Total","Provincial","2025","2","115","371","110","394"
"12month_rolling","Obstetrics/Gynaecology","Hysteroscopy","Nette, Farrell",,,,,"59","1079","37","70"
"12month_rolling","Orthopaedic","All","El-Tahan, Tahmir H.",,,,,"92","364","91","251"
"2024_q4",,"Cardiovascular Surgery",,"Total","Provincial","2024","4",,,"66","136"
"2025_q2",,"Oculo Plastic Surgery",,"Zone 4","QE2","2025","2","173","497","30","146"
"2024_q1",,"Gallbladder Surgery",,"Zone 4","QE2","2024","1","27","113","51","176"
"12month_rolling","General Surgery","All","Stewart, Riley",,,,,"76","370","53","312"
"12month_rolling","Otolaryngology (ENT)","All","Taylor, S. Mark",,,,,"29","322","41","181"
"2023_q4",,"Dental Extractions and Restorations  (Adult)",,"Total","Provincial","2023","4","97","235","133","534"
"2025_q1",,"Tendon / Ligament Repair",,"Zone 4","QE2","2025","1","37","392","64","259"
"2023_q4",,"Prostatectomy",,"Zone 4","QE2","2023","4","28","132","149","239"
"2024_q1",,"Knee Replacement Revision",,"Total","Provincial","2024","1","124","387","79","438"
"2023_q2",,"Hernia Repair - Inguinal/Femoral",,"Zone 2","Colchester East Hants Health Centre","2023","2","68","214","71","531"
"2023_q3",,"Gallbladder Surgery",,"Zone 4","QE2","2023","3","49","182","64","131"
"12month_rolling","Orthopaedic","All","Morash, Kevin",,,,,"175","4687","178","680"
"12month_rolling","Orthopaedic","Hip Replacement","Biddulph, Michael Paul",,,,,,,"108","270"
"2024_q3",,"Shoulder Arthroscopy",,"Zone 4","Hants Community Hospital","2024","3","75","105","69","232"
"12month_rolling","Orthopaedic","Knee Replacement - Partial","Gillis, Megan",,,,,"369","469","340","497"
"2024_q1",,"Thyroid or Parathyroid Surgery",,"Zone 2","Cumberland Regional","2024","1","56","193","42","51"
"2024_q2",,"Prostate Surgery",,"Zone 3","Cape Breton Regional","2024","2","24","70","119","373"
"2023_q3",,"Knee Scope with ACL Repair",,"Total","Provincial","2023","3","54","151","75","271"
"12month_rolling",,"Cystoscopy",,"Zone 1","Yarmouth Regional","2025","2","41","267","40","110"
"2023_q2",,"Shoulder Arthroscopy",,"Zone 4","Dartmouth General","2023","2","66","264","118","237"
"2023_q4",,"Bariatric Surgery (for Weight Loss)",,"Total","Provincial","2023","4","96","149","220","413"
"2025_q1",,"Pacemaker Insertion",,"Zone 2","Aberdeen Hospital","2025","1",,,"52","74"
"2024_q4",,"Dental Extractions and Restorations  (Pediatric)",,"Zone 3","Glace Bay","2024","4",,,"177","242"
"2023_q4",,"Hernia Repair - Inguinal/Femoral",,"Zone 2","Cumberland Regional","2023","4","25","90","51","150"
"2023_q3",,"Cystoscopy",,"Zone 3","Cape Breton Regional","2023","3","36","123","19","197"
"2024_q1",,"Strabismus Surgery  (Pediatric)",,"Total","Provincial","2024","1",,,"140","197"
"2024_q3",,"Bowel Resection",,"Zone 1","South Shore Regional","2024","3","22","417","29","57"
"3month_rolling",,"Cataract Surgery",,"Zone 3","St. Martha's Regional","2025","2","181","422","106","165"
"2024_q2",,"Hysterectomy  (Cancer Not Suspected)",,"Zone 1","Valley Regional","2024","2","408","580","190","370"
"2024_q2",,"Hysterectomy  (Cancer Not Suspected)",,"Zone 3","Cape Breton Regional","2024","2","73","155","232","414"
"2024_q2",,"Prostate Cancer Surgery",,"Zone 4","QE2","2024","2","20","42","172","239"
"2025_q2",,"Bowel Resection",,"Total","Provincial","2025","2","21","158","31","96"
"2025_q1",,"Shoulder Arthroscopy",,"Zone 3","Cape Breton Regional","2025","1","192","431","53","138"
"12month_rolling","Ophthalmology","All","Oosthuizen, Pieter",,,,,"34","193","44","103"
"12month_rolling","Urology","Prostatectomy","Massaro, Peter",,,,,"81","100","75","89"
"2023_q3",,"Peritoneal Lavage or Catherization",,"Total","Provincial","2023","3",,,"10","24"
"2023_q3",,"Dental Extractions and Restorations  (Adult)",,"Zone 1","South Shore Regional","2023","3","146","326","77","169"
"2025_q1",,"Video-Assisted Thoracic Surgery",,"Total","Provincial","2025","1","26","70","29","58"
"2024_q4",,"Colorectal Cancer Surgery",,"Zone 1","South Shore Regional","2024","4",,,"21","31"
"2023_q4",,"Dental Extractions and Restorations  (Pediatric)",,"Total","Provincial","2023","4","60","227","140","579"
"2023_q3",,"Knee Replacement - Partial",,"Total","Provincial","2023","3","260","385","281","700"
"2023_q2",,"Strabismus Surgery  (Adult)",,"Total","Provincial","2023","2","312","566","183","399"
"12month_rolling","General Surgery","Hernia Repair  (Adult)","Hossain, Farisa",,,,,"20","106","121","244"
"2023_q2",,"Temperomandibular Joint Surgery (TMJ)",,"Zone 4","QE2","2023","2","346","818","261","574"
"12month_rolling","Obstetrics/Gynaecology","Hysteroscopy","McCarthy, Leanne",,,,,"55","292","59","128"
"12month_rolling",,"Insertion Vascular Access Catheter",,"Zone 2","Aberdeen Hospital","2025","2","13","36","7","19"
"2023_q3",,"Hemorrhoidectomy",,"Zone 4","Dartmouth General","2023","3",,,"128","423"
"2024_q3",,"Bowel Resection",,"Zone 4","Dartmouth General","2024","3","21","230","32","73"
"2023_q2",,"Septoplasty",,"Zone 3","Cape Breton Regional","2023","2","41","355","84","156"
"2024_q3",,"Dental Extractions and Restorations  (Adult)",,"Total","Provincial","2024","3","98","263","127","428"
"12month_rolling","Otolaryngology (ENT)","Thyroid or Parathyroid Surgery","Piccott, Devin",,,,,"7","43","59","102"
"2024_q3",,"Hernia Repair  (Adult)",,"Zone 4","QE2","2024","3","110","561","95","320"
"2025_q1",,"Salivary Gland Surgery",,"Total","Provincial","2025","1",,,"89","333"
"2023_q3",,"Ear Tubes  (Pediatric)",,"Zone 1","Valley Regional","2023","3","72","120","74","111"
"3month_rolling",,"Female Incontinence Surgery",,"Total","Provincial","2025","2","79","279","181","307"
"2025_q2",,"Pancreas Surgery",,"Zone 4","QE2","2025","2","14","32","37","61"
"2023_q4",,"Temperomandibular Joint Surgery (TMJ)",,"Total","Provincial","2023","4","414","495","146","524"
"2023_q4",,"Kidney Removal",,"Zone 4","QE2","2023","4","18","63","51","105"
"2024_q2",,"Kidney / Upper Urinary Tract",,"Zone 4","QE2","2024","2","16","77","36","126"
"2024_q2",,"Hernia Repair - Incisional",,"Zone 1","Valley Regional","2024","2","309","645","87","176"
"12month_rolling","Orthopaedic","Knee Replacement","Leighton, Jennifer Laura",,,,,,,"148","260"
"2025_q1",,"Bowel Resection - Laparoscopic",,"Zone 3","Cape Breton Regional","2025","1","8","55","24","363"
"12month_rolling","Urology","Kidney Stone Surgery","Massaro, Peter",,,,,"39","140","166","381"
"2023_q4",,"Bladder Cancer Surgery",,"Zone 4","QE2","2023","4","17","36","27","64"
"2024_q3",,"Nose Surgery - Reconstructive or Aesthetic",,"Zone 4","QE2","2024","3","56","105","29","56"
"2024_q3",,"Hip Arthroscopy",,"Zone 4","Dartmouth General","2024","3","90","104","226","286"
"12month_rolling",,"Cystoscopy",,"Zone 3","Northside General","2025","2","35","93","44","219"
"2024_q4",,"Dental Extractions and Restorations  (Pediatric)",,"IWK","IWK","2024","4","141","582","146","628"
"2023_q4",,"Nissen Fundoplication - Laparoscopic",,"Zone 4","QE2","2023","4","102","867","107","402"
"12month_rolling","Otolaryngology (ENT)","All","Morris, David P",,,,,"136","374","88","609"
"2024_q4",,"Bowel Resection - Laparoscopic",,"Total","Provincial","2024","4","23","76","34","101"
"2023_q3",,"Brain Surgery  (Adult)",,"Total","Provincial","2023","3","58","651","47","138"
"2025_q1",,"Male Circumcision  (Adult)",,"Zone 2","Colchester East Hants Health Centre","2025","1","179","568",,
"2024_q2",,"Bladder Cancer Surgery",,"Total","Provincial","2024","2","21","151","40","134"
"2023_q4",,"Septoplasty",,"Zone 1","Valley Regional","2023","4","184","547","79","156"
"12month_rolling","Dental","Dental Extractions and Restorations  (Adult)","MacLellan, Jennifer",,,,,,,"442","863"
"12month_rolling","Dental","Dental Extractions and Restorations  (Adult)","Albert, Daniel N",,,,,,,"55","140"
"12month_rolling","Obstetrics/Gynaecology","Hysterectomy  (Cancer Suspected or Proven)","Willows, Karla Astrid",,,,,"17","28","27","46"
"2025_q1",,"Tendon / Ligament Repair",,"Total","Provincial","2025","1","93","603","96","290"
"2023_q4",,"Cataract Surgery",,"Zone 3","Cape Breton Regional","2023","4","42","129","42","106"
"3month_rolling",,"Hysterectomy  (Cancer Not Suspected)",,"Zone 1","Yarmouth Regional","2025","2","63","229","30","48"
"12month_rolling","Plastic Surgery","All","LeBlanc, Martin",,,,,"363","1956","61","113"
"12month_rolling",,"Foot - Reconstruction",,"IWK","IWK","2025","2",,,"225","407"
"2024_q2",,"Removal of Ovaries and/or Fallopian Tubes  (Cancer Not Suspected)",,"Zone 1","Valley Regional","2024","2","260","677","146","350"
"2024_q1",,"Gastrointestinal Tract Surgery - Laparoscopic",,"Total","Provincial","2024","1","20","128","30","108"
"12month_rolling","General Surgery","Hemorrhoidectomy","Southcott, Adam",,,,,"126","196","164","221"
"2023_q3",,"Head and Neck Surgery",,"Zone 4","QE2","2023","3","14","38","31","87"
"12month_rolling",,"Head and Neck Surgery",,"Zone 4","Hants Community Hospital","2025","2","40","84","61","255"
"12month_rolling","General Surgery","Bowel Resection - Open","Murphy, Christopher",,,,,"21","55","28","50"
"2025_q2",,"Breast Cancer Surgery",,"Zone 3","Cape Breton Regional","2025","2","8","22","13","20"
"12month_rolling","Obstetrics/Gynaecology","Hysterectomy  (Cancer Not Suspected)","Pearsall, Jessica",,,,,"139","213","24","105"
"12month_rolling",,"Otoplasty",,"Total","Provincial","2025","2","130","213","149","282"
"12month_rolling",,"Gastric Surgery",,"Zone 4","QE2","2025","2","14","28","31","75"
"12month_rolling",,"Cardioversion",,"Total","Provincial","2025","2","15","20","13","29"
"12month_rolling","Otolaryngology (ENT)","Septoplasty","Williams, Blair",,,,,"365","429","348","408"
"2025_q1",,"Gastrointestinal Tract Surgery - Laparoscopic",,"Zone 4","Dartmouth General","2025","1","20","79","32","108"
"2024_q3",,"Bowel Resection - Laparoscopic",,"Zone 4","Dartmouth General","2024","3","18","188","31","73"
"12month_rolling",,"Gastrointestinal Tract Surgery - Laparoscopic",,"Total","Provincial","2025","2","24","175","33","109"
"2023_q3",,"Hysterectomy  (Cancer Not Suspected)",,"Zone 2","Aberdeen Hospital","2023","3",,,"97","211"
"3month_rolling",,"Cleft Lip/Palate  (Pediatric)",,"Total","Provincial","2025","2",,,"134","271"
"2024_q2",,"Sacral Nerve Stimulation",,"Total","Provincial","2024","2",,,"136","228"
"12month_rolling",,"Aesthetic Surgery",,"IWK","IWK","2025","2",,,"152","279"
"3month_rolling",,"Hernia Repair  (Adult)",,"Zone 3","St. Martha's Regional","2025","2","66","244","174","314"
"12month_rolling","General Surgery","Gallbladder Surgery","Flor, Lior",,,,,"36","1056","6","37"
"12month_rolling","Otolaryngology (ENT)","All","Al Afif, Ayham",,,,,"20","62","34","99"
"12month_rolling","Obstetrics/Gynaecology","Hysteroscopy","Pearsall, Jessica",,,,,"48","344","49","120"
"12month_rolling",,"Manipulation of Extremity",,"Zone 2","Aberdeen Hospital","2025","2",,,"24","57"
"2023_q2",,"Bladder Cancer Surgery",,"Zone 1","South Shore Regional","2023","2",,,"25","51"
"2025_q2",,"Dental Extractions and Restorations  (Adult)",,"Total","Provincial","2025","2","112","299","74","364"
"2024_q3",,"Breast Cancer Surgery",,"Total","Provincial","2024","3","14","32","25","53"
"12month_rolling","General Surgery","Insertion Vascular Access Catheter","Mills, Jessica Louise",,,,,,,"29","128"
"12month_rolling","Obstetrics/Gynaecology","All","Gilmour, Donna",,,,,"41","646","47","139"
"3month_rolling",,"Strabismus Surgery  (Adult)",,"Zone 4","QE2","2025","2","199","246","57","357"
"2025_q2",,"Hernia Repair  (Adult)",,"Zone 2","Cumberland Regional","2025","2","83","214","41","74"
"2023_q4",,"Insertion Vascular Access Catheter",,"Zone 1","Yarmouth Regional","2023","4",,,"9","28"
"2024_q3",,"Colorectal Cancer Surgery",,"Zone 4","Dartmouth General","2024","3","15","50","31","41"
"2025_q2",,"Removal of Ovaries and/or Fallopian Tubes  (Cancer Not Suspected)",,"Zone 4","Dartmouth General","2025","2","116","310","69","203"
"3month_rolling",,"Carpal Tunnel Surgery",,"Zone 1","Yarmouth Regional","2025","2",,,"152","282"
"12month_rolling","General Surgery","Hernia Repair - Umbilical","Archibald, Alison",,,,,"357","883","75","693"
"2024_q3",,"Surgery for Hearing or Balance Problems of the Ear",,"Zone 1","Yarmouth Regional","2024","3","102","195","57","152"
"2023_q3",,"Oculo Plastic Surgery",,"Zone 4","QE2","2023","3","98","365","62","229"
"12month_rolling","Cardiac Surgery","Cardiovascular Surgery","Tremblay, Louis Philippe",,,,,,,"41","92"
"12month_rolling","General Surgery","Bowel Resection - Laparoscopic","Murphy, Christopher",,,,,"22","55","39","69"
"2023_q2",,"Thyroid or Parathyroid Surgery",,"Zone 3","Cape Breton Regional","2023","2","49","118","61","85"
"2023_q4",,"Hernia Repair  (Adult)",,"Zone 3","Cape Breton Regional","2023","4","51","731","128","496"
"12month_rolling",,"Hernia Repair - Umbilical",,"Zone 3","Inverness Consolidated Memorial","2025","2","85","173","93","156"
"12month_rolling","Obstetrics/Gynaecology","Hysteroscopy","Oniah, Mojisola",,,,,"26","157","36","80"
"12month_rolling","General Surgery","Hernia Repair  (Adult)","Hiebert, Stephanie",,,,,"40","56","53","216"
"12month_rolling","Obstetrics/Gynaecology","All","Nette, Farrell",,,,,"131","713","65","313"
"12month_rolling","General Surgery","Gastrointestinal Tract Surgery","Archibald, Alison",,,,,"17","18","35","99"
"12month_rolling","General Surgery","All","de Boer, Krista",,,,,"44","78","76","300"
"12month_rolling",,"Pilonidal Cyst Surgery",,"Zone 4","Dartmouth General","2025","2","181","567","89","323"
"2025_q1",,"Hip Replacement Revision",,"Total","Provincial","2025","1","31","185","67","146"
"12month_rolling","Obstetrics/Gynaecology","Hysterectomy  (Cancer Not Suspected)","Pierce, Marianne",,,,,"168","667","328","433"
"2024_q2",,"Bladder Surgery",,"Zone 3","Cape Breton Regional","2024","2",,,"44","98"
"12month_rolling","General Surgery","Gastrointestinal Tract Surgery","Hoogerboord, C Marius",,,,,"77","168","75","134"
"2025_q1",,"Male Circumcision  (Adult)",,"Zone 4","QE2","2025","1","141","185","170","289"
"12month_rolling","Dental","Dental Extractions and Restorations  (Pediatric)","Fitzpatrick, Shannon",,,,,"125","509","176","736"
"12month_rolling","Ophthalmology","Cataract Surgery","Archibald, Curtis",,,,,"9","21","26","68"
"12month_rolling","General Surgery","Bowel Resection - Open","Nocon, Brian",,,,,"26","66","35","60"
"2023_q3",,"Endarterectomy",,"Zone 4","QE2","2023","3",,,"64","83"
"2023_q3",,"Cardiovascular Surgery",,"Total","Provincial","2023","3",,,"9","67"
"2025_q2",,"Hysterectomy  (Cancer Not Suspected)",,"Zone 1","South Shore Regional","2025","2",,,"87","136"
"12month_rolling","Oral Maxillofacial","Bone / Cartilage Graft","Brady, James",,,,,"57","98","177","295"
"2023_q3",,"Liver Surgery",,"Zone 4","QE2","2023","3","13","42","42","71"
"12month_rolling","General Surgery","Hemorrhoidectomy","Enright, Jonathan Boyde",,,,,"41","53","241","353"
"2024_q1",,"Carpal Tunnel Surgery",,"Zone 4","Hants Community Hospital","2024","1",,,"22","67"
"3month_rolling",,"Septoplasty",,"Zone 4","QE2","2025","2","146","571","181","406"
"2024_q1",,"Carpal Tunnel Surgery",,"Zone 4","Dartmouth General","2024","1",,,"33","76"
"2025_q2",,"Head and Neck Surgery",,"Total","Provincial","2025","2","25","74","31","134"
"2024_q1",,"Tendon / Ligament Repair",,"IWK","IWK","2024","1",,,"103","314"
"2024_q2",,"Hysterectomy  (Cancer Not Suspected)",,"Zone 2","Aberdeen Hospital","2024","2","43","110","75","153"
"2024_q1",,"Carpal Tunnel Surgery",,"Zone 1","Valley Regional","2024","1","105","547","93","236"
"12month_rolling","Otolaryngology (ENT)","Laryngology and Vocal Cord Surgery","Taylor, Benjamin A",,,,,"137","311","36","106"
"2025_q1",,"Dental Extractions and Restorations  (Pediatric)",,"Zone 2","Cumberland Regional","2025","1","22","34","116","196"
"2023_q2",,"Tonsillectomy and/or Adenoidectomy  (Pediatric)",,"Total","Provincial","2023","2","112","154","87","205"
"2024_q2",,"Knee Scope",,"Total","Provincial","2024","2","58","289","81","266"
"12month_rolling","General Surgery","Hernia Repair  (Pediatric)","Milford, Karen",,,,,"71","112","134","226"
"12month_rolling","Ophthalmology","Strabismus Surgery  (Adult)","Chan, Wesley",,,,,,,"38","101"
"2025_q1",,"Cystoscopy",,"Zone 1","Yarmouth Regional","2025","1","29","261","43","104"
"12month_rolling","Orthopaedic","Shoulder Arthroscopy","Tucker, Allison",,,,,"79","209","49","126"
"2023_q3",,"Bowel Resection",,"Total","Provincial","2023","3","20","104","29","102"
"3month_rolling",,"Maxillofacial Deformity Surgery",,"Zone 4","QE2","2025","2","314","635","177","483"
"2024_q4",,"Knee Scope",,"Total","Provincial","2024","4","66","222","99","278"
"2023_q4",,"Craniotomy or Craniectomy",,"Zone 4","QE2","2023","4",,,"160","225"
"2024_q1",,"Gallbladder Surgery",,"Zone 1","South Shore Regional","2024","1","28","56","32","118"
"2024_q4",,"Bladder Cancer Surgery",,"Zone 4","QE2","2024","4","22","44","33","55"
"2025_q1",,"Hysterectomy  (Cancer Not Suspected)",,"IWK","IWK","2025","1","140","934","218","433"
"12month_rolling",,"Kidney / Upper Urinary Tract",,"Zone 2","Colchester East Hants Health Centre","2025","2",,,"69","130"
"12month_rolling","Thoracic Surgery","Nissen Fundoplication - Laparoscopic","Ednie, Alexander",,,,,"57","110","56","138"
"2024_q4",,"Thoroscopy / Pleuroscopy",,"Total","Provincial","2024","4",,,"9","24"
"12month_rolling","General Surgery","Gallbladder Surgery","Lamey, Alicia",,,,,"332","791","118","384"
"2023_q3",,"Bariatric Surgery (for Weight Loss)",,"Zone 4","QE2","2023","3","89","158","273","329"
"12month_rolling","General Surgery","All","Drohan, Ashley",,,,,"19","83","30","140"
"2023_q2",,"Functional Endoscopic Sinus Surgery (FESS)",,"Zone 3","St. Martha's Regional","2023","2",,,"31","106"
"12month_rolling","Urology","Cystoscopy","Lantz, Andrea",,,,,"46","190","56","119"
"12month_rolling",,"Oculo Plastic Surgery",,"Zone 1","Yarmouth Regional","2025","2","71","133","135","296"
"3month_rolling",,"Bowel Resection",,"Zone 4","Dartmouth General","2025","2","18","172","28","80"
"12month_rolling",,"Meniscectomy",,"IWK","IWK","2025","2",,,"174","244"
"3month_rolling",,"Knee Scope",,"Zone 1","Valley Regional","2025","2","15","112","91","182"
"12month_rolling","Otolaryngology (ENT)","Tonsillectomy and/or Adenoidectomy  (Pediatric)","Johnson, Liane",,,,,"354","442","171","350"
"2024_q1",,"Tendon / Ligament Repair",,"Zone 4","QE2","2024","1","77","596","89","404"
"3month_rolling",,"Ear Tubes  (Pediatric)",,"Zone 3","St. Martha's Regional","2025","2","84","111","35","64"
"12month_rolling",,"Hernia Repair - Laparoscopic Inguinal Femoral",,"Zone 1","South Shore Regional","2025","2","60","140","55","115"
"2025_q1",,"Prostate Surgery",,"Zone 3","Cape Breton Regional","2025","1","40","104","51","119"
"2023_q2",,"Surgery for Hearing or Balance Problems of the Ear",,"Zone 1","Valley Regional","2023","2","143","463","53","148"
"2024_q2",,"Knee Scope with ACL Repair",,"Total","Provincial","2024","2","39","131","74","207"
"2024_q1",,"Hysterectomy  (Cancer Suspected or Proven)",,"Total","Provincial","2024","1","12","40","35","91"
"2024_q3",,"Hysteroscopy",,"Zone 3","St. Martha's Regional","2024","3","34","279","35","154"
"2024_q3",,"Peritoneal Lavage or Catherization",,"Zone 4","QE2","2024","3",,,"14","17"
"2023_q3",,"Kidney / Upper Urinary Tract",,"Total","Provincial","2023","3","62","286","34","168"
"2023_q2",,"Cystoscopy",,"Zone 3","Cape Breton Regional","2023","2","65","168","22","140"
"12month_rolling","Thoracic Surgery","Nissen Fundoplication - Laparoscopic","Wallace, Alison",,,,,"238","401","139","1381"
"2023_q3",,"Colorectal Cancer Surgery",,"Zone 1","Valley Regional","2023","3","20","383","29","51"
"2023_q3",,"Septoplasty",,"Total","Provincial","2023","3","81","373","118","337"
"2024_q4",,"Prostate Surgery - Laparoscopic",,"Total","Provincial","2024","4","35","173","117","179"
"12month_rolling","General Surgery","Hernia Repair  (Adult)","Poushay, Heather",,,,,"225","626","81","344"
"12month_rolling",,"Angioplasty",,"Total","Provincial","2025","2","19","62","29","81"
"12month_rolling","Obstetrics/Gynaecology","Removal of Ovaries and/or Fallopian Tubes  (Cancer Not Suspected)","Noel, Carolyn",,,,,"46","68","23","45"
"2023_q2",,"Thoroscopy / Pleuroscopy",,"Total","Provincial","2023","2",,,"17","141"
"2024_q1",,"Kidney Stone Surgery",,"Zone 3","Cape Breton Regional","2024","1",,,"70","277"
"2024_q2",,"Prostate Surgery",,"Zone 1","Valley Regional","2024","2","31","95","66","343"
"2023_q4",,"Hernia Repair  (Adult)",,"Zone 3","Glace Bay","2023","4","41","332",,
"2024_q3",,"Head and Neck Surgery",,"Zone 4","QE2","2024","3","15","107","28","157"
"2023_q4",,"Surgery for Hearing or Balance Problems of the Ear",,"Total","Provincial","2023","4","87","306","97","338"
"3month_rolling",,"Breast Cancer Surgery",,"Zone 1","South Shore Regional","2025","2","24","76","20","31"
"2025_q2",,"Bowel Resection",,"Zone 1","South Shore Regional","2025","2","18","35","22","34"
"12month_rolling","Obstetrics/Gynaecology","All","Tynski, Gregory",,,,,"69","631","84","227"
"12month_rolling","General Surgery","Bowel Resection - Laparoscopic","Kelly, Ryan Patrick",,,,,"31","221","55","136"
"12month_rolling",,"Pilonidal Cyst Surgery",,"Zone 3","St. Martha's Regional","2025","2","40","253","212","321"
"2023_q4",,"Laryngology and Vocal Cord Surgery",,"Zone 4","QE2","2023","4","34","250","28","90"
"12month_rolling","Cardiac Surgery","Coronary Artery Bypass Graft","Baskett, Roger J",,,,,"22","22","55","130"
"2023_q2",,"Hernia Repair - Inguinal/Femoral",,"Zone 4","Dartmouth General","2023","2","185","481","114","223"
"2024_q1",,"Insertion Vascular Access Catheter",,"Total","Provincial","2024","1","3","7","22","177"
"2025_q2",,"Gastrointestinal Tract Surgery - Laparoscopic",,"Zone 3","St. Martha's Regional","2025","2","47","85",,
"2025_q2",,"Hernia Repair - Umbilical",,"Zone 1","Valley Regional","2025","2","101","934","59","116"
"12month_rolling",,"Surgery for Hearing or Balance Problems of the Ear",,"Zone 1","Yarmouth Regional","2025","2","118","550","37","110"
"12month_rolling","General Surgery","Hernia Repair - Inguinal/Femoral","Booth, John",,,,,"35","74","139","253"
"12month_rolling","Urology","Prostate Cancer Surgery","Rendon, Ricardo",,,,,"18","41","97","172"
"12month_rolling",,"Hernia Repair - Umbilical",,"Total","Provincial","2025","2","90","482","91","288"
"2025_q1",,"Hysterectomy  (Cancer Not Suspected)",,"Zone 2","Aberdeen Hospital","2025","1","45","497","90","190"
"12month_rolling","Vascular Surgery","Hernia Repair - Umbilical","Heisler, Benjamin",,,,,"20","48","50","113"
"12month_rolling","General Surgery","Gallbladder Surgery","de Boer, Krista",,,,,"54","76","196","350"
"2023_q2",,"Prostate Cancer Surgery",,"Zone 4","QE2","2023","2","27","56","124","183"
"2024_q3",,"Female Incontinence Surgery",,"Zone 4","QE2","2024","3",,,"114","189"
"2024_q1",,"Gastrointestinal Tract Surgery - Laparoscopic",,"Zone 4","QE2","2024","1","37","128","35","66"
"2024_q2",,"Knee Replacement - Partial",,"Total","Provincial","2024","2","161","263","90","428"
"12month_rolling","Orthopaedic","Hip Replacement","Boudreau, Dennis Todd",,,,,"73","350","110","157"
"2025_q1",,"Cystoscopy",,"Zone 3","Northside General","2025","1",,,"40","252"
"2025_q2",,"Pelvic Floor Repair",,"Total","Provincial","2025","2","163","603","177","479"
"2024_q1",,"Prostate Cancer Surgery",,"Total","Provincial","2024","1","25","49","91","237"
"12month_rolling","Otolaryngology (ENT)","Septoplasty","Kujath, Magdalena",,,,,"200","854","242","370"
"12month_rolling","Vascular Surgery","Gastrointestinal Tract Surgery","Heisler, Benjamin",,,,,"13","66","34","96"
"12month_rolling","Otolaryngology (ENT)","Tonsillectomy and/or Adenoidectomy  (Pediatric)","Clifton, Neil",,,,,"63","118","39","83"
"2023_q2",,"Kidney Stone Surgery",,"Zone 2","Colchester East Hants Health Centre","2023","2","17","363","26","197"
"2024_q4",,"Cystoscopy",,"Zone 1","South Shore Regional","2024","4","27","52","30","69"
"2024_q4",,"Hernia Repair  (Adult)",,"Zone 4","Hants Community Hospital","2024","4","283","629","68","160"
"2025_q1",,"Cataract Surgery",,"Zone 3","St. Martha's Regional","2025","1","153","310","85","131"
"2023_q3",,"Gastrointestinal Tract Surgery",,"Zone 3","Cape Breton Regional","2023","3","25","82","40","219"
"2024_q3",,"Oculo Plastic Surgery",,"Zone 4","QE2","2024","3","72","365","83","344"
"12month_rolling","General Surgery","Male Circumcision  (Pediatric)","Milford, Karen",,,,,"116","1119","246","491"
"2024_q2",,"Bowel Resection - Open",,"Total","Provincial","2024","2","18","71","32","76"
"2023_q4",,"Lung Cancer Surgery",,"Total","Provincial","2023","4","27","64","40","110"
"2024_q4",,"Sacral Nerve Stimulation",,"Zone 4","QE2","2024","4",,,"100","169"
"2025_q1",,"Prostate Surgery",,"Zone 4","Dartmouth General","2025","1","49","149","100","245"
"12month_rolling","Ophthalmology","All","Eadie, Brennan",,,,,"154","321","34","98"
"2024_q4",,"Hernia Repair - Laparoscopic Incisional",,"Total","Provincial","2024","4","94","947","110","239"
"2025_q2",,"Head and Neck Surgery",,"Zone 4","Dartmouth General","2025","2","46","91","49","134"
"2023_q3",,"Hernia Repair - Inguinal/Femoral",,"Zone 2","Cumberland Regional","2023","3","55","112","37","124"
"12month_rolling","Obstetrics/Gynaecology","Hysteroscopy","Frenette, Mary",,,,,"59","222","86","184"
"2024_q1",,"Hysterectomy  (Cancer Not Suspected)",,"Zone 1","Valley Regional","2024","1","232","575","207","609"
"12month_rolling","General Surgery","Hernia Repair - Inguinal/Femoral","Jad, Ahmed",,,,,"116","270","208","272"
"12month_rolling","Orthopaedic","Knee Replacement Revision","Smith, Thomas Duncan",,,,,,,"99","114"
"2024_q4",,"Breast Reduction Surgery",,"Zone 4","QE2","2024","4","1005","1977","69","141"
"2024_q1",,"Hernia Repair - Umbilical",,"Zone 1","South Shore Regional","2024","1","53","145","61","116"
"2023_q2",,"Carpal Tunnel Surgery",,"Zone 2","Aberdeen Hospital","2023","2","43","151","56","130"
"12month_rolling",,"Resurfacing - Knee",,"Zone 2","Aberdeen Hospital","2025","2",,,"43","63"
"2025_q1",,"Knee Scope",,"Zone 4","Hants Community Hospital","2025","1","70","191","63","211"
"12month_rolling","Vascular Surgery","Bowel Resection - Laparoscopic","Heisler, Benjamin",,,,,"30","270","39","47"
"2025_q1",,"Female Incontinence Surgery",,"Total","Provincial","2025","1","138","359","142","419"
"2024_q3",,"Hip Replacement",,"Zone 4","Dartmouth General","2024","3","343","626","151","404"
"2023_q2",,"Gallbladder Surgery",,"Zone 3","Cape Breton Regional","2023","2","35","175","67","433"
"2024_q3",,"Cataract Surgery",,"Zone 3","Cape Breton Regional","2024","3","58","185","35","108"
"2025_q1",,"Tendon / Ligament Repair",,"IWK","IWK","2025","1",,,"187","388"
"12month_rolling","Urology","Prostate Surgery","Rendon, Ricardo",,,,,"21","24","97","355"
"12month_rolling",,"Gastric Surgery - Laparoscopic",,"Zone 1","Valley Regional","2025","2","464","826","109","168"
"2024_q3",,"Carpal Tunnel Surgery",,"Zone 3","St. Martha's Regional","2024","3",,,"84","213"
"12month_rolling","General Surgery","Hernia Repair - Incisional","Walsh, Mark J",,,,,"32","49","110","114"
"12month_rolling","Obstetrics/Gynaecology","Endometrial Ablation","Moodley, Manivasan",,,,,"152","188","179","545"
"2023_q2",,"Breast Cancer Surgery",,"Total","Provincial","2023","2","14","31","26","56"
"2024_q1",,"Tonsillectomy and/or Adenoidectomy  (Pediatric)",,"IWK","IWK","2024","1","230","279","179","331"
"12month_rolling","General Surgery","Gastrointestinal Tract Surgery","Davies, Dafydd Alexander",,,,,"26","746","53","127"
"2024_q4",,"Strabismus Surgery  (Adult)",,"Zone 4","QE2","2024","4","665","1114","125","246"
"12month_rolling",,"Breast Augmentation",,"Total","Provincial","2025","2","95","182","134","206"
"2024_q3",,"Bowel Resection",,"Total","Provincial","2024","3","20","188","30","92"
"2024_q4",,"Oculo Plastic Surgery",,"Zone 3","Cape Breton Regional","2024","4",,,"166","377"
"2024_q1",,"Cystoscopy",,"Zone 1","Valley Regional","2024","1","16","41","38","175"
"2024_q2",,"Gastrointestinal Tract Surgery",,"Zone 1","Yarmouth Regional","2024","2",,,"42","141"
"2023_q4",,"Palmar Fascia Excision for Dupuytren's Disease",,"Zone 1","South Shore Regional","2023","4","93","391","78","214"
"12month_rolling","Otolaryngology (ENT)","Thyroid or Parathyroid Surgery","Al Afif, Ayham",,,,,"26","63","47","127"
"2025_q1",,"Shoulder Arthroplasty",,"Zone 1","Valley Regional","2025","1","143","476","170","221"
"2023_q4",,"Pilonidal Cyst Surgery",,"Total","Provincial","2023","4","55","161","106","700"
"12month_rolling",,"Gastrointestinal Tract Surgery",,"Zone 4","QE2","2025","2","33","199","47","242"
"2025_q2",,"Septoplasty",,"Zone 3","Cape Breton Regional","2025","2","51","135","288","364"
"12month_rolling","General Surgery","Gallbladder Surgery","Hiebert, Stephanie",,,,,"38","63","62","288"
"2024_q2",,"Functional Endoscopic Sinus Surgery (FESS)",,"Zone 1","Valley Regional","2024","2",,,"98","195"
"12month_rolling","General Surgery","Hernia Repair - Umbilical","Kavanagh, Rhys",,,,,"60","564","34","80"
"2024_q3",,"Hernia Repair - Laparoscopic Inguinal Femoral",,"Zone 4","Dartmouth General","2024","3","370","609","237","321"
"2024_q4",,"Bowel Resection - Open",,"Zone 1","South Shore Regional","2024","4","30","196","21","33"
"12month_rolling","Plastic Surgery","Carpal Tunnel Surgery","Davis, George R",,,,,"99","594","47","146"
"2025_q2",,"Vascular Bypass Surgery",,"Total","Provincial","2025","2",,,"28","68"
"2025_q2",,"Coronary Artery Bypass Graft",,"Total","Provincial","2025","2",,,"47","85"
"3month_rolling",,"Bladder Cancer Surgery",,"Zone 4","Dartmouth General","2025","2",,,"33","95"
"2023_q4",,"Hernia Repair  (Adult)",,"Zone 4","QE2","2023","4","70","436","111","305"
"12month_rolling","Plastic Surgery","Hand / Upper Extremity","Krauss, Emily",,,,,"224","685","210","257"
"2023_q4",,"Removal of Ovaries and/or Fallopian Tubes  (Cancer Not Suspected)",,"Zone 3","St. Martha's Regional","2023","4","232","301","92","177"
"12month_rolling","General Surgery","Gastrointestinal Tract Surgery","Spence, Richard",,,,,"23","98","41","169"
"2023_q4",,"Shoulder Arthroplasty",,"Total","Provincial","2023","4","103","713","247","652"
"12month_rolling","Otolaryngology (ENT)","Functional Endoscopic Sinus Surgery (FESS)","Scott, John",,,,,"76","260","123","196"
"12month_rolling","General Surgery","Hernia Repair - Umbilical","Davies, Dafydd Alexander",,,,,"107","159","114","548"
"2025_q1",,"Orthopaedic Trauma",,"IWK","IWK","2025","1",,,"6","439"
"2025_q2",,"Kidney Stone Surgery",,"Total","Provincial","2025","2","33","129","35","135"
"12month_rolling","Orthopaedic","Foot - Arthrodesis","McKinnon, Christy",,,,,"54","161","129","331"
"2023_q4",,"Breast Cancer Surgery",,"Zone 3","St. Martha's Regional","2023","4","7","36","21","37"
"2025_q1",,"Kidney / Upper Urinary Tract",,"Zone 3","Cape Breton Regional","2025","1",,,"42","73"
"2024_q3",,"Hernia Repair - Inguinal/Femoral",,"Zone 1","Yarmouth Regional","2024","3","51","111","96","282"
"12month_rolling",,"Hernia Repair - Laparoscopic Incisional",,"IWK","IWK","2025","2",,,"151","245"
"2023_q2",,"Dental Extractions and Restorations  (Pediatric)",,"Zone 1","South Shore Regional","2023","2",,,"115","275"
"2025_q2",,"Hernia Repair  (Adult)",,"Zone 4","Dartmouth General","2025","2","75","284","69","202"
"3month_rolling",,"Dental Extractions and Restorations  (Adult)",,"Zone 3","Cape Breton Regional","2025","2","106","307",,
"2024_q1",,"Head and Neck Surgery",,"Total","Provincial","2024","1","17","91","35","218"
"12month_rolling","General Surgery","Hernia Repair  (Adult)","MacFarlane, David",,,,,"39","88","83","147"
"2025_q1",,"Bladder Surgery",,"Zone 3","Cape Breton Regional","2025","1",,,"70","107"
"12month_rolling","Otolaryngology (ENT)","All","Brown, Timothy",,,,,"42","105","49","263"
"2025_q1",,"Bladder Cancer Surgery",,"Zone 3","Cape Breton Regional","2025","1","87","151","30","100"
"12month_rolling",,"Hernia Repair - Inguinal/Femoral",,"Zone 3","Inverness Consolidated Memorial","2025","2","153","599","43","453"
"2023_q3",,"Male Reproductive System Surgery",,"Zone 4","Hants Community Hospital","2023","3","105","232","135","343"
"12month_rolling","Oral Maxillofacial","Maxillofacial Deformity Surgery","Bourque, Susan",,,,,,,"27","33"
"2023_q2",,"Prostate Surgery",,"Zone 3","Cape Breton Regional","2023","2","33","116","70","177"
"12month_rolling",,"Head and Neck Surgery",,"Zone 2","Cumberland Regional","2025","2","38","113","96","132"
"2023_q4",,"Lacrimal Duct Probing",,"Total","Provincial","2023","4","187","349","122","341"
"2024_q3",,"Hysteroscopy",,"Zone 1","Valley Regional","2024","3","65","421","43","114"
"12month_rolling","Obstetrics/Gynaecology","Removal of Ovaries and/or Fallopian Tubes  (Cancer Not Suspected)","Marshall, Vaughan",,,,,"255","415","27","60"
"2024_q4",,"Manipulation of Extremity",,"Total","Provincial","2024","4",,,"19","53"
"2023_q2",,"Prostate Surgery - Laparoscopic",,"Total","Provincial","2023","2","27","55","129","191"
"12month_rolling","General Surgery","Bowel Resection - Laparoscopic","Roach, Eileen",,,,,"18","171","14","365"
"2023_q4",,"Hernia Repair  (Adult)",,"Zone 1","Valley Regional","2023","4","44","229","73","375"
"12month_rolling","Orthopaedic","Tendon / Ligament Repair","Orlik, Benjamin",,,,,"826","1461","215","536"
"12month_rolling","Urology","Male Reproductive System Surgery","Morris, Heather",,,,,"35","128","80","100"
"2023_q3",,"Craniotomy or Craniectomy",,"Zone 4","QE2","2023","3",,,"91","157"
"2024_q2",,"Bladder Cancer Surgery",,"Zone 1","Valley Regional","2024","2","22","92","40","112"
"2023_q3",,"Bowel Resection",,"Zone 1","South Shore Regional","2023","3","14","45","15","62"
"2023_q3",,"Insertion Vascular Access Catheter",,"Zone 1","Yarmouth Regional","2023","3",,,"13","21"
"3month_rolling",,"Septoplasty",,"Total","Provincial","2025","2","91","628","139","406"
"2025_q1",,"Whipple Procedures",,"Zone 4","QE2","2025","1","17","51","30","37"
"2025_q2",,"Glaucoma (Eye Pressure Lowering Surgery)",,"Total","Provincial","2025","2","39","642","20","76"
"2024_q1",,"Gastrointestinal Tract Surgery",,"Zone 1","Valley Regional","2024","1","31","130","51","80"
"12month_rolling","Obstetrics/Gynaecology","Removal of Ovaries and/or Fallopian Tubes  (Cancer Not Suspected)","Vermeer, Julie",,,,,"278","588","73","129"
"2023_q4",,"Surgery for Hearing or Balance Problems of the Ear",,"Zone 4","QE2","2023","4","142","315","132","821"
"12month_rolling",,"Hand / Upper Extremity",,"Total","Provincial","2025","2","89","685","148","502"
"12month_rolling","Otolaryngology (ENT)","All","Hong, Paul",,,,,"162","359","125","317"
"2024_q1",,"Cystoscopy",,"Zone 1","Yarmouth Regional","2024","1","37","189","48","160"
"12month_rolling","Vascular Surgery","Aneurysm Repair","Smith, Matthew",,,,,,,"28","65"
"2024_q4",,"Shoulder Arthroscopy",,"Zone 1","South Shore Regional","2024","4","127","154","45","124"
"12month_rolling","Obstetrics/Gynaecology","Male Reproductive System Surgery","Willows, Karla Astrid",,,,,"12","12","59","103"
"12month_rolling","Neurosurgery","All","Christie, Sean D",,,,,"106","1183","57","261"
"12month_rolling","Thoracic Surgery","Esophagectomy / Esophageal Surgery","Plourde, Madelaine M",,,,,"27","60","27","64"
"2025_q1",,"Knee Scope with ACL Repair",,"Total","Provincial","2025","1","48","215","75","279"
"2024_q1",,"Shoulder Surgery",,"Zone 4","QE2","2024","1","71","321","169","515"
"12month_rolling","Thoracic Surgery","Esophagoscopy","Ednie, Alexander",,,,,"36","66","17","42"
"2024_q3",,"Shoulder Surgery",,"Zone 4","QE2","2024","3","104","596","215","657"
"2025_q1",,"Functional Endoscopic Sinus Surgery (FESS)",,"Zone 3","Cape Breton Regional","2025","1","56","107",,
"2024_q2",,"Hernia Repair - Umbilical",,"Zone 2","Colchester East Hants Health Centre","2024","2","48","85","69","366"
"2023_q3",,"Gallbladder Surgery",,"Zone 3","St. Martha's Regional","2023","3","21","82","51","115"
"12month_rolling","General Surgery","Bowel Resection","King, Jenelle",,,,,"10","25","13","24"
"3month_rolling",,"Cataract Surgery",,"Zone 1","South Shore Regional","2025","2","148","280","20","138"
"12month_rolling","Orthopaedic","Shoulder Surgery","Legay, Douglas A",,,,,"81","525","258","438"
"2023_q2",,"Male Circumcision  (Adult)",,"Zone 4","Hants Community Hospital","2023","2",,,"104","245"
"2024_q1",,"Removal of Ovaries and/or Fallopian Tubes  (Cancer Not Suspected)",,"Zone 4","Dartmouth General","2024","1","94","359","67","131"
"2023_q2",,"Female Incontinence Surgery",,"Zone 4","QE2","2023","2",,,"133","382"
"3month_rolling",,"Functional Endoscopic Sinus Surgery (FESS)",,"Zone 4","Dartmouth General","2025","2","28","116","139","180"
"2023_q2",,"Hernia Repair - Inguinal/Femoral",,"Zone 1","Valley Regional","2023","2","29","163","43","390"
"2023_q4",,"Gallbladder Surgery",,"Zone 3","Glace Bay","2023","4","157","346",,
"2024_q3",,"Hysteroscopy",,"Zone 1","South Shore Regional","2024","3","29","370","48","103"
"12month_rolling","Thoracic Surgery","Gastric Surgery - Laparoscopic","Plourde, Madelaine M",,,,,"52","1225","59","993"
"2023_q4",,"Gallbladder Surgery",,"Zone 2","Colchester East Hants Health Centre","2023","4","38","128","50","282"
"2025_q1",,"Cystoscopy",,"Zone 1","Valley Regional","2025","1","44","407","37","263"
"2023_q2",,"Cervical Spine (Neck) Surgery",,"Total","Provincial","2023","2","34","179","72","192"
"12month_rolling","Thoracic Surgery","Esophagoscopy","Wallace, Alison",,,,,"11","17","27","37"
"2023_q3",,"Palmar Fascia Excision for Dupuytren's Disease",,"Total","Provincial","2023","3","120","898","95","223"
"3month_rolling","Otolaryngology (ENT)",,,,,"2025","2",,,"82","337"
"2024_q1",,"Breast Cancer Surgery",,"Zone 1","South Shore Regional","2024","1","17","44","26","55"
"12month_rolling","Orthopaedic","Knee Replacement","Armstrong, Luke",,,,,"399","483","104","367"
"2023_q2",,"Thyroid or Parathyroid Surgery",,"Total","Provincial","2023","2","37","125","67","204"
"2025_q1",,"Dental Extractions and Restorations  (Adult)",,"Zone 4","Dartmouth General","2025","1",,,"42","50"
"3month_rolling",,"Hip Replacement",,"Zone 4","Dartmouth General","2025","2","432","513","140","254"
"2025_q1",,"Pelvic Floor Repair",,"Total","Provincial","2025","1","178","708","216","429"
"12month_rolling","General Surgery","Hernia Repair  (Adult)","Kavanagh, Rhys",,,,,"76","455","37","104"
"12month_rolling","Orthopaedic","Manipulation of Extremity","Leighton, Ross K",,,,,"48","91","12","31"
"12month_rolling","General Surgery","Hernia Repair - Laparoscopic Inguinal Femoral","Hossain, Farisa",,,,,"15","43","121","219"
"12month_rolling","Otolaryngology (ENT)","Head and Neck Surgery","Fowler, James",,,,,"28","43","32","39"
"2024_q3",,"Cystoscopy",,"Zone 1","South Shore Regional","2024","3","55","57","31","78"
"2023_q3",,"Cornea and External Disease",,"Total","Provincial","2023","3","87","163","77","452"
"12month_rolling","Orthopaedic","Knee Replacement","Murphy, Nadia L",,,,,"177","625","190","322"
"2025_q1",,"Knee Replacement - Partial",,"Total","Provincial","2025","1","356","387","196","395"
"12month_rolling","General Surgery","Hernia Repair - Laparoscopic Inguinal Femoral","Kavanagh, Rhys",,,,,"77","246","37","55"
"2024_q2",,"Esophagoscopy",,"Total","Provincial","2024","2",,,"11","41"
"12month_rolling","General Surgery","Hernia Repair - Inguinal/Femoral","Joy, Edward",,,,,"112","168","68","116"
"12month_rolling","Obstetrics/Gynaecology","All","Frenette, Mary",,,,,"126","318","111","237"
"3month_rolling",,"Brain Surgery  (Adult)",,"Zone 4","QE2","2025","2","21","182","29","86"
"2023_q2",,"Tendon / Ligament Repair",,"IWK","IWK","2023","2",,,"203","375"
"2024_q4",,"Hernia Repair  (Adult)",,"Zone 4","QE2","2024","4","248","634","81","191"
"12month_rolling","General Surgery","Hernia Repair - Incisional","Yaffe, Paul",,,,,"200","376","121","209"
"2023_q3",,"Knee Scope",,"Zone 4","QE2","2023","3","123","322","151","274"
"12month_rolling","Otolaryngology (ENT)","Head and Neck Surgery","Taylor, S. Mark",,,,,"15","48","31","121"
"2023_q4",,"Esophagoscopy",,"Total","Provincial","2023","4",,,"32","106"
"2023_q3",,"Palmar Fascia Excision for Dupuytren's Disease",,"Zone 3","St. Martha's Regional","2023","3","93","898",,
"2025_q2",,"Hysteroscopy",,"IWK","IWK","2025","2","40","130","54","152"
"12month_rolling","General Surgery","Insertion Vascular Access Catheter","Davies, Dafydd Alexander",,,,,"33","52","22","99"
"2024_q3",,"Surgery for Hearing or Balance Problems of the Ear",,"Zone 4","QE2","2024","3","146","519","342","740"
"2025_q2",,"Temperomandibular Joint Surgery (TMJ)",,"Zone 4","QE2","2025","2","296","643","107","291"
"2024_q2",,"Shoulder Arthroscopy",,"Zone 4","QE2","2024","2","50","225","185","612"
"2024_q3",,"Hernia Repair  (Adult)",,"Zone 2","Aberdeen Hospital","2024","3","181","403","85","151"
"2024_q4",,"Hip Replacement",,"Zone 3","Cape Breton Regional","2024","4","191","418","83","125"
"2024_q1",,"Hip Arthroscopy",,"Total","Provincial","2024","1","82","277","286","688"
"2023_q3",,"Lung Cancer Surgery",,"Total","Provincial","2023","3","27","54","43","103"
"12month_rolling","Urology","Bladder Cancer Surgery","Himmelman, Jeffrey George",,,,,"140","140","31","155"
"12month_rolling","General Surgery","Bowel Resection - Laparoscopic","Spence, Richard",,,,,"24","48","35","91"
"2023_q2",,"Oculo Plastic Surgery",,"Zone 3","Cape Breton Regional","2023","2",,,"65","110"
"3month_rolling",,"Knee Scope",,"Zone 4","QE2","2025","2",,,"143","374"
"2024_q1",,"Cystoscopy",,"Zone 3","Northside General","2024","1",,,"38","156"
"2024_q3",,"Nerve Surgery",,"Zone 4","QE2","2024","3","51","139","61","89"
"2024_q4",,"Whipple Procedures",,"Total","Provincial","2024","4","15","28","24","43"
"2024_q2",,"Pelvic Floor Repair",,"Zone 2","Colchester East Hants Health Centre","2024","2","184","310",,
"2023_q4",,"Hernia Repair - Inguinal/Femoral",,"Zone 3","St. Martha's Regional","2023","4","14","93","63","121"
"2023_q4",,"Shoulder Arthroscopy",,"Zone 4","QE2","2023","4","115","356","224","571"
"3month_rolling",,"Hemorrhoidectomy",,"Zone 3","Northside General","2025","2",,,"107","182"
"2023_q3",,"Tonsillectomy and/or Adenoidectomy  (Pediatric)",,"Zone 1","South Shore Regional","2023","3","157","169","73","113"
"12month_rolling","Orthopaedic","Knee Replacement","Wilson, David",,,,,"84","120","25","30"
"12month_rolling","Otolaryngology (ENT)","Thyroid or Parathyroid Surgery","Balys, Richard L",,,,,"7","80","40","75"
"2023_q4",,"Septoplasty",,"Total","Provincial","2023","4","80","371","107","379"
"2024_q2",,"Knee Replacement",,"Zone 4","Dartmouth General","2024","2","263","523","209","382"
"2023_q3",,"Esophagectomy / Esophageal Surgery",,"Total","Provincial","2023","3","35","87","21","106"
"2023_q3",,"Strabismus Surgery  (Adult)",,"Zone 4","QE2","2023","3","244","617","163","304"
"12month_rolling","General Surgery","Hernia Repair - Inguinal/Femoral","MacFarlane, David",,,,,"40","86","86","143"
"2023_q2",,"Bowel Resection - Open",,"Zone 1","South Shore Regional","2023","2","17","96","43","58"
"12month_rolling","General Surgery","Hernia Repair - Inguinal/Femoral","Southcott, Adam",,,,,"85","175","204","356"
"12month_rolling","Otolaryngology (ENT)","Septoplasty","Chin, Christopher",,,,,"70","1309","55","110"
"2025_q2",,"Aesthetic Surgery",,"Total","Provincial","2025","2","107","182","78","206"
"12month_rolling","Cardiac Surgery","All","Ali, Idris M",,,,,,,"24","52"
"2023_q4",,"Sacral Nerve Stimulation",,"Zone 4","QE2","2023","4",,,"127","168"
"2024_q1",,"Spinal Cord Stimulation Surgery",,"Total","Provincial","2024","1",,,"120","216"
"2024_q4",,"Hernia Repair - Inguinal/Femoral",,"Total","Provincial","2024","4","69","378","74","237"
"2023_q4",,"Male Reproductive System Surgery",,"Zone 1","Valley Regional","2023","4",,,"182","589"
"12month_rolling","General Surgery","Gastrointestinal Tract Surgery","Roach, Eileen",,,,,"38","164","35","86"
"12month_rolling","Orthopaedic","All","Logan, Karl John",,,,,"54","1367","131","333"
"12month_rolling",,"Hernia Repair - Parastomal",,"Total","Provincial","2025","2","44","253","105","851"
"2025_q2",,"Cataract Surgery",,"Zone 3","Cape Breton Regional","2025","2","55","162","48","100"
"2024_q2",,"Hernia Repair  (Adult)",,"Zone 1","Yarmouth Regional","2024","2","21","53","72","180"
"12month_rolling","Orthopaedic","Shoulder Arthroplasty","Legay, Douglas A",,,,,"81","525","267","438"
"12month_rolling","Obstetrics/Gynaecology","All","Marshall, Vaughan",,,,,"63","709","63","188"
"2023_q4",,"Breast Reduction Surgery",,"Zone 4","QE2","2023","4","1077","1242","42","120"
"2023_q4",,"Head and Neck Surgery",,"Zone 4","QE2","2023","4","15","38","23","91"
"2024_q3",,"Dental Extractions and Restorations  (Pediatric)",,"Zone 3","Glace Bay","2024","3",,,"194","281"
"2024_q1",,"Septoplasty",,"Zone 3","Cape Breton Regional","2024","1","67","162","259","339"
"2025_q1",,"Gastrointestinal Tract Surgery - Laparoscopic",,"Zone 2","Cumberland Regional","2025","1",,,"26","41"
"12month_rolling","General Surgery","Hernia Repair - Umbilical","Minor, Samuel",,,,,"263","401","136","173"
"2023_q2",,"Hysterectomy  (Cancer Not Suspected)",,"Zone 4","QE2","2023","2","10","42","41","65"
"2023_q4",,"Dental Extractions and Restorations  (Adult)",,"IWK","IWK","2023","4",,,"350","1267"
"2023_q3",,"Gastric Surgery - Laparoscopic",,"Total","Provincial","2023","3","72","476","156","318"
"12month_rolling","General Surgery","Breast Cancer Surgery","Archibald, Alison",,,,,"14","26","15","24"
"2023_q2",,"Bladder Surgery",,"Zone 3","Cape Breton Regional","2023","2",,,"50","118"
"12month_rolling","General Surgery","Gastrointestinal Tract Surgery","Butler, Clay K",,,,,"42","71","59","180"
"2025_q1",,"Kidney / Upper Urinary Tract",,"Zone 4","QE2","2025","1","70","193","43","170"
"12month_rolling","General Surgery","Hernia Repair  (Adult)","Nocon, Brian",,,,,"233","435","86","204"
"12month_rolling","Orthopaedic","Shoulder Arthroscopy","McNeil, Daniel",,,,,"68","246","208","337"
"2024_q1",,"Melanoma Excision",,"Zone 4","QE2","2024","1","35","138","24","55"
"2024_q3",,"Cystoscopy",,"Zone 4","QE2","2024","3","44","160","64","212"
"2023_q3",,"Dental Extractions and Restorations  (Pediatric)",,"Total","Provincial","2023","3","64","296","119","619"
"12month_rolling","Urology","Female Incontinence Surgery","Cox, Ashley",,,,,,,"127","211"
"2025_q2",,"Surgery for Hearing or Balance Problems of the Ear",,"Zone 4","QE2","2025","2","205","629","145","915"
"2025_q2",,"Bowel Resection - Open",,"Zone 1","Yarmouth Regional","2025","2",,,"25","43"
"12month_rolling","General Surgery","Hernia Repair - Umbilical","Blackmore, Christopher",,,,,"116","146","49","190"
"2024_q2",,"Brain Surgery  (Adult)",,"Total","Provincial","2024","2","56","175","41","223"
"2025_q1",,"Hernia Repair  (Pediatric)",,"IWK","IWK","2025","1","73","109","46","141"
"12month_rolling","Obstetrics/Gynaecology","Hysterectomy  (Cancer Not Suspected)","Tynski, Gregory",,,,,"358","661","117","227"
"12month_rolling","General Surgery","Gallbladder Surgery","MacFarlane, David",,,,,"40","77","56","126"
"2025_q2",,"Bladder Cancer Surgery",,"Zone 1","South Shore Regional","2025","2",,,"31","60"
"2024_q2",,"Thyroid or Parathyroid Surgery",,"Zone 4","QE2","2024","2","41","69","79","976"
"2025_q1",,"Kidney Stone Surgery",,"Total","Provincial","2025","1","34","113","42","118"
"12month_rolling","Obstetrics/Gynaecology","All","MacLellan, Erin",,,,,"103","287","169","388"
"12month_rolling",,"Male Reproductive System Surgery",,"Zone 3","Cape Breton Regional","2025","2","52","327","53","235"
"2024_q4",,"Carpal Tunnel Surgery",,"Zone 4","Hants Community Hospital","2024","4",,,"48","141"
"2024_q3",,"Hernia Repair - Inguinal/Femoral",,"Zone 3","St. Martha's Regional","2024","3","62","98","227","307"
"2024_q4",,"Tonsillectomy and/or Adenoidectomy  (Pediatric)",,"Zone 3","Cape Breton Regional","2024","4","61","100","236","414"
"2024_q2",,"Hernia Repair - Inguinal/Femoral",,"Zone 2","Aberdeen Hospital","2024","2","130","368",,
"12month_rolling",,"Cystoscopy",,"Zone 4","Dartmouth General","2025","2","45","142","62","216"
"2023_q4",,"Oculo Plastic Surgery",,"Zone 4","QE2","2023","4","167","897","70","265"
"2025_q1",,"Male Circumcision  (Adult)",,"Zone 1","Valley Regional","2025","1",,,"110","278"
"2025_q1",,"Bladder Cancer Surgery",,"Total","Provincial","2025","1","36","187","32","97"
"2023_q2",,"Hernia Repair - Inguinal/Femoral",,"Zone 2","Cumberland Regional","2023","2","28","63","69","208"
"2024_q2",,"Bowel Resection - Laparoscopic",,"Zone 4","QE2","2024","2","21","224","51","137"
"2025_q2",,"Male Circumcision  (Adult)",,"Zone 2","Colchester East Hants Health Centre","2025","2","418","523",,
"12month_rolling","Urology","Male Circumcision  (Adult)","McCarthy, John Paul",,,,,,,"70","109"
"2024_q1",,"AV Fistula Creation/Closure",,"Total","Provincial","2024","1",,,"38","97"
"2024_q4",,"Laryngology and Vocal Cord Surgery",,"Total","Provincial","2024","4","27","92","41","205"
"3month_rolling",,"Carpal Tunnel Surgery",,"Zone 1","Valley Regional","2025","2","112","595","64","117"
"12month_rolling","Ophthalmology","All","Betsch, Devin",,,,,"21","56","21","55"
"12month_rolling","Orthopaedic","Hip Arthroscopy","Legay, Douglas A",,,,,"70","90","227","293"
"12month_rolling","Dental","Dental Extractions and Restorations  (Adult)","Dyment, Heather",,,,,"768","768","635","1041"
"12month_rolling","Oral Maxillofacial","Dental Extractions and Restorations  (Adult)","Brady, James",,,,,"193","299","69","320"
"12month_rolling","Orthopaedic","Knee Scope","Armstrong, Luke",,,,,"101","139","135","199"
"2024_q1",,"Hysterectomy  (Cancer Not Suspected)",,"Total","Provincial","2024","1","99","560","116","399"
"12month_rolling","Urology","Cystoscopy","Puthenparumpil, Jacob",,,,,"22","85","43","115"
"12month_rolling","General Surgery","Gastric Surgery","Drohan, Ashley",,,,,"16","21","29","75"
"2024_q1",,"Prostate Surgery",,"Zone 3","Cape Breton Regional","2024","1","30","307","100","259"
"2025_q2",,"Breast Cancer Surgery",,"Total","Provincial","2025","2","11","30","23","40"
"2023_q2",,"Knee Scope with ACL Repair",,"Total","Provincial","2023","2","76","204","96","278"
"2023_q2",,"Craniotomy or Craniectomy",,"Zone 4","QE2","2023","2",,,"90","442"
"12month_rolling","Orthopaedic","Knee Scope","Murphy, Nadia L",,,,,"124","159","74","175"
"2024_q2",,"Tendon / Ligament Repair",,"IWK","IWK","2024","2",,,"66","199"
"3month_rolling",,"Colorectal Cancer Surgery",,"Zone 1","Valley Regional","2025","2","53","286","41","82"
"2024_q3",,"Hernia Repair - Ventral",,"Total","Provincial","2024","3","127","505","90","357"
"2024_q2",,"Knee Replacement",,"Zone 4","QE2","2024","2","115","335","342","1226"
"2025_q1",,"Hip Arthroscopy",,"Total","Provincial","2025","1","62","232","215","603"
"2024_q3",,"Gallbladder Surgery",,"Zone 2","Cumberland Regional","2024","3","41","110","25","41"
"2023_q4",,"Bowel Resection",,"Total","Provincial","2023","4","18","162","28","110"
"2023_q3",,"Hysteroscopy",,"Zone 1","Valley Regional","2023","3","50","189","72","152"
"2025_q2",,"Hysteroscopy",,"Zone 2","Aberdeen Hospital","2025","2","36","99","32","87"
"2024_q4",,"Knee Replacement",,"Zone 4","QE2","2024","4","87","315","335","1156"
"12month_rolling",,"Bowel Resection - Laparoscopic",,"Zone 1","Valley Regional","2025","2","31","270","47","101"
"2025_q2",,"Vascular Bypass Surgery",,"Zone 4","QE2","2025","2",,,"27","68"
"2024_q2",,"Bowel Resection",,"Zone 1","South Shore Regional","2024","2","37","91","19","43"
"2023_q2",,"Cystoscopy",,"Zone 1","Valley Regional","2023","2","24","212","36","171"
"2023_q4",,"Bowel Resection",,"Zone 1","Valley Regional","2023","4","27","51","34","45"
"12month_rolling","Orthopaedic","Foot - Arthrodesis","Howatt, Jonathan",,,,,"38","742","135","231"
"12month_rolling","Plastic Surgery","All","Nel, Corne",,,,,"75","294","81","433"
"12month_rolling",,"Nissen Fundoplication - Open",,"Total","Provincial","2025","2","63","76","28","42"
"2025_q2",,"Gastric Surgery",,"Zone 4","QE2","2025","2","21","27","30","141"
"2024_q4",,"Cataract Surgery",,"Zone 2","Colchester East Hants Health Centre","2024","4","121","251","85","120"
"2025_q2",,"Hernia Repair - Inguinal/Femoral",,"Zone 3","St. Martha's Regional","2025","2","60","274","146","300"
"2025_q2",,"Cystoscopy",,"IWK","IWK","2025","2",,,"62","246"
"2024_q4",,"Breast Cancer Surgery",,"Zone 1","Yarmouth Regional","2024","4","8","13","15","38"
"3month_rolling","All Specialties",,,,,"2025","2",,,"60","237"
"2023_q2",,"Hysteroscopy",,"Zone 1","South Shore Regional","2023","2","48","822","42","61"
"12month_rolling","General Surgery","Gallbladder Surgery","Sytnik, Peter",,,,,"9","32","24","34"
"3month_rolling",,"Knee Scope",,"Total","Provincial","2025","2","77","261","86","310"
"2023_q2",,"Knee Replacement - Partial",,"Total","Provincial","2023","2","328","505","298","597"
"2023_q3",,"Hernia Repair - Inguinal/Femoral",,"Zone 2","Colchester East Hants Health Centre","2023","3","26","88","59","141"
"12month_rolling","Urology","All","Puthenparumpil, Jacob",,,,,"36","191","60","248"
"2023_q4",,"Gastrointestinal Tract Surgery",,"Zone 1","South Shore Regional","2023","4","77","162","36","86"
"12month_rolling","Oral Maxillofacial","Dental Extractions and Restorations  (Adult)","Gregoire, Curtis",,,,,"166","274","110","295"
"2024_q2",,"Cardiovascular Surgery",,"Total","Provincial","2024","2",,,"14","100"
"12month_rolling","Dental","Dental Extractions and Restorations  (Adult)","Fitzpatrick, Shannon",,,,,,,"735","1569"
"2023_q4",,"Breast Reduction Surgery",,"Zone 3","St. Martha's Regional","2023","4","61","132",,
"12month_rolling","Cardiac Surgery","Cardiovascular Surgery","Baskett, Roger J",,,,,"22","22","60","131"
"12month_rolling","General Surgery","Gallbladder Surgery","Nocon, Brian",,,,,"30","195","67","183"
"2023_q3",,"Gallbladder Surgery",,"Zone 3","Glace Bay","2023","3","196","458",,
"12month_rolling",,"Peritoneal Lavage or Catherization",,"Total","Provincial","2025","2","21","37","18","45"
"2025_q2",,"Male Circumcision  (Pediatric)",,"Total","Provincial","2025","2",,,"43","333"
"3month_rolling",,"Knee Replacement Revision",,"Total","Provincial","2025","2","78","205","97","368"
"12month_rolling",,"Hernia Repair - Laparoscopic Umbilical",,"Zone 1","Yarmouth Regional","2025","2",,,"60","80"
"2023_q4",,"Knee Replacement",,"Zone 2","Aberdeen Hospital","2023","4","222","428","78","442"
"2024_q2",,"Shoulder Arthroscopy",,"Zone 4","Dartmouth General","2024","2","83","716","107","232"
"12month_rolling","General Surgery","Hernia Repair  (Adult)","Minor, Samuel",,,,,"313","791","122","265"
"2023_q2",,"Hernia Repair - Laparoscopic Inguinal Femoral",,"Zone 4","Dartmouth General","2023","2","160","470","123","143"
"2024_q4",,"Head and Neck Surgery",,"Zone 4","QE2","2024","4","14","48","24","41"
"3month_rolling",,"Hysterectomy  (Cancer Not Suspected)",,"Zone 4","Dartmouth General","2025","2","55","402","85","247"
"2023_q4",,"Gastrointestinal Tract Surgery",,"Total","Provincial","2023","4","38","179","41","247"
"12month_rolling",,"Endarterectomy",,"Total","Provincial","2025","2","25","167","29","66"
"12month_rolling","Obstetrics/Gynaecology","Hysteroscopy","Zee, Rebekah",,,,,"25","69","90","154"
"12month_rolling","General Surgery","Hernia Repair - Laparoscopic Inguinal Femoral","Minor, Samuel",,,,,"368","426","144","196"
"12month_rolling",,"Cystoscopy",,"IWK","IWK","2025","2","70","199","76","260"
"2024_q4",,"Foot - Arthrodesis",,"Total","Provincial","2024","4","462","708","123","218"
"12month_rolling","Otolaryngology (ENT)","Surgery for Hearing or Balance Problems of the Ear","Quimby, Alexandra",,,,,"161","577","281","1216"
"2024_q4",,"Bladder Cancer Surgery",,"Zone 1","Yarmouth Regional","2024","4",,,"34","73"
"12month_rolling",,"Oculo Plastic Surgery",,"Total","Provincial","2025","2","70","396","94","331"
"2025_q2",,"Bowel Resection",,"Zone 4","QE2","2025","2","21","161","38","135"
"2023_q2",,"Colorectal Cancer Surgery",,"Zone 1","South Shore Regional","2023","2",,,"24","37"
"2024_q2",,"Cystoscopy",,"Zone 1","South Shore Regional","2024","2","53","209","29","81"
"2024_q1",,"Breast Reconstruction",,"Zone 4","QE2","2024","1","156","283","71","1078"
"2024_q4",,"Male Reproductive System Surgery",,"IWK","IWK","2024","4","110","760","177","854"
"12month_rolling","Cardiac Surgery","Cardiac Valve Replacement","Ali, Idris M",,,,,,,"30","41"
"2025_q2",,"Gastric Surgery - Laparoscopic",,"Zone 4","QE2","2025","2","44","526","115","783"
"12month_rolling","Obstetrics/Gynaecology","Hysterectomy  (Cancer Not Suspected)","Houck, Leslie",,,,,"121","372","33","72"
"12month_rolling","Thoracic Surgery","Chest Scopes  (Adult)","Mujoomdar, Aneil Arvind",,,,,"14","22","22","28"
"12month_rolling",,"Craniotomy for Epilepsy",,"Zone 4","QE2","2025","2","28","68",,
"12month_rolling","Plastic Surgery","Carpal Tunnel Surgery","Nel, Corne",,,,,"75","292","178","309"
"2024_q1",,"Cystoscopy",,"Zone 2","Colchester East Hants Health Centre","2024","1","28","158","55","393"
"2023_q2",,"Insertion Vascular Access Catheter",,"Zone 1","Yarmouth Regional","2023","2",,,"13","21"
"2023_q3",,"Dental Extractions and Restorations  (Adult)",,"Total","Provincial","2023","3","110","253","145","520"
"2024_q3",,"Gastrointestinal Tract Surgery",,"Zone 2","Colchester East Hants Health Centre","2024","3",,,"38","47"
"12month_rolling","General Surgery","Bowel Resection - Laparoscopic","Hoogerboord, C Marius",,,,,"36","435","32","60"
"2023_q2",,"Hernia Repair - Inguinal/Femoral",,"Total","Provincial","2023","2","55","266","62","230"
"2024_q4",,"Hernia Repair - Umbilical",,"Zone 1","South Shore Regional","2024","4","90","147","67","164"
"2025_q2",,"Thyroid or Parathyroid Surgery",,"Zone 2","Cumberland Regional","2025","2","63","208","77","133"
"2024_q2",,"Strabismus Surgery  (Adult)",,"Total","Provincial","2024","2","124","517","127","393"
"2023_q2",,"Lung Cancer Surgery",,"Total","Provincial","2023","2","23","46","34","83"
"2025_q2",,"Whipple Procedures",,"Zone 4","QE2","2025","2","13","22","37","46"
"2023_q3",,"Cataract Surgery",,"Zone 3","Cape Breton Regional","2023","3","39","116","52","98"
"2025_q2",,"Septoplasty",,"Zone 3","St. Martha's Regional","2025","2",,,"82","151"
"2024_q4",,"Oculo Plastic Surgery",,"Zone 4","QE2","2024","4","37","419","125","349"
"12month_rolling","Orthopaedic","Osteotomy","Burgesson, Bernard",,,,,"572","623","40","50"
"2023_q2",,"Male Reproductive System Surgery",,"IWK","IWK","2023","2","87","177","184","433"
"12month_rolling",,"Knee Replacement - Partial",,"Zone 4","QE2","2025","2","238","364","62","118"
"12month_rolling",,"Shoulder Arthroplasty",,"Zone 4","QE2","2025","2","80","340","215","531"
"2024_q3",,"Ear Tubes  (Pediatric)",,"Zone 1","Valley Regional","2024","3",,,"101","141"
"3month_rolling",,"Carpal Tunnel Surgery",,"Zone 4","Dartmouth General","2025","2",,,"68","166"
"2025_q1",,"Hysteroscopy",,"Zone 2","Colchester East Hants Health Centre","2025","1","62","213","64","137"
"2023_q4",,"Gallbladder Surgery",,"Zone 1","Yarmouth Regional","2023","4","12","64","37","97"
"2025_q1",,"Prostate Surgery",,"Zone 1","Valley Regional","2025","1","50","347","87","600"
"2024_q3",,"Hernia Repair  (Adult)",,"Zone 3","Glace Bay","2024","3","370","485",,
"12month_rolling","Obstetrics/Gynaecology","Hysteroscopy","Black, Brittany",,,,,"66","262","49","79"
"2023_q3",,"Gastrointestinal Tract Surgery",,"Zone 2","Aberdeen Hospital","2023","3",,,"47","74"
"2024_q2",,"Palmar Fascia Excision for Dupuytren's Disease",,"Zone 4","QE2","2024","2","142","883","89","160"
"2025_q1",,"Male Reproductive System Surgery",,"Zone 4","Hants Community Hospital","2025","1","137","360","40","161"
"3month_rolling",,"Gallbladder Surgery",,"Zone 1","South Shore Regional","2025","2","26","149","27","63"
"2023_q4",,"Whipple Procedures",,"Total","Provincial","2023","4","10","15","31","52"
"3month_rolling",,"Kidney Stone Surgery",,"Zone 2","Colchester East Hants Health Centre","2025","2","28","156","75","220"
"2024_q1",,"Hysterectomy  (Cancer Suspected or Proven)",,"Zone 4","QE2","2024","1","11","30","33","49"
"12month_rolling","Obstetrics/Gynaecology","Hysteroscopy","Stone, Heather",,,,,"23","191","56","106"
"12month_rolling","Dental","Dental Extractions and Restorations  (Pediatric)","Dyment, Heather",,,,,"127","616","161","799"
"2023_q2",,"Dental Extractions and Restorations  (Adult)",,"Zone 4","QE2","2023","2","119","239","159","274"
"2025_q2",,"Tendon / Ligament Repair",,"IWK","IWK","2025","2",,,"200","393"
"2025_q2",,"Female Incontinence Surgery",,"Zone 4","QE2","2025","2",,,"115","211"
"2024_q4",,"Gallbladder Surgery",,"Zone 1","Valley Regional","2024","4","64","729","53","137"
"2024_q1",,"Gallbladder Surgery",,"Zone 2","Aberdeen Hospital","2024","1","13","494","43","88"
"2024_q4",,"Bladder Cancer Surgery",,"Zone 3","Northside General","2024","4",,,"28","112"
"2024_q4",,"Functional Endoscopic Sinus Surgery (FESS)",,"Total","Provincial","2024","4","41","188","102","414"
"2024_q3",,"Cervical Spine (Neck) Surgery",,"Zone 4","QE2","2024","3","88","603","84","225"
"12month_rolling","Oral Maxillofacial","Maxillofacial Deformity Surgery","Davis, Benjamin",,,,,"315","490","168","372"
"2024_q2",,"Aesthetic Surgery",,"Total","Provincial","2024","2","75","349","60","162"
"12month_rolling","General Surgery","Bowel Resection","Sahi, Chakshu",,,,,"48","137","18","39"
"12month_rolling","General Surgery","Breast Cancer Surgery","Booth, John",,,,,"10","33","22","97"
"2024_q4",,"Bowel Resection",,"Total","Provincial","2024","4","23","159","33","75"
"12month_rolling","General Surgery","Hernia Repair - Inguinal/Femoral","Enright, Jonathan Boyde",,,,,"223","940","80","192"
"2024_q1",,"Shoulder Arthroscopy",,"Zone 3","Cape Breton Regional","2024","1","156","293","84","115"
"2025_q2",,"Cataract Surgery",,"Zone 4","QE2","2025","2","73","189","43","163"
"2024_q2",,"Cystoscopy",,"Zone 1","Valley Regional","2024","2","25","92","42","155"
"12month_rolling",,"Bladder Surgery",,"Total","Provincial","2025","2","13","67","53","99"
"2024_q2",,"Dental Extractions and Restorations  (Adult)",,"Total","Provincial","2024","2","88","333","106","631"
"3month_rolling",,"Kidney Stone Surgery",,"Zone 3","Cape Breton Regional","2025","2",,,"16","34"
"2024_q1",,"Aneurysm Repair",,"Total","Provincial","2024","1","40","335","39","120"
"2024_q2",,"Hernia Repair  (Adult)",,"Zone 3","Cape Breton Regional","2024","2","323","750","214","408"
"2025_q1",,"Cystoscopy",,"Zone 4","Dartmouth General","2025","1","49","145","62","161"
"2024_q1",,"Bladder Surgery",,"Zone 3","Cape Breton Regional","2024","1",,,"57","147"
"2025_q1",,"Bowel Resection - Open",,"Total","Provincial","2025","1","28","164","34","142"
"12month_rolling","Otolaryngology (ENT)","Surgery for Hearing or Balance Problems of the Ear","Wallace, Timothy D",,,,,"110","256","36","142"
"12month_rolling","General Surgery","Gastrointestinal Tract Surgery - Laparoscopic","Faryniuk, Andrea Marie",,,,,"17","47","35","49"
"12month_rolling","General Surgery","Gastric Surgery - Laparoscopic","Ellsmere, James C",,,,,"39","116","266","372"
"3month_rolling",,"Carpal Tunnel Surgery",,"Zone 4","QE2","2025","2",,,"48","127"
"12month_rolling","General Surgery","Bowel Resection - Open","Stoddart, Todd",,,,,"29","182","28","57"
"2023_q4",,"Manipulation of Extremity",,"Total","Provincial","2023","4",,,"33","120"
"2025_q1",,"Dental Extractions and Restorations  (Pediatric)",,"IWK","IWK","2025","1","111","614","220","806"
"2023_q4",,"Bowel Resection - Laparoscopic",,"Zone 3","Cape Breton Regional","2023","4","17","51","25","58"
"2023_q2",,"Hip Arthroscopy",,"Total","Provincial","2023","2","84","448","217","1117"
"2025_q2",,"Gallbladder Surgery",,"Zone 2","Colchester East Hants Health Centre","2025","2","43","190","118","282"
"12month_rolling","Vascular Surgery","Aneurysm Repair","Jessula, Samuel",,,,,"56","119","51","75"
"2024_q1",,"Hernia Repair  (Pediatric)",,"IWK","IWK","2024","1","70","149","218","436"
"12month_rolling","Ophthalmology","Cataract Surgery","Nicolela, Marcelo",,,,,"85","132","121","281"
"2024_q4",,"Removal of Ovaries and/or Fallopian Tubes  (Cancer Not Suspected)",,"Zone 4","Dartmouth General","2024","4","67","391","65","155"
"2025_q1",,"Palmar Fascia Excision for Dupuytren's Disease",,"Total","Provincial","2025","1","170","544","120","314"
"2024_q1",,"Breast Cancer Surgery",,"Total","Provincial","2024","1","16","39","23","51"
"2023_q4",,"Bowel Resection - Laparoscopic",,"Total","Provincial","2023","4","21","154","27","77"
"2024_q4",,"Surgery for Hearing or Balance Problems of the Ear",,"Zone 1","Yarmouth Regional","2024","4","152","550","69","1385"
"12month_rolling","Obstetrics/Gynaecology","All","Randle, Elizabeth",,,,,"104","946","111","287"
"2025_q1",,"Breast Reconstruction",,"Zone 4","QE2","2025","1","155","1029","73","308"
"2024_q4",,"Gastrointestinal Tract Surgery",,"Zone 1","Valley Regional","2024","4","133","267","64","96"
"2023_q2",,"Aneurysm Repair",,"Zone 4","QE2","2023","2","27","86","51","123"
"2023_q3",,"Hernia Repair  (Adult)",,"Zone 3","St. Martha's Regional","2023","3","20","311","76","300"
"2024_q1",,"Hysterectomy  (Cancer Not Suspected)",,"Zone 1","South Shore Regional","2024","1",,,"54","158"
"12month_rolling",,"Surgery for Hearing or Balance Problems of the Ear",,"Zone 4","Dartmouth General","2025","2","35","312","61","389"
"2023_q2",,"Hysterectomy  (Cancer Not Suspected)",,"Zone 2","Aberdeen Hospital","2023","2","229","348","113","419"
"2025_q1",,"Hernia Repair - Incisional",,"Zone 2","Colchester East Hants Health Centre","2025","1",,,"209","371"
"2025_q1",,"Breast Cancer Surgery",,"Zone 2","Aberdeen Hospital","2025","1","18","23","22","44"
"2023_q4",,"Aneurysm Repair",,"Zone 4","QE2","2023","4","126","348","20","112"
"2024_q3",,"Pilonidal Cyst Surgery",,"Total","Provincial","2024","3","110","251","75","372"
"2024_q1",,"Hernia Repair - Laparoscopic Inguinal Femoral",,"Zone 3","St. Martha's Regional","2024","1","14","75","228","324"
"2024_q1",,"Knee Scope with ACL Repair",,"Total","Provincial","2024","1","47","135","82","158"
"2025_q1",,"Dental Extractions and Restorations  (Adult)",,"Total","Provincial","2025","1","129","287","125","479"
"12month_rolling","Plastic Surgery","Orthopaedic Trauma","Bezuhly, Michael",,,,,"7","8","1","1"
"2025_q1",,"Hysteroscopy",,"Zone 2","Aberdeen Hospital","2025","1","31","157","47","156"
"2024_q2",,"Melanoma Excision",,"Zone 4","QE2","2024","2","17","71","20","41"
"2025_q2",,"Knee Scope",,"Zone 2","Aberdeen Hospital","2025","2","50","133","77","140"
"2023_q4",,"Endometrial Ablation",,"Total","Provincial","2023","4","64","244","91","271"
"2024_q4",,"Ear Tubes  (Adult)",,"Zone 1","Yarmouth Regional","2024","4",,,"62","1385"
"12month_rolling","Plastic Surgery","Breast Reconstruction","Wheelock, Margaret",,,,,,,"148","819"
"3month_rolling",,"Gallbladder Surgery",,"Zone 3","St. Martha's Regional","2025","2","26","77","118","265"
"2025_q1",,"Bowel Resection - Laparoscopic",,"Zone 1","Valley Regional","2025","1","31","78","46","72"
"12month_rolling","Obstetrics/Gynaecology","Hysterectomy  (Cancer Not Suspected)","Joice, Shannon",,,,,"213","373","285","498"
"2025_q1",,"Carpal Tunnel Surgery",,"Zone 1","Valley Regional","2025","1","79","393","73","132"
"2024_q2",,"Hip Replacement",,"Zone 4","QE2","2024","2","138","322","92","686"
"2024_q1",,"Colorectal Cancer Surgery",,"Zone 1","Valley Regional","2024","1","25","164","35","57"
"12month_rolling","Cardiac Surgery","All","Tremblay, Louis Philippe",,,,,,,"38","92"
"3month_rolling",,"Dental Extractions and Restorations  (Pediatric)",,"IWK","IWK","2025","2","170","677","177","738"
"2024_q3",,"Hemorrhoidectomy",,"Zone 4","Dartmouth General","2024","3",,,"261","733"
"2025_q2",,"Prostate Surgery - Laparoscopic",,"Total","Provincial","2025","2","28","55","75","171"
"2024_q3",,"Thyroid or Parathyroid Surgery",,"Zone 3","Cape Breton Regional","2024","3","84","183","205","495"
"12month_rolling","Otolaryngology (ENT)","Tonsillectomy and/or Adenoidectomy  (Pediatric)","Wallace, Timothy D",,,,,"150","315","58","255"
"2025_q1",,"Bowel Resection",,"Zone 1","South Shore Regional","2025","1","23","39","33","73"
"2024_q3",,"Shoulder Arthroplasty",,"Total","Provincial","2024","3","128","403","199","438"
"2025_q2",,"Dental Extractions and Restorations  (Pediatric)",,"Zone 2","Cumberland Regional","2025","2","31","81","81","152"
"2024_q4",,"Hip Replacement",,"Zone 4","QE2","2024","4","105","329","65","586"
"12month_rolling","Orthopaedic","All","Van Graan, Wouter",,,,,"138","410","80","139"
"2024_q1",,"Hysteroscopy",,"Total","Provincial","2024","1","49","339","51","144"
"2024_q3",,"Male Reproductive System Surgery",,"Total","Provincial","2024","3","94","240","122","382"
"2024_q3",,"Cystoscopy",,"IWK","IWK","2024","3",,,"70","203"
"12month_rolling",,"Patella Surgery",,"Total","Provincial","2025","2","80","193","159","358"
"12month_rolling",,"Patella Surgery",,"Zone 4","Dartmouth General","2025","2",,,"78","146"
"2023_q2",,"Gallbladder Surgery",,"Zone 3","Glace Bay","2023","2","105","366",,
"2024_q1",,"Functional Endoscopic Sinus Surgery (FESS)",,"Zone 1","Valley Regional","2024","1",,,"89","237"
"12month_rolling","General Surgery","Insertion Vascular Access Catheter","Sahi, Chakshu",,,,,"13","24","7","19"
"2024_q1",,"Knee Replacement - Partial",,"Total","Provincial","2024","1","140","370","254","470"
"12month_rolling","General Surgery","All","Mills, Jessica Louise",,,,,"76","125","41","134"
"2024_q1",,"Bowel Resection",,"Zone 4","Dartmouth General","2024","1","9","23","27","48"
"12month_rolling","Orthopaedic","Knee Replacement","Arakgi, Michelle",,,,,"413","475","99","162"
"2024_q3",,"Insertion Vascular Access Catheter",,"Total","Provincial","2024","3","16","57","10","124"
"12month_rolling","Orthopaedic","Hand / Upper Extremity","Johnston, David G",,,,,"65","686","451","588"
"12month_rolling","Urology","Cystoscopy","Morris, Heather",,,,,"14","71","38","78"
"2024_q3",,"Lacrimal Duct Probing",,"Total","Provincial","2024","3","73","244","60","331"
"2023_q2",,"Male Reproductive System Surgery",,"Zone 4","Dartmouth General","2023","2","63","167","125","231"
"2023_q4",,"Breast Cancer Surgery",,"Zone 1","Valley Regional","2023","4","15","28","25","37"
"2024_q3",,"Kidney / Upper Urinary Tract",,"Total","Provincial","2024","3","65","150","47","236"
"2023_q4",,"Hip Replacement",,"Zone 3","Cape Breton Regional","2023","4","161","237","68","162"
"12month_rolling",,"Craniotomy for Epilepsy",,"Total","Provincial","2025","2","28","68",,
"2024_q1",,"Cystoscopy",,"Zone 1","South Shore Regional","2024","1","132","999","27","92"
"12month_rolling","Plastic Surgery","Tendon / Ligament Repair","Hayden, David",,,,,"6","21","44","66"
"12month_rolling",,"Hernia Repair - Laparoscopic Incisional",,"Total","Provincial","2025","2","102","636","103","378"
"2025_q2",,"Cystoscopy",,"Zone 1","Valley Regional","2025","2","64","585","39","193"
"12month_rolling","Urology","Male Reproductive System Surgery","Massaro, Peter",,,,,"289","568","350","495"
"2024_q1",,"Hysterectomy  (Cancer Not Suspected)",,"Zone 2","Aberdeen Hospital","2024","1","42","93","146","358"
"2024_q1",,"Hip Arthroscopy",,"Zone 4","Dartmouth General","2024","1","68","277","248","415"
"2025_q1",,"Aneurysm Repair",,"Total","Provincial","2025","1","41","83","55","134"
"12month_rolling","Urology","Bladder Surgery","Bailly, Greg G",,,,,"60","67","46","101"
"2023_q4",,"Shoulder Arthroscopy",,"Zone 2","Aberdeen Hospital","2023","4","140","275","99","127"
"12month_rolling","Obstetrics/Gynaecology","Hysterectomy  (Cancer Not Suspected)","MacLellan, Erin",,,,,"109","287","195","387"
"2024_q4",,"Laryngology and Vocal Cord Surgery",,"Zone 4","QE2","2024","4","46","92","36","281"
"12month_rolling","Otolaryngology (ENT)","All","Brodarec, Ivan",,,,,"90","519","47","135"
"2024_q2",,"Gastrointestinal Tract Surgery",,"Zone 4","Dartmouth General","2024","2","33","186","71","407"
"2023_q4",,"Foot - Arthrodesis",,"Total","Provincial","2023","4","177","973","102","259"
"12month_rolling",,"Pacemaker Insertion",,"Total","Provincial","2025","2","7","30","28","89"
"2025_q2",,"Sacral Nerve Stimulation",,"Total","Provincial","2025","2",,,"135","225"
"12month_rolling","Orthopaedic","Hip Replacement","Brien, Donald M",,,,,"176","384","114","175"
"2023_q3",,"Tendon / Ligament Repair",,"IWK","IWK","2023","3",,,"178","295"
"3month_rolling",,"Cervical Spine (Neck) Surgery",,"Zone 4","QE2","2025","2","72","494","73","163"
"12month_rolling","General Surgery","Hernia Repair - Umbilical","Poushay, Heather",,,,,"289","373","25","35"
"2023_q2",,"Hernia Repair  (Adult)",,"Zone 4","Hants Community Hospital","2023","2","124","434","49","223"
"2023_q2",,"Hernia Repair  (Adult)",,"Zone 3","Glace Bay","2023","2","27","346",,
"12month_rolling","General Surgery","All","Shih, Warren W",,,,,"71","100","167","359"
"2024_q4",,"Cornea and External Disease",,"Zone 4","QE2","2024","4","51","183","91","341"
"2023_q3",,"Ear Tubes  (Pediatric)",,"Zone 3","St. Martha's Regional","2023","3","84","115","90","118"
"2024_q3",,"Cataract Surgery",,"Zone 2","Colchester East Hants Health Centre","2024","3","141","294","64","104"
"2024_q2",,"Cataract Surgery",,"Zone 3","Cape Breton Regional","2024","2","46","150","32","140"
"12month_rolling","Oral Maxillofacial","Dental Extractions and Restorations  (Adult)","Chiarot, Marco",,,,,"75","307","122","175"
"12month_rolling","Obstetrics/Gynaecology","All","Stone, Heather",,,,,"29","402","59","188"
"12month_rolling","Ophthalmology","Cataract Surgery","Mishra, Anu",,,,,"35","77","65","134"
"2024_q2",,"Hip Arthroscopy",,"Total","Provincial","2024","2","83","467","230","617"
"2024_q1",,"Breast Cancer Surgery",,"Zone 3","St. Martha's Regional","2024","1","7","78","29","48"
"12month_rolling","Orthopaedic","Knee Replacement - Partial","Sequeira, Stanislaus",,,,,"123","123","300","417"
"12month_rolling","Dental","All","Eagles, Arthur",,,,,,,"142","336"
"12month_rolling","Obstetrics/Gynaecology","Hysterectomy  (Cancer Suspected or Proven)","Murray, Angus",,,,,"52","118","49","92"
"12month_rolling","General Surgery","Gallbladder Surgery","Murphy, Christopher",,,,,"74","124","53","94"
"12month_rolling","Plastic Surgery","Nose Surgery - Reconstructive or Aesthetic","LeBlanc, Martin",,,,,"43","77","37","70"
"2024_q1",,"Female Incontinence Surgery",,"Zone 4","QE2","2024","1",,,"135","286"
"2025_q2",,"Hysteroscopy",,"Zone 1","South Shore Regional","2025","2","39","96","34","74"
"2025_q2",,"Functional Endoscopic Sinus Surgery (FESS)",,"Zone 3","Cape Breton Regional","2025","2","46","60",,
"2023_q4",,"Hernia Repair - Inguinal/Femoral",,"Zone 4","Hants Community Hospital","2023","4","122","184","33","116"
"2024_q3",,"Hernia Repair - Inguinal/Femoral",,"Zone 4","Dartmouth General","2024","3","132","398","77","314"
"2024_q3",,"Hernia Repair - Umbilical",,"Zone 2","Colchester East Hants Health Centre","2024","3","40","198","80","192"
"2025_q2",,"Oculo Plastic Surgery",,"Zone 3","Cape Breton Regional","2025","2",,,"81","340"
"12month_rolling","General Surgery","Hernia Repair - Inguinal/Femoral","Roach, Eileen",,,,,"251","316","217","453"
"2023_q2",,"Sinus Surgery",,"Total","Provincial","2023","2",,,"111","273"
"3month_rolling",,"Ear Tubes  (Pediatric)",,"Zone 2","Cumberland Regional","2025","2",,,"32","66"
"12month_rolling","Orthopaedic","Hip Replacement Revision","Leighton, Jennifer Laura",,,,,,,"97","123"
"2025_q2",,"Ear Tubes  (Pediatric)",,"IWK","IWK","2025","2","79","226","84","138"
"2024_q3",,"Hernia Repair  (Adult)",,"Zone 1","South Shore Regional","2024","3","42","88","56","130"
"2025_q2",,"Gastrointestinal Tract Surgery - Laparoscopic",,"Zone 4","QE2","2025","2","45","208","48","135"
"2025_q2",,"Nerve or Brain Stimulation",,"Zone 4","QE2","2025","2","20","23","37","87"
"3month_rolling",,"Sinus Surgery",,"Zone 2","Cumberland Regional","2025","2",,,"28","104"
"2025_q2",,"Dental Extractions and Restorations  (Adult)",,"Zone 4","Dartmouth General","2025","2",,,"50","72"
"12month_rolling","Vascular Surgery","Amputations","Smith, Matthew",,,,,,,"10","20"
"2023_q3",,"Endometrial Ablation",,"Zone 2","Aberdeen Hospital","2023","3","48","154","36","74"
"2024_q4",,"Ear Tubes  (Pediatric)",,"IWK","IWK","2024","4","79","347","111","149"
"12month_rolling","General Surgery","Gastrointestinal Tract Surgery - Laparoscopic","Neumann, Katerina",,,,,"89","273","52","121"
"12month_rolling","Orthopaedic","Knee Scope","Legay, Douglas A",,,,,"69","84","69","248"
"12month_rolling","General Surgery","Hernia Repair - Inguinal/Femoral","Butler, Clay K",,,,,"40","65","63","715"
"2025_q2",,"Bowel Resection - Open",,"Zone 1","South Shore Regional","2025","2","15","31","27","34"
"2025_q2",,"Nose Surgery - Reconstructive or Aesthetic",,"Total","Provincial","2025","2","25","82","24","91"
"2024_q4",,"Gastrointestinal Tract Surgery",,"Zone 3","Cape Breton Regional","2024","4","20","41","57","345"
"2024_q4",,"Maxillofacial Deformity Surgery",,"Total","Provincial","2024","4","355","582","261","540"
"12month_rolling",,"Hernia Repair - Inguinal/Femoral",,"Zone 1","South Shore Regional","2025","2","45","140","42","116"
"2025_q1",,"Hernia Repair - Laparoscopic Inguinal Femoral",,"Zone 2","Aberdeen Hospital","2025","1","85","132",,
"2024_q4",,"Tonsillectomy and/or Adenoidectomy  (Pediatric)",,"Total","Provincial","2024","4","147","424","175","400"
"2023_q2",,"Breast Reconstruction",,"Zone 4","QE2","2023","2",,,"110","782"
"12month_rolling","General Surgery","Bowel Resection - Laparoscopic","Stewart, Riley",,,,,"21","103","32","130"
"2023_q2",,"Aesthetic Surgery",,"Total","Provincial","2023","2","74","91","57","386"
"2023_q2",,"Glaucoma (Eye Pressure Lowering Surgery)",,"Zone 4","QE2","2023","2","34","470","27","63"
"12month_rolling","Urology","Bladder Cancer Surgery","Massaro, Peter",,,,,"24","259","36","80"
"2023_q2",,"Hernia Repair - Laparoscopic Umbilical",,"Total","Provincial","2023","2","141","563","151","312"
"2024_q4",,"Hysterectomy  (Cancer Not Suspected)",,"Total","Provincial","2024","4","118","657","115","404"
"12month_rolling","Dental","All","Munro, Monica",,,,,"108","301","79","189"
"2024_q1",,"Cystoscopy",,"Zone 4","Dartmouth General","2024","1","50","129","86","475"
"3month_rolling",,"Chest Scopes  (Adult)",,"Zone 4","QE2","2025","2","11","19",,
"2025_q2",,"Removal of Ovaries and/or Fallopian Tubes  (Cancer Suspected or Proven)",,"Total","Provincial","2025","2","38","144","31","54"
"12month_rolling","Orthopaedic","Shoulder Arthroscopy","Trenholm, J Andrew I",,,,,"65","125","238","506"
"2024_q1",,"Functional Endoscopic Sinus Surgery (FESS)",,"Zone 4","Dartmouth General","2024","1","38","120","101","257"
"2024_q2",,"Strabismus Surgery  (Adult)",,"Zone 4","QE2","2024","2","90","517","127","393"
"2024_q4",,"Male Circumcision  (Adult)",,"Total","Provincial","2024","4","102","233","162","442"
"2024_q3",,"Manipulation of Extremity",,"Total","Provincial","2024","3",,,"22","332"
"12month_rolling","Orthopaedic","Knee Replacement","Biddulph, Michael Paul",,,,,"1876","1876","150","487"
"3month_rolling",,"Hemorrhoidectomy",,"Zone 4","Dartmouth General","2025","2",,,"64","209"
"12month_rolling","Plastic Surgery","All","Singh, Ashvir",,,,,"59","314","87","245"
"2025_q1",,"Hernia Repair - Laparoscopic Incisional",,"Total","Provincial","2025","1","108","542","150","385"
"12month_rolling","Orthopaedic","Knee Scope","Arakgi, Michelle",,,,,"96","189","82","161"
"12month_rolling","Obstetrics/Gynaecology","Hysteroscopy","Younes, Grace",,,,,"51","622","53","118"
"12month_rolling","Dental","All","El Azrak, Mohamed",,,,,"14","22","47","133"
"2024_q4",,"Gastrointestinal Tract Surgery - Laparoscopic",,"Total","Provincial","2024","4","22","76","34","109"
"12month_rolling","General Surgery","All","Hossain, Farisa",,,,,"15","113","93","219"
"2024_q4",,"Tonsillectomy and/or Adenoidectomy  (Adult)",,"Total","Provincial","2024","4","56","445","165","413"
"2025_q2",,"Tonsillectomy and/or Adenoidectomy  (Pediatric)",,"IWK","IWK","2025","2","183","396","196","421"
"2023_q4",,"Knee Scope",,"Zone 1","South Shore Regional","2023","4","127","405","96","206"
"12month_rolling","General Surgery","Gastrointestinal Tract Surgery - Laparoscopic","Clark, F Donald",,,,,"31","59","56","72"
"2023_q3",,"Bowel Resection",,"Zone 2","Aberdeen Hospital","2023","3",,,"35","50"
"2024_q4",,"Vitreoretinal Diseases",,"Total","Provincial","2024","4","31","208","22","96"
"2024_q1",,"Kidney Removal",,"Total","Provincial","2024","1","15","46","57","125"
"12month_rolling","Plastic Surgery","Melanoma Excision","Williams, Jason G",,,,,"9","21","12","20"
"3month_rolling",,"Shoulder Surgery",,"Total","Provincial","2025","2","98","358","146","281"
"2023_q2",,"Bowel Resection",,"Zone 1","South Shore Regional","2023","2","16","158","37","58"
"2023_q2",,"Pilonidal Cyst Surgery",,"Total","Provincial","2023","2","57","230","93","350"
"12month_rolling","General Surgery","Gallbladder Surgery","Kelly, Ryan Patrick",,,,,"292","846","190","401"
"12month_rolling","Thoracic Surgery","Nissen Fundoplication - Laparoscopic","Plourde, Madelaine M",,,,,"52","1225","59","993"
"2024_q2",,"Head and Neck Surgery",,"Zone 4","Dartmouth General","2024","2","38","253","135","468"
"2024_q2",,"Thoroscopy / Pleuroscopy",,"Total","Provincial","2024","2",,,"17","202"
"2024_q3",,"Functional Endoscopic Sinus Surgery (FESS)",,"Total","Provincial","2024","3","51","245","92","189"
"2023_q3",,"Kidney Removal",,"Total","Provincial","2023","3","18","57","64","117"
"2023_q3",,"Dental Extractions and Restorations  (Pediatric)",,"Zone 1","South Shore Regional","2023","3",,,"58","164"
"12month_rolling",,"Male Incontinence Surgery",,"Total","Provincial","2025","2","86","97","94","184"
"2023_q2",,"Shoulder Arthroplasty",,"Total","Provincial","2023","2","129","511","315","596"
"2024_q3",,"Tendon / Ligament Repair",,"IWK","IWK","2024","3",,,"162","520"
"2023_q3",,"Endometrial Ablation",,"Total","Provincial","2023","3","79","373","75","253"
"2024_q1",,"Hysteroscopy",,"Zone 3","St. Martha's Regional","2024","1","56","1003","64","175"
"2024_q2",,"Gallbladder Surgery",,"Zone 4","QE2","2024","2","31","156","61","219"
"2025_q1",,"Brain Surgery  (Adult)",,"Total","Provincial","2025","1","44","224","34","133"
"2025_q2",,"Hip Arthroscopy",,"Total","Provincial","2025","2","82","101","146","384"
"2023_q4",,"Cataract Surgery",,"Zone 1","Yarmouth Regional","2023","4","234","298","54","147"
"2024_q2",,"Dental Extractions and Restorations  (Pediatric)",,"Zone 3","Glace Bay","2024","2",,,"239","323"
"3month_rolling",,"Ear Tubes  (Pediatric)",,"IWK","IWK","2025","2","79","226","84","138"
"2024_q4",,"Hernia Repair  (Adult)",,"Zone 1","Valley Regional","2024","4","80","495","97","136"
"2023_q3",,"Cystoscopy",,"Zone 1","Valley Regional","2023","3","28","42","41","324"
"2025_q1",,"Prostate Cancer Surgery",,"Total","Provincial","2025","1","23","55","91","155"
"2023_q4",,"Gallbladder Surgery",,"Zone 4","QE2","2023","4","28","129","38","227"
"2024_q1",,"Gallbladder Surgery",,"Zone 3","St. Martha's Regional","2024","1","35","99","90","236"
"2023_q2",,"Aneurysm Repair",,"Total","Provincial","2023","2","27","86","51","123"
"2025_q2",,"Bladder Cancer Surgery",,"Zone 1","Valley Regional","2025","2","48","140","30","122"
"12month_rolling","Thoracic Surgery","Thymectomy","Plourde, Madelaine M",,,,,"13","42","116","925"
"2024_q2",,"Knee Scope",,"Zone 2","Aberdeen Hospital","2024","2","38","109","95","189"
"12month_rolling",,"Bariatric Surgery (for Weight Loss)",,"Zone 2","Colchester East Hants Health Centre","2025","2","123","254","120","234"
"2023_q4",,"Cystoscopy",,"IWK","IWK","2023","4",,,"56","168"
"2023_q2",,"Lacrimal Duct Probing",,"Total","Provincial","2023","2","62","299","133","263"
"2025_q2",,"Endarterectomy",,"Zone 4","QE2","2025","2",,,"36","65"
"12month_rolling","Obstetrics/Gynaecology","All","Zee, Rebekah",,,,,"116","1023","88","231"
"12month_rolling","Otolaryngology (ENT)","Septoplasty","Scott, John",,,,,"124","224","90","157"
"2023_q2",,"Dental Extractions and Restorations  (Pediatric)",,"Total","Provincial","2023","2","61","302","147","623"
"3month_rolling",,"Knee Replacement",,"Zone 4","QE2","2025","2","104","364","300","1061"
"2025_q2",,"Liver Surgery",,"Zone 4","QE2","2025","2","12","23","44","57"
"12month_rolling","General Surgery","Hernia Repair - Umbilical","Hiebert, Stephanie",,,,,"40","53","15","53"
"2024_q4",,"Cystoscopy",,"Zone 2","Colchester East Hants Health Centre","2024","4","14","50","43","226"
"3month_rolling","Plastic Surgery",,,,,"2025","2",,,"55","274"
"12month_rolling",,"Hernia Repair - Ventral",,"IWK","IWK","2025","2","83","110","128","201"
"2023_q4",,"Gastrointestinal Tract Surgery",,"Zone 1","Yarmouth Regional","2023","4",,,"17","97"
"12month_rolling","Orthopaedic Surgery",,,,,"2025","2",,,"110","368"
"2025_q1",,"Bowel Resection",,"Zone 1","Yarmouth Regional","2025","1",,,"28","50"
"2023_q2",,"Vascular Bypass Surgery",,"Zone 4","QE2","2023","2",,,"15","26"
"12month_rolling","General Surgery","Gastrointestinal Tract Surgery - Laparoscopic","MacDonald, Blair",,,,,"21","175","28","31"
"12month_rolling","General Surgery","Carpal Tunnel Surgery","Wasserman, Lukas",,,,,"103","207","132","381"
"2024_q1",,"Peritoneal Lavage or Catherization",,"Zone 4","QE2","2024","1",,,"12","16"
"2024_q3",,"Hip Replacement",,"Zone 3","Cape Breton Regional","2024","3","104","260","109","167"
"3month_rolling",,"Removal of Ovaries and/or Fallopian Tubes  (Cancer Not Suspected)",,"Zone 2","Aberdeen Hospital","2025","2","126","373","56","111"
"12month_rolling",,"Esophagoscopy",,"Zone 4","QE2","2025","2","27","108","30","66"
"2024_q2",,"Hernia Repair  (Adult)",,"Zone 4","Dartmouth General","2024","2","169","543","80","200"
"12month_rolling","Ophthalmology","Cataract Surgery","Koetsie, Karen",,,,,"59","99","51","100"
"2023_q4",,"Nose Surgery - Reconstructive or Aesthetic",,"Zone 4","QE2","2023","4","20","53","42","245"
"2023_q3",,"Cornea and External Disease",,"Zone 4","QE2","2023","3","87","163","77","452"
"2024_q2",,"Breast Reconstruction",,"Zone 4","QE2","2024","2","52","351","108","414"
"2023_q3",,"Removal of Ovaries and/or Fallopian Tubes  (Cancer Not Suspected)",,"Zone 4","Dartmouth General","2023","3","82","701","69","127"
"12month_rolling","General Surgery","Gallbladder Surgery","Hossain, Farisa",,,,,"11","28","51","184"
"12month_rolling","General Surgery","Gastrointestinal Tract Surgery","Stewart, Riley",,,,,"55","202","61","158"
"2023_q2",,"Laryngology and Vocal Cord Surgery",,"Zone 4","QE2","2023","2","16","57","60","246"
"2024_q3",,"Bowel Resection",,"Zone 1","Valley Regional","2024","3","15","300","36","73"
"12month_rolling","Orthopaedic","Knee Scope","Urquhart, Nathan Alexander",,,,,"89","199","86","231"
"2024_q3",,"Melanoma Excision",,"Zone 4","QE2","2024","3","12","22","20","34"
"2025_q2",,"Bariatric Surgery (for Weight Loss)",,"Zone 4","QE2","2025","2","163","201","232","854"
"12month_rolling","Ophthalmology","All","Bata, Bashar",,,,,"53","246","79","357"
"2024_q3",,"Kidney / Upper Urinary Tract",,"Zone 3","Cape Breton Regional","2024","3",,,"35","189"
"2025_q1",,"Back Surgery  (Pediatric)",,"IWK","IWK","2025","1",,,"310","589"
"12month_rolling",,"Head and Neck Surgery",,"Total","Provincial","2025","2","19","83","35","170"
"2024_q1",,"Hip Replacement",,"Zone 4","Dartmouth General","2024","1","212","423","118","477"
"12month_rolling",,"Whipple Procedures",,"Zone 4","QE2","2025","2","14","27","29","54"
"2023_q3",,"Surgery for Hearing or Balance Problems of the Ear",,"Zone 4","QE2","2023","3","149","392","503","1093"
"2024_q4",,"Hysterectomy  (Cancer Suspected or Proven)",,"Zone 4","QE2","2024","4","14","29","25","46"
"2024_q3",,"Cornea and External Disease",,"Total","Provincial","2024","3","56","232","206","428"
"12month_rolling","Orthopaedic","All","Rayes, Johnny",,,,,"121","280","113","225"
"2024_q1",,"Hysteroscopy",,"Zone 1","South Shore Regional","2024","1","30","114","49","78"
"2024_q2",,"Hysteroscopy",,"Total","Provincial","2024","2","49","304","52","123"
"2023_q4",,"Gallbladder Surgery",,"Zone 1","Valley Regional","2023","4","26","135","47","417"
"2023_q2",,"Knee Replacement Revision",,"Zone 4","Dartmouth General","2023","2",,,"299","337"
"2025_q1",,"Cataract Surgery",,"Zone 3","Cape Breton Regional","2025","1","46","131","49","97"
"2023_q2",,"Maxillofacial Deformity Surgery",,"Total","Provincial","2023","2","201","420","201","678"
"12month_rolling","Thoracic Surgery","Esophagectomy / Esophageal Surgery","Ednie, Alexander",,,,,"25","77","30","73"
"2023_q2",,"Hernia Repair - Umbilical",,"Zone 4","Dartmouth General","2023","2","176","320","126","365"
"2025_q1",,"Cardiovascular Surgery",,"Total","Provincial","2025","1",,,"61","105"
"2025_q2",,"Hernia Repair - Inguinal/Femoral",,"Total","Provincial","2025","2","58","280","76","205"
"12month_rolling","Urology","Male Circumcision  (Adult)","McGregor, Thomas",,,,,"79","93","41","106"
"12month_rolling",,"Esophagectomy / Esophageal Surgery",,"Total","Provincial","2025","2","20","107","33","104"
"2024_q3",,"Male Circumcision  (Adult)",,"Zone 4","Hants Community Hospital","2024","3",,,"97","214"
"2025_q1",,"Thyroid or Parathyroid Surgery",,"Zone 4","Dartmouth General","2025","1","41","225","49","151"
"2025_q1",,"Laryngology and Vocal Cord Surgery",,"Total","Provincial","2025","1","62","264","51","401"
"12month_rolling",,"Foot - Arthrodesis",,"Zone 2","Aberdeen Hospital","2025","2",,,"78","161"
"2025_q1",,"Dental Extractions and Restorations  (Adult)",,"Zone 1","South Shore Regional","2025","1","92","214","138","257"
"2023_q4",,"Hernia Repair - Inguinal/Femoral",,"IWK","IWK","2023","4",,,"92","303"
"2023_q4",,"Palmar Fascia Excision for Dupuytren's Disease",,"Zone 3","St. Martha's Regional","2023","4","124","131",,
"3month_rolling",,"Dental Extractions and Restorations  (Adult)",,"Zone 3","Glace Bay","2025","2","52","89","69","281"
"3month_rolling",,"Gallbladder Surgery",,"Zone 2","Aberdeen Hospital","2025","2","63","167","64","123"
"12month_rolling","Neurosurgery","Back Surgery  (Adult)","McNeely, P Daniel",,,,,"41","55","28","71"
"2023_q4",,"Bone / Cartilage Graft",,"Total","Provincial","2023","4","92","306","123","218"
"2023_q4",,"Shoulder Arthroscopy",,"Zone 1","South Shore Regional","2023","4","63","100","169","288"
"12month_rolling","Otolaryngology (ENT)","Tonsillectomy and/or Adenoidectomy  (Adult)","Massoud, Emad A",,,,,"32","50","167","444"
"12month_rolling","Dental","All","MacLellan, Jennifer",,,,,"157","589","177","780"
"12month_rolling","Orthopaedic","Knee Replacement","Hayward, Andrew",,,,,"155","328","57","110"
"2024_q4",,"Bowel Resection",,"Zone 3","Cape Breton Regional","2024","4","18","82","23","101"
"2025_q1",,"Nerve or Brain Stimulation",,"Zone 4","QE2","2025","1","80","945","20","44"
"2024_q4",,"Hernia Repair - Umbilical",,"Total","Provincial","2024","4","85","469","105","339"
"2023_q4",,"Tonsillectomy and/or Adenoidectomy  (Pediatric)",,"Zone 1","South Shore Regional","2023","4","163","232","65","150"
"12month_rolling","Ophthalmology","Cataract Surgery","O'Brien, Daniel Michael",,,,,"101","403","48","181"
"2024_q3",,"Knee Scope",,"Zone 4","Dartmouth General","2024","3","89","199","84","191"
"2023_q4",,"Prostate Surgery",,"Zone 1","Yarmouth Regional","2023","4",,,"97","175"
"12month_rolling",,"Hernia Repair - Inguinal/Femoral",,"Zone 4","QE2","2025","2","135","455","71","216"
"12month_rolling",,"Cystoscopy",,"Zone 3","Cape Breton Regional","2025","2","34","153","29","154"
"12month_rolling","Urology",,,,,"2025","2",,,"49","198"
"2025_q2",,"Shoulder Arthroscopy",,"Zone 4","Hants Community Hospital","2025","2","58","90","71","381"
"2023_q3",,"Osteotomy",,"Total","Provincial","2023","3","64","98","37","62"
"12month_rolling","Obstetrics/Gynaecology","All","Younes, Grace",,,,,"53","622","87","158"
"2024_q3",,"Cystoscopy",,"Zone 1","Valley Regional","2024","3","34","94","52","189"
"2024_q2",,"Aneurysm Repair",,"Total","Provincial","2024","2","19","69","65","156"
"2024_q2",,"Cataract Surgery",,"Zone 2","Colchester East Hants Health Centre","2024","2","142","210","70","95"
"2024_q2",,"Surgery for Hearing or Balance Problems of the Ear",,"Zone 4","QE2","2024","2","80","238","169","991"
"12month_rolling","Plastic Surgery","Breast Reduction Surgery","Singh, Ashvir",,,,,"166","391","148","269"
"12month_rolling","General Surgery","All","Poushay, Heather",,,,,"83","463","28","295"
"12month_rolling","Obstetrics/Gynaecology","Hysteroscopy","Noel, Carolyn",,,,,"21","56","24","61"
"2025_q1",,"Surgery for Hearing or Balance Problems of the Ear",,"Zone 1","Valley Regional","2025","1","71","208","124","245"
"2025_q2",,"Hernia Repair  (Adult)",,"Zone 3","Glace Bay","2025","2","316","626",,
"2025_q2",,"Hernia Repair - Inguinal/Femoral",,"Zone 1","Valley Regional","2025","2","56","838","82","170"
"12month_rolling","Plastic Surgery","Palmar Fascia Excision for Dupuytren's Disease","Hayden, David",,,,,"166","486","90","383"
"12month_rolling","Plastic Surgery","Breast Reconstruction","Nel, Corne",,,,,"64","103","316","545"
"2023_q3",,"Hernia Repair - Inguinal/Femoral",,"Zone 3","St. Martha's Regional","2023","3","61","367","76","300"
"2023_q3",,"Vitreoretinal Diseases",,"Total","Provincial","2023","3","29","146","23","80"
"2024_q2",,"Peritoneal Lavage or Catherization",,"Total","Provincial","2024","2",,,"14","22"
"2025_q1",,"Carpal Tunnel Surgery",,"Zone 2","Aberdeen Hospital","2025","1","47","123","63","133"
"2023_q2",,"Carpal Tunnel Surgery",,"Zone 4","Hants Community Hospital","2023","2",,,"56","118"
"12month_rolling","Thoracic Surgery","Lung Cancer Surgery","French, Daniel Gerard",,,,,"18","41","30","62"
"12month_rolling","General Surgery","Hernia Repair - Incisional","Kelly, Ryan Patrick",,,,,"174","947","95","409"
"2025_q1",,"Gallbladder Surgery",,"Zone 3","Cape Breton Regional","2025","1","150","715","62","455"
"2025_q2",,"Manipulation of Extremity",,"Total","Provincial","2025","2",,,"23","57"
"2023_q3",,"Knee Scope",,"Zone 1","South Shore Regional","2023","3","13","62","94","275"
"2023_q3",,"Hip Arthroscopy",,"Total","Provincial","2023","3","75","203","271","1226"
"2023_q3",,"Hernia Repair  (Adult)",,"Zone 2","Aberdeen Hospital","2023","3","152","505","65","120"
"2023_q3",,"Prostate Surgery",,"Zone 4","QE2","2023","3","49","180","123","315"
"2023_q4",,"Ear Tubes  (Adult)",,"Zone 1","Yarmouth Regional","2023","4",,,"69","258"
"12month_rolling","Ophthalmology","All","Gao, Jennifer",,,,,"78","155","89","152"
"12month_rolling",,"Hernia Repair - Laparoscopic Umbilical",,"Zone 4","Dartmouth General","2025","2","239","620","103","132"
"12month_rolling","Otolaryngology (ENT)","Oculo Plastic Surgery","Brodarec, Ivan",,,,,"71","133","135","296"
"2023_q4",,"Carpal Tunnel Surgery",,"Zone 1","South Shore Regional","2023","4","58","149","116","232"
"2024_q1",,"Bowel Resection",,"Zone 1","South Shore Regional","2024","1","14","44","24","36"
"2025_q2",,"Breast Reconstruction",,"Zone 4","QE2","2025","2","195","1789","54","461"
"2023_q4",,"Prostate Surgery",,"Zone 3","Northside General","2023","4",,,"39","57"
"2024_q1",,"Gastrointestinal Tract Surgery - Laparoscopic",,"Zone 2","Cumberland Regional","2024","1",,,"43","91"
"2025_q1",,"AV Fistula Creation/Closure",,"Total","Provincial","2025","1",,,"29","59"
"2025_q1",,"Nose Surgery - Reconstructive or Aesthetic",,"Total","Provincial","2025","1","33","72","37","92"
"2023_q2",,"Endometrial Ablation",,"Total","Provincial","2023","2","90","333","70","328"
"2024_q3",,"Gastrointestinal Tract Surgery - Laparoscopic",,"Zone 4","Dartmouth General","2024","3","18","188","31","73"
"2024_q4",,"Bladder Cancer Surgery",,"Zone 4","Dartmouth General","2024","4",,,"54","124"
"12month_rolling","Obstetrics/Gynaecology","Pelvic Floor Repair","Stairs, Jocelyn",,,,,"134","265","249","350"
"2025_q1",,"Temperomandibular Joint Surgery (TMJ)",,"Total","Provincial","2025","1","198","691","86","250"
"2023_q3",,"Bladder Surgery",,"Zone 4","QE2","2023","3","8","20","26","68"
"12month_rolling","Orthopaedic","All","Leighton, Jennifer Laura",,,,,,,"138","237"
"2023_q2",,"Nerve Surgery",,"Total","Provincial","2023","2","60","158","97","220"
"2023_q2",,"Hernia Repair  (Adult)",,"Zone 1","Yarmouth Regional","2023","2","22","65","36","105"
"2025_q2",,"Knee Scope with ACL Repair",,"Zone 4","QE2","2025","2","238","277","243","375"
"12month_rolling",,"Bowel Resection - Laparoscopic",,"Zone 3","St. Martha's Regional","2025","2","27","93","34","76"
"2025_q1",,"Surgery for Hearing or Balance Problems of the Ear",,"Zone 4","QE2","2025","1","162","301","181","1251"
"12month_rolling","Orthopaedic","Knee Replacement","Boudreau, Dennis Todd",,,,,"118","556","123","151"
"12month_rolling","Orthopaedic","Hip Replacement Revision","Leighton, Ross K",,,,,"130","204","218","232"
"2023_q3",,"Hip Replacement",,"Zone 2","Aberdeen Hospital","2023","3","216","311","55","329"
"12month_rolling","General Surgery","Pancreas Surgery","Gala Lopez, Boris",,,,,"15","48","30","64"
"2023_q2",,"Hernia Repair  (Adult)",,"Zone 1","Valley Regional","2023","2","40","177","47","440"
"2023_q4",,"Cataract Surgery",,"Zone 1","Soldiers Memorial","2023","4","61","95","72","220"
"2024_q2",,"Hernia Repair - Inguinal/Femoral",,"Zone 3","St. Martha's Regional","2024","2","13","42","133","167"
"2025_q2",,"Hernia Repair - Inguinal/Femoral",,"Zone 4","Hants Community Hospital","2025","2","195","280","40","47"
"12month_rolling","General Surgery","Hernia Repair - Inguinal/Femoral","Spence, Richard",,,,,"177","303","152","214"
"12month_rolling","Obstetrics/Gynaecology","Hysterectomy  (Cancer Not Suspected)","Zee, Rebekah",,,,,"456","1023","113","254"
"12month_rolling","General Surgery","Hernia Repair  (Adult)","Walsh, Mark J",,,,,"28","72","93","435"
"3month_rolling",,"Shoulder Arthroscopy",,"Zone 3","Cape Breton Regional","2025","2","145","426","41","100"
"2023_q4",,"Gallbladder Surgery",,"Zone 4","Dartmouth General","2023","4","122","302","83","178"
"12month_rolling","Urology","Cystoscopy","Rendon, Ricardo",,,,,"15","61","97","288"
"12month_rolling","Urology","Male Reproductive System Surgery","Cox, Ashley",,,,,"48","77","164","293"
"2024_q2",,"Bowel Resection - Open",,"Zone 1","Yarmouth Regional","2024","2",,,"27","116"
"3month_rolling",,"Shoulder Surgery",,"Zone 1","Valley Regional","2025","2","127","235","252","293"
"12month_rolling","Obstetrics/Gynaecology","Female Incontinence Surgery","Clague, Nicholas Paul",,,,,"281","359","61","154"
"12month_rolling","Orthopaedic","Knee Scope","Hayward, Andrew",,,,,"11","22","48","62"
"2025_q1",,"Brain Surgery  (Pediatric)",,"IWK","IWK","2025","1",,,"12","36"
"3month_rolling",,"Hip Replacement",,"Zone 4","QE2","2025","2","104","363","79","726"
"2023_q2",,"Knee Scope",,"Zone 2","Aberdeen Hospital","2023","2","85","208","32","151"
"3month_rolling",,"Tonsillectomy and/or Adenoidectomy  (Adult)",,"Zone 1","Valley Regional","2025","2",,,"351","437"
"12month_rolling","General Surgery","Gallbladder Surgery","Poushay, Heather",,,,,"99","351","51","523"
"2023_q2",,"Bowel Resection - Laparoscopic",,"Zone 4","Dartmouth General","2023","2","16","52","24","55"
"2024_q2",,"Functional Endoscopic Sinus Surgery (FESS)",,"Total","Provincial","2024","2","88","335","91","360"
"12month_rolling","General Surgery","Hernia Repair - Umbilical","MacFarlane, David",,,,,"33","112","67","185"
"12month_rolling","Urology","Prostate Surgery - Laparoscopic","Rendon, Ricardo",,,,,"21","43","108","178"
"2025_q2",,"Knee Replacement",,"Zone 4","Dartmouth General","2025","2","464","522","138","262"
"2023_q2",,"Cataract Surgery",,"Zone 3","Cape Breton Regional","2023","2","35","167","33","77"
"12month_rolling","Obstetrics/Gynaecology","All","Brooks, Melissa",,,,,"155","440","115","276"
"12month_rolling","Otolaryngology (ENT)","Head and Neck Surgery","Piccott, Devin",,,,,"14","83","85","184"
"2023_q2",,"Bowel Resection",,"Zone 1","Valley Regional","2023","2","49","318","42","88"
"2025_q2",,"Pilonidal Cyst Surgery",,"Total","Provincial","2025","2","61","513","81","225"
"2023_q4",,"Hernia Repair - Inguinal/Femoral",,"Zone 2","Colchester East Hants Health Centre","2023","4","41","106","93","304"
"12month_rolling",,"Bowel Resection - Open",,"Zone 4","QE2","2025","2","26","187","38","174"
"2025_q2",,"Hernia Repair - Incisional",,"Zone 2","Colchester East Hants Health Centre","2025","2",,,"153","223"
"12month_rolling","Obstetrics/Gynaecology","Removal of Ovaries and/or Fallopian Tubes  (Cancer Not Suspected)","Osasere, Michael",,,,,"35","68","62","245"
"2025_q2",,"Hip Replacement",,"Zone 3","Cape Breton Regional","2025","2","144","237","59","111"
"12month_rolling","Urology","Male Circumcision  (Adult)","Lehmann, Kyle",,,,,"790","790","80","147"
"2023_q3",,"Cystoscopy",,"Total","Provincial","2023","3","41","153","39","233"
"2025_q2",,"Shoulder Arthroscopy",,"Zone 4","Dartmouth General","2025","2","79","274","82","169"
"2025_q2",,"Colorectal Cancer Surgery",,"Zone 4","Dartmouth General","2025","2","12","50","23","31"
"2025_q2",,"Aneurysm Repair",,"Total","Provincial","2025","2","54","255","50","100"
"2024_q4",,"Cardiac Valve Replacement",,"Total","Provincial","2024","4",,,"69","124"
"12month_rolling",,"Gastric Surgery - Laparoscopic",,"Zone 4","QE2","2025","2","58","401","88","504"
"2025_q2",,"Removal of Ovaries and/or Fallopian Tubes  (Cancer Not Suspected)",,"Total","Provincial","2025","2","102","517","64","229"
"2024_q1",,"Hysteroscopy",,"IWK","IWK","2024","1","48","339","50","132"
"2025_q2",,"Shoulder Arthroplasty",,"Total","Provincial","2025","2","98","358","145","281"
"12month_rolling",,"Lacrimal Duct Probing",,"Zone 4","QE2","2025","2","54","406","103","331"
"2025_q1",,"Knee Scope",,"Total","Provincial","2025","1","89","270","80","230"
"2025_q1",,"Surgery for Hearing or Balance Problems of the Ear",,"Total","Provincial","2025","1","64","317","70","266"
"2023_q2",,"Hernia Repair - Umbilical",,"Zone 1","South Shore Regional","2023","2","50","111","37","202"
"2023_q4",,"Tendon / Ligament Repair",,"IWK","IWK","2023","4",,,"101","319"
"12month_rolling","General Surgery","Colorectal Cancer Surgery","Roach, Eileen",,,,,"12","146","11","20"
"2023_q4",,"Strabismus Surgery  (Pediatric)",,"Total","Provincial","2023","4",,,"190","293"
"2023_q4",,"Ear Tubes  (Pediatric)",,"Total","Provincial","2023","4","100","258","73","176"
"2024_q3",,"Tear Duct Surgery",,"Total","Provincial","2024","3","29","244",,
"2025_q1",,"Hernia Repair - Inguinal/Femoral",,"Zone 3","St. Martha's Regional","2025","1","56","104","153","410"
"12month_rolling","General Surgery","Gastrointestinal Tract Surgery","Drohan, Ashley",,,,,"15","267","35","112"
"12month_rolling","Urology","Female Incontinence Surgery","Bailly, Greg G",,,,,"80","115","90","193"
"2024_q3",,"Hip Arthroscopy",,"Total","Provincial","2024","3","90","303","230","573"
"12month_rolling","Orthopaedic","All","Richardson, Christopher Glen",,,,,"28","52","431","1201"
"2024_q3",,"Gallbladder Surgery",,"Zone 1","Valley Regional","2024","3","34","336","63","240"
"2023_q4",,"Breast Reconstruction",,"Total","Provincial","2023","4","65","360","53","306"
"2025_q2",,"Strabismus Surgery  (Adult)",,"Total","Provincial","2025","2","199","337","67","357"
"2023_q3",,"Gallbladder Surgery",,"Zone 2","Cumberland Regional","2023","3","7","56","49","101"
"12month_rolling","Orthopaedic","Shoulder Arthroscopy","Urquhart, Nathan Alexander",,,,,"76","274","93","286"
"12month_rolling","General Surgery","Bowel Resection - Laparoscopic","MacFarlane, David",,,,,"77","300","54","82"
"12month_rolling","General Surgery","Peritoneal Lavage or Catherization","Hiebert, Stephanie",,,,,"27","34","19","45"
"2024_q1",,"Back Surgery  (Pediatric)",,"IWK","IWK","2024","1",,,"314","539"
"2025_q1",,"Dental Extractions and Restorations  (Pediatric)",,"Zone 3","Inverness Consolidated Memorial","2025","1","107","295","79","287"
"2024_q4",,"Video-Assisted Thoracic Surgery",,"Total","Provincial","2024","4","23","52","24","65"
"2025_q2",,"Thyroid or Parathyroid Surgery",,"Zone 4","QE2","2025","2","26","82","31","130"
"2025_q2",,"Lacrimal Duct Probing",,"Total","Provincial","2025","2",,,"136","275"
"12month_rolling","Obstetrics/Gynaecology","All","Clague, Nicholas Paul",,,,,"77","445","60","131"
"2024_q1",,"Gastrointestinal Tract Surgery",,"Zone 1","South Shore Regional","2024","1","42","105","33","81"
"12month_rolling","General Surgery","Colorectal Cancer Surgery","Butler, Clay K",,,,,"42","71","25","39"
"2024_q3",,"Orthopaedic Trauma",,"Total","Provincial","2024","3","14","88","10","134"
"2025_q2",,"Bowel Resection - Laparoscopic",,"Zone 4","QE2","2025","2","45","208","48","135"
"2024_q4",,"Gallbladder Surgery",,"Zone 1","Yarmouth Regional","2024","4","24","124","43","87"
"2025_q1",,"Cervical Spine (Neck) Surgery",,"Total","Provincial","2025","1","59","274","72","146"
"2024_q1",,"Nissen Fundoplication - Laparoscopic",,"Total","Provincial","2024","1","84","475","159","477"
"2023_q4",,"Breast Cancer Surgery",,"Zone 1","Yarmouth Regional","2023","4","6","20","21","42"
"2025_q1",,"Thyroid or Parathyroid Surgery",,"Total","Provincial","2025","1","42","225","76","223"
"2024_q4",,"Prostate Surgery",,"Zone 2","Colchester East Hants Health Centre","2024","4",,,"211","253"
"12month_rolling","Obstetrics/Gynaecology","All","Noel, Carolyn",,,,,"25","62","24","51"
"12month_rolling","Orthopaedic","Shoulder Arthroscopy","Hamilton, Christopher",,,,,"262","432","34","72"
"12month_rolling","Urology","All","Rent, Kenneth",,,,,"26","58","35","98"
"12month_rolling","Vascular Surgery","Vascular Bypass Surgery","McDonald, Joey",,,,,,,"43","112"
"12month_rolling","Obstetrics/Gynaecology","All","Kupfer, Nathalie",,,,,"57","448","44","94"
"2023_q2",,"Breast Cancer Surgery",,"IWK","IWK","2023","2","19","27","35","56"
"2024_q2",,"Male Circumcision  (Pediatric)",,"Total","Provincial","2024","2",,,"62","874"
"12month_rolling","Obstetrics/Gynaecology","Hysteroscopy","Vermeer, Julie",,,,,"30","370","63","128"
"2023_q4",,"Male Circumcision  (Adult)",,"Total","Provincial","2023","4","61","231","125","409"
"2024_q1",,"Colorectal Cancer Surgery",,"Zone 3","Cape Breton Regional","2024","1","17","32","20","43"
"2023_q3",,"Manipulation of Extremity",,"Total","Provincial","2023","3",,,"61","115"
"2023_q3",,"Gastrointestinal Tract Surgery",,"Zone 2","Colchester East Hants Health Centre","2023","3",,,"34","119"
"2023_q2",,"Cystoscopy",,"Zone 4","QE2","2023","2","47","140","45","222"
"12month_rolling","Dental","Dental Extractions and Restorations  (Adult)","Eagles, Arthur",,,,,,,"215","336"
"2023_q2",,"Dental Extractions and Restorations  (Adult)",,"Total","Provincial","2023","2","140","282","86","452"
"12month_rolling","Otolaryngology (ENT)","Tonsillectomy and/or Adenoidectomy  (Adult)","Wasl, Hisham Ali",,,,,"55","113","355","414"
"2023_q4",,"Esophagectomy / Esophageal Surgery",,"Zone 4","QE2","2023","4","29","342","31","92"
"2024_q1",,"Hernia Repair  (Adult)",,"Zone 3","Glace Bay","2024","1","238","390",,
"2024_q4",,"Melanoma Excision",,"Zone 4","QE2","2024","4","16","142","21","27"
"2023_q3",,"Knee Scope",,"Zone 4","Dartmouth General","2023","3","79","401","105","231"
"2025_q1",,"Gallbladder Surgery",,"Zone 2","Aberdeen Hospital","2025","1","40","99","92","218"
"12month_rolling","General Surgery","All","Lapierre, Stephanie",,,,,"33","534","25","149"
"2023_q4",,"Bladder Cancer Surgery",,"Zone 1","Yarmouth Regional","2023","4",,,"34","117"
"2025_q2",,"Hernia Repair - Inguinal/Femoral",,"Zone 3","Cape Breton Regional","2025","2","107","465","88","180"
"2023_q3",,"Breast Reconstruction",,"Zone 4","QE2","2023","3","31","77","98","586"
"12month_rolling","Urology","Kidney Stone Surgery","Puthenparumpil, Jacob",,,,,"15","119","64","163"
"12month_rolling","Otolaryngology (ENT)","Head and Neck Surgery","Kujath, Magdalena",,,,,"63","180","61","292"
"12month_rolling","Urology","Bladder Cancer Surgery","McGregor, Thomas",,,,,"44","44","27","82"
"2024_q3",,"Hysteroscopy",,"Total","Provincial","2024","3","41","247","60","129"
"12month_rolling",,"Surgery for Hearing or Balance Problems of the Ear",,"Zone 3","Glace Bay","2025","2","21","90","37","101"
"12month_rolling",,"Kidney / Upper Urinary Tract",,"Zone 4","Dartmouth General","2025","2",,,"57","93"
"12month_rolling","Orthopaedic","Shoulder Arthroscopy","Biddulph, Michael Paul",,,,,"99","1110","79","381"
"12month_rolling","General Surgery","Gallbladder Surgery","King, Jenelle",,,,,"22","86","35","168"
"2023_q3",,"Removal of Ovaries and/or Fallopian Tubes  (Cancer Not Suspected)",,"Total","Provincial","2023","3","88","335","58","207"
"2023_q2",,"Knee Scope",,"Zone 1","South Shore Regional","2023","2","79","236","89","232"
"2024_q2",,"Hernia Repair - Laparoscopic Inguinal Femoral",,"Total","Provincial","2024","2","60","425","103","244"
"12month_rolling","Orthopaedic","Carpal Tunnel Surgery","Prasad, Bangaradka Radhakrishna",,,,,"105","252","29","121"
"12month_rolling","Ophthalmology","Vitreoretinal Diseases","Dickinson, John D",,,,,"23","92","20","113"
"2024_q4",,"Hernia Repair - Umbilical",,"Zone 2","Colchester East Hants Health Centre","2024","4","57","89","123","216"
"2024_q1",,"Hernia Repair - Ventral",,"Total","Provincial","2024","1","44","134","63","400"
"2023_q2",,"Gallbladder Surgery",,"Zone 4","Hants Community Hospital","2023","2","100","150",,
"12month_rolling",,"Hernia Repair - Umbilical",,"IWK","IWK","2025","2","106","167","52","204"
"2024_q1",,"Gallbladder Surgery",,"Zone 2","Colchester East Hants Health Centre","2024","1","38","148","45","92"
"2024_q3",,"Ear Tubes  (Adult)",,"Zone 1","Yarmouth Regional","2024","3",,,"58","152"
"12month_rolling","Urology","Kidney Stone Surgery","Whelan, Emily",,,,,"34","222","43","176"
"12month_rolling","Ophthalmology","Cataract Surgery","Mann, Colin",,,,,"158","244","333","445"
"12month_rolling","Plastic Surgery","All","Rasmussen, Philip John",,,,,"47","163","33","110"
"2025_q1",,"Hysterectomy  (Cancer Not Suspected)",,"Zone 4","QE2","2025","1","10","26","30","42"
"2025_q2",,"Gastric Surgery - Laparoscopic",,"Total","Provincial","2025","2","68","1015","137","783"
"2024_q4",,"Knee Replacement",,"Zone 2","Aberdeen Hospital","2024","4","121","658","117","271"
"2023_q2",,"Gastrointestinal Tract Surgery",,"Zone 1","Valley Regional","2023","2","27","93","43","128"
"12month_rolling","Orthopaedic","Knee Scope","Biddulph, Michael Paul",,,,,"49","56","92","223"
"12month_rolling","Ophthalmology","Lacrimal Duct Probing","Archibald, Curtis",,,,,"26","408","84","214"
"12month_rolling","Otolaryngology (ENT)","Septoplasty","Fowler, James",,,,,"23","56","48","111"
"2025_q2",,"Colorectal Cancer Surgery",,"Zone 4","QE2","2025","2","21","85","31","72"
"12month_rolling","General Surgery","Colorectal Cancer Surgery","Spence, Richard",,,,,"22","35","34","98"
"12month_rolling","Urology","All","Kokorovic, Andrea",,,,,"31","150","57","162"
"2025_q1",,"Male Reproductive System Surgery",,"Total","Provincial","2025","1","127","374","107","344"
"2024_q1",,"Dental Extractions and Restorations  (Adult)",,"Total","Provincial","2024","1","99","277","155","512"
"2025_q1",,"Knee Scope with ACL Repair",,"Zone 4","QE2","2025","1","45","68","124","257"
"12month_rolling","Otolaryngology (ENT)","Sinus Surgery","Kujath, Magdalena",,,,,"283","378","200","373"
"2024_q3",,"Hysteroscopy",,"Zone 2","Colchester East Hants Health Centre","2024","3","72","298","58","111"
"2024_q4",,"Tendon / Ligament Repair",,"IWK","IWK","2024","4",,,"46","113"
"2023_q4",,"Carotid Endarterectomy",,"Total","Provincial","2023","4",,,"21","40"
"3month_rolling",,"Male Circumcision  (Pediatric)",,"IWK","IWK","2025","2","695","904","29","353"
"2024_q1",,"Cataract Surgery",,"Zone 2","Colchester East Hants Health Centre","2024","1","146","215","68","96"
"12month_rolling",,"Head and Neck Surgery",,"IWK","IWK","2025","2",,,"31","157"
"2024_q1",,"Knee Scope",,"Zone 1","Valley Regional","2024","1","70","82","20","160"
"12month_rolling","General Surgery","Gastrointestinal Tract Surgery - Laparoscopic","Enright, Jonathan Boyde",,,,,"14","76","31","73"
"2023_q4",,"Bladder Cancer Surgery",,"Zone 3","Northside General","2023","4",,,"34","128"
"2023_q2",,"Knee Replacement",,"Zone 2","Aberdeen Hospital","2023","2","197","337","88","604"
"2024_q4",,"Shoulder Surgery",,"Zone 1","Valley Regional","2024","4","117","272","117","231"
"2025_q1",,"Strabismus Surgery  (Adult)",,"Zone 4","QE2","2025","1","198","961","218","358"
"2023_q4",,"Cystoscopy",,"Zone 1","Valley Regional","2023","4","19","113","39","252"
"2024_q2",,"Hernia Repair - Laparoscopic Inguinal Femoral",,"Zone 3","St. Martha's Regional","2024","2","26","113","140","242"
"2023_q3",,"Hip Replacement",,"Zone 3","Cape Breton Regional","2023","3","112","192","63","205"
"2023_q3",,"Aneurysm Repair",,"Total","Provincial","2023","3","30","127","31","167"
"12month_rolling","Urology","Male Circumcision  (Adult)","Duplisea, Jonathan",,,,,"169","266","89","161"
"2024_q4",,"Surgery for Hearing or Balance Problems of the Ear",,"Zone 3","Cape Breton Regional","2024","4","32","63","44","161"
"12month_rolling","Orthopaedic","Knee Replacement Revision","Biddulph, Michael Paul",,,,,,,"59","149"
"2023_q3",,"Removal of Ovaries and/or Fallopian Tubes  (Cancer Not Suspected)",,"Zone 3","Cape Breton Regional","2023","3","88","132","153","377"
"2025_q2",,"Dental Extractions and Restorations  (Adult)",,"Zone 4","QE2","2025","2","180","300","81","356"
"2024_q3",,"Tonsillectomy and/or Adenoidectomy  (Pediatric)",,"Total","Provincial","2024","3","187","412","184","401"
"3month_rolling",,"Knee Scope with ACL Repair",,"Total","Provincial","2025","2","87","277","86","257"
"2025_q2",,"Carpal Tunnel Surgery",,"Zone 3","St. Martha's Regional","2025","2",,,"71","370"
"2024_q2",,"Male Reproductive System Surgery",,"IWK","IWK","2024","2","101","543","147","769"
"2024_q1",,"Bowel Resection - Laparoscopic",,"Zone 3","Cape Breton Regional","2024","1","18","63","23","69"
"12month_rolling","Urology","Cystoscopy","Mason, Ross",,,,,"33","171","54","197"
"3month_rolling",,"Breast Reconstruction",,"Zone 3","St. Martha's Regional","2025","2",,,"111","364"
"2024_q1",,"Pilonidal Cyst Surgery",,"Total","Provincial","2024","1","106","229","78","212"
"12month_rolling","Vascular Surgery","Angioplasty","Lee, Min S",,,,,"25","62","28","64"
"2025_q2",,"Lymph Node Biopsy",,"Total","Provincial","2025","2","10","56","21","53"
"12month_rolling","Urology","Prostatectomy","Miller, M Dale",,,,,"40","139","30","71"
"2023_q4",,"Dental Extractions and Restorations  (Pediatric)",,"IWK","IWK","2023","4","66","421","211","729"
"12month_rolling","Ophthalmology","All","Rafuse, Paul E",,,,,"34","119","110","238"
"3month_rolling",,"Male Circumcision  (Adult)",,"Zone 2","Colchester East Hants Health Centre","2025","2","418","523","190","495"
"12month_rolling","Otolaryngology (ENT)","Thyroid or Parathyroid Surgery","Williams, Blair",,,,,"71","155","155","430"
"12month_rolling","Orthopaedic","Knee Replacement Revision","O'Neill, Michelle E",,,,,"69","176","83","97"
"12month_rolling","Orthopaedic","All","Burgesson, Bernard",,,,,"382","633","37","73"
"12month_rolling",,"Meniscectomy",,"Total","Provincial","2025","2","80","193","159","358"
"12month_rolling","General Surgery","All","Johnson, Paul M",,,,,"122","340","57","507"
"2023_q4",,"Breast Cancer Surgery",,"Zone 2","Colchester East Hants Health Centre","2023","4","7","31","33","50"
"2024_q1",,"Cataract Surgery",,"Zone 3","Cape Breton Regional","2024","1","54","136","29","98"
"2023_q2",,"Video-Assisted Thoracic Surgery",,"Total","Provincial","2023","2","23","46","32","83"
"2024_q1",,"Shoulder Arthroplasty",,"Total","Provincial","2024","1","99","321","215","398"
"12month_rolling","Obstetrics/Gynaecology","Hysterectomy  (Cancer Not Suspected)","Cockwell, Heather",,,,,"259","276","265","425"
"12month_rolling","General Surgery","Hernia Repair - Inguinal/Femoral","Stewart, Riley",,,,,"168","687","125","393"
"2024_q1",,"Brain Surgery  (Pediatric)",,"IWK","IWK","2024","1",,,"80","116"
"2024_q4",,"Breast Cancer Surgery",,"Zone 1","Valley Regional","2024","4","15","34","31","41"
"3month_rolling",,"Knee Scope",,"Zone 1","Yarmouth Regional","2025","2","280","518","84","156"
"12month_rolling","Vascular Surgery","All","Lee, Min S",,,,,"25","77","29","118"
"12month_rolling","Otolaryngology (ENT)","Functional Endoscopic Sinus Surgery (FESS)","Taylor, Benjamin A",,,,,"160","437","318","348"
"12month_rolling","Obstetrics/Gynaecology","Hysteroscopy","Cockwell, Heather",,,,,"71","588","91","139"
"2024_q3",,"Breast Reconstruction",,"Zone 4","QE2","2024","3","183","258","85","756"
"2025_q1",,"Esophagoscopy",,"Total","Provincial","2025","1",,,"34","65"
"2023_q4",,"Tendon / Ligament Repair",,"Total","Provincial","2023","4","91","619","80","384"
"12month_rolling","General Surgery","Gastrointestinal Tract Surgery","Nocon, Brian",,,,,"28","70","39","71"
"12month_rolling","General Surgery","Bowel Resection - Open","Smith, Victoria",,,,,"15","18","22","40"
"2024_q4",,"Knee Replacement - Partial",,"Zone 4","QE2","2024","4","301","435","69","104"
"12month_rolling","Obstetrics/Gynaecology","Removal of Ovaries and/or Fallopian Tubes  (Cancer Not Suspected)","Murray, Angus",,,,,"139","237","159","264"
"2025_q2",,"Ear Tubes  (Adult)",,"Total","Provincial","2025","2","81","905","31","78"
"12month_rolling",,"Laryngology and Vocal Cord Surgery",,"IWK","IWK","2025","2",,,"137","298"
"3month_rolling",,"Thyroid or Parathyroid Surgery",,"Zone 4","Dartmouth General","2025","2","14","254","53","123"
"12month_rolling","Urology","Kidney Stone Surgery","Miller, M Dale",,,,,"26","112","30","174"
"2024_q3",,"Breast Cancer Surgery",,"Zone 3","St. Martha's Regional","2024","3","10","32","27","34"
"12month_rolling",,"Sacral Nerve Stimulation",,"Total","Provincial","2025","2",,,"132","230"
"12month_rolling","General Surgery","Colorectal Cancer Surgery","Hoogerboord, C Marius",,,,,"19","43","28","34"
"12month_rolling","Oral Maxillofacial","All","Robertson, Chad G",,,,,"141","430","158","413"
"2024_q4",,"Shoulder Arthroscopy",,"Zone 2","Aberdeen Hospital","2024","4","285","464","121","221"
"2024_q1",,"Breast Cancer Surgery",,"Zone 2","Aberdeen Hospital","2024","1","10","21","19","36"
"2025_q1",,"Shoulder Arthroscopy",,"Zone 4","QE2","2025","1","64","226","146","469"
"2023_q2",,"Orthopaedic Trauma",,"Zone 4","QE2","2023","2",,,"22","77"
"2023_q4",,"Bowel Resection",,"Zone 3","Cape Breton Regional","2023","4","16","36","22","77"
"2023_q4",,"Hernia Repair - Umbilical",,"Total","Provincial","2023","4","64","315","106","317"
"2024_q1",,"Lacrimal Duct Probing",,"Total","Provincial","2024","1","182","410","76","224"
"12month_rolling","Ophthalmology","Cataract Surgery","Pollmann, Andre",,,,,"61","118","30","80"
"12month_rolling","General Surgery","Hernia Repair - Ventral","Minor, Samuel",,,,,"464","803","127","357"
"2024_q1",,"Bariatric Surgery (for Weight Loss)",,"Total","Provincial","2024","1","79","215","247","303"
"12month_rolling","Otolaryngology (ENT)","Surgery for Hearing or Balance Problems of the Ear","Corsten, P Gerard",,,,,"76","329","84","159"
"2023_q2",,"Gastrointestinal Tract Surgery - Laparoscopic",,"Zone 4","Dartmouth General","2023","2","16","52","24","55"
"12month_rolling",,"Craniotomy or Craniectomy",,"Zone 4","QE2","2025","2","161","308","86","230"
"12month_rolling",,"Hernia Repair - Umbilical",,"Zone 2","Colchester East Hants Health Centre","2025","2","54","121","122","233"
"2023_q3",,"Breast Reduction Surgery",,"Total","Provincial","2023","3","362","1459","106","365"
"12month_rolling",,"Gastrointestinal Tract Surgery",,"Zone 3","Cape Breton Regional","2025","2","27","82","34","164"
"12month_rolling","Orthopaedic","All","Gillis, Megan",,,,,"316","600","249","476"
"2024_q3",,"Shoulder Arthroscopy",,"Zone 4","QE2","2024","3","80","161","138","605"
"2025_q1",,"Hernia Repair  (Adult)",,"Zone 1","South Shore Regional","2025","1","42","140","55","117"
"2024_q1",,"Cervical Spine (Neck) Surgery",,"Zone 4","QE2","2024","1","59","273","107","328"
"2025_q2",,"Gallbladder Surgery",,"Zone 1","Valley Regional","2025","2","39","313","61","186"
"12month_rolling",,"Thymectomy",,"Zone 4","QE2","2025","2","38","54","46","400"
"12month_rolling","Obstetrics/Gynaecology","All","Vermeer, Julie",,,,,"70","505","77","189"
"2024_q1",,"Dental Extractions and Restorations  (Pediatric)",,"Zone 3","Glace Bay","2024","1",,,"181","317"
"12month_rolling","Vascular Surgery","Aneurysm Repair","Lee, Min S",,,,,"28","64","57","152"
"2024_q3",,"Male Reproductive System Surgery",,"Zone 4","Dartmouth General","2024","3","98","188","121","195"
"2023_q4",,"Hysterectomy  (Cancer Not Suspected)",,"Zone 3","Cape Breton Regional","2023","4","45","183","244","531"
"2023_q3",,"Tear Duct Surgery",,"Total","Provincial","2023","3","192","372",,
"2024_q1",,"Functional Endoscopic Sinus Surgery (FESS)",,"Total","Provincial","2024","1","44","385","95","304"
"2025_q1",,"Colorectal Cancer Surgery",,"Zone 1","South Shore Regional","2025","1",,,"36","71"
"2024_q3",,"Gastrointestinal Tract Surgery - Laparoscopic",,"Zone 3","Cape Breton Regional","2024","3","15","61","20","91"
"2025_q2",,"Maxillofacial Deformity Surgery",,"Total","Provincial","2025","2","314","635","173","483"
"12month_rolling","General Surgery","Bowel Resection - Laparoscopic","Enright, Jonathan Boyde",,,,,"14","76","31","73"
"2024_q1",,"Ear Tubes  (Pediatric)",,"Zone 1","Valley Regional","2024","1","92","395","121","186"
"2024_q3",,"Melanoma Excision",,"Total","Provincial","2024","3","12","25","21","44"
"3month_rolling",,"Colorectal Cancer Surgery",,"Zone 1","South Shore Regional","2025","2",,,"30","34"
"2023_q2",,"Gallbladder Surgery",,"Zone 1","Yarmouth Regional","2023","2","20","57","33","78"
"2025_q2",,"Shoulder Surgery",,"Zone 4","QE2","2025","2","77","178","107","369"
"2023_q2",,"Tonsillectomy and/or Adenoidectomy  (Pediatric)",,"Zone 3","Cape Breton Regional","2023","2","33","77","75","108"
"12month_rolling","Vascular Surgery","Aneurysm Repair","McDonald, Joey",,,,,"2","2","41","129"
"12month_rolling","Otolaryngology (ENT)","Head and Neck Surgery","Al Afif, Ayham",,,,,"16","57","36","70"
"2024_q2",,"Cornea and External Disease",,"Zone 4","QE2","2024","2","83","169","159","432"
"12month_rolling","General Surgery","All","Archibald, Alison",,,,,"80","484","35","257"
"12month_rolling",,"Gastric Surgery",,"Total","Provincial","2025","2","18","71","32","99"
"2025_q1",,"Septoplasty",,"Total","Provincial","2025","1","103","490","119","427"
"2023_q3",,"Orthopaedic Trauma",,"Total","Provincial","2023","3","20","150","15","143"
"12month_rolling","Obstetrics/Gynaecology","Tubal Ligation","Tynski, Gregory",,,,,"385","618","72","202"
"2023_q3",,"Breast Cancer Surgery",,"Zone 3","Cape Breton Regional","2023","3","7","14","19","31"
"12month_rolling","Obstetrics/Gynaecology","Removal of Ovaries and/or Fallopian Tubes  (Cancer Not Suspected)","Marais, Colin",,,,,"283","398","78","87"
"2025_q2",,"Bowel Resection",,"Zone 1","Valley Regional","2025","2","44","260","41","96"
"2025_q1",,"Knee Scope",,"Zone 1","Valley Regional","2025","1","97","165","72","186"
"12month_rolling","Orthopaedic","All","O'Brien, David A",,,,,"483","694","189","473"
"2024_q4",,"Carpal Tunnel Surgery",,"Zone 4","Dartmouth General","2024","4",,,"26","68"
"2024_q1",,"Male Reproductive System Surgery",,"Zone 2","Colchester East Hants Health Centre","2024","1","169","593","385","629"
"2023_q4",,"Hip Replacement Revision",,"Total","Provincial","2023","4","132","286","46","139"
"2024_q3",,"Male Circumcision  (Adult)",,"Total","Provincial","2024","3","110","332","149","286"
"2024_q2",,"Manipulation of Extremity",,"Total","Provincial","2024","2",,,"44","113"
"2023_q4",,"Glaucoma (Eye Pressure Lowering Surgery)",,"Zone 4","QE2","2023","4","27","237","24","135"
"2023_q3",,"Nerve Surgery",,"Zone 4","QE2","2023","3","148","268","48","86"
"2024_q1",,"Gastrointestinal Tract Surgery - Laparoscopic",,"Zone 1","Valley Regional","2024","1","43","301","32","109"
"12month_rolling","Orthopaedic","Knee Scope with ACL Repair","Tucker, Allison",,,,,"57","215","39","104"
"12month_rolling","General Surgery","Gastrointestinal Tract Surgery","Enright, Jonathan Boyde",,,,,"49","191","45","101"
"2024_q3",,"Endometrial Ablation",,"Zone 2","Aberdeen Hospital","2024","3","165","588","33","75"
"2024_q4",,"Cystoscopy",,"Zone 1","Valley Regional","2024","4","46","275","47","204"
"12month_rolling","Urology","Kidney Stone Surgery","Paterson, Nicholas",,,,,"37","105","55","136"
"2024_q3",,"Aneurysm Repair",,"Total","Provincial","2024","3","37","113","43","163"
"2024_q4",,"Gallbladder Surgery",,"Zone 1","South Shore Regional","2024","4","30","122","26","148"
"2023_q3",,"Hernia Repair  (Adult)",,"Zone 2","Cumberland Regional","2023","3","71","112","47","140"
"3month_rolling","Urology",,,,,"2025","2",,,"45","192"
"2025_q1",,"Hernia Repair - Umbilical",,"IWK","IWK","2025","1",,,"53","140"
"12month_rolling","Otolaryngology (ENT)","Tonsillectomy and/or Adenoidectomy  (Pediatric)","Corsten, P Gerard",,,,,"274","366","127","406"
"2024_q3",,"Ear Tubes  (Pediatric)",,"Zone 3","Cape Breton Regional","2024","3","91","91","52","245"
"2023_q2",,"Hysterectomy  (Cancer Not Suspected)",,"Total","Provincial","2023","2","89","482","111","436"
"12month_rolling","General Surgery","Lymph Node Biopsy","Giacomantonio, Carman Anthony",,,,,"21","48","41","64"
"3month_rolling",,"Colorectal Cancer Surgery",,"Zone 1","Yarmouth Regional","2025","2",,,"25","43"
"12month_rolling","Otolaryngology (ENT)","Tonsillectomy and/or Adenoidectomy  (Pediatric)","Graham, Elise",,,,,"320","399","105","285"
"12month_rolling","Otolaryngology (ENT)","Septoplasty","Wallace, Timothy D",,,,,"97","703","93","184"
"12month_rolling","Urology","Male Reproductive System Surgery","Himmelman, Jeffrey George",,,,,"45","45","126","896"
"3month_rolling",,"Back Surgery  (Adult)",,"Zone 4","QE2","2025","2","118","603","88","170"
"2024_q3",,"Bone / Cartilage Graft",,"Total","Provincial","2024","3","86","314","180","325"
"2023_q4",,"Hip Arthroscopy",,"Total","Provincial","2023","4","83","295","279","666"
"2023_q4",,"Tonsillectomy and/or Adenoidectomy  (Adult)",,"Total","Provincial","2023","4","57","280","83","453"
"3month_rolling",,"Temperomandibular Joint Surgery (TMJ)",,"Total","Provincial","2025","2","307","643","82","291"
"2024_q3",,"Prostate Surgery",,"Zone 2","Colchester East Hants Health Centre","2024","3",,,"111","412"
"2024_q4",,"Kidney Stone Surgery",,"Zone 3","Cape Breton Regional","2024","4",,,"18","84"
"2023_q3",,"Gastrointestinal Tract Surgery - Laparoscopic",,"Total","Provincial","2023","3","23","152","29","85"
"12month_rolling","General Surgery","Hernia Repair - Umbilical","Enright, Jonathan Boyde",,,,,"216","929","120","171"
"2023_q4",,"Gastrointestinal Tract Surgery",,"Zone 4","Dartmouth General","2023","4","132","172","80","188"
"2024_q1",,"Hemorrhoidectomy",,"Zone 4","Dartmouth General","2024","1",,,"69","422"
"2025_q2",,"Ear Tubes  (Adult)",,"Zone 1","Yarmouth Regional","2025","2",,,"24","42"
"2023_q4",,"Pacemaker Insertion",,"Zone 2","Aberdeen Hospital","2023","4",,,"30","59"
"12month_rolling","Ophthalmology","All","Celo, Erdit",,,,,"36","72","50","106"
"2025_q1",,"Bowel Resection",,"Zone 4","Dartmouth General","2025","1","25","79","35","123"
"2024_q4",,"Male Circumcision  (Pediatric)",,"IWK","IWK","2024","4",,,"178","925"
"12month_rolling","Obstetrics/Gynaecology","Hysterectomy  (Cancer Not Suspected)","Nair, Cynthia",,,,,"76","229","29","64"
"2025_q1",,"Colorectal Cancer Surgery",,"Zone 4","QE2","2025","1","20","100","33","84"
"12month_rolling","Oral Maxillofacial","Maxillofacial Deformity Surgery","Robertson, Chad G",,,,,"297","448","255","552"
"12month_rolling",,"Shoulder Arthroplasty",,"Zone 4","Dartmouth General","2025","2","81","525","268","438"
"3month_rolling",,"Palmar Fascia Excision for Dupuytren's Disease",,"Zone 3","St. Martha's Regional","2025","2",,,"206","339"
"2023_q3",,"Shoulder Surgery",,"Zone 1","Valley Regional","2023","3","86","498","212","346"
"12month_rolling","Orthopaedic","Shoulder Surgery","Johnston, David G",,,,,"151","692","398","657"
"2025_q1",,"Gastrointestinal Tract Surgery",,"Zone 3","Cape Breton Regional","2025","1","47","164","22","76"
"2025_q1",,"Hip Arthroscopy",,"Zone 4","Dartmouth General","2025","1","63","232","178","289"
"2025_q1",,"Hernia Repair - Inguinal/Femoral",,"Zone 3","Cape Breton Regional","2025","1","345","727","118","602"
"3month_rolling",,"Tonsillectomy and/or Adenoidectomy  (Pediatric)",,"Zone 1","South Shore Regional","2025","2","336","436","70","272"
"12month_rolling","Obstetrics/Gynaecology","All","Salama, Hani",,,,,"25","162","57","115"
"2023_q4",,"Dental Extractions and Restorations  (Pediatric)",,"Zone 1","South Shore Regional","2023","4",,,"192","397"
"2024_q2",,"Vitreoretinal Diseases",,"Total","Provincial","2024","2","44","236","22","85"
"2023_q3",,"Kidney Stone Surgery",,"Zone 4","Dartmouth General","2023","3","72","292",,
"2024_q2",,"Esophagectomy / Esophageal Surgery",,"Total","Provincial","2024","2","25","141","43","157"
"12month_rolling","General Surgery","Hernia Repair - Umbilical","Dzierzanowski, Martin",,,,,"50","85","121","202"
"2024_q4",,"Hysteroscopy",,"Total","Provincial","2024","4","39","288","45","160"
"12month_rolling","Plastic Surgery","Breast Reconstruction","Singh, Ashvir",,,,,"78","168","115","291"
"2024_q4",,"Bladder Cancer Surgery",,"Zone 3","Cape Breton Regional","2024","4","48","185","28","101"
"12month_rolling","Vascular Surgery","All","Heisler, Benjamin",,,,,"22","189","47","152"
"2024_q2",,"Hip Replacement",,"Zone 3","Cape Breton Regional","2024","2","149","308","86","159"
"12month_rolling","General Surgery","Breast Cancer Surgery","MacFarlane, David",,,,,"11","27","31","46"
"12month_rolling","Plastic Surgery","Breast Augmentation","Nel, Corne",,,,,"133","293","157","188"
"2023_q4",,"Cardiac Valve Replacement",,"Total","Provincial","2023","4",,,"23","89"
"12month_rolling","Urology","Male Circumcision  (Pediatric)","Keefe, Daniel",,,,,"695","800","55","899"
"12month_rolling","Obstetrics/Gynaecology","Hysterectomy  (Cancer Not Suspected)","Kupfer, Nathalie",,,,,"146","1191","63","133"
"2024_q3",,"Nissen Fundoplication - Laparoscopic",,"Zone 4","QE2","2024","3","61","401","120","459"
"2023_q4",,"Hysteroscopy",,"Zone 3","Cape Breton Regional","2023","4",,,"70","135"
"2025_q1",,"Male Reproductive System Surgery",,"Zone 1","Valley Regional","2025","1",,,"111","375"
"12month_rolling","General Surgery","Gallbladder Surgery","Johnson, Kevin",,,,,"40","219","28","69"
"2024_q3",,"Tonsillectomy and/or Adenoidectomy  (Adult)",,"Total","Provincial","2024","3","55","316","56","192"
"12month_rolling","Otolaryngology (ENT)","Sinus Surgery","Chin, Christopher",,,,,"154","1532","103","169"
"2024_q4",,"Hysterectomy  (Cancer Not Suspected)",,"Zone 1","South Shore Regional","2024","4",,,"60","150"
"2023_q2",,"Cystoscopy",,"Zone 2","Colchester East Hants Health Centre","2023","2","21","137","48","378"
"12month_rolling","Dental","All","Fitzpatrick, Shannon",,,,,"125","509","184","779"
"12month_rolling","General Surgery","Gallbladder Surgery","Sahi, Chakshu",,,,,"60","151","69","106"
"2023_q4",,"Hernia Repair - Laparoscopic Incisional",,"Total","Provincial","2023","4","66","504","135","612"
"2024_q4",,"Cardiac Valve Replacement",,"Zone 4","QE2","2024","4",,,"70","124"
"2023_q3",,"Hernia Repair - Umbilical",,"Zone 1","Valley Regional","2023","3","59","428","96","509"
"2024_q2",,"Lymph Node Biopsy",,"Total","Provincial","2024","2","11","57","21","79"
"12month_rolling","Cardiac Surgery","Aneurysm Repair","Herman, Christine",,,,,,,"56","122"
"12month_rolling","Neurosurgery","Cervical Spine (Neck) Surgery","Weise, Lutz",,,,,"54","153","73","143"
"2023_q3",,"Gallbladder Surgery",,"Zone 1","Valley Regional","2023","3","22","226","44","91"
"2024_q1",,"Brain Surgery  (Adult)",,"Zone 4","QE2","2024","1","47","338","44","160"
"2023_q4",,"Prostate Surgery",,"Zone 4","Dartmouth General","2023","4","34","99","254","841"
"2025_q2",,"Hernia Repair - Laparoscopic Umbilical",,"Total","Provincial","2025","2","239","466","97","115"
"2024_q4",,"Pacemaker Insertion",,"Total","Provincial","2024","4","11","23","26","80"
"2024_q4",,"Gastrointestinal Tract Surgery",,"IWK","IWK","2024","4",,,"52","113"
"2024_q3",,"Knee Replacement - Partial",,"Zone 4","QE2","2024","3","182","217","58","100"
"2023_q2",,"Breast Cancer Surgery",,"Zone 1","Valley Regional","2023","2","18","52","36","52"
"2025_q1",,"Peritoneal Lavage or Catherization",,"Zone 4","QE2","2025","1",,,"23","45"
"2023_q4",,"Knee Scope",,"Zone 4","Hants Community Hospital","2023","4","78","159","62","265"
"2023_q2",,"Head and Neck Surgery",,"Zone 4","Dartmouth General","2023","2","39","378","106","643"
"2024_q1",,"Kidney / Upper Urinary Tract",,"Total","Provincial","2024","1","46","180","54","229"
"12month_rolling","General Surgery","Gastric Surgery - Laparoscopic","Kelly, Ryan Patrick",,,,,"464","826","133","168"
"12month_rolling","Plastic Surgery","All","Joukhadar, Nadim G",,,,,,,"111","234"
"2025_q1",,"Knee Replacement",,"Zone 4","QE2","2025","1","136","362","357","1051"
"2024_q3",,"Surgery for Hearing or Balance Problems of the Ear",,"Zone 3","Cape Breton Regional","2024","3","67","99","52","391"
"2023_q4",,"Knee Replacement Revision",,"Zone 4","Dartmouth General","2023","4",,,"33","812"
"12month_rolling","Ophthalmology","All","Tan, Alexander",,,,,"139","258","36","80"
"2023_q4",,"Hernia Repair - Umbilical",,"Zone 4","Dartmouth General","2023","4","158","315","158","295"
"12month_rolling","Urology","Cystoscopy","Rent, Kenneth",,,,,"27","58","35","98"
"2024_q4",,"Nissen Fundoplication - Laparoscopic",,"Total","Provincial","2024","4","67","308","108","583"
"2023_q2",,"Shoulder Arthroscopy",,"Zone 2","Aberdeen Hospital","2023","2","88","271","130","161"
"2024_q2",,"Laryngology and Vocal Cord Surgery",,"Zone 4","QE2","2024","2","40","166","71","807"
"12month_rolling","Orthopaedic","Knee Replacement","Dunbar, Michael J",,,,,"72","143","471","1013"
"2024_q3",,"Bowel Resection",,"Zone 3","Cape Breton Regional","2024","3","14","61","20","59"
"2024_q3",,"Hernia Repair - Umbilical",,"Total","Provincial","2024","3","92","452","96","301"
"2023_q2",,"Hysterectomy  (Cancer Suspected or Proven)",,"Zone 4","QE2","2023","2","9","51","49","72"
"2023_q2",,"Knee Scope",,"Zone 1","Valley Regional","2023","2","38","56","46","59"
"2024_q3",,"Knee Scope",,"Zone 4","QE2","2024","3","58","203","93","164"
"2024_q2",,"Ear Tubes  (Adult)",,"Total","Provincial","2024","2","115","513","26","88"
"2024_q4",,"Hip Arthroscopy",,"Total","Provincial","2024","4","66","249","184","328"
"2024_q4",,"Colorectal Cancer Surgery",,"Zone 3","Cape Breton Regional","2024","4","14","71","18","33"
"12month_rolling","General Surgery","Bariatric Surgery (for Weight Loss)","Kavanagh, Rhys",,,,,"59","91","179","246"
"3month_rolling",,"Knee Scope",,"IWK","IWK","2025","2",,,"240","438"
"2023_q4",,"Breast Cancer Surgery",,"Zone 1","South Shore Regional","2023","4","5","10","25","59"
"2025_q2",,"Tonsillectomy and/or Adenoidectomy  (Adult)",,"Total","Provincial","2025","2","37","417","102","316"
"3month_rolling",,"Female Incontinence Surgery",,"Zone 2","Colchester East Hants Health Centre","2025","2",,,"214","241"
"2025_q2",,"Kidney Removal",,"Zone 1","Valley Regional","2025","2",,,"45","69"
"12month_rolling","General Surgery","Pancreas Surgery","Livingstone, Scott",,,,,"18","22","31","79"
"2023_q2",,"Tear Duct Surgery",,"Zone 4","QE2","2023","2","249","320",,
"2024_q1",,"Bowel Resection",,"Zone 1","Valley Regional","2024","1","42","301","36","79"
"12month_rolling","Obstetrics/Gynaecology","Hysteroscopy","Lee, Winifred W",,,,,"74","148","94","130"
"12month_rolling","General Surgery","Hernia Repair - Umbilical","Lamey, Alicia",,,,,"475","608","199","418"
"2023_q3",,"Hernia Repair - Inguinal/Femoral",,"Zone 1","Yarmouth Regional","2023","3","40","105","44","81"
"3month_rolling",,"Back Surgery  (Adult)",,"IWK","IWK","2025","2",,,"688","922"
"3month_rolling",,"Kidney Removal",,"Zone 3","Cape Breton Regional","2025","2","8","73",,
"12month_rolling","Obstetrics/Gynaecology","Hysterectomy  (Cancer Not Suspected)","Willows, Karla Astrid",,,,,"15","19","28","40"
"2024_q3",,"Bowel Resection",,"Zone 2","Aberdeen Hospital","2024","3",,,"23","39"
"12month_rolling","General Surgery","Hernia Repair  (Pediatric)","Mills, Jessica Louise",,,,,"78","112","53","136"
"2025_q1",,"Hernia Repair  (Adult)",,"Zone 4","Hants Community Hospital","2025","1","232","499","87","165"
"2023_q2",,"Lung Surgery",,"Total","Provincial","2023","2","23","45","32","83"
"12month_rolling","Dental","Dental Extractions and Restorations  (Adult)","Dietrich, Lindsay",,,,,,,"204","343"
"2023_q3",,"Melanoma Excision",,"Total","Provincial","2023","3","14","32","28","48"
"2024_q4",,"Removal of Ovaries and/or Fallopian Tubes  (Cancer Not Suspected)",,"Zone 3","St. Martha's Regional","2024","4","254","306","74","134"
"3month_rolling",,"Hernia Repair  (Adult)",,"Zone 4","Hants Community Hospital","2025","2","193","461","43","151"
"12month_rolling","General Surgery","Bowel Resection - Open","Kenyon, Chris",,,,,"39","175","47","552"
"12month_rolling","Cardiac Surgery","Coronary Artery Bypass Graft","Herman, Christine",,,,,,,"44","79"
"2025_q2",,"Male Circumcision  (Adult)",,"Total","Provincial","2025","2","173","434","91","200"
"2025_q1",,"Manipulation of Extremity",,"Total","Provincial","2025","1",,,"8","49"
"2023_q2",,"Surgery for Hearing or Balance Problems of the Ear",,"Zone 1","Yarmouth Regional","2023","2","95","175","47","79"
"2023_q2",,"Hernia Repair  (Adult)",,"Zone 4","Dartmouth General","2023","2","182","470","124","232"
"12month_rolling","Otolaryngology (ENT)","Tonsillectomy and/or Adenoidectomy  (Pediatric)","Williams, Blair",,,,,"92","132","204","313"
"2024_q3",,"Ear Tubes  (Pediatric)",,"Total","Provincial","2024","3","94","258","92","169"
"2023_q3",,"Ear Tubes  (Adult)",,"Zone 1","Yarmouth Regional","2023","3",,,"45","102"
"2023_q2",,"Surgery for Hearing or Balance Problems of the Ear",,"Zone 4","QE2","2023","2","127","400","344","963"
"2024_q1",,"Removal of Ovaries and/or Fallopian Tubes  (Cancer Not Suspected)",,"Zone 3","Cape Breton Regional","2024","1","84","240","84","456"
"12month_rolling","Otolaryngology (ENT)","All","Scott, John",,,,,"99","225","102","171"
"12month_rolling","Orthopaedic","All","Oxner, William",,,,,"101","686","76","131"
"2023_q3",,"Orthopaedic Trauma",,"Zone 4","QE2","2023","3",,,"77","143"
"2025_q1",,"Hysteroscopy",,"Zone 3","St. Martha's Regional","2025","1","30","633","78","127"
"2024_q3",,"Breast Reconstruction",,"Total","Provincial","2024","3","139","258","85","756"
"2023_q4",,"Breast Reconstruction",,"Zone 4","QE2","2023","4","39","410","53","306"
"2024_q4",,"Peritoneal Lavage or Catherization",,"Total","Provincial","2024","4",,,"20","30"
"12month_rolling","Plastic Surgery","Carpal Tunnel Surgery","Hayden, David",,,,,"106","177","80","110"
"2023_q2",,"Bone / Cartilage Graft",,"Total","Provincial","2023","2","63","236","145","313"
"12month_rolling",,"Sternotomy / Thoracotomy",,"Zone 4","QE2","2025","2","15","45","18","54"
"12month_rolling","General Surgery","Insertion Vascular Access Catheter","Murphy, Christopher",,,,,"3","4","12","35"
"2024_q4",,"Cataract Surgery",,"Zone 1","Yarmouth Regional","2024","4","316","499","70","134"
"2023_q4",,"Hysterectomy  (Cancer Not Suspected)",,"IWK","IWK","2023","4","225","461","181","367"
"2025_q2",,"Tendon / Ligament Repair",,"Zone 4","QE2","2025","2","70","572","47","169"
"2024_q2",,"Bariatric Surgery (for Weight Loss)",,"Zone 4","QE2","2024","2","78","137","247","539"
"2024_q2",,"Carpal Tunnel Surgery",,"Zone 1","South Shore Regional","2024","2","70","957","114","238"
"2024_q4",,"AV Fistula Creation/Closure",,"Zone 4","QE2","2024","4",,,"29","42"
"12month_rolling","Obstetrics/Gynaecology","Hysteroscopy","Smith, Anita",,,,,"24","31","35","77"
"2023_q4",,"Spinal Cord Stimulation Surgery",,"Total","Provincial","2023","4",,,"109","184"
"2024_q1",,"Dental Extractions and Restorations  (Pediatric)",,"Zone 3","Inverness Consolidated Memorial","2024","1","90","245","96","231"
"2024_q2",,"Glaucoma (Eye Pressure Lowering Surgery)",,"Total","Provincial","2024","2","35","630","20","71"
"12month_rolling","General Surgery","Gastrointestinal Tract Surgery","Mills, Jessica Louise",,,,,,,"51","83"
"12month_rolling","Oral Maxillofacial","All","Bourget, Louis",,,,,"32","148","57","89"
"2023_q3",,"Male Circumcision  (Pediatric)",,"IWK","IWK","2023","3",,,"197","1052"
"12month_rolling",,"Hand / Upper Extremity",,"Zone 3","St. Martha's Regional","2025","2","74","154","101","143"
"2024_q1",,"Hernia Repair - Umbilical",,"IWK","IWK","2024","1",,,"323","347"
"12month_rolling","Urology","Peritoneal Lavage or Catherization","McGregor, Thomas",,,,,"16","37","29","36"
"12month_rolling","General Surgery","Bowel Resection","Spence, Richard",,,,,"23","48","35","113"
"2024_q4",,"Dental Extractions and Restorations  (Pediatric)",,"Total","Provincial","2024","4","117","364","131","449"
"12month_rolling","General Surgery","Pacemaker Insertion","Joy, Edward",,,,,"13","30","17","19"
"12month_rolling",,"Hip Replacement - Partial",,"Total","Provincial","2025","2",,,,
"2023_q2",,"Bladder Cancer Surgery",,"Zone 3","Cape Breton Regional","2023","2","72","155","35","98"
"12month_rolling","Urology","Bladder Cancer Surgery","Moore, Jonathan Peter",,,,,"50","105","41","90"
"2023_q2",,"Cataract Surgery",,"Zone 1","Yarmouth Regional","2023","2","149","216","200","256"
"2025_q1",,"Brain Surgery  (Adult)",,"Zone 4","QE2","2025","1","44","224","34","133"
"3month_rolling",,"Carotid Endarterectomy",,"Zone 4","QE2","2025","2","7","28","6","14"
"3month_rolling",,"Functional Endoscopic Sinus Surgery (FESS)",,"Zone 3","Cape Breton Regional","2025","2","46","60","108","369"
"2024_q2",,"Bowel Resection - Laparoscopic",,"Zone 1","Valley Regional","2024","2","24","112","49","95"
"12month_rolling","Orthopaedic","Carpal Tunnel Surgery","Tucker, Allison",,,,,"154","225","36","148"
"12month_rolling","General Surgery","All","Yaffe, Paul",,,,,"135","487","75","156"
"12month_rolling","Ophthalmology","Glaucoma (Eye Pressure Lowering Surgery)","Shuba, Lesya",,,,,"48","713","9","64"
"2025_q2",,"Septoplasty",,"Total","Provincial","2025","2","91","628","139","406"
"12month_rolling","General Surgery","Hemorrhoidectomy","Jad, Ahmed",,,,,"223","345","83","277"
"12month_rolling","Orthopaedic","Foot - Bunionectomy","Burgesson, Bernard",,,,,"506","574","32","84"
"12month_rolling","Otolaryngology (ENT)","Surgery for Hearing or Balance Problems of the Ear","Wasl, Hisham Ali",,,,,"63","90","83","434"
"12month_rolling","Thoracic Surgery","Video-Assisted Thoracic Surgery","French, Daniel Gerard",,,,,"18","43","33","68"
"12month_rolling",,"Hysteroscopy",,"Zone 1","South Shore Regional","2025","2","36","370","43","103"
"2024_q3",,"Prostate Cancer Surgery",,"Zone 4","QE2","2024","3","34","153","160","242"
"12month_rolling","Ophthalmology","All","Dickinson, John D",,,,,"24","97","23","117"
"3month_rolling",,"Dental Extractions and Restorations  (Adult)",,"Zone 4","Dartmouth General","2025","2",,,"50","72"
"2024_q3",,"Removal of Ovaries and/or Fallopian Tubes  (Cancer Suspected or Proven)",,"Total","Provincial","2024","3","21","42","46","92"
"2024_q4",,"Male Circumcision  (Adult)",,"Zone 1","Valley Regional","2024","4",,,"218","1118"
"2024_q3",,"Thyroid or Parathyroid Surgery",,"Zone 4","Dartmouth General","2024","3","43","75","64","294"
"12month_rolling","Obstetrics/Gynaecology","Hysterectomy  (Cancer Not Suspected)","Salama, Hani",,,,,"41","50","65","115"
"2024_q1",,"Surgery for Hearing or Balance Problems of the Ear",,"Zone 4","QE2","2024","1","149","368","57","833"
"2024_q2",,"Knee Scope",,"Zone 1","Valley Regional","2024","2","27","408","73","227"
"12month_rolling","Otolaryngology (ENT)","Thyroid or Parathyroid Surgery","Fung, Elaine",,,,,"38","53","131","366"
"2024_q1",,"Surgery for Hearing or Balance Problems of the Ear",,"Zone 1","Valley Regional","2024","1","101","405","85","214"
"3month_rolling",,"Bowel Resection",,"Zone 1","South Shore Regional","2025","2","18","35","22","34"
"12month_rolling","General Surgery","Bowel Resection - Open","Neumann, Katerina",,,,,"114","413","71","103"
"12month_rolling",,"Gastric Surgery",,"IWK","IWK","2025","2","32","110","40","133"
"2023_q4",,"Cataract Surgery",,"Zone 3","St. Martha's Regional","2023","4","101","229","51","164"
"2023_q2",,"Hernia Repair - Inguinal/Femoral",,"Zone 3","St. Martha's Regional","2023","2","59","98","139","279"
"12month_rolling",,"Pilonidal Cyst Surgery",,"Zone 2","Aberdeen Hospital","2025","2","149","379","68","269"
"2025_q2",,"Hysterectomy  (Cancer Not Suspected)",,"Zone 3","Cape Breton Regional","2025","2","88","331","159","313"
"2025_q1",,"Hip Replacement",,"Zone 4","Dartmouth General","2025","1","386","551","122","266"
"2023_q4",,"Surgery for Hearing or Balance Problems of the Ear",,"IWK","IWK","2023","4","99","256","99","201"
"2023_q4",,"Aneurysm Repair",,"Total","Provincial","2023","4","126","348","20","112"
"12month_rolling","General Surgery","Whipple Procedures","Gala Lopez, Boris",,,,,"14","27","30","57"
"2025_q1",,"Hip Replacement",,"Zone 3","Cape Breton Regional","2025","1","155","314","50","122"
"12month_rolling","General Surgery","Hernia Repair  (Adult)","Lamey, Alicia",,,,,"430","608","142","418"
"12month_rolling","Cardiac Surgery","Cardiac Valve Replacement","Wood, Jeremy R",,,,,,,"59","86"
"2024_q1",,"Hernia Repair - Inguinal/Femoral",,"Zone 4","Hants Community Hospital","2024","1","156","410","52","324"
"12month_rolling","Ophthalmology","All","Samad, Arif",,,,,"1","1","17","225"
"2024_q3",,"Cardiac Valve Replacement",,"Total","Provincial","2024","3",,,"51","147"
"12month_rolling","General Surgery","Colorectal Cancer Surgery","Stewart, Riley",,,,,"12","54","31","87"
"2024_q2",,"Hernia Repair  (Adult)",,"Zone 1","Valley Regional","2024","2","29","427","79","189"
"3month_rolling","Neurosurgery",,,,,"2025","2",,,"47","136"
"12month_rolling","Orthopaedic","All","Ferguson, Devin",,,,,"78","295","80","140"
"2024_q2",,"Prostate Surgery",,"Zone 2","Colchester East Hants Health Centre","2024","2",,,"324","531"
"2024_q3",,"Cardiac Valve Replacement",,"Zone 4","QE2","2024","3",,,"51","147"
"12month_rolling",,"Hernia Repair - Inguinal/Femoral",,"Zone 4","Hants Community Hospital","2025","2","232","289","40","125"
"2024_q1",,"Lymph Node Biopsy",,"Zone 4","QE2","2024","1","17","57","26","43"
"2024_q4",,"Gallbladder Surgery",,"Zone 4","Dartmouth General","2024","4","69","476","91","246"
"2024_q1",,"Carpal Tunnel Surgery",,"Zone 2","Aberdeen Hospital","2024","1","37","130","56","168"
"12month_rolling","Urology","Bladder Cancer Surgery","Duplisea, Jonathan",,,,,"26","77","39","132"
"2024_q2",,"Functional Endoscopic Sinus Surgery (FESS)",,"Zone 4","Dartmouth General","2024","2","88","160","94","177"
"2023_q3",,"Gastrointestinal Tract Surgery",,"IWK","IWK","2023","3",,,"95","124"
"2024_q4",,"Hernia Repair - Inguinal/Femoral",,"IWK","IWK","2024","4",,,"72","204"
"12month_rolling","General Surgery","Gallbladder Surgery","Watson-Jessome, Jane",,,,,"30","70","30","75"
"12month_rolling","Urology","Prostate Cancer Surgery","Butler, Trevor",,,,,,,"66","76"
"2024_q1",,"Gallbladder Surgery",,"Zone 3","Cape Breton Regional","2024","1","67","382","52","266"
"2023_q4",,"Female Incontinence Surgery",,"Total","Provincial","2023","4","175","640","118","331"
"2024_q3",,"Pacemaker Insertion",,"Total","Provincial","2024","3","4","34","32","109"
"2024_q4",,"Bariatric Surgery (for Weight Loss)",,"Total","Provincial","2024","4","121","207","195","278"
"12month_rolling",,"Bone / Cartilage Graft",,"Zone 1","South Shore Regional","2025","2","94","179","198","252"
"2024_q3",,"Carotid Endarterectomy",,"Total","Provincial","2024","3",,,"15","32"
"2024_q2",,"Knee Replacement - Partial",,"Zone 4","QE2","2024","2","157","195","60","69"
"12month_rolling","Orthopaedic","Ankle - Arthrodesis","Glazebrook, Mark A",,,,,"503","599","129","247"
"12month_rolling","General Surgery","Hemorrhoidectomy","Minor, Samuel",,,,,"100","291","187","251"
"2024_q2",,"Gallbladder Surgery",,"Zone 1","Valley Regional","2024","2","25","387","51","82"
"2024_q1",,"Aneurysm Repair",,"Zone 4","QE2","2024","1","40","335","39","120"
"2024_q2",,"Strabismus Surgery  (Pediatric)",,"Total","Provincial","2024","2",,,"244","545"
"2024_q4",,"Hernia Repair - Inguinal/Femoral",,"Zone 1","Valley Regional","2024","4","74","384","83","154"
"12month_rolling","General Surgery","All","Flor, Lior",,,,,"34","469","31","60"
"2024_q4",,"Prostate Surgery",,"Zone 1","Yarmouth Regional","2024","4",,,"88","500"
"12month_rolling","Orthopaedic","Knee Replacement Revision","Armstrong, Luke",,,,,"45","108","65","127"
"12month_rolling",,"Hernia Repair - Laparoscopic Inguinal Femoral",,"Zone 3","Cape Breton Regional","2025","2","55","219","231","695"
"2024_q3",,"Aneurysm Repair",,"Zone 4","QE2","2024","3","37","113","43","163"
"2024_q4",,"Breast Reconstruction",,"Zone 4","QE2","2024","4","372","1094","86","237"
"12month_rolling","General Surgery","Bowel Resection - Open","McGibney, Kieron",,,,,"17","17","47","47"
"2023_q3",,"Gastrointestinal Tract Surgery",,"Zone 4","QE2","2023","3","46","273","47","342"
"12month_rolling","General Surgery","Gastrointestinal Tract Surgery","Smith, Victoria",,,,,"15","37","34","78"
"12month_rolling","Thoracic Surgery",,,,,"2025","2",,,"30","104"
"2023_q2",,"Hernia Repair - Inguinal/Femoral",,"IWK","IWK","2023","2",,,"105","305"
"2023_q2",,"Lymph Node Biopsy",,"Total","Provincial","2023","2","14","36","17","67"
"2025_q2",,"Video-Assisted Thoracic Surgery",,"Total","Provincial","2025","2","31","67","25","49"
"3month_rolling",,"Bowel Resection",,"Zone 2","Aberdeen Hospital","2025","2",,,"19","43"
"2023_q4",,"Bladder Cancer Surgery",,"Zone 4","Dartmouth General","2023","4",,,"80","1188"
"2023_q3",,"Temperomandibular Joint Surgery (TMJ)",,"Zone 4","QE2","2023","3",,,"201","916"
"2025_q1",,"Hip Replacement",,"Zone 4","QE2","2025","1","336","364","74","334"
"2023_q4",,"Shoulder Arthroplasty",,"Zone 1","Valley Regional","2023","4","211","762","189","458"
"2024_q1",,"Hernia Repair - Inguinal/Femoral",,"Zone 3","St. Martha's Regional","2024","1","31","118","114","188"
"12month_rolling","General Surgery","Melanoma Excision","Giacomantonio, Carman Anthony",,,,,"21","30","34","57"
"12month_rolling","Ophthalmology","Cataract Surgery","Comstock, David",,,,,"144","187","34","64"
"3month_rolling",,"Breast Cancer Surgery",,"Zone 3","Cape Breton Regional","2025","2","8","22","13","20"
"2025_q2",,"Bowel Resection",,"Zone 3","Cape Breton Regional","2025","2","17","146","13","46"
"2025_q2",,"Hernia Repair - Umbilical",,"Total","Provincial","2025","2","101","487","72","195"
"2023_q2",,"Prostate Surgery",,"Zone 1","Yarmouth Regional","2023","2",,,"67","224"
"12month_rolling","Plastic Surgery","Orthopaedic Trauma","Hayden, David",,,,,"2","21","2","6"
"3month_rolling",,"Ear Tubes  (Pediatric)",,"Zone 1","Valley Regional","2025","2","273","324","134","228"
"12month_rolling","Orthopaedic","Hand / Upper Extremity","Hewins, Edward",,,,,"10","14","180","400"
"2025_q1",,"Gastrointestinal Tract Surgery - Laparoscopic",,"Total","Provincial","2025","1","22","168","34","123"
"2023_q3",,"Male Circumcision  (Adult)",,"Total","Provincial","2023","3","87","243","102","462"
"2024_q2",,"Hernia Repair  (Adult)",,"Zone 3","St. Martha's Regional","2024","2","25","70","140","265"
"2023_q2",,"Manipulation of Extremity",,"Total","Provincial","2023","2",,,"25","76"
"2025_q1",,"Kidney Removal",,"Zone 1","Valley Regional","2025","1",,,"37","55"
"2024_q3",,"Prostatectomy",,"Zone 4","QE2","2024","3","37","153","160","242"
"2024_q3",,"Hernia Repair - Incisional",,"Zone 1","Valley Regional","2024","3","337","1090","99","134"
"12month_rolling","Neurosurgery","Craniotomy or Craniectomy","McNeely, P Daniel",,,,,,,"20","74"
"2024_q1",,"Cornea and External Disease",,"Total","Provincial","2024","1","71","203","185","452"
"2023_q2",,"Hernia Repair - Inguinal/Femoral",,"Zone 2","Aberdeen Hospital","2023","2","93","297",,
"2024_q3",,"Temperomandibular Joint Surgery (TMJ)",,"Total","Provincial","2024","3","156","716","91","478"
"2024_q1",,"Sinus Surgery",,"Total","Provincial","2024","1","74","332","29","295"
"12month_rolling",,"Bowel Resection - Laparoscopic",,"Zone 4","QE2","2025","2","30","234","41","247"
"2023_q4",,"Hysteroscopy",,"Zone 1","Yarmouth Regional","2023","4","57","90","36","68"
"2023_q2",,"Ear Tubes  (Adult)",,"Total","Provincial","2023","2","119","175","50","135"
"12month_rolling","Obstetrics/Gynaecology","Hysteroscopy","Coolen, Anna",,,,,"41","147","44","119"
"12month_rolling","Urology","All","Bailly, Greg G",,,,,"67","130","74","205"
"3month_rolling",,"Hernia Repair  (Adult)",,"Zone 2","Cumberland Regional","2025","2","83","214","41","74"
"2024_q2",,"Tonsillectomy and/or Adenoidectomy  (Pediatric)",,"Total","Provincial","2024","2","115","354","161","351"
"2024_q4",,"Cystoscopy",,"Zone 3","Cape Breton Regional","2024","4","31","129","29","147"
"12month_rolling","Cardiac Surgery","Cardiac Valve Replacement","Baskett, Roger J",,,,,,,"60","134"
"2023_q2",,"Bowel Resection - Open",,"Zone 1","Yarmouth Regional","2023","2",,,"44","90"
"2024_q3",,"Palmar Fascia Excision for Dupuytren's Disease",,"Zone 1","South Shore Regional","2024","3","126","259","87","282"
"2023_q3",,"Sinus Surgery",,"Total","Provincial","2023","3","124","226","49","298"
"12month_rolling","Urology","All","Morris, Heather",,,,,"15","86","43","91"
"12month_rolling","Plastic Surgery","Palmar Fascia Excision for Dupuytren's Disease","Paletz, Justin L",,,,,"194","856","48","180"
"12month_rolling",,"Orthopaedic Trauma",,"Zone 1","Valley Regional","2025","2","17","88","59","144"
"2023_q2",,"Ear Tubes  (Pediatric)",,"Total","Provincial","2023","2","85","168","76","124"
"2024_q2",,"Surgery for Hearing or Balance Problems of the Ear",,"Zone 3","Cape Breton Regional","2024","2","38","73","30","396"
"12month_rolling",,"Hernia Repair - Umbilical",,"Zone 1","South Shore Regional","2025","2","56","144","56","137"
"2023_q2",,"Breast Reconstruction",,"Total","Provincial","2023","2","43","128","110","782"
"2023_q3",,"Pancreas Surgery",,"Zone 4","QE2","2023","3","14","64","36","64"
"2025_q2",,"Knee Scope",,"Zone 1","Valley Regional","2025","2","15","112","91","182"
"2024_q4",,"Prostate Surgery",,"Zone 3","Northside General","2024","4",,,"34","135"
"12month_rolling","General Surgery","Varicose Veins","Wasserman, Lukas",,,,,"160","259","236","395"
"2023_q2",,"Lung Cancer Surgery",,"Zone 4","QE2","2023","2","23","46","34","83"
"2023_q3",,"Breast Cancer Surgery",,"Zone 2","Colchester East Hants Health Centre","2023","3","10","16","25","44"
"12month_rolling","Obstetrics/Gynaecology","Removal of Ovaries and/or Fallopian Tubes  (Cancer Not Suspected)","Joshi, Changulanda",,,,,"318","454","100","177"
"12month_rolling","Obstetrics/Gynaecology","All","Rudd, Michael W",,,,,"124","766","69","302"
"2023_q2",,"Brain Surgery  (Adult)",,"Zone 4","QE2","2023","2","35","344","54","170"
"3month_rolling",,"Pelvic Floor Repair",,"Zone 3","Cape Breton Regional","2025","2",,,"71","502"
"12month_rolling","Ophthalmology","All","Pollmann, Andre",,,,,"61","127","34","127"
"2023_q3",,"AV Fistula Creation/Closure",,"Zone 4","QE2","2023","3",,,"14","20"
"12month_rolling","Orthopaedic","Knee Replacement Revision","Richardson, Christopher Glen",,,,,"36","53","82","462"
"12month_rolling","Neurosurgery",,,,,"2025","2",,,"48","186"
"2024_q4",,"Aneurysm Repair",,"Total","Provincial","2024","4","16","96","45","99"
"2024_q2",,"Ear Tubes  (Adult)",,"Zone 1","Yarmouth Regional","2024","2",,,"21","40"
"12month_rolling","General Surgery","Gastrointestinal Tract Surgery","Shih, Warren W",,,,,"52","196","94","359"
"12month_rolling","General Surgery","AV Fistula Creation/Closure","Livingstone, Scott",,,,,"19","34","18","48"
"12month_rolling","Obstetrics/Gynaecology","All","Scott, Stephanie",,,,,"15","38","30","61"
"2024_q4",,"Esophagectomy / Esophageal Surgery",,"Zone 4","QE2","2024","4","14","85","30","230"
"2025_q2",,"Insertion Vascular Access Catheter",,"Total","Provincial","2025","2","8","15","9","54"
"2025_q2",,"Bowel Resection - Laparoscopic",,"Zone 4","Dartmouth General","2025","2","18","98","28","80"
"2025_q2",,"Cystoscopy",,"Zone 1","Yarmouth Regional","2025","2","43","314","36","104"
"2023_q4",,"Pelvic Floor Repair",,"Zone 2","Colchester East Hants Health Centre","2023","4","169","867",,
"2023_q3",,"Bladder Cancer Surgery",,"Zone 1","South Shore Regional","2023","3",,,"32","56"
"2023_q2",,"Prostate Surgery",,"Zone 3","Northside General","2023","2",,,"21","36"
"2025_q2",,"Gastrointestinal Tract Surgery",,"Zone 1","South Shore Regional","2025","2","31","68","29","43"
"12month_rolling",,"Gastrointestinal Tract Surgery",,"Zone 3","St. Martha's Regional","2025","2","27","101","122","364"
"12month_rolling","Orthopaedic","Shoulder Arthroplasty","McNeil, Daniel",,,,,"92","185","192","231"
"12month_rolling","Oral Maxillofacial","Dental Extractions and Restorations  (Adult)","Ross, Ian W",,,,,"181","264","55","143"
"2025_q2",,"Hysterectomy  (Cancer Suspected or Proven)",,"Total","Provincial","2025","2","21","46","26","56"
"12month_rolling","Ophthalmology","All","Rogers, Jamie",,,,,"153","263","110","155"
"2023_q4",,"Gallbladder Surgery",,"Zone 4","Hants Community Hospital","2023","4","43","137","40","102"
"2023_q2",,"Male Circumcision  (Adult)",,"Zone 1","Valley Regional","2023","2",,,"96","115"
"12month_rolling","Orthopaedic","All","Howatt, Jonathan",,,,,"388","485","309","614"
"2024_q3",,"Hip Replacement",,"Zone 2","Aberdeen Hospital","2024","3","75","358","97","268"
"3month_rolling",,"Shoulder Arthroscopy",,"Zone 4","Hants Community Hospital","2025","2","58","90","71","381"
"12month_rolling","Obstetrics/Gynaecology","All","Bentley, James R",,,,,"16","32","27","52"
"2024_q4",,"Cataract Surgery",,"Zone 1","Soldiers Memorial","2024","4","76","161","36","76"
"2023_q3",,"Tear Duct Surgery",,"Zone 4","QE2","2023","3","193","372",,
"2025_q1",,"Cornea and External Disease",,"Zone 4","QE2","2025","1","91","281","114","302"
"2024_q2",,"Tendon / Ligament Repair",,"Zone 4","QE2","2024","2","90","419","66","171"
"3month_rolling",,"Breast Cancer Surgery",,"Zone 2","Aberdeen Hospital","2025","2","6","8","17","23"
"2024_q3",,"Kidney Removal",,"Zone 4","QE2","2024","3","13","54","87","182"
"12month_rolling","General Surgery","Male Reproductive System Surgery","Blackmore, Christopher",,,,,"58","97","40","87"
"2023_q4",,"Hernia Repair  (Adult)",,"Total","Provincial","2023","4","49","283","84","300"
"2024_q4",,"Hernia Repair - Inguinal/Femoral",,"Zone 4","QE2","2024","4","105","270","71","114"
"12month_rolling","Orthopaedic","Meniscectomy","Coady, Catherine M",,,,,,,"180","353"
"2024_q1",,"Dental Extractions and Restorations  (Adult)",,"IWK","IWK","2024","1",,,"331","795"
"12month_rolling",,"Hernia Repair - Laparoscopic Inguinal Femoral",,"Zone 4","Hants Community Hospital","2025","2","463","635","90","246"
"12month_rolling","Ophthalmology","Lacrimal Duct Probing","Promelle, Veronique",,,,,"102","112","49","73"
"2024_q2",,"Kidney Removal",,"Total","Provincial","2024","2","13","54","51","145"
"12month_rolling","General Surgery","Hernia Repair - Laparoscopic Inguinal Femoral","Kelly, Ryan Patrick",,,,,"230","854","118","990"
"2023_q2",,"Cataract Surgery",,"Zone 1","Soldiers Memorial","2023","2","30","69","117","214"
"2023_q2",,"Hip Replacement",,"Zone 3","Cape Breton Regional","2023","2","119","176","66","258"
"12month_rolling","General Surgery","Insertion Vascular Access Catheter","Smith, Victoria",,,,,"8","18","6","9"
"12month_rolling","Ophthalmology","Cataract Surgery","Gupta, Rudra Rishi",,,,,"68","162","83","136"
"2023_q3",,"Lung Surgery",,"Total","Provincial","2023","3","26","54","43","108"
"2024_q2",,"Ear Tubes  (Pediatric)",,"Zone 3","St. Martha's Regional","2024","2","52","84","20","41"
"2024_q1",,"Cervical Spine (Neck) Surgery",,"Total","Provincial","2024","1","59","273","107","435"
"2023_q4",,"Kidney Removal",,"Total","Provincial","2023","4","18","65","51","103"
"12month_rolling",,"Hernia Repair - Laparoscopic Inguinal Femoral",,"Zone 4","QE2","2025","2","407","525","89","301"
"3month_rolling","Obstetrics/Gynaecology",,,,,"2025","2",,,"52","243"
"12month_rolling",,"Hernia Repair - Inguinal/Femoral",,"Zone 1","Valley Regional","2025","2","51","395","82","186"
"3month_rolling",,"Knee Scope",,"Zone 4","Dartmouth General","2025","2","73","219","87","231"
"2024_q1",,"Thyroid or Parathyroid Surgery",,"Total","Provincial","2024","1","56","263","75","421"
"2024_q2",,"Gastrointestinal Tract Surgery - Laparoscopic",,"Zone 1","Valley Regional","2024","2","26","117","54","95"
"2024_q3",,"Hernia Repair - Laparoscopic Inguinal Femoral",,"Zone 2","Aberdeen Hospital","2024","3","29","101",,
"12month_rolling","Dental","Dental Extractions and Restorations  (Pediatric)","Doyle, Tracy",,,,,"109","648","177","757"
"2025_q1",,"Gallbladder Surgery",,"Zone 4","QE2","2025","1","41","116","51","183"
"2023_q3",,"Strabismus Surgery  (Pediatric)",,"IWK","IWK","2023","3",,,"201","295"
"12month_rolling","Plastic Surgery","Breast Reconstruction","LeBlanc, Martin",,,,,"33","441","45","85"
"12month_rolling","Orthopaedic","Knee Scope with ACL Repair","Rayes, Johnny",,,,,"32","159","62","123"
"2025_q1",,"Carpal Tunnel Surgery",,"Zone 4","Hants Community Hospital","2025","1",,,"39","181"
"2023_q4",,"Hernia Repair - Incisional",,"Zone 4","QE2","2023","4","49","356","109","299"
"12month_rolling","General Surgery","Hernia Repair - Incisional","Nader, Nabil",,,,,"48","49","36","71"
"2023_q2",,"Male Circumcision  (Pediatric)",,"Total","Provincial","2023","2",,,"247","374"
"2023_q3",,"Prostate Cancer Surgery",,"Zone 4","QE2","2023","3","21","48","138","218"
"2023_q4",,"Orthopaedic Trauma",,"Zone 4","QE2","2023","4",,,"64","165"
"3month_rolling",,"Carpal Tunnel Surgery",,"Zone 4","Hants Community Hospital","2025","2",,,"32","111"
"2024_q3",,"Gallbladder Surgery",,"Zone 4","QE2","2024","3","39","99","49","120"
"2025_q2",,"Cystoscopy",,"Zone 3","Northside General","2025","2",,,"139","433"
"12month_rolling","Vascular Surgery","Amputations","McDonald, Joey",,,,,"3","3","11","21"
"3month_rolling",,"Cardiac Valve Replacement",,"Zone 4","QE2","2025","2",,,"57","84"
"12month_rolling",,"Hernia Repair - Laparoscopic Inguinal Femoral",,"Zone 3","Glace Bay","2025","2",,,"143","214"
"2024_q2",,"Thyroid or Parathyroid Surgery",,"Zone 2","Cumberland Regional","2024","2","62","134","63","382"
"2025_q2",,"Bone / Cartilage Graft",,"Total","Provincial","2025","2","44","373","168","234"
"2025_q2",,"Hernia Repair  (Adult)",,"Zone 2","Aberdeen Hospital","2025","2","128","481","106","204"
"12month_rolling","Ophthalmology","Lacrimal Duct Probing","Hussain, Ahsen Ayyaz",,,,,"169","350","223","475"
"12month_rolling","General Surgery","Hernia Repair - Incisional","Watson-Jessome, Jane",,,,,"67","316","107","161"
"2024_q2",,"Cardiac Valve Replacement",,"Zone 4","QE2","2024","2",,,"52","139"
"2025_q1",,"Cystoscopy",,"IWK","IWK","2025","1",,,"81","190"
"2024_q4",,"Hernia Repair - Inguinal/Femoral",,"Zone 2","Cumberland Regional","2024","4","34","118","57","98"
"2025_q2",,"Cardiac Valve Replacement",,"Total","Provincial","2025","2",,,"57","84"
"2025_q2",,"Hysterectomy  (Cancer Not Suspected)",,"Zone 1","Valley Regional","2025","2","385","661","58","352"
"12month_rolling",,"Gastrointestinal Tract Surgery",,"Zone 1","Valley Regional","2025","2","60","502","62","148"
"2023_q2",,"Carotid Endarterectomy",,"Total","Provincial","2023","2",,,"15","76"
"12month_rolling","Orthopaedic","Hip Replacement","Leighton, Ross K",,,,,"103","364","275","624"
"2024_q3",,"Hernia Repair - Laparoscopic Inguinal Femoral",,"Zone 3","St. Martha's Regional","2024","3","45","158","228","293"
"2023_q2",,"Palmar Fascia Excision for Dupuytren's Disease",,"Zone 4","QE2","2023","2","148","500","74","232"
"2024_q2",,"Pacemaker Insertion",,"Total","Provincial","2024","2","7","10","20","106"
"12month_rolling",,"Meniscectomy",,"Zone 4","QE2","2025","2",,,"203","358"
"2023_q2",,"Gallbladder Surgery",,"Zone 4","Dartmouth General","2023","2","39","372","76","169"
"2023_q3",,"Bowel Resection",,"Zone 3","Cape Breton Regional","2023","3","23","121","21","37"
"2024_q1",,"Knee Replacement - Partial",,"Zone 4","QE2","2024","1","136","182","204","323"
"2024_q2",,"Kidney Stone Surgery",,"Zone 2","Colchester East Hants Health Centre","2024","2","17","218","69","131"
"2023_q3",,"Hernia Repair - Umbilical",,"Total","Provincial","2023","3","84","463","78","407"
"2024_q2",,"Shoulder Surgery",,"Zone 1","Valley Regional","2024","2","176","519","244","327"
"2023_q4",,"Colorectal Cancer Surgery",,"Zone 1","Valley Regional","2023","4",,,"34","40"
"12month_rolling","General Surgery","Colorectal Cancer Surgery","Drohan, Ashley",,,,,"15","174","40","77"
"2024_q1",,"Glaucoma (Eye Pressure Lowering Surgery)",,"Zone 4","QE2","2024","1","31","219","21","74"
"2025_q1",,"Hernia Repair  (Adult)",,"Zone 1","Yarmouth Regional","2025","1","60","98","63","112"
"2024_q2",,"Brain Surgery  (Adult)",,"Zone 4","QE2","2024","2","56","175","41","223"
"12month_rolling","Urology","All","Keefe, Daniel",,,,,"173","800","198","708"
"2025_q2",,"Functional Endoscopic Sinus Surgery (FESS)",,"Zone 1","Valley Regional","2025","2",,,"342","378"
"2025_q1",,"Gallbladder Surgery",,"Zone 1","Valley Regional","2025","1","55","720","56","345"
"2023_q2",,"Prostatectomy",,"Total","Provincial","2023","2","27","55","117","183"
"2023_q4",,"Hysteroscopy",,"IWK","IWK","2023","4","51","282","45","143"
"12month_rolling","Obstetrics/Gynaecology","All","Joshi, Changulanda",,,,,"68","485","64","191"
"12month_rolling","General Surgery","Bowel Resection - Open","MacDonald, Blair",,,,,"85","175","23","112"
"2024_q4",,"Shoulder Arthroscopy",,"Zone 3","Cape Breton Regional","2024","4","75","273","73","127"
"2024_q1",,"Hysterectomy  (Cancer Not Suspected)",,"Zone 4","QE2","2024","1",,,"39","58"
"2025_q1",,"Vitreoretinal Diseases",,"Total","Provincial","2025","1","34","118","22","71"
"2024_q2",,"Gastric Surgery - Laparoscopic",,"Total","Provincial","2024","2","62","332","135","991"
"2025_q2",,"Dental Extractions and Restorations  (Pediatric)",,"Zone 3","St. Martha's Regional","2025","2","44","175","95","201"
"12month_rolling","General Surgery","Hernia Repair  (Adult)","Enright, Jonathan Boyde",,,,,"250","929","88","192"
"2024_q2",,"Endarterectomy",,"Zone 4","QE2","2024","2",,,"18","115"
"3month_rolling",,"Back Surgery  (Adult)",,"Total","Provincial","2025","2","118","566","94","211"
"2024_q2",,"Liver Surgery",,"Zone 4","QE2","2024","2","14","32","26","46"
"12month_rolling",,"Foot - Arthrodesis",,"Zone 3","Cape Breton Regional","2025","2","54","161","129","331"
"2023_q3",,"Surgery for Hearing or Balance Problems of the Ear",,"IWK","IWK","2023","3","105","184","96","203"
"12month_rolling",,"Laryngology and Vocal Cord Surgery",,"Zone 4","QE2","2025","2","41","105","45","354"
"2025_q2",,"Bowel Resection - Laparoscopic",,"Zone 3","Cape Breton Regional","2025","2","17","146","13","35"
"3month_rolling",,"Cataract Surgery",,"Zone 3","Cape Breton Regional","2025","2","55","162","48","100"
"2024_q1",,"Breast Reduction Surgery",,"Zone 3","St. Martha's Regional","2024","1","84","129",,
"2024_q3",,"Hysteroscopy",,"Zone 3","Cape Breton Regional","2024","3",,,"115","180"
"2023_q3",,"Knee Scope",,"Zone 1","Valley Regional","2023","3","43","78","17","50"
"12month_rolling","Otolaryngology (ENT)","Ear Tubes  (Pediatric)","Wasl, Hisham Ali",,,,,"60","91","37","166"
"12month_rolling","General Surgery","Pacemaker Insertion","O'Sullivan, Colleen M",,,,,"6","34","58","109"
"12month_rolling","Urology","Prostatectomy","Mason, Ross",,,,,"36","78","123","225"
"12month_rolling","Oral Maxillofacial","Dental Extractions and Restorations  (Pediatric)","Ross, Ian W",,,,,"129","194","37","50"
"3month_rolling",,"Colorectal Cancer Surgery",,"Zone 4","Dartmouth General","2025","2","12","50","23","31"
"2024_q1",,"Prostate Surgery",,"Zone 2","Colchester East Hants Health Centre","2024","1",,,"309","573"
"2024_q1",,"Breast Cancer Surgery",,"Zone 3","Cape Breton Regional","2024","1","7","25","19","39"
"2023_q2",,"Pelvic Floor Repair",,"IWK","IWK","2023","2","370","669","77","125"
"2023_q4",,"Knee Replacement Revision",,"Zone 4","QE2","2023","4",,,"89","129"
"2024_q2",,"Male Circumcision  (Adult)",,"Total","Provincial","2024","2","90","405","123","349"
"2024_q1",,"Manipulation of Extremity",,"Total","Provincial","2024","1",,,"20","62"
"12month_rolling","Dental","All","James, Lindsay",,,,,"125","490","144","685"
"2023_q3",,"Hysteroscopy",,"Zone 1","Yarmouth Regional","2023","3","32","63","45","91"
"3month_rolling",,"Dental Extractions and Restorations  (Pediatric)",,"Zone 1","South Shore Regional","2025","2",,,"55","156"
"2024_q1",,"Dental Extractions and Restorations  (Pediatric)",,"IWK","IWK","2024","1","70","403","177","801"
"12month_rolling","Otolaryngology (ENT)","Surgery for Hearing or Balance Problems of the Ear","Scott, John",,,,,"178","178","33","135"
"12month_rolling","Orthopaedic","Knee Replacement","Dodd, Faith",,,,,"125","264","72","143"
"12month_rolling",,"Pancreas Surgery",,"Total","Provincial","2025","2","15","34","31","69"
"2024_q3",,"Cystoscopy",,"Zone 3","Cape Breton Regional","2024","3","25","135","27","159"
"2024_q2",,"Lymph Node Biopsy",,"Zone 4","QE2","2024","2","24","36","56","79"
"2025_q1",,"Hernia Repair - Ventral",,"Total","Provincial","2025","1","97","241","90","231"
"3month_rolling",,"Hip Replacement",,"Zone 2","Aberdeen Hospital","2025","2","111","254","128","246"
"12month_rolling","Oral Maxillofacial","All","Gregoire, Curtis",,,,,"151","426","122","403"
"12month_rolling","Otolaryngology (ENT)","All","Massoud, Emad A",,,,,"35","129","110","243"
"2024_q1",,"Hernia Repair  (Adult)",,"Zone 2","Cumberland Regional","2024","1","38","98","50","120"
"2025_q1",,"Ear Tubes  (Pediatric)",,"Zone 1","Valley Regional","2025","1","71","208","108","132"
"2025_q1",,"Hernia Repair - Umbilical",,"Zone 1","South Shore Regional","2025","1","56","132","103","145"
"12month_rolling","General Surgery","Hernia Repair - Umbilical","Sytnik, Peter",,,,,"23","45","23","41"
"2024_q2",,"Gallbladder Surgery",,"Zone 1","Yarmouth Regional","2024","2","14","22","64","113"
"2023_q2",,"Lung Surgery",,"Zone 4","QE2","2023","2","23","45","32","83"
"3month_rolling",,"Hernia Repair - Incisional",,"Zone 2","Colchester East Hants Health Centre","2025","2","19","37","153","223"
"2025_q1",,"Ear Tubes  (Pediatric)",,"Zone 3","Cape Breton Regional","2025","1","22","55","34","71"
"12month_rolling","Obstetrics/Gynaecology","All","MacDonald, Andrea",,,,,"167","966","90","191"
"2024_q4",,"Dental Extractions and Restorations  (Adult)",,"Zone 4","QE2","2024","4","168","343","126","329"
"2023_q3",,"Tonsillectomy and/or Adenoidectomy  (Pediatric)",,"Zone 3","Cape Breton Regional","2023","3","58","83","177","207"
"12month_rolling",,"Hernia Repair - Laparoscopic Inguinal Femoral",,"Zone 3","St. Martha's Regional","2025","2","41","200","223","454"
"3month_rolling",,"Dental Extractions and Restorations  (Pediatric)",,"Zone 3","St. Martha's Regional","2025","2","44","175","95","201"
"12month_rolling","Obstetrics/Gynaecology","All","Smith, Anita",,,,,"39","224","196","372"
"12month_rolling",,"Pilonidal Cyst Surgery",,"Total","Provincial","2025","2","79","358","79","314"
"2024_q4",,"Hysteroscopy",,"Zone 1","Valley Regional","2024","4","36","64","42","62"
"2024_q4",,"Insertion Vascular Access Catheter",,"Zone 1","Yarmouth Regional","2024","4",,,"13","19"
"12month_rolling","Urology","Kidney Removal","Massaro, Peter",,,,,"31","89","63","89"
"2025_q2",,"Gallbladder Surgery",,"Zone 2","Cumberland Regional","2025","2","15","51","33","118"
"12month_rolling","Urology","Male Reproductive System Surgery","Whelan, Emily",,,,,"112","159","141","165"
"2025_q1",,"Ear Tubes  (Adult)",,"Zone 1","Yarmouth Regional","2025","1",,,"29","55"
"2024_q2",,"Male Reproductive System Surgery",,"Zone 2","Colchester East Hants Health Centre","2024","2","146","602","222","358"
"2023_q2",,"Esophagectomy / Esophageal Surgery",,"Zone 4","QE2","2023","2","28","77","27","37"
"12month_rolling","General Surgery","Hernia Repair - Incisional","McWilliams, Colin",,,,,"50","69","76","114"
"2024_q2",,"Knee Replacement",,"Zone 2","Aberdeen Hospital","2024","2","133","407","102","372"
"12month_rolling",,"Shoulder Arthroplasty",,"Total","Provincial","2025","2","98","407","183","400"
"12month_rolling",,"Nose Surgery - Reconstructive or Aesthetic",,"Total","Provincial","2025","2","35","98","32","92"
"2025_q1",,"Gastrointestinal Tract Surgery",,"Zone 1","Yarmouth Regional","2025","1",,,"29","86"
"2023_q3",,"Thyroid or Parathyroid Surgery",,"Zone 3","Cape Breton Regional","2023","3","68","105","46","169"
"2025_q2",,"Surgery for Hearing or Balance Problems of the Ear",,"Total","Provincial","2025","2","70","292","69","232"
"2024_q1",,"Shoulder Surgery",,"Total","Provincial","2024","1","90","321","213","398"
"12month_rolling","Urology","Bladder Surgery","Mason, Ross",,,,,"19","27","49","70"
"12month_rolling","General Surgery","Hernia Repair - Umbilical","Nocon, Brian",,,,,"321","720","116","217"
"12month_rolling","Urology","Prostate Surgery","Rent, Kenneth",,,,,"33","58","48","109"
"3month_rolling",,"Lung Surgery",,"Total","Provincial","2025","2","27","64","24","49"
"2024_q3",,"Male Reproductive System Surgery",,"Zone 4","Hants Community Hospital","2024","3","116","398","96","214"
"2023_q3",,"Gastrointestinal Tract Surgery - Laparoscopic",,"Zone 3","Cape Breton Regional","2023","3","24","121","17","34"
"12month_rolling","Ophthalmology","All","Promelle, Veronique",,,,,"135","905","99","562"
"2024_q3",,"Dental Extractions and Restorations  (Adult)",,"Zone 1","South Shore Regional","2024","3","119","230","98","138"
"12month_rolling","General Surgery","Hernia Repair  (Adult)","Knapp, Gregory",,,,,"100","192","47","275"
"2024_q2",,"Cystoscopy",,"Zone 1","Yarmouth Regional","2024","2","71","170","41","168"
"12month_rolling","Plastic Surgery","All","Corkum, Joseph",,,,,"197","496","44","143"
"2025_q2",,"Male Reproductive System Surgery",,"IWK","IWK","2025","2","293","904","155","580"
"2024_q1",,"Surgery for Hearing or Balance Problems of the Ear",,"Zone 3","Cape Breton Regional","2024","1","31","106","60","312"
"12month_rolling","Otolaryngology (ENT)","Septoplasty","Piccott, Devin",,,,,"97","259","102","198"
"2025_q2",,"Brain Surgery  (Adult)",,"Zone 4","QE2","2025","2","21","182","29","86"
"12month_rolling",,"Knee Replacement - Partial",,"Zone 3","Cape Breton Regional","2025","2","215","257",,
"2023_q4",,"Gallbladder Surgery",,"Total","Provincial","2023","4","34","175","50","176"
"12month_rolling","Cardiac Surgery","Orthopaedic Trauma","Hirsch, Gregory M",,,,,,,"99","131"
"12month_rolling","Vascular Surgery","Endarterectomy","Lee, Min S",,,,,"17","120","10","43"
"12month_rolling",,"Lacrimal Duct Probing",,"Total","Provincial","2025","2","80","350","101","334"
"12month_rolling","Oral Maxillofacial","All","Bourque, Susan",,,,,"127","319","105","292"
"2024_q3",,"Gastrointestinal Tract Surgery",,"Total","Provincial","2024","3","27","187","41","112"
"2023_q2",,"Kidney / Upper Urinary Tract",,"Zone 3","Cape Breton Regional","2023","2",,,"46","169"
"2023_q2",,"Tendon / Ligament Repair",,"Zone 4","QE2","2023","2","90","337","33","335"
"2024_q1",,"Hip Replacement",,"Zone 3","Cape Breton Regional","2024","1","160","281","66","202"
"2024_q4",,"Pacemaker Insertion",,"Zone 2","Aberdeen Hospital","2024","4",,,"58","94"
"2025_q2",,"Ear Tubes  (Pediatric)",,"Total","Provincial","2025","2","69","239","61","129"
"2025_q2",,"Bladder Cancer Surgery",,"Zone 3","Cape Breton Regional","2025","2","84","183","26","178"
"12month_rolling","Urology","All","Lehmann, Kyle",,,,,"174","790","46","126"
"3month_rolling",,"Hysterectomy  (Cancer Not Suspected)",,"Zone 2","Colchester East Hants Health Centre","2025","2","67","504","56","96"
"2023_q3",,"Cardiac Valve Replacement",,"Total","Provincial","2023","3",,,"42","106"
"2024_q1",,"Knee Replacement Revision",,"Zone 4","Dartmouth General","2024","1",,,"62","162"
"2024_q1",,"Nerve Surgery",,"Total","Provincial","2024","1","38","269","69","163"
"2024_q1",,"Hernia Repair - Umbilical",,"Zone 4","Dartmouth General","2024","1","136","507","118","291"
"2023_q3",,"Hernia Repair - Incisional",,"Zone 4","QE2","2023","3","104","435","203","400"
"2025_q2",,"Breast Reconstruction",,"Total","Provincial","2025","2","126","1789","75","461"
"12month_rolling","General Surgery","Nissen Fundoplication - Laparoscopic","Kelly, Ryan Patrick",,,,,"500","1015","135","170"
"2024_q4",,"Esophagectomy / Esophageal Surgery",,"Total","Provincial","2024","4","18","136","30","230"
"2024_q1",,"Bone / Cartilage Graft",,"Total","Provincial","2024","1","154","446","174","252"
"2024_q2",,"Osteotomy",,"Total","Provincial","2024","2","98","361","156","343"
"2023_q3",,"Lung Surgery",,"Zone 4","QE2","2023","3","26","54","43","108"
"2023_q3",,"Nerve Surgery",,"Total","Provincial","2023","3","103","398","66","165"
"2024_q3",,"Knee Scope",,"Zone 1","Valley Regional","2024","3","54","134",,
"12month_rolling","Ophthalmology","All","Hussain, Ahsen Ayyaz",,,,,"133","418","104","361"
"2023_q3",,"Prostate Surgery - Laparoscopic",,"Total","Provincial","2023","3","21","48","141","218"
"2023_q4",,"Carpal Tunnel Surgery",,"Zone 4","Dartmouth General","2023","4",,,"26","188"
"2023_q2",,"Orthopaedic Trauma",,"IWK","IWK","2023","2",,,"6","188"
"2024_q4",,"Tendon / Ligament Repair",,"Total","Provincial","2024","4","95","715","46","272"
"2024_q4",,"Osteotomy",,"Total","Provincial","2024","4","552","577","102","203"
"2024_q2",,"Male Circumcision  (Pediatric)",,"IWK","IWK","2024","2",,,"511","1134"
"2025_q1",,"Hysterectomy  (Cancer Suspected or Proven)",,"Total","Provincial","2025","1","14","68","28","55"
"2023_q4",,"Orthopaedic Trauma",,"IWK","IWK","2023","4",,,"4","251"
"12month_rolling","Plastic Surgery","Breast Reduction Surgery","Paletz, Justin L",,,,,"809","1556","52","105"
"2024_q1",,"Cardiac Valve Replacement",,"Zone 4","QE2","2024","1",,,"13","60"
"2023_q2",,"Gallbladder Surgery",,"Zone 1","Valley Regional","2023","2","22","107","43","100"
"2024_q1",,"Hernia Repair - Umbilical",,"Zone 1","Valley Regional","2024","1","49","754","71","235"
"2024_q4",,"Gallbladder Surgery",,"Zone 2","Colchester East Hants Health Centre","2024","4","37","261","59","143"
"2024_q3",,"Kidney Stone Surgery",,"Zone 4","Dartmouth General","2024","3","29","57",,
"2023_q4",,"Gallbladder Surgery",,"Zone 1","South Shore Regional","2023","4","30","50","45","100"
"2024_q2",,"Cystoscopy",,"IWK","IWK","2024","2",,,"46","158"
"12month_rolling",,"Hysteroscopy",,"IWK","IWK","2025","2","50","347","67","170"
"2024_q3",,"Breast Reduction Surgery",,"Total","Provincial","2024","3","770","1470","75","296"
"2023_q3",,"Tonsillectomy and/or Adenoidectomy  (Adult)",,"Total","Provincial","2023","3","61","176","90","294"
"2024_q3",,"Palmar Fascia Excision for Dupuytren's Disease",,"Total","Provincial","2024","3","127","622","72","292"
"2024_q2",,"Cystoscopy",,"Zone 3","Northside General","2024","2",,,"27","182"
"2025_q1",,"Gastrointestinal Tract Surgery",,"Zone 1","Valley Regional","2025","1","26","686","60","148"
"2025_q1",,"Cervical Spine (Neck) Surgery",,"Zone 4","QE2","2025","1","59","274","72","146"
"12month_rolling","Urology","Bladder Cancer Surgery","Whelan, Emily",,,,,"42","255","39","87"
"2023_q4",,"Tear Duct Surgery",,"Zone 4","QE2","2023","4","301","349",,
"12month_rolling","General Surgery","Liver Surgery","Gala Lopez, Boris",,,,,"14","22","50","79"
"2024_q1",,"Pacemaker Insertion",,"Total","Provincial","2024","1","5","12","10","66"
"12month_rolling","Obstetrics/Gynaecology","Hysteroscopy","Okuboyejo, Fazil",,,,,"35","98","68","129"
"12month_rolling","General Surgery","Hernia Repair  (Adult)","Sytnik, Peter",,,,,"23","45","26","42"
"2023_q2",,"Tendon / Ligament Repair",,"Total","Provincial","2023","2","68","236","107","337"
"12month_rolling","Obstetrics/Gynaecology","Hysterectomy  (Cancer Not Suspected)","Rudd, Michael W",,,,,"474","794","240","435"
"12month_rolling","Urology","Male Reproductive System Surgery","Miller, M Dale",,,,,"49","327","54","186"
"12month_rolling","Oral Maxillofacial","Dental Extractions and Restorations  (Adult)","Davis, Benjamin",,,,,"180","265","167","956"
"2024_q2",,"Prostate Surgery",,"Zone 4","QE2","2024","2","62","125","99","347"
"3month_rolling",,"Cataract Surgery",,"Total","Provincial","2025","2","106","299","64","141"
"12month_rolling","Urology","Bladder Surgery","Kokorovic, Andrea",,,,,"15","46","26","49"
"2025_q1",,"Hip Replacement Revision",,"Zone 4","QE2","2025","1",,,"65","215"
"12month_rolling","General Surgery","Hernia Repair - Laparoscopic Inguinal Femoral","Sytnik, Peter",,,,,"24","45","27","34"
"2023_q3",,"Hysterectomy  (Cancer Not Suspected)",,"Zone 1","South Shore Regional","2023","3",,,"59","159"
"3month_rolling",,"Temperomandibular Joint Surgery (TMJ)",,"Zone 4","QE2","2025","2","296","643","107","291"
"2023_q3",,"Hernia Repair - Inguinal/Femoral",,"Zone 4","Dartmouth General","2023","3","159","279","129","284"
"2024_q4",,"Prostate Surgery",,"Zone 4","QE2","2024","4","51","125","104","223"
"2025_q2",,"Gastrointestinal Tract Surgery",,"Zone 2","Colchester East Hants Health Centre","2025","2",,,"49","133"
"2024_q2",,"Bowel Resection",,"Zone 3","Cape Breton Regional","2024","2","13","34","23","76"
"12month_rolling","Obstetrics/Gynaecology","Hysterectomy  (Cancer Not Suspected)","Scott, Stephanie",,,,,"19","39","34","77"
"2024_q2",,"Hernia Repair - Umbilical",,"Total","Provincial","2024","2","72","462","76","321"
"12month_rolling","Plastic Surgery","All","Krauss, Emily",,,,,"78","616","41","186"
"2023_q4",,"Lung Surgery",,"Total","Provincial","2023","4","27","64","37","97"
"2024_q4",,"Back Surgery  (Adult)",,"Total","Provincial","2024","4","73","492","76","209"
"12month_rolling",,"Bowel Resection - Laparoscopic",,"Zone 1","Yarmouth Regional","2025","2","21","175","30","63"
"2023_q4",,"Gallbladder Surgery",,"Zone 3","St. Martha's Regional","2023","4","14","88","62","197"
"2024_q3",,"Dental Extractions and Restorations  (Pediatric)",,"Total","Provincial","2024","3","94","435","134","539"
"2024_q2",,"Gastrointestinal Tract Surgery - Laparoscopic",,"Zone 4","QE2","2024","2","21","224","51","137"
"2023_q4",,"Kidney Stone Surgery",,"Zone 3","Cape Breton Regional","2023","4",,,"51","139"
"3month_rolling",,"Carpal Tunnel Surgery",,"Zone 3","St. Martha's Regional","2025","2",,,"71","370"
"12month_rolling","General Surgery","Bariatric Surgery (for Weight Loss)","Spence, Richard",,,,,"32","63","204","240"
"12month_rolling","General Surgery","Hernia Repair - Umbilical","Lapierre, Stephanie",,,,,"257","726","39","134"
"12month_rolling","Urology","Cystoscopy","Duplisea, Jonathan",,,,,"39","115","51","181"
"12month_rolling","Obstetrics/Gynaecology","Hysterectomy  (Cancer Not Suspected)","Kieser, Katharina E",,,,,"19","31","30","64"
"2024_q1",,"Removal of Ovaries and/or Fallopian Tubes  (Cancer Not Suspected)",,"Zone 3","St. Martha's Regional","2024","1","41","182","84","190"
"12month_rolling","General Surgery","Gastrointestinal Tract Surgery","McGibney, Kieron",,,,,"32","47","47","124"
"12month_rolling","Urology","Cystoscopy","Bailly, Greg G",,,,,"57","120","55","137"
"2025_q1",,"Peritoneal Lavage or Catherization",,"Total","Provincial","2025","1",,,"21","45"
"2023_q2",,"Hysteroscopy",,"Zone 3","Cape Breton Regional","2023","2",,,"101","252"
"2024_q1",,"Hernia Repair - Inguinal/Femoral",,"Zone 1","Valley Regional","2024","1","29","310","53","182"
"2024_q2",,"Bladder Surgery",,"Zone 4","QE2","2024","2","15","52","38","81"
"2025_q2",,"Pelvic Floor Repair",,"Zone 2","Colchester East Hants Health Centre","2025","2","95","391",,
"12month_rolling","Obstetrics/Gynaecology","Hysterectomy  (Cancer Not Suspected)","Bentley, James R",,,,,"17","21","28","42"
"2023_q2",,"Liver Surgery",,"Total","Provincial","2023","2","14","21","24","80"
"12month_rolling","Otolaryngology (ENT)","Surgery for Hearing or Balance Problems of the Ear","Taylor, Benjamin A",,,,,"139","568","106","155"
"2025_q2",,"Tonsillectomy and/or Adenoidectomy  (Adult)",,"Zone 4","Dartmouth General","2025","2",,,"137","316"
"2024_q4",,"Craniotomy or Craniectomy",,"Zone 4","QE2","2024","4",,,"142","272"
"2024_q4",,"Hip Replacement Revision",,"Total","Provincial","2024","4","56","387","102","251"
"2024_q2",,"Breast Cancer Surgery",,"Zone 1","South Shore Regional","2024","2","14","55","21","36"
"2023_q4",,"Gastrointestinal Tract Surgery",,"Zone 3","Cape Breton Regional","2023","4","22","55","26","147"
"2024_q4",,"Bladder Surgery",,"Zone 4","QE2","2024","4","20","46","37","78"
"2024_q2",,"Breast Cancer Surgery",,"Zone 1","Valley Regional","2024","2","8","46","37","64"
"2023_q2",,"Nissen Fundoplication - Laparoscopic",,"Total","Provincial","2023","2","55","119","156","494"
"2025_q1",,"Shoulder Surgery",,"Total","Provincial","2025","1","94","461","187","398"
"2025_q1",,"Kidney / Upper Urinary Tract",,"Total","Provincial","2025","1","94","604","50","170"
"12month_rolling","Obstetrics/Gynaecology","Pelvic Floor Repair","Salama, Hani",,,,,"23","365","51","69"
"2023_q4",,"Lung Surgery",,"Zone 4","QE2","2023","4","27","64","37","97"
"12month_rolling","Obstetrics/Gynaecology","All","Coolen, Anna",,,,,"62","684","53","212"
"12month_rolling",,"Cystoscopy",,"Zone 2","Colchester East Hants Health Centre","2025","2","19","96","48","225"
"12month_rolling","General Surgery","Bowel Resection","Roach, Eileen",,,,,"19","164","20","101"
"12month_rolling",,"Hernia Repair - Ventral",,"Zone 2","Cumberland Regional","2025","2","46","77","74","125"
"2023_q3",,"Knee Replacement Revision",,"Zone 4","QE2","2023","3",,,"81","131"
"2024_q3",,"Hernia Repair - Inguinal/Femoral",,"Zone 2","Cumberland Regional","2024","3","50","77","41","55"
"2023_q2",,"Hysteroscopy",,"Zone 1","Yarmouth Regional","2023","2","13","36","18","28"
"2025_q1",,"Hysterectomy  (Cancer Not Suspected)",,"Zone 1","Valley Regional","2025","1","118","376","111","241"
"12month_rolling","General Surgery","Bowel Resection","Jad, Ahmed",,,,,"28","29","16","28"
"2024_q2",,"Shoulder Arthroscopy",,"Zone 2","Aberdeen Hospital","2024","2","65","132","174","234"
"2023_q2",,"Hernia Repair - Laparoscopic Inguinal Femoral",,"Zone 2","Aberdeen Hospital","2023","2","57","171",,
"2025_q2",,"Laryngology and Vocal Cord Surgery",,"Zone 4","QE2","2025","2","26","108","44","198"
"2023_q2",,"Hip Replacement Revision",,"Total","Provincial","2023","2",,,"56","181"
"2024_q2",,"Tonsillectomy and/or Adenoidectomy  (Adult)",,"Total","Provincial","2024","2","82","339","152","465"
"12month_rolling","General Surgery","Hernia Repair - Umbilical","Hoogerboord, C Marius",,,,,"480","610","109","193"
"3month_rolling",,"Hysterectomy  (Cancer Not Suspected)",,"Zone 2","Aberdeen Hospital","2025","2","90","441","60","119"
"2023_q2",,"Colorectal Cancer Surgery",,"Zone 3","Cape Breton Regional","2023","2","8","21","33","48"
"2024_q2",,"Cystoscopy",,"Zone 3","Cape Breton Regional","2024","2","20","149","28","163"
"2025_q2",,"Hernia Repair  (Pediatric)",,"IWK","IWK","2025","2","63","128","44","192"
"12month_rolling","Urology","Kidney Removal","Kokorovic, Andrea",,,,,"13","33","80","162"
"2024_q2",,"Gastrointestinal Tract Surgery",,"IWK","IWK","2024","2",,,"13","85"
"12month_rolling","Orthopaedic","All","Wilson, David",,,,,"41","127","19","46"
"2023_q3",,"Oculo Plastic Surgery",,"Zone 3","Cape Breton Regional","2023","3",,,"116","192"
"2025_q1",,"Male Circumcision  (Adult)",,"Total","Provincial","2025","1","145","360","84","305"
"2023_q4",,"Carpal Tunnel Surgery",,"Total","Provincial","2023","4","75","260","59","266"
"12month_rolling","Obstetrics/Gynaecology","Removal of Ovaries and/or Fallopian Tubes  (Cancer Not Suspected)","Parr, Grace",,,,,"278","518","62","307"
"12month_rolling","Urology","All","Rendon, Ricardo",,,,,"15","37","80","179"
"2025_q2",,"Tonsillectomy and/or Adenoidectomy  (Pediatric)",,"Zone 3","St. Martha's Regional","2025","2",,,"39","83"
"12month_rolling","General Surgery","Bowel Resection","Butler, Clay K",,,,,"42","71","34","210"
"2024_q1",,"Hernia Repair - Laparoscopic Incisional",,"Total","Provincial","2024","1","70","192","89","281"
"2023_q2",,"Ear Tubes  (Adult)",,"Zone 1","Yarmouth Regional","2023","2",,,"49","83"
"2025_q2",,"Carotid Endarterectomy",,"Total","Provincial","2025","2",,,"6","14"
"12month_rolling","General Surgery","Whipple Procedures","Livingstone, Scott",,,,,"16","22","28","54"
"12month_rolling","Plastic Surgery","Melanoma Excision","Nel, Corne",,,,,"10","31","37","50"
"2023_q3",,"Nissen Fundoplication - Laparoscopic",,"Zone 4","QE2","2023","3","82","476","242","514"
"2024_q3",,"Bowel Resection - Laparoscopic",,"Total","Provincial","2024","3","22","234","32","101"
"2024_q2",,"Tonsillectomy and/or Adenoidectomy  (Pediatric)",,"IWK","IWK","2024","2","215","354","209","367"
"12month_rolling","Orthopaedic","Ankle - Arthroscopy","Morash, Joel",,,,,"105","168","104","354"
"3month_rolling",,"Bladder Cancer Surgery",,"Zone 1","South Shore Regional","2025","2",,,"31","60"
"2024_q1",,"Breast Cancer Surgery",,"IWK","IWK","2024","1","25","33","23","45"
"12month_rolling","General Surgery","All","Stoddart, Todd",,,,,"21","69","27","70"
"2025_q1",,"Dental Extractions and Restorations  (Pediatric)",,"Zone 3","St. Martha's Regional","2025","1","72","272","100","170"
"2025_q1",,"Hemorrhoidectomy",,"Zone 4","Dartmouth General","2025","1",,,"144","618"
"3month_rolling",,"Hip Replacement",,"Zone 1","Valley Regional","2025","2","323","468","134","298"
"2023_q3",,"Bowel Resection - Open",,"Zone 1","South Shore Regional","2023","3","15","50","15","44"
"12month_rolling",,"Knee Replacement - Partial",,"Zone 4","Dartmouth General","2025","2","557","694","192","360"
"12month_rolling",,"Thoroscopy / Pleuroscopy",,"Total","Provincial","2025","2","12","114","13","29"
"2023_q3",,"Breast Cancer Surgery",,"IWK","IWK","2023","3","21","30","25","60"
"12month_rolling","Urology","Bladder Cancer Surgery","Miller, M Dale",,,,,"58","183","28","120"
"2024_q2",,"Cystoscopy",,"Total","Provincial","2024","2","30","149","41","182"
"12month_rolling","Obstetrics/Gynaecology","Hysterectomy  (Cancer Not Suspected)","Smith, Anita",,,,,"158","204","333","432"
"12month_rolling","General Surgery","Hernia Repair - Incisional","Johnson, Kevin",,,,,"47","77","71","321"
"2024_q2",,"Spinal Cord Stimulation Surgery",,"Total","Provincial","2024","2",,,"114","149"
"12month_rolling","General Surgery","Hernia Repair - Inguinal/Femoral","Shih, Warren W",,,,,"73","91","161","345"
"2024_q2",,"Functional Endoscopic Sinus Surgery (FESS)",,"Zone 3","St. Martha's Regional","2024","2",,,"43","49"
"12month_rolling","Otolaryngology (ENT)","All","Wasl, Hisham Ali",,,,,"66","117","350","468"
"2023_q2",,"Foot - Arthrodesis",,"Zone 4","QE2","2023","2","757","938","101","366"
"2023_q3",,"Brain Surgery  (Adult)",,"Zone 4","QE2","2023","3","58","651","47","138"
"12month_rolling","Urology","Prostate Surgery","Puthenparumpil, Jacob",,,,,"26","26","143","202"
"12month_rolling","Otolaryngology (ENT)","Tonsillectomy and/or Adenoidectomy  (Pediatric)","Taylor, Benjamin A",,,,,"292","331","182","287"
"12month_rolling","Ophthalmology","All","Comstock, David",,,,,"144","187","29","85"
"2023_q4",,"Foot - Bunionectomy",,"Total","Provincial","2023","4",,,"144","799"
"2024_q4",,"Cystoscopy",,"Total","Provincial","2024","4","37","173","41","166"
"3month_rolling",,"Carpal Tunnel Surgery",,"Zone 2","Aberdeen Hospital","2025","2","52","209","29","94"
"2024_q3",,"Male Reproductive System Surgery",,"Zone 1","Valley Regional","2024","3",,,"135","214"
"12month_rolling","Dental","Dental Extractions and Restorations  (Pediatric)","Dietrich, Lindsay",,,,,,,"194","354"
"2023_q2",,"Surgery for Hearing or Balance Problems of the Ear",,"IWK","IWK","2023","2","111","169","83","186"
"12month_rolling",,"Bariatric Surgery (for Weight Loss)",,"Zone 4","Dartmouth General","2025","2","63","201","179","277"
"2023_q4",,"Hernia Repair - Inguinal/Femoral",,"Zone 4","QE2","2023","4","41","90","124","195"
"12month_rolling","Otolaryngology (ENT)","Tonsillectomy and/or Adenoidectomy  (Adult)","Balys, Richard L",,,,,"120","163","81","498"
"3month_rolling",,"Gallbladder Surgery",,"Zone 3","Cape Breton Regional","2025","2","43","433","49","134"
"12month_rolling",,"Hip Arthroscopy",,"Zone 4","QE2","2025","2",,,"294","1380"
"2024_q4",,"Dental Extractions and Restorations  (Adult)",,"IWK","IWK","2024","4",,,"551","701"
"2023_q4",,"Carpal Tunnel Surgery",,"Zone 1","Valley Regional","2023","4",,,"220","335"
"12month_rolling","Orthopaedic","Hip Replacement","Sequeira, Stanislaus",,,,,"160","179","332","518"
"12month_rolling","Plastic Surgery","Breast Reduction Surgery","Corkum, Joseph",,,,,"350","509","54","94"
"2023_q4",,"Hysteroscopy",,"Zone 1","Valley Regional","2023","4","43","280","66","298"
"2023_q3",,"Surgery for Hearing or Balance Problems of the Ear",,"Zone 1","Yarmouth Regional","2023","3","113","682","40","102"
"2024_q4",,"Lung Cancer Surgery",,"Total","Provincial","2024","4","22","55","23","65"
"2023_q4",,"Hernia Repair - Umbilical",,"Zone 4","QE2","2023","4","77","86",,
"2024_q1",,"Endometrial Ablation",,"Zone 2","Aberdeen Hospital","2024","1",,,"29","176"
"2025_q1",,"Tonsillectomy and/or Adenoidectomy  (Adult)",,"Total","Provincial","2025","1","51","404","115","469"
"12month_rolling",,"Osteotomy",,"IWK","IWK","2025","2",,,"171","364"
"12month_rolling","Orthopaedic","Knee Replacement","Gross, Michael",,,,,"189","343","68","100"
"2023_q3",,"Pelvic Floor Repair",,"IWK","IWK","2023","3","137","637","119","218"
"2024_q4",,"Hernia Repair - Inguinal/Femoral",,"Zone 1","Yarmouth Regional","2024","4","22","99","62","127"
"2024_q4",,"Hernia Repair - Laparoscopic Umbilical",,"Total","Provincial","2024","4","518","620","132","213"
"2024_q4",,"Hysterectomy  (Cancer Not Suspected)",,"IWK","IWK","2024","4","168","1023","193","433"
"3month_rolling",,"Tonsillectomy and/or Adenoidectomy  (Pediatric)",,"Zone 3","St. Martha's Regional","2025","2","84","116","39","83"
"2024_q3",,"Lymph Node Biopsy",,"Zone 4","QE2","2024","3","18","41","29","85"
"2023_q3",,"Gallbladder Surgery",,"Total","Provincial","2023","3","49","232","55","153"
"2023_q4",,"Prostate Cancer Surgery",,"Total","Provincial","2023","4","24","118","120","233"
"2024_q1",,"Ear Tubes  (Pediatric)",,"Total","Provincial","2024","1","88","271","84","189"
"12month_rolling","Ophthalmology","Strabismus Surgery  (Pediatric)","Bata, Bashar",,,,,"88","111","145","405"
"12month_rolling","Obstetrics/Gynaecology","Hysterectomy  (Cancer Suspected or Proven)","Houck, Leslie",,,,,"188","271","35","61"
"2025_q2",,"Male Circumcision  (Adult)",,"Zone 1","Valley Regional","2025","2",,,"40","122"
"2025_q2",,"Nerve Surgery",,"Zone 4","QE2","2025","2","104","161","51","144"
"12month_rolling","Ophthalmology","Cataract Surgery","Hamilton, Claire",,,,,"223","315","65","184"
"12month_rolling","Otolaryngology (ENT)","Surgery for Hearing or Balance Problems of the Ear","Johnson, Liane",,,,,"74","326","93","157"
"12month_rolling","Obstetrics/Gynaecology","Hysteroscopy","Murray, Angus",,,,,"88","147","47","82"
"2024_q1",,"Breast Reconstruction",,"Total","Provincial","2024","1","144","283","79","1078"
"3month_rolling",,"Breast Reduction Surgery",,"Total","Provincial","2025","2","213","2121","157","625"
"2023_q2",,"Cystoscopy",,"Zone 1","Yarmouth Regional","2023","2","34","499","57","357"
"3month_rolling",,"Melanoma Excision",,"Total","Provincial","2025","2","14","57","21","34"
"12month_rolling","General Surgery","Gastrointestinal Tract Surgery","Clark, F Donald",,,,,"14","32","72","80"
"2023_q2",,"Hernia Repair - Incisional",,"Zone 4","QE2","2023","2","248","426","150","552"
"2024_q1",,"Dental Extractions and Restorations  (Pediatric)",,"Zone 2","Cumberland Regional","2024","1","26","108","61","127"
"2024_q2",,"AV Fistula Creation/Closure",,"Zone 4","QE2","2024","2",,,"17","136"
"12month_rolling","Orthopaedic","Hip Replacement","Dunbar, Michael J",,,,,"57","79","200","495"
"12month_rolling","General Surgery","All","Hiebert, Stephanie",,,,,"22","57","37","210"
"2023_q2",,"Pacemaker Insertion",,"Zone 2","Aberdeen Hospital","2023","2",,,"22","49"
"2024_q1",,"Tonsillectomy and/or Adenoidectomy  (Pediatric)",,"Total","Provincial","2024","1","168","275","138","308"
"2024_q3",,"Insertion Vascular Access Catheter",,"Zone 1","Yarmouth Regional","2024","3",,,"9","12"
"2024_q2",,"Cardiac Valve Replacement",,"Total","Provincial","2024","2",,,"53","106"
"12month_rolling","Thoracic Surgery","Gastric Surgery - Laparoscopic","Ednie, Alexander",,,,,"57","110","56","138"
"2024_q4",,"Prostate Surgery",,"Zone 4","Dartmouth General","2024","4","79","289","89","271"
"2025_q1",,"Hysterectomy  (Cancer Not Suspected)",,"Total","Provincial","2025","1","75","497","108","356"
"2023_q4",,"Bowel Resection",,"Zone 1","Yarmouth Regional","2023","4",,,"18","97"
"3month_rolling",,"Hysterectomy  (Cancer Not Suspected)",,"Total","Provincial","2025","2","97","555","85","313"
"12month_rolling","General Surgery","Hernia Repair - Inguinal/Femoral","Blackmore, Christopher",,,,,"45","138","65","135"
"2024_q4",,"Knee Scope",,"Zone 4","Hants Community Hospital","2024","4","49","105","81","330"
"12month_rolling","Ophthalmology","Cataract Surgery","Lampert Monte Francisconi, Carolina",,,,,"65","588","130","345"
"12month_rolling","Urology","Cystoscopy","Keefe, Daniel",,,,,"71","114","49","361"
"2023_q2",,"Amputations",,"Total","Provincial","2023","2","22","92","32","120"
"12month_rolling","Cardiac Surgery","Cardiovascular Surgery","Herman, Christine",,,,,,,"54","80"
"12month_rolling","Thoracic Surgery","Gastric Surgery - Laparoscopic","Wallace, Alison",,,,,"238","401","139","1381"
"12month_rolling","General Surgery","Gastrointestinal Tract Surgery - Laparoscopic","Hoogerboord, C Marius",,,,,"36","435","32","60"
"2023_q2",,"Breast Cancer Surgery",,"Zone 2","Colchester East Hants Health Centre","2023","2","10","16","21","37"
"2023_q4",,"Hernia Repair  (Adult)",,"Zone 2","Colchester East Hants Health Centre","2023","4","43","144","110","304"
"12month_rolling","Otolaryngology (ENT)","Tonsillectomy and/or Adenoidectomy  (Adult)","Kujath, Magdalena",,,,,"66","171","413","491"
"2023_q2",,"Prostate Surgery",,"Zone 4","Dartmouth General","2023","2","42","124","108","377"
"12month_rolling","Plastic Surgery","Palmar Fascia Excision for Dupuytren's Disease","Davis, George R",,,,,"71","665","72","299"
"12month_rolling","General Surgery","Pancreas Surgery","Walsh, Mark J",,,,,"13","25","35","63"
"2024_q1",,"Hysterectomy  (Cancer Not Suspected)",,"Zone 3","Cape Breton Regional","2024","1","51","243","357","535"
"2024_q1",,"Gallbladder Surgery",,"Zone 1","Valley Regional","2024","1","35","517","54","204"
"12month_rolling","Otolaryngology (ENT)","Surgery for Hearing or Balance Problems of the Ear","Clifton, Neil",,,,,"59","178","36","85"
"2023_q3",,"Cystoscopy",,"IWK","IWK","2023","3",,,"56","140"
"2025_q1",,"Septoplasty",,"Zone 1","Valley Regional","2025","1","349","753","250","347"
"2024_q4",,"Cataract Surgery",,"Zone 3","St. Martha's Regional","2024","4","172","343","110","188"
"12month_rolling","Obstetrics/Gynaecology","Hysteroscopy","Marais, Colin",,,,,"41","342","38","103"
"3month_rolling",,"Nerve Surgery",,"Zone 4","QE2","2025","2","104","161","51","144"
"2024_q3",,"Hernia Repair  (Adult)",,"Total","Provincial","2024","3","80","428","85","294"
"12month_rolling","General Surgery","Colorectal Cancer Surgery","Archibald, Alison",,,,,"14","55","12","35"
"2023_q2",,"Knee Scope",,"Zone 4","Hants Community Hospital","2023","2","77","108","67","203"
"2023_q3",,"Back Surgery  (Adult)",,"Total","Provincial","2023","3","98","320","97","273"
"12month_rolling","Ophthalmology","Cataract Surgery","Murphy, Jeremy",,,,,"90","140","86","144"
"12month_rolling","Obstetrics/Gynaecology","Hysterectomy  (Cancer Not Suspected)","Cohen, Elissa",,,,,"59","148","30","66"
"2023_q2",,"Bariatric Surgery (for Weight Loss)",,"Zone 4","QE2","2023","2","54","97","314","385"
"2023_q2",,"Shoulder Surgery",,"Total","Provincial","2023","2","86","386","286","592"
"3month_rolling",,"Dental Extractions and Restorations  (Pediatric)",,"Zone 1","Yarmouth Regional","2025","2",,,"105","137"
"2023_q3",,"Male Circumcision  (Adult)",,"Zone 4","Hants Community Hospital","2023","3",,,"165","287"
"2024_q1",,"Shoulder Arthroplasty",,"Zone 4","QE2","2024","1","71","321","152","515"
"12month_rolling","Orthopaedic","All","McPherson, John",,,,,"97","421","55","210"
"2024_q1",,"Male Circumcision  (Adult)",,"Zone 2","Colchester East Hants Health Centre","2024","1","125","737",,
"2023_q4",,"Hysteroscopy",,"Zone 4","Dartmouth General","2023","4","34","273","60","125"
"2025_q2",,"Removal of Ovaries and/or Fallopian Tubes  (Cancer Not Suspected)",,"Zone 1","Valley Regional","2025","2","301","1136","67","423"
"12month_rolling","Urology","Kidney Stone Surgery","Lantz, Andrea",,,,,"40","69","38","118"
"2025_q2",,"Hernia Repair  (Adult)",,"Zone 1","Valley Regional","2025","2","84","854","75","170"
"12month_rolling","Obstetrics/Gynaecology","Hysterectomy  (Cancer Suspected or Proven)","Saciragic, Lana",,,,,"17","36","32","51"
"2024_q2",,"Gastrointestinal Tract Surgery - Laparoscopic",,"Zone 3","St. Martha's Regional","2024","2","31","74",,
"2023_q2",,"Cystoscopy",,"Zone 3","Northside General","2023","2",,,"19","141"
"2024_q4",,"Breast Reduction Surgery",,"Zone 3","St. Martha's Regional","2024","4","117","386",,
"12month_rolling","Otolaryngology (ENT)","Ear Tubes  (Pediatric)","Fowler, James",,,,,"17","48","28","47"
"2023_q2",,"Bariatric Surgery (for Weight Loss)",,"Total","Provincial","2023","2","56","147","310","413"
"2025_q1",,"Bowel Resection",,"Zone 3","Cape Breton Regional","2025","1","18","164","24","181"
"2024_q1",,"Temperomandibular Joint Surgery (TMJ)",,"Zone 4","QE2","2024","1","154","547","143","587"
"2025_q1",,"Hernia Repair - Umbilical",,"Total","Provincial","2025","1","100","484","105","289"
"2024_q3",,"Brain Surgery  (Adult)",,"Zone 4","QE2","2024","3","28","155","49","108"
"2024_q3",,"Gastrointestinal Tract Surgery - Laparoscopic",,"Zone 1","Valley Regional","2024","3","15","270","40","82"
"2024_q1",,"Hip Replacement Revision",,"Zone 4","QE2","2024","1",,,"37","148"
"2023_q2",,"Dental Extractions and Restorations  (Adult)",,"Zone 1","South Shore Regional","2023","2","171","282","69","364"
"12month_rolling","General Surgery","Gastrointestinal Tract Surgery","MacDonald, Blair",,,,,"85","175","40","112"
"2023_q2",,"Male Circumcision  (Adult)",,"Total","Provincial","2023","2","81","293","112","319"
"2024_q4",,"Female Incontinence Surgery",,"Total","Provincial","2024","4","84","212","146","461"
"12month_rolling","General Surgery","Breast Cancer Surgery","Lapierre, Stephanie",,,,,"8","21","17","39"
"2024_q3",,"Craniotomy or Craniectomy",,"Zone 4","QE2","2024","3",,,"99","339"
"2024_q4",,"Gastrointestinal Tract Surgery - Laparoscopic",,"Zone 2","Cumberland Regional","2024","4",,,"29","41"
"2023_q3",,"Gastric Surgery",,"Zone 4","QE2","2023","3","19","39","28","157"
"2025_q2",,"Esophagoscopy",,"Total","Provincial","2025","2",,,"19","66"
"2024_q3",,"Aesthetic Surgery",,"Total","Provincial","2024","3","98","449","82","159"
"12month_rolling","Orthopaedic","Foot - Reconstruction","Gauthier, Luke Edward",,,,,,,"168","225"
"2025_q1",,"Hernia Repair - Incisional",,"Zone 1","Valley Regional","2025","1","100","542","102","373"
"2023_q2",,"Knee Scope",,"Zone 4","QE2","2023","2","96","125","128","347"
"2024_q2",,"Colorectal Cancer Surgery",,"Zone 1","South Shore Regional","2024","2",,,"18","39"
"12month_rolling","Otolaryngology (ENT)","Tonsillectomy and/or Adenoidectomy  (Adult)","Scott, John",,,,,"52","196","109","128"
"2025_q1",,"Hysteroscopy",,"IWK","IWK","2025","1","50","388","69","187"
"2023_q3",,"Vascular Bypass Surgery",,"Total","Provincial","2023","3",,,"20","36"
"12month_rolling","Urology","All","McCarthy, John Paul",,,,,"483","483","35","175"
"2024_q1",,"Gallbladder Surgery",,"Zone 4","Hants Community Hospital","2024","1","60","132","40","111"
"2024_q4",,"Esophagoscopy",,"Total","Provincial","2024","4",,,"30","153"
"2024_q4",,"Hernia Repair  (Adult)",,"Zone 3","St. Martha's Regional","2024","4","42","91","214","405"
"2023_q2",,"Knee Replacement Revision",,"Zone 4","QE2","2023","2",,,"66","127"
"2025_q2",,"Shoulder Arthroscopy",,"Zone 4","QE2","2025","2","47","125","143","356"
"12month_rolling","Obstetrics/Gynaecology","Hysterectomy  (Cancer Not Suspected)","Coolen, Anna",,,,,"109","156","155","272"
"12month_rolling","Neurosurgery","Brain Surgery  (Adult)","Clarke, David B",,,,,"21","65","18","67"
"2025_q2",,"Cystoscopy",,"Zone 4","Dartmouth General","2025","2","40","120","46","190"
"2025_q1",,"Cystoscopy",,"Zone 2","Colchester East Hants Health Centre","2025","1","26","91","44","205"
"12month_rolling","General Surgery","Hernia Repair - Inguinal/Femoral","Faryniuk, Andrea Marie",,,,,"62","185","41","55"
"2024_q1",,"Bowel Resection",,"Zone 2","Aberdeen Hospital","2024","1",,,"32","43"
"3month_rolling",,"Cervical Spine (Neck) Surgery",,"Total","Provincial","2025","2","72","494","73","163"
"2023_q4",,"Knee Scope",,"Zone 1","Valley Regional","2023","4","52","75","23","35"
"2023_q3",,"Hernia Repair - Inguinal/Femoral",,"Total","Provincial","2023","3","76","304","59","256"
"2024_q1",,"Bladder Surgery",,"Total","Provincial","2024","1","21","34","57","153"
"2024_q1",,"Cystoscopy",,"Zone 3","Cape Breton Regional","2024","1","31","129","21","128"
"2024_q1",,"Carotid Endarterectomy",,"Total","Provincial","2024","1",,,"19","40"
"3month_rolling",,"Thyroid or Parathyroid Surgery",,"Total","Provincial","2025","2","41","208","54","168"
"2024_q4",,"Shoulder Arthroscopy",,"Zone 4","QE2","2024","4","61","342","174","579"
"2024_q4",,"Shoulder Arthroplasty",,"Zone 1","Valley Regional","2024","4",,,"144","229"
"12month_rolling",,"Hernia Repair - Laparoscopic Umbilical",,"Total","Provincial","2025","2","235","591","101","248"
"12month_rolling","General Surgery","Hernia Repair  (Adult)","O'Sullivan, Colleen M",,,,,"358","500","99","150"
"2024_q4",,"Hip Replacement",,"Zone 1","Valley Regional","2024","4","117","455","161","520"
"2025_q1",,"Shoulder Surgery",,"Zone 1","Valley Regional","2025","1","143","476","156","221"
"12month_rolling","General Surgery","Hernia Repair  (Adult)","Southcott, Adam",,,,,"87","383","112","345"
"12month_rolling","Urology","Kidney Stone Surgery","McGregor, Thomas",,,,,"24","32","30","55"
"2023_q3",,"Bowel Resection",,"Zone 4","QE2","2023","3","23","103","29","169"
"2024_q1",,"Nose Surgery - Reconstructive or Aesthetic",,"Zone 4","QE2","2024","1",,,"34","51"
"2024_q4",,"Gallbladder Surgery",,"Zone 3","Glace Bay","2024","4","77","429",,
"12month_rolling","General Surgery","Bowel Resection - Laparoscopic","Clark, F Donald",,,,,"31","59","56","72"
"12month_rolling","Obstetrics/Gynaecology","Hysteroscopy","Amir, Baharak",,,,,,,"45","97"
"2024_q1",,"Ear Tubes  (Adult)",,"Zone 1","Yarmouth Regional","2024","1",,,"40","61"
"2023_q2",,"Hysteroscopy",,"Zone 2","Colchester East Hants Health Centre","2023","2","44","213","58","132"
"2025_q1",,"Cornea and External Disease",,"Total","Provincial","2025","1","91","281","111","302"
"2024_q2",,"Hernia Repair  (Pediatric)",,"IWK","IWK","2024","2","99","614","153","334"
"12month_rolling","General Surgery","Gastrointestinal Tract Surgery - Laparoscopic","Kavanagh, Rhys",,,,,"31","172","27","35"
"2025_q1",,"Head and Neck Surgery",,"Zone 4","Dartmouth General","2025","1","52","172","62","139"
"2024_q2",,"Gastrointestinal Tract Surgery",,"Zone 2","Aberdeen Hospital","2024","2",,,"56","75"
"2024_q2",,"Cataract Surgery",,"Zone 1","Yarmouth Regional","2024","2","258","451","33","58"
"12month_rolling","Obstetrics/Gynaecology","Hysterectomy  (Cancer Suspected or Proven)","Joice, Shannon",,,,,"64","352","99","175"
"12month_rolling","General Surgery","Hernia Repair - Laparoscopic Inguinal Femoral","Jad, Ahmed",,,,,"188","336","256","376"
"12month_rolling","Ophthalmology","Oculo Plastic Surgery","Hussain, Ahsen Ayyaz",,,,,"177","475","124","384"
"2024_q1",,"Bladder Cancer Surgery",,"Zone 1","South Shore Regional","2024","1",,,"23","43"
"12month_rolling","General Surgery","Hernia Repair - Incisional","Dzierzanowski, Martin",,,,,"38","78","90","164"
"3month_rolling",,"Tonsillectomy and/or Adenoidectomy  (Pediatric)",,"Zone 3","Glace Bay","2025","2",,,"180","217"
"2025_q1",,"Hysterectomy  (Cancer Suspected or Proven)",,"Zone 4","QE2","2025","1","11","24","27","39"
"12month_rolling",,"Aesthetic Surgery",,"Zone 3","St. Martha's Regional","2025","2","95","293","134","232"
"2023_q3",,"Foot - Bunionectomy",,"Total","Provincial","2023","3",,,"90","216"
"12month_rolling","Neurosurgery","All","Walling, Simon",,,,,"8","45","36","118"
"2023_q4",,"Septoplasty",,"Zone 4","Dartmouth General","2023","4","48","98","163","586"
"12month_rolling",,"Wound Management",,"Total","Provincial","2025","2","22","953","7","112"
"12month_rolling",,"Hernia Repair - Laparoscopic Inguinal Femoral",,"Zone 3","Inverness Consolidated Memorial","2025","2","60","231","79","289"
"3month_rolling",,"Hysterectomy  (Cancer Suspected or Proven)",,"Zone 4","QE2","2025","2","21","37","21","36"
"12month_rolling","Vascular Surgery","Colorectal Cancer Surgery","Heisler, Benjamin",,,,,"20","91","35","40"
"3month_rolling",,"Pelvic Floor Repair",,"IWK","IWK","2025","2",,,"239","434"
"2024_q1",,"Dental Extractions and Restorations  (Adult)",,"Zone 4","QE2","2024","1","99","216","118","581"
"12month_rolling","Dental","Dental Extractions and Restorations  (Adult)","James, Lindsay",,,,,"36","70","313","372"
"2024_q2",,"Cystoscopy",,"Zone 4","QE2","2024","2","50","132","63","195"
"2025_q2",,"Hysteroscopy",,"Zone 3","Cape Breton Regional","2025","2",,,"41","456"
"12month_rolling",,"Thymectomy",,"Total","Provincial","2025","2","38","54","41","400"
"12month_rolling","Orthopaedic","Hand / Upper Extremity","Trenholm, J Andrew I",,,,,"51","78","257","298"
"2024_q3",,"Hernia Repair - Inguinal/Femoral",,"Zone 4","QE2","2024","3","32","42","85","265"
"2025_q1",,"Functional Endoscopic Sinus Surgery (FESS)",,"Zone 1","Valley Regional","2025","1",,,"311","323"
"2024_q3",,"Lung Cancer Surgery",,"Total","Provincial","2024","3","27","73","39","88"
"2023_q3",,"Hernia Repair - Umbilical",,"Zone 4","QE2","2023","3","84","405",,
"12month_rolling",,"Bowel Resection - Open",,"Zone 2","Cumberland Regional","2025","2","28","146","22","37"
"12month_rolling","Obstetrics/Gynaecology","All","Murray, Angus",,,,,"82","295","86","404"
"12month_rolling","Oral and Maxillofacial",,,,,"2025","2",,,"105","321"
"2024_q2",,"Hernia Repair - Inguinal/Femoral",,"Zone 2","Cumberland Regional","2024","2","55","97","52","140"
"12month_rolling","Urology","Cystoscopy","Lehmann, Kyle",,,,,"90","180","44","112"
"2024_q3",,"Hernia Repair - Inguinal/Femoral",,"Zone 2","Aberdeen Hospital","2024","3","186","366",,
"2024_q3",,"Hernia Repair  (Adult)",,"Zone 3","Cape Breton Regional","2024","3","283","526","292","685"
"2025_q1",,"Tonsillectomy and/or Adenoidectomy  (Pediatric)",,"Zone 3","St. Martha's Regional","2025","1",,,"56","98"
"2024_q2",,"Shoulder Surgery",,"Total","Provincial","2024","2","100","519","208","536"
"12month_rolling","Orthopaedic","Orthopaedic Trauma","Gauthier, Luke Edward",,,,,"1","1","3","136"
"2025_q1",,"Shoulder Arthroplasty",,"Zone 4","QE2","2025","1","74","315","192","417"
"2025_q1",,"Hysterectomy  (Cancer Not Suspected)",,"Zone 1","South Shore Regional","2025","1",,,"48","77"
"3month_rolling",,"Hysterectomy  (Cancer Not Suspected)",,"Zone 4","QE2","2025","2","15","20","28","98"
"2023_q2",,"Gallbladder Surgery",,"Total","Provincial","2023","2","33","202","56","200"
"12month_rolling","Orthopaedic","Hip Replacement","O'Neill, Brendan",,,,,"434","697","86","238"
"12month_rolling","General Surgery","Hernia Repair  (Adult)","Lapierre, Stephanie",,,,,"279","726","37","180"
"12month_rolling",,"Hernia Repair - Inguinal/Femoral",,"Zone 3","Cape Breton Regional","2025","2","251","644","115","437"
"2023_q2",,"Hysterectomy  (Cancer Not Suspected)",,"IWK","IWK","2023","2","239","691","151","248"
"2023_q3",,"Palmar Fascia Excision for Dupuytren's Disease",,"Zone 1","South Shore Regional","2023","3","97","373","88","161"
"2024_q3",,"Vascular Bypass Surgery",,"Zone 4","QE2","2024","3",,,"47","80"
"2024_q4",,"Ear Tubes  (Pediatric)",,"Zone 3","St. Martha's Regional","2024","4","43","76","27","47"
"12month_rolling","General Surgery","Insertion Vascular Access Catheter","MacDonald, Blair",,,,,"443","443","13","66"
"12month_rolling","Neurosurgery","All","Barry, Sean",,,,,"54","165","101","241"
"3month_rolling",,"Shoulder Arthroscopy",,"Zone 4","QE2","2025","2","47","125","143","356"
"2023_q2",,"Laryngology and Vocal Cord Surgery",,"Total","Provincial","2023","2","20","57","57","240"
"2025_q2",,"Breast Cancer Surgery",,"Zone 3","St. Martha's Regional","2025","2","7","12","26","40"
"2023_q3",,"Cataract Surgery",,"Zone 4","QE2","2023","3","83","226","64","266"
"12month_rolling","Oral Maxillofacial","Maxillofacial Deformity Surgery","Doucet, Jean-Charles",,,,,"415","658","225","631"
"12month_rolling","General Surgery","Bowel Resection - Laparoscopic","MacDonald, Blair",,,,,"21","175","28","31"
"12month_rolling","Otolaryngology (ENT)","Septoplasty","Fung, Elaine",,,,,"504","909","368","609"
"2025_q1",,"Hernia Repair  (Adult)",,"Zone 4","Dartmouth General","2025","1","117","371","92","272"
"12month_rolling","Plastic Surgery","Melanoma Excision","Simpson, Andrew",,,,,"9","15","20","24"
"12month_rolling","Vascular Surgery","AV Fistula Creation/Closure","Lee, Min S",,,,,"26","43","91","141"
"12month_rolling","Obstetrics/Gynaecology","All","Marais, Colin",,,,,"75","628","66","179"
"12month_rolling","Thoracic Surgery","Lung Surgery","French, Daniel Gerard",,,,,"18","41","30","62"
"2025_q1",,"Cardiac Valve Replacement",,"Total","Provincial","2025","1",,,"62","123"
"2023_q3",,"Foot - Arthrodesis",,"Zone 4","QE2","2023","3",,,"121","192"
"12month_rolling","General Surgery","All","MacFarlane, David",,,,,"30","106","56","126"
"12month_rolling","General Surgery","Colorectal Cancer Surgery","Nocon, Brian",,,,,"26","70","29","60"
"2024_q4",,"Knee Scope",,"Zone 1","Valley Regional","2024","4","89","159","101","169"
"2025_q1",,"Bladder Surgery",,"Total","Provincial","2025","1","19","71","62","107"
"12month_rolling","Vascular Surgery","Aneurysm Repair","Casey, Patrick J",,,,,"37","113","62","138"
"2024_q3",,"Gastrointestinal Tract Surgery",,"Zone 4","QE2","2024","3","33","175","46","112"
"2024_q2",,"Hernia Repair - Inguinal/Femoral",,"IWK","IWK","2024","2",,,"133","194"
"2023_q2",,"Hernia Repair  (Adult)",,"Total","Provincial","2023","2","57","334","73","283"
"2023_q4",,"Knee Scope",,"Zone 3","Cape Breton Regional","2023","4","56","136","41","85"
"12month_rolling","Orthopaedic","Knee Replacement","Brien, Donald M",,,,,"188","371","134","258"
"2023_q3",,"Shoulder Arthroscopy",,"Zone 4","Hants Community Hospital","2023","3","74","111","50","225"
"2023_q2",,"Bowel Resection",,"Zone 3","Cape Breton Regional","2023","2","9","22","32","46"
"2023_q2",,"Hernia Repair - Umbilical",,"Total","Provincial","2023","2","68","302","94","363"
"12month_rolling","Vascular Surgery","Endarterectomy","Smith, Matthew",,,,,"15","16","18","38"
"12month_rolling","Neurosurgery","All","Clarke, David B",,,,,"21","65","18","67"
"12month_rolling",,"Head and Neck Surgery",,"Zone 4","Dartmouth General","2025","2","32","105","75","216"
"12month_rolling","Plastic Surgery","Hand / Upper Extremity","Wheelock, Margaret",,,,,,,"239","369"
"2024_q2",,"Colorectal Cancer Surgery",,"Zone 1","Valley Regional","2024","2","24","69","35","81"
"2023_q4",,"Pelvic Floor Repair",,"IWK","IWK","2023","4","106","686","134","246"
"12month_rolling","Dental","All","Brown, Charlotte",,,,,"44","91","111","261"
"12month_rolling","General Surgery","Bowel Resection - Open","Yaffe, Paul",,,,,"18","140","51","71"
"2024_q2",,"Prostate Surgery",,"Zone 1","Yarmouth Regional","2024","2",,,"97","317"
"3month_rolling",,"Knee Replacement",,"Zone 1","Valley Regional","2025","2","441","485","237","463"
"2023_q4",,"Septoplasty",,"Zone 2","Cumberland Regional","2023","4",,,"56","120"
"12month_rolling","Ophthalmology","Cataract Surgery","Bata, Bashar",,,,,"47","53","73","78"
"2023_q3",,"Hysteroscopy",,"Zone 4","Dartmouth General","2023","3","23","89","73","90"
"2023_q2",,"Cataract Surgery",,"Zone 3","St. Martha's Regional","2023","2","118","231","37","148"
"12month_rolling","General Surgery","Bowel Resection - Open","McWilliams, Colin",,,,,"22","40","20","28"
"12month_rolling","Otolaryngology (ENT)","Head and Neck Surgery","Wallace, Timothy D",,,,,"38","113","96","132"
"2024_q4",,"Male Reproductive System Surgery",,"Total","Provincial","2024","4","100","327","127","467"
"12month_rolling","Orthopaedic","Hip Replacement Revision","Richardson, Christopher Glen",,,,,"19","31","97","420"
"2024_q4",,"Lymph Node Biopsy",,"Zone 4","QE2","2024","4","15","48","30","64"
"2024_q3",,"Glaucoma (Eye Pressure Lowering Surgery)",,"Zone 4","QE2","2024","3","40","580","22","71"
"2023_q4",,"Removal of Ovaries and/or Fallopian Tubes  (Cancer Suspected or Proven)",,"Total","Provincial","2023","4","25","197","43","121"
"12month_rolling","Obstetrics/Gynaecology","Hysteroscopy","Stairs, Jocelyn",,,,,"36","38","48","150"
"2024_q1",,"Septoplasty",,"Zone 1","Valley Regional","2024","1","328","604","87","151"
"2024_q3",,"Shoulder Arthroscopy",,"Zone 1","South Shore Regional","2024","3","80","422","112","196"
"12month_rolling",,"Sacral Nerve Stimulation",,"Zone 4","QE2","2025","2",,,"132","230"
"2023_q2",,"Cardioversion",,"Total","Provincial","2023","2",,,"26","44"
"2024_q2",,"Craniotomy or Craniectomy",,"Zone 4","QE2","2024","2",,,"156","294"
"12month_rolling","Neurosurgery","Back Surgery  (Adult)","Barry, Sean",,,,,"50","180","131","269"
"2024_q4",,"Bowel Resection - Laparoscopic",,"Zone 4","Dartmouth General","2024","4","16","103","37","53"
"2024_q4",,"Hernia Repair - Laparoscopic Inguinal Femoral",,"Zone 3","St. Martha's Regional","2024","4","36","90","194","384"
"2024_q2",,"Insertion Vascular Access Catheter",,"Zone 1","Yarmouth Regional","2024","2",,,"12","24"
"2024_q2",,"Gallbladder Surgery",,"Zone 4","Dartmouth General","2024","2","70","344","67","167"
"3month_rolling",,"Shoulder Surgery",,"Zone 4","Dartmouth General","2025","2",,,"198","251"
"2024_q1",,"Male Circumcision  (Adult)",,"Total","Provincial","2024","1","67","333","118","536"
"3month_rolling",,"Prostate Cancer Surgery",,"Zone 4","QE2","2025","2","27","55","75","171"
"2023_q2",,"Female Incontinence Surgery",,"Total","Provincial","2023","2","244","642","124","362"
"12month_rolling","General Surgery","Bowel Resection","Archibald, Alison",,,,,"14","55","17","50"
"2025_q1",,"Male Circumcision  (Pediatric)",,"IWK","IWK","2025","1",,,"99","674"
"12month_rolling","Neurosurgery","Brain Surgery  (Adult)","McNeely, P Daniel",,,,,"32","73","43","154"
"2024_q4",,"Hernia Repair - Inguinal/Femoral",,"Zone 4","Hants Community Hospital","2024","4","279","289","54","185"
"12month_rolling","Dental","All","Doyle, Tracy",,,,,"109","648","183","791"
"12month_rolling","Obstetrics/Gynaecology","All","Amir, Baharak",,,,,"23","118","156","447"
"2025_q2",,"Shoulder Surgery",,"Total","Provincial","2025","2","98","358","146","281"
"2023_q3",,"Amputations",,"Total","Provincial","2023","3","13","84","22","54"
"12month_rolling","General Surgery","Gastrointestinal Tract Surgery - Laparoscopic","Wasserman, Lukas",,,,,"52","93","34","48"
"2023_q3",,"Hip Replacement",,"Zone 1","Valley Regional","2023","3","216","388","469","625"
"12month_rolling","Orthopaedic","All","Prasad, Bangaradka Radhakrishna",,,,,"86","252","138","237"
"12month_rolling","Otolaryngology (ENT)","Sinus Surgery","Wallace, Timothy D",,,,,"81","423","27","104"
"12month_rolling",,"Foot - Osteotomy",,"Zone 4","QE2","2025","2","564","635","50","120"
"2023_q3",,"Aesthetic Surgery",,"Total","Provincial","2023","3","77","209","51","243"
"2025_q1",,"Gastrointestinal Tract Surgery",,"Zone 4","Dartmouth General","2025","1","35","98","51","312"
"12month_rolling","Obstetrics/Gynaecology","Pelvic Floor Repair","Moodley, Manivasan",,,,,"209","272","538","614"
"2024_q2",,"Hernia Repair  (Adult)",,"Zone 4","Hants Community Hospital","2024","2","245","567","62","119"
"12month_rolling","Orthopaedic","Knee Replacement - Partial","Gross, Michael",,,,,"275","364","62","118"
"2024_q3",,"Palmar Fascia Excision for Dupuytren's Disease",,"Zone 4","QE2","2024","3","613","1279","46","48"
"12month_rolling","General Surgery","Male Reproductive System Surgery","Milford, Karen",,,,,"91","293","128","444"
"2024_q2",,"Prostate Surgery",,"Zone 3","Northside General","2024","2",,,"29","69"
"3month_rolling",,"Functional Endoscopic Sinus Surgery (FESS)",,"Zone 1","Valley Regional","2025","2",,,"342","378"
"2023_q2",,"Shoulder Arthroplasty",,"Zone 1","Valley Regional","2023","2","113","706","400","586"
"12month_rolling","Orthopaedic","Tendon / Ligament Repair","McNeil, Daniel",,,,,"29","131","111","218"
"2024_q3",,"Gallbladder Surgery",,"Zone 3","Glace Bay","2024","3","87","195",,
"2024_q2",,"Cystoscopy",,"Zone 4","Dartmouth General","2024","2","39","140","91","435"
"2024_q2",,"Hernia Repair  (Adult)",,"Zone 2","Aberdeen Hospital","2024","2","102","368","93","159"
"3month_rolling",,"Endometrial Ablation",,"Zone 1","Valley Regional","2025","2",,,"49","105"
"12month_rolling","General Surgery","Colorectal Cancer Surgery","Shih, Warren W",,,,,"15","30","34","41"
"12month_rolling","General Surgery","Gastrointestinal Tract Surgery - Laparoscopic","Kenyon, Chris",,,,,"30","63","36","476"
"2023_q3",,"Coronary Artery Bypass Graft",,"Total","Provincial","2023","3",,,"8","48"
"12month_rolling",,"Gastrointestinal Tract Surgery - Laparoscopic",,"Zone 2","Colchester East Hants Health Centre","2025","2",,,"16","28"
"12month_rolling","General Surgery","Bariatric Surgery (for Weight Loss)","Jad, Ahmed",,,,,"123","254","119","234"
"2023_q2",,"Shoulder Arthroplasty",,"Zone 4","QE2","2023","2","146","324","315","596"
"3month_rolling",,"Lung Surgery",,"Zone 4","QE2","2025","2","27","64","24","49"
"2025_q2",,"Cystoscopy",,"Zone 1","South Shore Regional","2025","2","33","61","30","70"
"2024_q1",,"Hysteroscopy",,"Zone 3","Cape Breton Regional","2024","1",,,"48","133"
"2023_q2",,"Foot - Bunionectomy",,"Total","Provincial","2023","2",,,"184","319"
"2025_q1",,"Esophagectomy / Esophageal Surgery",,"Total","Provincial","2025","1","20","67","33","74"
"12month_rolling","General Surgery","Liver Surgery","Livingstone, Scott",,,,,"8","103","28","57"
"2024_q3",,"Functional Endoscopic Sinus Surgery (FESS)",,"Zone 4","Dartmouth General","2024","3","40","101","91","146"
"2023_q3",,"Septoplasty",,"Zone 4","Dartmouth General","2023","3","43","87","108","312"
"2025_q2",,"Dental Extractions and Restorations  (Pediatric)",,"Zone 3","Glace Bay","2025","2",,,"43","183"
"2024_q1",,"Hip Replacement",,"Zone 2","Aberdeen Hospital","2024","1","115","240","78","162"
"12month_rolling","Urology","Kidney Removal","Moore, Jonathan Peter",,,,,"25","61","37","43"
"3month_rolling",,"Lung Cancer Surgery",,"Total","Provincial","2025","2","28","64","24","49"
"12month_rolling","Urology","Kidney Stone Surgery","Himmelman, Jeffrey George",,,,,,,"38","111"
"12month_rolling","Urology","Kidney / Upper Urinary Tract","Paterson, Nicholas",,,,,"51","92","42","136"
"2023_q4",,"AV Fistula Creation/Closure",,"Total","Provincial","2023","4",,,"32","120"
"2024_q2",,"Cataract Surgery",,"Zone 1","Soldiers Memorial","2024","2","66","104","39","127"
"2024_q4",,"Hernia Repair  (Adult)",,"Zone 1","South Shore Regional","2024","4","64","147","37","124"
"12month_rolling","General Surgery","Hernia Repair - Inguinal/Femoral","Smith, Victoria",,,,,"127","205","21","34"
"2024_q4",,"Hernia Repair - Incisional",,"Total","Provincial","2024","4","69","500","116","318"
"3month_rolling",,"Coronary Artery Bypass Graft",,"Zone 4","QE2","2025","2",,,"47","85"
"2023_q2",,"Hernia Repair  (Pediatric)",,"IWK","IWK","2023","2","66","123","119","324"
"12month_rolling","Oral Maxillofacial","Dental Extractions and Restorations  (Adult)","Robertson, Chad G",,,,,"142","240","60","189"
"12month_rolling","Dental","All","Hughes, Stacey",,,,,"38","63","56","95"
"12month_rolling","General Surgery","Bowel Resection - Open","O'Sullivan, Colleen M",,,,,"33","33","29","49"
"12month_rolling","Orthopaedic","Back Surgery  (Pediatric)","Orlik, Benjamin",,,,,"155","222","251","424"
"12month_rolling","Orthopaedic","All","Johnston, David G",,,,,"70","625","437","619"
"2024_q1",,"Hernia Repair  (Adult)",,"Zone 1","Yarmouth Regional","2024","1","19","34","65","105"
"2023_q4",,"Brain Surgery  (Adult)",,"Zone 4","QE2","2023","4","69","716","45","190"
"3month_rolling",,"Endometrial Ablation",,"Zone 2","Aberdeen Hospital","2025","2","57","125","75","155"
"2025_q2",,"Gallbladder Surgery",,"Zone 1","Yarmouth Regional","2025","2","69","112","59","98"
"2024_q2",,"Lung Cancer Surgery",,"Total","Provincial","2024","2","25","69","29","62"
"12month_rolling","General Surgery","Hemorrhoidectomy","McGibney, Kieron",,,,,"66","170","91","131"
"2024_q1",,"Back Surgery  (Adult)",,"Zone 4","QE2","2024","1","80","498","98","214"
"2024_q2",,"Dental Extractions and Restorations  (Pediatric)",,"Total","Provincial","2024","2","57","302","142","506"
"12month_rolling","Otolaryngology (ENT)","All","Kujath, Magdalena",,,,,"121","582","200","437"
"2024_q3",,"Strabismus Surgery  (Pediatric)",,"IWK","IWK","2024","3",,,"246","634"
"2023_q3",,"Colorectal Cancer Surgery",,"Zone 4","Dartmouth General","2023","3","12","44","27","129"
"12month_rolling","General Surgery","Bowel Resection","Nocon, Brian",,,,,"26","66","35","60"
"2025_q2",,"Hernia Repair - Inguinal/Femoral",,"Zone 4","QE2","2025","2","151","461","79","131"
"12month_rolling","Cardiac Surgery","Cardiovascular Surgery","Ali, Idris M",,,,,,,"25","52"
"2023_q4",,"Shoulder Arthroscopy",,"Zone 3","Cape Breton Regional","2023","4","115","278","51","111"
"2023_q3",,"Bowel Resection - Laparoscopic",,"Zone 1","Valley Regional","2023","3","14","383","38","51"
"12month_rolling","Otolaryngology (ENT)","Head and Neck Surgery","Rigby, Matthew Hall",,,,,"14","14","26","45"
"2023_q2",,"Gastric Surgery - Laparoscopic",,"Total","Provincial","2023","2","53","137","154","494"
"12month_rolling","Urology","Prostate Surgery","Bailly, Greg G",,,,,"72","150","85","144"
"2025_q1",,"Gastrointestinal Tract Surgery",,"IWK","IWK","2025","1",,,"71","127"
"2025_q2",,"Dental Extractions and Restorations  (Pediatric)",,"IWK","IWK","2025","2","170","677","177","738"
"2023_q4",,"Tonsillectomy and/or Adenoidectomy  (Pediatric)",,"Zone 3","Cape Breton Regional","2023","4","41","194","159","284"
"12month_rolling","Obstetrics/Gynaecology","Hysterectomy  (Cancer Suspected or Proven)","Joshi, Changulanda",,,,,"37","68","25","37"
"2024_q3",,"Carpal Tunnel Surgery",,"Total","Provincial","2024","3","91","511","50","149"
"2024_q2",,"Hernia Repair - Laparoscopic Inguinal Femoral",,"Zone 4","Dartmouth General","2024","2","210","453","129","164"
"2024_q4",,"Hand / Upper Extremity",,"Total","Provincial","2024","4","43","100","150","530"
"12month_rolling",,"Patella Surgery",,"IWK","IWK","2025","2",,,"174","244"
"12month_rolling","General Surgery","Gastric Surgery","Blackmore, Christopher",,,,,"16","30","54","82"
"2023_q2",,"Cardiac Valve Replacement",,"Total","Provincial","2023","2",,,"43","112"
"2024_q2",,"Esophagectomy / Esophageal Surgery",,"Zone 4","QE2","2024","2","22","86","40","128"
"2025_q1",,"Bowel Resection - Open",,"Zone 1","Yarmouth Regional","2025","1",,,"27","63"
"2023_q2",,"Male Reproductive System Surgery",,"Zone 4","Hants Community Hospital","2023","2","117","363","104","251"
"2024_q3",,"Knee Scope",,"Zone 2","Aberdeen Hospital","2024","3","112","188","62","124"
"2024_q3",,"Male Reproductive System Surgery",,"Zone 2","Colchester East Hants Health Centre","2024","3","134","316","329","400"
"2023_q2",,"Bladder Surgery",,"Total","Provincial","2023","2","11","90","50","118"
"2024_q1",,"Hernia Repair - Laparoscopic Umbilical",,"Total","Provincial","2024","1","93","251","262","331"
"12month_rolling",,"Male Reproductive System Surgery",,"IWK","IWK","2025","2","110","788","137","665"
"12month_rolling","Urology","Kidney / Upper Urinary Tract","McGregor, Thomas",,,,,"24","32","30","55"
"12month_rolling","Vascular Surgery","Bowel Resection","Heisler, Benjamin",,,,,"20","270","37","96"
"12month_rolling","Plastic Surgery","Otoplasty","Bezuhly, Michael",,,,,"136","213","168","282"
"2024_q1",,"Functional Endoscopic Sinus Surgery (FESS)",,"Zone 3","Cape Breton Regional","2024","1","29","55",,
"2024_q4",,"Dental Extractions and Restorations  (Pediatric)",,"Zone 3","Inverness Consolidated Memorial","2024","4","104","258","70","330"
"2023_q2",,"Hernia Repair - Umbilical",,"Zone 2","Colchester East Hants Health Centre","2023","2","85","202","151","297"
"2024_q3",,"Knee Replacement Revision",,"Zone 4","Dartmouth General","2024","3",,,"91","176"
"2024_q3",,"Hernia Repair - Umbilical",,"Zone 4","Dartmouth General","2024","3","94","434","139","244"
"2024_q1",,"Prostate Surgery - Laparoscopic",,"Total","Provincial","2024","1","25","43","102","242"
"2023_q3",,"Gastric Surgery - Laparoscopic",,"Zone 4","QE2","2023","3","82","476","191","486"
"12month_rolling",,"Bowel Resection - Laparoscopic",,"Zone 4","Dartmouth General","2025","2","18","172","31","87"
"2023_q3",,"Vascular Bypass Surgery",,"Zone 4","QE2","2023","3",,,"24","36"
"2023_q2",,"Male Reproductive System Surgery",,"Total","Provincial","2023","2","83","259","126","455"
"12month_rolling","Plastic Surgery","Melanoma Excision","Singh, Ashvir",,,,,"25","57","14","18"
"12month_rolling","Otolaryngology (ENT)","Surgery for Hearing or Balance Problems of the Ear","Balys, Richard L",,,,,"66","558","77","154"
"2024_q1",,"Dental Extractions and Restorations  (Adult)",,"Zone 4","Dartmouth General","2024","1",,,"72","195"
"2023_q3",,"Knee Scope",,"Zone 3","Cape Breton Regional","2023","3","29","85","28","67"
"2023_q3",,"Septoplasty",,"Zone 3","St. Martha's Regional","2023","3","148","155","69","145"
"2024_q4",,"Thyroid or Parathyroid Surgery",,"Zone 3","Cape Breton Regional","2024","4","70","155","153","458"
"2024_q4",,"Breast Cancer Surgery",,"Zone 2","Aberdeen Hospital","2024","4","19","39","23","34"
"12month_rolling","Obstetrics/Gynaecology","Pelvic Floor Repair","Smith, Anita",,,,,"88","172","266","430"
"2024_q4",,"Knee Replacement",,"Zone 1","Valley Regional","2024","4","296","479","154","473"
"2024_q1",,"Hernia Repair - Inguinal/Femoral",,"Zone 2","Cumberland Regional","2024","1","36","80","50","120"
"2023_q4",,"Dental Extractions and Restorations  (Pediatric)",,"Zone 3","St. Martha's Regional","2023","4","145","238","81","344"
"2023_q4",,"Hernia Repair - Laparoscopic Inguinal Femoral",,"Total","Provincial","2023","4","51","271","106","300"
"2024_q1",,"Bowel Resection",,"Zone 3","Cape Breton Regional","2024","1","20","93","22","69"
"3month_rolling",,"Hip Replacement",,"Zone 3","Cape Breton Regional","2025","2","144","237","59","111"
"2024_q1",,"Hernia Repair - Umbilical",,"Total","Provincial","2024","1","64","390","99","310"
"2025_q2",,"Back Surgery  (Pediatric)",,"IWK","IWK","2025","2",,,"281","569"
"2023_q4",,"Male Reproductive System Surgery",,"Zone 3","Cape Breton Regional","2023","4","29","187","86","180"
"12month_rolling","Plastic Surgery","Breast Reconstruction","Corkum, Joseph",,,,,"183","333","55","227"
"2023_q4",,"Hysterectomy  (Cancer Not Suspected)",,"Zone 3","St. Martha's Regional","2023","4","84","1006","89","148"
"2024_q2",,"Gallbladder Surgery",,"Zone 2","Cumberland Regional","2024","2","17","65","47","103"
"2023_q2",,"Hysteroscopy",,"Zone 4","Dartmouth General","2023","2","42","96","45","108"
"12month_rolling","General Surgery","Hernia Repair - Ventral","Booth, John",,,,,"35","43","169","247"
"12month_rolling","Orthopaedic","Shoulder Surgery","McNeil, Daniel",,,,,"92","185","192","231"
"2023_q3",,"Gallbladder Surgery",,"Zone 2","Colchester East Hants Health Centre","2023","3","31","113","40","145"
"12month_rolling",,"Wound Management",,"Zone 4","QE2","2025","2","41","953","33","79"
"12month_rolling","Ophthalmology","All","Hamilton, Claire",,,,,"223","315","62","197"
"2025_q1",,"Sacral Nerve Stimulation",,"Zone 4","QE2","2025","1",,,"173","240"
"2024_q2",,"Gallbladder Surgery",,"Zone 3","St. Martha's Regional","2024","2","20","44","77","126"
"2023_q2",,"Palmar Fascia Excision for Dupuytren's Disease",,"Total","Provincial","2023","2","67","500","77","353"
"12month_rolling","General Surgery","Bowel Resection","Stewart, Riley",,,,,"24","103","32","130"
"3month_rolling",,"Dental Extractions and Restorations  (Adult)",,"Total","Provincial","2025","2","112","299","74","364"
"3month_rolling",,"Cleft Lip/Palate  (Pediatric)",,"IWK","IWK","2025","2",,,"134","271"
"2023_q3",,"Male Reproductive System Surgery",,"Zone 4","Dartmouth General","2023","3","59","243","134","263"
"2023_q3",,"Shoulder Surgery",,"Total","Provincial","2023","3","86","401","239","529"
"2024_q2",,"Shoulder Arthroplasty",,"Zone 4","QE2","2024","2","80","341","208","777"
"12month_rolling","Thoracic Surgery","Lung Cancer Surgery","Plourde, Madelaine M",,,,,"33","89","21","57"
"2025_q1",,"Palmar Fascia Excision for Dupuytren's Disease",,"Zone 3","St. Martha's Regional","2025","1","251","544",,
"12month_rolling","Orthopaedic","Foot - Osteotomy","Burgesson, Bernard",,,,,"572","623","40","50"
"2025_q1",,"Breast Reduction Surgery",,"Zone 4","QE2","2025","1","1100","1946","81","372"
"2024_q3",,"Breast Cancer Surgery",,"Zone 1","Yarmouth Regional","2024","3","7","54","24","49"
"12month_rolling","Urology","Prostate Cancer Surgery","Massaro, Peter",,,,,"81","100","75","89"
"2025_q1",,"AV Fistula Creation/Closure",,"Zone 4","QE2","2025","1",,,"32","59"
"2024_q1",,"Craniotomy or Craniectomy",,"Zone 4","QE2","2024","1",,,"44","183"
"2023_q2",,"Kidney Stone Surgery",,"Zone 4","QE2","2023","2","31","78","45","91"
"12month_rolling",,"Whipple Procedures",,"Total","Provincial","2025","2","14","27","29","54"
"2025_q1",,"Tonsillectomy and/or Adenoidectomy  (Pediatric)",,"Zone 1","South Shore Regional","2025","1","338","425","63","149"
"12month_rolling",,"Wound Management",,"IWK","IWK","2025","2",,,"6","14"
"12month_rolling","General Surgery","Hemorrhoidectomy","Clark, F Donald",,,,,"112","117","62","80"
"2024_q4",,"Brain Surgery  (Adult)",,"Zone 4","QE2","2024","4","20","112","24","162"
"2025_q1",,"Male Circumcision  (Pediatric)",,"Total","Provincial","2025","1",,,"46","674"
"12month_rolling","General Surgery","Bowel Resection - Open","Helyer, Lucy K",,,,,"28","113","18","40"
"2024_q3",,"Gastrointestinal Tract Surgery",,"Zone 1","Yarmouth Regional","2024","3",,,"36","87"
"12month_rolling","General Surgery","AV Fistula Creation/Closure","Walsh, Mark J",,,,,"11","15","28","30"
"2024_q4",,"Knee Scope",,"Zone 4","Dartmouth General","2024","4","63","127","71","278"
"12month_rolling",,"Male Reproductive System Surgery",,"Zone 2","Colchester East Hants Health Centre","2025","2","138","418","210","474"
"2025_q1",,"Back Surgery  (Adult)",,"Zone 4","QE2","2025","1","101","765","91","224"
"12month_rolling","Otolaryngology (ENT)","Functional Endoscopic Sinus Surgery (FESS)","Clifton, Neil",,,,,"166","273","82","148"
"12month_rolling","Otolaryngology (ENT)","Ear Tubes  (Pediatric)","Kujath, Magdalena",,,,,"167","372","115","228"
"2023_q4",,"Foot - Arthrodesis",,"Zone 4","QE2","2023","4","768","1008","137","184"
"2023_q3",,"Gastrointestinal Tract Surgery",,"Total","Provincial","2023","3","37","259","43","265"
"2024_q4",,"Endometrial Ablation",,"Total","Provincial","2024","4","70","729","77","179"
"12month_rolling",,"Bowel Resection - Open",,"Zone 1","Yarmouth Regional","2025","2","21","59","27","87"
"2024_q1",,"Pelvic Floor Repair",,"Zone 2","Colchester East Hants Health Centre","2024","1","86","234",,
"12month_rolling","General Surgery","Gastrointestinal Tract Surgery","Murdoch, John L",,,,,"155","428","40","111"
"2024_q1",,"Oculo Plastic Surgery",,"Zone 3","Cape Breton Regional","2024","1",,,"99","277"
"2024_q4",,"Nose Surgery - Reconstructive or Aesthetic",,"Zone 4","QE2","2024","4","22","64","39","184"
"2023_q4",,"Gallbladder Surgery",,"Zone 2","Aberdeen Hospital","2023","4","19","118","45","67"
"2024_q3",,"Bladder Cancer Surgery",,"Zone 1","Yarmouth Regional","2024","3",,,"29","77"
"12month_rolling","Obstetrics/Gynaecology","All","McCarthy, Leanne",,,,,"138","699","78","387"
"2025_q2",,"Hernia Repair  (Adult)",,"Total","Provincial","2025","2","80","465","77","217"
"2023_q2",,"Hernia Repair  (Adult)",,"Zone 1","South Shore Regional","2023","2","42","111","38","123"
"2024_q2",,"Bladder Surgery",,"Total","Provincial","2024","2","17","151","44","105"
"2024_q2",,"Back Surgery  (Adult)",,"Total","Provincial","2024","2","98","323","91","230"
"2025_q2",,"Breast Cancer Surgery",,"Zone 1","Valley Regional","2025","2","13","76","31","51"
"3month_rolling",,"Kidney Stone Surgery",,"Zone 1","Yarmouth Regional","2025","2",,,"49","76"
"2023_q4",,"Bladder Cancer Surgery",,"Zone 2","Colchester East Hants Health Centre","2023","4","23","66","36","51"
"2023_q2",,"Tonsillectomy and/or Adenoidectomy  (Adult)",,"Total","Provincial","2023","2","26","139","118","516"
"12month_rolling",,"Kidney / Upper Urinary Tract",,"IWK","IWK","2025","2","142","604","166","525"
"2024_q2",,"Gallbladder Surgery",,"Zone 3","Glace Bay","2024","2","130","294",,
"2025_q2",,"Kidney / Upper Urinary Tract",,"Zone 3","Cape Breton Regional","2025","2",,,"48","84"
"2025_q2",,"Knee Replacement",,"Zone 2","Aberdeen Hospital","2025","2","178","281","114","342"
"2024_q4",,"Hernia Repair - Inguinal/Femoral",,"Zone 4","Dartmouth General","2024","4","83","615","92","232"
"3month_rolling",,"Strabismus Surgery  (Pediatric)",,"IWK","IWK","2025","2",,,"83","360"
"2024_q1",,"Bowel Resection - Open",,"Zone 1","South Shore Regional","2024","1","40","44","25","36"
"12month_rolling","General Surgery","Bowel Resection - Open","Lamey, Alicia",,,,,"24","41","26","46"
"2023_q3",,"Maxillofacial Deformity Surgery",,"Total","Provincial","2023","3","248","400","244","541"
"12month_rolling","General Surgery","Colorectal Cancer Surgery","Smith, Victoria",,,,,"14","16","33","48"
"12month_rolling",,"Bone / Cartilage Graft",,"Total","Provincial","2025","2","96","373","184","329"
"3month_rolling",,"Hernia Repair - Incisional",,"Zone 2","Cumberland Regional","2025","2",,,"52","68"
"2024_q2",,"Male Circumcision  (Adult)",,"Zone 2","Colchester East Hants Health Centre","2024","2","261","602",,
"12month_rolling",,"Shoulder Arthroplasty",,"Zone 3","Cape Breton Regional","2025","2","288","394","68","134"
"2023_q3",,"Hernia Repair  (Adult)",,"Zone 2","Colchester East Hants Health Centre","2023","3","27","88","68","173"
"2025_q2",,"Shoulder Arthroscopy",,"Zone 2","Aberdeen Hospital","2025","2","72","246","214","337"
"2024_q2",,"Gastrointestinal Tract Surgery",,"Zone 2","Colchester East Hants Health Centre","2024","2",,,"47","112"
"2023_q3",,"Hernia Repair - Inguinal/Femoral",,"Zone 4","QE2","2023","3","186","371","149","442"
"2024_q2",,"Sinus Surgery",,"Total","Provincial","2024","2","61","430","42","208"
"2024_q4",,"Coronary Artery Bypass Graft",,"Zone 4","QE2","2024","4",,,"67","122"
"12month_rolling","Otolaryngology (ENT)","Thyroid or Parathyroid Surgery","Rigby, Matthew Hall",,,,,,,"50","85"
"2023_q3",,"Carpal Tunnel Surgery",,"Zone 3","St. Martha's Regional","2023","3",,,"249","293"
"2025_q1",,"Cystoscopy",,"Zone 1","South Shore Regional","2025","1","29","361","31","72"
"12month_rolling",,"Pilonidal Cyst Surgery",,"Zone 2","Colchester East Hants Health Centre","2025","2",,,"164","202"
"2023_q2",,"Septoplasty",,"Zone 4","Dartmouth General","2023","2","44","133","117","435"
"2024_q1",,"Insertion Vascular Access Catheter",,"Zone 1","Yarmouth Regional","2024","1",,,"7","10"
"2023_q2",,"Thyroid or Parathyroid Surgery",,"Zone 4","Dartmouth General","2023","2","14","38","70","315"
"12month_rolling","Orthopaedic","Knee Scope","Coady, Catherine M",,,,,"52","146","106","310"
"2023_q2",,"Cystoscopy",,"Zone 4","Dartmouth General","2023","2","38","124","107","451"
"12month_rolling",,"Hernia Repair - Inguinal/Femoral",,"Zone 1","Yarmouth Regional","2025","2","55","120","65","134"
"2024_q4",,"Gastrointestinal Tract Surgery - Laparoscopic",,"Zone 1","Valley Regional","2024","4","29","323","54","109"
"2023_q4",,"Sinus Surgery",,"Total","Provincial","2023","4","72","547","38","355"
"12month_rolling","Ophthalmology","Vitreoretinal Diseases","Mishra, Amit",,,,,"15","56","10","41"
"2024_q1",,"Lung Cancer Surgery",,"Zone 4","QE2","2024","1","23","50","40","88"
"12month_rolling",,"Nissen Fundoplication - Laparoscopic",,"Total","Provincial","2025","2","73","610","107","459"
"12month_rolling","General Surgery","Hernia Repair - Incisional","Booth, John",,,,,"31","42","183","268"
"12month_rolling","Orthopaedic","Foot - Arthrodesis","Hayward, Andrew",,,,,"27","183","73","146"
"12month_rolling","Urology","Male Circumcision  (Adult)","Moore, Jonathan Peter",,,,,"132","190","130","432"
"2024_q1",,"Lung Cancer Surgery",,"Total","Provincial","2024","1","23","50","40","88"
"12month_rolling","Obstetrics/Gynaecology","Endometrial Ablation","Tynski, Gregory",,,,,"491","729","89","107"
"2023_q3",,"Lung Cancer Surgery",,"Zone 4","QE2","2023","3","27","54","43","103"
"2025_q2",,"Aneurysm Repair",,"Zone 4","QE2","2025","2","54","255","50","100"
"3month_rolling",,"Hemorrhoidectomy",,"Zone 3","Cape Breton Regional","2025","2","70","446",,
"2023_q4",,"Bowel Resection",,"Zone 4","Dartmouth General","2023","4","17","154","24","52"
"2023_q2",,"Carpal Tunnel Surgery",,"Total","Provincial","2023","2","52","185","85","296"
"2024_q1",,"Gastrointestinal Tract Surgery",,"Zone 3","Cape Breton Regional","2024","1","50","139","38","231"
"2023_q3",,"Hand / Upper Extremity",,"Total","Provincial","2023","3","155","528","131","622"
"2024_q3",,"Bladder Cancer Surgery",,"Zone 3","Northside General","2024","3",,,"64","187"
"12month_rolling","Obstetrics/Gynaecology","All","Kieser, Katharina E",,,,,"15","36","27","64"
"2023_q3",,"Prostatectomy",,"Zone 4","QE2","2023","3","22","48","138","218"
"2024_q4",,"Cataract Surgery",,"Zone 2","Cumberland Regional","2024","4","291","323","105","143"
"2023_q4",,"Amputations",,"Total","Provincial","2023","4","56","105","21","112"
"12month_rolling","Orthopaedic","Hip Arthroscopy","Urquhart, Nathan Alexander",,,,,"149","303","121","194"
"2023_q2",,"Dental Extractions and Restorations  (Adult)",,"IWK","IWK","2023","2",,,"342","950"
"12month_rolling",,"Gastrointestinal Tract Surgery - Laparoscopic",,"Zone 2","Cumberland Regional","2025","2","12","47","24","41"
"12month_rolling","Ophthalmology","Cataract Surgery","Oosthuizen, Pieter",,,,,"34","193","52","120"
"2024_q1",,"Tonsillectomy and/or Adenoidectomy  (Adult)",,"Total","Provincial","2024","1","77","354","150","389"
"2023_q4",,"Hip Arthroscopy",,"Zone 4","Dartmouth General","2023","4","83","239","108","297"
"2025_q2",,"Hernia Repair - Laparoscopic Incisional",,"Total","Provincial","2025","2","79","224","93","456"
"2024_q3",,"Shoulder Surgery",,"Total","Provincial","2024","3","129","403","189","438"
"12month_rolling","General Surgery","Hernia Repair  (Adult)","King, Jenelle",,,,,"44","131","66","119"
"2025_q2",,"Shoulder Arthroplasty",,"Zone 4","QE2","2025","2","77","178","107","369"
"2024_q4",,"Carpal Tunnel Surgery",,"Zone 1","Valley Regional","2024","4","88","319","98","202"
"2024_q1",,"Cardiac Valve Replacement",,"Total","Provincial","2024","1",,,"13","75"
"2025_q1",,"Endometrial Ablation",,"Zone 2","Aberdeen Hospital","2025","1","64","177","139","266"
"12month_rolling","Dental","Dental Extractions and Restorations  (Pediatric)","Swinkles, Stephanie",,,,,,,"51","186"
"12month_rolling","Ophthalmology","Strabismus Surgery  (Adult)","Bata, Bashar",,,,,"130","343","239","358"
"2023_q4",,"Surgery for Hearing or Balance Problems of the Ear",,"Zone 1","Yarmouth Regional","2023","4","155","409","51","129"
"2023_q3",,"Hernia Repair - Inguinal/Femoral",,"Zone 1","Valley Regional","2023","3","52","250","39","161"
"2025_q1",,"Kidney Removal",,"Total","Provincial","2025","1","16","64","69","139"
"2024_q2",,"Carpal Tunnel Surgery",,"Zone 4","Hants Community Hospital","2024","2",,,"19","48"
"12month_rolling","General Surgery","Gastrointestinal Tract Surgery","Lapierre, Stephanie",,,,,"15","30","20","83"
"12month_rolling","Plastic Surgery","Aesthetic Surgery","Williams, Jason G",,,,,"449","575","40","124"
"12month_rolling","Otolaryngology (ENT)","Head and Neck Surgery","Trites, Jonathan R",,,,,"19","36","27","127"
"12month_rolling","Obstetrics/Gynaecology","All","Oniah, Mojisola",,,,,"34","126","41","95"
"2024_q2",,"Tendon / Ligament Repair",,"Total","Provincial","2024","2","75","419","65","198"
"12month_rolling","Otolaryngology (ENT)","All","Chin, Christopher",,,,,"38","869","82","117"
"2025_q2",,"Brain Surgery  (Pediatric)",,"IWK","IWK","2025","2",,,"94","198"
"2023_q3",,"Knee Scope",,"Zone 2","Aberdeen Hospital","2023","3","51","175","91","135"
"2024_q3",,"Kidney Removal",,"Total","Provincial","2024","3","13","43","54","163"
"12month_rolling","General Surgery","Hernia Repair  (Adult)","Yaffe, Paul",,,,,"278","453","106","170"
"12month_rolling","Orthopaedic","Shoulder Surgery","Trenholm, J Andrew I",,,,,"75","172","228","529"
"2023_q3",,"Knee Replacement",,"Zone 1","Valley Regional","2023","3","359","436","438","655"
"2025_q1",,"Hernia Repair - Inguinal/Femoral",,"Zone 2","Colchester East Hants Health Centre","2025","1","55","98","127","195"
"2023_q2",,"Knee Scope",,"Zone 3","Cape Breton Regional","2023","2","24","49","45","76"
"2024_q1",,"Breast Reduction Surgery",,"Total","Provincial","2024","1","272","1699","55","219"
"2024_q4",,"Oculo Plastic Surgery",,"Total","Provincial","2024","4","56","398","146","377"
"2024_q2",,"Pancreas Surgery",,"Zone 4","QE2","2024","2","12","19","18","31"
"2023_q3",,"Bowel Resection - Laparoscopic",,"Total","Provincial","2023","3","22","121","29","83"
"2023_q3",,"Sacral Nerve Stimulation",,"Total","Provincial","2023","3",,,"93","143"
"12month_rolling",,"Hip Arthroscopy",,"Zone 4","Hants Community Hospital","2025","2",,,"451","785"
"12month_rolling",,"Insertion Vascular Access Catheter",,"Zone 2","Cumberland Regional","2025","2","7","20","6","17"
"2025_q1",,"Hernia Repair  (Adult)",,"Zone 3","St. Martha's Regional","2025","1","50","139","216","474"
"12month_rolling","Thoracic Surgery","All","Plourde, Madelaine M",,,,,"35","107","25","128"
"2025_q2",,"Gallbladder Surgery",,"Zone 4","QE2","2025","2","43","148","77","211"
"2024_q4",,"Pancreas Surgery",,"Zone 4","QE2","2024","4","15","28","30","69"
"2024_q1",,"Bowel Resection - Open",,"Zone 4","QE2","2024","1","21","58","49","120"
"12month_rolling","General Surgery","Pilonidal Cyst Surgery","Hossain, Farisa",,,,,"22","245","159","241"
"12month_rolling",,"Vitreoretinal Diseases",,"Zone 4","QE2","2025","2","33","174","21","87"
"2024_q2",,"Pacemaker Insertion",,"Zone 2","Aberdeen Hospital","2024","2",,,"54","114"
"2024_q2",,"Dental Extractions and Restorations  (Pediatric)",,"Zone 2","Cumberland Regional","2024","2","28","70","66","169"
"2025_q2",,"Bladder Surgery",,"Total","Provincial","2025","2","9","21","56","87"
"12month_rolling",,"Foot - Arthrodesis",,"Total","Provincial","2025","2","303","654","92","294"
"12month_rolling",,"Cardiovascular Surgery",,"IWK","IWK","2025","2",,,"48","176"
"2023_q2",,"Temperomandibular Joint Surgery (TMJ)",,"Total","Provincial","2023","2","315","818","227","574"
"2024_q4",,"Gallbladder Surgery",,"Zone 4","QE2","2024","4","33","158","61","199"
"2023_q3",,"Kidney Removal",,"Zone 4","QE2","2023","3","17","45","67","117"
"12month_rolling","General Surgery","Hernia Repair  (Adult)","Gala Lopez, Boris",,,,,"122","171","86","191"
"2025_q1",,"Orthopaedic Trauma",,"Zone 4","QE2","2025","1",,,"32","145"
"2023_q2",,"Back Surgery  (Adult)",,"Zone 4","QE2","2023","2","70","477","122","284"
"12month_rolling","Obstetrics/Gynaecology","Removal of Ovaries and/or Fallopian Tubes  (Cancer Suspected or Proven)","Joice, Shannon",,,,,"21","163","70","112"
"2024_q1",,"Lacrimal Duct Probing",,"Zone 4","QE2","2024","1",,,"48","119"
"2024_q4",,"Tear Duct Surgery",,"Total","Provincial","2024","4","26","515",,
"2025_q1",,"Hernia Repair - Inguinal/Femoral",,"Zone 1","Yarmouth Regional","2025","1","52","98","64","119"
"2025_q1",,"Whipple Procedures",,"Total","Provincial","2025","1","17","51","30","37"
"12month_rolling",,"Surgery for Hearing or Balance Problems of the Ear",,"Zone 2","Cumberland Regional","2025","2","110","256","36","142"
"12month_rolling",,"Osteotomy",,"Zone 4","QE2","2025","2","232","635","66","192"
"2024_q4",,"Knee Scope",,"Zone 1","South Shore Regional","2024","4","52","197","150","185"
"3month_rolling",,"Tonsillectomy and/or Adenoidectomy  (Pediatric)",,"Zone 1","Valley Regional","2025","2","292","324","293","480"
"12month_rolling","Urology","Prostate Surgery","Lehmann, Kyle",,,,,"168","168","80","322"
"12month_rolling","General Surgery","Hernia Repair - Inguinal/Femoral","Lapierre, Stephanie",,,,,"279","603","35","176"
"2024_q2",,"Hip Replacement Revision",,"Total","Provincial","2024","2","33","113","78","264"
"2024_q2",,"Back Surgery  (Pediatric)",,"IWK","IWK","2024","2",,,"422","437"
"12month_rolling",,"Gastrointestinal Tract Surgery - Laparoscopic",,"Zone 1","Valley Regional","2025","2","31","270","47","101"
"12month_rolling","Obstetrics/Gynaecology","Hysterectomy  (Cancer Not Suspected)","Mawdsley, Scott D",,,,,"49","115","110","157"
"2024_q1",,"Kidney Stone Surgery",,"Zone 4","Dartmouth General","2024","1","35","219",,
"12month_rolling","Obstetrics/Gynaecology","Cystoscopy","Stairs, Jocelyn",,,,,"153","199","136","168"
"2024_q4",,"Orthopaedic Trauma",,"Total","Provincial","2024","4","19","52","19","151"
"2024_q1",,"Sacral Nerve Stimulation",,"Zone 4","QE2","2024","1",,,"133","162"
"12month_rolling","Obstetrics/Gynaecology","Hysteroscopy","Mawdsley, Scott D",,,,,"39","135","59","129"
"2023_q4",,"Tonsillectomy and/or Adenoidectomy  (Pediatric)",,"Zone 3","St. Martha's Regional","2023","4",,,"76","106"
"2024_q1",,"Prostatectomy",,"Total","Provincial","2024","1","26","54","97","240"
"2023_q2",,"Breast Reduction Surgery",,"Zone 3","St. Martha's Regional","2023","2","28","51",,
"12month_rolling","General Surgery","Bowel Resection","Drohan, Ashley",,,,,"27","174","35","77"
"3month_rolling",,"Gallbladder Surgery",,"Zone 1","Valley Regional","2025","2","39","313","61","186"
"2024_q3",,"Endometrial Ablation",,"Total","Provincial","2024","3","189","587","65","269"
"2024_q1",,"Breast Reduction Surgery",,"Zone 4","QE2","2024","1","1228","2086","49","114"
"2024_q1",,"Bowel Resection - Laparoscopic",,"Zone 4","Dartmouth General","2024","1","9","23","26","48"
"2024_q1",,"Hernia Repair - Inguinal/Femoral",,"Total","Provincial","2024","1","48","311","70","243"
"2023_q3",,"Dental Extractions and Restorations  (Pediatric)",,"Zone 3","St. Martha's Regional","2023","3","190","323","104","284"
"2023_q3",,"Prostatectomy",,"Total","Provincial","2023","3","22","65","123","217"
"2024_q3",,"Gallbladder Surgery",,"Zone 4","Hants Community Hospital","2024","3","36","45","36","59"
"2024_q1",,"Hernia Repair  (Adult)",,"Total","Provincial","2024","1","51","344","79","281"
"2024_q3",,"Gastrointestinal Tract Surgery - Laparoscopic",,"Zone 3","St. Martha's Regional","2024","3","14","92",,
"3month_rolling",,"Knee Replacement",,"Total","Provincial","2025","2","363","504","138","445"
"2023_q4",,"Knee Scope",,"Zone 4","Dartmouth General","2023","4","75","290","83","426"
"12month_rolling","Ophthalmology","Cataract Surgery","Cheevers, Paul",,,,,"302","439","55","121"
"12month_rolling",,"Surgery for Hearing or Balance Problems of the Ear",,"Total","Provincial","2025","2","77","332","79","259"
"12month_rolling","Otolaryngology (ENT)","Septoplasty","Taylor, Benjamin A",,,,,"424","846","264","348"
"2023_q3",,"Male Reproductive System Surgery",,"Zone 3","Cape Breton Regional","2023","3","61","272","79","457"
"2025_q2",,"Gastrointestinal Tract Surgery - Laparoscopic",,"Zone 3","Cape Breton Regional","2025","2","17","146","13","35"
"2024_q4",,"Surgery for Hearing or Balance Problems of the Ear",,"Zone 1","Valley Regional","2024","4","167","568","195","287"
"2024_q1",,"Gallbladder Surgery",,"Zone 3","Glace Bay","2024","1","102","412",,
"2023_q4",,"Removal of Ovaries and/or Fallopian Tubes  (Cancer Not Suspected)",,"Zone 3","Cape Breton Regional","2023","4","48","107","446","484"
"2024_q3",,"Septoplasty",,"Zone 2","Cumberland Regional","2024","3",,,"65","96"
"12month_rolling","Ophthalmology","All","Mayer, Kristine L",,,,,"145","196","52","94"
"12month_rolling",,"Resurfacing - Knee",,"Total","Provincial","2025","2",,,"74","382"
"12month_rolling","General Surgery","Gallbladder Surgery","Yaffe, Paul",,,,,"141","720","61","107"
"2024_q4",,"Male Circumcision  (Adult)",,"Zone 4","Hants Community Hospital","2024","4",,,"154","432"
"12month_rolling","Orthopaedic","Ankle - Arthroplasty","Morash, Joel",,,,,"242","886","46","77"
"2024_q2",,"Hernia Repair - Umbilical",,"Zone 1","South Shore Regional","2024","2","41","56","26","125"
"2023_q3",,"Coronary Artery Bypass Graft",,"Zone 4","QE2","2023","3",,,"8","48"
"2023_q4",,"Hernia Repair - Incisional",,"Total","Provincial","2023","4","55","462","109","496"
"2025_q1",,"Ear Tubes  (Pediatric)",,"Zone 3","St. Martha's Regional","2025","1","66","105","57","98"
"12month_rolling","Obstetrics/Gynaecology","Removal of Ovaries and/or Fallopian Tubes  (Cancer Not Suspected)","Joice, Shannon",,,,,"301","433","148","157"
"12month_rolling","General Surgery","All","Kavanagh, Rhys",,,,,"59","246","37","186"
"2023_q2",,"Glaucoma (Eye Pressure Lowering Surgery)",,"Total","Provincial","2023","2","33","470","27","62"
"12month_rolling",,"Bariatric Surgery (for Weight Loss)",,"Total","Provincial","2025","2","97","210","200","315"
"2023_q4",,"Hysteroscopy",,"Zone 3","St. Martha's Regional","2023","4","36","415","57","146"
"3month_rolling",,"Gallbladder Surgery",,"Zone 4","QE2","2025","2","43","148","77","211"
"12month_rolling","Cardiac Surgery","All","Deshaies, Catherine",,,,,,,"34","43"
"12month_rolling",,"Hernia Repair - Laparoscopic Incisional",,"Zone 1","Yarmouth Regional","2025","2",,,"88","126"
"12month_rolling",,"Breast Augmentation",,"Zone 3","St. Martha's Regional","2025","2","100","293","158","206"
"12month_rolling","Orthopaedic","Hip Replacement","Richardson, Christopher Glen",,,,,"24","36","503","1160"
"2024_q2",,"Hernia Repair - Inguinal/Femoral",,"Zone 4","QE2","2024","2","201","304","71","195"
"2023_q2",,"Endarterectomy",,"Zone 4","QE2","2023","2",,,"30","149"
"2024_q4",,"Prostate Cancer Surgery",,"Total","Provincial","2024","4","34","153","100","179"
"2023_q2",,"Knee Scope",,"Total","Provincial","2023","2","70","236","75","260"
"2023_q2",,"Liver Surgery",,"Zone 4","QE2","2023","2","14","21","24","80"
"2023_q3",,"Shoulder Arthroplasty",,"Zone 4","QE2","2023","3","99","293","302","566"
"2023_q4",,"Gastrointestinal Tract Surgery - Laparoscopic",,"Zone 2","Cumberland Regional","2023","4",,,"20","34"
"2025_q1",,"Nissen Fundoplication - Laparoscopic",,"Total","Provincial","2025","1","60","401","86","337"
"12month_rolling","General Surgery","Hernia Repair - Umbilical","Johnson, Kevin",,,,,"58","204","27","71"
"12month_rolling","Obstetrics/Gynaecology","Hysterectomy  (Cancer Not Suspected)","Rittenberg, David",,,,,"135","657","174","226"
"12month_rolling",,"Hernia Repair - Ventral",,"Zone 1","Valley Regional","2025","2","53","453","81","119"
"2025_q1",,"Hernia Repair  (Adult)",,"Zone 3","Cape Breton Regional","2025","1","255","727","148","602"
"12month_rolling","General Surgery","Hernia Repair - Inguinal/Femoral","McGibney, Kieron",,,,,"63","98","78","175"
"2023_q4",,"Knee Scope",,"Total","Provincial","2023","4","75","235","86","351"
"2025_q1",,"Bowel Resection - Open",,"Zone 4","QE2","2025","1","24","114","36","292"
"2024_q1",,"Hernia Repair - Incisional",,"Zone 2","Colchester East Hants Health Centre","2024","1",,,"97","316"
"2025_q2",,"Cataract Surgery",,"Zone 2","Colchester East Hants Health Centre","2025","2","102","199","101","133"
"12month_rolling","Orthopaedic","All","Hurley, Richard",,,,,"189","386","91","171"
"12month_rolling","General Surgery","Hernia Repair - Umbilical","Sahi, Chakshu",,,,,"279","373","115","151"
"12month_rolling","Plastic Surgery","Wound Management","Wheelock, Margaret",,,,,,,"2","4"
"2025_q2",,"Hernia Repair - Laparoscopic Inguinal Femoral",,"Total","Provincial","2025","2","166","461","116","273"
"12month_rolling","Obstetrics/Gynaecology","Hysteroscopy","Rittenberg, David",,,,,"51","420","111","170"
"2024_q2",,"Hip Replacement",,"Zone 1","Valley Regional","2024","2","386","492","282","638"
"12month_rolling","Ophthalmology","Cataract Surgery","Celo, Erdit",,,,,"36","72","43","106"
"2023_q2",,"Prostate Cancer Surgery",,"Total","Provincial","2023","2","27","56","114","178"
"12month_rolling","General Surgery","Hernia Repair - Incisional","Joy, Edward",,,,,"106","129","103","218"
"2024_q4",,"Colorectal Cancer Surgery",,"Total","Provincial","2024","4","22","85","31","53"
"3month_rolling",,"Ear Tubes  (Adult)",,"Zone 1","Yarmouth Regional","2025","2","175","1028","24","42"
"12month_rolling","General Surgery","Hernia Repair - Umbilical","Southcott, Adam",,,,,"62","147","86","119"
"2025_q1",,"Colorectal Cancer Surgery",,"Zone 3","Cape Breton Regional","2025","1","14","71","12","43"
"3month_rolling",,"Tonsillectomy and/or Adenoidectomy  (Adult)",,"Zone 4","Dartmouth General","2025","2",,,"137","316"
"2024_q2",,"Back Surgery  (Adult)",,"Zone 4","QE2","2024","2","98","323","88","221"
"2025_q1",,"Lacrimal Duct Probing",,"Zone 4","QE2","2025","1",,,"115","475"
"2024_q4",,"Bowel Resection",,"Zone 1","Yarmouth Regional","2024","4",,,"28","63"
"2025_q1",,"Gallbladder Surgery",,"Zone 2","Colchester East Hants Health Centre","2025","1","50","112","92","216"
"3month_rolling",,"Colorectal Cancer Surgery",,"Zone 3","Cape Breton Regional","2025","2","18","146","13","46"
"12month_rolling","General Surgery","Hernia Repair - Inguinal/Femoral","Gala Lopez, Boris",,,,,"124","154","70","92"
"12month_rolling","Neurosurgery","Brain Surgery  (Adult)","Walling, Simon",,,,,"2","2","41","99"
"12month_rolling",,"Tendon / Ligament Repair",,"Zone 4","Hants Community Hospital","2025","2",,,"106","292"
"12month_rolling","Cardiac Surgery","Coronary Artery Bypass Graft","Hirsch, Gregory M",,,,,,,"67","119"
"3month_rolling",,"Removal of Ovaries and/or Fallopian Tubes  (Cancer Not Suspected)",,"Zone 3","St. Martha's Regional","2025","2","114","254",,
"2024_q4",,"Breast Cancer Surgery",,"Zone 2","Colchester East Hants Health Centre","2024","4","11","48","30","54"
"12month_rolling","Oral Maxillofacial","Temperomandibular Joint Surgery (TMJ)","Brady, James",,,,,"189","853","161","1249"
"12month_rolling",,"Gastrointestinal Tract Surgery - Laparoscopic",,"Zone 3","St. Martha's Regional","2025","2","28","92","34","107"
"12month_rolling",,"Esophagectomy / Esophageal Surgery",,"Zone 4","QE2","2025","2","20","107","32","83"
"2024_q2",,"Prostate Surgery",,"Zone 4","Dartmouth General","2024","2","48","256","141","435"
"2025_q2",,"Nissen Fundoplication - Laparoscopic",,"Zone 4","QE2","2025","2","58","526","112","783"
"2023_q2",,"Carpal Tunnel Surgery",,"Zone 1","Valley Regional","2023","2","77","105",,
"2023_q4",,"Laryngology and Vocal Cord Surgery",,"Total","Provincial","2023","4","28","95","28","177"
"12month_rolling","General Surgery","Bowel Resection - Laparoscopic","Yaffe, Paul",,,,,"26","78","39","63"
"2023_q2",,"Bowel Resection",,"Zone 1","Yarmouth Regional","2023","2",,,"47","90"
"2023_q3",,"Bladder Surgery",,"Total","Provincial","2023","3","23","249","47","87"
"12month_rolling","Otolaryngology (ENT)","Septoplasty","Brodarec, Ivan",,,,,"162","590","56","127"
"12month_rolling","Thoracic Surgery","Lung Surgery","Mujoomdar, Aneil Arvind",,,,,"21","50","29","48"
"12month_rolling",,"Bowel Resection - Laparoscopic",,"Zone 2","Cumberland Regional","2025","2","12","47","21","41"
"2024_q4",,"Carpal Tunnel Surgery",,"Zone 2","Aberdeen Hospital","2024","4","95","197","43","204"
"2024_q2",,"Knee Scope",,"Zone 4","Hants Community Hospital","2024","2","74","115","64","197"
"2023_q4",,"Hip Replacement",,"Zone 4","Dartmouth General","2023","4","233","664","114","416"
"12month_rolling","General Surgery","All","Wasilewski, Leszek J",,,,,"945","1442","68","156"
"2023_q3",,"Oculo Plastic Surgery",,"Total","Provincial","2023","3","85","350","79","260"
"12month_rolling","General Surgery","Hernia Repair - Incisional","MacDonald, Blair",,,,,"35","94","71","126"
"2023_q2",,"Endarterectomy",,"Total","Provincial","2023","2",,,"30","149"
"12month_rolling","Orthopaedic","All","Glennie, Raymond Andrew",,,,,"158","626","95","171"
"2024_q4",,"Gallbladder Surgery",,"Zone 3","Cape Breton Regional","2024","4","61","476","92","385"
"12month_rolling",,"Hysteroscopy",,"Zone 1","Yarmouth Regional","2025","2","33","170","29","66"
"2024_q2",,"Hysterectomy  (Cancer Not Suspected)",,"IWK","IWK","2024","2","148","625","230","412"
"12month_rolling","Obstetrics/Gynaecology","Hysterectomy  (Cancer Not Suspected)","McCarthy, Leanne",,,,,"144","1447","387","400"
"2024_q4",,"Back Surgery  (Pediatric)",,"Total","Provincial","2024","4",,,"195","517"
"2025_q1",,"Foot - Arthrodesis",,"Total","Provincial","2025","1","343","609","58","158"
"12month_rolling","Urology","Kidney Removal","Rendon, Ricardo",,,,,"10","34","76","169"
"12month_rolling","General Surgery","Gallbladder Surgery","Gala Lopez, Boris",,,,,"34","114","76","196"
"12month_rolling","General Surgery","Whipple Procedures","Walsh, Mark J",,,,,"12","20","26","47"
"2023_q4",,"Hernia Repair - Inguinal/Femoral",,"Zone 1","South Shore Regional","2023","4","30","154","71","136"
"12month_rolling","General Surgery","Gallbladder Surgery","Roach, Eileen",,,,,"128","430","71","179"
"2024_q2",,"Nerve Surgery",,"Total","Provincial","2024","2","76","288","59","186"
"2024_q2",,"Brain Surgery  (Pediatric)",,"IWK","IWK","2024","2",,,"63","142"
"2024_q1",,"Head and Neck Surgery",,"Zone 4","Dartmouth General","2024","1","14","99","246","1181"
"2024_q2",,"Gastrointestinal Tract Surgery",,"Zone 1","Valley Regional","2024","2","60","272","41","79"
"12month_rolling","General Surgery","Male Circumcision  (Adult)","Wasserman, Lukas",,,,,"35","125","128","244"
"2023_q4",,"Peritoneal Lavage or Catherization",,"Zone 4","QE2","2023","4",,,"6","9"
"12month_rolling","General Surgery","Hernia Repair - Incisional","Hoogerboord, C Marius",,,,,"266","501","132","277"
"12month_rolling",,"Kidney / Upper Urinary Tract",,"Zone 1","Valley Regional","2025","2",,,"29","75"
"2025_q1",,"Dental Extractions and Restorations  (Pediatric)",,"Zone 3","Glace Bay","2025","1",,,"114","264"
"2025_q2",,"Male Reproductive System Surgery",,"Total","Provincial","2025","2","172","523","88","421"
"2025_q2",,"Carpal Tunnel Surgery",,"Total","Provincial","2025","2","101","398","61","234"
"2023_q4",,"Nerve Surgery",,"Total","Provincial","2023","4","64","254","36","109"
"2023_q4",,"Shoulder Arthroscopy",,"Total","Provincial","2023","4","87","322","120","347"
"12month_rolling","General Surgery","Hernia Repair  (Adult)","McWilliams, Colin",,,,,"54","118","57","99"
"12month_rolling",,"Hernia Repair - Umbilical",,"Zone 4","Hants Community Hospital","2025","2","201","494","68","193"
"12month_rolling","General Surgery","Hernia Repair  (Adult)","Spence, Richard",,,,,"184","309","183","390"
"2024_q2",,"Removal of Ovaries and/or Fallopian Tubes  (Cancer Not Suspected)",,"Zone 4","Dartmouth General","2024","2","118","351","68","155"
"12month_rolling","General Surgery","Hernia Repair - Incisional","Jad, Ahmed",,,,,"111","203","339","385"
"12month_rolling","Plastic Surgery","Oculo Plastic Surgery","Boehm, Kaitlin",,,,,"104","477","100","363"
"12month_rolling","General Surgery","Gallbladder Surgery","Butler, Clay K",,,,,"19","32","52","662"
"2025_q2",,"Hysteroscopy",,"Zone 2","Colchester East Hants Health Centre","2025","2","64","261","54","89"
"2024_q3",,"Vascular Bypass Surgery",,"Total","Provincial","2024","3",,,"15","80"
"12month_rolling","Orthopaedic","Hip Replacement Revision","Biddulph, Michael Paul",,,,,,,"26","49"
"12month_rolling","Orthopaedic","Hip Arthroscopy","Wong, Ivan",,,,,"51","712","344","827"
"12month_rolling","Urology","Male Reproductive System Surgery","Mason, Ross",,,,,"126","173","90","246"
"2023_q4",,"Gastrointestinal Tract Surgery",,"Zone 2","Aberdeen Hospital","2023","4",,,"29","71"
"2024_q3",,"Knee Scope",,"Zone 1","South Shore Regional","2024","3",,,"98","298"
"2025_q1",,"Bowel Resection",,"Zone 2","Aberdeen Hospital","2025","1",,,"32","60"
"2024_q1",,"Dental Extractions and Restorations  (Pediatric)",,"Total","Provincial","2024","1","49","245","127","545"
"2025_q2",,"Functional Endoscopic Sinus Surgery (FESS)",,"Total","Provincial","2025","2","41","132","129","343"
"3month_rolling",,"Hernia Repair  (Adult)",,"Zone 1","Yarmouth Regional","2025","2","80","306","80","141"
"12month_rolling","Otolaryngology (ENT)","Ear Tubes  (Pediatric)","Piccott, Devin",,,,,"79","213","91","180"
"12month_rolling",,"Shoulder Arthroplasty",,"Zone 2","Aberdeen Hospital","2025","2","92","185","192","231"
"12month_rolling","General Surgery","Hernia Repair  (Adult)","Johnson, Kevin",,,,,"48","105","41","97"
"12month_rolling","General Surgery","Bowel Resection - Open","Knapp, Gregory",,,,,"12","33","29","44"
"3month_rolling",,"Endometrial Ablation",,"Total","Provincial","2025","2","108","188","56","108"
"2023_q4",,"Shoulder Surgery",,"Total","Provincial","2023","4","100","512","236","644"
"2024_q2",,"Functional Endoscopic Sinus Surgery (FESS)",,"Zone 3","Cape Breton Regional","2024","2","36","52",,
"3month_rolling",,"Tonsillectomy and/or Adenoidectomy  (Pediatric)",,"Zone 3","Cape Breton Regional","2025","2","55","106","261","383"
"2023_q3",,"Hernia Repair - Umbilical",,"Zone 2","Colchester East Hants Health Centre","2023","3","27","64","47","227"
"2024_q3",,"Shoulder Arthroplasty",,"Zone 4","QE2","2024","3","104","596","254","657"
"2023_q4",,"Dental Extractions and Restorations  (Pediatric)",,"Zone 3","Inverness Consolidated Memorial","2023","4","80","231","72","237"
"2023_q3",,"Dental Extractions and Restorations  (Adult)",,"Zone 4","QE2","2023","3","79","253","202","400"
"2023_q4",,"Tear Duct Surgery",,"Total","Provincial","2023","4","301","349",,
"12month_rolling","General Surgery","Hernia Repair  (Adult)","Sahi, Chakshu",,,,,"58","305","102","196"
"2024_q1",,"Whipple Procedures",,"Total","Provincial","2024","1","10","21","21","26"
"12month_rolling","General Surgery","Hernia Repair - Inguinal/Femoral","Clark, F Donald",,,,,"70","119","31","54"
"2024_q2",,"Cataract Surgery",,"Zone 3","St. Martha's Regional","2024","2","96","366","78","184"
"2025_q1",,"Tear Duct Surgery",,"Zone 4","QE2","2025","1","85","408",,
"12month_rolling","Orthopaedic","Knee Scope with ACL Repair","Coady, Catherine M",,,,,"63","269","125","283"
"2024_q2",,"Endometrial Ablation",,"Total","Provincial","2024","2","96","328","78","181"
"2024_q4",,"Melanoma Excision",,"Total","Provincial","2024","4","16","258","22","28"
"12month_rolling","General Surgery","Hernia Repair - Laparoscopic Inguinal Femoral","Sahi, Chakshu",,,,,"43","101","100","161"
"12month_rolling","Obstetrics/Gynaecology","Hysterectomy  (Cancer Not Suspected)","Bal, Navpreet",,,,,"122","493","80","142"
"12month_rolling","Orthopaedic","Carpal Tunnel Surgery","Dodd, Faith",,,,,"116","235","63","154"
"2023_q2",,"Back Surgery  (Pediatric)",,"IWK","IWK","2023","2",,,"482","715"
"12month_rolling","Obstetrics/Gynaecology","Hysterectomy  (Cancer Not Suspected)","MacQuarrie, Robyn M",,,,,"338","504","30","51"
"12month_rolling","Otolaryngology (ENT)","All","Johnson, Liane",,,,,"244","434","128","348"
"2024_q2",,"Dental Extractions and Restorations  (Adult)",,"Zone 4","Dartmouth General","2024","2",,,"83","106"
"2025_q2",,"Cataract Surgery",,"Zone 1","Yarmouth Regional","2025","2","278","339","35","57"
"2024_q1",,"Liver Surgery",,"Total","Provincial","2024","1","15","53","16","74"
"2023_q4",,"Orthopaedic Trauma",,"Total","Provincial","2023","4","77","358","43","175"
"2025_q2",,"Back Surgery  (Adult)",,"Zone 4","QE2","2025","2","118","603","88","170"
"3month_rolling",,"Maxillofacial Deformity Surgery",,"Total","Provincial","2025","2","314","635","173","483"
"2023_q3",,"Video-Assisted Thoracic Surgery",,"Total","Provincial","2023","3","27","56","43","108"
"12month_rolling","General Surgery","Hernia Repair - Laparoscopic Umbilical","Hoogerboord, C Marius",,,,,"500","620","122","188"
"2025_q1",,"Lung Surgery",,"Total","Provincial","2025","1","26","70","29","60"
"2023_q2",,"Septoplasty",,"Zone 2","Cumberland Regional","2023","2",,,"30","397"
"2024_q4",,"Hysteroscopy",,"IWK","IWK","2024","4","56","325","62","191"
"2024_q1",,"Gastric Surgery",,"Total","Provincial","2024","1","18","28","53","117"
"12month_rolling","General Surgery","Gastrointestinal Tract Surgery","Neumann, Katerina",,,,,"95","576","82","175"
"2024_q1",,"Hernia Repair  (Adult)",,"Zone 4","Dartmouth General","2024","1","124","446","118","283"
"2023_q3",,"Liver Surgery",,"Total","Provincial","2023","3","13","42","42","71"
"2025_q2",,"Gallbladder Surgery",,"Zone 4","Dartmouth General","2025","2","47","107","80","220"
"3month_rolling",,"Palmar Fascia Excision for Dupuytren's Disease",,"Total","Provincial","2025","2","177","526","63","292"
"2024_q4",,"Hysterectomy  (Cancer Not Suspected)",,"Zone 3","Cape Breton Regional","2024","4","140","176","153","626"
"2025_q1",,"Osteotomy",,"Total","Provincial","2025","1","154","686","120","192"
"12month_rolling","General Surgery","Bowel Resection","Smith, Victoria",,,,,"15","36","19","40"
"12month_rolling","General Surgery","All","Minor, Samuel",,,,,"256","750","99","243"
"12month_rolling","Otolaryngology (ENT)","Tonsillectomy and/or Adenoidectomy  (Adult)","Williams, Blair",,,,,"377","445","152","383"
"2024_q2",,"Female Incontinence Surgery",,"Total","Provincial","2024","2","99","334","127","273"
"2024_q3",,"Removal of Ovaries and/or Fallopian Tubes  (Cancer Not Suspected)",,"Zone 1","Valley Regional","2024","3","397","766","147","291"
"2024_q1",,"Orthopaedic Trauma",,"IWK","IWK","2024","1",,,"20","149"
"2023_q3",,"Hernia Repair - Inguinal/Femoral",,"Zone 4","Hants Community Hospital","2023","3","108","453","46","99"
"12month_rolling",,"Prostate Surgery",,"Total","Provincial","2025","2","45","198","79","277"
"12month_rolling",,"Pilonidal Cyst Surgery",,"Zone 2","Cumberland Regional","2025","2","17","28","62","146"
"12month_rolling",,"Otoplasty",,"IWK","IWK","2025","2","135","305","150","282"
"12month_rolling","Ophthalmology","Cornea and External Disease","George, Stanley",,,,,"56","84","193","391"
"12month_rolling","Obstetrics/Gynaecology","Hysterectomy  (Cancer Not Suspected)","Oniah, Mojisola",,,,,"40","87","90","119"
"12month_rolling","Orthopaedic","Back Surgery  (Adult)","Orlik, Benjamin",,,,,"375","375","420","894"
"2023_q2",,"Bowel Resection - Open",,"Zone 4","QE2","2023","2","19","100","82","404"
"2025_q2",,"Orthopaedic Trauma",,"Zone 4","QE2","2025","2",,,"41","161"
"2025_q1",,"Bariatric Surgery (for Weight Loss)",,"Zone 4","QE2","2025","1","109","138","208","308"
"2024_q3",,"Orthopaedic Trauma",,"IWK","IWK","2024","3",,,"4","64"
"2024_q3",,"Bladder Surgery",,"Total","Provincial","2024","3","13","64","51","108"
"12month_rolling","General Surgery","All","Kenyon, Chris",,,,,"44","155","67","512"
"12month_rolling","Orthopaedic","Foot - Arthrodesis","Burgesson, Bernard",,,,,"381","650","38","71"
"2025_q2",,"Hernia Repair - Umbilical",,"IWK","IWK","2025","2",,,"27","40"
"2024_q2",,"Gastrointestinal Tract Surgery",,"Zone 1","South Shore Regional","2024","2","24","71","22","43"
"12month_rolling",,"Foot - Reconstruction",,"Zone 4","QE2","2025","2","104","207","104","247"
"2024_q3",,"Removal of Ovaries and/or Fallopian Tubes  (Cancer Not Suspected)",,"Total","Provincial","2024","3","96","447","94","287"
"3month_rolling",,"Male Circumcision  (Adult)",,"Total","Provincial","2025","2","173","434","91","200"
"2024_q3",,"Salivary Gland Surgery",,"Total","Provincial","2024","3",,,"45","76"
"2025_q1",,"Bariatric Surgery (for Weight Loss)",,"Total","Provincial","2025","1","92","166","204","267"
"12month_rolling","General Surgery","Colorectal Cancer Surgery","McGibney, Kieron",,,,,"17","17","47","47"
"2024_q3",,"Hernia Repair - Incisional",,"Total","Provincial","2024","3","92","377","94","243"
"12month_rolling","Otolaryngology (ENT)","All","Fung, Elaine",,,,,"439","553","179","537"
"2023_q3",,"Tonsillectomy and/or Adenoidectomy  (Pediatric)",,"Zone 3","St. Martha's Regional","2023","3",,,"108","118"
"2025_q2",,"Hernia Repair  (Adult)",,"Zone 1","South Shore Regional","2025","2","47","140","34","115"
"2023_q2",,"Lacrimal Duct Probing",,"Zone 4","QE2","2023","2",,,"128","318"
"2023_q4",,"Kidney / Upper Urinary Tract",,"Zone 4","QE2","2023","4","33","152","48","106"
"12month_rolling","Otolaryngology (ENT)","All","Clifton, Neil",,,,,"85","267","41","111"
"2023_q4",,"Cataract Surgery",,"Zone 2","Cumberland Regional","2023","4","232","275","56","183"
"12month_rolling","General Surgery","Bowel Resection - Laparoscopic","Neumann, Katerina",,,,,"89","273","52","121"
"12month_rolling","Orthopaedic","Shoulder Surgery","Hamilton, Christopher",,,,,"288","394","57","134"
"12month_rolling","General Surgery","All","Nader, Nabil",,,,,"33","181","47","110"
"2023_q3",,"Hysterectomy  (Cancer Not Suspected)",,"Zone 3","St. Martha's Regional","2023","3","95","346","69","130"
"2025_q1",,"Prostate Surgery",,"Zone 4","QE2","2025","1","51","245","130","254"
"2024_q2",,"Shoulder Arthroplasty",,"Zone 1","Valley Regional","2024","2","223","621","244","327"
"2023_q2",,"Dental Extractions and Restorations  (Pediatric)",,"Zone 3","St. Martha's Regional","2023","2","99","280","254","372"
"2025_q1",,"Hernia Repair - Inguinal/Femoral",,"Zone 4","QE2","2025","1","138","493","52","86"
"12month_rolling","Ophthalmology","Cataract Surgery","Scott, Robert",,,,,"45","108","57","125"
"12month_rolling",,"Spinal Cord Stimulation Surgery",,"Total","Provincial","2025","2","57","427","64","120"
"12month_rolling","General Surgery","Hernia Repair - Inguinal/Femoral","MacDonald, Blair",,,,,"56","120","76","127"
"2024_q2",,"Breast Cancer Surgery",,"IWK","IWK","2024","2","26","39","25","41"
"2024_q4",,"Cervical Spine (Neck) Surgery",,"Total","Provincial","2024","4","75","473","50","232"
"2024_q3",,"Coronary Artery Bypass Graft",,"Total","Provincial","2024","3",,,"12","98"
"2023_q3",,"Shoulder Arthroscopy",,"Zone 1","South Shore Regional","2023","3","70","102","144","292"
"12month_rolling","Plastic Surgery","All","Williams, Jason G",,,,,"252","1051","47","188"
"2023_q4",,"Bladder Cancer Surgery",,"Total","Provincial","2023","4","18","115","31","117"
"2024_q4",,"Thyroid or Parathyroid Surgery",,"Total","Provincial","2024","4","41","182","76","379"
"2023_q4",,"Breast Cancer Surgery",,"IWK","IWK","2023","4","11","26","24","48"
"2023_q4",,"Breast Cancer Surgery",,"Zone 3","Cape Breton Regional","2023","4","8","20","20","41"
"12month_rolling","General Surgery","Bowel Resection","Lapierre, Stephanie",,,,,"17","65","20","149"
"2025_q1",,"Bladder Surgery",,"Zone 4","QE2","2025","1","19","71","40","61"
"2024_q4",,"AV Fistula Creation/Closure",,"Total","Provincial","2024","4",,,"30","70"
"2023_q2",,"Male Reproductive System Surgery",,"Zone 3","Cape Breton Regional","2023","2","81","215","81","232"
"2025_q1",,"Back Surgery  (Adult)",,"Total","Provincial","2025","1","101","765","95","262"
"12month_rolling","Otolaryngology (ENT)","All","Balys, Richard L",,,,,"67","211","71","220"
"12month_rolling","General Surgery","Hemorrhoidectomy","Murdoch, John L",,,,,"234","459","88","153"
"12month_rolling",,"Prostate Surgery - Laparoscopic",,"Zone 4","QE2","2025","2","30","118","111","191"
"12month_rolling","General Surgery","Hernia Repair - Inguinal/Femoral","McWilliams, Colin",,,,,"54","118","57","114"
"12month_rolling","General Surgery","Hernia Repair - Inguinal/Femoral","Nocon, Brian",,,,,"181","370","78","153"
"2024_q3",,"Gastrointestinal Tract Surgery - Laparoscopic",,"Total","Provincial","2024","3","22","234","32","92"
"2025_q1",,"Dental Extractions and Restorations  (Pediatric)",,"Zone 1","South Shore Regional","2025","1",,,"117","343"
"2024_q1",,"Removal of Ovaries and/or Fallopian Tubes  (Cancer Not Suspected)",,"Total","Provincial","2024","1","99","416","96","356"
"2025_q2",,"Hernia Repair - Inguinal/Femoral",,"IWK","IWK","2025","2",,,"86","192"
"2023_q2",,"Thyroid or Parathyroid Surgery",,"Zone 2","Cumberland Regional","2023","2","51","279","53","128"
"2023_q4",,"Hernia Repair  (Adult)",,"Zone 2","Cumberland Regional","2023","4","28","98","56","179"
"2023_q3",,"Shoulder Surgery",,"Zone 4","QE2","2023","3","93","293","276","566"
"3month_rolling",,"Dental Extractions and Restorations  (Pediatric)",,"Zone 3","Glace Bay","2025","2","47","78","43","183"
"12month_rolling","Plastic Surgery","Palmar Fascia Excision for Dupuytren's Disease","Boehm, Kaitlin",,,,,"89","576","78","169"
"2024_q4",,"Shoulder Surgery",,"Total","Provincial","2024","4","92","389","174","529"
"2024_q3",,"Male Circumcision  (Adult)",,"Zone 2","Colchester East Hants Health Centre","2024","3","141","316",,
"2024_q4",,"Ear Tubes  (Pediatric)",,"Zone 3","Cape Breton Regional","2024","4","32","61","34","98"
"2024_q2",,"Hysterectomy  (Cancer Not Suspected)",,"Total","Provincial","2024","2","84","461","131","375"
"2023_q3",,"Knee Replacement",,"Zone 4","Dartmouth General","2023","3","234","571","236","470"
"2025_q2",,"Prostate Surgery",,"Zone 1","Yarmouth Regional","2025","2",,,"42","134"
"3month_rolling",,"Vascular Bypass Surgery",,"Total","Provincial","2025","2",,,"28","68"
"12month_rolling","Plastic Surgery","Tendon / Ligament Repair","Williams, Jason G",,,,,"642","805","36","103"
"2023_q3",,"Bladder Cancer Surgery",,"Zone 2","Colchester East Hants Health Centre","2023","3","19","51","42","80"
"2023_q3",,"Bladder Cancer Surgery",,"Zone 1","Valley Regional","2023","3","23","31","33","130"
"2024_q1",,"Gastrointestinal Tract Surgery",,"Zone 4","QE2","2024","1","49","231","49","281"
"2025_q2",,"Esophagectomy / Esophageal Surgery",,"Zone 4","QE2","2025","2",,,"28","51"
"2023_q2",,"Removal of Ovaries and/or Fallopian Tubes  (Cancer Not Suspected)",,"Zone 3","St. Martha's Regional","2023","2","44","147","74","242"
"12month_rolling","Obstetrics/Gynaecology","Female Incontinence Surgery","Pierce, Marianne",,,,,"433","731","287","307"
"12month_rolling","Oral Maxillofacial","Dental Extractions and Restorations  (Adult)","Powell, Joel",,,,,"70","133","121","260"
"12month_rolling","Orthopaedic","All","McNeil, Daniel",,,,,"66","246","168","314"
"12month_rolling","General Surgery","Gastrointestinal Tract Surgery","Stoddart, Todd",,,,,"30","302","31","69"
"12month_rolling",,"Bone / Cartilage Graft",,"IWK","IWK","2025","2",,,"187","213"
"2023_q2",,"Hernia Repair  (Adult)",,"Zone 2","Aberdeen Hospital","2023","2","65","334","71","112"
"12month_rolling","Ophthalmology","Cataract Surgery","Samad, Arif",,,,,,,"274","413"
"12month_rolling","Neurosurgery","Craniotomy for Epilepsy","Clarke, David B",,,,,"28","68","35","50"
"3month_rolling",,"Septoplasty",,"Zone 3","Cape Breton Regional","2025","2","51","135","288","364"
"2024_q4",,"Male Reproductive System Surgery",,"Zone 2","Colchester East Hants Health Centre","2024","4","39","217","226","426"
"2023_q2",,"Hernia Repair  (Adult)",,"Zone 2","Colchester East Hants Health Centre","2023","2","68","214","80","531"
"2025_q1",,"Cataract Surgery",,"Zone 2","Colchester East Hants Health Centre","2025","1","140","233","92","132"
"2025_q1",,"Gastric Surgery",,"Total","Provincial","2025","1","21","84","31","79"
"12month_rolling",,"Bariatric Surgery (for Weight Loss)",,"Zone 4","QE2","2025","2","113","201","224","387"
"2024_q1",,"Carpal Tunnel Surgery",,"Total","Provincial","2024","1","84","458","50","175"
"12month_rolling","Orthopaedic","Shoulder Arthroplasty","Trenholm, J Andrew I",,,,,"75","172","228","529"
"12month_rolling","General Surgery","Male Reproductive System Surgery","Wasserman, Lukas",,,,,"35","238","147","328"
"2024_q2",,"Hand / Upper Extremity",,"Total","Provincial","2024","2","98","447","164","695"
"2024_q3",,"Lymph Node Biopsy",,"Total","Provincial","2024","3","19","71","28","78"
"12month_rolling","General Surgery","Gallbladder Surgery","McWilliams, Colin",,,,,"31","86","34","82"
"2023_q4",,"Functional Endoscopic Sinus Surgery (FESS)",,"Zone 3","St. Martha's Regional","2023","4",,,"63","134"
"2024_q3",,"Gastrointestinal Tract Surgery",,"Zone 4","Dartmouth General","2024","3","99","448","46","148"
"2024_q4",,"Hysterectomy  (Cancer Not Suspected)",,"Zone 4","QE2","2024","4","15","18","24","77"
"2025_q1",,"Cystoscopy",,"Total","Provincial","2025","1","43","226","41","165"
"12month_rolling","Orthopaedic","Knee Scope","Tucker, Allison",,,,,"108","252","40","127"
"2024_q2",,"Removal of Ovaries and/or Fallopian Tubes  (Cancer Not Suspected)",,"Zone 3","Cape Breton Regional","2024","2","86","175","250","544"
"12month_rolling",,"Bowel Resection - Open",,"Zone 4","Dartmouth General","2025","2","37","428","36","115"
"12month_rolling","Neurosurgery","All","McNeely, P Daniel",,,,,"33","62","37","154"
"3month_rolling",,"Knee Scope",,"Zone 1","South Shore Regional","2025","2","98","123","133","624"
"12month_rolling","Orthopaedic","Hip Replacement","Leighton, Jennifer Laura",,,,,,,"138","221"
"2023_q3",,"Shoulder Arthroscopy",,"Total","Provincial","2023","3","79","324","136","388"
"2024_q1",,"Foot - Arthrodesis",,"Total","Provincial","2024","1","154","763","98","246"
"2024_q2",,"Bowel Resection - Open",,"Zone 4","QE2","2024","2","20","71","45","120"
"12month_rolling",,"Pacemaker Insertion",,"Zone 2","Aberdeen Hospital","2025","2","6","34","58","109"
"2024_q3",,"Bladder Cancer Surgery",,"Zone 4","Dartmouth General","2024","3",,,"44","72"
"3month_rolling",,"Breast Cancer Surgery",,"Zone 3","St. Martha's Regional","2025","2","7","12","26","40"
"12month_rolling","General Surgery","All","Southcott, Adam",,,,,"53","343","110","314"
"12month_rolling","Oral Maxillofacial","All","Doucet, Jean-Charles",,,,,"279","701","181","466"
"2024_q4",,"Head and Neck Surgery",,"Total","Provincial","2024","4","14","52","29","145"
"2023_q2",,"Brain Surgery  (Pediatric)",,"IWK","IWK","2023","2",,,"47","135"
"12month_rolling","General Surgery","Colorectal Cancer Surgery","Clark, F Donald",,,,,"32","59","40","79"
"2024_q2",,"Knee Scope",,"Zone 1","South Shore Regional","2024","2","37","74","92","144"
"2024_q1",,"Cataract Surgery",,"Total","Provincial","2024","1","98","236","59","215"
"2024_q2",,"Nerve Surgery",,"Zone 4","QE2","2024","2","114","441","44","83"
"12month_rolling",,"Hysteroscopy",,"Zone 3","Cape Breton Regional","2025","2","31","219","89","327"
"2024_q2",,"Bowel Resection - Laparoscopic",,"Zone 3","Cape Breton Regional","2024","2","15","38","23","70"
"2023_q3",,"Thyroid or Parathyroid Surgery",,"Zone 4","QE2","2023","3","38","133","50","70"
"2023_q3",,"Back Surgery  (Adult)",,"Zone 4","QE2","2023","3","99","320","95","242"
"12month_rolling",,"Internal Defib Insertion / Loop Recorder",,"Total","Provincial","2025","2",,,"12","52"
"3month_rolling",,"Kidney Stone Surgery",,"Zone 4","Dartmouth General","2025","2","35","125",,
"12month_rolling","Orthopaedic","Hand / Upper Extremity","Ferguson, Devin",,,,,"92","295","91","180"
"2024_q2",,"Lacrimal Duct Probing",,"Zone 4","QE2","2024","2",,,"39","188"
"2023_q3",,"Bowel Resection - Laparoscopic",,"Zone 4","QE2","2023","3","26","104","29","47"
"12month_rolling","Urology","Kidney Removal","Whelan, Emily",,,,,"64","246","55","70"
"2023_q3",,"Insertion Vascular Access Catheter",,"Total","Provincial","2023","3","4","169","10","83"
"2024_q1",,"Surgery for Hearing or Balance Problems of the Ear",,"Total","Provincial","2024","1","85","351","83","299"
"2024_q3",,"Ear Tubes  (Adult)",,"Total","Provincial","2024","3","133","237","75","135"
"12month_rolling","Orthopaedic","Carpal Tunnel Surgery","McNeil, Daniel",,,,,"61","123","56","251"
"12month_rolling","General Surgery","Hernia Repair - Ventral","Murdoch, John L",,,,,"181","308","55","118"
"12month_rolling","Orthopaedic","Shoulder Arthroscopy","Johnston, David G",,,,,"48","466","461","594"
"2025_q2",,"Prostate Surgery",,"Zone 3","Northside General","2025","2",,,"49","76"
"12month_rolling",,"Hernia Repair - Laparoscopic Incisional",,"Zone 4","QE2","2025","2","34","288","55","114"
"12month_rolling","Cardiac Surgery","Coronary Artery Bypass Graft","Ali, Idris M",,,,,,,"24","52"
"2024_q1",,"Endometrial Ablation",,"Total","Provincial","2024","1","104","866","86","200"
"2023_q3",,"Colorectal Cancer Surgery",,"Zone 1","South Shore Regional","2023","3",,,"13","41"
"2024_q2",,"Knee Replacement",,"Zone 1","Valley Regional","2024","2","391","579","292","537"
"12month_rolling",,"Craniotomy or Craniectomy",,"Total","Provincial","2025","2","161","308","75","204"
"12month_rolling","Oral Maxillofacial","Cleft Lip/Palate  (Pediatric)","Doucet, Jean-Charles",,,,,,,"194","271"
"3month_rolling",,"Bowel Resection",,"Zone 3","Cape Breton Regional","2025","2","17","146","13","46"
"3month_rolling",,"Vascular Bypass Surgery",,"Zone 4","QE2","2025","2",,,"27","68"
"2023_q2",,"Male Reproductive System Surgery",,"Zone 1","Valley Regional","2023","2",,,"103","175"
"2024_q2",,"Cystoscopy",,"Zone 2","Colchester East Hants Health Centre","2024","2","14","30","56","250"
"12month_rolling",,"Hernia Repair - Inguinal/Femoral",,"Zone 4","Dartmouth General","2025","2","98","412","80","272"
"2023_q3",,"Hernia Repair - Inguinal/Femoral",,"Zone 1","South Shore Regional","2023","3","28","137","34","144"
"12month_rolling","Dental","Dental Extractions and Restorations  (Pediatric)","Ojoleck, Michael",,,,,"30","67","202","351"
"2024_q1",,"Removal of Ovaries and/or Fallopian Tubes  (Cancer Suspected or Proven)",,"Total","Provincial","2024","1","21","142","45","137"
"2023_q4",,"Male Circumcision  (Adult)",,"Zone 4","QE2","2023","4","42","227","55","224"
"2023_q4",,"Prostate Surgery",,"Zone 1","Valley Regional","2023","4","17","72","143","391"
"2023_q4",,"Hernia Repair - Umbilical",,"Zone 1","Valley Regional","2023","4","47","172","79","547"
"2023_q4",,"Hernia Repair - Ventral",,"Total","Provincial","2023","4","38","283","71","585"
"2025_q1",,"Hip Replacement",,"Zone 2","Aberdeen Hospital","2025","1","144","199","134","319"
"2023_q4",,"Melanoma Excision",,"Total","Provincial","2023","4","14","36","19","42"
"3month_rolling",,"Hip Replacement",,"Total","Provincial","2025","2","201","466","111","293"
"2025_q2",,"Cataract Surgery",,"Zone 1","Soldiers Memorial","2025","2","55","385","55","127"
"12month_rolling","General Surgery","Hernia Repair - Inguinal/Femoral","Dzierzanowski, Martin",,,,,"36","71","125","167"
"2025_q1",,"Thyroid or Parathyroid Surgery",,"Zone 3","Cape Breton Regional","2025","1","34","61","132","318"
"2025_q2",,"Tonsillectomy and/or Adenoidectomy  (Pediatric)",,"Zone 1","South Shore Regional","2025","2","336","436","70","272"
"2024_q1",,"Maxillofacial Deformity Surgery",,"Total","Provincial","2024","1","314","503","185","336"
"12month_rolling","Urology","Bladder Cancer Surgery","Mason, Ross",,,,,"20","43","38","62"
"2023_q3",,"Hernia Repair - Laparoscopic Umbilical",,"Total","Provincial","2023","3","72","495","213","272"
"2023_q2",,"Hernia Repair - Inguinal/Femoral",,"Zone 4","QE2","2023","2","143","326","98","138"
"2023_q2",,"Nose Surgery - Reconstructive or Aesthetic",,"Zone 4","QE2","2023","2","111","195","23","62"
"2023_q2",,"Salivary Gland Surgery",,"Total","Provincial","2023","2",,,"86","207"
"2024_q4",,"Male Reproductive System Surgery",,"Zone 4","Dartmouth General","2024","4","164","356","154","264"
"2024_q4",,"Gallbladder Surgery",,"Zone 2","Aberdeen Hospital","2024","4","73","174","85","139"
"12month_rolling","Orthopaedic","Tendon / Ligament Repair","Morash, Joel",,,,,"74","567","27","90"
"12month_rolling",,"Bone / Cartilage Graft",,"Zone 3","Cape Breton Regional","2025","2",,,"255","368"
"2025_q1",,"Functional Endoscopic Sinus Surgery (FESS)",,"Total","Provincial","2025","1","62","266","111","402"
"2023_q4",,"Breast Cancer Surgery",,"Zone 2","Aberdeen Hospital","2023","4","9","19","17","29"
"2025_q2",,"Palmar Fascia Excision for Dupuytren's Disease",,"Zone 1","South Shore Regional","2025","2","190","526","41","180"
"12month_rolling",,"Hand / Upper Extremity",,"Zone 4","QE2","2025","2","98","686","163","561"
"12month_rolling","General Surgery","Colorectal Cancer Surgery","MacDonald, Blair",,,,,"27","175","24","31"
"12month_rolling","Urology","Prostate Surgery - Laparoscopic","Mason, Ross",,,,,"36","78","123","225"
"2024_q2",,"Hysterectomy  (Cancer Suspected or Proven)",,"Zone 4","QE2","2024","2","9","38","41","99"
"2025_q2",,"Hernia Repair - Incisional",,"Total","Provincial","2025","2","52","350","89","321"
"3month_rolling",,"Ear Tubes  (Pediatric)",,"Zone 3","Glace Bay","2025","2","16","35","36","41"
"2023_q4",,"Kidney Stone Surgery",,"Zone 2","Colchester East Hants Health Centre","2023","4","22","154","87","246"
"12month_rolling","General Surgery","Hernia Repair  (Adult)","Livingstone, Scott",,,,,"59","107","45","292"
"2024_q1",,"Whipple Procedures",,"Zone 4","QE2","2024","1","10","21","21","26"
"12month_rolling","General Surgery","Gallbladder Surgery","Southcott, Adam",,,,,"40","274","91","213"
"2023_q4",,"Colorectal Cancer Surgery",,"Total","Provincial","2023","4","16","125","23","51"
"2023_q2",,"Gallbladder Surgery",,"Zone 2","Cumberland Regional","2023","2","48","114","67","200"
"2024_q1",,"Strabismus Surgery  (Pediatric)",,"IWK","IWK","2024","1",,,"140","197"
"2023_q4",,"Bowel Resection - Open",,"Total","Provincial","2023","4","15","162","27","113"
"2024_q2",,"Hernia Repair - Umbilical",,"IWK","IWK","2024","2",,,"206","373"
"2024_q3",,"Cataract Surgery",,"Zone 2","Cumberland Regional","2024","3","288","316","99","134"
"12month_rolling","Obstetrics/Gynaecology","All","Black, Brittany",,,,,"71","540","50","99"
"12month_rolling",,"Male Reproductive System Surgery",,"Zone 1","Yarmouth Regional","2025","2",,,"71","194"
"2025_q2",,"Tear Duct Surgery",,"Zone 4","QE2","2025","2","105","290",,
"2023_q2",,"Knee Replacement",,"Zone 4","QE2","2023","2","137","329","359","1227"
"12month_rolling","Thoracic Surgery","All","French, Daniel Gerard",,,,,"18","46","29","70"
"2023_q4",,"Shoulder Arthroplasty",,"Zone 4","QE2","2023","4","70","449","251","735"
"3month_rolling",,"Thyroid or Parathyroid Surgery",,"Zone 3","Cape Breton Regional","2025","2","49","85","44","188"
"12month_rolling","Urology","Kidney Removal","Miller, M Dale",,,,,"12","73","31","44"
"2023_q2",,"Ear Tubes  (Pediatric)",,"Zone 3","Cape Breton Regional","2023","2","27","80","85","126"
"2023_q3",,"Breast Cancer Surgery",,"Zone 1","Yarmouth Regional","2023","3","5","21","15","25"
"2023_q4",,"Knee Replacement",,"Zone 4","QE2","2023","4","135","392","438","1355"
"3month_rolling",,"Dental Extractions and Restorations  (Pediatric)",,"Zone 3","Inverness Consolidated Memorial","2025","2","72","328","61","291"
"2025_q2",,"Bowel Resection - Open",,"Zone 4","QE2","2025","2","26","69","38","158"
"2024_q3",,"Gastric Surgery - Laparoscopic",,"Zone 4","QE2","2024","3","61","401","105","387"
"2025_q2",,"Lung Surgery",,"Total","Provincial","2025","2","27","64","24","49"
"2024_q4",,"Prostate Cancer Surgery",,"Zone 4","QE2","2024","4","30","118","116","179"
"2024_q2",,"Gastric Surgery",,"Zone 4","QE2","2024","2","12","27","12","27"
"2025_q1",,"Cataract Surgery",,"Total","Provincial","2025","1","119","274","69","133"
"2024_q1",,"Male Circumcision  (Pediatric)",,"Total","Provincial","2024","1",,,"30","434"
"12month_rolling","Otolaryngology (ENT)","Maxillofacial Deformity Surgery","Trites, Jonathan R",,,,,"30","41","22","27"
"2023_q2",,"AV Fistula Creation/Closure",,"Total","Provincial","2023","2",,,"16","111"
"2024_q3",,"Back Surgery  (Adult)",,"Zone 4","QE2","2024","3","104","534","86","241"
"2024_q2",,"Coronary Artery Bypass Graft",,"Zone 4","QE2","2024","2",,,"9","75"
"2024_q4",,"Gastric Surgery",,"Zone 4","QE2","2024","4","10","19","23","77"
"12month_rolling","Urology","Bladder Cancer Surgery","McCarthy, John Paul",,,,,,,"27","91"
"12month_rolling","General Surgery","Bowel Resection","Hiebert, Stephanie",,,,,"14","32","28","45"
"2025_q2",,"Lacrimal Duct Probing",,"Zone 4","QE2","2025","2",,,"146","264"
"12month_rolling","Obstetrics/Gynaecology","Removal of Ovaries and/or Fallopian Tubes  (Cancer Not Suspected)","MacLellan, Erin",,,,,"63","193","236","700"
"2024_q3",,"Septoplasty",,"Zone 3","St. Martha's Regional","2024","3","163","267","82","111"
"2023_q2",,"Gastric Surgery",,"Total","Provincial","2023","2","15","27","41","134"
"12month_rolling","Obstetrics/Gynaecology","Removal of Ovaries and/or Fallopian Tubes  (Cancer Not Suspected)","MacMullin, Gillian",,,,,"271","409","122","252"
"12month_rolling","Plastic Surgery","Wound Management","Bezuhly, Michael",,,,,,,"6","146"
"2023_q2",,"Tonsillectomy and/or Adenoidectomy  (Pediatric)",,"Zone 3","St. Martha's Regional","2023","2",,,"88","111"
"2023_q4",,"Back Surgery  (Pediatric)",,"Total","Provincial","2023","4",,,"253","617"
"2023_q3",,"Bladder Cancer Surgery",,"Zone 1","Yarmouth Regional","2023","3",,,"54","187"
"12month_rolling",,"Hernia Repair - Umbilical",,"Zone 3","Cape Breton Regional","2025","2","320","728","144","484"
"12month_rolling","Urology","Male Circumcision  (Adult)","Butler, Trevor",,,,,,,"129","204"
"2025_q1",,"Hernia Repair - Inguinal/Femoral",,"Zone 4","Dartmouth General","2025","1","145","412","80","311"
"2023_q2",,"Gastrointestinal Tract Surgery",,"Zone 2","Colchester East Hants Health Centre","2023","2",,,"36","63"
"2024_q4",,"Septoplasty",,"Zone 3","Cape Breton Regional","2024","4","66","264","320","459"
"2024_q3",,"Carpal Tunnel Surgery",,"Zone 1","South Shore Regional","2024","3","77","639","20","75"
"2023_q4",,"Bladder Surgery",,"Total","Provincial","2023","4","19","40","45","84"
"12month_rolling",,"Surgery for Hearing or Balance Problems of the Ear",,"Zone 1","Valley Regional","2025","2","141","554","121","300"
"12month_rolling",,"Male Reproductive System Surgery",,"Zone 3","Northside General","2025","2",,,"44","236"
"2024_q2",,"Bowel Resection",,"Zone 4","QE2","2024","2","19","77","41","228"
"2024_q4",,"Bowel Resection",,"Zone 4","QE2","2024","4","23","159","34","113"
"2023_q3",,"Bladder Cancer Surgery",,"Zone 3","Cape Breton Regional","2023","3","17","106","28","112"
"12month_rolling","Orthopaedic","Knee Scope","Prasad, Bangaradka Radhakrishna",,,,,"24","45","59","140"
"12month_rolling","Obstetrics/Gynaecology","Pelvic Floor Repair","Pierce, Marianne",,,,,"159","952","288","414"
"2025_q2",,"Gastrointestinal Tract Surgery",,"Zone 3","Cape Breton Regional","2025","2",,,"35","210"
"2025_q1",,"Hip Replacement",,"Zone 1","Valley Regional","2025","1","227","469","160","454"
"12month_rolling","Orthopaedic","Shoulder Arthroscopy","Ferguson, Devin",,,,,"67","226","89","124"
"12month_rolling","General Surgery","Hernia Repair - Incisional","Murdoch, John L",,,,,"228","229","84","106"
"2023_q4",,"Cervical Spine (Neck) Surgery",,"Zone 4","QE2","2023","4","58","358","79","182"
"2024_q2",,"Hernia Repair - Incisional",,"Zone 2","Colchester East Hants Health Centre","2024","2",,,"106","169"
"2025_q2",,"Bowel Resection - Laparoscopic",,"Zone 1","Valley Regional","2025","2","44","221","51","142"
"3month_rolling",,"Cardiac Valve Replacement",,"Total","Provincial","2025","2",,,"57","84"
"2023_q3",,"Head and Neck Surgery",,"Total","Provincial","2023","3","21","71","34","203"
"2024_q2",,"Gastrointestinal Tract Surgery - Laparoscopic",,"Zone 4","Dartmouth General","2024","2","10","23","31","45"
"2023_q2",,"Gastrointestinal Tract Surgery - Laparoscopic",,"Zone 4","QE2","2023","2","33","140","34","309"
"2023_q2",,"Shoulder Arthroscopy",,"Total","Provincial","2023","2","70","323","152","407"
"2025_q1",,"Hernia Repair - Inguinal/Femoral",,"Zone 4","Hants Community Hospital","2025","1","232","308","40","117"
"2024_q4",,"Kidney / Upper Urinary Tract",,"Zone 3","Cape Breton Regional","2024","4",,,"42","168"
"2025_q1",,"Gastric Surgery - Laparoscopic",,"Total","Provincial","2025","1","98","500","84","321"
"2024_q4",,"Functional Endoscopic Sinus Surgery (FESS)",,"Zone 4","Dartmouth General","2024","4","40","188","77","145"
"12month_rolling","Orthopaedic","Knee Scope with ACL Repair","Logan, Karl John",,,,,,,"168","281"
"12month_rolling","Ophthalmology","Cataract Surgery","Kettledas, Hiron",,,,,"51","133","40","75"
"2023_q2",,"Hernia Repair - Laparoscopic Inguinal Femoral",,"Zone 3","St. Martha's Regional","2023","2","13","36","241","291"
"2025_q2",,"Hernia Repair - Inguinal/Femoral",,"Zone 2","Colchester East Hants Health Centre","2025","2","23","50","153","345"
"2024_q1",,"Knee Scope",,"Zone 1","South Shore Regional","2024","1","63","349","115","408"
"2023_q3",,"Lymph Node Biopsy",,"Total","Provincial","2023","3","13","34","18","29"
"12month_rolling",,"Foot - Bunionectomy",,"Total","Provincial","2025","2","282","678","84","193"
"2023_q3",,"Shoulder Arthroscopy",,"Zone 4","Dartmouth General","2023","3","84","442","115","215"
"12month_rolling","Orthopaedic","All","Armstrong, Luke",,,,,"252","474","115","269"
"12month_rolling","General Surgery","Hernia Repair - Laparoscopic Inguinal Femoral","Spence, Richard",,,,,"198","245","237","390"
"12month_rolling","General Surgery","Gastric Surgery - Laparoscopic","Hoogerboord, C Marius",,,,,"308","526","166","280"
"2025_q2",,"Pacemaker Insertion",,"Zone 2","Aberdeen Hospital","2025","2",,,"63","88"
"2025_q2",,"Thyroid or Parathyroid Surgery",,"Zone 4","Dartmouth General","2025","2","14","254","53","123"
"2023_q3",,"Bladder Cancer Surgery",,"Zone 3","Northside General","2023","3",,,"41","197"
"2025_q2",,"Tonsillectomy and/or Adenoidectomy  (Pediatric)",,"Total","Provincial","2025","2","175","380","140","390"
"12month_rolling","Orthopaedic","All","Morash, Joel",,,,,"168","694","58","275"
"12month_rolling","Dental","All","Downey, Lindsay",,,,,,,"89","137"
"12month_rolling","Orthopaedic","All","Murphy, Nadia L",,,,,"119","597","142","269"
"12month_rolling",,"Foot - Reconstruction",,"Total","Provincial","2025","2","110","207","166","290"
"2024_q3",,"Dental Extractions and Restorations  (Pediatric)",,"Zone 2","Cumberland Regional","2024","3","43","127","88","136"
"2025_q1",,"Removal of Ovaries and/or Fallopian Tubes  (Cancer Not Suspected)",,"Zone 3","St. Martha's Regional","2025","1","401","488","54","84"
"12month_rolling",,"Hernia Repair - Umbilical",,"Zone 4","QE2","2025","2","222","510","77","165"
"2024_q1",,"Cystoscopy",,"IWK","IWK","2024","1",,,"49","194"
"2024_q2",,"Oculo Plastic Surgery",,"Total","Provincial","2024","2","61","340","71","246"
"12month_rolling","Ophthalmology","Oculo Plastic Surgery","Koetsie, Karen",,,,,"56","87","152","340"
"12month_rolling","General Surgery","Hernia Repair - Inguinal/Femoral","Livingstone, Scott",,,,,"64","107","39","85"
"3month_rolling",,"Breast Cancer Surgery",,"Total","Provincial","2025","2","11","30","23","40"
"2025_q1",,"Pelvic Floor Repair",,"IWK","IWK","2025","1","176","460","272","433"
"12month_rolling",,"Hernia Repair - Laparoscopic Incisional",,"Zone 4","Dartmouth General","2025","2","91","295","199","473"
"3month_rolling",,"Knee Scope",,"Zone 2","Aberdeen Hospital","2025","2","50","133","77","140"
"2024_q4",,"Shoulder Arthroplasty",,"Zone 4","QE2","2024","4","77","276","265","569"
"2024_q3",,"Breast Cancer Surgery",,"Zone 2","Colchester East Hants Health Centre","2024","3","11","37","37","47"
"2023_q3",,"Strabismus Surgery  (Adult)",,"Total","Provincial","2023","3","244","617","163","297"
"2024_q1",,"Cardioversion",,"Total","Provincial","2024","1",,,"9","22"
"2023_q3",,"Ear Tubes  (Adult)",,"Total","Provincial","2023","3","113","563","91","124"
"2024_q2",,"Cataract Surgery",,"Zone 4","QE2","2024","2","81","218","50","196"
"12month_rolling","Obstetrics/Gynaecology","Hysterectomy  (Cancer Not Suspected)","Bentley, Heidi",,,,,"437","997","92","99"
"2023_q3",,"Male Circumcision  (Adult)",,"Zone 4","QE2","2023","3","87","145","47","125"
"12month_rolling","Obstetrics/Gynaecology","Removal of Ovaries and/or Fallopian Tubes  (Cancer Not Suspected)","MacQuarrie, Robyn M",,,,,"132","184","47","68"
"2023_q2",,"Tonsillectomy and/or Adenoidectomy  (Pediatric)",,"IWK","IWK","2023","2","141","155","99","198"
"2025_q1",,"Kidney Stone Surgery",,"Zone 4","Dartmouth General","2025","1","35","78",,
"12month_rolling","Orthopaedic","Knee Replacement - Partial","O'Brien, David A",,,,,"631","694","190","412"
"12month_rolling","General Surgery","Insertion Vascular Access Catheter","McWilliams, Colin",,,,,"4","13","5","17"
"2023_q3",,"Cardioversion",,"Total","Provincial","2023","3",,,"8","21"
"2023_q4",,"Ear Tubes  (Pediatric)",,"Zone 1","Valley Regional","2023","4","60","158",,
"12month_rolling","Neurosurgery","Brain Surgery  (Pediatric)","Walling, Simon",,,,,"14","45","25","117"
"2024_q4",,"Cataract Surgery",,"Zone 4","QE2","2024","4","77","260","57","180"
"2023_q3",,"Hernia Repair  (Adult)",,"Zone 4","Hants Community Hospital","2023","3","148","545","99","230"
"12month_rolling","Urology","Male Reproductive System Surgery","McGregor, Thomas",,,,,"65","137","43","131"
"2023_q3",,"Hernia Repair - Incisional",,"Total","Provincial","2023","3","73","277","103","292"
"12month_rolling",,"Spinal Cord Stimulation Surgery",,"Zone 4","QE2","2025","2","57","427","64","120"
"2023_q2",,"Tubal Ligation",,"Total","Provincial","2023","2","50","475",,
"12month_rolling","Plastic Surgery","Breast Reduction Surgery","LeBlanc, Martin",,,,,"1351","2200","80","124"
"2024_q2",,"Gastric Surgery",,"Total","Provincial","2024","2","20","79","12","27"
"2024_q3",,"Strabismus Surgery  (Pediatric)",,"Total","Provincial","2024","3",,,"246","634"
"12month_rolling","Urology","All","Cox, Ashley",,,,,"74","163","106","238"
"12month_rolling","General Surgery","Bowel Resection","McGibney, Kieron",,,,,"17","17","47","47"
"2023_q4",,"Hemorrhoidectomy",,"Zone 4","Dartmouth General","2023","4",,,"222","1354"
"12month_rolling","Obstetrics/Gynaecology","All","MacMullin, Gillian",,,,,"141","386","112","300"
"2024_q1",,"Hernia Repair - Inguinal/Femoral",,"Zone 4","QE2","2024","1","72","278","45","98"
"2024_q4",,"Bowel Resection",,"Zone 4","Dartmouth General","2024","4","20","288","36","53"
"2024_q2",,"Knee Scope",,"Zone 4","QE2","2024","2","111","658","102","340"
"12month_rolling","General Surgery","Gallbladder Surgery","Livingstone, Scott",,,,,"34","64","44","99"
"12month_rolling",,"Orthopaedic Trauma",,"Zone 4","QE2","2025","2","25","99","47","150"
"2024_q4",,"Gastrointestinal Tract Surgery - Laparoscopic",,"Zone 3","St. Martha's Regional","2024","4","27","29",,
"12month_rolling","General Surgery","All","O'Sullivan, Colleen M",,,,,"24","393","57","123"
"2023_q3",,"Bowel Resection - Open",,"Zone 4","QE2","2023","3","37","95","45","442"
"2024_q1",,"Laryngology and Vocal Cord Surgery",,"Total","Provincial","2024","1","28","84","43","256"
"2024_q4",,"Bladder Surgery",,"Total","Provincial","2024","4","18","67","52","93"
"2023_q4",,"Temperomandibular Joint Surgery (TMJ)",,"Zone 4","QE2","2023","4","415","495","146","524"
"12month_rolling","General Surgery","Bowel Resection","O'Sullivan, Colleen M",,,,,"33","33","29","49"
"2023_q2",,"Gallbladder Surgery",,"Zone 2","Aberdeen Hospital","2023","2","136","417","63","113"
"2024_q4",,"Hip Arthroscopy",,"Zone 4","Dartmouth General","2024","4","63","249","174","293"
"2023_q2",,"Cataract Surgery",,"Total","Provincial","2023","2","90","335","73","299"
"3month_rolling",,"Septoplasty",,"Zone 3","St. Martha's Regional","2025","2",,,"82","151"
"2024_q3",,"Functional Endoscopic Sinus Surgery (FESS)",,"Zone 3","Cape Breton Regional","2024","3","60","83",,
"2023_q4",,"Hernia Repair - Inguinal/Femoral",,"Zone 1","Yarmouth Regional","2023","4","26","72","43","116"
"2023_q4",,"Hernia Repair - Umbilical",,"Zone 2","Colchester East Hants Health Centre","2023","4","37","66","115","344"
"3month_rolling","Thoracic Surgery",,,,,"2025","2",,,"25","75"
"2023_q2",,"Bowel Resection",,"Zone 4","Dartmouth General","2023","2","17","52","25","66"
"12month_rolling",,"Gastric Surgery - Laparoscopic",,"Total","Provincial","2025","2","81","610","106","429"
"2023_q3",,"Lacrimal Duct Probing",,"Zone 4","QE2","2023","3",,,"77","195"
"12month_rolling","Otolaryngology (ENT)","Tonsillectomy and/or Adenoidectomy  (Adult)","Wallace, Timothy D",,,,,"159","269","54","192"
"2024_q3",,"Colorectal Cancer Surgery",,"Total","Provincial","2024","3","19","148","29","68"
"12month_rolling","Vascular Surgery","Endarterectomy","McDonald, Joey",,,,,,,"38","71"
"12month_rolling","Otolaryngology (ENT)","Surgery for Hearing or Balance Problems of the Ear","Graham, Elise",,,,,"67","295","76","119"
"12month_rolling",,"Shoulder Arthroplasty",,"Zone 1","Valley Regional","2025","2","186","461","183","281"
"12month_rolling","General Surgery","Bowel Resection","Shih, Warren W",,,,,"22","52","36","139"
"2024_q4",,"Hernia Repair - Incisional",,"Zone 1","Valley Regional","2024","4","37","376","101","200"
"2024_q3",,"Tendon / Ligament Repair",,"Zone 4","QE2","2024","3","64","285","39","302"
"2025_q2",,"Cataract Surgery",,"Zone 2","Cumberland Regional","2025","2","185","309","109","154"
"12month_rolling",,"Hysteroscopy",,"Zone 4","Dartmouth General","2025","2","39","169","58","133"
"2023_q2",,"Hernia Repair - Inguinal/Femoral",,"Zone 1","South Shore Regional","2023","2","40","106","36","89"
"12month_rolling","Oral Maxillofacial","All","Davis, Benjamin",,,,,"259","629","128","361"
"2025_q2",,"Gastrointestinal Tract Surgery",,"Total","Provincial","2025","2","33","260","38","135"
"2024_q1",,"Septoplasty",,"Zone 2","Cumberland Regional","2024","1",,,"37","48"
"2024_q2",,"Shoulder Arthroscopy",,"Zone 4","Hants Community Hospital","2024","2","74","396","127","288"
"2025_q2",,"Temperomandibular Joint Surgery (TMJ)",,"Total","Provincial","2025","2","307","643","82","291"
"2025_q2",,"Tendon / Ligament Repair",,"Total","Provincial","2025","2","90","572","83","291"
"2024_q3",,"Dental Extractions and Restorations  (Adult)",,"Zone 4","Dartmouth General","2024","3",,,"125","192"
"2024_q4",,"Pelvic Floor Repair",,"Zone 2","Colchester East Hants Health Centre","2024","4","247","445",,
"2023_q2",,"Hip Arthroscopy",,"Zone 4","Dartmouth General","2023","2","79","357","216","239"
"12month_rolling","Plastic Surgery","Breast Reduction Surgery","Wheelock, Margaret",,,,,,,"424","733"
"2023_q2",,"Hernia Repair - Umbilical",,"IWK","IWK","2023","2",,,"142","216"
"2023_q2",,"Hip Replacement",,"Zone 4","QE2","2023","2","294","392","272","654"
"12month_rolling","Orthopaedic","Knee Replacement","Richardson, Christopher Glen",,,,,"28","60","975","1553"
"12month_rolling","Otolaryngology (ENT)","Surgery for Hearing or Balance Problems of the Ear","Williams, Blair",,,,,"34","99","42","120"
"12month_rolling","General Surgery","Hernia Repair - Inguinal/Femoral","Murdoch, John L",,,,,"133","355","46","123"
"12month_rolling",,"Kidney / Upper Urinary Tract",,"Zone 3","Cape Breton Regional","2025","2","8","42","42","116"
"12month_rolling","General Surgery","Hernia Repair - Laparoscopic Inguinal Femoral","Yaffe, Paul",,,,,"351","462","123","198"
"2023_q4",,"Hip Replacement",,"Zone 4","QE2","2023","4","200","378","204","435"
"3month_rolling",,"Dental Extractions and Restorations  (Pediatric)",,"Zone 3","Cape Breton Regional","2025","2","198","309",,
"3month_rolling",,"Colorectal Cancer Surgery",,"Zone 2","Aberdeen Hospital","2025","2",,,"18","29"
"2024_q1",,"Hernia Repair - Laparoscopic Inguinal Femoral",,"Total","Provincial","2024","1","55","383","108","263"
"2025_q1",,"Breast Reduction Surgery",,"Total","Provincial","2025","1","497","1946","113","571"
"12month_rolling",,"Hand / Upper Extremity",,"IWK","IWK","2025","2",,,"162","369"
"2024_q2",,"Gastrointestinal Tract Surgery - Laparoscopic",,"Zone 3","Cape Breton Regional","2024","2","14","38","23","70"
"2023_q4",,"Surgery for Hearing or Balance Problems of the Ear",,"Zone 1","Valley Regional","2023","4","118","357","65","111"
"2024_q3",,"Sacral Nerve Stimulation",,"Total","Provincial","2024","3",,,"101","230"
"12month_rolling","Urology","Kidney Removal","Mason, Ross",,,,,"31","90","105","232"
"2024_q3",,"Carpal Tunnel Surgery",,"Zone 4","Dartmouth General","2024","3",,,"26","103"
"12month_rolling","General Surgery","Breast Cancer Surgery","Smith, Victoria",,,,,"15","50","20","29"
"12month_rolling","Plastic Surgery","Melanoma Excision","Paletz, Justin L",,,,,"14","223","26","34"
"2025_q2",,"Glaucoma (Eye Pressure Lowering Surgery)",,"Zone 4","QE2","2025","2","39","642","20","76"
"2025_q2",,"Cystoscopy",,"Zone 4","QE2","2025","2","51","192","54","169"
"12month_rolling","General Surgery","Gallbladder Surgery","Stewart, Riley",,,,,"53","107","41","60"
"2023_q3",,"Septoplasty",,"Zone 3","Cape Breton Regional","2023","3","63","216","189","203"
"12month_rolling",,"Hernia Repair - Laparoscopic Inguinal Femoral",,"Total","Provincial","2025","2","118","508","113","339"
"2023_q2",,"Peritoneal Lavage or Catherization",,"Total","Provincial","2023","2",,,"11","67"
"2024_q3",,"Glaucoma (Eye Pressure Lowering Surgery)",,"Total","Provincial","2024","3","40","580","24","83"
"2023_q4",,"Pelvic Floor Repair",,"Total","Provincial","2023","4","144","744","134","333"
"2025_q2",,"Salivary Gland Surgery",,"Total","Provincial","2025","2",,,"127","181"
"2023_q4",,"Prostate Cancer Surgery",,"Zone 4","QE2","2023","4","25","118","145","239"
"12month_rolling",,"Male Reproductive System Surgery",,"Zone 2","Cumberland Regional","2025","2","155","237","51","155"
"2024_q3",,"Back Surgery  (Pediatric)",,"Total","Provincial","2024","3",,,"359","741"
"2025_q1",,"Male Circumcision  (Adult)",,"Zone 4","Hants Community Hospital","2025","1",,,"55","161"
"12month_rolling","General Surgery","Bowel Resection","MacFarlane, David",,,,,"120","300","53","82"
"2024_q3",,"Kidney / Upper Urinary Tract",,"Zone 4","QE2","2024","3","41","111","44","175"
"2024_q3",,"Gallbladder Surgery",,"Zone 1","South Shore Regional","2024","3","31","49","29","44"
"3month_rolling",,"Female Incontinence Surgery",,"Zone 4","QE2","2025","2","79","97","115","211"
"2023_q4",,"Bladder Cancer Surgery",,"Zone 1","South Shore Regional","2023","4",,,"23","66"
"3month_rolling",,"Hernia Repair  (Adult)",,"Zone 4","Dartmouth General","2025","2","75","284","69","202"
"2023_q3",,"Bowel Resection - Laparoscopic",,"Zone 4","Dartmouth General","2023","3","12","44","45","120"
"2024_q2",,"Whipple Procedures",,"Zone 4","QE2","2024","2","13","19","18","29"
"12month_rolling","Dental","Dental Extractions and Restorations  (Pediatric)","MacDonald, Hannah",,,,,"47","47","259","537"
"12month_rolling","General Surgery","Hernia Repair - Inguinal/Femoral","Stoddart, Todd",,,,,"20","43","32","97"
"2023_q3",,"Male Circumcision  (Adult)",,"Zone 1","Valley Regional","2023","3",,,"184","1301"
"12month_rolling","Orthopaedic","Knee Replacement","Leighton, Ross K",,,,,"126","364","359","925"
"2023_q4",,"Brain Surgery  (Adult)",,"Total","Provincial","2023","4","69","716","44","190"
"2024_q2",,"Carpal Tunnel Surgery",,"Zone 1","Valley Regional","2024","2","194","210","197","344"
"2025_q2",,"Hip Replacement Revision",,"Total","Provincial","2025","2","104","154","137","420"
"12month_rolling","Orthopaedic","Hip Replacement","Gillis, Megan",,,,,"360","498","188","425"
"2024_q3",,"Bladder Cancer Surgery",,"Total","Provincial","2024","3","25","127","36","103"
"12month_rolling","General Surgery","Breast Cancer Surgery","O'Sullivan, Colleen M",,,,,"13","29","22","40"
"12month_rolling","General Surgery","Gastrointestinal Tract Surgery - Laparoscopic","Hossain, Farisa",,,,,"23","92","29","156"
"2025_q2",,"Prostatectomy",,"Zone 4","QE2","2025","2","28","55","75","171"
"12month_rolling","Orthopaedic","Knee Scope with ACL Repair","Wong, Ivan",,,,,"24","68","148","234"
"12month_rolling","Obstetrics/Gynaecology","Hysteroscopy","McIntyre, Alison",,,,,"34","364","35","64"
"2024_q3",,"Kidney Stone Surgery",,"Zone 3","Cape Breton Regional","2024","3",,,"100","225"
"2025_q2",,"Gastric Surgery",,"Total","Provincial","2025","2","24","71","36","133"
"2025_q1",,"Dental Extractions and Restorations  (Adult)",,"IWK","IWK","2025","1",,,"407","1242"
"2023_q2",,"Hysterectomy  (Cancer Not Suspected)",,"Zone 3","St. Martha's Regional","2023","2","76","361","129","264"
"12month_rolling","General Surgery","Bowel Resection","Clark, F Donald",,,,,"25","32","56","73"
"2025_q2",,"Hysterectomy  (Cancer Not Suspected)",,"IWK","IWK","2025","2","214","997","224","449"
"12month_rolling","Urology","Male Reproductive System Surgery","Paterson, Nicholas",,,,,"91","123","80","154"
"3month_rolling",,"Dental Extractions and Restorations  (Adult)",,"IWK","IWK","2025","2",,,"374","947"
"12month_rolling",,"Cardioversion",,"Zone 1","Valley Regional","2025","2","15","20","13","28"
"12month_rolling","Urology","Male Reproductive System Surgery","Moore, Jonathan Peter",,,,,"133","253","70","320"
"2024_q4",,"Surgery for Hearing or Balance Problems of the Ear",,"IWK","IWK","2024","4","75","280","112","180"
"2024_q3",,"Bowel Resection - Open",,"Zone 4","QE2","2024","3","27","187","36","76"
"2024_q4",,"Breast Cancer Surgery",,"Total","Provincial","2024","4","13","36","23","49"
"12month_rolling","Obstetrics/Gynaecology","Hysterectomy  (Cancer Not Suspected)","Black, Brittany",,,,,"167","447","57","99"
"2024_q4",,"Peritoneal Lavage or Catherization",,"Zone 4","QE2","2024","4",,,"18","53"
"2023_q4",,"Kidney / Upper Urinary Tract",,"Total","Provincial","2023","4","39","152","44","238"
"2023_q4",,"Hernia Repair - Laparoscopic Inguinal Femoral",,"Zone 4","Dartmouth General","2023","4","177","411","97","300"
"2025_q2",,"Prostate Surgery",,"Zone 2","Colchester East Hants Health Centre","2025","2",,,"155","449"
"2025_q2",,"Kidney Stone Surgery",,"Zone 2","Colchester East Hants Health Centre","2025","2","28","156","75","220"
"2024_q2",,"Cataract Surgery",,"Total","Provincial","2024","2","108","267","62","184"
"12month_rolling","Otolaryngology (ENT)","Head and Neck Surgery","Balys, Richard L",,,,,"54","181","121","220"
"2024_q4",,"Male Circumcision  (Adult)",,"Zone 2","Colchester East Hants Health Centre","2024","4","32","217",,
"2023_q4",,"Back Surgery  (Adult)",,"Zone 4","QE2","2023","4","82","448","127","235"
"2024_q3",,"Lacrimal Duct Probing",,"Zone 4","QE2","2024","3",,,"64","122"
"2023_q2",,"Cystoscopy",,"IWK","IWK","2023","2",,,"63","231"
"12month_rolling","Otolaryngology (ENT)","Septoplasty","Taylor, S. Mark",,,,,"245","1285","57","231"
"12month_rolling","Orthopaedic","Knee Replacement Revision","Dunbar, Michael J",,,,,"59","231","134","431"
"2023_q4",,"Removal of Ovaries and/or Fallopian Tubes  (Cancer Not Suspected)",,"Zone 4","Dartmouth General","2023","4","62","204","78","164"
"3month_rolling",,"Prostatectomy",,"Zone 4","QE2","2025","2","28","55","75","171"
"2024_q1",,"Video-Assisted Thoracic Surgery",,"Total","Provincial","2024","1","23","46","41","84"
"2023_q4",,"Kidney Stone Surgery",,"Total","Provincial","2023","4","28","123","51","211"
"2024_q1",,"Kidney Stone Surgery",,"Zone 4","QE2","2024","1","20","81","45","99"
"2024_q4",,"Hysteroscopy",,"Zone 3","St. Martha's Regional","2024","4","46","657","50","125"
"12month_rolling","Cardiac Surgery","Cardiovascular Surgery","Hirsch, Gregory M",,,,,,,"77","120"
"12month_rolling","Otolaryngology (ENT)","Laryngology and Vocal Cord Surgery","Hong, Paul",,,,,"281","300","132","277"
"2023_q2",,"Male Circumcision  (Adult)",,"Zone 4","QE2","2023","2","111","131","156","378"
"2024_q2",,"Nissen Fundoplication - Laparoscopic",,"Zone 4","QE2","2024","2","62","332","184","1176"
"2025_q1",,"Hand / Upper Extremity",,"Total","Provincial","2025","1","147","613","155","454"
"2025_q2",,"Bowel Resection - Laparoscopic",,"Total","Provincial","2025","2","31","172","32","97"
"2023_q3",,"Thoroscopy / Pleuroscopy",,"Total","Provincial","2023","3",,,"23","41"
"2024_q2",,"Colorectal Cancer Surgery",,"Zone 4","Dartmouth General","2024","2","13","23","28","38"
"12month_rolling","Orthopaedic","Orthopaedic Trauma","Logan, Karl John",,,,,"92","219","26","333"
"2023_q3",,"Kidney Stone Surgery",,"Zone 4","QE2","2023","3","45","90","35","88"
"12month_rolling","General Surgery","Hernia Repair - Umbilical","Spence, Richard",,,,,"66","114","203","241"
"2024_q1",,"Pancreas Surgery",,"Total","Provincial","2024","1","9","24","21","62"
"2023_q4",,"Cardiovascular Surgery",,"Total","Provincial","2023","4",,,"9","65"
"12month_rolling","General Surgery","Gallbladder Surgery","Ellsmere, James C",,,,,"42","99","119","183"
"2023_q4",,"Carpal Tunnel Surgery",,"Zone 2","Aberdeen Hospital","2023","4","44","100","38","107"
"12month_rolling","Urology","Kidney Stone Surgery","Duplisea, Jonathan",,,,,"44","61","50","101"
"12month_rolling","Obstetrics/Gynaecology","Removal of Ovaries and/or Fallopian Tubes  (Cancer Not Suspected)","Moodley, Manivasan",,,,,"186","233","381","880"
"12month_rolling","Oral Maxillofacial","Bone / Cartilage Graft","Bourque, Susan",,,,,"307","326","273","368"
"2025_q2",,"Cataract Surgery",,"Zone 3","St. Martha's Regional","2025","2","181","422","106","165"
"2025_q2",,"Kidney Removal",,"Zone 4","QE2","2025","2","15","47","71","107"
"12month_rolling","Obstetrics/Gynaecology","Hysteroscopy","Houck, Leslie",,,,,"102","297","31","66"
"2023_q2",,"Bladder Cancer Surgery",,"Zone 2","Colchester East Hants Health Centre","2023","2","25","170","34","59"
"12month_rolling","General Surgery","All","Walsh, Mark J",,,,,"23","71","38","98"
"2023_q4",,"Gallbladder Surgery",,"Zone 3","Cape Breton Regional","2023","4","53","246","52","200"
"2024_q2",,"Hernia Repair - Incisional",,"Total","Provincial","2024","2","80","362","96","282"
"2023_q2",,"Hysteroscopy",,"Zone 3","St. Martha's Regional","2023","2","36","189","54","118"
"12month_rolling",,"Orthopaedic Trauma",,"IWK","IWK","2025","2","18","556","6","194"
"2023_q2",,"Hernia Repair - Incisional",,"Zone 1","Valley Regional","2023","2","70","209","55","411"
"12month_rolling","Obstetrics/Gynaecology","Removal of Ovaries and/or Fallopian Tubes  (Cancer Not Suspected)","Nair, Cynthia",,,,,"40","88","36","93"
"12month_rolling","General Surgery","Bowel Resection","MacDonald, Blair",,,,,"33","175","25","112"
"12month_rolling","Orthopaedic","Tendon / Ligament Repair","Trenholm, J Andrew I",,,,,"40","112","259","290"
"12month_rolling","Plastic Surgery","Aesthetic Surgery","Rasmussen, Philip John",,,,,"98","222","33","33"
"2023_q3",,"Cataract Surgery",,"Zone 2","Cumberland Regional","2023","3","248","269","71","147"
"12month_rolling","Otolaryngology (ENT)","Ear Tubes  (Pediatric)","Hong, Paul",,,,,"119","278","99","149"
"12month_rolling","General Surgery","Gastrointestinal Tract Surgery - Laparoscopic","Lamey, Alicia",,,,,"15","36","20","43"
"2023_q3",,"Hysterectomy  (Cancer Not Suspected)",,"Zone 3","Cape Breton Regional","2023","3","131","426","274","713"
"2025_q1",,"Foot - Arthrodesis",,"Zone 4","QE2","2025","1","346","611","58","158"
"12month_rolling","General Surgery","Hernia Repair - Umbilical","Mills, Jessica Louise",,,,,"102","227","45","134"
"2024_q2",,"Prostate Cancer Surgery",,"Total","Provincial","2024","2","20","51","161","238"
"12month_rolling","General Surgery","Hernia Repair - Umbilical","Gala Lopez, Boris",,,,,"100","171","87","202"
"2025_q2",,"Knee Replacement Revision",,"Zone 4","Dartmouth General","2025","2",,,"93","138"
"2025_q2",,"Hernia Repair - Umbilical",,"Zone 4","Dartmouth General","2025","2","63","250","77","188"
"12month_rolling","Orthopaedic","Shoulder Arthroscopy","Hewins, Edward",,,,,"142","375","112","268"
"12month_rolling","Dental","All","Albert, Daniel N",,,,,,,"55","140"
"2023_q3",,"Hernia Repair - Inguinal/Femoral",,"Zone 2","Aberdeen Hospital","2023","3","54","505",,
"2023_q2",,"Melanoma Excision",,"Zone 4","QE2","2023","2","14","29","17","22"
"2025_q2",,"Female Incontinence Surgery",,"Total","Provincial","2025","2","79","279","181","307"
"12month_rolling","Urology","Kidney Stone Surgery","Rent, Kenneth",,,,,"14","47","37","68"
"2025_q1",,"Breast Reduction Surgery",,"Zone 3","St. Martha's Regional","2025","1","276","343",,
"2025_q1",,"Knee Replacement",,"Zone 1","Valley Regional","2025","1","367","508","168","427"
"12month_rolling","Oral Maxillofacial","All","Brady, James",,,,,"261","637","184","631"
"2025_q1",,"Sinus Surgery",,"Total","Provincial","2025","1","99","482","82","208"
"3month_rolling",,"Breast Reduction Surgery",,"Zone 3","St. Martha's Regional","2025","2","182","213","398","659"
"2025_q2",,"Pelvic Floor Repair",,"IWK","IWK","2025","2",,,"239","434"
"2025_q2",,"Prostate Surgery",,"Zone 4","Dartmouth General","2025","2","41","127","61","186"
"2024_q2",,"Breast Cancer Surgery",,"Zone 3","Cape Breton Regional","2024","2","9","23","17","42"
"2024_q3",,"Cystoscopy",,"Zone 1","Yarmouth Regional","2024","3","50","69","43","167"
"12month_rolling",,"Tear Duct Surgery",,"Zone 4","QE2","2025","2","68","406","80","160"
"2025_q2",,"Colorectal Cancer Surgery",,"Total","Provincial","2025","2","18","140","27","61"
"2024_q2",,"Bowel Resection",,"Zone 1","Yarmouth Regional","2024","2",,,"27","117"
"3month_rolling",,"Kidney Removal",,"Zone 4","QE2","2025","2","15","47","71","107"
"12month_rolling","Obstetrics/Gynaecology","Hysteroscopy","MacQuarrie, Robyn M",,,,,"31","41","28","56"
"2024_q3",,"Sinus Surgery",,"Total","Provincial","2024","3","68","139","173","303"
"2025_q2",,"Knee Replacement - Partial",,"Zone 4","QE2","2025","2","238","362","69","120"
"2024_q3",,"Prostate Surgery",,"Zone 1","Valley Regional","2024","3","50","168","88","324"
"12month_rolling","General Surgery","Hernia Repair - Incisional","Butler, Clay K",,,,,"33","39","230","1055"
"12month_rolling","General Surgery","Gastrointestinal Tract Surgery","Yaffe, Paul",,,,,"74","579","64","148"
"2025_q2",,"Knee Scope",,"Zone 4","Hants Community Hospital","2025","2","75","252","39","104"
"2024_q4",,"Hip Replacement",,"Zone 4","Dartmouth General","2024","4","507","705","147","287"
"2025_q2",,"Shoulder Arthroplasty",,"Zone 1","Valley Regional","2025","2","127","235","253","293"
"2024_q4",,"Hysteroscopy",,"Zone 2","Colchester East Hants Health Centre","2024","4","64","188","37","82"
"2024_q2",,"Lung Cancer Surgery",,"Zone 4","QE2","2024","2","25","69","29","62"
"12month_rolling",,"Esophagoscopy",,"Total","Provincial","2025","2","29","108","30","112"
"12month_rolling","Urology","Adrenal Surgery","Rendon, Ricardo",,,,,"14","37","73","146"
"2023_q3",,"Tendon / Ligament Repair",,"Zone 4","QE2","2023","3","84","352","92","153"
"2024_q1",,"Salivary Gland Surgery",,"Total","Provincial","2024","1",,,"46","145"
"2024_q2",,"Hernia Repair  (Adult)",,"Zone 2","Cumberland Regional","2024","2","55","106","55","133"
"12month_rolling","Obstetrics/Gynaecology","All","MacQuarrie, Robyn M",,,,,"62","447","37","68"
"2024_q4",,"Female Incontinence Surgery",,"Zone 4","QE2","2024","4",,,"82","496"
"2023_q4",,"Lung Cancer Surgery",,"Zone 4","QE2","2023","4","27","64","40","110"
"12month_rolling","Otolaryngology (ENT)","All","Quimby, Alexandra",,,,,"162","577","281","1216"
"2023_q2",,"Kidney / Upper Urinary Tract",,"Zone 4","QE2","2023","2",,,"57","267"
"12month_rolling","Orthopaedic","All","Hamilton, Christopher",,,,,"247","431","43","111"
"2023_q3",,"Pelvic Floor Repair",,"Total","Provincial","2023","3","162","621","128","334"
"2025_q2",,"Ear Tubes  (Pediatric)",,"Zone 3","Cape Breton Regional","2025","2","14","60","33","47"
"2025_q2",,"Cataract Surgery",,"Total","Provincial","2025","2","106","299","64","141"
"2023_q2",,"Hip Replacement",,"Zone 4","Dartmouth General","2023","2","57","520","149","487"
"12month_rolling","Otolaryngology (ENT)","Ear Tubes  (Adult)","Scott, John",,,,,"178","178","33","135"
"2023_q3",,"Carpal Tunnel Surgery",,"Zone 4","Hants Community Hospital","2023","3",,,"34","55"
"2024_q4",,"Back Surgery  (Adult)",,"Zone 4","QE2","2024","4","71","492","76","200"
"2023_q3",,"Gastric Surgery",,"Total","Provincial","2023","3","18","39","16","130"
"12month_rolling","Plastic Surgery","Carpal Tunnel Surgery","Boehm, Kaitlin",,,,,"203","639","40","137"
"12month_rolling",,"Hernia Repair - Inguinal/Femoral",,"IWK","IWK","2025","2","63","97","80","204"
"3month_rolling",,"Bladder Cancer Surgery",,"Zone 3","Cape Breton Regional","2025","2","84","183","26","178"
"2023_q2",,"Gastrointestinal Tract Surgery - Laparoscopic",,"Total","Provincial","2023","2","22","153","34","154"
"12month_rolling","Orthopaedic","All","Legay, Douglas A",,,,,"69","91","104","306"
"12month_rolling","Orthopaedic","Manipulation of Extremity","McPherson, John",,,,,"87","87","65","174"
"2025_q1",,"Amputations",,"Total","Provincial","2025","1","20","227","16","113"
"2025_q1",,"Endarterectomy",,"Zone 4","QE2","2025","1",,,"22","64"
"2025_q2",,"Back Surgery  (Pediatric)",,"Total","Provincial","2025","2",,,"281","569"
"12month_rolling","General Surgery","Gastrointestinal Tract Surgery - Laparoscopic","Poushay, Heather",,,,,"19","61","12","19"
"2023_q2",,"Bladder Cancer Surgery",,"Total","Provincial","2023","2","30","106","33","119"
"2025_q1",,"Liver Surgery",,"Zone 4","QE2","2025","1","11","21","49","77"
"2024_q3",,"Bowel Resection - Open",,"Total","Provincial","2024","3","22","175","29","69"
"3month_rolling",,"Removal of Ovaries and/or Fallopian Tubes  (Cancer Not Suspected)",,"Total","Provincial","2025","2","102","517","64","229"
"2024_q4",,"Hysteroscopy",,"Zone 1","Yarmouth Regional","2024","4","31","223","28","51"
"2025_q2",,"Dental Extractions and Restorations  (Pediatric)",,"Zone 1","South Shore Regional","2025","2",,,"55","156"
"12month_rolling","Obstetrics/Gynaecology","Pelvic Floor Repair","Tynski, Gregory",,,,,"69","608","183","355"
"12month_rolling",,"Prostate Surgery",,"Zone 1","Yarmouth Regional","2025","2","57","267","84","230"
"2024_q1",,"Bariatric Surgery (for Weight Loss)",,"Zone 4","QE2","2024","1","77","168","265","310"
"12month_rolling",,"Knee Replacement - Partial",,"Zone 2","Aberdeen Hospital","2025","2",,,"300","417"
"12month_rolling","Orthopaedic","All","Biddulph, Michael Paul",,,,,"75","833","74","276"
"2023_q2",,"Gastrointestinal Tract Surgery",,"Zone 1","Yarmouth Regional","2023","2",,,"67","164"
"2024_q3",,"Cystoscopy",,"Zone 3","Northside General","2024","3",,,"49","196"
"2025_q1",,"Pancreas Surgery",,"Total","Provincial","2025","1","17","51","33","91"
"2025_q2",,"Kidney Removal",,"Total","Provincial","2025","2","14","73","53","105"
"2025_q2",,"Hip Replacement Revision",,"Zone 4","QE2","2025","2",,,"218","455"
"2024_q1",,"Vascular Bypass Surgery",,"Total","Provincial","2024","1",,,"24","36"
"12month_rolling","Obstetrics/Gynaecology","All","Moodley, Manivasan",,,,,"120","296","212","602"
"2024_q4",,"Kidney Removal",,"Total","Provincial","2024","4","19","89","55","162"
"2024_q3",,"Bladder Cancer Surgery",,"Zone 1","Valley Regional","2024","3","21","77","37","113"
"12month_rolling","General Surgery","Colorectal Cancer Surgery","Lapierre, Stephanie",,,,,"15","30","18","33"
"2023_q3",,"Breast Cancer Surgery",,"Total","Provincial","2023","3","14","29","23","54"
"12month_rolling","General Surgery","Hernia Repair - Incisional","Enright, Jonathan Boyde",,,,,"152","592","83","220"
"12month_rolling","Orthopaedic","All","Trenholm, J Andrew I",,,,,"61","147","222","420"
"12month_rolling","Plastic Surgery","Melanoma Excision","Corkum, Joseph",,,,,"17","142","17","24"
"12month_rolling","Orthopaedic","All","Arakgi, Michelle",,,,,"115","461","107","229"
"12month_rolling","Oral Maxillofacial","Dental Extractions and Restorations  (Adult)","Doucet, Jean-Charles",,,,,"247","482","180","429"
"2023_q2",,"Functional Endoscopic Sinus Surgery (FESS)",,"Zone 4","Dartmouth General","2023","2","34","179","93","260"
"2025_q1",,"Coronary Artery Bypass Graft",,"Zone 4","QE2","2025","1",,,"39","82"
"3month_rolling",,"Sinus Surgery",,"Zone 4","Dartmouth General","2025","2","70","112",,
"12month_rolling","Obstetrics/Gynaecology","Hysteroscopy","Joice, Shannon",,,,,"45","181","38","64"
"2023_q4",,"Cervical Spine (Neck) Surgery",,"Total","Provincial","2023","4","58","358","79","182"
"3month_rolling",,"Bowel Resection",,"Zone 4","QE2","2025","2","21","161","38","135"
"2024_q1",,"Kidney / Upper Urinary Tract",,"Zone 3","Cape Breton Regional","2024","1",,,"56","186"
"2024_q3",,"Thyroid or Parathyroid Surgery",,"Zone 2","Cumberland Regional","2024","3","75","215","58","85"
"2023_q4",,"Thyroid or Parathyroid Surgery",,"Total","Provincial","2023","4","43","221","55","241"
"2024_q3",,"Hysterectomy  (Cancer Not Suspected)",,"Zone 1","South Shore Regional","2024","3",,,"32","191"
"12month_rolling","General Surgery","Breast Cancer Surgery","Helyer, Lucy K",,,,,"13","23","17","37"
"2024_q2",,"Carpal Tunnel Surgery",,"Zone 3","St. Martha's Regional","2024","2",,,"123","185"
"12month_rolling",,"Insertion Vascular Access Catheter",,"Total","Provincial","2025","2","8","52","10","85"
"12month_rolling","Orthopaedic","Tendon / Ligament Repair","Biddulph, Michael Paul",,,,,"347","547","106","169"
"2023_q4",,"Prostate Surgery - Laparoscopic",,"Total","Provincial","2023","4","29","132","150","242"
"2023_q2",,"Peritoneal Lavage or Catherization",,"Zone 4","QE2","2023","2",,,"11","67"
"12month_rolling",,"Hernia Repair - Ventral",,"Zone 4","Dartmouth General","2025","2","181","332","67","181"
"12month_rolling","Obstetrics/Gynaecology","Hysterectomy  (Cancer Not Suspected)","Hudgins, Sarah",,,,,"85","120","344","779"
"12month_rolling","Orthopaedic","Hip Replacement","Smith, Thomas Duncan",,,,,,,"186","304"
"12month_rolling","Obstetrics/Gynaecology","All","Houck, Leslie",,,,,"106","313","33","91"
"12month_rolling",,"Video-Assisted Thoracic Surgery",,"Zone 4","QE2","2025","2","27","65","29","70"
"12month_rolling","Otolaryngology (ENT)","All","Wallace, Timothy D",,,,,"68","306","64","147"
"12month_rolling","Urology","Bladder Cancer Surgery","Kokorovic, Andrea",,,,,"21","71","22","42"
"12month_rolling","General Surgery","Bowel Resection - Open","King, Jenelle",,,,,"10","25","13","24"
"2024_q3",,"Whipple Procedures",,"Zone 4","QE2","2024","3","11","20","29","230"
"12month_rolling","Otolaryngology (ENT)","Tonsillectomy and/or Adenoidectomy  (Adult)","Fung, Elaine",,,,,"462","546","133","220"
"2023_q3",,"Palmar Fascia Excision for Dupuytren's Disease",,"Zone 4","QE2","2023","3","66","660","45","131"
"2023_q3",,"Kidney Stone Surgery",,"Total","Provincial","2023","3","34","100","45","171"
"12month_rolling","Otolaryngology (ENT)","Ear Tubes  (Pediatric)","Williams, Blair",,,,,"29","91","37","91"
"12month_rolling",,"Prostate Surgery",,"Zone 3","Northside General","2025","2","72","199","48","100"
"3month_rolling",,"Male Circumcision  (Pediatric)",,"Total","Provincial","2025","2","638","904","43","333"
"2024_q2",,"Hernia Repair - Umbilical",,"Zone 1","Valley Regional","2024","2","73","457","68","238"
"12month_rolling","Otolaryngology (ENT)","Tonsillectomy and/or Adenoidectomy  (Pediatric)","Fowler, James",,,,,"21","60","194","301"
"12month_rolling","General Surgery","Bowel Resection - Laparoscopic","Kavanagh, Rhys",,,,,"31","172","27","35"
"12month_rolling",,"Oculo Plastic Surgery",,"Zone 1","South Shore Regional","2025","2",,,"101","363"
"12month_rolling","General Surgery","Peritoneal Lavage or Catherization","Walsh, Mark J",,,,,"14","23","15","38"
"12month_rolling","Cardiac Surgery","Coronary Artery Bypass Graft","Wood, Jeremy R",,,,,,,"34","98"
"12month_rolling",,"Male Reproductive System Surgery",,"Zone 4","Dartmouth General","2025","2","133","356","95","225"
"12month_rolling","Urology","Male Circumcision  (Pediatric)","MacLellan, Dawn",,,,,"238","907","115","674"
"2024_q2",,"Head and Neck Surgery",,"Total","Provincial","2024","2","29","253","34","251"
"2023_q4",,"Cornea and External Disease",,"Total","Provincial","2023","4","89","203","105","291"
"2024_q3",,"Hernia Repair - Incisional",,"Zone 2","Colchester East Hants Health Centre","2024","3",,,"90","183"
"12month_rolling","General Surgery","Breast Cancer Surgery","Lamey, Alicia",,,,,"7","20","15","36"
"12month_rolling","Urology","Male Circumcision  (Adult)","Ory, Jesse",,,,,"197","1037","187","394"
"2023_q3",,"Hysteroscopy",,"IWK","IWK","2023","3","99","327","62","145"
"2024_q2",,"Prostatectomy",,"Total","Provincial","2024","2","21","54","166","239"
"12month_rolling",,"Hysteroscopy",,"Zone 2","Colchester East Hants Health Centre","2025","2","64","276","51","107"
"2023_q3",,"Hernia Repair - Umbilical",,"Zone 1","South Shore Regional","2023","3","42","152","62","79"
"12month_rolling","Vascular Surgery","Carotid Endarterectomy","Lee, Min S",,,,,"5","28","9","16"
"12month_rolling","Ophthalmology","All","Kettledas, Hiron",,,,,"51","133","33","63"
"2023_q3",,"Breast Cancer Surgery",,"Zone 3","St. Martha's Regional","2023","3","7","14","30","41"
"2024_q4",,"Hernia Repair - Incisional",,"Zone 4","QE2","2024","4","72","518","116","207"
"3month_rolling",,"Ear Tubes  (Pediatric)",,"Zone 1","South Shore Regional","2025","2",,,"21","85"
"2024_q3",,"Surgery for Hearing or Balance Problems of the Ear",,"IWK","IWK","2024","3","136","292","101","194"
"2025_q1",,"Pancreas Surgery",,"Zone 4","QE2","2025","1","17","51","33","91"
"2023_q4",,"Prostatectomy",,"Total","Provincial","2023","4","26","118","125","233"
"2025_q1",,"Hernia Repair - Incisional",,"Total","Provincial","2025","1","80","495","115","395"
"2024_q4",,"Hernia Repair  (Adult)",,"Zone 1","Yarmouth Regional","2024","4","41","131","64","127"
"2024_q3",,"Gastric Surgery",,"Total","Provincial","2024","3","19","34","32","54"
"2023_q3",,"Colorectal Cancer Surgery",,"Total","Provincial","2023","3","19","82","24","60"
"3month_rolling",,"Kidney Removal",,"Total","Provincial","2025","2","14","73","53","105"
"12month_rolling","Obstetrics/Gynaecology","All","Van eyk, Nancy Ann",,,,,"153","934","85","216"
"3month_rolling",,"Knee Scope with ACL Repair",,"Zone 4","Hants Community Hospital","2025","2",,,"38","151"
"2024_q2",,"Cataract Surgery",,"Zone 2","Cumberland Regional","2024","2","264","297","81","147"
"2025_q1",,"Prostate Surgery",,"Zone 2","Colchester East Hants Health Centre","2025","1",,,"203","435"
"2023_q4",,"Hysterectomy  (Cancer Not Suspected)",,"Zone 4","QE2","2023","4","15","24","37","44"
"3month_rolling",,"Cataract Surgery",,"Zone 4","QE2","2025","2","73","189","43","163"
"2024_q3",,"Breast Cancer Surgery",,"Zone 1","South Shore Regional","2024","3","17","63","20","29"
"2025_q1",,"Oculo Plastic Surgery",,"Total","Provincial","2025","1","66","454","103","336"
"2023_q4",,"Hysteroscopy",,"Zone 2","Aberdeen Hospital","2023","4","38","143","23","80"
"2025_q2",,"Cardiac Valve Replacement",,"Zone 4","QE2","2025","2",,,"57","84"
"2023_q4",,"Bowel Resection - Open",,"Zone 4","QE2","2023","4","27","66","28","125"
"12month_rolling","General Surgery","Cystoscopy","Milford, Karen",,,,,"45","62","76","299"
"2024_q2",,"Nissen Fundoplication - Laparoscopic",,"Total","Provincial","2024","2","62","332","162","991"
"2023_q3",,"Bladder Cancer Surgery",,"Zone 4","Dartmouth General","2023","3",,,"279","1356"
"2024_q2",,"Dental Extractions and Restorations  (Pediatric)",,"IWK","IWK","2024","2","70","608","192","807"
"12month_rolling","General Surgery","Gastrointestinal Tract Surgery","McWilliams, Colin",,,,,"13","40","22","29"
"12month_rolling","Plastic Surgery","All","Hayden, David",,,,,"42","209","51","161"
"2023_q2",,"Prostate Surgery",,"Zone 1","Valley Regional","2023","2","25","46","48","171"
"12month_rolling","Urology","Cystoscopy","McGregor, Thomas",,,,,"43","73","32","89"
"2023_q3",,"Cataract Surgery",,"Total","Provincial","2023","3","86","274","89","272"
"2025_q2",,"Pacemaker Insertion",,"Total","Provincial","2025","2","7","15","37","89"
"2023_q4",,"Lacrimal Duct Probing",,"Zone 4","QE2","2023","4",,,"57","752"
"2025_q1",,"Knee Replacement - Partial",,"Zone 4","QE2","2025","1","356","364","58","71"
"2025_q1",,"Tonsillectomy and/or Adenoidectomy  (Pediatric)",,"Total","Provincial","2025","1","307","393","157","341"
"2024_q2",,"Colorectal Cancer Surgery",,"Zone 3","Cape Breton Regional","2024","2","12","19","23","39"
"2023_q4",,"Oculo Plastic Surgery",,"Zone 3","Cape Breton Regional","2023","4",,,"213","267"
"2024_q3",,"Knee Replacement",,"Zone 4","Dartmouth General","2024","3","354","619","172","349"
"2025_q1",,"Gastrointestinal Tract Surgery",,"Zone 4","QE2","2025","1","33","264","70","270"
"2023_q3",,"Back Surgery  (Pediatric)",,"Total","Provincial","2023","3",,,"360","720"
"2023_q4",,"Removal of Ovaries and/or Fallopian Tubes  (Cancer Not Suspected)",,"Zone 1","Valley Regional","2023","4","190","447","286","616"
"2023_q3",,"Female Incontinence Surgery",,"Zone 4","QE2","2023","3",,,"174","329"
"2024_q4",,"Hysteroscopy",,"Zone 1","South Shore Regional","2024","4","34","447","35","106"
"12month_rolling","General Surgery","All","Spence, Richard",,,,,"35","274","115","301"
"12month_rolling",,"Nose Surgery - Reconstructive or Aesthetic",,"Zone 4","QE2","2025","2","31","77","30","92"
"2023_q3",,"Cystoscopy",,"Zone 1","Yarmouth Regional","2023","3","50","552","62","187"
"12month_rolling","Obstetrics/Gynaecology","Hysterectomy  (Cancer Not Suspected)","Marshall, Vaughan",,,,,"38","659","121","207"
"2024_q2",,"Breast Cancer Surgery",,"Zone 2","Colchester East Hants Health Centre","2024","2","9","44","29","47"
"12month_rolling","General Surgery","All","Murphy, Christopher",,,,,"31","109","41","149"
"2024_q4",,"Hernia Repair  (Adult)",,"Zone 2","Colchester East Hants Health Centre","2024","4","57","91","131","270"
"12month_rolling",,"Hernia Repair - Inguinal/Femoral",,"Zone 3","Glace Bay","2025","2","318","626","67","250"
"2023_q2",,"Pelvic Floor Repair",,"Total","Provincial","2023","2","224","669","90","587"
"3month_rolling",,"Male Circumcision  (Adult)",,"Zone 1","Valley Regional","2025","2",,,"40","122"
"2023_q4",,"Bowel Resection - Open",,"Zone 1","South Shore Regional","2023","4",,,"28","86"
"12month_rolling","General Surgery","All","Milford, Karen",,,,,"80","201","97","260"
"2023_q2",,"Pancreas Surgery",,"Total","Provincial","2023","2","12","21","22","31"
"12month_rolling","Obstetrics/Gynaecology","Hysteroscopy","Marshall, Vaughan",,,,,"31","397","45","95"
"12month_rolling","Otolaryngology (ENT)",,,,,"2025","2",,,"86","352"
"12month_rolling","General Surgery","Breast Cancer Surgery","McGibney, Kieron",,,,,"11","34","44","54"
"2025_q1",,"Carpal Tunnel Surgery",,"Zone 1","South Shore Regional","2025","1","86","462","41","66"
"2024_q1",,"Coronary Artery Bypass Graft",,"Total","Provincial","2024","1",,,"6","35"
"2024_q1",,"Tonsillectomy and/or Adenoidectomy  (Adult)",,"Zone 4","Dartmouth General","2024","1",,,"83","255"
"2024_q3",,"Spinal Cord Stimulation Surgery",,"Total","Provincial","2024","3",,,"93","120"
"2025_q2",,"Foot - Arthrodesis",,"Zone 4","QE2","2025","2","413","629","73","294"
"2023_q2",,"Bowel Resection - Open",,"Total","Provincial","2023","2","15","120","41","181"
"12month_rolling","General Surgery","Colorectal Cancer Surgery","Stoddart, Todd",,,,,"24","37","29","57"
"2023_q4",,"Thyroid or Parathyroid Surgery",,"Zone 3","Cape Breton Regional","2023","4","67","195","124","184"
"12month_rolling","General Surgery","Hernia Repair - Laparoscopic Umbilical","Jad, Ahmed",,,,,"318","466","248","294"
"2024_q2",,"Palmar Fascia Excision for Dupuytren's Disease",,"Zone 1","South Shore Regional","2024","2","153","579","56","327"
"12month_rolling","Otolaryngology (ENT)","Ear Tubes  (Pediatric)","Wallace, Timothy D",,,,,"110","256","32","72"
"12month_rolling","General Surgery","Hernia Repair - Inguinal/Femoral","Hoogerboord, C Marius",,,,,"190","510","74","125"
"12month_rolling","General Surgery","Gallbladder Surgery","O'Sullivan, Colleen M",,,,,"48","133","121","177"
"2025_q1",,"Male Reproductive System Surgery",,"Zone 4","Dartmouth General","2025","1","141","374","95","223"
"12month_rolling","Orthopaedic","All","Gross, Michael",,,,,"287","363","58","114"
"2024_q4",,"Knee Replacement Revision",,"Zone 4","QE2","2024","4",,,"76","474"
"2025_q2",,"Male Reproductive System Surgery",,"Zone 1","Valley Regional","2025","2",,,"42","122"
"12month_rolling","Otolaryngology (ENT)","Head and Neck Surgery","Taylor, Benjamin A",,,,,"29","79","83","96"
"2024_q2",,"AV Fistula Creation/Closure",,"Total","Provincial","2024","2",,,"17","136"
"2023_q3",,"Melanoma Excision",,"Zone 4","QE2","2023","3","16","22","22","40"
"12month_rolling",,"Splenic Surgery",,"Zone 4","QE2","2025","2","29","72","58","167"
"2024_q3",,"Hysteroscopy",,"Zone 1","Yarmouth Regional","2024","3","26","79","45","78"
"12month_rolling","Ophthalmology","Cataract Surgery","Eadie, Brennan",,,,,"257","328","45","104"
"12month_rolling","General Surgery","Gastrointestinal Tract Surgery","Kavanagh, Rhys",,,,,"49","381","28","35"
"2024_q1",,"Bladder Cancer Surgery",,"Zone 3","Cape Breton Regional","2024","1","29","125","42","125"
"2024_q4",,"Functional Endoscopic Sinus Surgery (FESS)",,"Zone 3","Cape Breton Regional","2024","4","52","90",,
"2024_q3",,"Thyroid or Parathyroid Surgery",,"Zone 4","QE2","2024","3","66","213","69","1015"
"2023_q3",,"Gastrointestinal Tract Surgery",,"Zone 1","Valley Regional","2023","3",,,"32","96"
"2025_q2",,"Septoplasty",,"Zone 1","Valley Regional","2025","2","571","909","332","469"
"2024_q1",,"Endarterectomy",,"Total","Provincial","2024","1",,,"17","67"
"2023_q2",,"Hysteroscopy",,"Total","Provincial","2023","2","40","226","49","139"
"2024_q3",,"Bowel Resection - Laparoscopic",,"Zone 4","QE2","2024","3","36","287","77","167"
"2025_q2",,"Gallbladder Surgery",,"Zone 4","Hants Community Hospital","2025","2","14","207","33","129"
"12month_rolling","Obstetrics/Gynaecology","All","Joice, Shannon",,,,,"71","397","52","179"
"12month_rolling","Orthopaedic","Ankle - Arthroscopy","Burgesson, Bernard",,,,,"362","621","35","43"
"2025_q2",,"Shoulder Arthroscopy",,"Zone 1","South Shore Regional","2025","2","133","206","82","199"
"12month_rolling","Orthopaedic","All","Dunbar, Michael J",,,,,"59","159","227","941"
"12month_rolling","Plastic Surgery","All","Singh, Jasbir",,,,,"6","15","18","27"
"2023_q4",,"Strabismus Surgery  (Adult)",,"Zone 4","QE2","2023","4","400","799","67","438"
"2023_q3",,"Endarterectomy",,"Total","Provincial","2023","3",,,"64","83"
"2024_q4",,"Dental Extractions and Restorations  (Adult)",,"Zone 4","Dartmouth General","2024","4",,,"78","215"
"12month_rolling","Cardiac Surgery","All","Baskett, Roger J",,,,,"22","22","60","131"
"2024_q4",,"Septoplasty",,"Zone 4","Hants Community Hospital","2024","4","166","909","85","152"
"2024_q1",,"Knee Scope",,"Total","Provincial","2024","1","65","301","74","241"
"2024_q4",,"Endarterectomy",,"Zone 4","QE2","2024","4",,,"33","106"
"2023_q3",,"Cystoscopy",,"Zone 3","Northside General","2023","3",,,"25","160"
"3month_rolling",,"Hernia Repair  (Adult)",,"Zone 3","Glace Bay","2025","2","316","626","65","671"
"12month_rolling",,"Aesthetic Surgery",,"Zone 4","QE2","2025","2","225","567","40","127"
"2025_q1",,"Nerve Surgery",,"Total","Provincial","2025","1","59","289","39","160"
"12month_rolling","Orthopaedic","All","Orlik, Benjamin",,,,,"115","375","251","538"
"12month_rolling","Orthopaedic","Shoulder Arthroscopy","McPherson, John",,,,,"89","342","50","196"
"2024_q4",,"Liver Surgery",,"Zone 4","QE2","2024","4","12","23","38","93"
"2025_q1",,"Hysterectomy  (Cancer Not Suspected)",,"Zone 3","Cape Breton Regional","2025","1","84","308","226","525"
"2024_q3",,"Knee Scope",,"Total","Provincial","2024","3","90","194","84","191"
"2024_q4",,"Prostate Surgery - Laparoscopic",,"Zone 4","QE2","2024","4","35","173","117","179"
"2024_q2",,"Septoplasty",,"Zone 3","Cape Breton Regional","2024","2","41","152","360","390"
"2024_q2",,"Hip Replacement Revision",,"Zone 4","QE2","2024","2",,,"75","507"
"2024_q3",,"Nerve Surgery",,"Total","Provincial","2024","3","40","139","66","119"
"2023_q2",,"Esophagectomy / Esophageal Surgery",,"Total","Provincial","2023","2","28","77","27","37"
"2024_q4",,"Hernia Repair - Ventral",,"Total","Provincial","2024","4","114","750","120","378"
"2024_q4",,"Bowel Resection - Open",,"Zone 4","QE2","2024","4","26","113","41","97"
"12month_rolling","Ophthalmology","Tear Duct Surgery","Hussain, Ahsen Ayyaz",,,,,"117","350","149","211"
"2025_q2",,"Kidney / Upper Urinary Tract",,"Zone 4","QE2","2025","2","70","245","33","117"
"2024_q4",,"Aesthetic Surgery",,"Total","Provincial","2024","4","101","498","127","279"
"3month_rolling",,"Ear Tubes  (Pediatric)",,"Zone 1","Yarmouth Regional","2025","2","88","697","21","34"
"12month_rolling","General Surgery","Bowel Resection - Laparoscopic","Wasserman, Lukas",,,,,"52","93","34","48"
"12month_rolling","General Surgery","Gallbladder Surgery","Spence, Richard",,,,,"52","107","135","312"
"12month_rolling","General Surgery","All","Kelly, Ryan Patrick",,,,,"206","947","102","401"
"2024_q3",,"Cataract Surgery",,"Total","Provincial","2024","3","108","289","62","160"
"2025_q2",,"Amputations",,"Total","Provincial","2025","2","31","474","22","192"
"12month_rolling","Orthopaedic","All","Boudreau, Dennis Todd",,,,,"92","481","115","153"
"12month_rolling","Plastic Surgery","Breast Reconstruction","Williams, Jason G",,,,,"420","1199","83","260"
"2024_q3",,"Brain Surgery  (Adult)",,"Total","Provincial","2024","3","28","155","50","108"
"2023_q2",,"Kidney Stone Surgery",,"Total","Provincial","2023","2","31","132","42","174"
"12month_rolling","Urology","Prostate Cancer Surgery","Miller, M Dale",,,,,"41","139","29","71"
"12month_rolling","General Surgery","All","Booth, John",,,,,"32","105","104","245"
"2024_q3",,"Shoulder Arthroscopy",,"Zone 4","Dartmouth General","2024","3","55","138","146","270"
"2024_q4",,"Lacrimal Duct Probing",,"Zone 4","QE2","2024","4",,,"98","250"
"12month_rolling","Otolaryngology (ENT)","Ear Tubes  (Pediatric)","Brodarec, Ivan",,,,,"100","239","35","96"
"2023_q3",,"Hernia Repair - Laparoscopic Inguinal Femoral",,"Zone 3","St. Martha's Regional","2023","3","14","27","65","100"
"2023_q2",,"Hernia Repair - Incisional",,"Total","Provincial","2023","2","97","363","94","414"
"12month_rolling",,"Congenital Heart Surgery",,"Total","Provincial","2025","2",,,"30","76"
"12month_rolling","General Surgery","Bowel Resection - Laparoscopic","Kenyon, Chris",,,,,"30","63","36","476"
"2023_q2",,"Hernia Repair - Ventral",,"Total","Provincial","2023","2","81","537","122","531"
"12month_rolling","Dental","All","Dietrich, Lindsay",,,,,,,"257","418"
"2025_q1",,"Hernia Repair  (Adult)",,"Zone 2","Aberdeen Hospital","2025","1","219","373","102","233"
"2025_q2",,"Bladder Cancer Surgery",,"Total","Provincial","2025","2","29","182","31","110"
"2023_q4",,"Hernia Repair - Inguinal/Femoral",,"Zone 4","Dartmouth General","2023","4","154","315","103","314"
"12month_rolling","Otolaryngology (ENT)","All","Rigby, Matthew Hall",,,,,"14","14","30","71"
"2024_q4",,"Gallbladder Surgery",,"Total","Provincial","2024","4","45","298","60","196"
"12month_rolling","Dental","Dental Extractions and Restorations  (Pediatric)","Briand, Beth",,,,,"31","105","96","183"
"2025_q1",,"Strabismus Surgery  (Pediatric)",,"Total","Provincial","2025","1",,,"157","354"
"12month_rolling","Plastic Surgery","Melanoma Excision","Davis, George R",,,,,"27","73","22","29"
"2024_q4",,"Dental Extractions and Restorations  (Pediatric)",,"Zone 2","Cumberland Regional","2024","4","42","87","82","197"
"2024_q3",,"Gastrointestinal Tract Surgery - Laparoscopic",,"Zone 4","QE2","2024","3","36","287","77","167"
"2025_q1",,"Strabismus Surgery  (Pediatric)",,"IWK","IWK","2025","1",,,"151","354"
"12month_rolling","Cardiac Surgery","Cardiac Valve Replacement","Herman, Christine",,,,,,,"50","79"
"2024_q1",,"Knee Replacement",,"Total","Provincial","2024","1","183","439","193","588"
"2024_q3",,"Hernia Repair  (Pediatric)",,"IWK","IWK","2024","3","89","112","134","303"
"2024_q3",,"Hernia Repair - Incisional",,"Zone 4","QE2","2024","3","86","377","153","338"
"2024_q2",,"Pancreas Surgery",,"Total","Provincial","2024","2","12","19","18","31"
"12month_rolling","Urology","Kidney / Upper Urinary Tract","Cox, Ashley",,,,,"195","528","106","207"
"12month_rolling","General Surgery","Gastrointestinal Tract Surgery - Laparoscopic","Johnson, Paul M",,,,,"45","236","49","642"
"3month_rolling",,"Tonsillectomy and/or Adenoidectomy  (Pediatric)",,"Total","Provincial","2025","2","175","380","140","390"
"2024_q3",,"Strabismus Surgery  (Adult)",,"Total","Provincial","2024","3","121","598","109","491"
"12month_rolling","General Surgery","Breast Cancer Surgery","Clark, F Donald",,,,,"25","56","31","43"
"2024_q2",,"Liver Surgery",,"Total","Provincial","2024","2","14","32","26","46"
"3month_rolling",,"Knee Replacement",,"Zone 4","Dartmouth General","2025","2","464","522","138","262"
"2024_q2",,"Temperomandibular Joint Surgery (TMJ)",,"Zone 4","QE2","2024","2","446","647","158","825"
"2024_q2",,"Bariatric Surgery (for Weight Loss)",,"Total","Provincial","2024","2","75","137","190","422"
"12month_rolling","Orthopaedic","All","Hayward, Andrew",,,,,"100","246","55","108"
"2024_q4",,"Ear Tubes  (Pediatric)",,"Zone 1","Valley Regional","2024","4","167","167","191","287"
"2024_q3",,"Laryngology and Vocal Cord Surgery",,"Total","Provincial","2024","3","28","281","51","387"
"2024_q2",,"Colorectal Cancer Surgery",,"Total","Provincial","2024","2","16","63","27","75"
"2023_q4",,"Liver Surgery",,"Total","Provincial","2023","4","18","39","27","93"
"12month_rolling","Obstetrics/Gynaecology","Pelvic Floor Repair","MacLellan, Erin",,,,,"228","989","243","422"
"2023_q3",,"Hysteroscopy",,"Zone 2","Aberdeen Hospital","2023","3","69","285","45","92"
"2025_q1",,"Cardiac Valve Replacement",,"Zone 4","QE2","2025","1",,,"62","123"
"2024_q3",,"Shoulder Arthroscopy",,"Zone 3","Cape Breton Regional","2024","3","117","304","57","107"
"2025_q1",,"Cataract Surgery",,"Zone 2","Cumberland Regional","2025","1","246","282","112","133"
"12month_rolling","Otolaryngology (ENT)","All","Williams, Blair",,,,,"56","212","123","386"
"2024_q1",,"Wound Management",,"Total","Provincial","2024","1",,,"22","79"
"2024_q1",,"Gastric Surgery - Laparoscopic",,"Total","Provincial","2024","1","84","475","142","492"
"2025_q2",,"Hernia Repair - Incisional",,"Zone 1","Valley Regional","2025","2","50","224","93","349"
"2025_q2",,"Colorectal Cancer Surgery",,"Zone 1","South Shore Regional","2025","2",,,"30","34"
"12month_rolling","Obstetrics/Gynaecology","Removal of Ovaries and/or Fallopian Tubes  (Cancer Not Suspected)","Vair, Brett",,,,,"115","412","55","143"
"2023_q3",,"Male Reproductive System Surgery",,"IWK","IWK","2023","3",,,"171","766"
"2025_q1",,"Pacemaker Insertion",,"Total","Provincial","2025","1","6","25","15","72"
"2024_q1",,"Gastric Surgery - Laparoscopic",,"Zone 4","QE2","2024","1","68","475","196","492"
"2024_q2",,"Hernia Repair - Laparoscopic Incisional",,"Total","Provincial","2024","2","98","577","108","306"
"2024_q4",,"Whipple Procedures",,"Zone 4","QE2","2024","4","15","28","24","43"
"2024_q4",,"Craniotomy or Craniectomy",,"Total","Provincial","2024","4",,,"118","272"
"12month_rolling","Orthopaedic","Knee Replacement","O'Neill, Brendan",,,,,"426","744","109","240"
"2023_q2",,"Removal of Ovaries and/or Fallopian Tubes  (Cancer Suspected or Proven)",,"Total","Provincial","2023","2","54","88","44","89"
"2023_q4",,"Hernia Repair - Inguinal/Femoral",,"Total","Provincial","2023","4","43","233","76","270"
"12month_rolling","General Surgery","Gallbladder Surgery","Enright, Jonathan Boyde",,,,,"62","969","71","171"
"2023_q3",,"Hysteroscopy",,"Zone 1","South Shore Regional","2023","3","27","100","32","328"
"2024_q3",,"Tonsillectomy and/or Adenoidectomy  (Pediatric)",,"IWK","IWK","2024","3","226","413","211","413"
"2024_q2",,"Gallbladder Surgery",,"Zone 2","Aberdeen Hospital","2024","2","42","154","25","43"
"12month_rolling",,"Tendon / Ligament Repair",,"Zone 4","Dartmouth General","2025","2","114","630","40","44"
"2024_q4",,"Shoulder Arthroscopy",,"Zone 4","Hants Community Hospital","2024","4","69","171","126","278"
"3month_rolling",,"Ear Tubes  (Adult)",,"Total","Provincial","2025","2","81","905","31","78"
"12month_rolling","Urology","Kidney Removal","McCarthy, John Paul",,,,,,,"48","61"
"2024_q3",,"Cardiovascular Surgery",,"Total","Provincial","2024","3",,,"29","118"
"2024_q2",,"Surgery for Hearing or Balance Problems of the Ear",,"Total","Provincial","2024","2","62","269","75","288"
"12month_rolling","Obstetrics/Gynaecology","Removal of Ovaries and/or Fallopian Tubes  (Cancer Not Suspected)","Kupfer, Nathalie",,,,,"232","448","42","58"
"2024_q1",,"Septoplasty",,"Zone 3","St. Martha's Regional","2024","1","112","200","68","258"
"2025_q1",,"Breast Cancer Surgery",,"IWK","IWK","2025","1","13","21","21","44"
"2024_q4",,"Vascular Bypass Surgery",,"Zone 4","QE2","2024","4",,,"9","30"
"3month_rolling",,"Thyroid or Parathyroid Surgery",,"Zone 4","QE2","2025","2","26","82","31","130"
"12month_rolling","General Surgery","Bowel Resection - Open","Sahi, Chakshu",,,,,"48","137","18","39"
"12month_rolling",,"Tendon / Ligament Repair",,"Total","Provincial","2025","2","92","572","72","302"
"12month_rolling",,"Hernia Repair - Laparoscopic Ventral",,"Zone 1","Yarmouth Regional","2025","2",,,"98","136"
"2025_q1",,"Nose Surgery - Reconstructive or Aesthetic",,"Zone 4","QE2","2025","1","20","72","38","92"
"2024_q2",,"Back Surgery  (Pediatric)",,"Total","Provincial","2024","2",,,"413","437"
"2024_q3",,"Breast Cancer Surgery",,"IWK","IWK","2024","3","18","25","28","63"
"2024_q2",,"Surgery for Hearing or Balance Problems of the Ear",,"IWK","IWK","2024","2","69","231","106","218"
"2023_q3",,"Pelvic Floor Repair",,"Zone 2","Colchester East Hants Health Centre","2023","3","144","283",,
"2024_q4",,"Thyroid or Parathyroid Surgery",,"Zone 4","Dartmouth General","2024","4","20","182","69","296"
"2024_q1",,"Hysteroscopy",,"Zone 2","Colchester East Hants Health Centre","2024","1","52","153","47","131"
"3month_rolling",,"Melanoma Excision",,"Zone 4","QE2","2025","2","9","51","19","34"
"2023_q2",,"Gastrointestinal Tract Surgery - Laparoscopic",,"Zone 1","Valley Regional","2023","2","68","318","40","88"
"2024_q4",,"Cervical Spine (Neck) Surgery",,"Zone 4","QE2","2024","4","75","473","50","232"
"2023_q4",,"Peritoneal Lavage or Catherization",,"Total","Provincial","2023","4",,,"6","10"
"12month_rolling","General Surgery","Breast Cancer Surgery","MacDonald, Blair",,,,,"8","13","25","36"
"2025_q1",,"Gastrointestinal Tract Surgery",,"Zone 2","Aberdeen Hospital","2025","1",,,"33","60"
"2024_q2",,"Bladder Cancer Surgery",,"Zone 1","South Shore Regional","2024","2",,,"18","37"
"2023_q3",,"Hysterectomy  (Cancer Not Suspected)",,"Total","Provincial","2023","3","90","546","104","368"
"2023_q2",,"Male Reproductive System Surgery",,"Zone 2","Colchester East Hants Health Centre","2023","2","109","394","76","469"
"12month_rolling","General Surgery","Liver Surgery","Walsh, Mark J",,,,,"12","32","39","86"
"2024_q1",,"Male Circumcision  (Adult)",,"Zone 1","Valley Regional","2024","1",,,"158","1006"
"12month_rolling","Urology","Kidney / Upper Urinary Tract","Miller, M Dale",,,,,"14","42","42","84"
"2024_q3",,"Knee Replacement Revision",,"Zone 4","QE2","2024","3",,,"89","144"
"2024_q2",,"Hysteroscopy",,"Zone 1","Yarmouth Regional","2024","2","39","133","48","94"
"2023_q4",,"Gastric Surgery",,"Total","Provincial","2023","4","23","108","50","162"
"12month_rolling","General Surgery","Gastrointestinal Tract Surgery","Kenyon, Chris",,,,,"40","145","57","411"
"2025_q2",,"Cystoscopy",,"Zone 3","Cape Breton Regional","2025","2","37","183","28","179"
"2023_q2",,"Cervical Spine (Neck) Surgery",,"Zone 4","QE2","2023","2","34","179","64","146"
"2025_q1",,"Gallbladder Surgery",,"Zone 2","Cumberland Regional","2025","1","46","118","38","89"
"2025_q2",,"Orthopaedic Trauma",,"IWK","IWK","2025","2",,,"50","385"
"12month_rolling",,"Bowel Resection - Open",,"Zone 1","Valley Regional","2025","2","23","140","39","93"
"12month_rolling","Dental","All","Dyment, Heather",,,,,"128","676","190","856"
"2024_q4",,"Hernia Repair  (Adult)",,"Zone 3","Cape Breton Regional","2024","4","372","645","154","816"
"2024_q1",,"Hernia Repair - Inguinal/Femoral",,"Zone 1","Yarmouth Regional","2024","1","7","33","71","96"
"12month_rolling","General Surgery","Hernia Repair - Umbilical","Livingstone, Scott",,,,,"58","77","23","46"
"2025_q2",,"Prostate Surgery",,"Zone 1","Valley Regional","2025","2","111","619","65","182"
"2024_q4",,"Hernia Repair  (Adult)",,"Zone 3","Glace Bay","2024","4","309","371",,
"12month_rolling","Otolaryngology (ENT)","All","Trites, Jonathan R",,,,,"35","260","45","227"
"12month_rolling","Obstetrics/Gynaecology","Removal of Ovaries and/or Fallopian Tubes  (Cancer Not Suspected)","Pearsall, Jessica",,,,,"457","1161","75","97"
"12month_rolling","General Surgery","Hernia Repair  (Adult)","Faryniuk, Andrea Marie",,,,,"67","176","44","109"
"2025_q2",,"Breast Cancer Surgery",,"Zone 1","Yarmouth Regional","2025","2","7","10","29","45"
"2025_q1",,"Knee Replacement",,"Total","Provincial","2025","1","273","484","142","449"
"2025_q2",,"Pancreas Surgery",,"Total","Provincial","2025","2","14","32","37","61"
"2024_q4",,"Knee Replacement",,"Zone 3","Cape Breton Regional","2024","4","179","300","105","211"
"12month_rolling","Obstetrics/Gynaecology","Hysterectomy  (Cancer Not Suspected)","Randle, Elizabeth",,,,,"176","1038","220","399"
"2024_q2",,"Septoplasty",,"Zone 1","Valley Regional","2024","2","158","588","91","184"
"2025_q2",,"Carpal Tunnel Surgery",,"Zone 1","Valley Regional","2025","2","112","595","64","117"
"3month_rolling",,"Tonsillectomy and/or Adenoidectomy  (Adult)",,"Total","Provincial","2025","2","37","417","102","316"
"2024_q1",,"Kidney / Upper Urinary Tract",,"Zone 4","QE2","2024","1","35","104","51","123"
"12month_rolling","Obstetrics/Gynaecology","Hysteroscopy","Nee, Brigid",,,,,"50","147","72","238"
"12month_rolling","General Surgery","Breast Cancer Surgery","Knapp, Gregory",,,,,"14","28","32","51"
"2024_q4",,"Foot - Bunionectomy",,"Total","Provincial","2024","4",,,"117","203"
"12month_rolling","Obstetrics/Gynaecology","Hysteroscopy","Randle, Elizabeth",,,,,"36","107","62","160"
"2023_q2",,"Gastrointestinal Tract Surgery - Laparoscopic",,"Zone 3","Cape Breton Regional","2023","2","8","28","32","46"
"2024_q2",,"Gastrointestinal Tract Surgery",,"Total","Provincial","2024","2","29","128","43","234"
"2023_q4",,"Nerve or Brain Stimulation",,"Zone 4","QE2","2023","4","20","210","28","49"
"12month_rolling",,"Amputations",,"Zone 1","Valley Regional","2025","2","29","111","83","172"
"2024_q2",,"Hernia Repair - Laparoscopic Inguinal Femoral",,"Zone 2","Aberdeen Hospital","2024","2","40","185",,
"2025_q1",,"Wound Management",,"Total","Provincial","2025","1",,,"7","79"
"12month_rolling","General Surgery","Hernia Repair  (Adult)","Wasilewski, Leszek J",,,,,"838","982","55","81"
"2023_q2",,"Brain Surgery  (Adult)",,"Total","Provincial","2023","2","35","344","54","170"
"2025_q2",,"Bladder Cancer Surgery",,"Zone 1","Yarmouth Regional","2025","2",,,"34","77"
"12month_rolling","Orthopaedic","Orthopaedic Trauma","Hewins, Edward",,,,,"8","13","120","243"
"2024_q4",,"Hernia Repair - Umbilical",,"Zone 4","QE2","2024","4","248","634",,
"12month_rolling","Vascular Surgery","Vascular Bypass Surgery","Jessula, Samuel",,,,,"27","43","16","25"
"12month_rolling","Urology","Female Incontinence Surgery","McCarthy, John Paul",,,,,,,"177","293"
"2024_q1",,"Bladder Cancer Surgery",,"Total","Provincial","2024","1","29","113","34","110"
"2025_q2",,"Bowel Resection - Open",,"Total","Provincial","2025","2","19","69","28","83"
"2023_q4",,"Nose Surgery - Reconstructive or Aesthetic",,"Total","Provincial","2023","4","20","53","43","354"
"2023_q2",,"Hip Replacement Revision",,"Zone 4","QE2","2023","2",,,"51","143"
"2024_q4",,"Hemorrhoidectomy",,"Zone 4","Dartmouth General","2024","4",,,"158","450"
"12month_rolling","General Surgery","All","Helyer, Lucy K",,,,,"14","60","21","65"
"2023_q3",,"Cystoscopy",,"Zone 2","Colchester East Hants Health Centre","2023","3","28","223","70","183"
"2023_q4",,"Melanoma Excision",,"Zone 4","QE2","2023","4","14","34","16","43"
"2024_q1",,"Kidney Stone Surgery",,"Zone 2","Colchester East Hants Health Centre","2024","1","20","70","82","136"
"12month_rolling","Orthopaedic","Knee Scope","O'Neill, Brendan",,,,,"163","319","187","350"
"2023_q3",,"Carpal Tunnel Surgery",,"Zone 4","Dartmouth General","2023","3",,,"48","228"
"2024_q4",,"Temperomandibular Joint Surgery (TMJ)",,"Total","Provincial","2024","4","201","912","200","1234"
"2024_q2",,"Shoulder Surgery",,"Zone 4","QE2","2024","2","85","341","284","777"
"12month_rolling","Dental","All","Swinkles, Stephanie",,,,,,,"51","186"
"2023_q4",,"Male Circumcision  (Adult)",,"Zone 4","Hants Community Hospital","2023","4",,,"200","500"
"12month_rolling","Cardiac Surgery",,,,,"2025","2",,,"43","113"
"2023_q4",,"Aesthetic Surgery",,"Total","Provincial","2023","4","72","139","84","314"
"2024_q4",,"Kidney / Upper Urinary Tract",,"Total","Provincial","2024","4","28","144","45","188"
"2024_q3",,"Gallbladder Surgery",,"Total","Provincial","2024","3","49","220","60","211"
"2024_q4",,"Shoulder Arthroscopy",,"Zone 1","Valley Regional","2024","4","61","147","94","295"
"2024_q1",,"Hernia Repair - Incisional",,"Total","Provincial","2024","1","57","267","100","470"
"12month_rolling",,"Pacemaker Insertion",,"Zone 1","South Shore Regional","2025","2","7","21","20","31"
"12month_rolling","Neurosurgery","Nerve or Brain Stimulation","Weise, Lutz",,,,,"20","266","29","66"
"3month_rolling",,"Functional Endoscopic Sinus Surgery (FESS)",,"Zone 4","QE2","2025","2","35","71","96","128"
"3month_rolling",,"Hernia Repair - Incisional",,"Zone 4","QE2","2025","2","70","483","90","552"
"2023_q3",,"Hysteroscopy",,"Total","Provincial","2023","3","45","306","62","172"
"2024_q3",,"Colorectal Cancer Surgery",,"Zone 1","Valley Regional","2024","3","16","300","34","45"
"2024_q4",,"Colorectal Cancer Surgery",,"Zone 4","Dartmouth General","2024","4","15","1205","34","50"
"2024_q4",,"Shoulder Surgery",,"Zone 4","QE2","2024","4","80","276","265","569"
"12month_rolling","Ophthalmology","Cataract Surgery","Betsch, Devin",,,,,"21","32","13","39"
"12month_rolling","General Surgery","All","Joy, Edward",,,,,"95","149","61","126"
"12month_rolling",,"Nissen Fundoplication - Laparoscopic",,"Zone 1","Valley Regional","2025","2","500","1015","107","163"
"2023_q3",,"Gallbladder Surgery",,"Zone 1","South Shore Regional","2023","3","31","107","28","99"
"2023_q2",,"Cataract Surgery",,"Zone 2","Cumberland Regional","2023","2","226","358","41","73"
"2025_q2",,"Functional Endoscopic Sinus Surgery (FESS)",,"Zone 3","St. Martha's Regional","2025","2",,,"96","151"
"2023_q2",,"Hemorrhoidectomy",,"Zone 4","Dartmouth General","2023","2",,,"195","617"
"2024_q3",,"Cystoscopy",,"Zone 4","Dartmouth General","2024","3","43","157","67","286"
"12month_rolling","General Surgery","Hernia Repair - Incisional","Stewart, Riley",,,,,"98","736","250","497"
"2024_q2",,"Bowel Resection",,"Zone 4","Dartmouth General","2024","2","15","392","35","45"
"12month_rolling","Otolaryngology (ENT)","Tonsillectomy and/or Adenoidectomy  (Adult)","Corsten, P Gerard",,,,,"259","316","91","141"
"2024_q2",,"Breast Cancer Surgery",,"Total","Provincial","2024","2","15","39","25","47"
"2024_q2",,"Hernia Repair - Incisional",,"Zone 4","QE2","2024","2","152","301","126","294"
"3month_rolling",,"Hemorrhoidectomy",,"Zone 1","Valley Regional","2025","2",,,"146","218"
"12month_rolling","Urology","Cystoscopy","Kokorovic, Andrea",,,,,"22","127","29","65"
"12month_rolling",,"Lacrimal Duct Probing",,"IWK","IWK","2025","2","94","112","85","334"
"2025_q2",,"Dental Extractions and Restorations  (Pediatric)",,"Total","Provincial","2025","2","62","377","98","583"
"12month_rolling","General Surgery","All","Lamey, Alicia",,,,,"86","541","62","358"
"12month_rolling","Otolaryngology (ENT)","Tonsillectomy and/or Adenoidectomy  (Pediatric)","Hong, Paul",,,,,"278","368","252","364"
"2023_q2",,"Nerve Surgery",,"Zone 4","QE2","2023","2","60","196","46","161"
"2024_q2",,"Hip Arthroscopy",,"Zone 4","Dartmouth General","2024","2","80","199","157","258"
"2023_q3",,"Hysterectomy  (Cancer Suspected or Proven)",,"Zone 4","QE2","2023","3","13","21","55","76"
"12month_rolling","Otolaryngology (ENT)","Thyroid or Parathyroid Surgery","Kujath, Magdalena",,,,,"40","63","143","449"
"2024_q4",,"Pilonidal Cyst Surgery",,"Total","Provincial","2024","4","80","245","79","328"
"12month_rolling","Thoracic Surgery","Video-Assisted Thoracic Surgery","Plourde, Madelaine M",,,,,"33","89","22","57"
