{"type": "FeatureCollection", "features": [{"type": "Feature", "id": 1, "geometry": {"type": "Polygon", "coordinates": [[[-62.711992, 45.275619], [-62.666151, 45.251228], [-62.671201, 45.251655], [-62.671397, 45.250375], [-62.671679, 45.250444], [-62.672017, 45.250454], [-62.672467, 45.250337], [-62.673001, 45.250286], [-62.673328, 45.250112], [-62.673507, 45.249859], [-62.673604, 45.249579], [-62.673572, 45.249247], [-62.6734, 45.248906], [-62.673101, 45.248639], [-62.672904, 45.24838], [-62.672831, 45.247941], [-62.67308, 45.24764], [-62.674339, 45.246898], [-62.674537, 45.246645], [-62.674559, 45.246492], [-62.674531, 45.246339], [-62.674427, 45.246249], [-62.673964, 45.246029], [-62.673529, 45.245908], [-62.673258, 45.245775], [-62.672961, 45.245518], [-62.672869, 45.245375], [-62.672848, 45.245034], [-62.673014, 45.244447], [-62.673196, 45.244004], [-62.673493, 45.243541], [-62.673777, 45.243271], [-62.690421, 45.249656], [-62.689995, 45.249967], [-62.690097, 45.250019], [-62.690199, 45.249991], [-62.69026, 45.249902], [-62.690487, 45.249763], [-62.696684, 45.26069], [-62.70132, 45.259377], [-62.699965, 45.257008], [-62.704867, 45.255656], [-62.706176, 45.257936], [-62.714895, 45.255454], [-62.716728, 45.258674], [-62.716437, 45.258768], [-62.716408, 45.259156], [-62.716462, 45.259325], [-62.716669, 45.259494], [-62.717197, 45.259713], [-62.717851, 45.259931], [-62.718721, 45.260111], [-62.719366, 45.260455], [-62.720059, 45.260699], [-62.720112, 45.260772], [-62.720088, 45.260889], [-62.719852, 45.261134], [-62.71975, 45.261144], [-62.719352, 45.260995], [-62.719199, 45.260988], [-62.718869, 45.261054], [-62.718668, 45.261173], [-62.718633, 45.261319], [-62.718674, 45.261426], [-62.718764, 45.261487], [-62.719148, 45.2616], [-62.720047, 45.26133], [-62.72048, 45.261325], [-62.720568, 45.261279], [-62.720658, 45.261315], [-62.720648, 45.261431], [-62.7208, 45.261402], [-62.721099, 45.261661], [-62.721102, 45.261786], [-62.721015, 45.261886], [-62.720525, 45.262224], [-62.720414, 45.262397], [-62.720367, 45.262623], [-62.72027, 45.262803], [-62.720001, 45.262752], [-62.719792, 45.262493], [-62.719558, 45.262307], [-62.719098, 45.262231], [-62.718742, 45.262266], [-62.720292, 45.265034], [-62.721169, 45.26493], [-62.72181, 45.26509], [-62.722684, 45.26545], [-62.722849, 45.265412], [-62.723189, 45.265228], [-62.723393, 45.265226], [-62.723471, 45.265298], [-62.72346, 45.265378], [-62.723059, 45.265699], [-62.723178, 45.265921], [-62.723593, 45.266232], [-62.723747, 45.266275], [-62.723887, 45.266274], [-62.724164, 45.266145], [-62.724355, 45.266143], [-62.724615, 45.266365], [-62.725194, 45.266611], [-62.725248, 45.2668], [-62.725188, 45.266944], [-62.725024, 45.267017], [-62.724209, 45.267035], [-62.724108, 45.267081], [-62.724008, 45.267181], [-62.724202, 45.267332], [-62.724311, 45.267574], [-62.722377, 45.268296], [-62.724546, 45.271189], [-62.723556, 45.271643], [-62.722986, 45.271811], [-62.722497, 45.27187], [-62.721357, 45.271891], [-62.720671, 45.272011], [-62.72014, 45.272224], [-62.718447, 45.272287], [-62.717907, 45.272401], [-62.717592, 45.272543], [-62.717366, 45.27273], [-62.716947, 45.273383], [-62.716727, 45.273511], [-62.716397, 45.273609], [-62.716254, 45.273745], [-62.71622, 45.273935], [-62.715872, 45.274658], [-62.715838, 45.27487], [-62.715707, 45.275084], [-62.715488, 45.2752], [-62.715328, 45.275217], [-62.715053, 45.275234], [-62.714049, 45.275132], [-62.71305, 45.275302], [-62.712527, 45.275333], [-62.712405, 45.275361], [-62.711992, 45.275619]]]}, "properties": {"OBJECTID": 1, "GSA_KEY": 2, "FCODE": "GSAPOLY", "GSA_NAME": "EAST LOON LAKE VILLAGE", "MUN_CODE": "HRM", "GSA_REM": " ", "SOURCE": "CA", "DATE_ACT": 980899200000, "SYS_DATE": null, "GLOBALID": "da2adf71-5045-4773-9f7d-191877ad6f23", "Shape__Area": 11838533.9609375, "Shape__Length": 22010.53505295944}}, {"type": "Feature", "id": 2, "geometry": {"type": "Polygon", "coordinates": [[[-62.673777, 45.243271], [-62.674068, 45.243031], [-62.674396, 45.242857], [-62.674751, 45.24279], [-62.676031, 45.243074], [-62.676192, 45.242911], [-62.676209, 45.242479], [-62.676153, 45.242201], [-62.676358, 45.241677], [-62.675881, 45.241357], [-62.674827, 45.240918], [-62.674071, 45.24071], [-62.673903, 45.240576], [-62.673601, 45.240121], [-62.673494, 45.239853], [-62.673498, 45.239466], [-62.673836, 45.238553], [-62.674228, 45.237811], [-62.674742, 45.237418], [-62.675757, 45.237201], [-62.676622, 45.236535], [-62.67709, 45.236359], [-62.677706, 45.236002], [-62.677938, 45.236099], [-62.677927, 45.236497], [-62.678065, 45.236736], [-62.678308, 45.236751], [-62.678548, 45.236677], [-62.678727, 45.236711], [-62.678866, 45.236665], [-62.679135, 45.235511], [-62.679326, 45.234906], [-62.679336, 45.234726], [-62.679169, 45.2347], [-62.67842, 45.234807], [-62.677516, 45.234798], [-62.677413, 45.234754], [-62.677346, 45.234567], [-62.677478, 45.23425], [-62.677861, 45.23367], [-62.679018, 45.232308], [-62.679398, 45.232187], [-62.680062, 45.232288], [-62.680288, 45.232115], [-62.698898, 45.226899], [-62.696699, 45.223152], [-62.701485, 45.221841], [-62.700104, 45.219746], [-62.706237, 45.218048], [-62.70648, 45.21756], [-62.70644, 45.21739], [-62.706336, 45.2173], [-62.705846, 45.216415], [-62.705369, 45.215963], [-62.705195, 45.215738], [-62.705114, 45.215541], [-62.705182, 45.215117], [-62.705332, 45.214998], [-62.705829, 45.215037], [-62.706125, 45.215196], [-62.706223, 45.215205], [-62.705632, 45.214149], [-62.71191, 45.212408], [-62.710293, 45.209406], [-62.713272, 45.204628], [-62.713683, 45.205388], [-62.722236, 45.204733], [-62.722624, 45.204596], [-62.724852, 45.202097], [-62.729869, 45.20072], [-62.74132, 45.197788], [-62.74141, 45.197918], [-62.741603, 45.197997], [-62.741972, 45.197984], [-62.742288, 45.1979], [-62.74582, 45.204601], [-62.7442, 45.205024], [-62.744942, 45.206375], [-62.74932, 45.205157], [-62.754869, 45.215517], [-62.758505, 45.213533], [-62.775466, 45.243851], [-62.776681, 45.245781], [-62.779784, 45.25146], [-62.776466, 45.252395], [-62.774195, 45.253096], [-62.77275, 45.253692], [-62.772063, 45.254037], [-62.771409, 45.254405], [-62.771091, 45.25471], [-62.77057, 45.255048], [-62.770115, 45.255251], [-62.769628, 45.255401], [-62.76245, 45.256317], [-62.761624, 45.256439], [-62.760889, 45.256618], [-62.759386, 45.256891], [-62.758614, 45.256859], [-62.758246, 45.256931], [-62.75795, 45.257096], [-62.757621, 45.257441], [-62.757305, 45.257598], [-62.756868, 45.257684], [-62.755965, 45.258346], [-62.755171, 45.258755], [-62.754299, 45.259071], [-62.752304, 45.259592], [-62.751768, 45.259841], [-62.751316, 45.260161], [-62.750967, 45.260538], [-62.750692, 45.261068], [-62.750588, 45.261532], [-62.750396, 45.261777], [-62.749942, 45.262016], [-62.749325, 45.262072], [-62.748512, 45.262729], [-62.748284, 45.262786], [-62.747377, 45.262715], [-62.746226, 45.262813], [-62.745143, 45.262829], [-62.744707, 45.262973], [-62.744134, 45.263281], [-62.743393, 45.263788], [-62.742585, 45.26413], [-62.741958, 45.264276], [-62.740727, 45.264254], [-62.740145, 45.26444], [-62.739662, 45.26476], [-62.739188, 45.265265], [-62.73885, 45.265818], [-62.738437, 45.267032], [-62.7381, 45.267373], [-62.737741, 45.267557], [-62.737277, 45.267625], [-62.736837, 45.26759], [-62.736564, 45.267624], [-62.736191, 45.267763], [-62.735733, 45.268124], [-62.735229, 45.268354], [-62.734747, 45.26849], [-62.733192, 45.268758], [-62.731964, 45.269123], [-62.731245, 45.269166], [-62.730738, 45.269005], [-62.730246, 45.268952], [-62.729719, 45.269061], [-62.729188, 45.269225], [-62.727773, 45.269789], [-62.724546, 45.271189], [-62.722377, 45.268296], [-62.724311, 45.267574], [-62.724202, 45.267332], [-62.724008, 45.267164], [-62.724209, 45.267035], [-62.724808, 45.267047], [-62.725125, 45.266989], [-62.725248, 45.2668], [-62.725233, 45.266656], [-62.724615, 45.266365], [-62.724355, 45.266143], [-62.724164, 45.266145], [-62.723887, 45.266274], [-62.723747, 45.266275], [-62.723593, 45.266232], [-62.723178, 45.265921], [-62.723059, 45.265699], [-62.72346, 45.265378], [-62.723471, 45.265298], [-62.723367, 45.265217], [-62.723189, 45.265228], [-62.722849, 45.265412], [-62.722684, 45.26545], [-62.72181, 45.26509], [-62.721169, 45.26493], [-62.720292, 45.265034], [-62.718742, 45.262266], [-62.719098, 45.262231], [-62.719558, 45.262307], [-62.719792, 45.262493], [-62.720001, 45.262752], [-62.72027, 45.262803], [-62.720367, 45.262623], [-62.720414, 45.262397], [-62.720525, 45.262224], [-62.721015, 45.261886], [-62.721102, 45.261786], [-62.721099, 45.261661], [-62.7208, 45.261402], [-62.720648, 45.261431], [-62.720658, 45.261315], [-62.720568, 45.261279], [-62.72048, 45.261325], [-62.720047, 45.26133], [-62.719148, 45.2616], [-62.718764, 45.261487], [-62.718674, 45.261426], [-62.718633, 45.261319], [-62.718668, 45.261173], [-62.718869, 45.261054], [-62.719199, 45.260988], [-62.719352, 45.260995], [-62.71975, 45.261144], [-62.719852, 45.261134], [-62.720088, 45.260889], [-62.720112, 45.260772], [-62.720059, 45.260699], [-62.719366, 45.260455], [-62.718721, 45.260111], [-62.717851, 45.259931], [-62.717197, 45.259713], [-62.716669, 45.259494], [-62.716462, 45.259325], [-62.716408, 45.259156], [-62.716437, 45.258768], [-62.716728, 45.258674], [-62.714895, 45.255454], [-62.706176, 45.257936], [-62.704867, 45.255656], [-62.699965, 45.257008], [-62.70132, 45.259377], [-62.696684, 45.26069], [-62.690487, 45.249763], [-62.69026, 45.249902], [-62.690199, 45.249991], [-62.690097, 45.250019], [-62.689995, 45.249967], [-62.690421, 45.249656], [-62.673777, 45.243271]]]}, "properties": {"OBJECTID": 2, "GSA_KEY": 3, "FCODE": "GSAPOLY", "GSA_NAME": "WEST LOON LAKE", "MUN_CODE": "HRM", "GSA_REM": " ", "SOURCE": "CR", "DATE_ACT": 980899200000, "SYS_DATE": null, "GLOBALID": "78ca700d-3569-4df0-b42f-fde9d12ab357", "Shape__Area": 74706440.03515625, "Shape__Length": 43980.46541221501}}, {"type": "Feature", "id": 3, "geometry": {"type": "Polygon", "coordinates": [[[-62.666151, 45.251228], [-62.583189, 45.206984], [-62.588817, 45.205392], [-62.586096, 45.200599], [-62.588141, 45.200044], [-62.583373, 45.196621], [-62.581453, 45.195375], [-62.585123, 45.192627], [-62.575515, 45.186238], [-62.574836, 45.176374], [-62.572849, 45.176396], [-62.572956, 45.175987], [-62.572837, 45.175789], [-62.572709, 45.175709], [-62.571724, 45.175439], [-62.570915, 45.175042], [-62.570087, 45.174977], [-62.569307, 45.174769], [-62.568576, 45.17447], [-62.568202, 45.174212], [-62.567573, 45.173894], [-62.566856, 45.173667], [-62.566473, 45.173616], [-62.56596, 45.173387], [-62.565894, 45.173262], [-62.566162, 45.17263], [-62.56633, 45.17208], [-62.566418, 45.171332], [-62.566328, 45.170604], [-62.565995, 45.169815], [-62.565797, 45.168737], [-62.565791, 45.168413], [-62.565603, 45.167857], [-62.565342, 45.167535], [-62.564044, 45.166589], [-62.563623, 45.166128], [-62.563417, 45.16579], [-62.560089, 45.161243], [-62.559856, 45.161061], [-62.559791, 45.160874], [-62.559139, 45.160166], [-62.559407, 45.16005], [-62.560239, 45.159387], [-62.560944, 45.158625], [-62.561048, 45.158454], [-62.561061, 45.158346], [-62.560114, 45.156643], [-62.565401, 45.155752], [-62.565159, 45.154], [-62.564531, 45.151706], [-62.572734, 45.150709], [-62.570408, 45.141647], [-62.562026, 45.142562], [-62.557071, 45.124458], [-62.587852, 45.115247], [-62.584381, 45.110303], [-62.583356, 45.107836], [-62.582318, 45.105761], [-62.594464, 45.100946], [-62.594428, 45.10163], [-62.60726, 45.101871], [-62.607353, 45.10012], [-62.607371, 45.094126], [-62.607711, 45.094015], [-62.608105, 45.093993], [-62.608398, 45.094044], [-62.608987, 45.094281], [-62.610085, 45.094594], [-62.610607, 45.094599], [-62.610953, 45.094757], [-62.611612, 45.094697], [-62.611775, 45.094587], [-62.612244, 45.094493], [-62.612883, 45.094702], [-62.613077, 45.094833], [-62.613247, 45.09452], [-62.613258, 45.094421], [-62.613488, 45.094445], [-62.614038, 45.094655], [-62.614603, 45.094956], [-62.615045, 45.095438], [-62.615099, 45.095609], [-62.615255, 45.095804], [-62.615537, 45.095928], [-62.615829, 45.095934], [-62.616047, 45.096031], [-62.616228, 45.096174], [-62.616294, 45.096298], [-62.61655, 45.096413], [-62.616757, 45.096618], [-62.616924, 45.096706], [-62.617966, 45.096732], [-62.618099, 45.096398], [-62.617993, 45.096147], [-62.618333, 45.095972], [-62.618498, 45.095979], [-62.619024, 45.096235], [-62.619329, 45.09625], [-62.619972, 45.095992], [-62.62029, 45.095989], [-62.620558, 45.096049], [-62.621304, 45.095889], [-62.621746, 45.095732], [-62.62181, 45.095749], [-62.622041, 45.095882], [-62.622237, 45.096141], [-62.622533, 45.096363], [-62.622866, 45.096505], [-62.623009, 45.096646], [-62.623278, 45.096778], [-62.623731, 45.097171], [-62.623918, 45.097663], [-62.624125, 45.097841], [-62.624519, 45.097846], [-62.624906, 45.098121], [-62.625342, 45.098333], [-62.625749, 45.098365], [-62.626162, 45.098685], [-62.626966, 45.098848], [-62.627416, 45.09914], [-62.628318, 45.09915], [-62.628576, 45.099301], [-62.628622, 45.099758], [-62.627895, 45.100225], [-62.62789, 45.099992], [-62.627823, 45.099776], [-62.627436, 45.099509], [-62.627042, 45.099495], [-62.626624, 45.099553], [-62.626251, 45.099359], [-62.625501, 45.099312], [-62.625155, 45.099172], [-62.624928, 45.099247], [-62.624853, 45.099338], [-62.624958, 45.09948], [-62.625521, 45.099717], [-62.625908, 45.099992], [-62.626989, 45.100028], [-62.627169, 45.100151], [-62.627339, 45.100365], [-62.628296, 45.101219], [-62.628948, 45.101429], [-62.629381, 45.101488], [-62.629804, 45.101673], [-62.630199, 45.102317], [-62.630547, 45.102646], [-62.630995, 45.102777], [-62.631593, 45.102852], [-62.631838, 45.102993], [-62.631957, 45.103235], [-62.632098, 45.103315], [-62.632594, 45.103337], [-62.632939, 45.103432], [-62.63339, 45.103716], [-62.63444, 45.104155], [-62.6348, 45.104368], [-62.63517, 45.104445], [-62.635841, 45.104951], [-62.637253, 45.105648], [-62.63737, 45.105774], [-62.637529, 45.106122], [-62.637748, 45.106291], [-62.638133, 45.106485], [-62.638805, 45.107009], [-62.638845, 45.107136], [-62.638747, 45.107316], [-62.638176, 45.107349], [-62.637747, 45.107506], [-62.637484, 45.107698], [-62.637386, 45.107889], [-62.637432, 45.108257], [-62.638043, 45.108926], [-62.638384, 45.109471], [-62.638424, 45.109614], [-62.637078, 45.109663], [-62.636826, 45.109756], [-62.636778, 45.109883], [-62.637088, 45.110131], [-62.637264, 45.11004], [-62.637468, 45.110073], [-62.638722, 45.11052], [-62.638926, 45.110545], [-62.639157, 45.110669], [-62.639513, 45.110683], [-62.640165, 45.110856], [-62.640538, 45.111069], [-62.640799, 45.111391], [-62.640906, 45.111669], [-62.641596, 45.112481], [-62.641943, 45.112693], [-62.642401, 45.112733], [-62.642915, 45.112972], [-62.643019, 45.113142], [-62.64302, 45.113781], [-62.643203, 45.114075], [-62.643562, 45.114215], [-62.644046, 45.114291], [-62.64429, 45.114388], [-62.64451, 45.114629], [-62.645088, 45.115487], [-62.645242, 45.115585], [-62.645282, 45.11572], [-62.645271, 45.115773], [-62.644981, 45.115893], [-62.644513, 45.116023], [-62.644272, 45.116035], [-62.643533, 45.115961], [-62.643249, 45.115748], [-62.642866, 45.115644], [-62.642155, 45.115678], [-62.641801, 45.115799], [-62.641764, 45.115827], [-62.641949, 45.11614], [-62.642361, 45.11645], [-62.642771, 45.116608], [-62.643443, 45.116521], [-62.643438, 45.116935], [-62.643534, 45.117249], [-62.643599, 45.117328], [-62.643917, 45.117361], [-62.643994, 45.117388], [-62.643995, 45.117432], [-62.643781, 45.117561], [-62.643709, 45.117759], [-62.643481, 45.117816], [-62.643356, 45.117917], [-62.643308, 45.118034], [-62.64331, 45.118168], [-62.64336, 45.118208], [-62.638173, 45.119751], [-62.641405, 45.124775], [-62.648991, 45.122594], [-62.649068, 45.125565], [-62.648704, 45.125997], [-62.649104, 45.126281], [-62.64917, 45.126406], [-62.649377, 45.126584], [-62.649113, 45.126731], [-62.648876, 45.126932], [-62.648879, 45.127066], [-62.64897, 45.127218], [-62.648797, 45.127401], [-62.648994, 45.127777], [-62.648922, 45.127949], [-62.648911, 45.128687], [-62.649119, 45.128927], [-62.649273, 45.129006], [-62.649871, 45.128991], [-62.650263, 45.128924], [-62.650712, 45.129117], [-62.651346, 45.129021], [-62.651562, 45.129037], [-62.651679, 45.129118], [-62.651693, 45.129244], [-62.651557, 45.129452], [-62.651233, 45.129716], [-62.651237, 45.129923], [-62.651344, 45.130192], [-62.65132, 45.130245], [-62.651005, 45.130411], [-62.651064, 45.130834], [-62.650741, 45.131188], [-62.650718, 45.131313], [-62.650862, 45.131519], [-62.651491, 45.131801], [-62.651505, 45.131872], [-62.651394, 45.131991], [-62.651445, 45.132062], [-62.651803, 45.132121], [-62.651996, 45.132272], [-62.652367, 45.132395], [-62.652583, 45.132347], [-62.652833, 45.132165], [-62.653024, 45.132163], [-62.653242, 45.132287], [-62.653427, 45.132574], [-62.653438, 45.133194], [-62.653303, 45.133421], [-62.653029, 45.133712], [-62.652982, 45.133847], [-62.652987, 45.134107], [-62.653143, 45.134267], [-62.653451, 45.134444], [-62.653583, 45.134624], [-62.653828, 45.13482], [-62.653959, 45.135042], [-62.654114, 45.135166], [-62.654372, 45.135317], [-62.654743, 45.135439], [-62.655, 45.135571], [-62.655065, 45.135653], [-62.655029, 45.135778], [-62.654904, 45.13586], [-62.65441, 45.135974], [-62.654427, 45.136136], [-62.654894, 45.136653], [-62.654885, 45.13677], [-62.655091, 45.13693], [-62.655264, 45.137343], [-62.655258, 45.137676], [-62.655084, 45.137857], [-62.655063, 45.138073], [-62.654776, 45.138177], [-62.664382, 45.141766], [-62.684824, 45.167316], [-62.686831, 45.170854], [-62.688538, 45.170346], [-62.691793, 45.176044], [-62.691606, 45.176226], [-62.693063, 45.177183], [-62.681464, 45.180426], [-62.683413, 45.183929], [-62.687848, 45.182683], [-62.698236, 45.200509], [-62.703215, 45.203336], [-62.703179, 45.203465], [-62.703793, 45.203626], [-62.704865, 45.201945], [-62.713278, 45.204618], [-62.710293, 45.209406], [-62.71191, 45.212408], [-62.705632, 45.214149], [-62.706223, 45.215205], [-62.706125, 45.215196], [-62.705829, 45.215037], [-62.705332, 45.214998], [-62.705182, 45.215117], [-62.705114, 45.215541], [-62.705195, 45.215738], [-62.705369, 45.215963], [-62.705846, 45.216415], [-62.706336, 45.2173], [-62.70644, 45.21739], [-62.70648, 45.21756], [-62.706237, 45.218048], [-62.700104, 45.219746], [-62.701485, 45.221841], [-62.696699, 45.223152], [-62.698898, 45.226899], [-62.680288, 45.232115], [-62.680062, 45.232288], [-62.679398, 45.232187], [-62.679018, 45.232308], [-62.677861, 45.23367], [-62.677478, 45.23425], [-62.677346, 45.234567], [-62.677413, 45.234754], [-62.677516, 45.234798], [-62.67842, 45.234807], [-62.679169, 45.2347], [-62.679336, 45.234726], [-62.679326, 45.234906], [-62.679135, 45.235511], [-62.678866, 45.236665], [-62.678727, 45.236711], [-62.678548, 45.236677], [-62.678308, 45.236751], [-62.678065, 45.236736], [-62.677927, 45.236497], [-62.677938, 45.236099], [-62.677706, 45.236002], [-62.67709, 45.236359], [-62.676622, 45.236535], [-62.675757, 45.237201], [-62.674742, 45.237418], [-62.674228, 45.237811], [-62.673836, 45.238553], [-62.673498, 45.239466], [-62.673494, 45.239853], [-62.673601, 45.240121], [-62.673903, 45.240576], [-62.674071, 45.24071], [-62.674827, 45.240918], [-62.675881, 45.241357], [-62.676358, 45.241677], [-62.676335, 45.241812], [-62.676167, 45.242111], [-62.676215, 45.242785], [-62.676144, 45.243001], [-62.676031, 45.243074], [-62.674751, 45.24279], [-62.674396, 45.242857], [-62.674005, 45.243077], [-62.673493, 45.243541], [-62.673196, 45.244004], [-62.673014, 45.244447], [-62.672838, 45.245133], [-62.672869, 45.245375], [-62.672961, 45.245518], [-62.673258, 45.245775], [-62.674299, 45.246178], [-62.674531, 45.246339], [-62.674558, 45.246411], [-62.674537, 45.246645], [-62.674339, 45.246898], [-62.67308, 45.24764], [-62.672831, 45.247941], [-62.672904, 45.24838], [-62.673101, 45.248639], [-62.6734, 45.248906], [-62.673572, 45.249247], [-62.673615, 45.249489], [-62.673507, 45.249859], [-62.673291, 45.250148], [-62.673001, 45.250286], [-62.672467, 45.250337], [-62.67196, 45.250459], [-62.671397, 45.250375], [-62.671201, 45.251655], [-62.666151, 45.251228]]]}, "properties": {"OBJECTID": 3, "GSA_KEY": 4, "FCODE": "GSAPOLY", "GSA_NAME": "GOVERNOR LAKE", "MUN_CODE": "HRM", "GSA_REM": " ", "SOURCE": "DM", "DATE_ACT": 980899200000, "SYS_DATE": null, "GLOBALID": "5e4b01cc-36be-48e0-87b5-7d4c4014c275", "Shape__Area": 234493470.09375, "Shape__Length": 82580.58568681416}}, {"type": "Feature", "id": 4, "geometry": {"type": "Polygon", "coordinates": [[[-62.779784, 45.25146], [-62.776681, 45.245781], [-62.775466, 45.243851], [-62.758505, 45.213533], [-62.754869, 45.215517], [-62.74932, 45.205157], [-62.744942, 45.206375], [-62.7442, 45.205024], [-62.74582, 45.204601], [-62.742288, 45.1979], [-62.742606, 45.197869], [-62.742731, 45.197796], [-62.742761, 45.197396], [-62.742717, 45.197149], [-62.742311, 45.197179], [-62.742195, 45.197082], [-62.742124, 45.196776], [-62.741686, 45.196574], [-62.741227, 45.196516], [-62.741035, 45.196446], [-62.740917, 45.196322], [-62.740954, 45.196249], [-62.741258, 45.196174], [-62.741165, 45.196013], [-62.740712, 45.195658], [-62.740003, 45.195261], [-62.739486, 45.194861], [-62.739228, 45.19472], [-62.739011, 45.194678], [-62.738354, 45.193758], [-62.738238, 45.193669], [-62.738047, 45.193653], [-62.742172, 45.192538], [-62.744402, 45.19677], [-62.756308, 45.193553], [-62.756879, 45.194653], [-62.761017, 45.193573], [-62.764547, 45.200076], [-62.8024, 45.189985], [-62.807905, 45.186989], [-62.810553, 45.187059], [-62.810478, 45.188164], [-62.819646, 45.198921], [-62.82938, 45.210559], [-62.823213, 45.214422], [-62.832918, 45.225224], [-62.839824, 45.222164], [-62.842498, 45.225109], [-62.841748, 45.225451], [-62.841077, 45.225873], [-62.840509, 45.226361], [-62.840106, 45.226825], [-62.839843, 45.227017], [-62.839357, 45.227225], [-62.83871, 45.227318], [-62.833828, 45.229845], [-62.833596, 45.230001], [-62.83335, 45.23008], [-62.833083, 45.230101], [-62.832815, 45.230064], [-62.832533, 45.229939], [-62.832289, 45.229899], [-62.831182, 45.230204], [-62.830994, 45.230342], [-62.83034, 45.23124], [-62.830294, 45.231475], [-62.830275, 45.232276], [-62.830118, 45.232665], [-62.829907, 45.232883], [-62.829041, 45.233406], [-62.828507, 45.234024], [-62.827836, 45.234194], [-62.827531, 45.234206], [-62.826346, 45.234733], [-62.825315, 45.235312], [-62.824325, 45.23599], [-62.823926, 45.236363], [-62.823774, 45.23641], [-62.823264, 45.23638], [-62.823074, 45.236418], [-62.822575, 45.236856], [-62.822056, 45.236988], [-62.821788, 45.237009], [-62.821467, 45.237399], [-62.821129, 45.237673], [-62.820358, 45.237943], [-62.820259, 45.23807], [-62.820178, 45.238422], [-62.820262, 45.238727], [-62.820217, 45.239007], [-62.820158, 45.239206], [-62.819925, 45.239586], [-62.819613, 45.23986], [-62.81921, 45.240062], [-62.817971, 45.240437], [-62.817152, 45.240833], [-62.816909, 45.241358], [-62.816815, 45.241692], [-62.816642, 45.241946], [-62.815851, 45.242396], [-62.815589, 45.242651], [-62.815331, 45.24305], [-62.814919, 45.24346], [-62.814864, 45.243775], [-62.814495, 45.244382], [-62.814329, 45.244888], [-62.81403, 45.245225], [-62.813642, 45.245481], [-62.812061, 45.246012], [-62.81132, 45.24647], [-62.810821, 45.246944], [-62.810468, 45.247101], [-62.810089, 45.247205], [-62.809429, 45.247284], [-62.807032, 45.247203], [-62.804055, 45.247391], [-62.801517, 45.247239], [-62.800686, 45.247141], [-62.799695, 45.247251], [-62.798854, 45.247225], [-62.797602, 45.247068], [-62.796888, 45.247049], [-62.79575, 45.246882], [-62.793929, 45.246876], [-62.791486, 45.247039], [-62.791069, 45.247178], [-62.790402, 45.24751], [-62.789786, 45.247877], [-62.787795, 45.248844], [-62.787318, 45.249164], [-62.786182, 45.249618], [-62.785751, 45.249704], [-62.785258, 45.249872], [-62.784957, 45.250122], [-62.784528, 45.250294], [-62.783579, 45.250561], [-62.782582, 45.250725], [-62.779784, 45.25146]]]}, "properties": {"OBJECTID": 4, "GSA_KEY": 5, "FCODE": "GSAPOLY", "GSA_NAME": "COLLEGE LAKE", "MUN_CODE": "HRM", "GSA_REM": " ", "SOURCE": "CA", "DATE_ACT": 980899200000, "SYS_DATE": 1334016000000, "GLOBALID": "6cbb1edb-7079-434f-852c-a487a3b90bc2", "Shape__Area": 61577657.30078125, "Shape__Length": 39546.45456030057}}, {"type": "Feature", "id": 5, "geometry": {"type": "Polygon", "coordinates": [[[-62.784437, 45.194778], [-62.7817, 45.189671], [-62.781359, 45.189283], [-62.78089, 45.18815], [-62.779814, 45.186128], [-62.780522, 45.185949], [-62.7766, 45.17839], [-62.778167, 45.178142], [-62.777704, 45.177708], [-62.77565, 45.176659], [-62.775173, 45.176322], [-62.775051, 45.175819], [-62.775029, 45.175152], [-62.77464, 45.174337], [-62.773363, 45.173861], [-62.773088, 45.173176], [-62.772042, 45.172404], [-62.771878, 45.172222], [-62.771638, 45.171002], [-62.775831, 45.171059], [-62.775942, 45.170621], [-62.776155, 45.163933], [-62.782125, 45.16693], [-62.783907, 45.166438], [-62.78778, 45.173557], [-62.801955, 45.169863], [-62.803848, 45.169262], [-62.802543, 45.166676], [-62.80305, 45.162135], [-62.797893, 45.152367], [-62.805174, 45.150439], [-62.80702, 45.153865], [-62.814377, 45.151926], [-62.819789, 45.161601], [-62.823499, 45.168019], [-62.830449, 45.180744], [-62.83824, 45.183915], [-62.837086, 45.185436], [-62.841236, 45.189864], [-62.848531, 45.197774], [-62.855941, 45.205655], [-62.856279, 45.205687], [-62.857177, 45.206408], [-62.858591, 45.207378], [-62.862395, 45.20549], [-62.865916, 45.209167], [-62.866299, 45.209722], [-62.863708, 45.211063], [-62.859619, 45.213352], [-62.858018, 45.214042], [-62.856769, 45.214781], [-62.856393, 45.215055], [-62.854542, 45.216733], [-62.852527, 45.21817], [-62.851391, 45.218854], [-62.851224, 45.219063], [-62.851172, 45.219302], [-62.850866, 45.219544], [-62.850656, 45.219834], [-62.850493, 45.220457], [-62.850277, 45.220783], [-62.849446, 45.221423], [-62.84824, 45.222103], [-62.847412, 45.222667], [-62.846728, 45.223318], [-62.846389, 45.223795], [-62.846051, 45.22405], [-62.845716, 45.224167], [-62.845099, 45.224188], [-62.844548, 45.224329], [-62.843493, 45.224675], [-62.842498, 45.225109], [-62.839824, 45.222164], [-62.832918, 45.225224], [-62.823213, 45.214422], [-62.82938, 45.210559], [-62.819646, 45.198921], [-62.810478, 45.188164], [-62.810553, 45.187059], [-62.807905, 45.186989], [-62.8024, 45.189985], [-62.784437, 45.194778]]]}, "properties": {"OBJECTID": 5, "GSA_KEY": 6, "FCODE": "GSAPOLY", "GSA_NAME": "CHAPLIN", "MUN_CODE": "HRM", "GSA_REM": " ", "SOURCE": "CA", "DATE_ACT": 980899200000, "SYS_DATE": 1334016000000, "GLOBALID": "3c2b42fd-4a0b-4462-9d8a-80c7c4f2c64a", "Shape__Area": 43370371.97265625, "Shape__Length": 42588.262198545126}}, {"type": "Feature", "id": 6, "geometry": {"type": "Polygon", "coordinates": [[[-62.483788, 45.15381], [-62.493592, 45.152276], [-62.494198, 45.154192], [-62.499963, 45.153296], [-62.512676, 45.151195], [-62.511508, 45.146674], [-62.513938, 45.146356], [-62.512467, 45.140906], [-62.513127, 45.140797], [-62.512092, 45.135852], [-62.516487, 45.135264], [-62.517009, 45.137838], [-62.535771, 45.135064], [-62.536877, 45.138892], [-62.540152, 45.1365], [-62.541061, 45.13718], [-62.550044, 45.135847], [-62.54956, 45.134849], [-62.549429, 45.134131], [-62.549475, 45.133545], [-62.549594, 45.133089], [-62.549888, 45.132819], [-62.549711, 45.132688], [-62.549173, 45.132532], [-62.548563, 45.132173], [-62.547905, 45.131703], [-62.547408, 45.13109], [-62.545768, 45.129815], [-62.544854, 45.129268], [-62.543836, 45.128737], [-62.543542, 45.128237], [-62.543162, 45.127992], [-62.541996, 45.128008], [-62.540633, 45.12771], [-62.539917, 45.127441], [-62.538781, 45.127348], [-62.537734, 45.12689], [-62.537105, 45.126348], [-62.536581, 45.125788], [-62.535996, 45.125448], [-62.534272, 45.125144], [-62.532298, 45.124541], [-62.531694, 45.124036], [-62.53054, 45.123686], [-62.530084, 45.123347], [-62.52713, 45.11804], [-62.537985, 45.11526], [-62.542865, 45.123913], [-62.548722, 45.122388], [-62.550981, 45.126282], [-62.557071, 45.124458], [-62.562026, 45.142562], [-62.570408, 45.141647], [-62.572734, 45.150709], [-62.564531, 45.151706], [-62.565159, 45.154], [-62.565401, 45.155752], [-62.560114, 45.156643], [-62.561061, 45.158346], [-62.561048, 45.158454], [-62.560944, 45.158625], [-62.560239, 45.159387], [-62.559407, 45.16005], [-62.559139, 45.160166], [-62.559791, 45.160874], [-62.559856, 45.161061], [-62.560089, 45.161243], [-62.563417, 45.16579], [-62.563623, 45.166128], [-62.564044, 45.166589], [-62.565342, 45.167535], [-62.565603, 45.167857], [-62.565791, 45.168413], [-62.565797, 45.168737], [-62.565995, 45.169815], [-62.566328, 45.170604], [-62.566418, 45.171332], [-62.56633, 45.17208], [-62.566162, 45.17263], [-62.565894, 45.173262], [-62.56596, 45.173387], [-62.566473, 45.173616], [-62.566856, 45.173667], [-62.567573, 45.173894], [-62.568202, 45.174212], [-62.568576, 45.17447], [-62.569307, 45.174769], [-62.570087, 45.174977], [-62.570915, 45.175042], [-62.571724, 45.175439], [-62.572709, 45.175709], [-62.572837, 45.175789], [-62.572956, 45.175987], [-62.572849, 45.176396], [-62.574836, 45.176374], [-62.575515, 45.186238], [-62.585123, 45.192627], [-62.581453, 45.195375], [-62.583373, 45.196621], [-62.588141, 45.200044], [-62.586096, 45.200599], [-62.588817, 45.205392], [-62.583189, 45.206984], [-62.483788, 45.15381]]]}, "properties": {"OBJECTID": 6, "GSA_KEY": 7, "FCODE": "GSAPOLY", "GSA_NAME": "TRAFALGAR", "MUN_CODE": "HRM", "GSA_REM": " ", "SOURCE": "DM", "DATE_ACT": 980899200000, "SYS_DATE": null, "GLOBALID": "3238189c-3f17-450f-82b9-b502f472e6b9", "Shape__Area": 59632411.8828125, "Shape__Length": 52620.17732010436}}, {"type": "Feature", "id": 7, "geometry": {"type": "Polygon", "coordinates": [[[-62.8635, 45.20664], [-62.862395, 45.20549], [-62.858591, 45.207378], [-62.857177, 45.206408], [-62.856279, 45.205687], [-62.855941, 45.205655], [-62.848531, 45.197774], [-62.841236, 45.189864], [-62.837086, 45.185436], [-62.83824, 45.183915], [-62.830449, 45.180744], [-62.823499, 45.168019], [-62.819789, 45.161601], [-62.814377, 45.151926], [-62.819067, 45.150666], [-62.820144, 45.152697], [-62.836918, 45.149428], [-62.847518, 45.147292], [-62.847865, 45.14772], [-62.848058, 45.14779], [-62.848427, 45.147795], [-62.848928, 45.148041], [-62.849176, 45.148273], [-62.849413, 45.148629], [-62.849646, 45.148815], [-62.850285, 45.148943], [-62.85126, 45.149318], [-62.852201, 45.149554], [-62.855553, 45.152831], [-62.856175, 45.152535], [-62.856585, 45.152904], [-62.85796, 45.152248], [-62.856553, 45.15164], [-62.856821, 45.150282], [-62.859221, 45.150318], [-62.861494, 45.149851], [-62.86246, 45.148729], [-62.862894, 45.147025], [-62.862333, 45.145782], [-62.862729, 45.143762], [-62.865294, 45.143748], [-62.867753, 45.143327], [-62.870753, 45.144336], [-62.871313, 45.145633], [-62.872804, 45.145287], [-62.873675, 45.145933], [-62.874889, 45.14556], [-62.875074, 45.14368], [-62.875288, 45.143923], [-62.877545, 45.143447], [-62.879519, 45.142475], [-62.879947, 45.14313], [-62.880438, 45.143183], [-62.881277, 45.143172], [-62.881999, 45.143569], [-62.882051, 45.143632], [-62.882009, 45.144018], [-62.8821, 45.144089], [-62.882695, 45.143983], [-62.883161, 45.143798], [-62.883744, 45.143719], [-62.883983, 45.143608], [-62.884364, 45.143594], [-62.884798, 45.143661], [-62.88496, 45.143552], [-62.885006, 45.143316], [-62.885538, 45.143238], [-62.885666, 45.142733], [-62.885609, 45.142482], [-62.885106, 45.142199], [-62.884927, 45.142165], [-62.884856, 45.141834], [-62.884551, 45.14128], [-62.884355, 45.141083], [-62.884051, 45.140646], [-62.883547, 45.140301], [-62.883505, 45.140141], [-62.883542, 45.140085], [-62.883966, 45.139756], [-62.884107, 45.1398], [-62.884578, 45.139812], [-62.884691, 45.139775], [-62.884777, 45.13963], [-62.885002, 45.139456], [-62.885281, 45.139416], [-62.885486, 45.139486], [-62.885699, 45.139375], [-62.886055, 45.138867], [-62.886194, 45.138793], [-62.886499, 45.13879], [-62.887086, 45.138873], [-62.887463, 45.138688], [-62.887868, 45.138629], [-62.888021, 45.138654], [-62.88819, 45.138814], [-62.888469, 45.138784], [-62.888412, 45.138516], [-62.888472, 45.138388], [-62.888481, 45.138209], [-62.888728, 45.137908], [-62.90046, 45.153596], [-62.901792, 45.152936], [-62.905742, 45.15687], [-62.905356, 45.156964], [-62.905258, 45.157107], [-62.90529, 45.157323], [-62.905823, 45.157828], [-62.906505, 45.158145], [-62.906509, 45.158361], [-62.9062, 45.158687], [-62.906227, 45.158768], [-62.905787, 45.158949], [-62.906528, 45.159592], [-62.907761, 45.158803], [-62.909659, 45.157743], [-62.909831, 45.157905], [-62.909869, 45.15839], [-62.910048, 45.15865], [-62.91213, 45.158011], [-62.911693, 45.157293], [-62.912238, 45.157055], [-62.912187, 45.157273], [-62.91213, 45.157275], [-62.91212, 45.15746], [-62.912428, 45.157917], [-62.912486, 45.158178], [-62.914822, 45.157931], [-62.914859, 45.158072], [-62.91547, 45.159101], [-62.916252, 45.160171], [-62.916664, 45.160865], [-62.918195, 45.160865], [-62.917557, 45.165796], [-62.922548, 45.163416], [-62.925968, 45.161844], [-62.926376, 45.162397], [-62.928617, 45.164744], [-62.928815, 45.164814], [-62.934364, 45.170738], [-62.934688, 45.170981], [-62.942126, 45.178927], [-62.89864, 45.194544], [-62.877273, 45.205693], [-62.870669, 45.20751], [-62.868896, 45.208427], [-62.867945, 45.208843], [-62.866299, 45.209722], [-62.865916, 45.209167], [-62.8635, 45.20664]]]}, "properties": {"OBJECTID": 7, "GSA_KEY": 8, "FCODE": "GSAPOLY", "GSA_NAME": "DEAN", "MUN_CODE": "HRM", "GSA_REM": " ", "SOURCE": "CR", "DATE_ACT": 980899200000, "SYS_DATE": 1572220800000, "GLOBALID": "aaaa2b73-a61d-4c63-ac4d-53a6870625b7", "Shape__Area": 85562291.890625, "Shape__Length": 45659.41213246249}}, {"type": "Feature", "id": 8, "geometry": {"type": "Polygon", "coordinates": [[[-62.70819, 45.202985], [-62.704865, 45.201945], [-62.703793, 45.203626], [-62.703179, 45.203465], [-62.703215, 45.203336], [-62.698236, 45.200509], [-62.687848, 45.182683], [-62.683413, 45.183929], [-62.681464, 45.180426], [-62.693063, 45.177183], [-62.691606, 45.176226], [-62.691793, 45.176044], [-62.688538, 45.170346], [-62.686831, 45.170854], [-62.684824, 45.167316], [-62.664382, 45.141766], [-62.654776, 45.138177], [-62.655063, 45.138073], [-62.655084, 45.137857], [-62.655258, 45.137676], [-62.655264, 45.137343], [-62.655091, 45.13693], [-62.654885, 45.13677], [-62.654894, 45.136653], [-62.654427, 45.136136], [-62.65441, 45.135974], [-62.654904, 45.13586], [-62.655029, 45.135778], [-62.655065, 45.135653], [-62.655, 45.135571], [-62.654743, 45.135439], [-62.654372, 45.135317], [-62.654114, 45.135166], [-62.653959, 45.135042], [-62.653828, 45.13482], [-62.653583, 45.134624], [-62.653451, 45.134444], [-62.653143, 45.134267], [-62.652987, 45.134107], [-62.652982, 45.133847], [-62.653029, 45.133712], [-62.653303, 45.133421], [-62.653438, 45.133194], [-62.653427, 45.132574], [-62.653242, 45.132287], [-62.653024, 45.132163], [-62.652833, 45.132165], [-62.652583, 45.132347], [-62.652367, 45.132395], [-62.651996, 45.132272], [-62.651803, 45.132121], [-62.651445, 45.132062], [-62.651394, 45.131991], [-62.651505, 45.131872], [-62.651491, 45.131801], [-62.650862, 45.131519], [-62.650718, 45.131313], [-62.650741, 45.131188], [-62.651064, 45.130834], [-62.651005, 45.130411], [-62.65132, 45.130245], [-62.651344, 45.130192], [-62.651237, 45.129923], [-62.651233, 45.129716], [-62.651557, 45.129452], [-62.651693, 45.129244], [-62.651679, 45.129118], [-62.651562, 45.129037], [-62.651346, 45.129021], [-62.650712, 45.129117], [-62.650263, 45.128924], [-62.649871, 45.128991], [-62.649273, 45.129006], [-62.649119, 45.128927], [-62.648911, 45.128687], [-62.648922, 45.127949], [-62.648994, 45.127777], [-62.648797, 45.127401], [-62.64897, 45.127218], [-62.648879, 45.127066], [-62.648876, 45.126932], [-62.649113, 45.126731], [-62.649377, 45.126584], [-62.64917, 45.126406], [-62.649104, 45.126281], [-62.648704, 45.125997], [-62.649068, 45.125565], [-62.648991, 45.122594], [-62.641405, 45.124775], [-62.638173, 45.119751], [-62.64336, 45.118208], [-62.64331, 45.118168], [-62.643308, 45.118034], [-62.643356, 45.117917], [-62.643481, 45.117816], [-62.643709, 45.117759], [-62.643781, 45.117561], [-62.643995, 45.117432], [-62.643994, 45.117388], [-62.643917, 45.117361], [-62.643599, 45.117328], [-62.643534, 45.117249], [-62.643438, 45.116935], [-62.643443, 45.116521], [-62.642771, 45.116608], [-62.642361, 45.11645], [-62.641949, 45.11614], [-62.641764, 45.115827], [-62.641801, 45.115799], [-62.642155, 45.115678], [-62.642866, 45.115644], [-62.643249, 45.115748], [-62.643533, 45.115961], [-62.644272, 45.116035], [-62.644513, 45.116023], [-62.644981, 45.115893], [-62.645271, 45.115773], [-62.645282, 45.11572], [-62.645242, 45.115585], [-62.645088, 45.115487], [-62.64451, 45.114629], [-62.64429, 45.114388], [-62.644046, 45.114291], [-62.643562, 45.114215], [-62.643203, 45.114075], [-62.64302, 45.113781], [-62.643019, 45.113142], [-62.642915, 45.112972], [-62.642401, 45.112733], [-62.641943, 45.112693], [-62.641596, 45.112481], [-62.640906, 45.111669], [-62.640799, 45.111391], [-62.640538, 45.111069], [-62.640165, 45.110856], [-62.639513, 45.110683], [-62.639157, 45.110669], [-62.638926, 45.110545], [-62.638722, 45.11052], [-62.637468, 45.110073], [-62.637264, 45.11004], [-62.637088, 45.110131], [-62.636778, 45.109883], [-62.636826, 45.109756], [-62.637078, 45.109663], [-62.638424, 45.109614], [-62.638384, 45.109471], [-62.638043, 45.108926], [-62.637432, 45.108257], [-62.637386, 45.107889], [-62.637484, 45.107698], [-62.637747, 45.107506], [-62.638176, 45.107349], [-62.638747, 45.107316], [-62.638845, 45.107136], [-62.638805, 45.107009], [-62.638133, 45.106485], [-62.637748, 45.106291], [-62.637529, 45.106122], [-62.63737, 45.105774], [-62.637253, 45.105648], [-62.635841, 45.104951], [-62.635222, 45.104471], [-62.6348, 45.104368], [-62.63444, 45.104155], [-62.63339, 45.103716], [-62.632939, 45.103432], [-62.632709, 45.103354], [-62.632034, 45.103288], [-62.631905, 45.103164], [-62.631838, 45.102993], [-62.631593, 45.102852], [-62.630995, 45.102777], [-62.630547, 45.102646], [-62.630199, 45.102317], [-62.629804, 45.101673], [-62.629381, 45.101488], [-62.628948, 45.101429], [-62.628296, 45.101219], [-62.627339, 45.100365], [-62.627169, 45.100151], [-62.626989, 45.100028], [-62.625908, 45.099992], [-62.625521, 45.099717], [-62.624958, 45.09948], [-62.624853, 45.099338], [-62.624928, 45.099247], [-62.625155, 45.099172], [-62.625501, 45.099312], [-62.626251, 45.099359], [-62.626624, 45.099553], [-62.627042, 45.099495], [-62.627436, 45.099509], [-62.627823, 45.099776], [-62.62789, 45.099992], [-62.627895, 45.100225], [-62.628622, 45.099758], [-62.628576, 45.099301], [-62.628318, 45.09915], [-62.627416, 45.09914], [-62.626966, 45.098848], [-62.626162, 45.098685], [-62.625749, 45.098365], [-62.625342, 45.098333], [-62.624906, 45.098121], [-62.624519, 45.097846], [-62.624125, 45.097841], [-62.623918, 45.097663], [-62.623731, 45.097171], [-62.623278, 45.096778], [-62.623009, 45.096646], [-62.622866, 45.096505], [-62.622533, 45.096363], [-62.622237, 45.096141], [-62.622041, 45.095882], [-62.62181, 45.095749], [-62.621746, 45.095732], [-62.621304, 45.095889], [-62.620558, 45.096049], [-62.62029, 45.095989], [-62.619972, 45.095992], [-62.619329, 45.09625], [-62.619024, 45.096235], [-62.618498, 45.095979], [-62.618333, 45.095972], [-62.617993, 45.096147], [-62.618099, 45.096398], [-62.617966, 45.096732], [-62.616924, 45.096706], [-62.616757, 45.096618], [-62.61655, 45.096413], [-62.616294, 45.096298], [-62.616228, 45.096174], [-62.616047, 45.096031], [-62.615829, 45.095934], [-62.615537, 45.095928], [-62.615255, 45.095804], [-62.615099, 45.095609], [-62.615045, 45.095438], [-62.614603, 45.094956], [-62.614038, 45.094655], [-62.613488, 45.094445], [-62.613258, 45.094421], [-62.613247, 45.09452], [-62.613077, 45.094833], [-62.612883, 45.094702], [-62.612244, 45.094493], [-62.611775, 45.094587], [-62.611612, 45.094697], [-62.610953, 45.094757], [-62.610607, 45.094599], [-62.610085, 45.094594], [-62.608987, 45.094281], [-62.608398, 45.094044], [-62.608122, 45.093995], [-62.609133, 45.090977], [-62.609531, 45.089558], [-62.614203, 45.091041], [-62.616828, 45.086898], [-62.647411, 45.071647], [-62.647743, 45.071734], [-62.647946, 45.071732], [-62.648515, 45.071618], [-62.648627, 45.071492], [-62.648611, 45.071348], [-62.648507, 45.071206], [-62.653268, 45.069244], [-62.655357, 45.068318], [-62.655777, 45.06835], [-62.656042, 45.068266], [-62.656053, 45.068194], [-62.656289, 45.068174], [-62.657554, 45.065355], [-62.66352, 45.067875], [-62.668252, 45.066551], [-62.66616, 45.062342], [-62.677609, 45.059177], [-62.679408, 45.062511], [-62.686926, 45.06043], [-62.672883, 45.052779], [-62.676514, 45.049105], [-62.679146, 45.046864], [-62.685477, 45.050344], [-62.697445, 45.046548], [-62.699691, 45.050124], [-62.698303, 45.05057], [-62.703357, 45.059075], [-62.704217, 45.058319], [-62.712258, 45.062707], [-62.701967, 45.061214], [-62.702249, 45.061319], [-62.702919, 45.061798], [-62.703025, 45.061977], [-62.703256, 45.062154], [-62.703585, 45.06269], [-62.703895, 45.062903], [-62.704175, 45.062954], [-62.704435, 45.063239], [-62.704833, 45.063416], [-62.704873, 45.063523], [-62.705157, 45.063772], [-62.70581, 45.064008], [-62.70633, 45.06457], [-62.706372, 45.064767], [-62.70663, 45.06498], [-62.706821, 45.065005], [-62.707001, 45.065093], [-62.707054, 45.065183], [-62.707516, 45.065421], [-62.70753, 45.065492], [-62.707722, 45.065562], [-62.707695, 45.065492], [-62.707758, 45.065463], [-62.707987, 45.065488], [-62.708601, 45.065706], [-62.708957, 45.065729], [-62.709248, 45.065663], [-62.710086, 45.065663], [-62.710608, 45.065721], [-62.710914, 45.065807], [-62.711146, 45.065932], [-62.711367, 45.066209], [-62.711294, 45.066345], [-62.711308, 45.066406], [-62.711384, 45.066414], [-62.711407, 45.066279], [-62.711471, 45.066297], [-62.711584, 45.066232], [-62.711941, 45.066301], [-62.712277, 45.066576], [-62.712494, 45.066637], [-62.712654, 45.067004], [-62.712796, 45.067137], [-62.713723, 45.067721], [-62.710262, 45.071016], [-62.711327, 45.072723], [-62.717113, 45.078129], [-62.726945, 45.084129], [-62.731993, 45.087116], [-62.732185, 45.08717], [-62.732568, 45.087485], [-62.732553, 45.08798], [-62.732322, 45.088862], [-62.731706, 45.089965], [-62.730888, 45.09055], [-62.73054, 45.090719], [-62.729248, 45.09111], [-62.734037, 45.099657], [-62.733723, 45.099748], [-62.7335, 45.099619], [-62.732582, 45.099551], [-62.732438, 45.099755], [-62.732536, 45.100093], [-62.731525, 45.100386], [-62.7398, 45.115222], [-62.742678, 45.121383], [-62.746035, 45.122267], [-62.751564, 45.120833], [-62.755342, 45.127287], [-62.750215, 45.128584], [-62.752987, 45.133283], [-62.755593, 45.132554], [-62.758783, 45.13896], [-62.760339, 45.141809], [-62.754669, 45.14339], [-62.754729, 45.143441], [-62.755579, 45.143634], [-62.755644, 45.14368], [-62.75564, 45.143756], [-62.756038, 45.143971], [-62.756175, 45.14416], [-62.75659, 45.144469], [-62.756809, 45.144602], [-62.757064, 45.144671], [-62.757361, 45.144857], [-62.757698, 45.145132], [-62.757752, 45.145266], [-62.757868, 45.145364], [-62.758392, 45.145502], [-62.758869, 45.14575], [-62.759137, 45.145969], [-62.759459, 45.146043], [-62.75956, 45.146026], [-62.760012, 45.145718], [-62.760666, 45.145972], [-62.761107, 45.145787], [-62.76135, 45.145795], [-62.761389, 45.145884], [-62.761388, 45.146442], [-62.761158, 45.146949], [-62.761199, 45.147073], [-62.761533, 45.147213], [-62.761992, 45.147263], [-62.762268, 45.147655], [-62.762358, 45.147708], [-62.762727, 45.147713], [-62.763391, 45.147859], [-62.763623, 45.147982], [-62.763866, 45.148043], [-62.764232, 45.14793], [-62.764372, 45.147947], [-62.764451, 45.148046], [-62.764431, 45.148279], [-62.764495, 45.148324], [-62.764712, 45.148339], [-62.764925, 45.14822], [-62.765078, 45.148227], [-62.765219, 45.148299], [-62.765434, 45.148755], [-62.765746, 45.149111], [-62.766197, 45.149384], [-62.766278, 45.149565], [-62.766268, 45.1497], [-62.766373, 45.149842], [-62.767545, 45.149937], [-62.766318, 45.150276], [-62.768151, 45.153745], [-62.770162, 45.15322], [-62.772349, 45.157402], [-62.771852, 45.157515], [-62.771977, 45.157702], [-62.772186, 45.157812], [-62.77228, 45.158027], [-62.7721, 45.158644], [-62.772213, 45.158917], [-62.772397, 45.159147], [-62.77263, 45.159771], [-62.772435, 45.159896], [-62.772373, 45.160607], [-62.772788, 45.16186], [-62.773111, 45.162498], [-62.773422, 45.162587], [-62.776155, 45.163933], [-62.775942, 45.170621], [-62.775831, 45.171059], [-62.771638, 45.171002], [-62.771878, 45.172222], [-62.772042, 45.172404], [-62.773088, 45.173176], [-62.773363, 45.173861], [-62.77464, 45.174337], [-62.775029, 45.175152], [-62.775051, 45.175819], [-62.775173, 45.176322], [-62.77565, 45.176659], [-62.777704, 45.177708], [-62.778167, 45.178142], [-62.7766, 45.17839], [-62.780522, 45.185949], [-62.779814, 45.186128], [-62.78089, 45.18815], [-62.781359, 45.189283], [-62.7817, 45.189671], [-62.784437, 45.194778], [-62.764547, 45.200076], [-62.761017, 45.193573], [-62.756879, 45.194653], [-62.756308, 45.193553], [-62.744402, 45.19677], [-62.742172, 45.192538], [-62.738047, 45.193653], [-62.738238, 45.193669], [-62.738354, 45.193758], [-62.739011, 45.194678], [-62.739228, 45.19472], [-62.739486, 45.194861], [-62.740003, 45.195261], [-62.740712, 45.195658], [-62.741165, 45.196013], [-62.741258, 45.196174], [-62.740954, 45.196249], [-62.740917, 45.196322], [-62.741035, 45.196446], [-62.741227, 45.196516], [-62.741686, 45.196574], [-62.742124, 45.196776], [-62.742195, 45.197082], [-62.742311, 45.197179], [-62.742717, 45.197149], [-62.742762, 45.197436], [-62.742706, 45.197823], [-62.741972, 45.197984], [-62.741603, 45.197997], [-62.74141, 45.197918], [-62.74132, 45.197788], [-62.729869, 45.20072], [-62.724852, 45.202097], [-62.722624, 45.204596], [-62.722236, 45.204733], [-62.713683, 45.205388], [-62.713278, 45.204618], [-62.70819, 45.202985]]]}, "properties": {"OBJECTID": 8, "GSA_KEY": 9, "FCODE": "GSAPOLY", "GSA_NAME": "TEN MILE LAKE", "MUN_CODE": "HRM", "GSA_REM": " ", "SOURCE": "CR", "DATE_ACT": 980899200000, "SYS_DATE": 1505865600000, "GLOBALID": "88b63659-689e-46fe-a1a2-0444360c771d", "Shape__Area": 230211728.46875, "Shape__Length": 94258.8336527472}}, {"type": "Feature", "id": 9, "geometry": {"type": "Polygon", "coordinates": [[[-62.925991, 45.161882], [-62.925968, 45.161844], [-62.922548, 45.163416], [-62.917557, 45.165796], [-62.918195, 45.160865], [-62.916664, 45.160865], [-62.916252, 45.160171], [-62.91547, 45.159101], [-62.914859, 45.158072], [-62.914822, 45.157931], [-62.912486, 45.158178], [-62.912428, 45.157917], [-62.91212, 45.15746], [-62.91213, 45.157275], [-62.912187, 45.157273], [-62.912238, 45.157055], [-62.911693, 45.157293], [-62.91213, 45.158011], [-62.910048, 45.15865], [-62.909869, 45.15839], [-62.909831, 45.157905], [-62.909659, 45.157743], [-62.907761, 45.158803], [-62.906528, 45.159592], [-62.905787, 45.158949], [-62.906227, 45.158768], [-62.9062, 45.158687], [-62.906509, 45.158361], [-62.906505, 45.158145], [-62.905823, 45.157828], [-62.90529, 45.157323], [-62.905258, 45.157107], [-62.905356, 45.156964], [-62.905742, 45.15687], [-62.901792, 45.152936], [-62.91112, 45.148268], [-62.909117, 45.143864], [-62.914348, 45.141247], [-62.913897, 45.14078], [-62.916073, 45.13967], [-62.910113, 45.133735], [-62.921142, 45.12827], [-62.917643, 45.124672], [-62.918956, 45.124493], [-62.919697, 45.124327], [-62.920599, 45.124355], [-62.92107, 45.124297], [-62.919842, 45.121791], [-62.919615, 45.121844], [-62.918808, 45.120624], [-62.918678, 45.120243], [-62.917871, 45.120505], [-62.91711, 45.12083], [-62.915021, 45.121919], [-62.924716, 45.110973], [-62.924527, 45.110781], [-62.929383, 45.10537], [-62.919414, 45.101588], [-62.92011, 45.100546], [-62.913735, 45.098034], [-62.913, 45.099], [-62.90604, 45.096053], [-62.901143, 45.101263], [-62.887705, 45.094918], [-62.897103, 45.084924], [-62.894357, 45.084776], [-62.894785, 45.08101], [-62.901776, 45.081351], [-62.902401, 45.077102], [-62.906817, 45.07881], [-62.902792, 45.083998], [-62.909441, 45.086598], [-62.910725, 45.085034], [-62.915174, 45.08672], [-62.915778, 45.085844], [-62.919968, 45.087309], [-62.920602, 45.086703], [-62.927832, 45.089753], [-62.928835, 45.09024], [-62.932592, 45.091907], [-62.937523, 45.089172], [-62.945589, 45.084607], [-62.946778, 45.086131], [-62.950235, 45.089745], [-62.956834, 45.086455], [-62.957782, 45.087879], [-62.960143, 45.08669], [-62.960332, 45.086709], [-62.960374, 45.086579], [-62.963126, 45.08526], [-62.964555, 45.086823], [-62.969966, 45.084383], [-62.9636, 45.077954], [-62.96685, 45.076296], [-62.968742, 45.075256], [-62.96947, 45.077429], [-62.971417, 45.077053], [-62.972401, 45.079524], [-62.981125, 45.077958], [-62.98327, 45.08328], [-62.986525, 45.086872], [-62.98781, 45.086171], [-62.986755, 45.085151], [-62.987383, 45.084405], [-62.988251, 45.084353], [-62.989955, 45.084421], [-62.990962, 45.084777], [-62.991139, 45.085481], [-62.991177, 45.085485], [-62.997952, 45.082147], [-63.000988, 45.085504], [-63.001652, 45.086171], [-63.005802, 45.08405], [-63.010846, 45.089009], [-63.004888, 45.092359], [-63.015244, 45.10294], [-63.012192, 45.105817], [-63.011911, 45.105976], [-63.011583, 45.10604], [-63.011185, 45.106043], [-63.009355, 45.105874], [-63.008799, 45.105884], [-63.008194, 45.10597], [-63.007212, 45.106137], [-63.005967, 45.106676], [-63.005395, 45.106865], [-63.004109, 45.107096], [-63.002043, 45.108129], [-63.001071, 45.108372], [-63.000407, 45.108851], [-62.999621, 45.109815], [-62.998992, 45.110328], [-62.99807, 45.110957], [-62.997523, 45.111121], [-62.997137, 45.111107], [-62.996621, 45.11098], [-62.99618, 45.110804], [-62.99472, 45.110767], [-62.994398, 45.110626], [-62.994222, 45.110445], [-62.993608, 45.110385], [-62.993257, 45.110406], [-62.992278, 45.110923], [-62.99214, 45.111135], [-62.992008, 45.111544], [-62.991996, 45.111996], [-62.992121, 45.112289], [-62.992116, 45.112511], [-62.992048, 45.112766], [-62.991812, 45.113028], [-62.991422, 45.113194], [-62.991048, 45.11318], [-62.98986, 45.112908], [-62.988477, 45.113198], [-62.987436, 45.113295], [-62.986368, 45.11352], [-62.985666, 45.113588], [-62.985459, 45.11367], [-62.98479, 45.114302], [-62.98457, 45.114419], [-62.983609, 45.11468], [-62.983256, 45.11482], [-62.982181, 45.115763], [-62.981471, 45.11613], [-62.981229, 45.116152], [-62.981025, 45.116115], [-62.980846, 45.116019], [-62.980158, 45.115574], [-62.97932, 45.114845], [-62.978724, 45.114581], [-62.978301, 45.114139], [-62.977954, 45.114023], [-62.977628, 45.114045], [-62.977334, 45.114169], [-62.977073, 45.114473], [-62.976212, 45.114641], [-62.975658, 45.114574], [-62.975194, 45.114311], [-62.974868, 45.114333], [-62.974744, 45.114451], [-62.974741, 45.114579], [-62.974568, 45.114713], [-62.972815, 45.115288], [-62.97264, 45.115482], [-62.972701, 45.11591], [-62.972601, 45.116037], [-62.97198, 45.116277], [-62.971574, 45.116536], [-62.971063, 45.117162], [-62.969808, 45.117598], [-62.969391, 45.117823], [-62.968709, 45.118951], [-62.968411, 45.11928], [-62.968228, 45.119346], [-62.967756, 45.119391], [-62.967693, 45.119501], [-62.967695, 45.119877], [-62.967749, 45.1201], [-62.968347, 45.120313], [-62.968803, 45.120413], [-62.968985, 45.12039], [-62.969095, 45.120323], [-62.969185, 45.120136], [-62.96932, 45.120036], [-62.970169, 45.119902], [-62.970592, 45.119882], [-62.970977, 45.119904], [-62.971205, 45.119984], [-62.971751, 45.120325], [-62.971782, 45.120496], [-62.971705, 45.120674], [-62.971559, 45.120732], [-62.971426, 45.120739], [-62.970333, 45.120511], [-62.969934, 45.120565], [-62.969797, 45.120717], [-62.969793, 45.120871], [-62.969887, 45.120966], [-62.970379, 45.121076], [-62.970825, 45.121081], [-62.971017, 45.121135], [-62.971098, 45.121247], [-62.971129, 45.12147], [-62.971062, 45.121717], [-62.970459, 45.122145], [-62.970407, 45.122272], [-62.970913, 45.123202], [-62.971128, 45.123316], [-62.97168, 45.123417], [-62.971741, 45.123854], [-62.971647, 45.124212], [-62.971387, 45.124465], [-62.97103, 45.124716], [-62.970664, 45.124865], [-62.969609, 45.125031], [-62.969137, 45.125059], [-62.968873, 45.125004], [-62.96872, 45.124873], [-62.968656, 45.124556], [-62.968552, 45.124376], [-62.968387, 45.124237], [-62.968184, 45.12414], [-62.967715, 45.124074], [-62.970441, 45.126756], [-62.971727, 45.128208], [-62.971835, 45.128203], [-62.971941, 45.128354], [-62.971911, 45.12839], [-62.976338, 45.13299], [-62.97534, 45.133471], [-62.982375, 45.140516], [-62.983218, 45.140168], [-62.987878, 45.144813], [-62.986642, 45.14541], [-62.990145, 45.148874], [-62.988235, 45.149691], [-62.989736, 45.15121], [-62.987554, 45.152116], [-62.990398, 45.154931], [-62.991792, 45.154221], [-62.99499, 45.156891], [-63.000262, 45.154402], [-63.002739, 45.157119], [-62.942126, 45.178928], [-62.934688, 45.170981], [-62.934364, 45.170738], [-62.928815, 45.164814], [-62.928617, 45.164744], [-62.926376, 45.162397], [-62.925991, 45.161882]]]}, "properties": {"OBJECTID": 9, "GSA_KEY": 10, "FCODE": "GSAPOLY", "GSA_NAME": "UPPER MUSQUODOBOIT", "MUN_CODE": "HRM", "GSA_REM": " ", "SOURCE": "DM", "DATE_ACT": 980899200000, "SYS_DATE": 1572220800000, "GLOBALID": "5efdc9d2-a879-40dd-bf84-cc1ea9e4ee51", "Shape__Area": 116791537.05859375, "Shape__Length": 79250.97429335437}}, {"type": "Feature", "id": 10, "geometry": {"type": "Polygon", "coordinates": [[[-62.7842, 45.166976], [-62.783907, 45.166438], [-62.782125, 45.16693], [-62.773422, 45.162587], [-62.773111, 45.162498], [-62.772788, 45.16186], [-62.772373, 45.160607], [-62.772435, 45.159896], [-62.77263, 45.159771], [-62.772397, 45.159147], [-62.772213, 45.158917], [-62.7721, 45.158644], [-62.77228, 45.158027], [-62.772186, 45.157812], [-62.771977, 45.157702], [-62.771852, 45.157515], [-62.772349, 45.157402], [-62.770162, 45.15322], [-62.768151, 45.153745], [-62.766318, 45.150276], [-62.767545, 45.149937], [-62.766373, 45.149842], [-62.766268, 45.1497], [-62.766278, 45.149565], [-62.766197, 45.149384], [-62.765746, 45.149111], [-62.765434, 45.148755], [-62.765219, 45.148299], [-62.765078, 45.148227], [-62.764925, 45.14822], [-62.764712, 45.148339], [-62.764495, 45.148324], [-62.764431, 45.148279], [-62.764451, 45.148046], [-62.764372, 45.147947], [-62.764232, 45.14793], [-62.763866, 45.148043], [-62.763623, 45.147982], [-62.763391, 45.147859], [-62.762727, 45.147713], [-62.762358, 45.147708], [-62.762268, 45.147655], [-62.761992, 45.147263], [-62.761533, 45.147213], [-62.761199, 45.147073], [-62.761158, 45.146949], [-62.761388, 45.146442], [-62.761389, 45.145884], [-62.76135, 45.145795], [-62.761107, 45.145787], [-62.760666, 45.145972], [-62.760012, 45.145718], [-62.75956, 45.146026], [-62.759459, 45.146043], [-62.759137, 45.145969], [-62.758869, 45.14575], [-62.758392, 45.145502], [-62.757868, 45.145364], [-62.757752, 45.145266], [-62.757698, 45.145132], [-62.757361, 45.144857], [-62.757064, 45.144671], [-62.756809, 45.144602], [-62.75659, 45.144469], [-62.756175, 45.14416], [-62.756038, 45.143971], [-62.75564, 45.143756], [-62.755644, 45.14368], [-62.755579, 45.143634], [-62.754729, 45.143441], [-62.754669, 45.14339], [-62.760339, 45.141809], [-62.758783, 45.13896], [-62.755593, 45.132554], [-62.752987, 45.133283], [-62.750215, 45.128584], [-62.755342, 45.127287], [-62.751564, 45.120833], [-62.746035, 45.122267], [-62.742678, 45.121383], [-62.7398, 45.115222], [-62.731525, 45.100386], [-62.732536, 45.100093], [-62.732438, 45.099755], [-62.732582, 45.099551], [-62.7335, 45.099619], [-62.733723, 45.099748], [-62.734037, 45.099657], [-62.729248, 45.09111], [-62.73054, 45.090719], [-62.730888, 45.09055], [-62.731706, 45.089965], [-62.732322, 45.088862], [-62.732553, 45.08798], [-62.732568, 45.087485], [-62.732185, 45.08717], [-62.731993, 45.087116], [-62.726945, 45.084129], [-62.717113, 45.078129], [-62.711327, 45.072723], [-62.710262, 45.071016], [-62.715789, 45.065747], [-62.719418, 45.066212], [-62.728999, 45.067085], [-62.729226, 45.066046], [-62.72974, 45.066092], [-62.73001, 45.06509], [-62.730253, 45.065169], [-62.730582, 45.065102], [-62.73085, 45.065144], [-62.731063, 45.065043], [-62.731111, 45.064889], [-62.731161, 45.06488], [-62.73129, 45.064968], [-62.73109, 45.065097], [-62.731129, 45.06515], [-62.731942, 45.065159], [-62.732144, 45.065112], [-62.732168, 45.065031], [-62.732522, 45.064955], [-62.732316, 45.064822], [-62.732353, 45.064777], [-62.732058, 45.064654], [-62.73203, 45.06451], [-62.731585, 45.064497], [-62.731264, 45.064357], [-62.730896, 45.064334], [-62.730741, 45.064227], [-62.730627, 45.064256], [-62.730537, 45.064167], [-62.730424, 45.064231], [-62.730477, 45.064347], [-62.73034, 45.064475], [-62.730211, 45.064395], [-62.730274, 45.06434], [-62.730248, 45.064314], [-62.730016, 45.064172], [-62.72989, 45.064228], [-62.729762, 45.064166], [-62.729332, 45.064234], [-62.72811, 45.064103], [-62.727263, 45.064265], [-62.726882, 45.064287], [-62.726535, 45.064111], [-62.727542, 45.060734], [-62.713515, 45.058491], [-62.713355, 45.05826], [-62.715249, 45.057635], [-62.724916, 45.054831], [-62.72002, 45.04706], [-62.719608, 45.046196], [-62.714552, 45.037321], [-62.720318, 45.035686], [-62.725695, 45.034004], [-62.730116, 45.032716], [-62.730781, 45.032426], [-62.72862, 45.029978], [-62.728738, 45.028571], [-62.726244, 45.02647], [-62.728975, 45.025676], [-62.723477, 45.01572], [-62.734005, 45.012694], [-62.735668, 45.013297], [-62.735946, 45.013379], [-62.736474, 45.013434], [-62.736849, 45.013769], [-62.739366, 45.015181], [-62.74535, 45.018388], [-62.746761, 45.01936], [-62.750566, 45.021206], [-62.752044, 45.022605], [-62.753164, 45.023537], [-62.753454, 45.023571], [-62.753831, 45.023695], [-62.755395, 45.023699], [-62.755635, 45.023757], [-62.755847, 45.024059], [-62.755972, 45.024508], [-62.758723, 45.025691], [-62.759543, 45.026402], [-62.760181, 45.026513], [-62.760433, 45.026603], [-62.760766, 45.026554], [-62.761169, 45.026772], [-62.761542, 45.026864], [-62.76255, 45.026832], [-62.76285, 45.027872], [-62.762846, 45.028021], [-62.763508, 45.028423], [-62.764561, 45.02873], [-62.765694, 45.028951], [-62.76664, 45.0284], [-62.767145, 45.028549], [-62.769196, 45.028776], [-62.768821, 45.029085], [-62.769566, 45.029323], [-62.769701, 45.029631], [-62.769962, 45.029784], [-62.770312, 45.029907], [-62.770572, 45.030115], [-62.770657, 45.030587], [-62.770797, 45.030715], [-62.771006, 45.030765], [-62.77165, 45.030681], [-62.772323, 45.030738], [-62.77318, 45.030939], [-62.773702, 45.031237], [-62.773765, 45.031205], [-62.78148, 45.022952], [-62.777806, 45.021266], [-62.785096, 45.014372], [-62.787466, 45.013683], [-62.786278, 45.011636], [-62.783089, 45.012572], [-62.780672, 45.008279], [-62.785557, 45.006906], [-62.785471, 45.00675], [-62.788206, 45.005958], [-62.783521, 44.997813], [-62.782748, 44.995612], [-62.777739, 44.986498], [-62.784065, 44.984709], [-62.789128, 44.987689], [-62.791989, 44.993389], [-62.796875, 44.991964], [-62.797263, 44.992172], [-62.797774, 44.992565], [-62.798893, 44.993071], [-62.79606, 44.996735], [-62.805429, 45.000206], [-62.806784, 44.99844], [-62.816018, 45.004809], [-62.818598, 45.001418], [-62.823335, 45.000031], [-62.822177, 44.997957], [-62.828989, 44.996037], [-62.831677, 45.000658], [-62.828413, 45.001574], [-62.831049, 45.006133], [-62.832042, 45.008195], [-62.828589, 45.009175], [-62.850239, 45.035757], [-62.843113, 45.041894], [-62.868809, 45.061822], [-62.874967, 45.072134], [-62.889907, 45.07316], [-62.895175, 45.077955], [-62.894357, 45.084776], [-62.897103, 45.084924], [-62.887705, 45.094918], [-62.901143, 45.101263], [-62.90604, 45.096053], [-62.913, 45.099], [-62.913735, 45.098034], [-62.92011, 45.100546], [-62.919414, 45.101588], [-62.902202, 45.120073], [-62.902345, 45.120283], [-62.901931, 45.12105], [-62.900717, 45.121018], [-62.900859, 45.121553], [-62.900602, 45.121578], [-62.899595, 45.121587], [-62.898545, 45.121351], [-62.898017, 45.12114], [-62.898637, 45.120755], [-62.89805, 45.12037], [-62.897427, 45.120753], [-62.896886, 45.120127], [-62.896654, 45.119694], [-62.896456, 45.119123], [-62.896108, 45.119257], [-62.896136, 45.119331], [-62.890359, 45.125001], [-62.888006, 45.127253], [-62.887883, 45.127406], [-62.897735, 45.132151], [-62.8979, 45.132388], [-62.897892, 45.132586], [-62.897776, 45.133056], [-62.897541, 45.133292], [-62.897339, 45.133375], [-62.896348, 45.133396], [-62.896068, 45.133931], [-62.89597, 45.134049], [-62.895819, 45.134114], [-62.895154, 45.133951], [-62.894942, 45.133594], [-62.894911, 45.133379], [-62.894675, 45.133093], [-62.894547, 45.133058], [-62.893786, 45.133113], [-62.893289, 45.133092], [-62.893229, 45.13321], [-62.893298, 45.133946], [-62.893096, 45.134031], [-62.893048, 45.134131], [-62.893179, 45.134812], [-62.892976, 45.134823], [-62.89259, 45.134648], [-62.892546, 45.134416], [-62.892416, 45.134308], [-62.892413, 45.134183], [-62.892283, 45.13404], [-62.891837, 45.134019], [-62.891768, 45.134298], [-62.891493, 45.1345], [-62.891483, 45.134608], [-62.891602, 45.134813], [-62.891862, 45.135027], [-62.891984, 45.135367], [-62.891912, 45.135539], [-62.891576, 45.13583], [-62.891051, 45.135684], [-62.890573, 45.135338], [-62.890254, 45.135307], [-62.890321, 45.135459], [-62.890581, 45.135681], [-62.890623, 45.135879], [-62.890575, 45.13595], [-62.890145, 45.136082], [-62.889997, 45.136227], [-62.889005, 45.13677], [-62.888632, 45.137117], [-62.8879, 45.137342], [-62.886581, 45.137997], [-62.885572, 45.138334], [-62.885505, 45.138757], [-62.885118, 45.139004], [-62.884992, 45.139051], [-62.884825, 45.138972], [-62.884609, 45.138984], [-62.884029, 45.13918], [-62.88361, 45.139734], [-62.882691, 45.140663], [-62.882619, 45.140827], [-62.882627, 45.141141], [-62.882863, 45.14147], [-62.883314, 45.141699], [-62.883445, 45.14185], [-62.883755, 45.142045], [-62.883887, 45.142233], [-62.883917, 45.142439], [-62.884339, 45.142532], [-62.884935, 45.142984], [-62.885015, 45.143155], [-62.885009, 45.143434], [-62.88496, 45.143552], [-62.884861, 45.143633], [-62.884646, 45.143663], [-62.884364, 45.143594], [-62.883983, 45.143608], [-62.883744, 45.143719], [-62.883161, 45.143798], [-62.882695, 45.143983], [-62.8821, 45.144089], [-62.882009, 45.144018], [-62.882051, 45.143632], [-62.881999, 45.143569], [-62.881277, 45.143172], [-62.880438, 45.143183], [-62.879947, 45.14313], [-62.879519, 45.142475], [-62.877545, 45.143447], [-62.875288, 45.143923], [-62.875074, 45.14368], [-62.874889, 45.14556], [-62.873675, 45.145933], [-62.872804, 45.145287], [-62.871313, 45.145633], [-62.870753, 45.144336], [-62.867753, 45.143327], [-62.865294, 45.143748], [-62.862729, 45.143762], [-62.862333, 45.145782], [-62.862894, 45.147025], [-62.86246, 45.148729], [-62.861494, 45.149851], [-62.859221, 45.150318], [-62.856821, 45.150282], [-62.856553, 45.15164], [-62.85796, 45.152248], [-62.856585, 45.152904], [-62.856175, 45.152535], [-62.855553, 45.152831], [-62.852201, 45.149554], [-62.85126, 45.149318], [-62.850285, 45.148943], [-62.849646, 45.148815], [-62.849413, 45.148629], [-62.849176, 45.148273], [-62.848928, 45.148041], [-62.848427, 45.147795], [-62.848058, 45.14779], [-62.847865, 45.14772], [-62.847518, 45.147292], [-62.836918, 45.149428], [-62.820144, 45.152697], [-62.819067, 45.150666], [-62.80702, 45.153865], [-62.805174, 45.150439], [-62.797893, 45.152367], [-62.80305, 45.162135], [-62.802543, 45.166676], [-62.803848, 45.169262], [-62.801955, 45.169863], [-62.78778, 45.173557], [-62.7842, 45.166976]]]}, "properties": {"OBJECTID": 10, "GSA_KEY": 11, "FCODE": "GSAPOLY", "GSA_NAME": "PLEASANT VALLEY", "MUN_CODE": "HRM", "GSA_REM": " ", "SOURCE": "DM", "DATE_ACT": 980899200000, "SYS_DATE": 1505692800000, "GLOBALID": "60edd123-1e9c-4c7a-ae65-fc18e2271265", "Shape__Area": 361433598.82421875, "Shape__Length": 119773.14333423425}}, {"type": "Feature", "id": 11, "geometry": {"type": "Polygon", "coordinates": [[[-62.483788, 45.15381], [-62.409786, 45.114103], [-62.424862, 45.109397], [-62.454276, 45.093819], [-62.462444, 45.082568], [-62.473145, 45.070182], [-62.485372, 45.064256], [-62.484482, 45.061618], [-62.489324, 45.060757], [-62.489508, 45.061466], [-62.493824, 45.060655], [-62.493634, 45.059973], [-62.496547, 45.059547], [-62.496191, 45.058772], [-62.501408, 45.057583], [-62.502218, 45.055983], [-62.50727, 45.054495], [-62.507866, 45.054502], [-62.507955, 45.054265], [-62.507981, 45.053981], [-62.507946, 45.053723], [-62.508087, 45.053428], [-62.508379, 45.053322], [-62.509803, 45.05383], [-62.510031, 45.055045], [-62.516251, 45.074056], [-62.530279, 45.103051], [-62.553505, 45.105837], [-62.557071, 45.124458], [-62.550981, 45.126282], [-62.548722, 45.122388], [-62.542865, 45.123913], [-62.537985, 45.11526], [-62.52713, 45.11804], [-62.530084, 45.123347], [-62.53054, 45.123686], [-62.531694, 45.124036], [-62.532298, 45.124541], [-62.534272, 45.125144], [-62.535996, 45.125448], [-62.536581, 45.125788], [-62.537105, 45.126348], [-62.537734, 45.12689], [-62.538781, 45.127348], [-62.539917, 45.127441], [-62.540633, 45.12771], [-62.541996, 45.128008], [-62.543162, 45.127992], [-62.543542, 45.128237], [-62.543836, 45.128737], [-62.544854, 45.129268], [-62.545768, 45.129815], [-62.547408, 45.13109], [-62.547905, 45.131703], [-62.548563, 45.132173], [-62.549173, 45.132532], [-62.549711, 45.132688], [-62.549888, 45.132819], [-62.549594, 45.133089], [-62.549475, 45.133545], [-62.549429, 45.134131], [-62.54956, 45.134849], [-62.550044, 45.135847], [-62.541061, 45.13718], [-62.540152, 45.1365], [-62.536877, 45.138892], [-62.535771, 45.135064], [-62.517009, 45.137838], [-62.516487, 45.135264], [-62.512092, 45.135852], [-62.513127, 45.140797], [-62.512467, 45.140906], [-62.513938, 45.146356], [-62.511508, 45.146674], [-62.512676, 45.151195], [-62.499963, 45.153296], [-62.494198, 45.154192], [-62.493592, 45.152276], [-62.483788, 45.15381]]]}, "properties": {"OBJECTID": 11, "GSA_KEY": 12, "FCODE": "GSAPOLY", "GSA_NAME": "LISCOMB SANCTUARY", "MUN_CODE": "HRM", "GSA_REM": " ", "SOURCE": "CR", "DATE_ACT": 980899200000, "SYS_DATE": null, "GLOBALID": "0756bee8-0acd-4d94-b2a9-d80a2097255d", "Shape__Area": 126291448.33984375, "Shape__Length": 60667.39064893182}}, {"type": "Feature", "id": 12, "geometry": {"type": "Polygon", "coordinates": [[[-63.056387, 45.137775], [-63.002739, 45.157119], [-63.000262, 45.154402], [-62.99499, 45.156891], [-62.991792, 45.154221], [-62.990398, 45.154931], [-62.987554, 45.152116], [-62.989736, 45.15121], [-62.988235, 45.149691], [-62.990145, 45.148874], [-62.986642, 45.14541], [-62.987878, 45.144813], [-62.983218, 45.140168], [-62.982375, 45.140516], [-62.97534, 45.133471], [-62.976338, 45.13299], [-62.971911, 45.12839], [-62.971941, 45.128354], [-62.971835, 45.128203], [-62.971727, 45.128208], [-62.970441, 45.126756], [-62.967715, 45.124074], [-62.968184, 45.12414], [-62.968387, 45.124237], [-62.968552, 45.124376], [-62.968656, 45.124556], [-62.96872, 45.124873], [-62.968873, 45.125004], [-62.969137, 45.125059], [-62.969609, 45.125031], [-62.970664, 45.124865], [-62.97103, 45.124716], [-62.971387, 45.124465], [-62.971647, 45.124212], [-62.971741, 45.123854], [-62.97168, 45.123417], [-62.971128, 45.123316], [-62.970913, 45.123202], [-62.970407, 45.122272], [-62.970459, 45.122145], [-62.971062, 45.121717], [-62.971129, 45.12147], [-62.971098, 45.121247], [-62.971017, 45.121135], [-62.970825, 45.121081], [-62.970379, 45.121076], [-62.969887, 45.120966], [-62.969793, 45.120871], [-62.969797, 45.120717], [-62.969934, 45.120565], [-62.970333, 45.120511], [-62.971426, 45.120739], [-62.971559, 45.120732], [-62.971705, 45.120674], [-62.971782, 45.120496], [-62.971751, 45.120325], [-62.971205, 45.119984], [-62.970977, 45.119904], [-62.970592, 45.119882], [-62.970169, 45.119902], [-62.96932, 45.120036], [-62.969185, 45.120136], [-62.969095, 45.120323], [-62.968985, 45.12039], [-62.968803, 45.120413], [-62.968347, 45.120313], [-62.967749, 45.1201], [-62.967695, 45.119877], [-62.967693, 45.119501], [-62.967756, 45.119391], [-62.968228, 45.119346], [-62.968411, 45.11928], [-62.968709, 45.118951], [-62.969391, 45.117823], [-62.969808, 45.117598], [-62.971063, 45.117162], [-62.971574, 45.116536], [-62.97198, 45.116277], [-62.972601, 45.116037], [-62.972701, 45.11591], [-62.97264, 45.115482], [-62.972815, 45.115288], [-62.974568, 45.114713], [-62.974741, 45.114579], [-62.974744, 45.114451], [-62.974868, 45.114333], [-62.975194, 45.114311], [-62.975658, 45.114574], [-62.976212, 45.114641], [-62.977073, 45.114473], [-62.977334, 45.114169], [-62.977628, 45.114045], [-62.977954, 45.114023], [-62.978301, 45.114139], [-62.978724, 45.114581], [-62.97932, 45.114845], [-62.980158, 45.115574], [-62.980846, 45.116019], [-62.981025, 45.116115], [-62.981229, 45.116152], [-62.981471, 45.11613], [-62.982181, 45.115763], [-62.983256, 45.11482], [-62.983609, 45.11468], [-62.98457, 45.114419], [-62.98479, 45.114302], [-62.985459, 45.11367], [-62.985666, 45.113588], [-62.986368, 45.11352], [-62.987436, 45.113295], [-62.988477, 45.113198], [-62.98986, 45.112908], [-62.991048, 45.11318], [-62.991422, 45.113194], [-62.991812, 45.113028], [-62.992048, 45.112766], [-62.992116, 45.112511], [-62.992121, 45.112289], [-62.991996, 45.111996], [-62.992008, 45.111544], [-62.99214, 45.111135], [-62.992278, 45.110923], [-62.993257, 45.110406], [-62.993608, 45.110385], [-62.994222, 45.110445], [-62.994398, 45.110626], [-62.99472, 45.110767], [-62.99618, 45.110804], [-62.996621, 45.11098], [-62.997137, 45.111107], [-62.997523, 45.111121], [-62.99807, 45.110957], [-62.998992, 45.110328], [-62.999621, 45.109815], [-63.000407, 45.108851], [-63.001071, 45.108372], [-63.002043, 45.108129], [-63.004109, 45.107096], [-63.005395, 45.106865], [-63.005967, 45.106676], [-63.007212, 45.106137], [-63.008194, 45.10597], [-63.008799, 45.105884], [-63.009355, 45.105874], [-63.011185, 45.106043], [-63.011583, 45.10604], [-63.011911, 45.105976], [-63.012192, 45.105817], [-63.015087, 45.103112], [-63.015434, 45.102732], [-63.015816, 45.10242], [-63.016328, 45.102247], [-63.016713, 45.101817], [-63.01747, 45.101476], [-63.017644, 45.10129], [-63.017624, 45.101111], [-63.017403, 45.100792], [-63.017407, 45.100638], [-63.017875, 45.100276], [-63.018123, 45.100006], [-63.018418, 45.099822], [-63.018647, 45.099816], [-63.018825, 45.099921], [-63.018827, 45.100306], [-63.018921, 45.100427], [-63.019077, 45.100454], [-63.019417, 45.100382], [-63.019746, 45.100232], [-63.019968, 45.100064], [-63.020305, 45.09918], [-63.020551, 45.098986], [-63.021014, 45.098796], [-63.021487, 45.098716], [-63.021885, 45.098747], [-63.023384, 45.099074], [-63.025061, 45.098173], [-63.02702, 45.097309], [-63.040326, 45.1113], [-63.034155, 45.114584], [-63.043994, 45.124757], [-63.056387, 45.137775]]]}, "properties": {"OBJECTID": 12, "GSA_KEY": 13, "FCODE": "GSAPOLY", "GSA_NAME": "GREENWOOD", "MUN_CODE": "HRM", "GSA_REM": " ", "SOURCE": "DM", "DATE_ACT": 980899200000, "SYS_DATE": null, "GLOBALID": "77432e40-fbf1-4df1-b4f4-53bcf1abd9d4", "Shape__Area": 51828817.1015625, "Shape__Length": 34218.81358080765}}, {"type": "Feature", "id": 13, "geometry": {"type": "Polygon", "coordinates": [[[-62.893012, 45.143624], [-62.888728, 45.137908], [-62.888481, 45.138209], [-62.888472, 45.138388], [-62.888412, 45.138516], [-62.888469, 45.138784], [-62.88819, 45.138814], [-62.888021, 45.138654], [-62.887868, 45.138629], [-62.887463, 45.138688], [-62.887086, 45.138873], [-62.886499, 45.13879], [-62.886194, 45.138793], [-62.886055, 45.138867], [-62.885699, 45.139375], [-62.885486, 45.139486], [-62.885281, 45.139416], [-62.885002, 45.139456], [-62.884777, 45.13963], [-62.884691, 45.139775], [-62.884578, 45.139812], [-62.884107, 45.1398], [-62.883966, 45.139756], [-62.883505, 45.140141], [-62.883522, 45.140266], [-62.883586, 45.140346], [-62.884051, 45.140646], [-62.884355, 45.141083], [-62.884551, 45.14128], [-62.884856, 45.141834], [-62.884927, 45.142165], [-62.885106, 45.142199], [-62.885609, 45.142482], [-62.885666, 45.142733], [-62.885538, 45.143238], [-62.885006, 45.143316], [-62.885015, 45.143155], [-62.884935, 45.142984], [-62.884339, 45.142532], [-62.883917, 45.142439], [-62.883887, 45.142233], [-62.883755, 45.142045], [-62.883445, 45.14185], [-62.883314, 45.141699], [-62.882863, 45.14147], [-62.882641, 45.141204], [-62.882619, 45.140827], [-62.882691, 45.140663], [-62.88361, 45.139734], [-62.884029, 45.13918], [-62.884609, 45.138984], [-62.884825, 45.138972], [-62.884992, 45.139051], [-62.885118, 45.139004], [-62.885505, 45.138757], [-62.885572, 45.138334], [-62.886581, 45.137997], [-62.8879, 45.137342], [-62.888632, 45.137117], [-62.889005, 45.13677], [-62.889997, 45.136227], [-62.890145, 45.136082], [-62.890575, 45.13595], [-62.890623, 45.135879], [-62.890581, 45.135681], [-62.890321, 45.135459], [-62.890254, 45.135307], [-62.890573, 45.135338], [-62.891154, 45.135727], [-62.891538, 45.13584], [-62.891614, 45.135803], [-62.891912, 45.135539], [-62.891984, 45.135367], [-62.891862, 45.135027], [-62.891602, 45.134813], [-62.891483, 45.134608], [-62.891493, 45.1345], [-62.891768, 45.134298], [-62.891837, 45.134019], [-62.892283, 45.13404], [-62.892413, 45.134183], [-62.892416, 45.134308], [-62.892546, 45.134416], [-62.89259, 45.134648], [-62.892976, 45.134823], [-62.893179, 45.134812], [-62.893048, 45.134131], [-62.893096, 45.134031], [-62.893298, 45.133946], [-62.893229, 45.13321], [-62.893289, 45.133092], [-62.893786, 45.133113], [-62.894547, 45.133058], [-62.894675, 45.133093], [-62.894911, 45.133379], [-62.894942, 45.133594], [-62.895154, 45.133951], [-62.895756, 45.134114], [-62.895932, 45.134076], [-62.896068, 45.133931], [-62.896348, 45.133396], [-62.897339, 45.133375], [-62.897541, 45.133292], [-62.897776, 45.133056], [-62.8979, 45.132388], [-62.897735, 45.132151], [-62.887883, 45.127406], [-62.888006, 45.127253], [-62.890359, 45.125001], [-62.896136, 45.119331], [-62.896108, 45.119257], [-62.896456, 45.119123], [-62.896654, 45.119694], [-62.896886, 45.120127], [-62.897427, 45.120753], [-62.89805, 45.12037], [-62.898637, 45.120755], [-62.898017, 45.12114], [-62.898545, 45.121351], [-62.899595, 45.121587], [-62.900602, 45.121578], [-62.900859, 45.121553], [-62.900717, 45.121018], [-62.901931, 45.12105], [-62.902345, 45.120283], [-62.902202, 45.120073], [-62.919414, 45.101588], [-62.929383, 45.10537], [-62.924527, 45.110781], [-62.924716, 45.110973], [-62.915021, 45.121919], [-62.91711, 45.12083], [-62.917871, 45.120505], [-62.918678, 45.120243], [-62.918808, 45.120624], [-62.919615, 45.121844], [-62.919842, 45.121791], [-62.92107, 45.124297], [-62.920599, 45.124355], [-62.919697, 45.124327], [-62.918956, 45.124493], [-62.917643, 45.124672], [-62.921142, 45.12827], [-62.910113, 45.133735], [-62.916073, 45.13967], [-62.913897, 45.14078], [-62.914348, 45.141247], [-62.909117, 45.143864], [-62.91112, 45.148268], [-62.90046, 45.153596], [-62.893012, 45.143624]]]}, "properties": {"OBJECTID": 13, "GSA_KEY": 14, "FCODE": "GSAPOLY", "GSA_NAME": "MILL LAKE", "MUN_CODE": "HRM", "GSA_REM": " ", "SOURCE": "DM", "DATE_ACT": 980899200000, "SYS_DATE": 1572220800000, "GLOBALID": "0572c1a4-dc0d-4816-b9ff-1ad623fdad20", "Shape__Area": 15989324.34765625, "Shape__Length": 28346.14738380285}}, {"type": "Feature", "id": 14, "geometry": {"type": "Polygon", "coordinates": [[[-63.027534, 45.097849], [-63.02702, 45.097309], [-63.027317, 45.097245], [-63.027981, 45.097245], [-63.028785, 45.097401], [-63.029658, 45.097241], [-63.031094, 45.096764], [-63.032171, 45.096162], [-63.032573, 45.096022], [-63.0329, 45.095966], [-63.033246, 45.096133], [-63.033386, 45.096785], [-63.033575, 45.096941], [-63.033778, 45.097012], [-63.034164, 45.097051], [-63.034483, 45.096816], [-63.034673, 45.096485], [-63.03464, 45.096348], [-63.03438, 45.096122], [-63.034268, 45.095813], [-63.034428, 45.09567], [-63.035385, 45.09552], [-63.035863, 45.095218], [-63.036336, 45.095122], [-63.036638, 45.095134], [-63.037129, 45.095251], [-63.03759, 45.09518], [-63.037773, 45.09508], [-63.038796, 45.095187], [-63.040551, 45.095458], [-63.041382, 45.09552], [-63.042132, 45.095435], [-63.04257, 45.095304], [-63.042873, 45.094752], [-63.043097, 45.094524], [-63.043466, 45.094213], [-63.04387, 45.094004], [-63.044031, 45.093844], [-63.044188, 45.093367], [-63.044434, 45.093157], [-63.045136, 45.09308], [-63.046991, 45.093224], [-63.047163, 45.093072], [-63.047171, 45.092782], [-63.047248, 45.092595], [-63.049383, 45.091177], [-63.049932, 45.090928], [-63.050478, 45.090824], [-63.050876, 45.090829], [-63.051534, 45.091025], [-63.052087, 45.091118], [-63.054357, 45.091061], [-63.056291, 45.090932], [-63.057033, 45.090685], [-63.058255, 45.090068], [-63.059852, 45.089404], [-63.060925, 45.08846], [-63.06105, 45.088291], [-63.060873, 45.087665], [-63.060619, 45.087183], [-63.060606, 45.086773], [-63.060758, 45.086467], [-63.061199, 45.086199], [-63.062621, 45.085553], [-63.059756, 45.082612], [-63.062213, 45.081377], [-63.063236, 45.082368], [-63.063739, 45.082325], [-63.063778, 45.082015], [-63.064012, 45.081554], [-63.064778, 45.08039], [-63.065691, 45.081234], [-63.072432, 45.0773], [-63.08294, 45.072], [-63.088636, 45.06888], [-63.088931, 45.067223], [-63.089695, 45.064034], [-63.092102, 45.05963], [-63.099729, 45.060801], [-63.100627, 45.059921], [-63.100911, 45.059708], [-63.101187, 45.059352], [-63.10138, 45.059237], [-63.101685, 45.059205], [-63.101453, 45.059355], [-63.101465, 45.059409], [-63.102349, 45.059069], [-63.103102, 45.058898], [-63.103852, 45.058862], [-63.104518, 45.058627], [-63.104802, 45.058451], [-63.104959, 45.058246], [-63.105039, 45.058094], [-63.105048, 45.057734], [-63.105117, 45.057514], [-63.10746, 45.060085], [-63.108202, 45.060657], [-63.108542, 45.061025], [-63.109905, 45.062287], [-63.109853, 45.062479], [-63.114645, 45.067529], [-63.118109, 45.070793], [-63.125535, 45.067224], [-63.131595, 45.073227], [-63.124218, 45.076896], [-63.129173, 45.082048], [-63.124017, 45.084776], [-63.136201, 45.096566], [-63.125729, 45.101841], [-63.12966, 45.111292], [-63.056387, 45.137775], [-63.043994, 45.124757], [-63.034155, 45.114584], [-63.040326, 45.1113], [-63.027534, 45.097849]]]}, "properties": {"OBJECTID": 14, "GSA_KEY": 15, "FCODE": "GSAPOLY", "GSA_NAME": "ELMSVALE", "MUN_CODE": "HRM", "GSA_REM": " ", "SOURCE": "CR", "DATE_ACT": 980899200000, "SYS_DATE": 1436313600000, "GLOBALID": "4692a237-c0ef-48df-9e2a-11b9bb3c3ce6", "Shape__Area": 82025968.4453125, "Shape__Length": 43342.477289309936}}, {"type": "Feature", "id": 15, "geometry": {"type": "Polygon", "coordinates": [[[-62.657072, 45.066429], [-62.656289, 45.068174], [-62.656053, 45.068194], [-62.656042, 45.068266], [-62.655777, 45.06835], [-62.655357, 45.068318], [-62.653268, 45.069244], [-62.648507, 45.071206], [-62.648611, 45.071348], [-62.648627, 45.071492], [-62.648515, 45.071618], [-62.647946, 45.071732], [-62.647743, 45.071734], [-62.647411, 45.071647], [-62.616828, 45.086898], [-62.614203, 45.091041], [-62.609531, 45.089558], [-62.609133, 45.090977], [-62.608122, 45.093995], [-62.607711, 45.094015], [-62.607371, 45.094126], [-62.607353, 45.10012], [-62.60726, 45.101871], [-62.594428, 45.10163], [-62.594464, 45.100946], [-62.582318, 45.105761], [-62.583356, 45.107836], [-62.584381, 45.110303], [-62.587852, 45.115247], [-62.557071, 45.124458], [-62.553505, 45.105837], [-62.530279, 45.103051], [-62.516251, 45.074056], [-62.510031, 45.055045], [-62.509803, 45.05383], [-62.508379, 45.053322], [-62.508087, 45.053428], [-62.507946, 45.053723], [-62.507981, 45.053981], [-62.507955, 45.054265], [-62.507866, 45.054502], [-62.50727, 45.054495], [-62.502218, 45.055983], [-62.501408, 45.057583], [-62.496191, 45.058772], [-62.496547, 45.059547], [-62.493634, 45.059973], [-62.493824, 45.060655], [-62.489508, 45.061466], [-62.489324, 45.060757], [-62.484482, 45.061618], [-62.485372, 45.064256], [-62.473145, 45.070182], [-62.462444, 45.082568], [-62.454276, 45.093819], [-62.424862, 45.109397], [-62.409786, 45.114103], [-62.334359, 45.073525], [-62.342713, 45.07126], [-62.336651, 45.060524], [-62.342717, 45.058968], [-62.340844, 45.055485], [-62.351327, 45.052627], [-62.355292, 45.059747], [-62.363013, 45.057678], [-62.360334, 45.053009], [-62.365354, 45.051601], [-62.366394, 45.051176], [-62.371504, 45.049483], [-62.369676, 45.046862], [-62.365676, 45.039767], [-62.370694, 45.038379], [-62.367536, 45.032662], [-62.378282, 45.029574], [-62.375853, 45.025462], [-62.385434, 45.022612], [-62.388939, 45.02811], [-62.409576, 45.02227], [-62.409204, 45.021647], [-62.408946, 45.021548], [-62.408833, 45.021423], [-62.40863, 45.021018], [-62.408741, 45.020373], [-62.408672, 45.018675], [-62.40797, 45.016473], [-62.407738, 45.014495], [-62.406975, 45.012754], [-62.407146, 45.010444], [-62.407519, 45.00857], [-62.408252, 45.007535], [-62.408867, 45.007107], [-62.407992, 45.005576], [-62.41258, 45.004108], [-62.41059, 45.000633], [-62.411859, 45.000271], [-62.412035, 44.999644], [-62.41189, 44.998855], [-62.412531, 44.997825], [-62.414608, 44.997679], [-62.417577, 44.996754], [-62.423262, 44.992325], [-62.428959, 44.986126], [-62.433166, 44.991324], [-62.435395, 44.993269], [-62.439903, 44.995293], [-62.440717, 44.994833], [-62.450066, 44.992662], [-62.454703, 45.000425], [-62.469676, 44.996368], [-62.479204, 44.99306], [-62.480762, 44.992364], [-62.480944, 44.99266], [-62.480991, 44.99312], [-62.481082, 44.99341], [-62.481485, 44.994029], [-62.484837, 44.994061], [-62.484843, 44.995631], [-62.484506, 44.996007], [-62.484242, 44.996673], [-62.48365, 44.997504], [-62.483596, 44.997851], [-62.483459, 44.998107], [-62.483477, 44.998536], [-62.483563, 44.998981], [-62.483477, 44.999281], [-62.483267, 44.99962], [-62.483611, 45.000042], [-62.483772, 45.000485], [-62.482855, 45.004728], [-62.488236, 45.004893], [-62.489816, 45.004504], [-62.492167, 45.003086], [-62.494888, 45.00369], [-62.496034, 45.004543], [-62.497348, 45.004982], [-62.500926, 45.011751], [-62.501271, 45.011875], [-62.501311, 45.012072], [-62.501226, 45.012234], [-62.501265, 45.012288], [-62.501342, 45.012332], [-62.501671, 45.012293], [-62.50223, 45.012351], [-62.502804, 45.012553], [-62.503046, 45.012551], [-62.503326, 45.012629], [-62.503416, 45.012683], [-62.503598, 45.012942], [-62.504136, 45.013408], [-62.505467, 45.013891], [-62.505794, 45.014435], [-62.50616, 45.014733], [-62.506346, 45.015012], [-62.506611, 45.01528], [-62.506628, 45.015557], [-62.506827, 45.016196], [-62.507273, 45.01684], [-62.507712, 45.017279], [-62.508156, 45.017838], [-62.508793, 45.018912], [-62.509107, 45.019224], [-62.509394, 45.019625], [-62.509922, 45.020146], [-62.510245, 45.020312], [-62.510682, 45.020416], [-62.511042, 45.020712], [-62.511342, 45.020804], [-62.511593, 45.020631], [-62.511926, 45.0203], [-62.512183, 45.020252], [-62.512399, 45.020301], [-62.513068, 45.019761], [-62.513874, 45.019376], [-62.514601, 45.01891], [-62.514701, 45.018802], [-62.514745, 45.01846], [-62.514881, 45.018243], [-62.514875, 45.017847], [-62.514987, 45.017755], [-62.515163, 45.017681], [-62.515468, 45.01767], [-62.515877, 45.017837], [-62.516698, 45.017668], [-62.516954, 45.017755], [-62.51716, 45.017953], [-62.51708, 45.018438], [-62.516637, 45.018505], [-62.516537, 45.01857], [-62.516526, 45.018668], [-62.516821, 45.018865], [-62.51681, 45.019008], [-62.516613, 45.019298], [-62.516592, 45.019533], [-62.516828, 45.019971], [-62.516845, 45.02016], [-62.517091, 45.020428], [-62.517281, 45.020479], [-62.517419, 45.020406], [-62.517799, 45.020376], [-62.518612, 45.020404], [-62.520292, 45.021406], [-62.521502, 45.020936], [-62.52225, 45.02093], [-62.522954, 45.021266], [-62.523329, 45.021622], [-62.523512, 45.021944], [-62.524385, 45.021802], [-62.525059, 45.021877], [-62.525464, 45.021837], [-62.525603, 45.021764], [-62.525831, 45.021762], [-62.525994, 45.021652], [-62.525919, 45.021024], [-62.526078, 45.020734], [-62.526149, 45.020437], [-62.526478, 45.020325], [-62.526694, 45.020332], [-62.527116, 45.020517], [-62.528079, 45.020464], [-62.528369, 45.020371], [-62.529149, 45.019968], [-62.529645, 45.020062], [-62.52989, 45.020267], [-62.530313, 45.020488], [-62.530974, 45.020581], [-62.531753, 45.020853], [-62.53221, 45.020876], [-62.532754, 45.020808], [-62.53305, 45.021031], [-62.533216, 45.021056], [-62.533899, 45.020924], [-62.534368, 45.020929], [-62.534916, 45.021032], [-62.535607, 45.021358], [-62.536065, 45.021435], [-62.537243, 45.021326], [-62.53746, 45.021378], [-62.538039, 45.021867], [-62.538613, 45.022015], [-62.538908, 45.022174], [-62.539065, 45.022452], [-62.539452, 45.022772], [-62.539724, 45.023059], [-62.539867, 45.02329], [-62.539996, 45.02337], [-62.540069, 45.023227], [-62.54017, 45.023225], [-62.540198, 45.023359], [-62.540521, 45.023698], [-62.540814, 45.023723], [-62.541353, 45.024078], [-62.541702, 45.024373], [-62.541741, 45.024443], [-62.541666, 45.024526], [-62.541658, 45.024768], [-62.541404, 45.02477], [-62.541203, 45.024854], [-62.541333, 45.025042], [-62.541361, 45.025176], [-62.541503, 45.025319], [-62.541534, 45.025651], [-62.541929, 45.025719], [-62.542419, 45.026103], [-62.542472, 45.026272], [-62.5424, 45.026517], [-62.542635, 45.026856], [-62.543262, 45.027147], [-62.543807, 45.027845], [-62.543784, 45.027925], [-62.543606, 45.027909], [-62.543101, 45.027365], [-62.542614, 45.027126], [-62.542587, 45.02701], [-62.542177, 45.026806], [-62.542035, 45.026663], [-62.542032, 45.026502], [-62.541868, 45.026566], [-62.541703, 45.026567], [-62.541393, 45.026958], [-62.541421, 45.027066], [-62.541561, 45.027172], [-62.541488, 45.027325], [-62.541619, 45.027541], [-62.541627, 45.027964], [-62.541731, 45.028124], [-62.541884, 45.028169], [-62.541916, 45.028456], [-62.542033, 45.028653], [-62.54196, 45.028879], [-62.541886, 45.02896], [-62.541773, 45.029024], [-62.541469, 45.029035], [-62.541369, 45.029127], [-62.54141, 45.029261], [-62.541628, 45.029404], [-62.541644, 45.029601], [-62.541241, 45.029767], [-62.541245, 45.029965], [-62.541386, 45.030045], [-62.5413, 45.030234], [-62.541465, 45.030233], [-62.541455, 45.030367], [-62.541889, 45.030508], [-62.541966, 45.030571], [-62.542007, 45.030722], [-62.541895, 45.03084], [-62.541428, 45.031043], [-62.541395, 45.031286], [-62.541602, 45.031509], [-62.54183, 45.031489], [-62.542025, 45.031749], [-62.541989, 45.031856], [-62.541777, 45.032056], [-62.541643, 45.032318], [-62.540659, 45.032651], [-62.540534, 45.032771], [-62.540511, 45.032879], [-62.540615, 45.033021], [-62.541073, 45.033133], [-62.54133, 45.033267], [-62.541614, 45.033569], [-62.541908, 45.033666], [-62.542025, 45.033836], [-62.542202, 45.03379], [-62.542122, 45.033566], [-62.542259, 45.033447], [-62.542256, 45.03325], [-62.542592, 45.03223], [-62.542766, 45.032002], [-62.542893, 45.031983], [-62.543358, 45.031727], [-62.543522, 45.031698], [-62.543558, 45.031627], [-62.543365, 45.03143], [-62.543439, 45.031321], [-62.544329, 45.031412], [-62.544458, 45.031519], [-62.544572, 45.031482], [-62.544712, 45.031507], [-62.544982, 45.031721], [-62.545592, 45.031778], [-62.545604, 45.031715], [-62.545132, 45.031576], [-62.544914, 45.031434], [-62.544909, 45.031192], [-62.544945, 45.03111], [-62.545084, 45.031036], [-62.545453, 45.031087], [-62.545606, 45.031157], [-62.545865, 45.031434], [-62.546198, 45.031602], [-62.546303, 45.031754], [-62.546506, 45.031752], [-62.546712, 45.031948], [-62.547223, 45.032105], [-62.547558, 45.032381], [-62.547864, 45.032477], [-62.548095, 45.032619], [-62.54845, 45.032589], [-62.54886, 45.03281], [-62.54931, 45.03313], [-62.549769, 45.033243], [-62.550639, 45.033649], [-62.55109, 45.034014], [-62.551848, 45.034493], [-62.552767, 45.03479], [-62.552871, 45.034888], [-62.55328, 45.035055], [-62.553295, 45.035199], [-62.553209, 45.035327], [-62.553273, 45.035397], [-62.553797, 45.035582], [-62.554227, 45.03547], [-62.555132, 45.035704], [-62.555603, 45.035754], [-62.556033, 45.035714], [-62.555877, 45.035464], [-62.555809, 45.035213], [-62.555652, 45.034981], [-62.555662, 45.034179], [-62.555489, 45.033668], [-62.555129, 45.033454], [-62.554518, 45.03337], [-62.55439, 45.033273], [-62.554363, 45.033193], [-62.554628, 45.033144], [-62.554422, 45.032949], [-62.554381, 45.032832], [-62.554764, 45.032954], [-62.555106, 45.032915], [-62.555642, 45.033063], [-62.555963, 45.033249], [-62.556032, 45.03351], [-62.556134, 45.033616], [-62.556249, 45.03366], [-62.556388, 45.033587], [-62.556503, 45.033658], [-62.556616, 45.033576], [-62.556694, 45.033648], [-62.556722, 45.033827], [-62.556812, 45.033907], [-62.556925, 45.033843], [-62.55704, 45.03386], [-62.557538, 45.034017], [-62.55768, 45.034133], [-62.557858, 45.034186], [-62.557813, 45.034493], [-62.55784, 45.034599], [-62.558007, 45.034661], [-62.558098, 45.034813], [-62.558444, 45.03498], [-62.558588, 45.035195], [-62.558753, 45.035203], [-62.558877, 45.035103], [-62.558876, 45.034969], [-62.55832, 45.034406], [-62.558175, 45.034147], [-62.557982, 45.034004], [-62.557955, 45.033905], [-62.557684, 45.03371], [-62.557141, 45.03313], [-62.556709, 45.033143], [-62.556399, 45.032813], [-62.556357, 45.032607], [-62.555947, 45.032385], [-62.55568, 45.032351], [-62.555678, 45.032235], [-62.555406, 45.031967], [-62.555417, 45.031887], [-62.555618, 45.031758], [-62.556313, 45.031626], [-62.556554, 45.031587], [-62.556847, 45.03163], [-62.55721, 45.031392], [-62.557388, 45.031391], [-62.558193, 45.031707], [-62.558525, 45.031785], [-62.558893, 45.031782], [-62.559447, 45.031588], [-62.559711, 45.031423], [-62.560095, 45.030898], [-62.560522, 45.030678], [-62.560583, 45.03057], [-62.560604, 45.030318], [-62.560703, 45.030172], [-62.561017, 45.029971], [-62.56185, 45.029765], [-62.562099, 45.029475], [-62.562627, 45.0292], [-62.562776, 45.029047], [-62.562994, 45.028487], [-62.56312, 45.028404], [-62.563814, 45.02819], [-62.564536, 45.028121], [-62.56464, 45.028265], [-62.564684, 45.028543], [-62.56485, 45.028658], [-62.565218, 45.028654], [-62.565446, 45.028598], [-62.565687, 45.028623], [-62.566371, 45.028526], [-62.566463, 45.028689], [-62.566482, 45.028994], [-62.56661, 45.029109], [-62.566814, 45.029171], [-62.566779, 45.029315], [-62.566577, 45.029406], [-62.566578, 45.029451], [-62.567445, 45.029659], [-62.567602, 45.029919], [-62.568129, 45.030274], [-62.568628, 45.030503], [-62.568831, 45.030483], [-62.569271, 45.030245], [-62.569816, 45.030213], [-62.569889, 45.030068], [-62.570132, 45.030129], [-62.570064, 45.029933], [-62.570291, 45.029805], [-62.570382, 45.02992], [-62.570764, 45.029988], [-62.571154, 45.02984], [-62.571547, 45.029828], [-62.572034, 45.030075], [-62.57239, 45.030117], [-62.572408, 45.030379], [-62.572474, 45.030495], [-62.572833, 45.03069], [-62.572847, 45.030787], [-62.573004, 45.031039], [-62.573024, 45.031425], [-62.573526, 45.031781], [-62.573527, 45.031879], [-62.574163, 45.032611], [-62.574859, 45.033189], [-62.575142, 45.033368], [-62.575156, 45.033466], [-62.575061, 45.033782], [-62.57522, 45.034131], [-62.575888, 45.03461], [-62.576084, 45.034889], [-62.576125, 45.035059], [-62.576103, 45.035275], [-62.575855, 45.035565], [-62.575415, 45.035785], [-62.575161, 45.035778], [-62.574331, 45.03548], [-62.574313, 45.035193], [-62.57408, 45.034987], [-62.574066, 45.034899], [-62.574145, 45.034394], [-62.574138, 45.033962], [-62.574059, 45.033854], [-62.57388, 45.033792], [-62.573569, 45.034102], [-62.573379, 45.034842], [-62.573293, 45.034959], [-62.572939, 45.035043], [-62.572184, 45.035383], [-62.571893, 45.035441], [-62.572038, 45.035736], [-62.572469, 45.035704], [-62.572531, 45.035614], [-62.572595, 45.035605], [-62.572676, 45.035874], [-62.573062, 45.036158], [-62.573784, 45.036124], [-62.574344, 45.036209], [-62.574718, 45.036484], [-62.57485, 45.036763], [-62.575031, 45.036958], [-62.575224, 45.037064], [-62.575721, 45.037177], [-62.576752, 45.036681], [-62.577676, 45.036564], [-62.578396, 45.037026], [-62.579162, 45.037244], [-62.579139, 45.037405], [-62.579242, 45.037478], [-62.579206, 45.037631], [-62.579046, 45.037829], [-62.578858, 45.037957], [-62.578699, 45.038283], [-62.578486, 45.038457], [-62.578528, 45.038582], [-62.578682, 45.038725], [-62.578722, 45.03885], [-62.578662, 45.039085], [-62.57843, 45.039555], [-62.578231, 45.039746], [-62.578475, 45.039868], [-62.57872, 45.040073], [-62.57885, 45.040279], [-62.578789, 45.040415], [-62.578677, 45.040506], [-62.5785, 45.040525], [-62.578346, 45.040419], [-62.578342, 45.040266], [-62.577617, 45.040156], [-62.577403, 45.04024], [-62.577006, 45.040719], [-62.576479, 45.041057], [-62.576456, 45.041174], [-62.576635, 45.041236], [-62.577395, 45.041166], [-62.577582, 45.041002], [-62.578038, 45.04097], [-62.578478, 45.040705], [-62.579185, 45.04051], [-62.579632, 45.04065], [-62.580732, 45.040432], [-62.580948, 45.04043], [-62.581554, 45.040271], [-62.581999, 45.040321], [-62.582192, 45.040464], [-62.582114, 45.041022], [-62.581837, 45.041151], [-62.581634, 45.04117], [-62.581598, 45.041244], [-62.581975, 45.04169], [-62.582093, 45.041914], [-62.582246, 45.041993], [-62.582614, 45.041989], [-62.582832, 45.042068], [-62.583091, 45.042328], [-62.583118, 45.042461], [-62.583059, 45.042669], [-62.583124, 45.042758], [-62.583871, 45.043336], [-62.584282, 45.043575], [-62.584845, 45.043813], [-62.585353, 45.043853], [-62.585864, 45.044019], [-62.586448, 45.044094], [-62.587439, 45.044049], [-62.588317, 45.043492], [-62.588503, 45.043283], [-62.588781, 45.04319], [-62.58906, 45.043188], [-62.58911, 45.043151], [-62.589045, 45.043062], [-62.58884, 45.042974], [-62.588205, 45.042926], [-62.587617, 45.042724], [-62.58664, 45.042752], [-62.58637, 45.042583], [-62.585629, 45.042329], [-62.585121, 45.042325], [-62.5839, 45.042184], [-62.583146, 45.041894], [-62.582799, 45.041655], [-62.582757, 45.041512], [-62.583136, 45.041381], [-62.583655, 45.041286], [-62.584088, 45.041381], [-62.584204, 45.041461], [-62.584482, 45.041404], [-62.585029, 45.04148], [-62.586309, 45.041387], [-62.586854, 45.041639], [-62.597008, 45.030679], [-62.592688, 45.0287], [-62.598297, 45.022743], [-62.605957, 45.026498], [-62.612933, 45.029252], [-62.620614, 45.032029], [-62.62084, 45.032513], [-62.61477, 45.034031], [-62.619374, 45.041954], [-62.624797, 45.051498], [-62.639551, 45.047131], [-62.640445, 45.047755], [-62.640514, 45.047977], [-62.640644, 45.048137], [-62.640811, 45.048226], [-62.640869, 45.048051], [-62.646658, 45.0521], [-62.644738, 45.052614], [-62.648623, 45.05959], [-62.651143, 45.058903], [-62.655351, 45.066753], [-62.657289, 45.065946], [-62.657072, 45.066429]]]}, "properties": {"OBJECTID": 15, "GSA_KEY": 16, "FCODE": "GSAPOLY", "GSA_NAME": "LOCHABER MINES", "MUN_CODE": "HRM", "GSA_REM": " ", "SOURCE": "CR", "DATE_ACT": 980899200000, "SYS_DATE": 1504656000000, "GLOBALID": "0e6438b0-7835-4b02-9042-f54c053d1dcc", "Shape__Area": 378556699.1875, "Shape__Length": 137920.7241879454}}, {"type": "Feature", "id": 16, "geometry": {"type": "Polygon", "coordinates": [[[-63.130293, 45.071925], [-63.128768, 45.070399], [-63.130802, 45.069082], [-63.12488, 45.063435], [-63.128464, 45.061082], [-63.134204, 45.066848], [-63.138062, 45.064315], [-63.141018, 45.062568], [-63.142561, 45.064188], [-63.145516, 45.062697], [-63.144029, 45.0612], [-63.147735, 45.059304], [-63.146985, 45.0585], [-63.147032, 45.058221], [-63.146993, 45.057987], [-63.146901, 45.057827], [-63.146944, 45.057347], [-63.146866, 45.056622], [-63.147067, 45.056179], [-63.147153, 45.055779], [-63.147352, 45.055404], [-63.147516, 45.054902], [-63.147546, 45.054699], [-63.147507, 45.054213], [-63.147526, 45.054085], [-63.147675, 45.05387], [-63.147717, 45.053363], [-63.14769, 45.052864], [-63.147825, 45.052691], [-63.147908, 45.051624], [-63.148213, 45.049638], [-63.148483, 45.048811], [-63.149134, 45.048917], [-63.149382, 45.048079], [-63.149771, 45.048578], [-63.151793, 45.047643], [-63.153678, 45.049488], [-63.154102, 45.04998], [-63.158154, 45.053949], [-63.158398, 45.054333], [-63.158987, 45.054929], [-63.15925, 45.055063], [-63.161267, 45.054321], [-63.167142, 45.051487], [-63.168107, 45.050908], [-63.171427, 45.049285], [-63.173531, 45.050766], [-63.173286, 45.05176], [-63.177642, 45.061608], [-63.180927, 45.060386], [-63.183366, 45.065881], [-63.191772, 45.071198], [-63.199322, 45.069649], [-63.201081, 45.073729], [-63.197328, 45.074543], [-63.198356, 45.075092], [-63.198524, 45.07523], [-63.199879, 45.077857], [-63.210423, 45.08202], [-63.12966, 45.111292], [-63.125729, 45.101841], [-63.136201, 45.096566], [-63.124017, 45.084776], [-63.129173, 45.082048], [-63.124218, 45.076896], [-63.131595, 45.073227], [-63.130293, 45.071925]]]}, "properties": {"OBJECTID": 16, "GSA_KEY": 17, "FCODE": "GSAPOLY", "GSA_NAME": "GLENMORE", "MUN_CODE": "HRM", "GSA_REM": " ", "SOURCE": "CR", "DATE_ACT": 980899200000, "SYS_DATE": 1348617600000, "GLOBALID": "daefe349-6dc9-456b-9199-7193f5c5f9e0", "Shape__Area": 49258928.28125, "Shape__Length": 38224.042619741995}}, {"type": "Feature", "id": 17, "geometry": {"type": "Polygon", "coordinates": [[[-63.051127, 45.06226], [-63.044055, 45.061253], [-63.043777, 45.062099], [-63.041098, 45.061636], [-63.040137, 45.06443], [-63.036738, 45.063842], [-63.037848, 45.060565], [-63.041161, 45.051343], [-63.037653, 45.050271], [-63.039186, 45.045653], [-63.04162, 45.03902], [-63.042462, 45.035629], [-63.037114, 45.033526], [-63.00109, 45.017738], [-62.991417, 45.024894], [-62.989202, 45.019466], [-62.985913, 45.021839], [-62.982642, 45.014782], [-62.986175, 45.013791], [-62.999838, 45.009276], [-62.997492, 45.007956], [-62.989589, 45.003269], [-62.983908, 45.004124], [-62.981399, 45.00471], [-62.982566, 45.007209], [-62.977492, 45.008428], [-62.969675, 44.994441], [-62.968604, 44.994746], [-62.965049, 44.988331], [-62.969089, 44.987194], [-62.967344, 44.984094], [-62.975122, 44.97199], [-62.974732, 44.971837], [-62.971017, 44.96536], [-62.978541, 44.960075], [-62.987498, 44.953637], [-62.987003, 44.953223], [-62.991814, 44.951961], [-62.993056, 44.951743], [-63.000325, 44.958027], [-63.000524, 44.957976], [-63.009386, 44.963712], [-63.010832, 44.962719], [-63.011505, 44.963222], [-63.017883, 44.961605], [-63.026565, 44.964619], [-63.02269, 44.970436], [-63.024782, 44.971139], [-63.039532, 44.979582], [-63.03933, 44.981913], [-63.058464, 44.986651], [-63.038385, 44.992372], [-63.043744, 45.001844], [-63.064198, 44.996031], [-63.06939, 45.006217], [-63.071323, 45.010161], [-63.078095, 45.008689], [-63.080897, 45.014896], [-63.075429, 45.015927], [-63.074612, 45.020489], [-63.06837, 45.021711], [-63.067696, 45.024843], [-63.067884, 45.024851], [-63.067934, 45.024707], [-63.068076, 45.024618], [-63.068975, 45.024675], [-63.069333, 45.024589], [-63.069586, 45.024363], [-63.069923, 45.024452], [-63.068837, 45.03405], [-63.066648, 45.035539], [-63.068255, 45.038551], [-63.068367, 45.038625], [-63.068954, 45.039537], [-63.070557, 45.040412], [-63.072959, 45.039533], [-63.073565, 45.038613], [-63.075219, 45.038971], [-63.082731, 45.042667], [-63.084391, 45.042784], [-63.084509, 45.042882], [-63.0845, 45.04297], [-63.085089, 45.043292], [-63.088837, 45.043957], [-63.088237, 45.045283], [-63.088583, 45.04613], [-63.086436, 45.049065], [-63.086345, 45.051264], [-63.086496, 45.051937], [-63.094044, 45.052454], [-63.092102, 45.05963], [-63.089695, 45.064034], [-63.088931, 45.067223], [-63.088636, 45.06888], [-63.08294, 45.072], [-63.080312, 45.073331], [-63.082178, 45.067511], [-63.069162, 45.065074], [-63.060314, 45.063621], [-63.051127, 45.06226]]]}, "properties": {"OBJECTID": 17, "GSA_KEY": 18, "FCODE": "GSAPOLY", "GSA_NAME": "HIGGINSVILLE", "MUN_CODE": "HRM", "GSA_REM": " ", "SOURCE": "DM", "DATE_ACT": 980899200000, "SYS_DATE": 1505433600000, "GLOBALID": "1181afac-f6a1-4a41-b354-b7af8e05bae6", "Shape__Area": 114547726.984375, "Shape__Length": 73220.28291700553}}, {"type": "Feature", "id": 18, "geometry": {"type": "Polygon", "coordinates": [[[-62.927832, 45.089753], [-62.920602, 45.086703], [-62.919968, 45.087309], [-62.915778, 45.085844], [-62.915174, 45.08672], [-62.910725, 45.085034], [-62.909441, 45.086598], [-62.902792, 45.083998], [-62.906817, 45.07881], [-62.902401, 45.077102], [-62.901776, 45.081351], [-62.894785, 45.08101], [-62.895175, 45.077955], [-62.889907, 45.07316], [-62.874967, 45.072134], [-62.868809, 45.061822], [-62.883621, 45.057882], [-62.880796, 45.052621], [-62.885516, 45.051401], [-62.886963, 45.053774], [-62.896342, 45.051059], [-62.89605, 45.050477], [-62.895366, 45.047976], [-62.895235, 45.047811], [-62.898082, 45.046916], [-62.895838, 45.042575], [-62.900662, 45.041323], [-62.901593, 45.043049], [-62.905067, 45.042124], [-62.907591, 45.041888], [-62.910459, 45.044325], [-62.911502, 45.046216], [-62.917518, 45.044647], [-62.922242, 45.042933], [-62.925696, 45.041212], [-62.926357, 45.040942], [-62.9311, 45.046404], [-62.931667, 45.046208], [-62.932924, 45.047249], [-62.940065, 45.040708], [-62.931624, 45.036084], [-62.933242, 45.034563], [-62.93388, 45.034179], [-62.939725, 45.040009], [-62.94377, 45.044152], [-62.948032, 45.042028], [-62.952837, 45.039789], [-62.958134, 45.037162], [-62.96282, 45.041734], [-62.962953, 45.041912], [-62.966918, 45.045717], [-62.971697, 45.05056], [-62.976546, 45.049071], [-62.981823, 45.047721], [-62.985664, 45.054406], [-62.986177, 45.056293], [-62.985172, 45.056647], [-62.985785, 45.058189], [-62.987066, 45.058394], [-62.995682, 45.060229], [-63.006212, 45.063503], [-63.006617, 45.064746], [-63.008678, 45.069739], [-63.001707, 45.071174], [-63.004052, 45.07349], [-63.004994, 45.073193], [-63.009335, 45.07743], [-63.01016, 45.078397], [-63.003461, 45.08153], [-63.005802, 45.08405], [-63.001652, 45.086171], [-63.000988, 45.085504], [-62.997952, 45.082147], [-62.991177, 45.085485], [-62.991139, 45.085481], [-62.990962, 45.084777], [-62.989955, 45.084421], [-62.988251, 45.084353], [-62.987383, 45.084405], [-62.986755, 45.085151], [-62.98781, 45.086171], [-62.986525, 45.086872], [-62.98327, 45.08328], [-62.981125, 45.077958], [-62.972401, 45.079524], [-62.971417, 45.077053], [-62.96947, 45.077429], [-62.968742, 45.075256], [-62.96685, 45.076296], [-62.9636, 45.077954], [-62.969966, 45.084383], [-62.964555, 45.086823], [-62.963126, 45.08526], [-62.960374, 45.086579], [-62.960332, 45.086709], [-62.960143, 45.08669], [-62.957782, 45.087879], [-62.956834, 45.086455], [-62.950235, 45.089745], [-62.946778, 45.086131], [-62.945589, 45.084607], [-62.937523, 45.089172], [-62.932592, 45.091907], [-62.928835, 45.09024], [-62.927832, 45.089753]]]}, "properties": {"OBJECTID": 18, "GSA_KEY": 19, "FCODE": "GSAPOLY", "GSA_NAME": "CARIBOU MINES", "MUN_CODE": "HRM", "GSA_REM": " ", "SOURCE": "CR", "DATE_ACT": 980899200000, "SYS_DATE": 1504656000000, "GLOBALID": "bb6bebf5-7623-45a1-a8d1-917ddf11b18b", "Shape__Area": 81073804.53515625, "Shape__Length": 57791.522669130725}}, {"type": "Feature", "id": 19, "geometry": {"type": "Polygon", "coordinates": [[[-62.334359, 45.073525], [-62.195367, 44.998475], [-62.196186, 44.998607], [-62.199918, 44.997524], [-62.200435, 44.996057], [-62.206702, 44.994272], [-62.206765, 44.994376], [-62.209913, 44.993461], [-62.20749, 44.989244], [-62.209904, 44.988532], [-62.213705, 44.987543], [-62.214353, 44.988773], [-62.215002, 44.988585], [-62.219252, 44.987069], [-62.223033, 44.991008], [-62.22385, 44.990676], [-62.222567, 44.988048], [-62.226088, 44.987164], [-62.225004, 44.98494], [-62.228806, 44.984005], [-62.224752, 44.976617], [-62.237153, 44.973615], [-62.233668, 44.966173], [-62.244616, 44.963619], [-62.245706, 44.96299], [-62.245888, 44.963001], [-62.247615, 44.962558], [-62.242575, 44.957547], [-62.248405, 44.956356], [-62.2528, 44.955565], [-62.26269, 44.953578], [-62.264418, 44.957525], [-62.279673, 44.953685], [-62.282486, 44.958449], [-62.283545, 44.960804], [-62.284089, 44.962235], [-62.274077, 44.96456], [-62.27509, 44.966582], [-62.285112, 44.964747], [-62.285791, 44.966117], [-62.275385, 44.967636], [-62.272933, 44.968139], [-62.275449, 44.974264], [-62.276189, 44.975096], [-62.277546, 44.977099], [-62.278901, 44.976458], [-62.283017, 44.980246], [-62.288402, 44.97899], [-62.285314, 44.971996], [-62.290031, 44.971104], [-62.291752, 44.974094], [-62.294679, 44.973524], [-62.297394, 44.979184], [-62.301375, 44.978225], [-62.304396, 44.984845], [-62.317618, 44.981826], [-62.315787, 44.977857], [-62.318175, 44.977327], [-62.31896, 44.979022], [-62.32487, 44.977346], [-62.326249, 44.980212], [-62.331683, 44.978917], [-62.33973, 44.976865], [-62.340536, 44.978245], [-62.350697, 44.978534], [-62.353923, 44.977614], [-62.356961, 44.982779], [-62.364987, 44.980418], [-62.367065, 44.980365], [-62.368228, 44.980622], [-62.370017, 44.982445], [-62.370483, 44.983752], [-62.37124, 44.987481], [-62.371286, 44.990581], [-62.374426, 44.990639], [-62.37769, 44.98995], [-62.381152, 44.989615], [-62.385557, 44.988548], [-62.389011, 44.988412], [-62.394083, 44.990254], [-62.395304, 44.991526], [-62.397455, 44.994313], [-62.398851, 44.996587], [-62.39997, 44.997169], [-62.407389, 44.995088], [-62.41258, 45.004108], [-62.407992, 45.005576], [-62.408867, 45.007107], [-62.408252, 45.007535], [-62.407519, 45.00857], [-62.407146, 45.010444], [-62.406975, 45.012754], [-62.407738, 45.014495], [-62.40797, 45.016473], [-62.408672, 45.018675], [-62.408741, 45.020373], [-62.40863, 45.021018], [-62.408833, 45.021423], [-62.408946, 45.021548], [-62.409204, 45.021647], [-62.409576, 45.02227], [-62.388939, 45.02811], [-62.385434, 45.022612], [-62.375853, 45.025462], [-62.378282, 45.029574], [-62.367536, 45.032662], [-62.370694, 45.038379], [-62.365676, 45.039767], [-62.369676, 45.046862], [-62.371504, 45.049483], [-62.366394, 45.051176], [-62.365354, 45.051601], [-62.360334, 45.053009], [-62.363013, 45.057678], [-62.355292, 45.059747], [-62.351327, 45.052627], [-62.340844, 45.055485], [-62.342717, 45.058968], [-62.336651, 45.060524], [-62.342713, 45.07126], [-62.334359, 45.073525]]]}, "properties": {"OBJECTID": 19, "GSA_KEY": 20, "FCODE": "GSAPOLY", "GSA_NAME": "MOSER RIVER", "MUN_CODE": "HRM", "GSA_REM": " ", "SOURCE": "DM", "DATE_ACT": 980899200000, "SYS_DATE": null, "GLOBALID": "80ffc602-4017-4122-96a5-7e876de6ef6e", "Shape__Area": 220771341.8984375, "Shape__Length": 91754.24412981383}}, {"type": "Feature", "id": 20, "geometry": {"type": "Polygon", "coordinates": [[[-63.261189, 45.061247], [-63.258764, 45.064456], [-63.210423, 45.08202], [-63.199879, 45.077857], [-63.198524, 45.07523], [-63.198356, 45.075092], [-63.197328, 45.074543], [-63.201081, 45.073729], [-63.199322, 45.069649], [-63.191772, 45.071198], [-63.183366, 45.065881], [-63.180927, 45.060386], [-63.177642, 45.061608], [-63.173286, 45.05176], [-63.173531, 45.050766], [-63.171464, 45.049337], [-63.171293, 45.049119], [-63.17106, 45.049025], [-63.171125, 45.048925], [-63.171507, 45.048831], [-63.171548, 45.04878], [-63.171519, 45.048714], [-63.171054, 45.048595], [-63.170352, 45.048593], [-63.170036, 45.048449], [-63.169909, 45.048336], [-63.169603, 45.047775], [-63.16972, 45.04764], [-63.170092, 45.047458], [-63.170093, 45.047302], [-63.169853, 45.047098], [-63.169593, 45.046642], [-63.169251, 45.046442], [-63.168996, 45.04613], [-63.168687, 45.045235], [-63.168486, 45.04497], [-63.167285, 45.044483], [-63.167039, 45.044298], [-63.166787, 45.044208], [-63.165854, 45.044264], [-63.165617, 45.044227], [-63.165495, 45.044063], [-63.165158, 45.043315], [-63.164982, 45.043123], [-63.164747, 45.042984], [-63.164507, 45.042918], [-63.163909, 45.042987], [-63.163607, 45.042941], [-63.162651, 45.04163], [-63.162561, 45.041321], [-63.162772, 45.040398], [-63.163343, 45.039544], [-63.163577, 45.039331], [-63.163253, 45.037696], [-63.166879, 45.036413], [-63.172678, 45.03332], [-63.175897, 45.031567], [-63.178759, 45.029943], [-63.180524, 45.026837], [-63.180705, 45.026433], [-63.180607, 45.026267], [-63.18048, 45.025707], [-63.180377, 45.025494], [-63.180352, 45.025193], [-63.180427, 45.024976], [-63.180406, 45.023978], [-63.180553, 45.023629], [-63.180808, 45.023335], [-63.18081, 45.023209], [-63.180676, 45.022978], [-63.180295, 45.022704], [-63.180285, 45.02259], [-63.180373, 45.022376], [-63.181043, 45.021934], [-63.181206, 45.02172], [-63.180131, 45.020576], [-63.180283, 45.020588], [-63.180624, 45.020759], [-63.181088, 45.021139], [-63.181341, 45.021206], [-63.181614, 45.021183], [-63.182038, 45.020931], [-63.182097, 45.020751], [-63.182027, 45.020621], [-63.181996, 45.020389], [-63.182218, 45.020211], [-63.1826, 45.020215], [-63.183143, 45.020312], [-63.184006, 45.020721], [-63.184367, 45.020803], [-63.184604, 45.02078], [-63.185468, 45.020326], [-63.186684, 45.020417], [-63.187012, 45.020369], [-63.187385, 45.019974], [-63.187467, 45.019562], [-63.187636, 45.019332], [-63.187875, 45.019206], [-63.188658, 45.019112], [-63.189189, 45.018963], [-63.189648, 45.018737], [-63.190177, 45.018652], [-63.191991, 45.018815], [-63.192393, 45.018717], [-63.192725, 45.018514], [-63.193365, 45.018341], [-63.194093, 45.018272], [-63.19451, 45.018328], [-63.194978, 45.018514], [-63.195495, 45.018945], [-63.195803, 45.019], [-63.196203, 45.018979], [-63.196353, 45.018775], [-63.196203, 45.018193], [-63.196011, 45.017843], [-63.196087, 45.017676], [-63.197054, 45.01752], [-63.197496, 45.017267], [-63.197941, 45.016898], [-63.198161, 45.016797], [-63.198486, 45.016879], [-63.199067, 45.01771], [-63.199291, 45.018254], [-63.199507, 45.018334], [-63.199781, 45.018298], [-63.199911, 45.018158], [-63.199826, 45.017912], [-63.199828, 45.017023], [-63.200196, 45.016834], [-63.200561, 45.016735], [-63.201107, 45.016715], [-63.20183, 45.016878], [-63.202801, 45.017327], [-63.203363, 45.017385], [-63.203818, 45.017377], [-63.204093, 45.017239], [-63.204206, 45.01706], [-63.204104, 45.016788], [-63.20377, 45.016281], [-63.203688, 45.015868], [-63.203713, 45.015572], [-63.203865, 45.015303], [-63.204002, 45.014866], [-63.204025, 45.014608], [-63.204284, 45.014431], [-63.205049, 45.014362], [-63.205306, 45.014223], [-63.205324, 45.014071], [-63.20553, 45.013876], [-63.205657, 45.013842], [-63.205723, 45.013744], [-63.20609, 45.013802], [-63.206291, 45.013903], [-63.206482, 45.013842], [-63.206558, 45.013861], [-63.206619, 45.013961], [-63.206744, 45.014016], [-63.206814, 45.014304], [-63.206987, 45.014523], [-63.207546, 45.014787], [-63.207969, 45.014837], [-63.212269, 45.014915], [-63.2126, 45.014847], [-63.212933, 45.014698], [-63.213198, 45.014791], [-63.213388, 45.014793], [-63.213593, 45.014688], [-63.213583, 45.014579], [-63.213636, 45.014508], [-63.213853, 45.014438], [-63.213967, 45.014449], [-63.214405, 45.014706], [-63.214584, 45.014627], [-63.214753, 45.014466], [-63.214854, 45.014477], [-63.215517, 45.014871], [-63.217052, 45.014908], [-63.22209, 45.016277], [-63.228329, 45.022195], [-63.23393, 45.027415], [-63.240044, 45.033848], [-63.241052, 45.033635], [-63.241911, 45.035433], [-63.243332, 45.038874], [-63.246177, 45.044207], [-63.247957, 45.048725], [-63.245343, 45.04926], [-63.239789, 45.056496], [-63.248795, 45.059791], [-63.250885, 45.057114], [-63.253119, 45.058286], [-63.253341, 45.058023], [-63.261189, 45.061247]]]}, "properties": {"OBJECTID": 20, "GSA_KEY": 21, "FCODE": "GSAPOLY", "GSA_NAME": "CHASWOOD", "MUN_CODE": "HRM", "GSA_REM": " ", "SOURCE": "DM", "DATE_ACT": 980899200000, "SYS_DATE": null, "GLOBALID": "8c0e64f3-9c0d-4f96-a9d7-245d912726cf", "Shape__Area": 67727015.60546875, "Shape__Length": 38695.19342832872}}, {"type": "Feature", "id": 21, "geometry": {"type": "Polygon", "coordinates": [[[-63.114645, 45.067529], [-63.109853, 45.062479], [-63.109905, 45.062287], [-63.108542, 45.061025], [-63.108202, 45.060657], [-63.10746, 45.060085], [-63.105117, 45.057514], [-63.105048, 45.057734], [-63.105039, 45.058094], [-63.104959, 45.058246], [-63.104802, 45.058451], [-63.104518, 45.058627], [-63.103852, 45.058862], [-63.103102, 45.058898], [-63.102349, 45.059069], [-63.101465, 45.059409], [-63.101453, 45.059355], [-63.101685, 45.059205], [-63.10138, 45.059237], [-63.101187, 45.059352], [-63.100911, 45.059708], [-63.100627, 45.059921], [-63.099729, 45.060801], [-63.092102, 45.05963], [-63.092694, 45.057497], [-63.093185, 45.057372], [-63.093589, 45.057467], [-63.093868, 45.05748], [-63.094088, 45.05733], [-63.09414, 45.057019], [-63.095118, 45.056828], [-63.095886, 45.056852], [-63.097379, 45.056993], [-63.098517, 45.056964], [-63.098894, 45.057077], [-63.09917, 45.057095], [-63.099704, 45.057044], [-63.100725, 45.056795], [-63.102504, 45.056119], [-63.102907, 45.056001], [-63.103132, 45.055996], [-63.102782, 45.055654], [-63.107994, 45.052788], [-63.110508, 45.051676], [-63.110926, 45.05156], [-63.111099, 45.051203], [-63.111989, 45.050697], [-63.114024, 45.049645], [-63.115866, 45.049339], [-63.116546, 45.049019], [-63.121638, 45.054187], [-63.121849, 45.053226], [-63.122199, 45.052706], [-63.122519, 45.052117], [-63.122589, 45.051868], [-63.123972, 45.051189], [-63.127111, 45.050327], [-63.128144, 45.050146], [-63.128916, 45.050155], [-63.129588, 45.0503], [-63.129984, 45.050521], [-63.130385, 45.051221], [-63.131155, 45.051959], [-63.131476, 45.05202], [-63.132399, 45.05172], [-63.132972, 45.051327], [-63.134058, 45.050012], [-63.134491, 45.049386], [-63.134993, 45.048889], [-63.135619, 45.048574], [-63.135955, 45.048218], [-63.13611, 45.047807], [-63.136128, 45.047072], [-63.136322, 45.046546], [-63.137062, 45.046001], [-63.137269, 45.045707], [-63.137209, 45.045191], [-63.136938, 45.044324], [-63.136544, 45.04254], [-63.136308, 45.041764], [-63.136261, 45.041467], [-63.136274, 45.041054], [-63.135218, 45.037312], [-63.134009, 45.033365], [-63.132063, 45.034372], [-63.130375, 45.033619], [-63.137188, 45.026474], [-63.13739, 45.0266], [-63.137936, 45.026571], [-63.138045, 45.026779], [-63.138108, 45.026816], [-63.138802, 45.026995], [-63.139536, 45.027067], [-63.139735, 45.027249], [-63.139857, 45.027298], [-63.1395, 45.0251], [-63.139259, 45.023221], [-63.139104, 45.022549], [-63.138975, 45.022363], [-63.139248, 45.021918], [-63.140166, 45.021971], [-63.141673, 45.022249], [-63.14222, 45.022394], [-63.14254, 45.022534], [-63.144124, 45.024619], [-63.146703, 45.022631], [-63.149716, 45.025705], [-63.150831, 45.02675], [-63.158307, 45.025192], [-63.158529, 45.025386], [-63.158506, 45.024956], [-63.158328, 45.024176], [-63.158797, 45.023902], [-63.159128, 45.02413], [-63.162696, 45.020758], [-63.165628, 45.017877], [-63.166007, 45.017548], [-63.166574, 45.017202], [-63.167128, 45.017052], [-63.166972, 45.016969], [-63.165413, 45.015264], [-63.16486, 45.014753], [-63.163674, 45.012274], [-63.164874, 45.011671], [-63.160962, 45.007823], [-63.16431, 45.004852], [-63.168148, 44.999617], [-63.168616, 44.999949], [-63.17267, 44.995748], [-63.170631, 44.994505], [-63.170548, 44.99427], [-63.170614, 44.994145], [-63.170868, 44.99413], [-63.171271, 44.994297], [-63.171739, 44.994311], [-63.172368, 44.994543], [-63.173302, 44.994752], [-63.175343, 44.994767], [-63.176132, 44.99465], [-63.176554, 44.994502], [-63.177049, 44.994517], [-63.17777, 44.995169], [-63.182949, 44.993963], [-63.184111, 44.995096], [-63.184299, 44.995066], [-63.184435, 44.995407], [-63.189021, 44.999491], [-63.185057, 45.00152], [-63.186048, 45.002366], [-63.189939, 45.000163], [-63.190864, 45.00097], [-63.190763, 45.001033], [-63.196983, 45.006626], [-63.197155, 45.006933], [-63.201799, 45.011679], [-63.201941, 45.011687], [-63.201944, 45.011801], [-63.202484, 45.012078], [-63.203056, 45.012484], [-63.20332, 45.01286], [-63.203622, 45.013173], [-63.204068, 45.013513], [-63.204607, 45.01379], [-63.205022, 45.013911], [-63.205346, 45.014082], [-63.205306, 45.014223], [-63.205049, 45.014362], [-63.204284, 45.014431], [-63.204025, 45.014608], [-63.204002, 45.014866], [-63.203865, 45.015303], [-63.203713, 45.015572], [-63.203688, 45.015868], [-63.20377, 45.016281], [-63.204104, 45.016788], [-63.204206, 45.01706], [-63.204093, 45.017239], [-63.203818, 45.017377], [-63.203363, 45.017385], [-63.202801, 45.017327], [-63.20183, 45.016878], [-63.201107, 45.016715], [-63.200561, 45.016735], [-63.200196, 45.016834], [-63.199828, 45.017023], [-63.199826, 45.017912], [-63.199911, 45.018158], [-63.199781, 45.018298], [-63.199507, 45.018334], [-63.199291, 45.018254], [-63.199067, 45.01771], [-63.198486, 45.016879], [-63.198161, 45.016797], [-63.197941, 45.016898], [-63.197496, 45.017267], [-63.197054, 45.01752], [-63.196087, 45.017676], [-63.196011, 45.017843], [-63.196203, 45.018193], [-63.196353, 45.018775], [-63.196203, 45.018979], [-63.195803, 45.019], [-63.195495, 45.018945], [-63.194978, 45.018514], [-63.19451, 45.018328], [-63.194093, 45.018272], [-63.193365, 45.018341], [-63.192725, 45.018514], [-63.192393, 45.018717], [-63.191991, 45.018815], [-63.190177, 45.018652], [-63.189648, 45.018737], [-63.189189, 45.018963], [-63.188658, 45.019112], [-63.187875, 45.019206], [-63.187636, 45.019332], [-63.187467, 45.019562], [-63.187385, 45.019974], [-63.187012, 45.020369], [-63.186684, 45.020417], [-63.185468, 45.020326], [-63.184604, 45.02078], [-63.184367, 45.020803], [-63.184006, 45.020721], [-63.183143, 45.020312], [-63.1826, 45.020215], [-63.182218, 45.020211], [-63.181996, 45.020389], [-63.182027, 45.020621], [-63.182097, 45.020751], [-63.182038, 45.020931], [-63.181614, 45.021183], [-63.181341, 45.021206], [-63.181088, 45.021139], [-63.180624, 45.020759], [-63.180283, 45.020588], [-63.180131, 45.020576], [-63.181206, 45.02172], [-63.181155, 45.021737], [-63.181043, 45.021934], [-63.180373, 45.022376], [-63.180285, 45.02259], [-63.180295, 45.022704], [-63.180676, 45.022978], [-63.18081, 45.023209], [-63.180808, 45.023335], [-63.180553, 45.023629], [-63.180406, 45.023978], [-63.180427, 45.024976], [-63.180352, 45.025193], [-63.180377, 45.025494], [-63.18048, 45.025707], [-63.180607, 45.026267], [-63.180705, 45.026433], [-63.180524, 45.026837], [-63.178759, 45.029943], [-63.175897, 45.031567], [-63.172678, 45.03332], [-63.166879, 45.036413], [-63.163253, 45.037696], [-63.163577, 45.039331], [-63.163343, 45.039544], [-63.162878, 45.040207], [-63.162726, 45.040553], [-63.162566, 45.041381], [-63.162651, 45.04163], [-63.16289, 45.042005], [-63.163607, 45.042941], [-63.163909, 45.042987], [-63.164507, 45.042918], [-63.164747, 45.042984], [-63.164982, 45.043123], [-63.165158, 45.043315], [-63.165495, 45.044063], [-63.165617, 45.044227], [-63.165854, 45.044264], [-63.166787, 45.044208], [-63.167039, 45.044298], [-63.167285, 45.044483], [-63.168486, 45.04497], [-63.168687, 45.045235], [-63.168996, 45.04613], [-63.169251, 45.046442], [-63.169593, 45.046642], [-63.169853, 45.047098], [-63.170093, 45.047302], [-63.170092, 45.047458], [-63.16972, 45.04764], [-63.169603, 45.047775], [-63.169909, 45.048336], [-63.170036, 45.048449], [-63.170352, 45.048593], [-63.171054, 45.048595], [-63.171519, 45.048714], [-63.171548, 45.04878], [-63.171507, 45.048831], [-63.171125, 45.048925], [-63.17106, 45.049025], [-63.171293, 45.049119], [-63.171427, 45.049285], [-63.168107, 45.050908], [-63.167142, 45.051487], [-63.161267, 45.054321], [-63.15925, 45.055063], [-63.158987, 45.054929], [-63.158398, 45.054333], [-63.158154, 45.053949], [-63.154102, 45.04998], [-63.153678, 45.049488], [-63.151793, 45.047643], [-63.149771, 45.048578], [-63.149382, 45.048079], [-63.149134, 45.048917], [-63.148483, 45.048811], [-63.148213, 45.049638], [-63.147908, 45.051624], [-63.147825, 45.052691], [-63.14769, 45.052864], [-63.147717, 45.053363], [-63.147675, 45.05387], [-63.147526, 45.054085], [-63.147507, 45.054213], [-63.147546, 45.054699], [-63.147516, 45.054902], [-63.147352, 45.055404], [-63.147153, 45.055779], [-63.147067, 45.056179], [-63.146866, 45.056622], [-63.146944, 45.057347], [-63.146901, 45.057827], [-63.146993, 45.057987], [-63.147032, 45.058221], [-63.146985, 45.0585], [-63.147735, 45.059304], [-63.144029, 45.0612], [-63.145516, 45.062697], [-63.142561, 45.064188], [-63.141018, 45.062568], [-63.138062, 45.064315], [-63.134204, 45.066848], [-63.128464, 45.061082], [-63.12488, 45.063435], [-63.130802, 45.069082], [-63.128768, 45.070399], [-63.125535, 45.067224], [-63.118109, 45.070793], [-63.114645, 45.067529]]]}, "properties": {"OBJECTID": 21, "GSA_KEY": 22, "FCODE": "GSAPOLY", "GSA_NAME": "MIDDLE MUSQUODOBOIT", "MUN_CODE": "HRM", "GSA_REM": " ", "SOURCE": "DM", "DATE_ACT": 1374710400000, "SYS_DATE": 1374710400000, "GLOBALID": "1f414b44-bca8-40da-bff2-77d183fd15f6", "Shape__Area": 42164891.4453125, "Shape__Length": 55918.71504018598}}, {"type": "Feature", "id": 22, "geometry": {"type": "Polygon", "coordinates": [[[-62.66352, 45.067875], [-62.657554, 45.065355], [-62.657289, 45.065946], [-62.655351, 45.066753], [-62.651143, 45.058903], [-62.648623, 45.05959], [-62.644738, 45.052614], [-62.646658, 45.0521], [-62.640869, 45.048051], [-62.640811, 45.048226], [-62.640644, 45.048137], [-62.640514, 45.047977], [-62.640445, 45.047755], [-62.639551, 45.047131], [-62.624797, 45.051498], [-62.619374, 45.041954], [-62.61477, 45.034031], [-62.62084, 45.032513], [-62.620614, 45.032029], [-62.612933, 45.029252], [-62.605957, 45.026498], [-62.604532, 45.02069], [-62.602336, 45.020963], [-62.601527, 45.017821], [-62.600727, 45.014236], [-62.608158, 45.013275], [-62.607556, 45.011013], [-62.60681, 45.008501], [-62.606462, 45.008545], [-62.604063, 45.002004], [-62.603135, 45.002143], [-62.600964, 44.996684], [-62.607331, 44.995389], [-62.605159, 44.989939], [-62.610589, 44.988752], [-62.609052, 44.984681], [-62.6351, 44.97898], [-62.629974, 44.967207], [-62.629622, 44.96675], [-62.629719, 44.966462], [-62.630127, 44.966448], [-62.630702, 44.966726], [-62.631528, 44.96732], [-62.632049, 44.967452], [-62.632876, 44.968025], [-62.634442, 44.969227], [-62.63604, 44.96796], [-62.636106, 44.967649], [-62.637798, 44.96604], [-62.646859, 44.959533], [-62.64973, 44.957308], [-62.646956, 44.95554], [-62.646766, 44.954702], [-62.646811, 44.954201], [-62.646721, 44.953993], [-62.64655, 44.953846], [-62.645225, 44.948448], [-62.640684, 44.946357], [-62.646232, 44.940155], [-62.645896, 44.939218], [-62.654173, 44.937771], [-62.655642, 44.941522], [-62.652977, 44.94451], [-62.667552, 44.951489], [-62.68642, 44.946124], [-62.691922, 44.955413], [-62.696324, 44.954093], [-62.693164, 44.948416], [-62.70771, 44.944097], [-62.709877, 44.947993], [-62.71154, 44.947526], [-62.716973, 44.957538], [-62.711111, 44.958987], [-62.714128, 44.960844], [-62.742139, 44.953101], [-62.743977, 44.956698], [-62.740388, 44.957754], [-62.744886, 44.965876], [-62.761359, 44.961628], [-62.761794, 44.96173], [-62.762441, 44.961732], [-62.763155, 44.96194], [-62.763345, 44.961938], [-62.76381, 44.961753], [-62.764272, 44.961433], [-62.7645, 44.96143], [-62.764908, 44.961525], [-62.765275, 44.96153], [-62.765691, 44.96139], [-62.765953, 44.961189], [-62.766344, 44.961122], [-62.766421, 44.961148], [-62.767712, 44.963366], [-62.75601, 44.966754], [-62.758824, 44.971401], [-62.762489, 44.97029], [-62.762707, 44.970245], [-62.763106, 44.970306], [-62.763501, 44.970529], [-62.763973, 44.970719], [-62.764162, 44.971095], [-62.7647, 44.971341], [-62.764671, 44.971652], [-62.764844, 44.971946], [-62.764832, 44.972034], [-62.764682, 44.972256], [-62.764736, 44.972345], [-62.765001, 44.972451], [-62.765296, 44.972489], [-62.765536, 44.972452], [-62.765734, 44.972541], [-62.76667, 44.974203], [-62.778749, 44.970613], [-62.779872, 44.970331], [-62.781651, 44.970294], [-62.783814, 44.970345], [-62.785087, 44.970455], [-62.785881, 44.970614], [-62.786234, 44.970957], [-62.786487, 44.971408], [-62.791108, 44.978456], [-62.791817, 44.97888], [-62.784065, 44.984709], [-62.777739, 44.986498], [-62.782748, 44.995612], [-62.783521, 44.997813], [-62.777288, 44.999602], [-62.774544, 44.994805], [-62.774722, 44.994708], [-62.774862, 44.994364], [-62.774446, 44.994103], [-62.773571, 44.993952], [-62.770805, 44.993817], [-62.765092, 44.994101], [-62.762785, 44.993881], [-62.762521, 44.992905], [-62.762712, 44.991983], [-62.761426, 44.991409], [-62.759974, 44.990924], [-62.757319, 44.990352], [-62.753354, 44.988904], [-62.752942, 44.986376], [-62.751388, 44.986052], [-62.750064, 44.985639], [-62.74863, 44.98564], [-62.747764, 44.985187], [-62.746552, 44.9854], [-62.744776, 44.985951], [-62.743912, 44.986469], [-62.744265, 44.986959], [-62.744542, 44.987459], [-62.749742, 44.997707], [-62.725333, 45.004083], [-62.74214, 45.00952], [-62.738624, 45.014765], [-62.736849, 45.013769], [-62.736474, 45.013434], [-62.735946, 45.013379], [-62.735668, 45.013297], [-62.734005, 45.012694], [-62.723477, 45.01572], [-62.728975, 45.025676], [-62.726244, 45.02647], [-62.728738, 45.028571], [-62.72862, 45.029978], [-62.730781, 45.032426], [-62.730116, 45.032716], [-62.725695, 45.034004], [-62.720318, 45.035686], [-62.714552, 45.037321], [-62.719608, 45.046196], [-62.72002, 45.04706], [-62.724916, 45.054831], [-62.715249, 45.057635], [-62.713355, 45.05826], [-62.713515, 45.058491], [-62.727542, 45.060734], [-62.726535, 45.064111], [-62.726882, 45.064287], [-62.727263, 45.064265], [-62.72811, 45.064103], [-62.729332, 45.064234], [-62.729762, 45.064166], [-62.72989, 45.064228], [-62.730016, 45.064172], [-62.730248, 45.064314], [-62.730274, 45.06434], [-62.730211, 45.064395], [-62.73034, 45.064475], [-62.730477, 45.064347], [-62.730424, 45.064231], [-62.730537, 45.064167], [-62.730627, 45.064256], [-62.730741, 45.064227], [-62.730896, 45.064334], [-62.731264, 45.064357], [-62.731585, 45.064497], [-62.73203, 45.06451], [-62.732058, 45.064654], [-62.732353, 45.064777], [-62.732316, 45.064822], [-62.732522, 45.064955], [-62.732168, 45.065031], [-62.732144, 45.065112], [-62.731942, 45.065159], [-62.731129, 45.06515], [-62.73109, 45.065097], [-62.73129, 45.064968], [-62.731161, 45.06488], [-62.731111, 45.064889], [-62.731063, 45.065043], [-62.73085, 45.065144], [-62.730582, 45.065102], [-62.730253, 45.065169], [-62.73001, 45.06509], [-62.72974, 45.066092], [-62.729226, 45.066046], [-62.728999, 45.067085], [-62.719418, 45.066212], [-62.715789, 45.065747], [-62.713723, 45.067721], [-62.712796, 45.067137], [-62.712654, 45.067004], [-62.712494, 45.066637], [-62.712277, 45.066576], [-62.711941, 45.066301], [-62.711584, 45.066232], [-62.711471, 45.066297], [-62.711407, 45.066279], [-62.711384, 45.066414], [-62.711308, 45.066406], [-62.711294, 45.066345], [-62.711367, 45.066209], [-62.711146, 45.065932], [-62.710914, 45.065807], [-62.710608, 45.065721], [-62.710086, 45.065663], [-62.709248, 45.065663], [-62.708957, 45.065729], [-62.708601, 45.065706], [-62.707987, 45.065488], [-62.707758, 45.065463], [-62.707695, 45.065492], [-62.707722, 45.065562], [-62.70753, 45.065492], [-62.707516, 45.065421], [-62.707054, 45.065183], [-62.707001, 45.065093], [-62.706821, 45.065005], [-62.70663, 45.06498], [-62.706372, 45.064767], [-62.70633, 45.06457], [-62.70581, 45.064008], [-62.705157, 45.063772], [-62.704873, 45.063523], [-62.704833, 45.063416], [-62.704435, 45.063239], [-62.704175, 45.062954], [-62.703895, 45.062903], [-62.703585, 45.06269], [-62.703256, 45.062154], [-62.703025, 45.061977], [-62.702919, 45.061798], [-62.702249, 45.061319], [-62.701967, 45.061214], [-62.712258, 45.062707], [-62.704217, 45.058319], [-62.703357, 45.059075], [-62.698303, 45.05057], [-62.699691, 45.050124], [-62.697445, 45.046548], [-62.685477, 45.050344], [-62.679146, 45.046864], [-62.676514, 45.049105], [-62.672883, 45.052779], [-62.686926, 45.06043], [-62.679408, 45.062511], [-62.677609, 45.059177], [-62.66616, 45.062342], [-62.668252, 45.066551], [-62.66352, 45.067875]]]}, "properties": {"OBJECTID": 22, "GSA_KEY": 23, "FCODE": "GSAPOLY", "GSA_NAME": "MARINETTE", "MUN_CODE": "HRM", "GSA_REM": " ", "SOURCE": "DM", "DATE_ACT": 980899200000, "SYS_DATE": 1505692800000, "GLOBALID": "f916daac-4ea9-4a36-b65a-0d91768c6842", "Shape__Area": 233725611.96875, "Shape__Length": 115128.72975217685}}, {"type": "Feature", "id": 23, "geometry": {"type": "Polygon", "coordinates": [[[-62.861935, 44.989716], [-62.860694, 44.990046], [-62.863598, 44.995366], [-62.867995, 44.994134], [-62.870081, 44.997853], [-62.872083, 45.001561], [-62.892391, 44.995205], [-62.895332, 44.99716], [-62.904313, 44.994667], [-62.907336, 45.000043], [-62.917825, 44.997235], [-62.915529, 44.993075], [-62.925701, 44.990222], [-62.930278, 44.998354], [-62.933467, 44.996555], [-62.94274, 44.992064], [-62.942996, 44.991937], [-62.943213, 44.991756], [-62.94189, 44.991009], [-62.941532, 44.990593], [-62.94136, 44.990142], [-62.941371, 44.98973], [-62.941297, 44.989543], [-62.941188, 44.98934], [-62.940859, 44.988953], [-62.940802, 44.988746], [-62.940788, 44.988579], [-62.940855, 44.988396], [-62.940974, 44.988345], [-62.94136, 44.988275], [-62.941978, 44.987964], [-62.943046, 44.987563], [-62.943828, 44.987912], [-62.943787, 44.988281], [-62.943866, 44.988423], [-62.943982, 44.988468], [-62.944188, 44.988865], [-62.95058, 44.987081], [-62.951427, 44.988532], [-62.957592, 44.986847], [-62.95575, 44.983479], [-62.962114, 44.981651], [-62.952159, 44.97856], [-62.954974, 44.974587], [-62.958899, 44.968918], [-62.949372, 44.967613], [-62.936605, 44.966033], [-62.935741, 44.965895], [-62.935481, 44.965674], [-62.93545, 44.965213], [-62.935623, 44.964906], [-62.936375, 44.964094], [-62.936599, 44.963995], [-62.937094, 44.963909], [-62.938274, 44.96344], [-62.938614, 44.963351], [-62.938953, 44.963291], [-62.939702, 44.963326], [-62.939919, 44.963278], [-62.940223, 44.963144], [-62.940775, 44.962705], [-62.940958, 44.962644], [-62.941175, 44.962349], [-62.941465, 44.962171], [-62.942041, 44.961977], [-62.94333, 44.962026], [-62.943613, 44.961984], [-62.943723, 44.961917], [-62.943864, 44.961695], [-62.944034, 44.961538], [-62.944247, 44.961413], [-62.94473, 44.961334], [-62.944942, 44.961263], [-62.94511, 44.961137], [-62.94522, 44.960967], [-62.945186, 44.960541], [-62.945576, 44.960003], [-62.94555, 44.959842], [-62.945393, 44.959698], [-62.945189, 44.959327], [-62.944953, 44.95861], [-62.944809, 44.958395], [-62.944819, 44.958013], [-62.94444, 44.957412], [-62.943832, 44.956719], [-62.943361, 44.956459], [-62.943069, 44.956215], [-62.943014, 44.956066], [-62.943018, 44.955892], [-62.942798, 44.955575], [-62.942564, 44.955367], [-62.942213, 44.954762], [-62.942179, 44.954523], [-62.942244, 44.954312], [-62.942378, 44.954186], [-62.942638, 44.954133], [-62.943135, 44.954132], [-62.94337, 44.953917], [-62.944224, 44.953618], [-62.945361, 44.953027], [-62.945519, 44.952886], [-62.94602, 44.952754], [-62.946578, 44.952505], [-62.946717, 44.952398], [-62.94675, 44.95226], [-62.946695, 44.952124], [-62.946081, 44.951817], [-62.945838, 44.951595], [-62.945832, 44.950711], [-62.945748, 44.950521], [-62.945389, 44.95009], [-62.944939, 44.949733], [-62.944946, 44.949602], [-62.945155, 44.949345], [-62.946324, 44.948843], [-62.948341, 44.94856], [-62.949308, 44.948588], [-62.949491, 44.948663], [-62.9503, 44.949578], [-62.950948, 44.949752], [-62.95159, 44.949994], [-62.952264, 44.950778], [-62.953627, 44.951783], [-62.955145, 44.952543], [-62.955828, 44.953009], [-62.9572, 44.95357], [-62.958037, 44.953828], [-62.959938, 44.954632], [-62.961356, 44.955139], [-62.96252, 44.9557], [-62.962962, 44.955769], [-62.964841, 44.955794], [-62.965811, 44.955603], [-62.968943, 44.96155], [-62.971017, 44.96536], [-62.974732, 44.971837], [-62.975122, 44.97199], [-62.967344, 44.984094], [-62.969089, 44.987194], [-62.965049, 44.988331], [-62.968604, 44.994746], [-62.969675, 44.994441], [-62.977492, 45.008428], [-62.982566, 45.007209], [-62.981399, 45.00471], [-62.983908, 45.004124], [-62.989589, 45.003269], [-62.997492, 45.007956], [-62.999838, 45.009276], [-62.986175, 45.013791], [-62.982642, 45.014782], [-62.985913, 45.021839], [-62.989202, 45.019466], [-62.991417, 45.024894], [-63.00109, 45.017738], [-63.010373, 45.021807], [-63.004207, 45.026603], [-62.99866, 45.031281], [-62.995072, 45.034724], [-62.989053, 45.040632], [-62.976568, 45.035919], [-62.975491, 45.036702], [-62.981823, 45.047721], [-62.976546, 45.049071], [-62.971697, 45.05056], [-62.966918, 45.045717], [-62.962953, 45.041912], [-62.96282, 45.041734], [-62.958134, 45.037162], [-62.952837, 45.039789], [-62.948032, 45.042028], [-62.94377, 45.044152], [-62.939725, 45.040009], [-62.93388, 45.034179], [-62.933242, 45.034563], [-62.931624, 45.036084], [-62.940065, 45.040708], [-62.932924, 45.047249], [-62.931667, 45.046208], [-62.9311, 45.046404], [-62.926357, 45.040942], [-62.925696, 45.041212], [-62.922242, 45.042933], [-62.917518, 45.044647], [-62.911502, 45.046216], [-62.910459, 45.044325], [-62.907591, 45.041888], [-62.905067, 45.042124], [-62.901593, 45.043049], [-62.900662, 45.041323], [-62.895838, 45.042575], [-62.898082, 45.046916], [-62.895235, 45.047811], [-62.895366, 45.047976], [-62.89605, 45.050477], [-62.896342, 45.051059], [-62.886963, 45.053774], [-62.885516, 45.051401], [-62.880796, 45.052621], [-62.883621, 45.057882], [-62.868809, 45.061822], [-62.843113, 45.041894], [-62.850239, 45.035757], [-62.828589, 45.009175], [-62.832042, 45.008195], [-62.831049, 45.006133], [-62.828413, 45.001574], [-62.831677, 45.000658], [-62.828989, 44.996037], [-62.822177, 44.997957], [-62.823335, 45.000031], [-62.818598, 45.001418], [-62.816018, 45.004809], [-62.806784, 44.99844], [-62.805429, 45.000206], [-62.79606, 44.996735], [-62.798893, 44.993071], [-62.797774, 44.992565], [-62.797263, 44.992172], [-62.796875, 44.991964], [-62.791989, 44.993389], [-62.789128, 44.987689], [-62.784065, 44.984709], [-62.791817, 44.97888], [-62.795237, 44.981109], [-62.79373, 44.982269], [-62.793743, 44.9824], [-62.794343, 44.982572], [-62.795431, 44.982666], [-62.796129, 44.982805], [-62.797532, 44.985294], [-62.80796, 44.982412], [-62.809838, 44.985806], [-62.821494, 44.982571], [-62.823874, 44.987075], [-62.825878, 44.986566], [-62.83522, 44.983942], [-62.832791, 44.979533], [-62.840188, 44.977539], [-62.843494, 44.983646], [-62.849581, 44.982027], [-62.851023, 44.984574], [-62.853411, 44.983948], [-62.856611, 44.990076], [-62.861431, 44.988772], [-62.861935, 44.989716]]]}, "properties": {"OBJECTID": 23, "GSA_KEY": 24, "FCODE": "GSAPOLY", "GSA_NAME": "LONG LAKE", "MUN_CODE": "HRM", "GSA_REM": " ", "SOURCE": null, "DATE_ACT": 980899200000, "SYS_DATE": 1691759411000, "GLOBALID": "7b86e0ef-a49f-4c72-b08d-f25d813bfc27", "Shape__Area": 168877490.34765625, "Shape__Length": 116105.59213030394}}, {"type": "Feature", "id": 24, "geometry": {"type": "Polygon", "coordinates": [[[-63.306606, 45.002294], [-63.306838, 45.002246], [-63.307198, 45.001986], [-63.308108, 45.002951], [-63.308389, 45.003359], [-63.308953, 45.003962], [-63.308426, 45.004575], [-63.308597, 45.005133], [-63.308746, 45.005298], [-63.309571, 45.005844], [-63.309719, 45.006064], [-63.310039, 45.006275], [-63.310211, 45.006538], [-63.310349, 45.007205], [-63.310304, 45.008149], [-63.310071, 45.008363], [-63.309536, 45.008465], [-63.309485, 45.008519], [-63.309495, 45.008599], [-63.309957, 45.009001], [-63.310466, 45.008925], [-63.310938, 45.008777], [-63.311093, 45.008671], [-63.311184, 45.008536], [-63.311536, 45.007469], [-63.311641, 45.007326], [-63.311887, 45.00705], [-63.312041, 45.006971], [-63.312143, 45.006972], [-63.31238, 45.007127], [-63.312663, 45.007562], [-63.312821, 45.007683], [-63.312849, 45.007807], [-63.313097, 45.008035], [-63.313146, 45.008134], [-63.313157, 45.008242], [-63.312899, 45.008455], [-63.312922, 45.008518], [-63.313035, 45.00861], [-63.313351, 45.008676], [-63.313413, 45.008731], [-63.313244, 45.008936], [-63.31334, 45.009188], [-63.313285, 45.009413], [-63.313393, 45.009683], [-63.313531, 45.009767], [-63.31358, 45.009866], [-63.313347, 45.010071], [-63.313343, 45.010296], [-63.313392, 45.01035], [-63.313761, 45.010318], [-63.313899, 45.010374], [-63.314009, 45.01058], [-63.314309, 45.010792], [-63.314151, 45.011069], [-63.314122, 45.011249], [-63.314446, 45.011558], [-63.314691, 45.011966], [-63.314978, 45.012203], [-63.315133, 45.012672], [-63.315441, 45.013125], [-63.315271, 45.013384], [-63.315342, 45.013637], [-63.315479, 45.013738], [-63.315643, 45.013766], [-63.315718, 45.013848], [-63.315715, 45.013965], [-63.315245, 45.014626], [-63.315217, 45.014752], [-63.315827, 45.015316], [-63.315863, 45.015406], [-63.315845, 45.015693], [-63.315905, 45.015856], [-63.31655, 45.015936], [-63.316773, 45.016207], [-63.316924, 45.016272], [-63.317256, 45.016186], [-63.31752, 45.016279], [-63.317644, 45.016432], [-63.317603, 45.016557], [-63.317653, 45.016631], [-63.317854, 45.016723], [-63.317951, 45.01694], [-63.318126, 45.01705], [-63.318147, 45.017256], [-63.318069, 45.017355], [-63.317929, 45.01739], [-63.31789, 45.017443], [-63.317727, 45.01798], [-63.318185, 45.01849], [-63.318499, 45.018646], [-63.315156, 45.022497], [-63.315235, 45.022673], [-63.315455, 45.022568], [-63.318638, 45.01886], [-63.318727, 45.0189], [-63.318787, 45.018838], [-63.318712, 45.018775], [-63.320576, 45.016619], [-63.321388, 45.015611], [-63.321842, 45.015735], [-63.323292, 45.016344], [-63.325329, 45.017315], [-63.327664, 45.019156], [-63.331148, 45.015258], [-63.332557, 45.015879], [-63.335669, 45.009769], [-63.337661, 45.008453], [-63.338771, 45.006593], [-63.340399, 45.007014], [-63.350556, 45.010388], [-63.34875, 45.012246], [-63.351528, 45.013444], [-63.349052, 45.016492], [-63.351811, 45.017708], [-63.349511, 45.020807], [-63.3477, 45.023129], [-63.347933, 45.023814], [-63.357202, 45.02767], [-63.356568, 45.028015], [-63.355397, 45.028831], [-63.354148, 45.030086], [-63.355649, 45.029817], [-63.355957, 45.030636], [-63.356001, 45.030988], [-63.355853, 45.031418], [-63.355552, 45.031838], [-63.355385, 45.031972], [-63.355078, 45.032095], [-63.354249, 45.032275], [-63.353495, 45.032574], [-63.352039, 45.032991], [-63.351323, 45.033272], [-63.350473, 45.033866], [-63.349917, 45.034382], [-63.349262, 45.034808], [-63.349082, 45.034878], [-63.348778, 45.034893], [-63.348327, 45.034555], [-63.348092, 45.034265], [-63.348084, 45.034058], [-63.348009, 45.033976], [-63.34782, 45.03392], [-63.347021, 45.033885], [-63.346881, 45.033893], [-63.346468, 45.034258], [-63.346095, 45.034506], [-63.346003, 45.034631], [-63.34588, 45.035062], [-63.345623, 45.035248], [-63.345459, 45.035192], [-63.345373, 45.035075], [-63.34521, 45.034974], [-63.34487, 45.034818], [-63.344718, 45.034798], [-63.34454, 45.034832], [-63.343593, 45.035228], [-63.343236, 45.035269], [-63.343086, 45.035168], [-63.343001, 45.034979], [-63.342995, 45.034664], [-63.343126, 45.034458], [-63.343128, 45.034341], [-63.343054, 45.034232], [-63.342815, 45.034158], [-63.342687, 45.034183], [-63.342199, 45.034476], [-63.341969, 45.034536], [-63.341172, 45.034429], [-63.34093, 45.034472], [-63.340762, 45.034596], [-63.340773, 45.034695], [-63.340983, 45.034976], [-63.340981, 45.035102], [-63.340916, 45.035164], [-63.340405, 45.035303], [-63.33934, 45.035248], [-63.338895, 45.035297], [-63.338283, 45.035453], [-63.337915, 45.035458], [-63.337219, 45.035352], [-63.336709, 45.035446], [-63.336298, 45.035693], [-63.336125, 45.036097], [-63.335929, 45.036365], [-63.258764, 45.064456], [-63.261189, 45.061247], [-63.253341, 45.058023], [-63.253119, 45.058286], [-63.250885, 45.057114], [-63.248795, 45.059791], [-63.239789, 45.056496], [-63.245343, 45.04926], [-63.247957, 45.048725], [-63.246177, 45.044207], [-63.243332, 45.038874], [-63.241911, 45.035433], [-63.241052, 45.033635], [-63.240044, 45.033848], [-63.23393, 45.027415], [-63.228329, 45.022195], [-63.237162, 45.018118], [-63.238012, 45.017533], [-63.239222, 45.0168], [-63.228343, 45.00808], [-63.230218, 45.007044], [-63.232913, 45.006494], [-63.233971, 45.006732], [-63.236707, 45.007076], [-63.239131, 45.007573], [-63.240929, 45.008316], [-63.242241, 45.009052], [-63.243292, 45.009566], [-63.244303, 45.00986], [-63.245273, 45.009784], [-63.251444, 45.005574], [-63.24805, 45.00318], [-63.252498, 44.999654], [-63.254563, 45.001199], [-63.263344, 44.994613], [-63.263729, 44.994584], [-63.263777, 44.994628], [-63.264091, 44.994479], [-63.263835, 44.994246], [-63.273675, 44.98687], [-63.274612, 44.988841], [-63.270698, 44.994338], [-63.272769, 44.999693], [-63.273356, 45.00053], [-63.275329, 45.007293], [-63.277323, 45.007455], [-63.286468, 45.010632], [-63.287498, 45.011257], [-63.28988, 45.012365], [-63.289468, 45.013271], [-63.289392, 45.013567], [-63.289426, 45.014084], [-63.289628, 45.014269], [-63.289895, 45.014374], [-63.289684, 45.014075], [-63.289646, 45.013585], [-63.289714, 45.013318], [-63.290254, 45.012127], [-63.293277, 45.013922], [-63.295374, 45.011555], [-63.298127, 45.01272], [-63.301728, 45.008571], [-63.306387, 45.002567], [-63.306314, 45.002327], [-63.306606, 45.002294]]]}, "properties": {"OBJECTID": 24, "GSA_KEY": 25, "FCODE": "GSAPOLY", "GSA_NAME": "COOKS BROOK", "MUN_CODE": "HRM", "GSA_REM": " ", "SOURCE": "DM", "DATE_ACT": 980899200000, "SYS_DATE": 1678473761000, "GLOBALID": "9cb33afc-e678-44af-8cb5-fe8418a31a70", "Shape__Area": 83525775.40234375, "Shape__Length": 59079.18349343856}}, {"type": "Feature", "id": 25, "geometry": {"type": "Polygon", "coordinates": [[[-63.412591, 45.058385], [-63.412007, 45.05838], [-63.411433, 45.058482], [-63.411015, 45.058442], [-63.410612, 45.058285], [-63.408444, 45.05678], [-63.408032, 45.056425], [-63.407871, 45.056171], [-63.407618, 45.055494], [-63.407321, 45.05505], [-63.407159, 45.054923], [-63.407008, 45.054831], [-63.405883, 45.054587], [-63.40528, 45.054257], [-63.405056, 45.053985], [-63.405034, 45.05384], [-63.405074, 45.053751], [-63.40528, 45.053564], [-63.406023, 45.05322], [-63.406294, 45.052989], [-63.406297, 45.052845], [-63.406224, 45.0527], [-63.405887, 45.052391], [-63.405457, 45.05227], [-63.405166, 45.05224], [-63.403435, 45.052457], [-63.403292, 45.052627], [-63.403394, 45.052926], [-63.402835, 45.05307], [-63.402554, 45.053277], [-63.402592, 45.053462], [-63.402562, 45.053594], [-63.402623, 45.05369], [-63.402577, 45.053822], [-63.40265, 45.053928], [-63.402603, 45.053999], [-63.401886, 45.054061], [-63.40167, 45.054188], [-63.401265, 45.054313], [-63.401124, 45.053814], [-63.401166, 45.053747], [-63.401117, 45.053622], [-63.401174, 45.053431], [-63.402037, 45.052728], [-63.402089, 45.052636], [-63.401954, 45.052491], [-63.401948, 45.052319], [-63.40167, 45.052058], [-63.401643, 45.051858], [-63.401438, 45.05167], [-63.401131, 45.051039], [-63.400962, 45.050881], [-63.400193, 45.051187], [-63.399845, 45.051376], [-63.399768, 45.051532], [-63.399739, 45.051793], [-63.399904, 45.052143], [-63.399878, 45.052213], [-63.398674, 45.052149], [-63.39804, 45.051846], [-63.397449, 45.051876], [-63.396299, 45.051551], [-63.396055, 45.051443], [-63.395651, 45.051367], [-63.395439, 45.051395], [-63.395327, 45.05159], [-63.39505, 45.051864], [-63.394923, 45.051972], [-63.39471, 45.052052], [-63.394633, 45.05194], [-63.394164, 45.051768], [-63.393615, 45.051707], [-63.393303, 45.051592], [-63.392676, 45.051475], [-63.392517, 45.051529], [-63.392285, 45.051359], [-63.392144, 45.051335], [-63.39195, 45.051379], [-63.39133, 45.051868], [-63.391179, 45.051934], [-63.390958, 45.051921], [-63.39083, 45.051808], [-63.390636, 45.05139], [-63.390638, 45.051275], [-63.390431, 45.05097], [-63.389794, 45.050723], [-63.389021, 45.049896], [-63.389018, 45.049787], [-63.389115, 45.049697], [-63.389889, 45.049476], [-63.390103, 45.04934], [-63.390135, 45.04922], [-63.390083, 45.049051], [-63.389865, 45.048765], [-63.389533, 45.048587], [-63.389197, 45.048503], [-63.388816, 45.048234], [-63.388611, 45.047914], [-63.388739, 45.047509], [-63.389103, 45.047183], [-63.389233, 45.04697], [-63.389665, 45.046604], [-63.389828, 45.046372], [-63.389976, 45.045965], [-63.390081, 45.045804], [-63.390162, 45.045049], [-63.390345, 45.044609], [-63.390475, 45.044476], [-63.390821, 45.044281], [-63.39123, 45.044177], [-63.391651, 45.044444], [-63.391796, 45.04462], [-63.391918, 45.044621], [-63.39204, 45.044692], [-63.392385, 45.044678], [-63.392635, 45.044453], [-63.392758, 45.044472], [-63.392832, 45.044421], [-63.392983, 45.044265], [-63.393037, 45.044039], [-63.393034, 45.043278], [-63.393202, 45.043134], [-63.393329, 45.042891], [-63.393429, 45.042822], [-63.393577, 45.042806], [-63.393823, 45.042809], [-63.393871, 45.042861], [-63.394333, 45.042833], [-63.394454, 45.042729], [-63.394428, 45.042503], [-63.394098, 45.042147], [-63.393938, 45.041852], [-63.393935, 45.04171], [-63.394561, 45.041431], [-63.394582, 45.041263], [-63.394709, 45.041135], [-63.394923, 45.040722], [-63.395329, 45.040277], [-63.3956, 45.040109], [-63.395886, 45.039973], [-63.396523, 45.0398], [-63.39747, 45.039853], [-63.397698, 45.039953], [-63.397984, 45.040188], [-63.398116, 45.040203], [-63.398689, 45.040706], [-63.398885, 45.040808], [-63.399149, 45.041886], [-63.399252, 45.042106], [-63.399379, 45.042236], [-63.399526, 45.042688], [-63.399678, 45.04291], [-63.400038, 45.043079], [-63.400246, 45.043081], [-63.400454, 45.043028], [-63.400717, 45.042883], [-63.401034, 45.042573], [-63.401219, 45.04255], [-63.40197, 45.042126], [-63.401979, 45.042196], [-63.402557, 45.041752], [-63.40319, 45.041702], [-63.403383, 45.04164], [-63.403443, 45.041419], [-63.403534, 45.041316], [-63.40381, 45.041262], [-63.404586, 45.041335], [-63.404791, 45.041248], [-63.405325, 45.040738], [-63.405674, 45.040159], [-63.405796, 45.039742], [-63.405768, 45.039188], [-63.405837, 45.039053], [-63.406839, 45.038608], [-63.40684, 45.038456], [-63.4066, 45.038143], [-63.406548, 45.037993], [-63.406621, 45.037651], [-63.406857, 45.037416], [-63.407808, 45.035954], [-63.410006, 45.033347], [-63.409986, 45.033169], [-63.411371, 45.031393], [-63.408393, 45.0301], [-63.408272, 45.029781], [-63.408378, 45.028855], [-63.408565, 45.028379], [-63.408596, 45.028109], [-63.408529, 45.027605], [-63.408407, 45.02737], [-63.408339, 45.026929], [-63.408217, 45.026665], [-63.408264, 45.026172], [-63.40833, 45.026074], [-63.408372, 45.025849], [-63.408177, 45.025424], [-63.408168, 45.025253], [-63.408307, 45.024606], [-63.40853, 45.024238], [-63.408547, 45.02397], [-63.408392, 45.023473], [-63.408326, 45.022924], [-63.408167, 45.022625], [-63.407709, 45.022], [-63.407662, 45.02182], [-63.407466, 45.021466], [-63.407482, 45.021287], [-63.407828, 45.020444], [-63.407858, 45.020157], [-63.40797, 45.019941], [-63.407058, 45.019581], [-63.40956, 45.016451], [-63.41413, 45.010884], [-63.424774, 45.01499], [-63.433478, 45.018257], [-63.433721, 45.019294], [-63.434241, 45.020667], [-63.434484, 45.021236], [-63.435178, 45.02216], [-63.435373, 45.022594], [-63.436396, 45.025591], [-63.436716, 45.026089], [-63.437027, 45.026461], [-63.437526, 45.026907], [-63.437712, 45.027161], [-63.437784, 45.02735], [-63.437819, 45.027531], [-63.43779, 45.027728], [-63.437672, 45.027925], [-63.437491, 45.028094], [-63.437286, 45.028201], [-63.436764, 45.028331], [-63.436471, 45.028355], [-63.436203, 45.028469], [-63.435905, 45.028773], [-63.435822, 45.029159], [-63.435903, 45.029573], [-63.436137, 45.02999], [-63.436995, 45.030898], [-63.437403, 45.031477], [-63.437735, 45.032065], [-63.438015, 45.032698], [-63.438098, 45.033023], [-63.438128, 45.033491], [-63.438002, 45.034129], [-63.437856, 45.03446], [-63.437478, 45.035006], [-63.437154, 45.035354], [-63.435841, 45.036358], [-63.434907, 45.037447], [-63.434709, 45.03786], [-63.434503, 45.038704], [-63.434231, 45.041041], [-63.434135, 45.041436], [-63.433936, 45.041893], [-63.433688, 45.042233], [-63.43312, 45.04274], [-63.432492, 45.043076], [-63.431584, 45.043428], [-63.431023, 45.043594], [-63.43017, 45.04373], [-63.429421, 45.043741], [-63.428636, 45.043598], [-63.427248, 45.043144], [-63.42618, 45.042576], [-63.42523, 45.041811], [-63.424699, 45.041671], [-63.424154, 45.041666], [-63.423745, 45.041779], [-63.423374, 45.041974], [-63.422975, 45.042258], [-63.422817, 45.042518], [-63.422853, 45.042671], [-63.423558, 45.042957], [-63.423683, 45.043057], [-63.423769, 45.04321], [-63.423779, 45.043373], [-63.42366, 45.043596], [-63.423378, 45.043738], [-63.42282, 45.043723], [-63.422005, 45.043851], [-63.421776, 45.043912], [-63.421505, 45.044161], [-63.421398, 45.044412], [-63.42138, 45.0447], [-63.421531, 45.045466], [-63.421675, 45.045908], [-63.422382, 45.046797], [-63.423079, 45.047542], [-63.423225, 45.047867], [-63.423245, 45.048146], [-63.423068, 45.04881], [-63.422649, 45.049481], [-63.422454, 45.049695], [-63.42221, 45.049873], [-63.421568, 45.050227], [-63.421336, 45.050414], [-63.421179, 45.050655], [-63.421174, 45.050925], [-63.421422, 45.051279], [-63.421761, 45.05148], [-63.422114, 45.051609], [-63.422935, 45.051797], [-63.423249, 45.051998], [-63.423507, 45.05245], [-63.423627, 45.052802], [-63.423656, 45.053315], [-63.423439, 45.054024], [-63.423245, 45.054886], [-63.42293, 45.055468], [-63.422646, 45.055718], [-63.42189, 45.056098], [-63.421477, 45.056409], [-63.421411, 45.056579], [-63.421445, 45.057479], [-63.42135, 45.057793], [-63.421246, 45.057936], [-63.421039, 45.058096], [-63.420502, 45.058334], [-63.419598, 45.05847], [-63.41904, 45.058392], [-63.417879, 45.058013], [-63.417574, 45.058046], [-63.416769, 45.058344], [-63.416438, 45.058377], [-63.415004, 45.058336], [-63.413857, 45.058568], [-63.413235, 45.058535], [-63.412591, 45.058385]]]}, "properties": {"OBJECTID": 25, "GSA_KEY": 26, "FCODE": "GSAPOLY", "GSA_NAME": "MILFORD", "MUN_CODE": "HRM", "GSA_REM": " ", "SOURCE": "CS", "DATE_ACT": 980899200000, "SYS_DATE": 1484179200000, "GLOBALID": "14dcbd6d-a994-4205-a1ec-022bbd34bbd2", "Shape__Area": 20787049.91796875, "Shape__Length": 26259.973699122434}}, {"type": "Feature", "id": 26, "geometry": {"type": "Polygon", "coordinates": [[[-63.092694, 45.057497], [-63.094044, 45.052454], [-63.086496, 45.051937], [-63.086345, 45.051264], [-63.086436, 45.049065], [-63.088583, 45.04613], [-63.088237, 45.045283], [-63.088837, 45.043957], [-63.085089, 45.043292], [-63.0845, 45.04297], [-63.084509, 45.042882], [-63.084391, 45.042784], [-63.082731, 45.042667], [-63.075219, 45.038971], [-63.073565, 45.038613], [-63.072959, 45.039533], [-63.070557, 45.040412], [-63.068954, 45.039537], [-63.068367, 45.038625], [-63.068255, 45.038551], [-63.066648, 45.035539], [-63.068837, 45.03405], [-63.069923, 45.024452], [-63.069586, 45.024363], [-63.069333, 45.024589], [-63.068975, 45.024675], [-63.068076, 45.024618], [-63.067934, 45.024707], [-63.067884, 45.024851], [-63.067696, 45.024843], [-63.06837, 45.021711], [-63.074612, 45.020489], [-63.075429, 45.015927], [-63.080897, 45.014896], [-63.078095, 45.008689], [-63.071323, 45.010161], [-63.06939, 45.006217], [-63.064198, 44.996031], [-63.043744, 45.001844], [-63.038385, 44.992372], [-63.058464, 44.986651], [-63.03933, 44.981913], [-63.039532, 44.979582], [-63.024782, 44.971139], [-63.02269, 44.970436], [-63.026565, 44.964619], [-63.017883, 44.961605], [-63.011505, 44.963222], [-63.010832, 44.962719], [-63.009386, 44.963712], [-63.000524, 44.957976], [-63.000325, 44.958027], [-62.993056, 44.951743], [-62.991814, 44.951961], [-62.989625, 44.950192], [-63.003889, 44.946039], [-63.004837, 44.945675], [-63.008557, 44.945452], [-63.010435, 44.946081], [-63.010819, 44.947449], [-63.011541, 44.948542], [-63.012365, 44.949121], [-63.012528, 44.949341], [-63.013371, 44.951066], [-63.018962, 44.949661], [-63.019751, 44.9511], [-63.029552, 44.948176], [-63.032317, 44.952773], [-63.038863, 44.950787], [-63.038492, 44.95345], [-63.037419, 44.953807], [-63.041615, 44.961473], [-63.053031, 44.958159], [-63.054126, 44.957943], [-63.056468, 44.962098], [-63.0536, 44.963025], [-63.055881, 44.967292], [-63.05977, 44.967645], [-63.07209, 44.973457], [-63.072692, 44.981936], [-63.090742, 44.982828], [-63.089817, 44.980757], [-63.086862, 44.980773], [-63.087013, 44.9762], [-63.093717, 44.976288], [-63.093318, 44.980961], [-63.093671, 44.980968], [-63.0962, 44.987004], [-63.099394, 44.993883], [-63.101058, 44.993521], [-63.101872, 44.995478], [-63.105934, 44.994598], [-63.106831, 44.99658], [-63.112992, 44.999048], [-63.119975, 45.001927], [-63.119167, 45.002866], [-63.123959, 45.004769], [-63.119838, 45.009476], [-63.125164, 45.011695], [-63.125748, 45.011437], [-63.13172, 45.009169], [-63.133036, 45.009521], [-63.133794, 45.009585], [-63.134798, 45.009556], [-63.135007, 45.009845], [-63.135345, 45.010168], [-63.144782, 45.017806], [-63.139476, 45.019703], [-63.139579, 45.021763], [-63.139248, 45.021918], [-63.138975, 45.022363], [-63.139104, 45.022549], [-63.139259, 45.023221], [-63.1395, 45.0251], [-63.139857, 45.027298], [-63.139735, 45.027249], [-63.139536, 45.027067], [-63.138802, 45.026995], [-63.138108, 45.026816], [-63.138045, 45.026779], [-63.137936, 45.026571], [-63.13739, 45.0266], [-63.137188, 45.026474], [-63.130375, 45.033619], [-63.132063, 45.034372], [-63.134009, 45.033365], [-63.135218, 45.037312], [-63.136274, 45.041054], [-63.136261, 45.041467], [-63.136308, 45.041764], [-63.136544, 45.04254], [-63.136938, 45.044324], [-63.137209, 45.045191], [-63.137269, 45.045707], [-63.137062, 45.046001], [-63.136322, 45.046546], [-63.136128, 45.047072], [-63.13611, 45.047807], [-63.135955, 45.048218], [-63.135619, 45.048574], [-63.134993, 45.048889], [-63.134491, 45.049386], [-63.134058, 45.050012], [-63.132972, 45.051327], [-63.132399, 45.05172], [-63.131476, 45.05202], [-63.131155, 45.051959], [-63.130385, 45.051221], [-63.129984, 45.050521], [-63.129588, 45.0503], [-63.128916, 45.050155], [-63.128144, 45.050146], [-63.127111, 45.050327], [-63.123972, 45.051189], [-63.122589, 45.051868], [-63.122519, 45.052117], [-63.122199, 45.052706], [-63.121849, 45.053226], [-63.121638, 45.054187], [-63.116546, 45.049019], [-63.115866, 45.049339], [-63.114024, 45.049645], [-63.111989, 45.050697], [-63.111099, 45.051203], [-63.110926, 45.05156], [-63.110508, 45.051676], [-63.107994, 45.052788], [-63.102782, 45.055654], [-63.103132, 45.055996], [-63.102907, 45.056001], [-63.102504, 45.056119], [-63.100725, 45.056795], [-63.099704, 45.057044], [-63.09917, 45.057095], [-63.098894, 45.057077], [-63.098517, 45.056964], [-63.097379, 45.056993], [-63.095886, 45.056852], [-63.095118, 45.056828], [-63.09414, 45.057019], [-63.094088, 45.05733], [-63.093868, 45.05748], [-63.093589, 45.057467], [-63.093185, 45.057372], [-63.092694, 45.057497]]]}, "properties": {"OBJECTID": 26, "GSA_KEY": 27, "FCODE": "GSAPOLY", "GSA_NAME": "BROOKVALE", "MUN_CODE": "HRM", "GSA_REM": " ", "SOURCE": "DM", "DATE_ACT": 1374710400000, "SYS_DATE": 1504656000000, "GLOBALID": "dd95fe30-7489-4b88-90b1-b6870bd0c8c3", "Shape__Area": 94993138.25390625, "Shape__Length": 76965.56413848429}}, {"type": "Feature", "id": 27, "geometry": {"type": "Polygon", "coordinates": [[[-62.428959, 44.986126], [-62.427672, 44.984537], [-62.42807, 44.98328], [-62.428414, 44.98272], [-62.435321, 44.981273], [-62.43538, 44.981389], [-62.488356, 44.969066], [-62.488502, 44.968698], [-62.488801, 44.968407], [-62.490523, 44.967519], [-62.490821, 44.967193], [-62.490979, 44.966836], [-62.492055, 44.966944], [-62.493552, 44.967173], [-62.493994, 44.967345], [-62.494, 44.967608], [-62.493773, 44.968816], [-62.493793, 44.969353], [-62.494561, 44.970545], [-62.494651, 44.970864], [-62.49456, 44.971462], [-62.49442, 44.971723], [-62.493543, 44.97253], [-62.493421, 44.972933], [-62.493525, 44.973258], [-62.493822, 44.973587], [-62.494074, 44.974072], [-62.494176, 44.974515], [-62.493974, 44.974902], [-62.493103, 44.975647], [-62.49259, 44.976018], [-62.492206, 44.976383], [-62.492204, 44.976734], [-62.492487, 44.977087], [-62.492928, 44.977437], [-62.493451, 44.97777], [-62.49449, 44.978344], [-62.498277, 44.979991], [-62.502347, 44.982138], [-62.503408, 44.982632], [-62.504353, 44.983206], [-62.504983, 44.983259], [-62.505084, 44.983338], [-62.505947, 44.983565], [-62.506577, 44.983873], [-62.507486, 44.983952], [-62.508116, 44.984207], [-62.508575, 44.984516], [-62.508675, 44.984637], [-62.509256, 44.984893], [-62.511522, 44.985482], [-62.511629, 44.985581], [-62.511508, 44.985865], [-62.511573, 44.985918], [-62.512346, 44.985947], [-62.512932, 44.986068], [-62.513316, 44.986254], [-62.513869, 44.98632], [-62.514099, 44.986416], [-62.514955, 44.986578], [-62.515893, 44.986673], [-62.516529, 44.986837], [-62.517931, 44.986969], [-62.518659, 44.987214], [-62.51918, 44.987273], [-62.520055, 44.987274], [-62.520259, 44.987371], [-62.520755, 44.987421], [-62.521112, 44.987534], [-62.521617, 44.987395], [-62.522365, 44.987442], [-62.523379, 44.987388], [-62.523455, 44.987351], [-62.524452, 44.987396], [-62.531319, 45.001657], [-62.538952, 45.000049], [-62.586355, 44.989831], [-62.609052, 44.984681], [-62.610589, 44.988752], [-62.605159, 44.989939], [-62.607331, 44.995389], [-62.600964, 44.996684], [-62.603135, 45.002143], [-62.604063, 45.002004], [-62.606462, 45.008545], [-62.60681, 45.008501], [-62.607556, 45.011013], [-62.608158, 45.013275], [-62.600727, 45.014236], [-62.601527, 45.017821], [-62.602336, 45.020963], [-62.604532, 45.02069], [-62.605957, 45.026498], [-62.598297, 45.022743], [-62.592688, 45.0287], [-62.597008, 45.030679], [-62.586854, 45.041639], [-62.586309, 45.041387], [-62.585029, 45.04148], [-62.584482, 45.041404], [-62.584204, 45.041461], [-62.584088, 45.041381], [-62.583655, 45.041286], [-62.583136, 45.041381], [-62.582757, 45.041512], [-62.582799, 45.041655], [-62.583146, 45.041894], [-62.5839, 45.042184], [-62.585121, 45.042325], [-62.585629, 45.042329], [-62.58637, 45.042583], [-62.58664, 45.042752], [-62.587617, 45.042724], [-62.588205, 45.042926], [-62.588725, 45.042948], [-62.589045, 45.043062], [-62.589098, 45.043169], [-62.588781, 45.04319], [-62.588503, 45.043283], [-62.588317, 45.043492], [-62.587439, 45.044049], [-62.586448, 45.044094], [-62.585864, 45.044019], [-62.585353, 45.043853], [-62.584845, 45.043813], [-62.584282, 45.043575], [-62.583871, 45.043336], [-62.583124, 45.042758], [-62.583059, 45.042669], [-62.583118, 45.042461], [-62.583091, 45.042328], [-62.582832, 45.042068], [-62.582614, 45.041989], [-62.582246, 45.041993], [-62.582118, 45.04194], [-62.581975, 45.04169], [-62.581598, 45.041244], [-62.581634, 45.04117], [-62.581837, 45.041151], [-62.582114, 45.041022], [-62.582192, 45.040464], [-62.581999, 45.040321], [-62.581554, 45.040271], [-62.580948, 45.04043], [-62.580732, 45.040432], [-62.579632, 45.04065], [-62.579185, 45.04051], [-62.578478, 45.040705], [-62.578038, 45.04097], [-62.577582, 45.041002], [-62.577395, 45.041166], [-62.576635, 45.041236], [-62.576456, 45.041174], [-62.576479, 45.041057], [-62.577006, 45.040719], [-62.577403, 45.04024], [-62.577617, 45.040156], [-62.578342, 45.040266], [-62.578346, 45.040419], [-62.5785, 45.040525], [-62.578677, 45.040506], [-62.578789, 45.040415], [-62.57885, 45.040279], [-62.57872, 45.040073], [-62.578475, 45.039868], [-62.578231, 45.039746], [-62.57843, 45.039555], [-62.578662, 45.039085], [-62.578722, 45.03885], [-62.578682, 45.038725], [-62.578528, 45.038582], [-62.578486, 45.038457], [-62.578699, 45.038283], [-62.578858, 45.037957], [-62.579046, 45.037829], [-62.579206, 45.037631], [-62.579242, 45.037478], [-62.579139, 45.037405], [-62.579162, 45.037244], [-62.578396, 45.037026], [-62.577676, 45.036564], [-62.576752, 45.036681], [-62.575721, 45.037177], [-62.575224, 45.037064], [-62.575031, 45.036958], [-62.57485, 45.036763], [-62.574718, 45.036484], [-62.574344, 45.036209], [-62.573784, 45.036124], [-62.573062, 45.036158], [-62.572676, 45.035874], [-62.572595, 45.035605], [-62.572531, 45.035614], [-62.572469, 45.035704], [-62.572038, 45.035736], [-62.571893, 45.035441], [-62.572184, 45.035383], [-62.572939, 45.035043], [-62.573293, 45.034959], [-62.573379, 45.034842], [-62.573569, 45.034102], [-62.57388, 45.033792], [-62.574059, 45.033854], [-62.574138, 45.033962], [-62.574145, 45.034394], [-62.574066, 45.034899], [-62.57408, 45.034987], [-62.574313, 45.035193], [-62.574331, 45.03548], [-62.575161, 45.035778], [-62.575415, 45.035785], [-62.575855, 45.035565], [-62.576103, 45.035275], [-62.576125, 45.035059], [-62.576084, 45.034889], [-62.575888, 45.03461], [-62.57522, 45.034131], [-62.575061, 45.033782], [-62.575156, 45.033466], [-62.575142, 45.033368], [-62.574859, 45.033189], [-62.574163, 45.032611], [-62.573527, 45.031879], [-62.573526, 45.031781], [-62.573024, 45.031425], [-62.573004, 45.031039], [-62.572847, 45.030787], [-62.572833, 45.03069], [-62.572474, 45.030495], [-62.572408, 45.030379], [-62.57239, 45.030117], [-62.572034, 45.030075], [-62.571547, 45.029828], [-62.571154, 45.02984], [-62.570764, 45.029988], [-62.570382, 45.02992], [-62.570291, 45.029805], [-62.570064, 45.029933], [-62.570132, 45.030129], [-62.569889, 45.030068], [-62.569816, 45.030213], [-62.569271, 45.030245], [-62.568831, 45.030483], [-62.568628, 45.030503], [-62.568129, 45.030274], [-62.567602, 45.029919], [-62.567445, 45.029659], [-62.566578, 45.029451], [-62.566577, 45.029406], [-62.566779, 45.029315], [-62.566814, 45.029171], [-62.56661, 45.029109], [-62.566482, 45.028994], [-62.566463, 45.028689], [-62.566371, 45.028526], [-62.565687, 45.028623], [-62.565446, 45.028598], [-62.565218, 45.028654], [-62.56485, 45.028658], [-62.564684, 45.028543], [-62.56464, 45.028265], [-62.564536, 45.028121], [-62.563814, 45.02819], [-62.56312, 45.028404], [-62.562994, 45.028487], [-62.562776, 45.029047], [-62.562627, 45.0292], [-62.562099, 45.029475], [-62.56185, 45.029765], [-62.561017, 45.029971], [-62.560703, 45.030172], [-62.560604, 45.030318], [-62.560583, 45.03057], [-62.560522, 45.030678], [-62.560095, 45.030898], [-62.559711, 45.031423], [-62.559447, 45.031588], [-62.558893, 45.031782], [-62.558525, 45.031785], [-62.558193, 45.031707], [-62.557388, 45.031391], [-62.55721, 45.031392], [-62.556847, 45.03163], [-62.556554, 45.031587], [-62.556313, 45.031626], [-62.555618, 45.031758], [-62.555417, 45.031887], [-62.555406, 45.031967], [-62.555678, 45.032235], [-62.55568, 45.032351], [-62.555947, 45.032385], [-62.556357, 45.032607], [-62.556399, 45.032813], [-62.556709, 45.033143], [-62.557141, 45.03313], [-62.557684, 45.03371], [-62.557955, 45.033905], [-62.557982, 45.034004], [-62.558175, 45.034147], [-62.55832, 45.034406], [-62.558876, 45.034969], [-62.558877, 45.035103], [-62.558753, 45.035203], [-62.558588, 45.035195], [-62.558444, 45.03498], [-62.558098, 45.034813], [-62.558007, 45.034661], [-62.55784, 45.034599], [-62.557813, 45.034493], [-62.557858, 45.034186], [-62.55768, 45.034133], [-62.557538, 45.034017], [-62.55704, 45.03386], [-62.556925, 45.033843], [-62.556812, 45.033907], [-62.556722, 45.033827], [-62.556694, 45.033648], [-62.556616, 45.033576], [-62.556503, 45.033658], [-62.556388, 45.033587], [-62.556249, 45.03366], [-62.556134, 45.033616], [-62.556032, 45.03351], [-62.555963, 45.033249], [-62.555642, 45.033063], [-62.555106, 45.032915], [-62.554764, 45.032954], [-62.554381, 45.032832], [-62.554422, 45.032949], [-62.554628, 45.033144], [-62.554363, 45.033193], [-62.55439, 45.033273], [-62.554518, 45.03337], [-62.555129, 45.033454], [-62.555489, 45.033668], [-62.555662, 45.034179], [-62.555652, 45.034981], [-62.555809, 45.035213], [-62.555877, 45.035464], [-62.556033, 45.035714], [-62.555603, 45.035754], [-62.555132, 45.035704], [-62.554227, 45.03547], [-62.553797, 45.035582], [-62.553273, 45.035397], [-62.553209, 45.035327], [-62.553295, 45.035199], [-62.55328, 45.035055], [-62.552871, 45.034888], [-62.552767, 45.03479], [-62.551848, 45.034493], [-62.55109, 45.034014], [-62.550639, 45.033649], [-62.549769, 45.033243], [-62.54931, 45.03313], [-62.54886, 45.03281], [-62.54845, 45.032589], [-62.548095, 45.032619], [-62.547864, 45.032477], [-62.547558, 45.032381], [-62.547223, 45.032105], [-62.546712, 45.031948], [-62.546506, 45.031752], [-62.546303, 45.031754], [-62.546198, 45.031602], [-62.545865, 45.031434], [-62.545606, 45.031157], [-62.545453, 45.031087], [-62.545084, 45.031036], [-62.544945, 45.03111], [-62.544909, 45.031192], [-62.544914, 45.031434], [-62.545132, 45.031576], [-62.545604, 45.031715], [-62.545592, 45.031778], [-62.544982, 45.031721], [-62.544712, 45.031507], [-62.544572, 45.031482], [-62.544458, 45.031519], [-62.544329, 45.031412], [-62.543439, 45.031321], [-62.543365, 45.03143], [-62.543558, 45.031627], [-62.543522, 45.031698], [-62.543358, 45.031727], [-62.542893, 45.031983], [-62.542766, 45.032002], [-62.542592, 45.03223], [-62.542256, 45.03325], [-62.542259, 45.033447], [-62.542122, 45.033566], [-62.542202, 45.03379], [-62.542025, 45.033836], [-62.541908, 45.033666], [-62.541614, 45.033569], [-62.54133, 45.033267], [-62.541073, 45.033133], [-62.540615, 45.033021], [-62.540511, 45.032879], [-62.540534, 45.032771], [-62.540659, 45.032651], [-62.541643, 45.032318], [-62.541777, 45.032056], [-62.541989, 45.031856], [-62.542025, 45.031749], [-62.54183, 45.031489], [-62.541602, 45.031509], [-62.541395, 45.031286], [-62.541428, 45.031043], [-62.541895, 45.03084], [-62.542007, 45.030722], [-62.541966, 45.030571], [-62.541889, 45.030508], [-62.541455, 45.030367], [-62.541465, 45.030233], [-62.5413, 45.030234], [-62.541386, 45.030045], [-62.541245, 45.029965], [-62.541241, 45.029767], [-62.541644, 45.029601], [-62.541628, 45.029404], [-62.54141, 45.029261], [-62.541369, 45.029127], [-62.541469, 45.029035], [-62.541773, 45.029024], [-62.541886, 45.02896], [-62.54196, 45.028879], [-62.542033, 45.028653], [-62.541916, 45.028456], [-62.541884, 45.028169], [-62.541731, 45.028124], [-62.541627, 45.027964], [-62.541619, 45.027541], [-62.541488, 45.027325], [-62.541561, 45.027172], [-62.541421, 45.027066], [-62.541393, 45.026958], [-62.541703, 45.026567], [-62.541868, 45.026566], [-62.542032, 45.026502], [-62.542035, 45.026663], [-62.542177, 45.026806], [-62.542587, 45.02701], [-62.542614, 45.027126], [-62.543101, 45.027365], [-62.543606, 45.027909], [-62.543784, 45.027925], [-62.543807, 45.027845], [-62.543262, 45.027147], [-62.542635, 45.026856], [-62.5424, 45.026517], [-62.542472, 45.026272], [-62.542419, 45.026103], [-62.541929, 45.025719], [-62.541534, 45.025651], [-62.541503, 45.025319], [-62.541361, 45.025176], [-62.541333, 45.025042], [-62.541203, 45.024854], [-62.541404, 45.02477], [-62.541658, 45.024768], [-62.541666, 45.024526], [-62.541741, 45.024443], [-62.541702, 45.024373], [-62.541353, 45.024078], [-62.540814, 45.023723], [-62.540521, 45.023698], [-62.540198, 45.023359], [-62.54017, 45.023225], [-62.540069, 45.023227], [-62.539996, 45.02337], [-62.539867, 45.02329], [-62.539724, 45.023059], [-62.539452, 45.022772], [-62.539065, 45.022452], [-62.538908, 45.022174], [-62.538613, 45.022015], [-62.538039, 45.021867], [-62.53746, 45.021378], [-62.537243, 45.021326], [-62.536065, 45.021435], [-62.535607, 45.021358], [-62.534916, 45.021032], [-62.534368, 45.020929], [-62.533899, 45.020924], [-62.533216, 45.021056], [-62.53305, 45.021031], [-62.532754, 45.020808], [-62.53221, 45.020876], [-62.531753, 45.020853], [-62.530974, 45.020581], [-62.530313, 45.020488], [-62.52989, 45.020267], [-62.529645, 45.020062], [-62.529149, 45.019968], [-62.528369, 45.020371], [-62.528079, 45.020464], [-62.527116, 45.020517], [-62.526694, 45.020332], [-62.526478, 45.020325], [-62.526149, 45.020437], [-62.526078, 45.020734], [-62.525919, 45.021024], [-62.525994, 45.021652], [-62.525831, 45.021762], [-62.525603, 45.021764], [-62.525464, 45.021837], [-62.525059, 45.021877], [-62.524385, 45.021802], [-62.523512, 45.021944], [-62.523329, 45.021622], [-62.522954, 45.021266], [-62.52225, 45.02093], [-62.521502, 45.020936], [-62.520292, 45.021406], [-62.518612, 45.020404], [-62.517799, 45.020376], [-62.517419, 45.020406], [-62.517281, 45.020479], [-62.517091, 45.020428], [-62.516845, 45.02016], [-62.516828, 45.019971], [-62.516592, 45.019533], [-62.516613, 45.019298], [-62.51681, 45.019008], [-62.516821, 45.018865], [-62.516526, 45.018668], [-62.516537, 45.01857], [-62.516637, 45.018505], [-62.51708, 45.018438], [-62.51716, 45.017953], [-62.516954, 45.017755], [-62.516698, 45.017668], [-62.515877, 45.017837], [-62.515468, 45.01767], [-62.515163, 45.017681], [-62.514987, 45.017755], [-62.514875, 45.017847], [-62.514881, 45.018243], [-62.514745, 45.01846], [-62.514701, 45.018802], [-62.514601, 45.01891], [-62.513874, 45.019376], [-62.513068, 45.019761], [-62.512399, 45.020301], [-62.512183, 45.020252], [-62.511926, 45.0203], [-62.511593, 45.020631], [-62.511342, 45.020804], [-62.511042, 45.020712], [-62.510682, 45.020416], [-62.510245, 45.020312], [-62.509922, 45.020146], [-62.509394, 45.019625], [-62.509107, 45.019224], [-62.508793, 45.018912], [-62.508156, 45.017838], [-62.507712, 45.017279], [-62.507273, 45.01684], [-62.506827, 45.016196], [-62.506628, 45.015557], [-62.506611, 45.01528], [-62.506346, 45.015012], [-62.50616, 45.014733], [-62.505794, 45.014435], [-62.505467, 45.013891], [-62.504136, 45.013408], [-62.503598, 45.012942], [-62.503416, 45.012683], [-62.503326, 45.012629], [-62.503046, 45.012551], [-62.502804, 45.012553], [-62.50223, 45.012351], [-62.501671, 45.012293], [-62.501342, 45.012332], [-62.501265, 45.012288], [-62.501226, 45.012234], [-62.501311, 45.012072], [-62.501271, 45.011875], [-62.500926, 45.011751], [-62.497348, 45.004982], [-62.496034, 45.004543], [-62.494888, 45.00369], [-62.492167, 45.003086], [-62.489816, 45.004504], [-62.488236, 45.004893], [-62.482855, 45.004728], [-62.483772, 45.000485], [-62.483611, 45.000042], [-62.483267, 44.99962], [-62.483477, 44.999281], [-62.483563, 44.998981], [-62.483477, 44.998536], [-62.483459, 44.998107], [-62.483596, 44.997851], [-62.48365, 44.997504], [-62.484242, 44.996673], [-62.484506, 44.996007], [-62.484843, 44.995631], [-62.484837, 44.994061], [-62.481485, 44.994029], [-62.481082, 44.99341], [-62.480991, 44.99312], [-62.480944, 44.99266], [-62.480762, 44.992364], [-62.479204, 44.99306], [-62.469676, 44.996368], [-62.454703, 45.000425], [-62.450066, 44.992662], [-62.440717, 44.994833], [-62.439903, 44.995293], [-62.435395, 44.993269], [-62.433166, 44.991324], [-62.428959, 44.986126]]]}, "properties": {"OBJECTID": 27, "GSA_KEY": 28, "FCODE": "GSAPOLY", "GSA_NAME": "MALAY FALLS", "MUN_CODE": "HRM", "GSA_REM": " ", "SOURCE": "CR", "DATE_ACT": 980899200000, "SYS_DATE": null, "GLOBALID": "75c6fe01-4eb4-47b9-b1ac-e4443da57cd7", "Shape__Area": 92713600.3203125, "Shape__Length": 76310.71068209803}}, {"type": "Feature", "id": 28, "geometry": {"type": "Polygon", "coordinates": [[[-63.005974, 45.063427], [-62.995682, 45.060229], [-62.987066, 45.058394], [-62.985785, 45.058189], [-62.985172, 45.056647], [-62.986177, 45.056293], [-62.985664, 45.054406], [-62.975491, 45.036702], [-62.976568, 45.035919], [-62.989053, 45.040632], [-62.995072, 45.034724], [-62.99866, 45.031281], [-63.004207, 45.026603], [-63.010373, 45.021807], [-63.037114, 45.033526], [-63.042462, 45.035629], [-63.04162, 45.03902], [-63.039186, 45.045653], [-63.037653, 45.050271], [-63.041161, 45.051343], [-63.039993, 45.054608], [-63.031133, 45.053171], [-63.029925, 45.056589], [-63.028425, 45.060446], [-63.025973, 45.06044], [-63.025559, 45.060708], [-63.02618, 45.061013], [-63.025925, 45.061307], [-63.025666, 45.061493], [-63.025384, 45.061579], [-63.025302, 45.061565], [-63.025018, 45.061264], [-63.024079, 45.061247], [-63.022971, 45.061629], [-63.022867, 45.061205], [-63.022135, 45.061299], [-63.02196, 45.061179], [-63.021656, 45.061166], [-63.021565, 45.061237], [-63.02161, 45.061445], [-63.021136, 45.061628], [-63.020927, 45.061859], [-63.020791, 45.062181], [-63.020599, 45.062269], [-63.0199, 45.062287], [-63.019482, 45.062227], [-63.0193, 45.062396], [-63.019173, 45.062421], [-63.019059, 45.062393], [-63.01881, 45.062209], [-63.018518, 45.062188], [-63.018046, 45.062289], [-63.017865, 45.062404], [-63.016949, 45.062464], [-63.01649, 45.062548], [-63.016174, 45.062508], [-63.016079, 45.062255], [-63.015842, 45.06209], [-63.015284, 45.062056], [-63.015067, 45.062107], [-63.014909, 45.062303], [-63.014742, 45.062373], [-63.013534, 45.062465], [-63.013444, 45.062509], [-63.013336, 45.062723], [-63.012648, 45.062813], [-63.012165, 45.062834], [-63.011925, 45.062795], [-63.011387, 45.062482], [-63.011273, 45.062462], [-63.011055, 45.062568], [-63.010593, 45.06249], [-63.010054, 45.062482], [-63.008844, 45.062629], [-63.007853, 45.062638], [-63.007428, 45.063857], [-63.005974, 45.063427]]]}, "properties": {"OBJECTID": 28, "GSA_KEY": 29, "FCODE": "GSAPOLY", "GSA_NAME": "LINDSAY LAKE", "MUN_CODE": "HRM", "GSA_REM": " ", "SOURCE": "CR", "DATE_ACT": 980899200000, "SYS_DATE": 1504656000000, "GLOBALID": "c5cfae42-8e3f-4650-a373-651b101b2184", "Shape__Area": 30030395.390625, "Shape__Length": 24619.761102964796}}, {"type": "Feature", "id": 29, "geometry": {"type": "Polygon", "coordinates": [[[-63.401328, 45.042153], [-63.401409, 45.041952], [-63.401526, 45.04129], [-63.401623, 45.040279], [-63.40168, 45.040022], [-63.40187, 45.039564], [-63.401928, 45.039234], [-63.40202, 45.038499], [-63.401945, 45.038369], [-63.402317, 45.037931], [-63.402316, 45.037741], [-63.402042, 45.037441], [-63.401932, 45.037381], [-63.40143, 45.037296], [-63.400731, 45.03727], [-63.400567, 45.03709], [-63.400461, 45.036811], [-63.400664, 45.036417], [-63.400918, 45.036261], [-63.401257, 45.036125], [-63.402043, 45.035934], [-63.40258, 45.035682], [-63.402779, 45.035485], [-63.403009, 45.035151], [-63.403042, 45.034913], [-63.402857, 45.034356], [-63.402868, 45.033762], [-63.402407, 45.032984], [-63.402243, 45.032824], [-63.401828, 45.032582], [-63.401241, 45.032537], [-63.400763, 45.03271], [-63.400291, 45.033038], [-63.400096, 45.033266], [-63.399951, 45.033352], [-63.399306, 45.033429], [-63.399067, 45.03333], [-63.39871, 45.033383], [-63.398506, 45.033302], [-63.396577, 45.032143], [-63.395837, 45.03165], [-63.394731, 45.031117], [-63.3941, 45.030922], [-63.392453, 45.030771], [-63.39216, 45.03084], [-63.391469, 45.031122], [-63.389675, 45.03204], [-63.388779, 45.032409], [-63.38865, 45.032534], [-63.388348, 45.033026], [-63.388142, 45.033222], [-63.387074, 45.033932], [-63.385844, 45.034559], [-63.384771, 45.034926], [-63.384491, 45.034941], [-63.383858, 45.034854], [-63.383063, 45.034621], [-63.381842, 45.034105], [-63.38021, 45.033208], [-63.379869, 45.033096], [-63.379336, 45.0331], [-63.377991, 45.033717], [-63.377355, 45.033819], [-63.376949, 45.033797], [-63.376821, 45.033858], [-63.376729, 45.034019], [-63.376698, 45.034316], [-63.376499, 45.034746], [-63.376215, 45.035004], [-63.375639, 45.035242], [-63.375381, 45.035455], [-63.375328, 45.03558], [-63.37535, 45.035725], [-63.375424, 45.035851], [-63.375774, 45.036143], [-63.376102, 45.036893], [-63.37611, 45.037118], [-63.375694, 45.0376], [-63.375112, 45.03817], [-63.374747, 45.038679], [-63.374484, 45.039136], [-63.374256, 45.039781], [-63.374059, 45.040112], [-63.373827, 45.040272], [-63.373662, 45.040298], [-63.373016, 45.04021], [-63.372246, 45.039996], [-63.372007, 45.039876], [-63.371556, 45.039566], [-63.370558, 45.038683], [-63.369177, 45.037293], [-63.368906, 45.036876], [-63.368602, 45.036189], [-63.368265, 45.03588], [-63.367448, 45.035503], [-63.366552, 45.035215], [-63.365743, 45.035072], [-63.363552, 45.034834], [-63.362908, 45.034675], [-63.362645, 45.03451], [-63.362446, 45.034283], [-63.362349, 45.03403], [-63.362329, 45.033796], [-63.362414, 45.033347], [-63.362425, 45.032753], [-63.362382, 45.03241], [-63.362155, 45.031679], [-63.361909, 45.031263], [-63.360931, 45.030038], [-63.360432, 45.029583], [-63.360217, 45.029545], [-63.359887, 45.029596], [-63.359413, 45.029816], [-63.35917, 45.029877], [-63.356818, 45.030096], [-63.356704, 45.030077], [-63.356592, 45.029959], [-63.356463, 45.029454], [-63.356352, 45.029273], [-63.356239, 45.029208], [-63.355961, 45.029188], [-63.35573, 45.029302], [-63.355664, 45.029419], [-63.35561, 45.029589], [-63.355649, 45.029817], [-63.354148, 45.030086], [-63.355397, 45.028831], [-63.356568, 45.028015], [-63.357202, 45.02767], [-63.347933, 45.023814], [-63.3477, 45.023129], [-63.349511, 45.020807], [-63.351811, 45.017708], [-63.349052, 45.016492], [-63.351528, 45.013444], [-63.34875, 45.012246], [-63.350556, 45.010388], [-63.348528, 45.009714], [-63.352789, 45.004984], [-63.354329, 45.00315], [-63.34699, 44.999735], [-63.350861, 44.995124], [-63.358429, 44.998548], [-63.357935, 44.999082], [-63.360528, 45.000206], [-63.360791, 44.999989], [-63.360832, 44.999836], [-63.360783, 44.999737], [-63.360459, 44.999427], [-63.360374, 44.999245], [-63.36043, 44.998338], [-63.36042, 44.998212], [-63.36031, 44.997986], [-63.359704, 44.997534], [-63.358931, 44.997207], [-63.358819, 44.997106], [-63.358859, 44.996991], [-63.359157, 44.996652], [-63.359408, 44.996159], [-63.359887, 44.995642], [-63.359867, 44.99539], [-63.359692, 44.995279], [-63.359746, 44.995083], [-63.35951, 44.994837], [-63.359194, 44.994789], [-63.358881, 44.994615], [-63.358376, 44.994465], [-63.358403, 44.994394], [-63.358583, 44.994279], [-63.358623, 44.994179], [-63.358612, 44.994081], [-63.358359, 44.994043], [-63.358234, 44.993969], [-63.358249, 44.993871], [-63.358455, 44.993711], [-63.358458, 44.993549], [-63.358199, 44.993168], [-63.357592, 44.99246], [-63.35753, 44.992351], [-63.357538, 44.991965], [-63.357405, 44.991776], [-63.35661, 44.991429], [-63.362134, 44.984348], [-63.362625, 44.984533], [-63.365008, 44.981339], [-63.36474, 44.981328], [-63.367219, 44.978287], [-63.37206, 44.972187], [-63.376284, 44.966763], [-63.37593, 44.965523], [-63.376079, 44.965514], [-63.376512, 44.965684], [-63.380779, 44.966024], [-63.38287, 44.965866], [-63.385056, 44.965905], [-63.385425, 44.965841], [-63.385815, 44.965661], [-63.386063, 44.965641], [-63.386321, 44.965711], [-63.386691, 44.965912], [-63.387341, 44.966085], [-63.388031, 44.966141], [-63.388597, 44.966052], [-63.388951, 44.966051], [-63.390155, 44.966409], [-63.390927, 44.966493], [-63.391396, 44.96648], [-63.392, 44.966382], [-63.393092, 44.965979], [-63.393357, 44.966008], [-63.393558, 44.966109], [-63.393948, 44.966604], [-63.394167, 44.966759], [-63.393189, 44.966426], [-63.39003, 44.970251], [-63.394315, 44.972263], [-63.391077, 44.976151], [-63.391958, 44.976497], [-63.390952, 44.977702], [-63.395917, 44.979631], [-63.397998, 44.980497], [-63.395817, 44.983184], [-63.39312, 44.986307], [-63.39398, 44.986654], [-63.393133, 44.987289], [-63.397899, 44.98932], [-63.396835, 44.990622], [-63.395915, 44.990277], [-63.395366, 44.989795], [-63.394576, 44.989355], [-63.393519, 44.988908], [-63.392455, 44.990203], [-63.390479, 44.98941], [-63.389986, 44.989989], [-63.417954, 45.001507], [-63.418586, 45.000973], [-63.422207, 45.002322], [-63.421379, 45.002881], [-63.422365, 45.003367], [-63.421887, 45.003634], [-63.421303, 45.003883], [-63.425117, 45.005463], [-63.422184, 45.013992], [-63.41413, 45.010884], [-63.40956, 45.016451], [-63.407058, 45.019581], [-63.40797, 45.019941], [-63.407858, 45.020157], [-63.407828, 45.020444], [-63.407482, 45.021287], [-63.407466, 45.021466], [-63.407662, 45.02182], [-63.407709, 45.022], [-63.408167, 45.022625], [-63.408326, 45.022924], [-63.408392, 45.023473], [-63.408547, 45.02397], [-63.40853, 45.024238], [-63.408307, 45.024606], [-63.408168, 45.025253], [-63.408177, 45.025424], [-63.408372, 45.025849], [-63.40833, 45.026074], [-63.408264, 45.026172], [-63.408217, 45.026665], [-63.408339, 45.026929], [-63.408407, 45.02737], [-63.408529, 45.027605], [-63.408596, 45.028109], [-63.408565, 45.028379], [-63.408378, 45.028855], [-63.408272, 45.029781], [-63.408393, 45.0301], [-63.411371, 45.031393], [-63.409986, 45.033169], [-63.410006, 45.033347], [-63.407808, 45.035954], [-63.406857, 45.037416], [-63.406621, 45.037651], [-63.406548, 45.037993], [-63.4066, 45.038143], [-63.40684, 45.038456], [-63.406839, 45.038608], [-63.405837, 45.039053], [-63.405768, 45.039188], [-63.4058, 45.039677], [-63.405711, 45.040074], [-63.405441, 45.040574], [-63.40522, 45.040859], [-63.404667, 45.041321], [-63.404359, 45.041343], [-63.40381, 45.041262], [-63.403534, 45.041316], [-63.403443, 45.041419], [-63.403383, 45.04164], [-63.40319, 45.041702], [-63.402557, 45.041752], [-63.401979, 45.042196], [-63.40197, 45.042126], [-63.401219, 45.04255], [-63.401034, 45.042573], [-63.401328, 45.042153]]]}, "properties": {"OBJECTID": 29, "GSA_KEY": 30, "FCODE": "GSAPOLY", "GSA_NAME": "CARROLLS CORNER", "MUN_CODE": "HRM", "GSA_REM": " ", "SOURCE": "CS", "DATE_ACT": 980899200000, "SYS_DATE": 1505779200000, "GLOBALID": "455130fc-ddb2-4311-927f-afba4b38be3c", "Shape__Area": 56867901.75, "Shape__Length": 47791.230713397556}}, {"type": "Feature", "id": 30, "geometry": {"type": "Polygon", "coordinates": [[[-62.772323, 45.030738], [-62.77165, 45.030681], [-62.771006, 45.030765], [-62.770797, 45.030715], [-62.770657, 45.030587], [-62.770572, 45.030115], [-62.770312, 45.029907], [-62.769962, 45.029784], [-62.769701, 45.029631], [-62.769566, 45.029323], [-62.768821, 45.029085], [-62.769196, 45.028776], [-62.767145, 45.028549], [-62.76664, 45.0284], [-62.765694, 45.028951], [-62.764561, 45.02873], [-62.763508, 45.028423], [-62.762846, 45.028021], [-62.76285, 45.027872], [-62.76255, 45.026832], [-62.761542, 45.026864], [-62.761169, 45.026772], [-62.760766, 45.026554], [-62.760433, 45.026603], [-62.760181, 45.026513], [-62.759543, 45.026402], [-62.758723, 45.025691], [-62.755972, 45.024508], [-62.755847, 45.024059], [-62.755635, 45.023757], [-62.755395, 45.023699], [-62.753831, 45.023695], [-62.753454, 45.023571], [-62.753164, 45.023537], [-62.752044, 45.022605], [-62.750566, 45.021206], [-62.746761, 45.01936], [-62.74535, 45.018388], [-62.738624, 45.014765], [-62.74214, 45.00952], [-62.725333, 45.004083], [-62.749742, 44.997707], [-62.744542, 44.987459], [-62.744265, 44.986959], [-62.743912, 44.986469], [-62.744776, 44.985951], [-62.746552, 44.9854], [-62.747764, 44.985187], [-62.74863, 44.98564], [-62.750064, 44.985639], [-62.751388, 44.986052], [-62.752942, 44.986376], [-62.753354, 44.988904], [-62.757319, 44.990352], [-62.759974, 44.990924], [-62.761426, 44.991409], [-62.762712, 44.991983], [-62.762521, 44.992905], [-62.762785, 44.993881], [-62.765092, 44.994101], [-62.770805, 44.993817], [-62.773571, 44.993952], [-62.774446, 44.994103], [-62.774862, 44.994364], [-62.774722, 44.994708], [-62.774544, 44.994805], [-62.777288, 44.999602], [-62.783521, 44.997813], [-62.788206, 45.005958], [-62.785471, 45.00675], [-62.785557, 45.006906], [-62.780672, 45.008279], [-62.783089, 45.012572], [-62.786278, 45.011636], [-62.787466, 45.013683], [-62.785096, 45.014372], [-62.777806, 45.021266], [-62.78148, 45.022952], [-62.773765, 45.031205], [-62.773702, 45.031237], [-62.77318, 45.030939], [-62.772323, 45.030738]]]}, "properties": {"OBJECTID": 30, "GSA_KEY": 31, "FCODE": "GSAPOLY", "GSA_NAME": "BEAVER DAM", "MUN_CODE": "HRM", "GSA_REM": " ", "SOURCE": "DM", "DATE_ACT": 980899200000, "SYS_DATE": 1505692800000, "GLOBALID": "ebb76640-99fb-4917-a25c-da4c6b5915aa", "Shape__Area": 24724313.67578125, "Shape__Length": 26366.95041578216}}, {"type": "Feature", "id": 31, "geometry": {"type": "Polygon", "coordinates": [[[-63.149716, 45.025705], [-63.146703, 45.022631], [-63.144124, 45.024619], [-63.14254, 45.022534], [-63.14222, 45.022394], [-63.141673, 45.022249], [-63.140166, 45.021971], [-63.139248, 45.021918], [-63.139579, 45.021763], [-63.139476, 45.019703], [-63.144782, 45.017806], [-63.143019, 45.016379], [-63.147315, 45.015412], [-63.150154, 45.013084], [-63.152467, 45.010802], [-63.152349, 45.010465], [-63.15246, 45.010394], [-63.152591, 45.010407], [-63.152755, 45.010942], [-63.155172, 45.010515], [-63.155211, 45.01061], [-63.156226, 45.010433], [-63.155909, 45.009655], [-63.157666, 45.009027], [-63.158048, 45.008801], [-63.15823, 45.008613], [-63.158357, 45.008391], [-63.158807, 45.00687], [-63.159699, 45.006429], [-63.160473, 45.008284], [-63.160962, 45.007823], [-63.164874, 45.011671], [-63.163674, 45.012274], [-63.16486, 45.014753], [-63.165413, 45.015264], [-63.166972, 45.016969], [-63.167128, 45.017052], [-63.166574, 45.017202], [-63.166007, 45.017548], [-63.165628, 45.017877], [-63.162696, 45.020758], [-63.159128, 45.02413], [-63.158797, 45.023902], [-63.158328, 45.024176], [-63.158506, 45.024956], [-63.158529, 45.025386], [-63.158307, 45.025192], [-63.150831, 45.02675], [-63.149716, 45.025705]]]}, "properties": {"OBJECTID": 31, "GSA_KEY": 32, "FCODE": "GSAPOLY", "GSA_NAME": "SOUTH SECTION", "MUN_CODE": "HRM", "GSA_REM": " ", "SOURCE": "DM", "DATE_ACT": 980899200000, "SYS_DATE": 1527033600000, "GLOBALID": "87a93193-a426-4659-a0a4-33d71f27f257", "Shape__Area": 4993217.02734375, "Shape__Length": 10974.748743638365}}, {"type": "Feature", "id": 32, "geometry": {"type": "Polygon", "coordinates": [[[-63.215707, 45.014886], [-63.215517, 45.014871], [-63.215341, 45.014797], [-63.214854, 45.014477], [-63.214753, 45.014466], [-63.214584, 45.014627], [-63.214405, 45.014706], [-63.213904, 45.014439], [-63.213636, 45.014508], [-63.213583, 45.014579], [-63.213593, 45.014688], [-63.213388, 45.014793], [-63.213198, 45.014791], [-63.212933, 45.014698], [-63.2126, 45.014847], [-63.212269, 45.014915], [-63.207969, 45.014837], [-63.207546, 45.014787], [-63.206987, 45.014523], [-63.206814, 45.014304], [-63.206744, 45.014016], [-63.206507, 45.013842], [-63.206291, 45.013903], [-63.20609, 45.013802], [-63.205723, 45.013744], [-63.205657, 45.013842], [-63.20553, 45.013876], [-63.205324, 45.014071], [-63.205022, 45.013911], [-63.204607, 45.01379], [-63.204068, 45.013513], [-63.203622, 45.013173], [-63.20332, 45.01286], [-63.203056, 45.012484], [-63.202484, 45.012078], [-63.201944, 45.011801], [-63.201941, 45.011687], [-63.201799, 45.011679], [-63.197155, 45.006933], [-63.196983, 45.006626], [-63.190763, 45.001033], [-63.190864, 45.00097], [-63.189939, 45.000163], [-63.186048, 45.002366], [-63.185057, 45.00152], [-63.189021, 44.999491], [-63.184435, 44.995407], [-63.184299, 44.995066], [-63.184111, 44.995096], [-63.182949, 44.993963], [-63.17777, 44.995169], [-63.177049, 44.994517], [-63.177356, 44.994403], [-63.177755, 44.994111], [-63.177934, 44.99405], [-63.177534, 44.993811], [-63.177333, 44.993607], [-63.177338, 44.993542], [-63.177438, 44.993493], [-63.177587, 44.993501], [-63.177824, 44.993591], [-63.178252, 44.993869], [-63.178558, 44.993891], [-63.178707, 44.993778], [-63.178696, 44.993407], [-63.178867, 44.993142], [-63.179276, 44.993046], [-63.179582, 44.993221], [-63.179736, 44.993234], [-63.179912, 44.992949], [-63.180523, 44.992546], [-63.181126, 44.992249], [-63.18132, 44.992034], [-63.181272, 44.991528], [-63.18164, 44.99118], [-63.181638, 44.99104], [-63.181525, 44.990719], [-63.181768, 44.990569], [-63.182347, 44.990476], [-63.182393, 44.990277], [-63.182319, 44.989907], [-63.18239, 44.989792], [-63.182817, 44.989741], [-63.184061, 44.989894], [-63.184859, 44.98981], [-63.185236, 44.989835], [-63.185521, 44.989942], [-63.185645, 44.990245], [-63.185919, 44.990394], [-63.186088, 44.990602], [-63.186262, 44.990397], [-63.186282, 44.990079], [-63.18616, 44.989595], [-63.186181, 44.989197], [-63.18587, 44.988683], [-63.17479, 44.987191], [-63.176995, 44.984066], [-63.173411, 44.987257], [-63.169623, 44.985188], [-63.168268, 44.985919], [-63.167404, 44.986511], [-63.167034, 44.986103], [-63.16607, 44.985565], [-63.165457, 44.986057], [-63.160934, 44.983462], [-63.162374, 44.98221], [-63.154341, 44.977949], [-63.154094, 44.977889], [-63.151828, 44.976425], [-63.147298, 44.977131], [-63.147847, 44.97371], [-63.143777, 44.973467], [-63.144795, 44.971315], [-63.143854, 44.970459], [-63.13925, 44.971066], [-63.133621, 44.971517], [-63.133721, 44.974342], [-63.129842, 44.974588], [-63.129694, 44.967514], [-63.138669, 44.967274], [-63.1419, 44.964339], [-63.143739, 44.962196], [-63.146535, 44.959156], [-63.151219, 44.961286], [-63.165923, 44.961229], [-63.167813, 44.961827], [-63.180697, 44.954304], [-63.177421, 44.951306], [-63.186238, 44.94645], [-63.187968, 44.949484], [-63.190132, 44.953509], [-63.191511, 44.955864], [-63.195112, 44.954916], [-63.195896, 44.956678], [-63.204708, 44.962657], [-63.208358, 44.964765], [-63.208439, 44.964873], [-63.213712, 44.967974], [-63.213583, 44.966965], [-63.213385, 44.966161], [-63.213599, 44.965651], [-63.214098, 44.965449], [-63.214682, 44.965438], [-63.215129, 44.965299], [-63.21579, 44.965189], [-63.216276, 44.964979], [-63.218895, 44.964099], [-63.219047, 44.964119], [-63.219344, 44.964383], [-63.219971, 44.964705], [-63.221304, 44.965764], [-63.221855, 44.96604], [-63.222703, 44.966167], [-63.223818, 44.96617], [-63.224925, 44.965958], [-63.225654, 44.96566], [-63.227185, 44.965209], [-63.227566, 44.965186], [-63.227882, 44.965244], [-63.228807, 44.965272], [-63.229841, 44.965526], [-63.23131, 44.966155], [-63.232588, 44.966853], [-63.232958, 44.967164], [-63.234047, 44.96764], [-63.23473, 44.967867], [-63.236143, 44.967675], [-63.24114, 44.967182], [-63.244117, 44.967043], [-63.244802, 44.967112], [-63.245144, 44.967213], [-63.245448, 44.96746], [-63.24589, 44.967685], [-63.246283, 44.967799], [-63.246644, 44.967803], [-63.246932, 44.967697], [-63.248108, 44.967451], [-63.248453, 44.967141], [-63.249118, 44.966502], [-63.250859, 44.96423], [-63.251976, 44.963097], [-63.253469, 44.961432], [-63.253998, 44.961013], [-63.256122, 44.960279], [-63.256593, 44.960192], [-63.257527, 44.960313], [-63.258329, 44.960222], [-63.25853, 44.960387], [-63.268426, 44.964408], [-63.269757, 44.963289], [-63.270419, 44.96835], [-63.270998, 44.96801], [-63.27138, 44.967952], [-63.271855, 44.96766], [-63.272465, 44.967576], [-63.272772, 44.967472], [-63.273161, 44.970311], [-63.273677, 44.970331], [-63.273761, 44.971737], [-63.274778, 44.971484], [-63.27571, 44.974291], [-63.276161, 44.976516], [-63.277535, 44.979307], [-63.270829, 44.981029], [-63.272175, 44.983876], [-63.273675, 44.98687], [-63.263835, 44.994246], [-63.264091, 44.994479], [-63.263777, 44.994628], [-63.263729, 44.994584], [-63.263344, 44.994613], [-63.254563, 45.001199], [-63.252498, 44.999654], [-63.24805, 45.00318], [-63.251444, 45.005574], [-63.245273, 45.009784], [-63.244303, 45.00986], [-63.243292, 45.009566], [-63.242241, 45.009052], [-63.240929, 45.008316], [-63.239131, 45.007573], [-63.236707, 45.007076], [-63.233971, 45.006732], [-63.232913, 45.006494], [-63.230218, 45.007044], [-63.228343, 45.00808], [-63.239222, 45.0168], [-63.238012, 45.017533], [-63.237162, 45.018118], [-63.228329, 45.022195], [-63.22209, 45.016277], [-63.217052, 45.014908], [-63.215707, 45.014886]]]}, "properties": {"OBJECTID": 32, "GSA_KEY": 33, "FCODE": "GSAPOLY", "GSA_NAME": "ELDERBANK", "MUN_CODE": "HRM", "GSA_REM": " ", "SOURCE": "DM", "DATE_ACT": 980899200000, "SYS_DATE": 1675259888000, "GLOBALID": "cb7034ef-1f52-486a-a190-72dccacfc926", "Shape__Area": 87552583.25, "Shape__Length": 60304.31206609812}}, {"type": "Feature", "id": 33, "geometry": {"type": "Polygon", "coordinates": [[[-63.143019, 45.016379], [-63.135345, 45.010168], [-63.135007, 45.009845], [-63.134798, 45.009556], [-63.133794, 45.009585], [-63.133036, 45.009521], [-63.13172, 45.009169], [-63.125748, 45.011437], [-63.125164, 45.011695], [-63.119838, 45.009476], [-63.123959, 45.004769], [-63.119167, 45.002866], [-63.119975, 45.001927], [-63.112992, 44.999048], [-63.106831, 44.99658], [-63.105934, 44.994598], [-63.101872, 44.995478], [-63.101058, 44.993521], [-63.099394, 44.993883], [-63.0962, 44.987004], [-63.093671, 44.980968], [-63.093318, 44.980961], [-63.093717, 44.976288], [-63.087013, 44.9762], [-63.086862, 44.980773], [-63.089817, 44.980757], [-63.090742, 44.982828], [-63.072692, 44.981936], [-63.07209, 44.973457], [-63.05977, 44.967645], [-63.055881, 44.967292], [-63.0536, 44.963025], [-63.056468, 44.962098], [-63.054126, 44.957943], [-63.053031, 44.958159], [-63.041615, 44.961473], [-63.037419, 44.953807], [-63.038492, 44.95345], [-63.038863, 44.950787], [-63.038571, 44.94858], [-63.036303, 44.949054], [-63.033878, 44.945018], [-63.041626, 44.942783], [-63.04309, 44.94529], [-63.053991, 44.942112], [-63.056433, 44.946304], [-63.055929, 44.946438], [-63.059357, 44.947466], [-63.063262, 44.94104], [-63.069869, 44.943342], [-63.071154, 44.941612], [-63.080832, 44.945099], [-63.086179, 44.942762], [-63.090919, 44.940414], [-63.085848, 44.934848], [-63.089256, 44.933288], [-63.083705, 44.927199], [-63.089059, 44.924768], [-63.094535, 44.930865], [-63.098898, 44.928849], [-63.110118, 44.941346], [-63.10623, 44.943121], [-63.113388, 44.951047], [-63.117541, 44.951745], [-63.121325, 44.955399], [-63.12252, 44.962402], [-63.129694, 44.967514], [-63.129842, 44.974588], [-63.133721, 44.974342], [-63.133621, 44.971517], [-63.13925, 44.971066], [-63.143854, 44.970459], [-63.144795, 44.971315], [-63.143777, 44.973467], [-63.147847, 44.97371], [-63.147298, 44.977131], [-63.151828, 44.976425], [-63.154094, 44.977889], [-63.154341, 44.977949], [-63.162374, 44.98221], [-63.160934, 44.983462], [-63.165457, 44.986057], [-63.16607, 44.985565], [-63.167034, 44.986103], [-63.167404, 44.986511], [-63.168268, 44.985919], [-63.169623, 44.985188], [-63.173411, 44.987257], [-63.176995, 44.984066], [-63.17479, 44.987191], [-63.18587, 44.988683], [-63.186181, 44.989197], [-63.18616, 44.989595], [-63.186282, 44.990079], [-63.186277, 44.99026], [-63.186262, 44.990397], [-63.186088, 44.990602], [-63.185919, 44.990394], [-63.185645, 44.990245], [-63.185521, 44.989942], [-63.185236, 44.989835], [-63.184859, 44.98981], [-63.184061, 44.989894], [-63.182817, 44.989741], [-63.18239, 44.989792], [-63.182319, 44.989907], [-63.182393, 44.990277], [-63.182347, 44.990476], [-63.181768, 44.990569], [-63.181525, 44.990719], [-63.181646, 44.991154], [-63.181588, 44.991267], [-63.181272, 44.991528], [-63.181325, 44.99199], [-63.18125, 44.99215], [-63.180923, 44.992371], [-63.18049, 44.992565], [-63.179912, 44.992949], [-63.179736, 44.993234], [-63.179582, 44.993221], [-63.179276, 44.993046], [-63.178867, 44.993142], [-63.178696, 44.993407], [-63.178707, 44.993778], [-63.178558, 44.993891], [-63.178252, 44.993869], [-63.177678, 44.993529], [-63.177507, 44.99349], [-63.177366, 44.993518], [-63.177326, 44.993597], [-63.177472, 44.993756], [-63.177934, 44.99405], [-63.177755, 44.994111], [-63.17742, 44.994368], [-63.177138, 44.9945], [-63.176554, 44.994502], [-63.176132, 44.99465], [-63.175343, 44.994767], [-63.173302, 44.994752], [-63.172368, 44.994543], [-63.171739, 44.994311], [-63.171271, 44.994297], [-63.170868, 44.99413], [-63.170614, 44.994145], [-63.170548, 44.99427], [-63.170631, 44.994505], [-63.17267, 44.995748], [-63.168616, 44.999949], [-63.168148, 44.999617], [-63.16431, 45.004852], [-63.160473, 45.008284], [-63.159699, 45.006429], [-63.158807, 45.00687], [-63.158357, 45.008391], [-63.15823, 45.008613], [-63.158048, 45.008801], [-63.157666, 45.009027], [-63.155909, 45.009655], [-63.156226, 45.010433], [-63.155211, 45.01061], [-63.155172, 45.010515], [-63.152755, 45.010942], [-63.152591, 45.010407], [-63.15246, 45.010394], [-63.152349, 45.010465], [-63.152467, 45.010802], [-63.150154, 45.013084], [-63.147315, 45.015412], [-63.143019, 45.016379]]]}, "properties": {"OBJECTID": 33, "GSA_KEY": 34, "FCODE": "GSAPOLY", "GSA_NAME": "MURCHYVILLE", "MUN_CODE": "HRM", "GSA_REM": " ", "SOURCE": "DM", "DATE_ACT": 980899200000, "SYS_DATE": 1527033600000, "GLOBALID": "67555481-9462-4955-aa4d-58711388c82b", "Shape__Area": 86495577.40234375, "Shape__Length": 66394.51949488338}}, {"type": "Feature", "id": 34, "geometry": {"type": "Polygon", "coordinates": [[[-63.316628, 45.020791], [-63.318499, 45.018646], [-63.318185, 45.01849], [-63.317727, 45.01798], [-63.31789, 45.017443], [-63.317929, 45.01739], [-63.318069, 45.017355], [-63.318147, 45.017256], [-63.318126, 45.01705], [-63.317951, 45.01694], [-63.317854, 45.016723], [-63.317653, 45.016631], [-63.317603, 45.016557], [-63.317644, 45.016432], [-63.31752, 45.016279], [-63.317256, 45.016186], [-63.316924, 45.016272], [-63.316773, 45.016207], [-63.31655, 45.015936], [-63.315905, 45.015856], [-63.315845, 45.015693], [-63.315863, 45.015406], [-63.315827, 45.015316], [-63.315217, 45.014752], [-63.315245, 45.014626], [-63.315715, 45.013965], [-63.315718, 45.013848], [-63.315643, 45.013766], [-63.315479, 45.013738], [-63.315342, 45.013637], [-63.315271, 45.013384], [-63.315441, 45.013125], [-63.315133, 45.012672], [-63.314978, 45.012203], [-63.314691, 45.011966], [-63.314446, 45.011558], [-63.314122, 45.011249], [-63.314151, 45.011069], [-63.314309, 45.010792], [-63.314009, 45.01058], [-63.313899, 45.010374], [-63.313761, 45.010318], [-63.313392, 45.01035], [-63.313343, 45.010296], [-63.313347, 45.010071], [-63.31358, 45.009866], [-63.313531, 45.009767], [-63.313393, 45.009683], [-63.313285, 45.009413], [-63.31334, 45.009188], [-63.313244, 45.008936], [-63.313413, 45.008731], [-63.313351, 45.008676], [-63.313035, 45.00861], [-63.312922, 45.008518], [-63.312899, 45.008455], [-63.313157, 45.008242], [-63.313146, 45.008134], [-63.313097, 45.008035], [-63.312849, 45.007807], [-63.312821, 45.007683], [-63.312663, 45.007562], [-63.31238, 45.007127], [-63.312143, 45.006972], [-63.312041, 45.006971], [-63.311887, 45.00705], [-63.311641, 45.007326], [-63.311536, 45.007469], [-63.311184, 45.008536], [-63.311093, 45.008671], [-63.310938, 45.008777], [-63.310466, 45.008925], [-63.309957, 45.009001], [-63.309495, 45.008599], [-63.309485, 45.008519], [-63.309536, 45.008465], [-63.310071, 45.008363], [-63.310304, 45.008149], [-63.310349, 45.007205], [-63.310211, 45.006538], [-63.310039, 45.006275], [-63.309719, 45.006064], [-63.309571, 45.005844], [-63.308746, 45.005298], [-63.308597, 45.005133], [-63.308426, 45.004575], [-63.308953, 45.003962], [-63.308389, 45.003359], [-63.308108, 45.002951], [-63.307198, 45.001986], [-63.306808, 45.002261], [-63.306314, 45.002327], [-63.306387, 45.002567], [-63.301728, 45.008571], [-63.298127, 45.01272], [-63.295374, 45.011555], [-63.293277, 45.013922], [-63.290254, 45.012127], [-63.289714, 45.013318], [-63.289646, 45.013585], [-63.289684, 45.014075], [-63.289895, 45.014374], [-63.289628, 45.014269], [-63.289426, 45.014084], [-63.289381, 45.013768], [-63.289468, 45.013271], [-63.28988, 45.012365], [-63.287498, 45.011257], [-63.286468, 45.010632], [-63.277323, 45.007455], [-63.275329, 45.007293], [-63.273356, 45.00053], [-63.272769, 44.999693], [-63.270698, 44.994338], [-63.274612, 44.988841], [-63.270829, 44.981029], [-63.277535, 44.979307], [-63.291397, 44.975581], [-63.291421, 44.972838], [-63.298694, 44.972182], [-63.298934, 44.971889], [-63.299014, 44.971674], [-63.298967, 44.971512], [-63.298693, 44.971302], [-63.298682, 44.971212], [-63.298895, 44.970728], [-63.29888, 44.970517], [-63.298758, 44.970295], [-63.29909, 44.970186], [-63.299188, 44.970016], [-63.29933, 44.969896], [-63.299783, 44.969793], [-63.299962, 44.969691], [-63.300113, 44.969769], [-63.300221, 44.969743], [-63.300295, 44.96983], [-63.300391, 44.969821], [-63.300622, 44.969684], [-63.300735, 44.969722], [-63.300976, 44.969706], [-63.301155, 44.969636], [-63.301297, 44.969502], [-63.301318, 44.969413], [-63.301233, 44.96925], [-63.301407, 44.969117], [-63.301949, 44.968969], [-63.30234, 44.969036], [-63.302613, 44.969003], [-63.303749, 44.96866], [-63.303982, 44.968437], [-63.304193, 44.968309], [-63.304313, 44.968391], [-63.306361, 44.967117], [-63.307296, 44.966623], [-63.307351, 44.966712], [-63.307123, 44.966751], [-63.306999, 44.967221], [-63.307308, 44.967244], [-63.307348, 44.96719], [-63.307751, 44.967306], [-63.307919, 44.967857], [-63.308114, 44.968903], [-63.309858, 44.968692], [-63.310089, 44.969798], [-63.310103, 44.971194], [-63.316239, 44.970945], [-63.326713, 44.970692], [-63.328305, 44.977228], [-63.324598, 44.978446], [-63.323241, 44.988538], [-63.322295, 44.994694], [-63.321014, 44.994726], [-63.320927, 44.999962], [-63.332038, 45.007352], [-63.332935, 45.006637], [-63.337661, 45.008453], [-63.335669, 45.009769], [-63.332557, 45.015879], [-63.331148, 45.015258], [-63.327664, 45.019156], [-63.325329, 45.017315], [-63.323292, 45.016344], [-63.321842, 45.015735], [-63.321388, 45.015611], [-63.320576, 45.016619], [-63.318712, 45.018775], [-63.318787, 45.018838], [-63.318727, 45.0189], [-63.318638, 45.01886], [-63.315455, 45.022568], [-63.315235, 45.022673], [-63.315156, 45.022497], [-63.316628, 45.020791]]]}, "properties": {"OBJECTID": 34, "GSA_KEY": 35, "FCODE": "GSAPOLY", "GSA_NAME": "LAKE EGMONT", "MUN_CODE": "HRM", "GSA_REM": " ", "SOURCE": "DM", "DATE_ACT": 1360022400000, "SYS_DATE": 1678473761000, "GLOBALID": "7586ef59-a2fe-4184-8da6-785449cd4ac3", "Shape__Area": 35441150.50390625, "Shape__Length": 35185.00434609644}}, {"type": "Feature", "id": 35, "geometry": {"type": "Polygon", "coordinates": [[[-62.195367, 44.998475], [-62.175777, 44.987867], [-62.17561, 44.987661], [-62.175587, 44.987333], [-62.175648, 44.986906], [-62.175639, 44.986582], [-62.175089, 44.985597], [-62.174351, 44.984619], [-62.174066, 44.984334], [-62.173353, 44.983875], [-62.172998, 44.983498], [-62.172177, 44.983223], [-62.17185, 44.983198], [-62.171602, 44.983101], [-62.17118, 44.982763], [-62.170565, 44.982052], [-62.175195, 44.979307], [-62.17425, 44.978808], [-62.175479, 44.978969], [-62.178615, 44.978254], [-62.181712, 44.985407], [-62.193194, 44.982889], [-62.19394, 44.984419], [-62.194615, 44.986076], [-62.197198, 44.99187], [-62.195251, 44.992322], [-62.196789, 44.995376], [-62.195064, 44.995781], [-62.196605, 44.998469], [-62.196186, 44.998607], [-62.195367, 44.998475]]]}, "properties": {"OBJECTID": 35, "GSA_KEY": 36, "FCODE": "GSAPOLY", "GSA_NAME": "PACE SETTLEMENT", "MUN_CODE": "HRM", "GSA_REM": " ", "SOURCE": "CA", "DATE_ACT": 980899200000, "SYS_DATE": null, "GLOBALID": "dc9943b1-1666-45ee-a162-174778b13e8d", "Shape__Area": 3918905.875, "Shape__Length": 10752.688401856893}}, {"type": "Feature", "id": 36, "geometry": {"type": "Polygon", "coordinates": [[[-62.170565, 44.982052], [-62.169988, 44.981246], [-62.169519, 44.980734], [-62.168819, 44.980365], [-62.167702, 44.979987], [-62.16668, 44.979752], [-62.166508, 44.9796], [-62.166335, 44.979348], [-62.166587, 44.978148], [-62.166616, 44.977593], [-62.166173, 44.977217], [-62.166963, 44.977156], [-62.167413, 44.977162], [-62.167482, 44.977231], [-62.167458, 44.977153], [-62.167679, 44.976576], [-62.168115, 44.975916], [-62.17039, 44.976417], [-62.16979, 44.977676], [-62.169958, 44.977722], [-62.170494, 44.977308], [-62.170919, 44.977161], [-62.172559, 44.977081], [-62.173301, 44.976997], [-62.175118, 44.976496], [-62.176714, 44.976528], [-62.177739, 44.976457], [-62.175958, 44.972788], [-62.200367, 44.971063], [-62.208597, 44.980386], [-62.206503, 44.980912], [-62.202144, 44.982134], [-62.20363, 44.985457], [-62.205137, 44.988447], [-62.209384, 44.987367], [-62.209904, 44.988532], [-62.20749, 44.989244], [-62.209913, 44.993461], [-62.206765, 44.994376], [-62.206702, 44.994272], [-62.200435, 44.996057], [-62.199918, 44.997524], [-62.196605, 44.998469], [-62.195064, 44.995781], [-62.196789, 44.995376], [-62.195251, 44.992322], [-62.197198, 44.99187], [-62.194615, 44.986076], [-62.19394, 44.984419], [-62.193194, 44.982889], [-62.181712, 44.985407], [-62.178615, 44.978254], [-62.175479, 44.978969], [-62.17425, 44.978808], [-62.175195, 44.979307], [-62.170565, 44.982052]]]}, "properties": {"OBJECTID": 36, "GSA_KEY": 37, "FCODE": "GSAPOLY", "GSA_NAME": "ECUM SECUM", "MUN_CODE": "HRM", "GSA_REM": " ", "SOURCE": "CR", "DATE_ACT": 980899200000, "SYS_DATE": null, "GLOBALID": "afb7ea26-4e54-48d5-be16-685adf54d423", "Shape__Area": 8692800.27734375, "Shape__Length": 19891.604096682702}}, {"type": "Feature", "id": 37, "geometry": {"type": "Polygon", "coordinates": [[[-62.410251, 45.000046], [-62.407389, 44.995088], [-62.39997, 44.997169], [-62.398851, 44.996587], [-62.397455, 44.994313], [-62.395304, 44.991526], [-62.394083, 44.990254], [-62.389011, 44.988412], [-62.385557, 44.988548], [-62.381152, 44.989615], [-62.37769, 44.98995], [-62.374426, 44.990639], [-62.371286, 44.990581], [-62.37124, 44.987481], [-62.370483, 44.983752], [-62.370017, 44.982445], [-62.368228, 44.980622], [-62.367065, 44.980365], [-62.366729, 44.980373], [-62.366762, 44.974566], [-62.371598, 44.965921], [-62.372124, 44.964713], [-62.369137, 44.957092], [-62.369461, 44.957024], [-62.367593, 44.952476], [-62.370151, 44.951907], [-62.370183, 44.951974], [-62.374072, 44.951004], [-62.376866, 44.956783], [-62.378707, 44.956367], [-62.37946, 44.956083], [-62.379735, 44.955929], [-62.380105, 44.955979], [-62.380256, 44.956075], [-62.379223, 44.953963], [-62.383722, 44.953009], [-62.377987, 44.939276], [-62.378134, 44.938923], [-62.377933, 44.938789], [-62.377869, 44.938688], [-62.377721, 44.938647], [-62.377455, 44.938469], [-62.370673, 44.939934], [-62.369178, 44.936518], [-62.374988, 44.935347], [-62.374304, 44.93368], [-62.368468, 44.934929], [-62.366841, 44.931109], [-62.369328, 44.930567], [-62.36787, 44.927096], [-62.37239, 44.926152], [-62.367536, 44.915841], [-62.364456, 44.916556], [-62.362934, 44.913076], [-62.358374, 44.903608], [-62.354463, 44.903551], [-62.354675, 44.902759], [-62.355608, 44.897391], [-62.354526, 44.895061], [-62.354387, 44.882017], [-62.311823, 44.879674], [-62.248944, 44.813605], [-62.280672, 44.798885], [-62.340637, 44.845484], [-62.387541, 44.868625], [-62.402038, 44.885589], [-62.409073, 44.90078], [-62.40946, 44.903375], [-62.409254, 44.9036], [-62.409785, 44.903597], [-62.409801, 44.903767], [-62.409917, 44.903909], [-62.410171, 44.903952], [-62.410312, 44.904086], [-62.411163, 44.904205], [-62.411418, 44.904311], [-62.411482, 44.904402], [-62.411322, 44.9047], [-62.411324, 44.904817], [-62.41094, 44.905341], [-62.410703, 44.905559], [-62.406117, 44.905435], [-62.411654, 44.916829], [-62.414257, 44.922009], [-62.417213, 44.928982], [-62.409351, 44.930628], [-62.409017, 44.930811], [-62.408912, 44.931321], [-62.408653, 44.932115], [-62.40664, 44.933552], [-62.405197, 44.935983], [-62.404982, 44.937126], [-62.404874, 44.938516], [-62.405213, 44.939505], [-62.405997, 44.939705], [-62.408326, 44.945175], [-62.430977, 44.940026], [-62.437082, 44.955544], [-62.4396, 44.955217], [-62.41774, 44.960183], [-62.418154, 44.960782], [-62.41914, 44.961395], [-62.419374, 44.961691], [-62.419407, 44.961826], [-62.422611, 44.961214], [-62.427063, 44.969336], [-62.427127, 44.969381], [-62.43008, 44.974733], [-62.426135, 44.975792], [-62.426651, 44.975985], [-62.426882, 44.976172], [-62.42781, 44.976327], [-62.428295, 44.976512], [-62.428651, 44.976527], [-62.4287, 44.976472], [-62.428685, 44.976276], [-62.428606, 44.97614], [-62.428452, 44.976042], [-62.428237, 44.975991], [-62.428451, 44.975961], [-62.429055, 44.976425], [-62.429122, 44.976685], [-62.428921, 44.976769], [-62.429039, 44.977055], [-62.428812, 44.977074], [-62.428459, 44.97723], [-62.427833, 44.977731], [-62.427837, 44.977929], [-62.428348, 44.978222], [-62.428364, 44.978429], [-62.428316, 44.978573], [-62.433101, 44.9773], [-62.435321, 44.981273], [-62.428414, 44.98272], [-62.42807, 44.98328], [-62.427672, 44.984537], [-62.428959, 44.986126], [-62.423262, 44.992325], [-62.417577, 44.996754], [-62.414608, 44.997679], [-62.412531, 44.997825], [-62.41189, 44.998855], [-62.412035, 44.999644], [-62.411859, 45.000271], [-62.41059, 45.000633], [-62.410251, 45.000046]]]}, "properties": {"OBJECTID": 37, "GSA_KEY": 38, "FCODE": "GSAPOLY", "GSA_NAME": "PORT DUFFERIN", "MUN_CODE": "HRM", "GSA_REM": " ", "SOURCE": "CA", "DATE_ACT": 980899200000, "SYS_DATE": 1407974400000, "GLOBALID": "65893a44-9c41-4964-908e-be4dbeabd096", "Shape__Area": 185312402.21484375, "Shape__Length": 101266.24361540224}}, {"type": "Feature", "id": 38, "geometry": {"type": "Polygon", "coordinates": [[[-62.525431, 44.989422], [-62.524452, 44.987396], [-62.523455, 44.987351], [-62.523379, 44.987388], [-62.522365, 44.987442], [-62.521617, 44.987395], [-62.521112, 44.987534], [-62.520755, 44.987421], [-62.520259, 44.987371], [-62.520055, 44.987274], [-62.51918, 44.987273], [-62.518659, 44.987214], [-62.517931, 44.986969], [-62.516529, 44.986837], [-62.515893, 44.986673], [-62.514955, 44.986578], [-62.514099, 44.986416], [-62.513869, 44.98632], [-62.513316, 44.986254], [-62.512932, 44.986068], [-62.512346, 44.985947], [-62.511573, 44.985918], [-62.511508, 44.985865], [-62.511629, 44.985581], [-62.511522, 44.985482], [-62.509256, 44.984893], [-62.508675, 44.984637], [-62.508575, 44.984516], [-62.508116, 44.984207], [-62.507486, 44.983952], [-62.506577, 44.983873], [-62.505947, 44.983565], [-62.505084, 44.983338], [-62.504983, 44.983259], [-62.504353, 44.983206], [-62.503408, 44.982632], [-62.502347, 44.982138], [-62.498795, 44.980249], [-62.497749, 44.979742], [-62.49449, 44.978344], [-62.492928, 44.977437], [-62.492487, 44.977087], [-62.492204, 44.976734], [-62.492206, 44.976383], [-62.49259, 44.976018], [-62.493103, 44.975647], [-62.493974, 44.974902], [-62.494176, 44.974515], [-62.494074, 44.974072], [-62.493822, 44.973587], [-62.493525, 44.973258], [-62.493421, 44.972933], [-62.493543, 44.97253], [-62.49442, 44.971723], [-62.49456, 44.971462], [-62.494616, 44.971184], [-62.494651, 44.970864], [-62.494561, 44.970545], [-62.493793, 44.969353], [-62.493773, 44.968816], [-62.494022, 44.967428], [-62.493911, 44.967284], [-62.493552, 44.967173], [-62.492055, 44.966944], [-62.490979, 44.966836], [-62.490821, 44.967193], [-62.490523, 44.967519], [-62.488801, 44.968407], [-62.488502, 44.968698], [-62.488356, 44.969066], [-62.43538, 44.981389], [-62.433101, 44.9773], [-62.428316, 44.978573], [-62.428364, 44.978429], [-62.428348, 44.978222], [-62.427837, 44.977929], [-62.427833, 44.977731], [-62.428459, 44.97723], [-62.428812, 44.977074], [-62.429039, 44.977055], [-62.428921, 44.976769], [-62.429122, 44.976685], [-62.429055, 44.976425], [-62.428451, 44.975961], [-62.428237, 44.975991], [-62.428452, 44.976042], [-62.428606, 44.97614], [-62.428685, 44.976276], [-62.4287, 44.976472], [-62.428651, 44.976527], [-62.428295, 44.976512], [-62.42781, 44.976327], [-62.426882, 44.976172], [-62.426651, 44.975985], [-62.426135, 44.975792], [-62.43008, 44.974733], [-62.427127, 44.969381], [-62.427063, 44.969336], [-62.422611, 44.961214], [-62.419407, 44.961826], [-62.419374, 44.961691], [-62.41914, 44.961395], [-62.418154, 44.960782], [-62.41774, 44.960183], [-62.4396, 44.955217], [-62.437082, 44.955544], [-62.430977, 44.940026], [-62.453634, 44.934744], [-62.502389, 44.923519], [-62.502725, 44.92343], [-62.502594, 44.923143], [-62.511373, 44.9211], [-62.511428, 44.920746], [-62.511732, 44.920573], [-62.511555, 44.920507], [-62.511663, 44.920449], [-62.51146, 44.920286], [-62.511311, 44.919768], [-62.512461, 44.919468], [-62.512706, 44.919176], [-62.513133, 44.919362], [-62.513363, 44.919285], [-62.513472, 44.919095], [-62.514028, 44.9193], [-62.514177, 44.919227], [-62.514243, 44.919377], [-62.514484, 44.919466], [-62.514424, 44.919499], [-62.514434, 44.919544], [-62.514638, 44.919649], [-62.514674, 44.919722], [-62.514311, 44.919798], [-62.514219, 44.919722], [-62.514226, 44.919811], [-62.514156, 44.919848], [-62.51531, 44.920184], [-62.515411, 44.918735], [-62.515296, 44.91765], [-62.513335, 44.915546], [-62.513198, 44.91511], [-62.513265, 44.914642], [-62.513171, 44.914412], [-62.510463, 44.910211], [-62.482448, 44.892236], [-62.492729, 44.871691], [-62.513889, 44.866966], [-62.51764, 44.865868], [-62.531015, 44.862316], [-62.543369, 44.859634], [-62.551739, 44.857894], [-62.558329, 44.871904], [-62.561611, 44.879983], [-62.560957, 44.88075], [-62.559932, 44.880289], [-62.559519, 44.880764], [-62.560561, 44.881225], [-62.560087, 44.881795], [-62.561417, 44.882319], [-62.561774, 44.881894], [-62.56078, 44.881501], [-62.561559, 44.880601], [-62.561981, 44.880796], [-62.563813, 44.884839], [-62.566356, 44.890753], [-62.577955, 44.888037], [-62.575037, 44.881225], [-62.57894, 44.880419], [-62.581086, 44.880046], [-62.578085, 44.872944], [-62.583044, 44.871799], [-62.582741, 44.871168], [-62.582482, 44.87077], [-62.581838, 44.869189], [-62.580226, 44.865808], [-62.580625, 44.86498], [-62.597899, 44.858004], [-62.620576, 44.848702], [-62.625295, 44.860024], [-62.626917, 44.861052], [-62.626066, 44.861872], [-62.655674, 44.932809], [-62.660763, 44.931789], [-62.662515, 44.936202], [-62.677341, 44.933188], [-62.682658, 44.942811], [-62.699252, 44.938008], [-62.701647, 44.942258], [-62.703499, 44.941752], [-62.705204, 44.944839], [-62.693164, 44.948416], [-62.696324, 44.954093], [-62.691922, 44.955413], [-62.68642, 44.946124], [-62.667552, 44.951489], [-62.652977, 44.94451], [-62.655642, 44.941522], [-62.654173, 44.937771], [-62.645896, 44.939218], [-62.646232, 44.940155], [-62.640684, 44.946357], [-62.645225, 44.948448], [-62.64655, 44.953846], [-62.646721, 44.953993], [-62.646811, 44.954201], [-62.646766, 44.954702], [-62.646956, 44.95554], [-62.64973, 44.957308], [-62.646859, 44.959533], [-62.637798, 44.96604], [-62.636106, 44.967649], [-62.63604, 44.96796], [-62.634442, 44.969227], [-62.632876, 44.968025], [-62.632049, 44.967452], [-62.631528, 44.96732], [-62.630702, 44.966726], [-62.630127, 44.966448], [-62.629719, 44.966462], [-62.629622, 44.96675], [-62.629974, 44.967207], [-62.6351, 44.97898], [-62.609052, 44.984681], [-62.586355, 44.989831], [-62.538952, 45.000049], [-62.531319, 45.001657], [-62.525431, 44.989422]]]}, "properties": {"OBJECTID": 38, "GSA_KEY": 39, "FCODE": "GSAPOLY", "GSA_NAME": "SHEET HARBOUR", "MUN_CODE": "HRM", "GSA_REM": " ", "SOURCE": "DM", "DATE_ACT": 980899200000, "SYS_DATE": 1579564800000, "GLOBALID": "ac690d78-4481-472d-a26d-dc87130f2bdc", "Shape__Area": 374617381.85546875, "Shape__Length": 124413.82965403923}}, {"type": "Feature", "id": 39, "geometry": {"type": "Polygon", "coordinates": [[[-63.340399, 45.007014], [-63.338771, 45.006593], [-63.337661, 45.008453], [-63.332935, 45.006637], [-63.332038, 45.007352], [-63.320927, 44.999962], [-63.321014, 44.994726], [-63.322295, 44.994694], [-63.323241, 44.988538], [-63.324598, 44.978446], [-63.328305, 44.977228], [-63.326713, 44.970692], [-63.316239, 44.970945], [-63.310103, 44.971194], [-63.310089, 44.969798], [-63.309858, 44.968692], [-63.308114, 44.968903], [-63.307919, 44.967857], [-63.307751, 44.967306], [-63.308826, 44.967394], [-63.308556, 44.966397], [-63.308429, 44.966141], [-63.308578, 44.965934], [-63.308555, 44.965826], [-63.308608, 44.965718], [-63.309135, 44.965364], [-63.309089, 44.965129], [-63.309128, 44.965076], [-63.310107, 44.964933], [-63.310491, 44.964775], [-63.310942, 44.964393], [-63.311384, 44.963884], [-63.311576, 44.963769], [-63.312501, 44.963824], [-63.313036, 44.963704], [-63.313726, 44.963423], [-63.314279, 44.963033], [-63.314384, 44.962872], [-63.314599, 44.962289], [-63.314858, 44.962022], [-63.315833, 44.961456], [-63.317197, 44.961065], [-63.317389, 44.960959], [-63.318228, 44.96023], [-63.319103, 44.959609], [-63.319247, 44.959349], [-63.319276, 44.959215], [-63.319242, 44.959007], [-63.318938, 44.958392], [-63.31824, 44.956549], [-63.317837, 44.952738], [-63.318067, 44.95266], [-63.318919, 44.951859], [-63.319523, 44.951451], [-63.319903, 44.9515], [-63.320247, 44.951395], [-63.32044, 44.951253], [-63.320479, 44.951182], [-63.320295, 44.950883], [-63.320286, 44.950739], [-63.320442, 44.950542], [-63.320622, 44.950427], [-63.320724, 44.950392], [-63.330327, 44.954092], [-63.337595, 44.956756], [-63.342133, 44.951299], [-63.350859, 44.938465], [-63.334197, 44.934059], [-63.342368, 44.927174], [-63.338084, 44.921874], [-63.33231, 44.926744], [-63.324432, 44.922543], [-63.324013, 44.915632], [-63.330546, 44.914031], [-63.336375, 44.912432], [-63.336819, 44.913345], [-63.339307, 44.914576], [-63.335196, 44.917762], [-63.336093, 44.919037], [-63.355754, 44.910856], [-63.356812, 44.912163], [-63.362578, 44.909645], [-63.372694, 44.907615], [-63.374895, 44.913301], [-63.376287, 44.913018], [-63.377301, 44.915423], [-63.380285, 44.921564], [-63.381657, 44.924148], [-63.383762, 44.928368], [-63.38538, 44.932145], [-63.389802, 44.931088], [-63.394281, 44.941406], [-63.400344, 44.940015], [-63.402303, 44.944321], [-63.404304, 44.943862], [-63.405414, 44.946301], [-63.396985, 44.948235], [-63.394634, 44.943068], [-63.389627, 44.949731], [-63.393933, 44.949858], [-63.382335, 44.9659], [-63.380779, 44.966024], [-63.380472, 44.966009], [-63.376512, 44.965684], [-63.376079, 44.965514], [-63.37593, 44.965523], [-63.376284, 44.966763], [-63.37206, 44.972187], [-63.367219, 44.978287], [-63.36474, 44.981328], [-63.365008, 44.981339], [-63.362625, 44.984533], [-63.362134, 44.984348], [-63.35661, 44.991429], [-63.357405, 44.991776], [-63.357538, 44.991965], [-63.35753, 44.992351], [-63.357592, 44.99246], [-63.358199, 44.993168], [-63.358458, 44.993549], [-63.358455, 44.993711], [-63.358249, 44.993871], [-63.358234, 44.993969], [-63.358359, 44.994043], [-63.358612, 44.994081], [-63.358623, 44.994179], [-63.358583, 44.994279], [-63.358403, 44.994394], [-63.358376, 44.994465], [-63.358881, 44.994615], [-63.359194, 44.994789], [-63.35951, 44.994837], [-63.359746, 44.995083], [-63.359692, 44.995279], [-63.359867, 44.99539], [-63.359887, 44.995642], [-63.359408, 44.996159], [-63.359157, 44.996652], [-63.358859, 44.996991], [-63.358819, 44.997106], [-63.358931, 44.997207], [-63.359704, 44.997534], [-63.36031, 44.997986], [-63.36042, 44.998212], [-63.36043, 44.998338], [-63.360374, 44.999245], [-63.360459, 44.999427], [-63.360783, 44.999737], [-63.360832, 44.999836], [-63.360791, 44.999989], [-63.360528, 45.000206], [-63.357935, 44.999082], [-63.358429, 44.998548], [-63.350861, 44.995124], [-63.34699, 44.999735], [-63.354329, 45.00315], [-63.352789, 45.004984], [-63.348528, 45.009714], [-63.340399, 45.007014]]]}, "properties": {"OBJECTID": 39, "GSA_KEY": 40, "FCODE": "GSAPOLY", "GSA_NAME": "ANTRIM", "MUN_CODE": "HRM", "GSA_REM": null, "SOURCE": "DM", "DATE_ACT": 980899200000, "SYS_DATE": 1505779200000, "GLOBALID": "e763fe03-d27a-404b-800f-f48b371b694f", "Shape__Area": 80063730.28125, "Shape__Length": 62439.57282489423}}, {"type": "Feature", "id": 40, "geometry": {"type": "Polygon", "coordinates": [[[-63.419017, 45.001134], [-63.418586, 45.000973], [-63.417954, 45.001507], [-63.389986, 44.989989], [-63.390479, 44.98941], [-63.392455, 44.990203], [-63.393519, 44.988908], [-63.394576, 44.989355], [-63.395366, 44.989795], [-63.395915, 44.990277], [-63.396835, 44.990622], [-63.397899, 44.98932], [-63.393133, 44.987289], [-63.39398, 44.986654], [-63.39312, 44.986307], [-63.395817, 44.983184], [-63.397998, 44.980497], [-63.395917, 44.979631], [-63.390952, 44.977702], [-63.391958, 44.976497], [-63.391077, 44.976151], [-63.394315, 44.972263], [-63.39003, 44.970251], [-63.393189, 44.966426], [-63.394167, 44.966759], [-63.393948, 44.966604], [-63.393558, 44.966109], [-63.393199, 44.96598], [-63.392958, 44.966], [-63.392657, 44.966164], [-63.392, 44.966382], [-63.391079, 44.966495], [-63.390155, 44.966409], [-63.388951, 44.966051], [-63.388597, 44.966052], [-63.388031, 44.966141], [-63.387341, 44.966085], [-63.386691, 44.965912], [-63.386321, 44.965711], [-63.386063, 44.965641], [-63.385815, 44.965661], [-63.385425, 44.965841], [-63.385056, 44.965905], [-63.38287, 44.965866], [-63.382335, 44.9659], [-63.393933, 44.949858], [-63.389627, 44.949731], [-63.394634, 44.943068], [-63.396985, 44.948235], [-63.405414, 44.946301], [-63.404304, 44.943862], [-63.416123, 44.941209], [-63.418612, 44.947269], [-63.431296, 44.947405], [-63.442032, 44.946349], [-63.435603, 44.942251], [-63.443273, 44.934142], [-63.460309, 44.95196], [-63.466124, 44.956599], [-63.46258, 44.960486], [-63.461733, 44.961108], [-63.460171, 44.961838], [-63.456124, 44.96397], [-63.466599, 44.973924], [-63.466463, 44.973988], [-63.466329, 44.974139], [-63.466266, 44.974813], [-63.465541, 44.975361], [-63.465427, 44.975569], [-63.465471, 44.97568], [-63.46558, 44.975759], [-63.465896, 44.975835], [-63.466368, 44.97586], [-63.466458, 44.975996], [-63.466505, 44.976259], [-63.466438, 44.977042], [-63.466278, 44.97753], [-63.466338, 44.977651], [-63.466464, 44.977757], [-63.466454, 44.977891], [-63.466227, 44.977999], [-63.465887, 44.977977], [-63.465717, 44.97795], [-63.465333, 44.977774], [-63.465011, 44.977834], [-63.464758, 44.978115], [-63.464851, 44.978322], [-63.465627, 44.978634], [-63.465796, 44.978748], [-63.465992, 44.979011], [-63.466403, 44.979179], [-63.466804, 44.97949], [-63.467118, 44.979468], [-63.467876, 44.979294], [-63.467972, 44.979336], [-63.468232, 44.979706], [-63.468147, 44.97992], [-63.467902, 44.979981], [-63.467925, 44.980212], [-63.467496, 44.980373], [-63.467647, 44.9808], [-63.467641, 44.981179], [-63.467545, 44.981343], [-63.46751, 44.981754], [-63.466151, 44.981827], [-63.466014, 44.981906], [-63.466005, 44.982156], [-63.466066, 44.982244], [-63.46662, 44.982419], [-63.467296, 44.982728], [-63.467456, 44.98282], [-63.467587, 44.983082], [-63.467414, 44.983253], [-63.467047, 44.983412], [-63.466473, 44.983289], [-63.466217, 44.983328], [-63.466083, 44.983892], [-63.465585, 44.984217], [-63.465545, 44.984302], [-63.465551, 44.984387], [-63.465677, 44.984515], [-63.466704, 44.98509], [-63.466943, 44.985331], [-63.467037, 44.985491], [-63.467204, 44.985449], [-63.467238, 44.985493], [-63.467158, 44.985665], [-63.467385, 44.985747], [-63.467352, 44.985851], [-63.467234, 44.985971], [-63.467239, 44.986084], [-63.467319, 44.986158], [-63.467746, 44.986341], [-63.467884, 44.986501], [-63.467069, 44.986619], [-63.465866, 44.986545], [-63.464914, 44.986572], [-63.464329, 44.986675], [-63.46355, 44.986974], [-63.462999, 44.987284], [-63.462152, 44.987861], [-63.461691, 44.9881], [-63.461446, 44.988313], [-63.461329, 44.988474], [-63.461221, 44.988833], [-63.461239, 44.989967], [-63.46103, 44.990262], [-63.460554, 44.990654], [-63.460246, 44.99084], [-63.458649, 44.99151], [-63.458037, 44.991693], [-63.456792, 44.991835], [-63.456265, 44.992181], [-63.45607, 44.992467], [-63.456104, 44.992674], [-63.456178, 44.992801], [-63.456464, 44.993092], [-63.457689, 44.994093], [-63.457913, 44.994356], [-63.458071, 44.994735], [-63.458067, 44.99496], [-63.457947, 44.995229], [-63.457598, 44.995604], [-63.457264, 44.995862], [-63.456674, 44.996189], [-63.456238, 44.9965], [-63.454967, 44.998027], [-63.454682, 44.998331], [-63.454296, 44.998642], [-63.453809, 44.998935], [-63.453182, 44.999226], [-63.451829, 44.9997], [-63.45058, 45.000039], [-63.449504, 45.000623], [-63.44859, 45.001317], [-63.448077, 45.001618], [-63.447222, 45.001898], [-63.446242, 45.002078], [-63.443373, 45.002213], [-63.44106, 45.002453], [-63.440197, 45.002499], [-63.438893, 45.002388], [-63.437501, 45.002168], [-63.435886, 45.001703], [-63.434017, 45.001271], [-63.433408, 45.001257], [-63.433178, 45.001381], [-63.432527, 45.002283], [-63.431893, 45.002952], [-63.431762, 45.003185], [-63.431706, 45.003428], [-63.431724, 45.003851], [-63.431985, 45.004798], [-63.432241, 45.005386], [-63.43261, 45.005992], [-63.433107, 45.00722], [-63.43338, 45.007556], [-63.433705, 45.007856], [-63.435518, 45.009268], [-63.435742, 45.009486], [-63.435965, 45.009794], [-63.436099, 45.010101], [-63.436119, 45.010371], [-63.436041, 45.011144], [-63.435902, 45.011809], [-63.435755, 45.012195], [-63.434915, 45.013744], [-63.434616, 45.014812], [-63.434362, 45.015502], [-63.433555, 45.017295], [-63.433472, 45.017645], [-63.433478, 45.018257], [-63.422184, 45.013992], [-63.425117, 45.005463], [-63.421303, 45.003883], [-63.421887, 45.003634], [-63.422365, 45.003367], [-63.421379, 45.002881], [-63.422207, 45.002322], [-63.419017, 45.001134]]]}, "properties": {"OBJECTID": 40, "GSA_KEY": 41, "FCODE": "GSAPOLY", "GSA_NAME": "DUTCH SETTLEMENT", "MUN_CODE": "HRM", "GSA_REM": " ", "SOURCE": "DM", "DATE_ACT": 980899200000, "SYS_DATE": 1569456000000, "GLOBALID": "b64bd481-3873-45a5-92e8-cafb5894fd00", "Shape__Area": 70570247.09765625, "Shape__Length": 49729.98287489674}}, {"type": "Feature", "id": 41, "geometry": {"type": "Polygon", "coordinates": [[[-62.870081, 44.997853], [-62.867995, 44.994134], [-62.863598, 44.995366], [-62.860694, 44.990046], [-62.861935, 44.989716], [-62.861431, 44.988772], [-62.856611, 44.990076], [-62.853411, 44.983948], [-62.851023, 44.984574], [-62.849581, 44.982027], [-62.843494, 44.983646], [-62.840188, 44.977539], [-62.832791, 44.979533], [-62.83522, 44.983942], [-62.825878, 44.986566], [-62.823874, 44.987075], [-62.821494, 44.982571], [-62.809838, 44.985806], [-62.80796, 44.982412], [-62.797532, 44.985294], [-62.796129, 44.982805], [-62.795431, 44.982666], [-62.794343, 44.982572], [-62.793743, 44.9824], [-62.79373, 44.982269], [-62.795237, 44.981109], [-62.791108, 44.978456], [-62.786487, 44.971408], [-62.786234, 44.970957], [-62.785881, 44.970614], [-62.785087, 44.970455], [-62.783814, 44.970345], [-62.781651, 44.970294], [-62.779872, 44.970331], [-62.778749, 44.970613], [-62.76667, 44.974203], [-62.765734, 44.972541], [-62.765536, 44.972452], [-62.765296, 44.972489], [-62.765001, 44.972451], [-62.764736, 44.972345], [-62.764682, 44.972256], [-62.764832, 44.972034], [-62.764844, 44.971946], [-62.764671, 44.971652], [-62.7647, 44.971341], [-62.764162, 44.971095], [-62.763973, 44.970719], [-62.763501, 44.970529], [-62.763106, 44.970306], [-62.762707, 44.970245], [-62.762489, 44.97029], [-62.758824, 44.971401], [-62.75601, 44.966754], [-62.767712, 44.963366], [-62.766421, 44.961148], [-62.766192, 44.961124], [-62.765953, 44.961189], [-62.765691, 44.96139], [-62.765275, 44.96153], [-62.764908, 44.961525], [-62.7645, 44.96143], [-62.764272, 44.961433], [-62.76381, 44.961753], [-62.763345, 44.961938], [-62.763155, 44.96194], [-62.762441, 44.961732], [-62.761794, 44.96173], [-62.761359, 44.961628], [-62.744886, 44.965876], [-62.740388, 44.957754], [-62.743977, 44.956698], [-62.742139, 44.953101], [-62.738339, 44.954152], [-62.73507, 44.948366], [-62.756226, 44.944189], [-62.752504, 44.935437], [-62.767489, 44.932037], [-62.772128, 44.928693], [-62.777115, 44.925665], [-62.780665, 44.922703], [-62.812488, 44.900062], [-62.829437, 44.887719], [-62.830269, 44.887782], [-62.831971, 44.887444], [-62.833374, 44.886513], [-62.835798, 44.885682], [-62.838138, 44.886387], [-62.839886, 44.88851], [-62.84176, 44.889012], [-62.8437, 44.888565], [-62.845543, 44.888788], [-62.850789, 44.889674], [-62.861434, 44.890247], [-62.868068, 44.890528], [-62.865606, 44.88626], [-62.871142, 44.884565], [-62.878628, 44.882364], [-62.875949, 44.877789], [-62.881147, 44.876277], [-62.878742, 44.872063], [-62.883104, 44.870786], [-62.881849, 44.868601], [-62.887837, 44.866859], [-62.893237, 44.876387], [-62.897221, 44.875245], [-62.895363, 44.871947], [-62.900473, 44.870521], [-62.905107, 44.869307], [-62.90712, 44.872694], [-62.909896, 44.878072], [-62.912971, 44.883682], [-62.914544, 44.886677], [-62.914978, 44.887621], [-62.913205, 44.888106], [-62.913188, 44.888312], [-62.913834, 44.8889], [-62.914453, 44.889686], [-62.91451, 44.889895], [-62.914658, 44.890065], [-62.914742, 44.890562], [-62.916315, 44.890885], [-62.916416, 44.890991], [-62.91652, 44.89127], [-62.916522, 44.891468], [-62.916068, 44.891996], [-62.91568, 44.892179], [-62.915184, 44.892247], [-62.910809, 44.893418], [-62.914201, 44.89967], [-62.914072, 44.900063], [-62.910091, 44.901668], [-62.907869, 44.902355], [-62.907644, 44.902737], [-62.907425, 44.902989], [-62.905904, 44.903049], [-62.903184, 44.903348], [-62.901253, 44.904679], [-62.899554, 44.906457], [-62.896434, 44.907306], [-62.900651, 44.914858], [-62.906852, 44.913082], [-62.908041, 44.915101], [-62.908942, 44.916754], [-62.909448, 44.917213], [-62.910346, 44.918152], [-62.911413, 44.919885], [-62.9118, 44.920624], [-62.912387, 44.921019], [-62.914876, 44.921439], [-62.915275, 44.921734], [-62.915087, 44.922659], [-62.914505, 44.923056], [-62.913517, 44.923409], [-62.913181, 44.923771], [-62.913109, 44.924408], [-62.912553, 44.924863], [-62.91083, 44.925125], [-62.899238, 44.928379], [-62.902144, 44.933637], [-62.902286, 44.934353], [-62.902228, 44.935964], [-62.902075, 44.936234], [-62.901653, 44.936697], [-62.90106, 44.937157], [-62.900716, 44.937649], [-62.900423, 44.938713], [-62.90022, 44.93887], [-62.900106, 44.939187], [-62.900262, 44.939742], [-62.900205, 44.939891], [-62.899713, 44.940053], [-62.899356, 44.940067], [-62.899181, 44.940655], [-62.89894, 44.940783], [-62.897671, 44.941063], [-62.886223, 44.9431], [-62.88216, 44.945412], [-62.8851, 44.948827], [-62.889626, 44.952541], [-62.891339, 44.953611], [-62.898085, 44.955371], [-62.90895, 44.962546], [-62.916633, 44.969482], [-62.914006, 44.969688], [-62.914063, 44.969897], [-62.916625, 44.974479], [-62.919735, 44.973585], [-62.922646, 44.978795], [-62.919857, 44.979563], [-62.921887, 44.983192], [-62.926849, 44.983386], [-62.932162, 44.983409], [-62.931984, 44.99024], [-62.943249, 44.98726], [-62.943543, 44.987781], [-62.943046, 44.987563], [-62.942957, 44.987582], [-62.941978, 44.987964], [-62.94136, 44.988275], [-62.940855, 44.988396], [-62.940788, 44.988579], [-62.940859, 44.988953], [-62.941188, 44.98934], [-62.941371, 44.98973], [-62.94136, 44.990142], [-62.941532, 44.990593], [-62.94189, 44.991009], [-62.943213, 44.991756], [-62.942996, 44.991937], [-62.94274, 44.992064], [-62.933467, 44.996555], [-62.930278, 44.998354], [-62.925701, 44.990222], [-62.915529, 44.993075], [-62.917825, 44.997235], [-62.907336, 45.000043], [-62.904313, 44.994667], [-62.895332, 44.99716], [-62.892391, 44.995205], [-62.872083, 45.001561], [-62.870081, 44.997853]]]}, "properties": {"OBJECTID": 41, "GSA_KEY": 42, "FCODE": "GSAPOLY", "GSA_NAME": "MOOSELAND", "MUN_CODE": "HRM", "GSA_REM": " ", "SOURCE": "CR", "DATE_ACT": 980899200000, "SYS_DATE": 1691759411000, "GLOBALID": "6900dce3-d09b-46b0-b817-fb764fac984e", "Shape__Area": 242097166.453125, "Shape__Length": 102585.58196354574}}, {"type": "Feature", "id": 42, "geometry": {"type": "Polygon", "coordinates": [[[-62.932032, 44.988318], [-62.932162, 44.983409], [-62.926849, 44.983386], [-62.921887, 44.983192], [-62.919857, 44.979563], [-62.922646, 44.978795], [-62.919735, 44.973585], [-62.916625, 44.974479], [-62.914063, 44.969897], [-62.914006, 44.969688], [-62.919134, 44.969286], [-62.921267, 44.968109], [-62.923527, 44.967053], [-62.925915, 44.966933], [-62.92639, 44.966946], [-62.927065, 44.966794], [-62.928608, 44.965474], [-62.929998, 44.965398], [-62.932046, 44.966068], [-62.932919, 44.966102], [-62.933745, 44.965989], [-62.935468, 44.965396], [-62.935481, 44.965674], [-62.935741, 44.965895], [-62.936605, 44.966033], [-62.949372, 44.967613], [-62.958899, 44.968918], [-62.954974, 44.974587], [-62.952159, 44.97856], [-62.962114, 44.981651], [-62.95575, 44.983479], [-62.957592, 44.986847], [-62.951427, 44.988532], [-62.95058, 44.987081], [-62.944188, 44.988865], [-62.943982, 44.988468], [-62.943866, 44.988423], [-62.943787, 44.988281], [-62.943828, 44.987912], [-62.943418, 44.987738], [-62.943543, 44.987781], [-62.943249, 44.98726], [-62.931984, 44.99024], [-62.932032, 44.988318]]]}, "properties": {"OBJECTID": 42, "GSA_KEY": 43, "FCODE": "GSAPOLY", "GSA_NAME": "MOOSE RIVER GOLD MINES", "MUN_CODE": "HRM", "GSA_REM": " ", "SOURCE": "CA", "DATE_ACT": 980899200000, "SYS_DATE": 1510099200000, "GLOBALID": "d73a8e19-0ed1-483c-90fc-6f7ab26546e7", "Shape__Area": 12794598.21484375, "Shape__Length": 18243.82299074994}}, {"type": "Feature", "id": 43, "geometry": {"type": "Polygon", "coordinates": [[[-62.247615, 44.962558], [-62.245888, 44.963001], [-62.245706, 44.96299], [-62.244616, 44.963619], [-62.233668, 44.966173], [-62.237153, 44.973615], [-62.224752, 44.976617], [-62.228806, 44.984005], [-62.225004, 44.98494], [-62.226088, 44.987164], [-62.222567, 44.988048], [-62.22385, 44.990676], [-62.223033, 44.991008], [-62.219252, 44.987069], [-62.215002, 44.988585], [-62.214353, 44.988773], [-62.213705, 44.987543], [-62.209904, 44.988532], [-62.209384, 44.987367], [-62.205137, 44.988447], [-62.20363, 44.985457], [-62.202144, 44.982134], [-62.206503, 44.980912], [-62.208597, 44.980386], [-62.200367, 44.971063], [-62.198396, 44.968925], [-62.192905, 44.96255], [-62.190397, 44.959559], [-62.190458, 44.95937], [-62.187304, 44.955267], [-62.186868, 44.949944], [-62.190418, 44.946076], [-62.223165, 44.938535], [-62.227474, 44.950336], [-62.239714, 44.954728], [-62.247615, 44.962558]]]}, "properties": {"OBJECTID": 43, "GSA_KEY": 44, "FCODE": "GSAPOLY", "GSA_NAME": "NECUM TEUCH", "MUN_CODE": "HRM", "GSA_REM": " ", "SOURCE": "CR", "DATE_ACT": 980899200000, "SYS_DATE": null, "GLOBALID": "5875a8c9-3de7-42dc-a805-4509a1ef6598", "Shape__Area": 29585467.7578125, "Shape__Length": 26882.651904974162}}, {"type": "Feature", "id": 44, "geometry": {"type": "Polygon", "coordinates": [[[-62.302636, 44.98092], [-62.301375, 44.978225], [-62.297394, 44.979184], [-62.294679, 44.973524], [-62.291752, 44.974094], [-62.290031, 44.971104], [-62.289847, 44.971142], [-62.289299, 44.969989], [-62.296041, 44.968377], [-62.29744, 44.967049], [-62.296421, 44.961654], [-62.294867, 44.95862], [-62.29095, 44.956252], [-62.289781, 44.954806], [-62.289596, 44.95422], [-62.286414, 44.947782], [-62.287788, 44.947445], [-62.286222, 44.944483], [-62.285336, 44.944701], [-62.283941, 44.941948], [-62.281658, 44.94173], [-62.281013, 44.941833], [-62.272492, 44.933828], [-62.271451, 44.933356], [-62.265039, 44.93432], [-62.264247, 44.932779], [-62.262641, 44.929358], [-62.26821, 44.928135], [-62.273287, 44.92729], [-62.273814, 44.926889], [-62.283143, 44.920894], [-62.279374, 44.9149], [-62.258774, 44.889201], [-62.216039, 44.837572], [-62.211662, 44.830879], [-62.248944, 44.813605], [-62.311823, 44.879674], [-62.336873, 44.881055], [-62.33648, 44.89642], [-62.338393, 44.900893], [-62.332397, 44.907136], [-62.330315, 44.909759], [-62.327845, 44.911209], [-62.325231, 44.911568], [-62.323861, 44.91186], [-62.319791, 44.912918], [-62.319353, 44.913125], [-62.319247, 44.91328], [-62.319233, 44.913491], [-62.319384, 44.914623], [-62.319821, 44.916096], [-62.320318, 44.916756], [-62.320135, 44.916853], [-62.320073, 44.916946], [-62.320705, 44.919077], [-62.319367, 44.919366], [-62.31862, 44.919581], [-62.317498, 44.919789], [-62.31816, 44.921077], [-62.318486, 44.921907], [-62.3168, 44.922156], [-62.315909, 44.922408], [-62.315258, 44.922641], [-62.314316, 44.923179], [-62.314507, 44.923324], [-62.318006, 44.92925], [-62.31918, 44.928976], [-62.321187, 44.928422], [-62.323937, 44.933388], [-62.323068, 44.933722], [-62.32197, 44.934063], [-62.317791, 44.93511], [-62.316839, 44.935432], [-62.315315, 44.935861], [-62.316237, 44.9399], [-62.317708, 44.943043], [-62.313638, 44.943826], [-62.315153, 44.947404], [-62.316828, 44.950272], [-62.319171, 44.949706], [-62.31921, 44.949764], [-62.320758, 44.952997], [-62.322485, 44.956387], [-62.322107, 44.956542], [-62.322665, 44.957434], [-62.320166, 44.958176], [-62.319112, 44.956231], [-62.312579, 44.958091], [-62.313209, 44.95922], [-62.30987, 44.96018], [-62.313821, 44.967408], [-62.314566, 44.969105], [-62.312127, 44.969688], [-62.315787, 44.977857], [-62.317618, 44.981826], [-62.304396, 44.984845], [-62.302636, 44.98092]]]}, "properties": {"OBJECTID": 44, "GSA_KEY": 45, "FCODE": "GSAPOLY", "GSA_NAME": "HARRIGAN COVE", "MUN_CODE": "HRM", "GSA_REM": " ", "SOURCE": "CS", "DATE_ACT": 980899200000, "SYS_DATE": null, "GLOBALID": "a8f1c894-9efd-40dc-a1ab-aa38dac764e2", "Shape__Area": 136244217.171875, "Shape__Length": 75347.45083975865}}, {"type": "Feature", "id": 45, "geometry": {"type": "Polygon", "coordinates": [[[-62.355966, 44.981077], [-62.353923, 44.977614], [-62.350697, 44.978534], [-62.340536, 44.978245], [-62.337531, 44.972989], [-62.339829, 44.972319], [-62.337133, 44.967697], [-62.343893, 44.966122], [-62.343542, 44.964491], [-62.343526, 44.963788], [-62.34318, 44.963438], [-62.343179, 44.96284], [-62.343303, 44.962084], [-62.343072, 44.961335], [-62.343068, 44.961075], [-62.343176, 44.960678], [-62.343096, 44.960354], [-62.342875, 44.959978], [-62.342462, 44.959442], [-62.34219, 44.959205], [-62.342039, 44.958887], [-62.341961, 44.958472], [-62.342004, 44.957942], [-62.342293, 44.957699], [-62.342838, 44.957478], [-62.345721, 44.957168], [-62.345967, 44.956824], [-62.346098, 44.956429], [-62.346188, 44.955917], [-62.346428, 44.955723], [-62.347019, 44.955657], [-62.344906, 44.950694], [-62.344198, 44.950851], [-62.33958, 44.940069], [-62.346299, 44.938579], [-62.342927, 44.930611], [-62.343043, 44.930536], [-62.343204, 44.930053], [-62.34335, 44.929875], [-62.343656, 44.92966], [-62.343803, 44.929472], [-62.344197, 44.929265], [-62.34461, 44.928915], [-62.34461, 44.928718], [-62.34432, 44.928504], [-62.344197, 44.928316], [-62.343998, 44.927593], [-62.34402, 44.927459], [-62.344101, 44.927354], [-62.344562, 44.927259], [-62.344712, 44.927142], [-62.344698, 44.927008], [-62.344475, 44.926524], [-62.344612, 44.926361], [-62.345941, 44.92537], [-62.347474, 44.925065], [-62.347773, 44.924891], [-62.347933, 44.924604], [-62.347865, 44.923757], [-62.347696, 44.923213], [-62.346473, 44.92257], [-62.344748, 44.922006], [-62.344279, 44.9212], [-62.34412, 44.918804], [-62.342489, 44.912394], [-62.340148, 44.904995], [-62.33648, 44.89642], [-62.336873, 44.881055], [-62.354387, 44.882017], [-62.354526, 44.895061], [-62.355608, 44.897391], [-62.354675, 44.902759], [-62.354463, 44.903551], [-62.358374, 44.903608], [-62.362934, 44.913076], [-62.364456, 44.916556], [-62.367536, 44.915841], [-62.37239, 44.926152], [-62.36787, 44.927096], [-62.369328, 44.930567], [-62.366841, 44.931109], [-62.368468, 44.934929], [-62.374304, 44.93368], [-62.374988, 44.935347], [-62.369178, 44.936518], [-62.370673, 44.939934], [-62.365377, 44.941077], [-62.366422, 44.944174], [-62.370151, 44.951907], [-62.367593, 44.952476], [-62.369461, 44.957024], [-62.369137, 44.957092], [-62.372124, 44.964713], [-62.371598, 44.965921], [-62.366762, 44.974566], [-62.366729, 44.980373], [-62.364987, 44.980418], [-62.356961, 44.982779], [-62.355966, 44.981077]]]}, "properties": {"OBJECTID": 45, "GSA_KEY": 46, "FCODE": "GSAPOLY", "GSA_NAME": "WEST QUODDY", "MUN_CODE": "HRM", "GSA_REM": " ", "SOURCE": "CR", "DATE_ACT": 980899200000, "SYS_DATE": 1407974400000, "GLOBALID": "eb5a5047-96af-4ab1-ad58-f9e7a7cb7e5e", "Shape__Area": 40202246.4296875, "Shape__Length": 43142.4375615735}}, {"type": "Feature", "id": 46, "geometry": {"type": "Polygon", "coordinates": [[[-62.281928, 44.979244], [-62.278901, 44.976458], [-62.277546, 44.977099], [-62.276189, 44.975096], [-62.275449, 44.974264], [-62.272933, 44.968139], [-62.275385, 44.967636], [-62.285791, 44.966117], [-62.285112, 44.964747], [-62.27509, 44.966582], [-62.274077, 44.96456], [-62.284089, 44.962235], [-62.283545, 44.960804], [-62.282486, 44.958449], [-62.279673, 44.953685], [-62.264418, 44.957525], [-62.26269, 44.953578], [-62.2528, 44.955565], [-62.248405, 44.956356], [-62.242575, 44.957547], [-62.239714, 44.954728], [-62.227474, 44.950336], [-62.205627, 44.890424], [-62.206359, 44.889395], [-62.204956, 44.888813], [-62.187826, 44.841912], [-62.211662, 44.830879], [-62.216039, 44.837572], [-62.258774, 44.889201], [-62.279374, 44.9149], [-62.283143, 44.920894], [-62.273814, 44.926889], [-62.273287, 44.92729], [-62.26821, 44.928135], [-62.262641, 44.929358], [-62.264247, 44.932779], [-62.265039, 44.93432], [-62.271451, 44.933356], [-62.272492, 44.933828], [-62.281013, 44.941833], [-62.281658, 44.94173], [-62.283941, 44.941948], [-62.285336, 44.944701], [-62.286222, 44.944483], [-62.287788, 44.947445], [-62.286414, 44.947782], [-62.289596, 44.95422], [-62.289781, 44.954806], [-62.29095, 44.956252], [-62.294867, 44.95862], [-62.296421, 44.961654], [-62.29744, 44.967049], [-62.296041, 44.968377], [-62.289299, 44.969989], [-62.289847, 44.971142], [-62.285314, 44.971996], [-62.288402, 44.97899], [-62.283017, 44.980246], [-62.281928, 44.979244]]]}, "properties": {"OBJECTID": 46, "GSA_KEY": 47, "FCODE": "GSAPOLY", "GSA_NAME": "MOOSEHEAD", "MUN_CODE": "HRM", "GSA_REM": " ", "SOURCE": "DM", "DATE_ACT": 980899200000, "SYS_DATE": null, "GLOBALID": "23dcc900-901a-4b6c-b1c6-e662a01bf9e1", "Shape__Area": 110893640.85546875, "Shape__Length": 66645.65178213372}}, {"type": "Feature", "id": 47, "geometry": {"type": "Polygon", "coordinates": [[[-62.326249, 44.980212], [-62.32487, 44.977346], [-62.31896, 44.979022], [-62.318175, 44.977327], [-62.315787, 44.977857], [-62.312127, 44.969688], [-62.314566, 44.969105], [-62.313821, 44.967408], [-62.30987, 44.96018], [-62.313209, 44.95922], [-62.312579, 44.958091], [-62.319112, 44.956231], [-62.320166, 44.958176], [-62.322665, 44.957434], [-62.322107, 44.956542], [-62.322485, 44.956387], [-62.320758, 44.952997], [-62.31921, 44.949764], [-62.319171, 44.949706], [-62.316828, 44.950272], [-62.315153, 44.947404], [-62.313638, 44.943826], [-62.317708, 44.943043], [-62.316237, 44.9399], [-62.315315, 44.935861], [-62.316839, 44.935432], [-62.317791, 44.93511], [-62.32197, 44.934063], [-62.323068, 44.933722], [-62.323937, 44.933388], [-62.321187, 44.928422], [-62.31918, 44.928976], [-62.318006, 44.92925], [-62.314507, 44.923324], [-62.314316, 44.923179], [-62.315258, 44.922641], [-62.315909, 44.922408], [-62.3168, 44.922156], [-62.318486, 44.921907], [-62.31816, 44.921077], [-62.317498, 44.919789], [-62.31862, 44.919581], [-62.319367, 44.919366], [-62.320705, 44.919077], [-62.320073, 44.916946], [-62.320135, 44.916853], [-62.320318, 44.916756], [-62.319821, 44.916096], [-62.319384, 44.914623], [-62.319233, 44.913491], [-62.319247, 44.91328], [-62.319353, 44.913125], [-62.319791, 44.912918], [-62.323861, 44.91186], [-62.325231, 44.911568], [-62.327845, 44.911209], [-62.330315, 44.909759], [-62.332397, 44.907136], [-62.338393, 44.900893], [-62.340148, 44.904995], [-62.342489, 44.912394], [-62.34412, 44.918804], [-62.344279, 44.9212], [-62.344748, 44.922006], [-62.346473, 44.92257], [-62.347696, 44.923213], [-62.347865, 44.923757], [-62.347933, 44.924604], [-62.347773, 44.924891], [-62.347474, 44.925065], [-62.345941, 44.92537], [-62.344612, 44.926361], [-62.344475, 44.926524], [-62.344698, 44.927008], [-62.344712, 44.927142], [-62.344562, 44.927259], [-62.344101, 44.927354], [-62.34402, 44.927459], [-62.343998, 44.927593], [-62.344197, 44.928316], [-62.34432, 44.928504], [-62.34461, 44.928718], [-62.34461, 44.928915], [-62.344197, 44.929265], [-62.343803, 44.929472], [-62.343656, 44.92966], [-62.34335, 44.929875], [-62.343204, 44.930053], [-62.343043, 44.930536], [-62.342927, 44.930611], [-62.346299, 44.938579], [-62.33958, 44.940069], [-62.344198, 44.950851], [-62.344906, 44.950694], [-62.347019, 44.955657], [-62.346428, 44.955723], [-62.346188, 44.955917], [-62.346098, 44.956429], [-62.345967, 44.956824], [-62.345721, 44.957168], [-62.342838, 44.957478], [-62.342293, 44.957699], [-62.342004, 44.957942], [-62.341961, 44.958472], [-62.342039, 44.958887], [-62.34219, 44.959205], [-62.342462, 44.959442], [-62.342875, 44.959978], [-62.343096, 44.960354], [-62.343176, 44.960678], [-62.343068, 44.961075], [-62.343072, 44.961335], [-62.343303, 44.962084], [-62.343179, 44.96284], [-62.34318, 44.963438], [-62.343526, 44.963788], [-62.343542, 44.964491], [-62.343893, 44.966122], [-62.337133, 44.967697], [-62.339829, 44.972319], [-62.337531, 44.972989], [-62.33973, 44.976865], [-62.331683, 44.978917], [-62.326249, 44.980212]]]}, "properties": {"OBJECTID": 47, "GSA_KEY": 49, "FCODE": "GSAPOLY", "GSA_NAME": "EAST QUODDY", "MUN_CODE": "HRM", "GSA_REM": " ", "SOURCE": "CS", "DATE_ACT": 980899200000, "SYS_DATE": null, "GLOBALID": "61592bbd-b2b5-4d51-87e5-66ef4e6d2061", "Shape__Area": 32008699.89453125, "Shape__Length": 35982.37633068815}}, {"type": "Feature", "id": 48, "geometry": {"type": "Polygon", "coordinates": [[[-62.167482, 44.977231], [-62.167413, 44.977162], [-62.166963, 44.977156], [-62.166173, 44.977217], [-62.165846, 44.977065], [-62.165702, 44.976778], [-62.165773, 44.976181], [-62.165721, 44.975739], [-62.165747, 44.97522], [-62.165698, 44.975032], [-62.165448, 44.974395], [-62.164874, 44.973596], [-62.164474, 44.972889], [-62.163902, 44.972244], [-62.162937, 44.971541], [-62.162411, 44.971081], [-62.16087, 44.969363], [-62.159677, 44.967673], [-62.1587, 44.965797], [-62.157895, 44.963859], [-62.157581, 44.962966], [-62.157125, 44.961056], [-62.157075, 44.960532], [-62.156805, 44.95967], [-62.156492, 44.958932], [-62.156315, 44.958686], [-62.156096, 44.958533], [-62.155748, 44.958442], [-62.155441, 44.958228], [-62.155263, 44.957828], [-62.154998, 44.957429], [-62.153853, 44.956109], [-62.152709, 44.954882], [-62.152227, 44.954483], [-62.150995, 44.953072], [-62.15016, 44.952244], [-62.149283, 44.951508], [-62.148232, 44.950805], [-62.147358, 44.950316], [-62.145957, 44.94943], [-62.145431, 44.94897], [-62.143945, 44.948176], [-62.141685, 44.946525], [-62.139712, 44.944966], [-62.136886, 44.943291], [-62.133297, 44.94168], [-62.126799, 44.938515], [-62.124574, 44.937259], [-62.122006, 44.935703], [-62.11978, 44.934266], [-62.117124, 44.932408], [-62.114895, 44.930729], [-62.113006, 44.929049], [-62.111287, 44.927307], [-62.109997, 44.925864], [-62.10896, 44.92436], [-62.107754, 44.922796], [-62.106883, 44.920808], [-62.106096, 44.918759], [-62.105571, 44.916763], [-62.104958, 44.91497], [-62.104143, 44.913373], [-62.102315, 44.911456], [-62.101174, 44.910338], [-62.100256, 44.909058], [-62.099115, 44.90794], [-62.097744, 44.906503], [-62.093637, 44.902671], [-62.090662, 44.898993], [-62.088142, 44.895634], [-62.085754, 44.891615], [-62.104478, 44.880417], [-62.122936, 44.898352], [-62.155875, 44.929579], [-62.170517, 44.937515], [-62.171253, 44.949077], [-62.177774, 44.948817], [-62.177803, 44.950093], [-62.179334, 44.952147], [-62.180228, 44.953833], [-62.181573, 44.95397], [-62.181905, 44.95422], [-62.181856, 44.95578], [-62.180871, 44.955729], [-62.180306, 44.958882], [-62.180975, 44.961006], [-62.190397, 44.959559], [-62.197006, 44.967331], [-62.198396, 44.968925], [-62.200367, 44.971063], [-62.175958, 44.972788], [-62.177739, 44.976457], [-62.176714, 44.976528], [-62.175118, 44.976496], [-62.173301, 44.976997], [-62.172559, 44.977081], [-62.170919, 44.977161], [-62.170494, 44.977308], [-62.169958, 44.977722], [-62.16979, 44.977676], [-62.17039, 44.976417], [-62.168115, 44.975916], [-62.167679, 44.976576], [-62.167458, 44.977153], [-62.167482, 44.977231]]]}, "properties": {"OBJECTID": 48, "GSA_KEY": 50, "FCODE": "GSAPOLY", "GSA_NAME": "ECUM SECUM WEST", "MUN_CODE": "HRM", "GSA_REM": " ", "SOURCE": "CR", "DATE_ACT": 980899200000, "SYS_DATE": null, "GLOBALID": "5e08aff8-79e4-4251-aa3e-b3218959cae5", "Shape__Area": 53937374.76953125, "Shape__Length": 44169.13647416875}}, {"type": "Feature", "id": 49, "geometry": {"type": "Polygon", "coordinates": [[[-63.273161, 44.970311], [-63.272772, 44.967472], [-63.272465, 44.967576], [-63.271855, 44.96766], [-63.27138, 44.967952], [-63.270998, 44.96801], [-63.270419, 44.96835], [-63.269757, 44.963289], [-63.268426, 44.964408], [-63.25853, 44.960387], [-63.258329, 44.960222], [-63.259014, 44.960089], [-63.263071, 44.958987], [-63.263907, 44.958812], [-63.264017, 44.958573], [-63.263895, 44.958165], [-63.263494, 44.957477], [-63.263683, 44.957128], [-63.264002, 44.956818], [-63.264503, 44.956509], [-63.265264, 44.95624], [-63.26589, 44.956136], [-63.266774, 44.956164], [-63.268433, 44.956441], [-63.268799, 44.956371], [-63.269804, 44.955606], [-63.271124, 44.954715], [-63.27328, 44.953629], [-63.275488, 44.9526], [-63.276258, 44.951869], [-63.276917, 44.951433], [-63.27749, 44.951421], [-63.277956, 44.951518], [-63.27896, 44.952046], [-63.27958, 44.952256], [-63.280123, 44.952391], [-63.280799, 44.952435], [-63.281751, 44.952279], [-63.282771, 44.952022], [-63.28411, 44.951482], [-63.285241, 44.950885], [-63.286287, 44.95], [-63.286991, 44.949305], [-63.287289, 44.948754], [-63.287475, 44.947925], [-63.287446, 44.947481], [-63.287338, 44.947027], [-63.287127, 44.946573], [-63.286838, 44.946089], [-63.28623, 44.945898], [-63.285582, 44.945817], [-63.285156, 44.945637], [-63.283003, 44.944127], [-63.281032, 44.942647], [-63.280024, 44.942304], [-63.279195, 44.942175], [-63.278247, 44.942109], [-63.277726, 44.942122], [-63.276977, 44.942511], [-63.276219, 44.943297], [-63.275712, 44.943701], [-63.274536, 44.940898], [-63.271962, 44.93444], [-63.271438, 44.934331], [-63.270332, 44.933914], [-63.269728, 44.933737], [-63.269424, 44.933751], [-63.269334, 44.933804], [-63.269242, 44.933956], [-63.269001, 44.933972], [-63.268809, 44.934051], [-63.268721, 44.934014], [-63.268624, 44.933824], [-63.268396, 44.933821], [-63.268464, 44.933579], [-63.268252, 44.933415], [-63.267885, 44.933411], [-63.267786, 44.93332], [-63.267556, 44.933389], [-63.267444, 44.933298], [-63.267291, 44.93335], [-63.266925, 44.933265], [-63.266857, 44.933516], [-63.266917, 44.933633], [-63.266357, 44.93379], [-63.266275, 44.934041], [-63.266083, 44.934147], [-63.266042, 44.934273], [-63.265764, 44.93427], [-63.265587, 44.934214], [-63.26546, 44.934249], [-63.265354, 44.934463], [-63.265238, 44.934561], [-63.26521, 44.934668], [-63.264777, 44.934808], [-63.26471, 44.934933], [-63.264569, 44.935013], [-63.264541, 44.935166], [-63.264247, 44.935288], [-63.263728, 44.935265], [-63.263488, 44.935217], [-63.263289, 44.935071], [-63.262897, 44.935022], [-63.26256, 44.934784], [-63.262313, 44.934457], [-63.262151, 44.93433], [-63.261569, 44.934314], [-63.261242, 44.934194], [-63.26109, 44.934219], [-63.260933, 44.934415], [-63.260779, 44.934504], [-63.260096, 44.934478], [-63.25998, 44.934558], [-63.260016, 44.934648], [-63.259989, 44.93472], [-63.259849, 44.934773], [-63.259758, 44.934889], [-63.25921, 44.935009], [-63.25887, 44.934938], [-63.258429, 44.935413], [-63.258924, 44.935645], [-63.258476, 44.935572], [-63.257188, 44.935054], [-63.256582, 44.934737], [-63.284736, 44.927075], [-63.281266, 44.920003], [-63.291286, 44.917372], [-63.293283, 44.921218], [-63.303681, 44.918542], [-63.312577, 44.90878], [-63.315098, 44.908113], [-63.312191, 44.902634], [-63.317754, 44.901139], [-63.31192, 44.890294], [-63.32405, 44.88704], [-63.334221, 44.905857], [-63.344681, 44.903044], [-63.346354, 44.906155], [-63.340406, 44.907892], [-63.341933, 44.910904], [-63.330546, 44.914031], [-63.324013, 44.915632], [-63.324432, 44.922543], [-63.33231, 44.926744], [-63.338084, 44.921874], [-63.342368, 44.927174], [-63.334197, 44.934059], [-63.350859, 44.938465], [-63.342133, 44.951299], [-63.337595, 44.956756], [-63.330327, 44.954092], [-63.320724, 44.950392], [-63.320622, 44.950427], [-63.320442, 44.950542], [-63.320286, 44.950739], [-63.320295, 44.950883], [-63.320479, 44.951182], [-63.32044, 44.951253], [-63.320247, 44.951395], [-63.319903, 44.9515], [-63.319523, 44.951451], [-63.318919, 44.951859], [-63.318067, 44.95266], [-63.317837, 44.952738], [-63.31824, 44.956549], [-63.318938, 44.958392], [-63.319242, 44.959007], [-63.319276, 44.959215], [-63.319247, 44.959349], [-63.319103, 44.959609], [-63.318228, 44.96023], [-63.317389, 44.960959], [-63.317197, 44.961065], [-63.315833, 44.961456], [-63.314858, 44.962022], [-63.314599, 44.962289], [-63.314384, 44.962872], [-63.314279, 44.963033], [-63.313726, 44.963423], [-63.313036, 44.963704], [-63.312501, 44.963824], [-63.311576, 44.963769], [-63.311384, 44.963884], [-63.310942, 44.964393], [-63.310491, 44.964775], [-63.310107, 44.964933], [-63.309128, 44.965076], [-63.309089, 44.965129], [-63.309135, 44.965364], [-63.308608, 44.965718], [-63.308555, 44.965826], [-63.308578, 44.965934], [-63.308429, 44.966141], [-63.308556, 44.966397], [-63.308826, 44.967394], [-63.307751, 44.967306], [-63.307348, 44.96719], [-63.307308, 44.967244], [-63.306999, 44.967221], [-63.307123, 44.966751], [-63.307351, 44.966712], [-63.307296, 44.966623], [-63.306361, 44.967117], [-63.304313, 44.968391], [-63.304193, 44.968309], [-63.303982, 44.968437], [-63.303749, 44.96866], [-63.302613, 44.969003], [-63.30234, 44.969036], [-63.301949, 44.968969], [-63.301407, 44.969117], [-63.301233, 44.96925], [-63.301318, 44.969413], [-63.301297, 44.969502], [-63.301155, 44.969636], [-63.300976, 44.969706], [-63.300735, 44.969722], [-63.300622, 44.969684], [-63.300391, 44.969821], [-63.300295, 44.96983], [-63.300221, 44.969743], [-63.300113, 44.969769], [-63.299962, 44.969691], [-63.299783, 44.969793], [-63.29933, 44.969896], [-63.299188, 44.970016], [-63.29909, 44.970186], [-63.298758, 44.970295], [-63.29888, 44.970517], [-63.298895, 44.970728], [-63.298682, 44.971212], [-63.298693, 44.971302], [-63.298967, 44.971512], [-63.299014, 44.971674], [-63.298934, 44.971889], [-63.298694, 44.972182], [-63.291421, 44.972838], [-63.291397, 44.975581], [-63.277535, 44.979307], [-63.276161, 44.976516], [-63.27571, 44.974291], [-63.274778, 44.971484], [-63.273761, 44.971737], [-63.273677, 44.970331], [-63.273161, 44.970311]]]}, "properties": {"OBJECTID": 49, "GSA_KEY": 51, "FCODE": "GSAPOLY", "GSA_NAME": "WYSES CORNER", "MUN_CODE": "HRM", "GSA_REM": " ", "SOURCE": null, "DATE_ACT": 1360022400000, "SYS_DATE": 1675259888000, "GLOBALID": "b974d9a2-7a00-4cc8-8fd0-6232fdd4661e", "Shape__Area": 63601535.5390625, "Shape__Length": 59093.86495288676}}, {"type": "Feature", "id": 50, "geometry": {"type": "Polygon", "coordinates": [[[-62.104478, 44.880417], [-62.187826, 44.841912], [-62.204956, 44.888813], [-62.206359, 44.889395], [-62.205627, 44.890424], [-62.223165, 44.938535], [-62.190418, 44.946076], [-62.186868, 44.949944], [-62.187304, 44.955267], [-62.190458, 44.95937], [-62.190397, 44.959559], [-62.180975, 44.961006], [-62.180306, 44.958882], [-62.180871, 44.955729], [-62.181856, 44.95578], [-62.181905, 44.95422], [-62.181573, 44.95397], [-62.180228, 44.953833], [-62.179334, 44.952147], [-62.177803, 44.950093], [-62.177774, 44.948817], [-62.171253, 44.949077], [-62.170517, 44.937515], [-62.155875, 44.929579], [-62.122936, 44.898352], [-62.104478, 44.880417]]]}, "properties": {"OBJECTID": 50, "GSA_KEY": 52, "FCODE": "GSAPOLY", "GSA_NAME": "MITCHELL BAY", "MUN_CODE": "HRM", "GSA_REM": " ", "SOURCE": "CA", "DATE_ACT": 980899200000, "SYS_DATE": null, "GLOBALID": "20d667f5-1cd2-4e23-bb37-df021dbb41c4", "Shape__Area": 118639940.8125, "Shape__Length": 50560.33110192413}}, {"type": "Feature", "id": 51, "geometry": {"type": "Polygon", "coordinates": [[[-63.467238, 44.985493], [-63.467204, 44.985449], [-63.467037, 44.985491], [-63.466943, 44.985331], [-63.466704, 44.98509], [-63.465677, 44.984515], [-63.465551, 44.984387], [-63.465545, 44.984302], [-63.465585, 44.984217], [-63.466083, 44.983892], [-63.466217, 44.983328], [-63.466473, 44.983289], [-63.467047, 44.983412], [-63.467414, 44.983253], [-63.467587, 44.983082], [-63.467456, 44.98282], [-63.467296, 44.982728], [-63.46662, 44.982419], [-63.466066, 44.982244], [-63.466005, 44.982156], [-63.466014, 44.981906], [-63.466151, 44.981827], [-63.46751, 44.981754], [-63.467545, 44.981343], [-63.467641, 44.981179], [-63.467647, 44.9808], [-63.467496, 44.980373], [-63.467925, 44.980212], [-63.467902, 44.979981], [-63.468147, 44.97992], [-63.468232, 44.979706], [-63.467972, 44.979336], [-63.467876, 44.979294], [-63.467118, 44.979468], [-63.466804, 44.97949], [-63.466403, 44.979179], [-63.465992, 44.979011], [-63.465796, 44.978748], [-63.465627, 44.978634], [-63.464851, 44.978322], [-63.464758, 44.978115], [-63.465011, 44.977834], [-63.465333, 44.977774], [-63.465717, 44.97795], [-63.465887, 44.977977], [-63.466227, 44.977999], [-63.466454, 44.977891], [-63.466464, 44.977757], [-63.466338, 44.977651], [-63.466278, 44.97753], [-63.466438, 44.977042], [-63.466505, 44.976259], [-63.466458, 44.975996], [-63.466368, 44.97586], [-63.465896, 44.975835], [-63.46558, 44.975759], [-63.465471, 44.97568], [-63.465427, 44.975569], [-63.465541, 44.975361], [-63.466266, 44.974813], [-63.466329, 44.974139], [-63.466463, 44.973988], [-63.466599, 44.973924], [-63.456124, 44.96397], [-63.460171, 44.961838], [-63.461733, 44.961108], [-63.46258, 44.960486], [-63.473513, 44.969748], [-63.477621, 44.973156], [-63.477959, 44.973048], [-63.477903, 44.973216], [-63.478229, 44.973351], [-63.47803, 44.973506], [-63.480149, 44.975334], [-63.479146, 44.976297], [-63.47856, 44.977192], [-63.478405, 44.977352], [-63.477531, 44.978046], [-63.477133, 44.978304], [-63.476352, 44.978702], [-63.475714, 44.978957], [-63.473139, 44.979708], [-63.47227, 44.980096], [-63.472088, 44.980346], [-63.47198, 44.980714], [-63.471975, 44.981011], [-63.472148, 44.981976], [-63.472102, 44.982407], [-63.471969, 44.982739], [-63.471438, 44.9834], [-63.470214, 44.984451], [-63.469771, 44.985131], [-63.468943, 44.986051], [-63.468176, 44.986422], [-63.467884, 44.986501], [-63.467746, 44.986341], [-63.467319, 44.986158], [-63.467239, 44.986084], [-63.467234, 44.985971], [-63.467352, 44.985851], [-63.467385, 44.985747], [-63.467158, 44.985665], [-63.467238, 44.985493]]]}, "properties": {"OBJECTID": 51, "GSA_KEY": 53, "FCODE": "GSAPOLY", "GSA_NAME": "LANTZ", "MUN_CODE": "HRM", "GSA_REM": " ", "SOURCE": "DM", "DATE_ACT": 980899200000, "SYS_DATE": 1569456000000, "GLOBALID": "86e994f4-264d-4bed-814b-a8e200162cc2", "Shape__Area": 3970507.2578125, "Shape__Length": 11584.67526170136}}, {"type": "Feature", "id": 52, "geometry": {"type": "Polygon", "coordinates": [[[-62.925259, 44.772689], [-62.927283, 44.774607], [-62.934614, 44.773435], [-62.932763, 44.771654], [-62.929408, 44.771752], [-62.928682, 44.769339], [-62.927413, 44.768891], [-62.927078, 44.768712], [-62.926881, 44.768165], [-62.925954, 44.768274], [-62.921438, 44.766595], [-62.928079, 44.763852], [-62.920755, 44.761635], [-62.92149, 44.760131], [-62.923679, 44.759741], [-62.92253, 44.75678], [-62.919118, 44.75464], [-62.918721, 44.753668], [-62.919388, 44.753546], [-62.91914, 44.752086], [-62.923249, 44.74934], [-62.936296, 44.741059], [-62.936771, 44.741661], [-62.937602, 44.744447], [-62.93817, 44.745711], [-62.938362, 44.745972], [-62.937308, 44.746311], [-62.93762, 44.746657], [-62.939629, 44.745458], [-62.939831, 44.745728], [-62.939777, 44.74608], [-62.939834, 44.74634], [-62.939725, 44.746521], [-62.939635, 44.746981], [-62.939652, 44.747134], [-62.939745, 44.747331], [-62.939587, 44.747585], [-62.93957, 44.7479], [-62.939347, 44.748092], [-62.939373, 44.748354], [-62.938311, 44.74866], [-62.938333, 44.748957], [-62.938258, 44.74907], [-62.938359, 44.749108], [-62.939065, 44.748645], [-62.939624, 44.748564], [-62.93988, 44.748688], [-62.940027, 44.749052], [-62.940184, 44.750445], [-62.940485, 44.750867], [-62.941756, 44.751524], [-62.94225, 44.752032], [-62.943447, 44.754024], [-62.945246, 44.756078], [-62.9465, 44.755542], [-62.95011, 44.753781], [-62.951161, 44.755878], [-62.957571, 44.754253], [-62.96029, 44.759267], [-62.965136, 44.755902], [-62.965274, 44.755047], [-62.965401, 44.751015], [-62.973193, 44.750862], [-62.975915, 44.751518], [-62.976229, 44.753987], [-62.976516, 44.759332], [-62.973657, 44.759401], [-62.974021, 44.764512], [-62.977978, 44.764345], [-62.980335, 44.765531], [-62.984277, 44.766839], [-62.985025, 44.767018], [-62.985237, 44.769437], [-62.98538, 44.769691], [-62.985336, 44.769888], [-62.985426, 44.769979], [-62.986874, 44.773098], [-62.990808, 44.778208], [-62.990975, 44.778523], [-62.991223, 44.778839], [-62.990037, 44.779417], [-62.990064, 44.779497], [-62.990266, 44.779647], [-62.99153, 44.78008], [-62.992389, 44.780457], [-62.996975, 44.786539], [-62.998274, 44.788181], [-62.99313, 44.794968], [-62.986555, 44.792417], [-62.984738, 44.791977], [-62.983281, 44.790664], [-62.979046, 44.785431], [-62.977512, 44.783981], [-62.974615, 44.781827], [-62.972592, 44.779918], [-62.974688, 44.778769], [-62.975532, 44.778667], [-62.976207, 44.778827], [-62.976692, 44.778749], [-62.976895, 44.778423], [-62.975355, 44.777936], [-62.974677, 44.777632], [-62.974374, 44.777464], [-62.974492, 44.777335], [-62.974157, 44.777341], [-62.972597, 44.776322], [-62.971836, 44.77595], [-62.970722, 44.7756], [-62.969058, 44.775261], [-62.968049, 44.775088], [-62.963855, 44.777827], [-62.961711, 44.776163], [-62.95998, 44.777292], [-62.959808, 44.777171], [-62.955499, 44.776149], [-62.95428, 44.775934], [-62.953081, 44.775836], [-62.951847, 44.775919], [-62.951185, 44.776048], [-62.949916, 44.776466], [-62.949372, 44.776746], [-62.94893, 44.777068], [-62.948622, 44.777428], [-62.947958, 44.77863], [-62.94757, 44.779495], [-62.947237, 44.780398], [-62.946862, 44.781791], [-62.946669, 44.783191], [-62.946691, 44.784553], [-62.946842, 44.785419], [-62.947268, 44.786688], [-62.947895, 44.787948], [-62.948972, 44.789605], [-62.950571, 44.791621], [-62.952619, 44.793927], [-62.953353, 44.794652], [-62.954576, 44.795689], [-62.955906, 44.79667], [-62.957771, 44.797906], [-62.959209, 44.798771], [-62.960296, 44.799229], [-62.963758, 44.800367], [-62.968415, 44.801775], [-62.973082, 44.803368], [-62.974228, 44.803807], [-62.975277, 44.804295], [-62.975749, 44.804563], [-62.976552, 44.805167], [-62.976833, 44.805541], [-62.977027, 44.805967], [-62.977148, 44.806429], [-62.977229, 44.807398], [-62.977194, 44.808321], [-62.977078, 44.808754], [-62.976824, 44.80918], [-62.976477, 44.809581], [-62.976083, 44.809939], [-62.975639, 44.810244], [-62.973561, 44.811295], [-62.972031, 44.812164], [-62.971573, 44.812479], [-62.971199, 44.812823], [-62.970935, 44.813207], [-62.970747, 44.813622], [-62.970617, 44.814061], [-62.970482, 44.81498], [-62.970441, 44.817249], [-62.970616, 44.819501], [-62.970819, 44.820844], [-62.97101, 44.821731], [-62.971962, 44.824813], [-62.972272, 44.826143], [-62.97265, 44.829281], [-62.973096, 44.835139], [-62.973311, 44.837384], [-62.973616, 44.839615], [-62.973965, 44.841388], [-62.974249, 44.84227], [-62.974852, 44.843569], [-62.975367, 44.844402], [-62.975968, 44.845197], [-62.977343, 44.846693], [-62.978815, 44.84815], [-62.985067, 44.853837], [-62.98766, 44.856388], [-62.988668, 44.857534], [-62.989571, 44.858729], [-62.990356, 44.859964], [-62.991013, 44.861227], [-62.99209, 44.863808], [-62.994402, 44.870364], [-62.996887, 44.876422], [-62.997787, 44.879039], [-62.998131, 44.880361], [-62.998281, 44.881254], [-62.998413, 44.882606], [-62.998638, 44.886222], [-62.998847, 44.887556], [-62.999073, 44.888432], [-62.999429, 44.889285], [-62.999901, 44.890118], [-63.002688, 44.89419], [-63.003189, 44.89509], [-63.003379, 44.895589], [-63.003217, 44.895904], [-63.002743, 44.896044], [-63.002137, 44.896117], [-62.999812, 44.896231], [-63.000063, 44.896883], [-63.000451, 44.89746], [-63.000846, 44.897752], [-63.001612, 44.8982], [-63.002302, 44.898515], [-63.00275, 44.898845], [-63.003314, 44.899844], [-63.003627, 44.900191], [-63.004264, 44.900467], [-63.00476, 44.901007], [-63.005042, 44.901526], [-63.005557, 44.901995], [-63.005614, 44.902193], [-63.005581, 44.902468], [-63.005625, 44.902831], [-63.005807, 44.903081], [-63.006206, 44.90322], [-63.006663, 44.903188], [-63.009163, 44.904496], [-63.013106, 44.906734], [-63.017446, 44.909488], [-63.021796, 44.911877], [-63.025932, 44.914628], [-63.028058, 44.915749], [-63.029667, 44.917009], [-63.035357, 44.919196], [-63.038364, 44.922005], [-63.042406, 44.924462], [-63.048248, 44.928838], [-63.05585, 44.932579], [-63.057022, 44.932733], [-63.057756, 44.933027], [-63.058534, 44.933194], [-63.059137, 44.933173], [-63.059379, 44.933105], [-63.059745, 44.93291], [-63.060589, 44.932849], [-63.064519, 44.935791], [-63.06286, 44.936356], [-63.064749, 44.939061], [-63.062533, 44.939803], [-63.063262, 44.94104], [-63.059357, 44.947466], [-63.055929, 44.946438], [-63.056433, 44.946304], [-63.053991, 44.942112], [-63.04309, 44.94529], [-63.041626, 44.942783], [-63.033878, 44.945018], [-63.036303, 44.949054], [-63.038571, 44.94858], [-63.038863, 44.950787], [-63.032317, 44.952773], [-63.029552, 44.948176], [-63.019751, 44.9511], [-63.018962, 44.949661], [-63.013371, 44.951066], [-63.012528, 44.949341], [-63.012365, 44.949121], [-63.011541, 44.948542], [-63.010819, 44.947449], [-63.010435, 44.946081], [-63.008557, 44.945452], [-63.004837, 44.945675], [-63.003889, 44.946039], [-62.989625, 44.950192], [-62.991814, 44.951961], [-62.987003, 44.953223], [-62.987498, 44.953637], [-62.978541, 44.960075], [-62.971017, 44.96536], [-62.968943, 44.96155], [-62.965811, 44.955603], [-62.964841, 44.955794], [-62.962962, 44.955769], [-62.96252, 44.9557], [-62.961356, 44.955139], [-62.959938, 44.954632], [-62.958037, 44.953828], [-62.9572, 44.95357], [-62.955828, 44.953009], [-62.955145, 44.952543], [-62.953627, 44.951783], [-62.952264, 44.950778], [-62.95159, 44.949994], [-62.950948, 44.949752], [-62.9503, 44.949578], [-62.949491, 44.948663], [-62.949308, 44.948588], [-62.948893, 44.948553], [-62.948341, 44.94856], [-62.947411, 44.948673], [-62.946324, 44.948843], [-62.945155, 44.949345], [-62.944946, 44.949602], [-62.944939, 44.949733], [-62.945389, 44.95009], [-62.945748, 44.950521], [-62.945832, 44.950711], [-62.945838, 44.951595], [-62.946081, 44.951817], [-62.946695, 44.952124], [-62.94675, 44.95226], [-62.946717, 44.952398], [-62.946578, 44.952505], [-62.94602, 44.952754], [-62.945519, 44.952886], [-62.945361, 44.953027], [-62.944224, 44.953618], [-62.94337, 44.953917], [-62.943135, 44.954132], [-62.942638, 44.954133], [-62.942378, 44.954186], [-62.942244, 44.954312], [-62.942179, 44.954523], [-62.942213, 44.954762], [-62.942393, 44.955097], [-62.942564, 44.955367], [-62.942798, 44.955575], [-62.943018, 44.955892], [-62.943014, 44.956066], [-62.943069, 44.956215], [-62.943361, 44.956459], [-62.943832, 44.956719], [-62.94444, 44.957412], [-62.944819, 44.958013], [-62.944809, 44.958395], [-62.944953, 44.95861], [-62.945189, 44.959327], [-62.945393, 44.959698], [-62.94555, 44.959842], [-62.945576, 44.960003], [-62.945186, 44.960541], [-62.94522, 44.960967], [-62.94511, 44.961137], [-62.944942, 44.961263], [-62.944247, 44.961413], [-62.943864, 44.961695], [-62.943723, 44.961917], [-62.943548, 44.962002], [-62.942041, 44.961977], [-62.941465, 44.962171], [-62.941175, 44.962349], [-62.940958, 44.962644], [-62.940775, 44.962705], [-62.940223, 44.963144], [-62.939807, 44.963316], [-62.938953, 44.963291], [-62.938614, 44.963351], [-62.938274, 44.96344], [-62.936891, 44.963974], [-62.936599, 44.963995], [-62.936375, 44.964094], [-62.936151, 44.964293], [-62.935623, 44.964906], [-62.93545, 44.965213], [-62.935468, 44.965396], [-62.933745, 44.965989], [-62.932919, 44.966102], [-62.932354, 44.966102], [-62.932046, 44.966068], [-62.929998, 44.965398], [-62.928608, 44.965474], [-62.927065, 44.966794], [-62.92639, 44.966946], [-62.925915, 44.966933], [-62.923527, 44.967053], [-62.921267, 44.968109], [-62.919134, 44.969286], [-62.916633, 44.969482], [-62.90895, 44.962546], [-62.898085, 44.955371], [-62.891339, 44.953611], [-62.889626, 44.952541], [-62.8851, 44.948827], [-62.88216, 44.945412], [-62.886223, 44.9431], [-62.897671, 44.941063], [-62.89894, 44.940783], [-62.899181, 44.940655], [-62.899356, 44.940067], [-62.899713, 44.940053], [-62.900205, 44.939891], [-62.900262, 44.939742], [-62.900106, 44.939187], [-62.90022, 44.93887], [-62.900423, 44.938713], [-62.900716, 44.937649], [-62.90106, 44.937157], [-62.901653, 44.936697], [-62.902075, 44.936234], [-62.902228, 44.935964], [-62.902286, 44.934353], [-62.902144, 44.933637], [-62.899238, 44.928379], [-62.91083, 44.925125], [-62.912553, 44.924863], [-62.913109, 44.924408], [-62.913181, 44.923771], [-62.913517, 44.923409], [-62.914505, 44.923056], [-62.915087, 44.922659], [-62.915275, 44.921734], [-62.914876, 44.921439], [-62.912387, 44.921019], [-62.9118, 44.920624], [-62.911413, 44.919885], [-62.910346, 44.918152], [-62.909448, 44.917213], [-62.908942, 44.916754], [-62.908041, 44.915101], [-62.906852, 44.913082], [-62.900651, 44.914858], [-62.896434, 44.907306], [-62.899554, 44.906457], [-62.901253, 44.904679], [-62.903184, 44.903348], [-62.905904, 44.903049], [-62.907425, 44.902989], [-62.907644, 44.902737], [-62.907869, 44.902355], [-62.910091, 44.901668], [-62.914072, 44.900063], [-62.914201, 44.89967], [-62.910809, 44.893418], [-62.915184, 44.892247], [-62.91568, 44.892179], [-62.916068, 44.891996], [-62.916522, 44.891468], [-62.91652, 44.89127], [-62.916416, 44.890991], [-62.916315, 44.890885], [-62.914742, 44.890562], [-62.914658, 44.890065], [-62.91451, 44.889895], [-62.914453, 44.889686], [-62.913834, 44.8889], [-62.913188, 44.888312], [-62.913205, 44.888106], [-62.914978, 44.887621], [-62.914544, 44.886677], [-62.912971, 44.883682], [-62.909896, 44.878072], [-62.90712, 44.872694], [-62.905107, 44.869307], [-62.910882, 44.867904], [-62.909242, 44.8645], [-62.91839, 44.862398], [-62.928951, 44.859877], [-62.925746, 44.853599], [-62.928194, 44.853051], [-62.926697, 44.849556], [-62.924086, 44.850155], [-62.922848, 44.850491], [-62.922298, 44.850567], [-62.921319, 44.850595], [-62.920246, 44.850497], [-62.919351, 44.850317], [-62.918091, 44.84991], [-62.917811, 44.849649], [-62.917027, 44.847827], [-62.934617, 44.843202], [-62.932748, 44.8395], [-62.924755, 44.841598], [-62.919399, 44.831333], [-62.925448, 44.829692], [-62.929038, 44.836545], [-62.931037, 44.836034], [-62.930692, 44.835395], [-62.931968, 44.835064], [-62.927635, 44.826596], [-62.929479, 44.826146], [-62.930059, 44.825579], [-62.930827, 44.825384], [-62.931481, 44.825097], [-62.931635, 44.824533], [-62.927963, 44.823739], [-62.928489, 44.822234], [-62.928923, 44.821391], [-62.929321, 44.820362], [-62.913896, 44.816539], [-62.911217, 44.81583], [-62.900672, 44.813192], [-62.902247, 44.809829], [-62.906246, 44.810806], [-62.908633, 44.806021], [-62.913899, 44.80735], [-62.910043, 44.802882], [-62.907278, 44.802342], [-62.907184, 44.801454], [-62.908172, 44.798941], [-62.912094, 44.785745], [-62.91775, 44.78703], [-62.918196, 44.787182], [-62.918396, 44.787112], [-62.918788, 44.786369], [-62.919303, 44.785145], [-62.919036, 44.784502], [-62.918638, 44.783842], [-62.918033, 44.783568], [-62.918363, 44.783402], [-62.916936, 44.779828], [-62.910226, 44.776632], [-62.915027, 44.775317], [-62.916483, 44.774959], [-62.917591, 44.77462], [-62.921658, 44.773726], [-62.925259, 44.772689]]]}, "properties": {"OBJECTID": 52, "GSA_KEY": 54, "FCODE": "GSAPOLY", "GSA_NAME": "LAKE CHARLOTTE", "MUN_CODE": "HRM", "GSA_REM": " ", "SOURCE": "CR", "DATE_ACT": 980899200000, "SYS_DATE": 1759410524000, "GLOBALID": "6eb4030c-2bd2-4a56-89fc-72fc48ccad7b", "Shape__Area": 297552936.6875, "Shape__Length": 150849.10043922407}}, {"type": "Feature", "id": 53, "geometry": {"type": "Polygon", "coordinates": [[[-63.477903, 44.973216], [-63.477959, 44.973048], [-63.477621, 44.973156], [-63.473513, 44.969748], [-63.46258, 44.960486], [-63.46724, 44.955376], [-63.468799, 44.953455], [-63.476144, 44.942694], [-63.479485, 44.945801], [-63.482842, 44.9438], [-63.482115, 44.942851], [-63.48711, 44.940984], [-63.48229, 44.935694], [-63.483168, 44.935268], [-63.479423, 44.931189], [-63.478868, 44.931339], [-63.476201, 44.927765], [-63.499665, 44.922141], [-63.506177, 44.920533], [-63.505969, 44.920918], [-63.50531, 44.921632], [-63.504882, 44.92225], [-63.504448, 44.923155], [-63.504406, 44.923397], [-63.504236, 44.923666], [-63.503852, 44.923942], [-63.503521, 44.923993], [-63.503173, 44.924377], [-63.502686, 44.924687], [-63.502412, 44.925135], [-63.50218, 44.925394], [-63.501846, 44.925643], [-63.501792, 44.925831], [-63.501853, 44.925994], [-63.50194, 44.926058], [-63.502456, 44.926242], [-63.502452, 44.926503], [-63.502588, 44.926684], [-63.503043, 44.926733], [-63.503456, 44.927043], [-63.50372, 44.92718], [-63.503894, 44.927362], [-63.504109, 44.927363], [-63.504133, 44.927463], [-63.504068, 44.927561], [-63.504166, 44.927742], [-63.504187, 44.927985], [-63.50402, 44.928128], [-63.504, 44.928524], [-63.504142, 44.929137], [-63.504253, 44.929327], [-63.504757, 44.929475], [-63.505322, 44.929759], [-63.506045, 44.930422], [-63.506221, 44.930532], [-63.506406, 44.93083], [-63.506336, 44.931199], [-63.505937, 44.931537], [-63.505885, 44.931636], [-63.505865, 44.932031], [-63.505714, 44.932723], [-63.505625, 44.932767], [-63.505486, 44.932712], [-63.505394, 44.932945], [-63.50544, 44.933207], [-63.505677, 44.93338], [-63.505922, 44.933877], [-63.505953, 44.9343], [-63.506146, 44.934851], [-63.506101, 44.935291], [-63.506347, 44.93568], [-63.506176, 44.936084], [-63.505932, 44.936217], [-63.505852, 44.93645], [-63.50615, 44.936803], [-63.505957, 44.936991], [-63.505968, 44.937072], [-63.506232, 44.937227], [-63.506204, 44.93738], [-63.50601, 44.937576], [-63.50597, 44.937729], [-63.506191, 44.938145], [-63.506189, 44.938253], [-63.506057, 44.93854], [-63.50609, 44.938837], [-63.506413, 44.939218], [-63.506241, 44.939612], [-63.506367, 44.939694], [-63.506749, 44.939535], [-63.506997, 44.93988], [-63.507018, 44.940105], [-63.506861, 44.940391], [-63.506856, 44.940679], [-63.507633, 44.941172], [-63.50781, 44.941201], [-63.50814, 44.941167], [-63.508772, 44.941281], [-63.50891, 44.941345], [-63.509085, 44.941491], [-63.509243, 44.941906], [-63.509126, 44.942049], [-63.508819, 44.942253], [-63.508978, 44.942588], [-63.508958, 44.942992], [-63.509121, 44.943111], [-63.509194, 44.943273], [-63.508959, 44.943676], [-63.508768, 44.943729], [-63.508639, 44.943836], [-63.508637, 44.943943], [-63.508886, 44.944225], [-63.508933, 44.94445], [-63.508859, 44.945043], [-63.508891, 44.945395], [-63.508863, 44.945761], [-63.508418, 44.946888], [-63.508513, 44.947755], [-63.508352, 44.948396], [-63.50794, 44.948836], [-63.507831, 44.949185], [-63.507857, 44.949393], [-63.507986, 44.949561], [-63.508076, 44.950248], [-63.508384, 44.950884], [-63.508432, 44.951068], [-63.508408, 44.951159], [-63.50844, 44.951215], [-63.508607, 44.951281], [-63.508922, 44.95124], [-63.509058, 44.950854], [-63.509207, 44.950641], [-63.509942, 44.950308], [-63.510194, 44.950315], [-63.510661, 44.950566], [-63.510854, 44.950794], [-63.510856, 44.951005], [-63.510905, 44.95105], [-63.51104, 44.951039], [-63.511204, 44.950945], [-63.511264, 44.95071], [-63.511454, 44.950477], [-63.5116, 44.95043], [-63.511701, 44.950455], [-63.511812, 44.950532], [-63.51202, 44.950812], [-63.511978, 44.950995], [-63.51202, 44.951159], [-63.512227, 44.951189], [-63.512351, 44.951154], [-63.512744, 44.950787], [-63.512535, 44.950534], [-63.512104, 44.95049], [-63.5121, 44.950427], [-63.512196, 44.95034], [-63.51232, 44.950305], [-63.512545, 44.950307], [-63.512969, 44.950418], [-63.513141, 44.950511], [-63.513193, 44.950787], [-63.513474, 44.951068], [-63.514117, 44.951197], [-63.514414, 44.951179], [-63.51447, 44.95122], [-63.514463, 44.951291], [-63.514372, 44.951382], [-63.513999, 44.95155], [-63.513969, 44.951618], [-63.514023, 44.952084], [-63.514309, 44.952445], [-63.514669, 44.952683], [-63.514822, 44.952943], [-63.514828, 44.95321], [-63.514523, 44.953331], [-63.5145, 44.953399], [-63.514638, 44.953495], [-63.514626, 44.953531], [-63.514541, 44.95359], [-63.514114, 44.953666], [-63.514074, 44.953722], [-63.514117, 44.9541], [-63.514206, 44.954177], [-63.514518, 44.954295], [-63.514484, 44.954617], [-63.513981, 44.955206], [-63.51391, 44.955429], [-63.513555, 44.955513], [-63.513619, 44.955689], [-63.513596, 44.955737], [-63.513092, 44.955665], [-63.513105, 44.955565], [-63.513196, 44.955502], [-63.513113, 44.95541], [-63.513001, 44.955421], [-63.512739, 44.955622], [-63.512673, 44.955597], [-63.512651, 44.955545], [-63.512733, 44.955355], [-63.512666, 44.955326], [-63.51231, 44.955507], [-63.512108, 44.955501], [-63.511977, 44.955571], [-63.511696, 44.955613], [-63.511726, 44.955844], [-63.511963, 44.956117], [-63.511976, 44.956284], [-63.511846, 44.956363], [-63.511549, 44.956364], [-63.511297, 44.956302], [-63.511221, 44.956162], [-63.511087, 44.956165], [-63.511019, 44.956511], [-63.511055, 44.956703], [-63.510998, 44.956766], [-63.511173, 44.957002], [-63.511155, 44.957074], [-63.511059, 44.957125], [-63.510845, 44.957183], [-63.510481, 44.957116], [-63.5102, 44.957145], [-63.509792, 44.957054], [-63.509615, 44.956941], [-63.509366, 44.957046], [-63.50933, 44.957181], [-63.509503, 44.957541], [-63.509635, 44.957706], [-63.509791, 44.958105], [-63.509546, 44.95831], [-63.509111, 44.958482], [-63.508855, 44.958707], [-63.508716, 44.95898], [-63.508639, 44.959517], [-63.50888, 44.959563], [-63.509762, 44.959455], [-63.510075, 44.959546], [-63.510129, 44.959674], [-63.510071, 44.960115], [-63.509951, 44.960532], [-63.509695, 44.960856], [-63.509048, 44.960587], [-63.508644, 44.960493], [-63.508225, 44.960508], [-63.507893, 44.960649], [-63.507777, 44.960756], [-63.507698, 44.960926], [-63.507769, 44.96126], [-63.507892, 44.961441], [-63.508768, 44.962123], [-63.508954, 44.96235], [-63.509051, 44.962585], [-63.509071, 44.962909], [-63.50899, 44.963187], [-63.508796, 44.963428], [-63.508514, 44.963615], [-63.508055, 44.963782], [-63.507712, 44.963833], [-63.507407, 44.963848], [-63.506775, 44.963771], [-63.505898, 44.963871], [-63.50529, 44.963848], [-63.504824, 44.963664], [-63.504101, 44.963001], [-63.503384, 44.962643], [-63.502652, 44.962484], [-63.501349, 44.96232], [-63.50082, 44.962126], [-63.498922, 44.961191], [-63.498202, 44.961059], [-63.497442, 44.961052], [-63.496578, 44.961135], [-63.495383, 44.961331], [-63.495166, 44.961428], [-63.494921, 44.96166], [-63.494614, 44.961847], [-63.493823, 44.962101], [-63.49278, 44.962343], [-63.49204, 44.962607], [-63.491693, 44.962856], [-63.491536, 44.963151], [-63.491094, 44.963759], [-63.490527, 44.964294], [-63.490232, 44.964517], [-63.48972, 44.964782], [-63.489158, 44.965002], [-63.488799, 44.965251], [-63.488631, 44.965447], [-63.488474, 44.965743], [-63.488298, 44.966362], [-63.488342, 44.967434], [-63.488, 44.968853], [-63.487763, 44.969363], [-63.48753, 44.969676], [-63.487362, 44.969819], [-63.487145, 44.969916], [-63.485593, 44.970217], [-63.485223, 44.970331], [-63.484942, 44.970472], [-63.484454, 44.970819], [-63.483682, 44.971487], [-63.482693, 44.972207], [-63.481971, 44.972858], [-63.481673, 44.973215], [-63.48132, 44.973842], [-63.480813, 44.974566], [-63.480149, 44.975334], [-63.47803, 44.973506], [-63.478229, 44.973351], [-63.477903, 44.973216]]]}, "properties": {"OBJECTID": 53, "GSA_KEY": 55, "FCODE": "GSAPOLY", "GSA_NAME": "ELMSDALE", "MUN_CODE": "HRM", "GSA_REM": " ", "SOURCE": "CA", "DATE_ACT": 980899200000, "SYS_DATE": 1668005603000, "GLOBALID": "d340a56c-a8e5-4ae8-8d56-3c72a3c84f80", "Shape__Area": 25014488.5078125, "Shape__Length": 29452.456451602666}}, {"type": "Feature", "id": 54, "geometry": {"type": "Polygon", "coordinates": [[[-62.370151, 44.951907], [-62.366422, 44.944174], [-62.365377, 44.941077], [-62.377455, 44.938469], [-62.377721, 44.938647], [-62.377869, 44.938688], [-62.377933, 44.938789], [-62.378134, 44.938923], [-62.377987, 44.939276], [-62.383722, 44.953009], [-62.379223, 44.953963], [-62.380256, 44.956075], [-62.380105, 44.955979], [-62.379735, 44.955929], [-62.37946, 44.956083], [-62.378707, 44.956367], [-62.376866, 44.956783], [-62.374072, 44.951004], [-62.370183, 44.951974], [-62.370151, 44.951907]]]}, "properties": {"OBJECTID": 54, "GSA_KEY": 56, "FCODE": "GSAPOLY", "GSA_NAME": "BARKHOUSE SETTLEMENT", "MUN_CODE": "HRM", "GSA_REM": " ", "SOURCE": "CA", "DATE_ACT": 980899200000, "SYS_DATE": null, "GLOBALID": "de75f8f1-9160-404e-8e0f-ea6bd7f31b35", "Shape__Area": 3248870.0546875, "Shape__Length": 8328.577955666495}}, {"type": "Feature", "id": 55, "geometry": {"type": "Polygon", "coordinates": [[[-63.122225, 44.960672], [-63.121325, 44.955399], [-63.117541, 44.951745], [-63.113388, 44.951047], [-63.10623, 44.943121], [-63.110118, 44.941346], [-63.098898, 44.928849], [-63.094535, 44.930865], [-63.089059, 44.924768], [-63.083705, 44.927199], [-63.089256, 44.933288], [-63.085848, 44.934848], [-63.090919, 44.940414], [-63.086179, 44.942762], [-63.080832, 44.945099], [-63.071154, 44.941612], [-63.069869, 44.943342], [-63.063262, 44.94104], [-63.062533, 44.939803], [-63.064749, 44.939061], [-63.06286, 44.936356], [-63.064519, 44.935791], [-63.060589, 44.932849], [-63.059745, 44.93291], [-63.059379, 44.933105], [-63.059137, 44.933173], [-63.058534, 44.933194], [-63.057756, 44.933027], [-63.057022, 44.932733], [-63.05585, 44.932579], [-63.048248, 44.928838], [-63.042406, 44.924462], [-63.038364, 44.922005], [-63.035357, 44.919196], [-63.029667, 44.917009], [-63.028058, 44.915749], [-63.025932, 44.914628], [-63.021796, 44.911877], [-63.017446, 44.909488], [-63.013106, 44.906734], [-63.009163, 44.904496], [-63.006663, 44.903188], [-63.006206, 44.90322], [-63.005807, 44.903081], [-63.005625, 44.902831], [-63.005581, 44.902468], [-63.005614, 44.902193], [-63.005557, 44.901995], [-63.005042, 44.901526], [-63.00476, 44.901007], [-63.004264, 44.900467], [-63.003627, 44.900191], [-63.003314, 44.899844], [-63.00275, 44.898845], [-63.002302, 44.898515], [-63.001612, 44.8982], [-63.000846, 44.897752], [-63.000451, 44.89746], [-63.000063, 44.896883], [-62.999812, 44.896231], [-63.002137, 44.896117], [-63.002743, 44.896044], [-63.003217, 44.895904], [-63.003379, 44.895589], [-63.003189, 44.89509], [-63.002613, 44.894083], [-63.007755, 44.892881], [-63.00942, 44.89607], [-63.017188, 44.894082], [-63.012205, 44.884313], [-63.017696, 44.882921], [-63.010761, 44.86917], [-63.013774, 44.868364], [-63.019663, 44.866694], [-63.017801, 44.863336], [-63.012656, 44.864812], [-63.01186, 44.86334], [-63.015293, 44.861652], [-63.012305, 44.859849], [-63.013964, 44.859011], [-63.01257, 44.856419], [-63.013855, 44.855828], [-63.011368, 44.852737], [-63.016985, 44.850501], [-63.014363, 44.847237], [-63.018275, 44.846109], [-63.021043, 44.851121], [-63.027005, 44.849487], [-63.024879, 44.845586], [-63.030209, 44.844151], [-63.038429, 44.859709], [-63.039022, 44.860908], [-63.042168, 44.866772], [-63.061353, 44.861651], [-63.065007, 44.868407], [-63.074521, 44.865912], [-63.078068, 44.872724], [-63.085019, 44.871032], [-63.08922, 44.87239], [-63.09095, 44.875898], [-63.094621, 44.882909], [-63.114052, 44.877886], [-63.113907, 44.877605], [-63.132266, 44.872787], [-63.133032, 44.872661], [-63.135316, 44.875483], [-63.135242, 44.875845], [-63.14125, 44.887481], [-63.14714, 44.891934], [-63.15093, 44.891249], [-63.164168, 44.888256], [-63.167308, 44.89522], [-63.171597, 44.894143], [-63.1754, 44.893089], [-63.177999, 44.897898], [-63.183954, 44.896289], [-63.185855, 44.895725], [-63.186858, 44.89755], [-63.191228, 44.897451], [-63.18963, 44.894705], [-63.199466, 44.892046], [-63.203486, 44.900169], [-63.209926, 44.900125], [-63.20753, 44.895752], [-63.213302, 44.894102], [-63.210907, 44.889684], [-63.221885, 44.886703], [-63.22783, 44.883773], [-63.219716, 44.878615], [-63.198911, 44.879901], [-63.212187, 44.876013], [-63.210151, 44.871502], [-63.216535, 44.870084], [-63.216922, 44.870876], [-63.217097, 44.871092], [-63.217348, 44.871286], [-63.217948, 44.871519], [-63.219389, 44.871862], [-63.220461, 44.872013], [-63.223901, 44.872022], [-63.224206, 44.872122], [-63.224525, 44.872319], [-63.225294, 44.873019], [-63.226421, 44.873661], [-63.227776, 44.874028], [-63.230205, 44.874418], [-63.23131, 44.87454], [-63.231681, 44.874689], [-63.232068, 44.874924], [-63.232217, 44.875131], [-63.23224, 44.875653], [-63.232178, 44.876149], [-63.23219, 44.876367], [-63.232288, 44.87655], [-63.232437, 44.876745], [-63.232672, 44.876906], [-63.232976, 44.87703], [-63.233368, 44.877035], [-63.233661, 44.876917], [-63.234254, 44.876293], [-63.234608, 44.875667], [-63.234889, 44.875307], [-63.235061, 44.875211], [-63.23559, 44.875169], [-63.236202, 44.875272], [-63.236388, 44.875186], [-63.24301, 44.873497], [-63.247278, 44.876293], [-63.248211, 44.873252], [-63.254433, 44.872294], [-63.256459, 44.873968], [-63.251726, 44.880125], [-63.266434, 44.889481], [-63.271222, 44.898169], [-63.272213, 44.900047], [-63.273324, 44.902666], [-63.281266, 44.920003], [-63.284736, 44.927075], [-63.256582, 44.934737], [-63.257188, 44.935054], [-63.258476, 44.935572], [-63.258924, 44.935645], [-63.258429, 44.935413], [-63.25887, 44.934938], [-63.25921, 44.935009], [-63.259758, 44.934889], [-63.259849, 44.934773], [-63.259989, 44.93472], [-63.260016, 44.934648], [-63.25998, 44.934558], [-63.260096, 44.934478], [-63.260779, 44.934504], [-63.260933, 44.934415], [-63.26109, 44.934219], [-63.261242, 44.934194], [-63.261569, 44.934314], [-63.262151, 44.93433], [-63.262313, 44.934457], [-63.26256, 44.934784], [-63.262897, 44.935022], [-63.263289, 44.935071], [-63.263488, 44.935217], [-63.263728, 44.935265], [-63.264247, 44.935288], [-63.264541, 44.935166], [-63.264569, 44.935013], [-63.26471, 44.934933], [-63.264777, 44.934808], [-63.26521, 44.934668], [-63.265238, 44.934561], [-63.265354, 44.934463], [-63.26546, 44.934249], [-63.265587, 44.934214], [-63.265764, 44.93427], [-63.266042, 44.934273], [-63.266083, 44.934147], [-63.266275, 44.934041], [-63.266357, 44.93379], [-63.266917, 44.933633], [-63.266857, 44.933516], [-63.266925, 44.933265], [-63.267291, 44.93335], [-63.267444, 44.933298], [-63.267556, 44.933389], [-63.267786, 44.93332], [-63.267885, 44.933411], [-63.268252, 44.933415], [-63.268464, 44.933579], [-63.268396, 44.933821], [-63.268624, 44.933824], [-63.268721, 44.934014], [-63.268809, 44.934051], [-63.269001, 44.933972], [-63.269242, 44.933956], [-63.269334, 44.933804], [-63.269424, 44.933751], [-63.269728, 44.933737], [-63.270332, 44.933914], [-63.271438, 44.934331], [-63.271962, 44.93444], [-63.274536, 44.940898], [-63.275712, 44.943701], [-63.276219, 44.943297], [-63.276977, 44.942511], [-63.277726, 44.942122], [-63.278247, 44.942109], [-63.279195, 44.942175], [-63.280024, 44.942304], [-63.281032, 44.942647], [-63.283003, 44.944127], [-63.285156, 44.945637], [-63.285582, 44.945817], [-63.28623, 44.945898], [-63.286838, 44.946089], [-63.287338, 44.947027], [-63.287446, 44.947481], [-63.287475, 44.947925], [-63.287289, 44.948754], [-63.286991, 44.949305], [-63.286287, 44.95], [-63.285241, 44.950885], [-63.28411, 44.951482], [-63.282771, 44.952022], [-63.281751, 44.952279], [-63.280799, 44.952435], [-63.280123, 44.952391], [-63.27896, 44.952046], [-63.277956, 44.951518], [-63.27749, 44.951421], [-63.276917, 44.951433], [-63.276258, 44.951869], [-63.275488, 44.9526], [-63.27328, 44.953629], [-63.271124, 44.954715], [-63.269804, 44.955606], [-63.268799, 44.956371], [-63.268433, 44.956441], [-63.266774, 44.956164], [-63.26589, 44.956136], [-63.265264, 44.95624], [-63.264503, 44.956509], [-63.264002, 44.956818], [-63.263683, 44.957128], [-63.263494, 44.957477], [-63.263895, 44.958165], [-63.264017, 44.958573], [-63.263907, 44.958812], [-63.263071, 44.958987], [-63.259014, 44.960089], [-63.258204, 44.960246], [-63.257527, 44.960313], [-63.256593, 44.960192], [-63.256122, 44.960279], [-63.253998, 44.961013], [-63.253469, 44.961432], [-63.251976, 44.963097], [-63.250859, 44.96423], [-63.249118, 44.966502], [-63.248453, 44.967141], [-63.248108, 44.967451], [-63.246932, 44.967697], [-63.246644, 44.967803], [-63.246283, 44.967799], [-63.24589, 44.967685], [-63.245448, 44.96746], [-63.245144, 44.967213], [-63.244802, 44.967112], [-63.244117, 44.967043], [-63.24114, 44.967182], [-63.236143, 44.967675], [-63.23473, 44.967867], [-63.234047, 44.96764], [-63.232958, 44.967164], [-63.232588, 44.966853], [-63.23131, 44.966155], [-63.229841, 44.965526], [-63.228807, 44.965272], [-63.227882, 44.965244], [-63.227566, 44.965186], [-63.227185, 44.965209], [-63.225654, 44.96566], [-63.224925, 44.965958], [-63.223818, 44.96617], [-63.222703, 44.966167], [-63.221855, 44.96604], [-63.221304, 44.965764], [-63.219971, 44.964705], [-63.219344, 44.964383], [-63.219047, 44.964119], [-63.218895, 44.964099], [-63.216276, 44.964979], [-63.21579, 44.965189], [-63.215129, 44.965299], [-63.214682, 44.965438], [-63.214098, 44.965449], [-63.213599, 44.965651], [-63.213385, 44.966161], [-63.213583, 44.966965], [-63.213712, 44.967974], [-63.208439, 44.964873], [-63.208358, 44.964765], [-63.204708, 44.962657], [-63.195896, 44.956678], [-63.195112, 44.954916], [-63.191511, 44.955864], [-63.190132, 44.953509], [-63.187968, 44.949484], [-63.186238, 44.94645], [-63.177421, 44.951306], [-63.180697, 44.954304], [-63.167813, 44.961827], [-63.165923, 44.961229], [-63.151219, 44.961286], [-63.146535, 44.959156], [-63.143739, 44.962196], [-63.1419, 44.964339], [-63.138669, 44.967274], [-63.129694, 44.967514], [-63.12252, 44.962402], [-63.122225, 44.960672]]]}, "properties": {"OBJECTID": 55, "GSA_KEY": 57, "FCODE": "GSAPOLY", "GSA_NAME": "MEAGHERS GRANT", "MUN_CODE": "HRM", "GSA_REM": " ", "SOURCE": "CR", "DATE_ACT": 980899200000, "SYS_DATE": 1505779200000, "GLOBALID": "33c82adc-b179-4f4f-bd98-6d846e9d6258", "Shape__Area": 329975708.29296875, "Shape__Length": 135216.37190061694}}, {"type": "Feature", "id": 56, "geometry": {"type": "MultiPolygon", "coordinates": [[[[-63.509986, 44.959493], [-63.509566, 44.959466], [-63.508745, 44.959566], [-63.508639, 44.959517], [-63.508716, 44.95898], [-63.508855, 44.958707], [-63.509111, 44.958482], [-63.509546, 44.95831], [-63.509791, 44.958105], [-63.509635, 44.957706], [-63.509503, 44.957541], [-63.50933, 44.957181], [-63.509366, 44.957046], [-63.509615, 44.956941], [-63.509792, 44.957054], [-63.5102, 44.957145], [-63.510481, 44.957116], [-63.510845, 44.957183], [-63.511059, 44.957125], [-63.511155, 44.957074], [-63.511173, 44.957002], [-63.510998, 44.956766], [-63.511055, 44.956703], [-63.511019, 44.956511], [-63.511087, 44.956165], [-63.511221, 44.956162], [-63.511297, 44.956302], [-63.511549, 44.956364], [-63.511846, 44.956363], [-63.511976, 44.956284], [-63.511963, 44.956117], [-63.511726, 44.955844], [-63.511696, 44.955613], [-63.511977, 44.955571], [-63.512108, 44.955501], [-63.51231, 44.955507], [-63.512666, 44.955326], [-63.512733, 44.955355], [-63.512651, 44.955545], [-63.512673, 44.955597], [-63.512739, 44.955622], [-63.513001, 44.955421], [-63.513113, 44.95541], [-63.513196, 44.955502], [-63.513105, 44.955565], [-63.513092, 44.955665], [-63.513596, 44.955737], [-63.513619, 44.955689], [-63.513555, 44.955513], [-63.51391, 44.955429], [-63.513981, 44.955206], [-63.514484, 44.954617], [-63.514532, 44.954431], [-63.514518, 44.954295], [-63.514452, 44.954239], [-63.514206, 44.954177], [-63.514117, 44.9541], [-63.514074, 44.953722], [-63.514114, 44.953666], [-63.514541, 44.95359], [-63.514638, 44.953495], [-63.5145, 44.953399], [-63.514523, 44.953331], [-63.514828, 44.95321], [-63.514822, 44.952943], [-63.514757, 44.952787], [-63.51416, 44.952289], [-63.514023, 44.952084], [-63.513981, 44.951909], [-63.513999, 44.95155], [-63.514372, 44.951382], [-63.514463, 44.951291], [-63.51447, 44.95122], [-63.514414, 44.951179], [-63.514117, 44.951197], [-63.513474, 44.951068], [-63.513193, 44.950787], [-63.513141, 44.950511], [-63.512969, 44.950418], [-63.512545, 44.950307], [-63.51232, 44.950305], [-63.5121, 44.950427], [-63.512104, 44.95049], [-63.512182, 44.950511], [-63.512535, 44.950534], [-63.512744, 44.950787], [-63.512351, 44.951154], [-63.512227, 44.951189], [-63.51202, 44.951159], [-63.511978, 44.950995], [-63.51202, 44.950812], [-63.511812, 44.950532], [-63.511701, 44.950455], [-63.5116, 44.95043], [-63.511454, 44.950477], [-63.511264, 44.95071], [-63.511204, 44.950945], [-63.51104, 44.951039], [-63.510905, 44.95105], [-63.510856, 44.951005], [-63.510854, 44.950794], [-63.510661, 44.950566], [-63.510194, 44.950315], [-63.509942, 44.950308], [-63.509207, 44.950641], [-63.509058, 44.950854], [-63.508922, 44.95124], [-63.508607, 44.951281], [-63.50844, 44.951215], [-63.508408, 44.951159], [-63.508432, 44.951068], [-63.508384, 44.950884], [-63.508076, 44.950248], [-63.507986, 44.949561], [-63.507857, 44.949393], [-63.507831, 44.949185], [-63.50794, 44.948836], [-63.508352, 44.948396], [-63.508513, 44.947755], [-63.508418, 44.946888], [-63.508863, 44.945761], [-63.508891, 44.945395], [-63.508859, 44.945043], [-63.508933, 44.94445], [-63.508886, 44.944225], [-63.508637, 44.943943], [-63.508639, 44.943836], [-63.508768, 44.943729], [-63.508959, 44.943676], [-63.509194, 44.943273], [-63.509121, 44.943111], [-63.508958, 44.942992], [-63.508978, 44.942588], [-63.508819, 44.942253], [-63.509126, 44.942049], [-63.509243, 44.941906], [-63.509085, 44.941491], [-63.50891, 44.941345], [-63.508772, 44.941281], [-63.50814, 44.941167], [-63.50781, 44.941201], [-63.507633, 44.941172], [-63.506856, 44.940679], [-63.506861, 44.940391], [-63.507018, 44.940105], [-63.506997, 44.93988], [-63.506749, 44.939535], [-63.506367, 44.939694], [-63.506241, 44.939612], [-63.506413, 44.939218], [-63.50609, 44.938837], [-63.506057, 44.93854], [-63.506189, 44.938253], [-63.506191, 44.938145], [-63.50597, 44.937729], [-63.50601, 44.937576], [-63.506204, 44.93738], [-63.506232, 44.937227], [-63.505968, 44.937072], [-63.505957, 44.936991], [-63.50615, 44.936803], [-63.505852, 44.93645], [-63.505932, 44.936217], [-63.506176, 44.936084], [-63.506347, 44.93568], [-63.506101, 44.935291], [-63.506146, 44.934851], [-63.505953, 44.9343], [-63.505922, 44.933877], [-63.505677, 44.93338], [-63.50544, 44.933207], [-63.505394, 44.932945], [-63.505486, 44.932712], [-63.505625, 44.932767], [-63.505714, 44.932723], [-63.505865, 44.932031], [-63.505885, 44.931636], [-63.505937, 44.931537], [-63.506336, 44.931199], [-63.506406, 44.93083], [-63.506221, 44.930532], [-63.506045, 44.930422], [-63.505322, 44.929759], [-63.504757, 44.929475], [-63.504253, 44.929327], [-63.504142, 44.929137], [-63.504, 44.928524], [-63.50402, 44.928128], [-63.504187, 44.927985], [-63.504166, 44.927742], [-63.504068, 44.927561], [-63.504134, 44.9274], [-63.504109, 44.927363], [-63.503894, 44.927362], [-63.50372, 44.92718], [-63.503456, 44.927043], [-63.503043, 44.926733], [-63.502588, 44.926684], [-63.502452, 44.926503], [-63.502456, 44.926242], [-63.501853, 44.925994], [-63.501792, 44.925831], [-63.501846, 44.925643], [-63.50218, 44.925394], [-63.502412, 44.925135], [-63.502686, 44.924687], [-63.503173, 44.924377], [-63.503521, 44.923993], [-63.503852, 44.923942], [-63.504236, 44.923666], [-63.504406, 44.923397], [-63.504448, 44.923155], [-63.504882, 44.92225], [-63.50531, 44.921632], [-63.505969, 44.920918], [-63.506177, 44.920533], [-63.516413, 44.918085], [-63.516765, 44.918969], [-63.518202, 44.91924], [-63.518499, 44.918561], [-63.518979, 44.918763], [-63.517157, 44.914215], [-63.515287, 44.914978], [-63.514399, 44.914708], [-63.514004, 44.913642], [-63.522798, 44.907403], [-63.522282, 44.905301], [-63.521086, 44.905], [-63.525415, 44.899789], [-63.527513, 44.90165], [-63.528497, 44.90104], [-63.531435, 44.899367], [-63.534894, 44.900473], [-63.541229, 44.899086], [-63.544547, 44.907051], [-63.551919, 44.902422], [-63.552225, 44.902826], [-63.554653, 44.908195], [-63.554776, 44.908359], [-63.553861, 44.908752], [-63.553276, 44.909059], [-63.556409, 44.910934], [-63.556167, 44.911535], [-63.557169, 44.912053], [-63.557299, 44.911736], [-63.558046, 44.912204], [-63.557761, 44.912899], [-63.558069, 44.913099], [-63.557519, 44.914457], [-63.55869, 44.9147], [-63.558246, 44.915786], [-63.557072, 44.915544], [-63.556547, 44.916178], [-63.556005, 44.91602], [-63.555208, 44.916374], [-63.555074, 44.916216], [-63.554196, 44.916586], [-63.554691, 44.917996], [-63.555606, 44.920165], [-63.554454, 44.920409], [-63.554859, 44.921369], [-63.553693, 44.921617], [-63.558107, 44.932641], [-63.559135, 44.932007], [-63.562115, 44.929935], [-63.563553, 44.928842], [-63.563834, 44.929027], [-63.564634, 44.930877], [-63.568802, 44.93069], [-63.568683, 44.93104], [-63.568278, 44.931766], [-63.568145, 44.932143], [-63.568109, 44.933609], [-63.568144, 44.9346], [-63.568189, 44.934924], [-63.568409, 44.935439], [-63.568455, 44.935709], [-63.568347, 44.936104], [-63.568218, 44.936283], [-63.567846, 44.93655], [-63.566408, 44.936934], [-63.566008, 44.937381], [-63.565175, 44.937959], [-63.564917, 44.938272], [-63.564533, 44.938476], [-63.56423, 44.938455], [-63.563312, 44.938007], [-63.562921, 44.937922], [-63.561515, 44.937884], [-63.560361, 44.937919], [-63.559841, 44.937987], [-63.559598, 44.938093], [-63.559263, 44.938423], [-63.559036, 44.939159], [-63.558727, 44.939472], [-63.55857, 44.939722], [-63.558543, 44.939866], [-63.558591, 44.940038], [-63.558801, 44.940345], [-63.558982, 44.940896], [-63.559482, 44.941305], [-63.559568, 44.941486], [-63.55954, 44.941665], [-63.55932, 44.941943], [-63.558691, 44.942423], [-63.558333, 44.942627], [-63.55746, 44.942967], [-63.556754, 44.943159], [-63.555228, 44.943406], [-63.554336, 44.943357], [-63.554066, 44.943204], [-63.553704, 44.942886], [-63.55331, 44.942163], [-63.552784, 44.941771], [-63.551991, 44.941477], [-63.551155, 44.941416], [-63.550456, 44.941545], [-63.550138, 44.941668], [-63.549486, 44.942014], [-63.547098, 44.943119], [-63.545864, 44.943388], [-63.545611, 44.943359], [-63.545372, 44.943267], [-63.545111, 44.942976], [-63.544889, 44.94257], [-63.54478, 44.942308], [-63.54462, 44.941253], [-63.544453, 44.940631], [-63.544223, 44.939963], [-63.543769, 44.939087], [-63.543594, 44.93814], [-63.543459, 44.937896], [-63.543086, 44.93747], [-63.542698, 44.937188], [-63.54222, 44.936995], [-63.541816, 44.93691], [-63.541398, 44.936898], [-63.540286, 44.936682], [-63.539096, 44.936636], [-63.538856, 44.936589], [-63.538604, 44.936523], [-63.53829, 44.936359], [-63.538153, 44.936196], [-63.537922, 44.935609], [-63.537526, 44.933563], [-63.537154, 44.932327], [-63.537021, 44.931929], [-63.536885, 44.931739], [-63.536722, 44.931612], [-63.536067, 44.931372], [-63.535548, 44.931377], [-63.534044, 44.931931], [-63.532949, 44.932246], [-63.532518, 44.93226], [-63.530987, 44.932157], [-63.530757, 44.932227], [-63.530604, 44.932316], [-63.530501, 44.932441], [-63.530521, 44.932738], [-63.530644, 44.932955], [-63.531082, 44.933283], [-63.53123, 44.933482], [-63.531376, 44.933826], [-63.531484, 44.934231], [-63.53157, 44.93515], [-63.531786, 44.935845], [-63.53207, 44.936279], [-63.532693, 44.936914], [-63.532878, 44.937195], [-63.532913, 44.937411], [-63.532871, 44.937618], [-63.532675, 44.937976], [-63.53247, 44.938136], [-63.532215, 44.938242], [-63.53097, 44.938412], [-63.530727, 44.938518], [-63.53024, 44.938856], [-63.530175, 44.93899], [-63.530199, 44.93908], [-63.530496, 44.939461], [-63.530655, 44.939822], [-63.530638, 44.940083], [-63.530493, 44.940388], [-63.530145, 44.940763], [-63.529824, 44.941021], [-63.528131, 44.942221], [-63.527261, 44.942727], [-63.526732, 44.94328], [-63.526562, 44.943585], [-63.52624, 44.944626], [-63.526083, 44.94494], [-63.524665, 44.946367], [-63.524327, 44.946859], [-63.524062, 44.947496], [-63.523791, 44.947809], [-63.523373, 44.948516], [-63.522822, 44.948917], [-63.521953, 44.950052], [-63.521885, 44.950366], [-63.521753, 44.950662], [-63.521597, 44.950877], [-63.521172, 44.951269], [-63.520532, 44.95166], [-63.520415, 44.95182], [-63.520322, 44.952054], [-63.52025, 44.952557], [-63.520094, 44.952844], [-63.519666, 44.95338], [-63.519047, 44.95477], [-63.518538, 44.95562], [-63.517501, 44.956979], [-63.516945, 44.957595], [-63.516314, 44.958193], [-63.515298, 44.959021], [-63.514983, 44.959702], [-63.514762, 44.959988], [-63.514225, 44.960272], [-63.513103, 44.960658], [-63.511797, 44.961385], [-63.51158, 44.961473], [-63.510996, 44.96154], [-63.510365, 44.96139], [-63.509695, 44.960856], [-63.509951, 44.960532], [-63.510071, 44.960115], [-63.510129, 44.959674], [-63.510075, 44.959546], [-63.509986, 44.959493]]], [[[-63.604816, 44.942116], [-63.608133, 44.941514], [-63.608678, 44.943008], [-63.609755, 44.94631], [-63.592666, 44.949457], [-63.590469, 44.944675], [-63.592698, 44.944322], [-63.604816, 44.942116]]]]}, "properties": {"OBJECTID": 56, "GSA_KEY": 58, "FCODE": "GSAPOLY", "GSA_NAME": "ENFIELD", "MUN_CODE": "HRM", "GSA_REM": " ", "SOURCE": null, "DATE_ACT": 980899200000, "SYS_DATE": 1775830403000, "GLOBALID": "af017e62-4d17-419c-ad7c-2fd1838ad67c", "Shape__Area": 36209616.08984375, "Shape__Length": 46847.9014275012}}, {"type": "Feature", "id": 57, "geometry": {"type": "Polygon", "coordinates": [[[-62.406274, 44.905757], [-62.406117, 44.905435], [-62.410703, 44.905559], [-62.41094, 44.905341], [-62.411324, 44.904817], [-62.411322, 44.9047], [-62.411482, 44.904402], [-62.411418, 44.904311], [-62.411163, 44.904205], [-62.410312, 44.904086], [-62.410171, 44.903952], [-62.409917, 44.903909], [-62.409801, 44.903767], [-62.409785, 44.903597], [-62.409254, 44.9036], [-62.40946, 44.903375], [-62.409073, 44.90078], [-62.402038, 44.885589], [-62.387541, 44.868625], [-62.387319, 44.868516], [-62.399847, 44.867095], [-62.404891, 44.867839], [-62.413886, 44.867439], [-62.421856, 44.866856], [-62.426553, 44.866261], [-62.429791, 44.86681], [-62.431989, 44.867382], [-62.432535, 44.867704], [-62.432822, 44.868374], [-62.432724, 44.86868], [-62.433796, 44.870833], [-62.436619, 44.877406], [-62.439532, 44.884362], [-62.440867, 44.887702], [-62.441073, 44.887926], [-62.44105, 44.888034], [-62.440842, 44.8883], [-62.441103, 44.888578], [-62.44325, 44.894495], [-62.444558, 44.898568], [-62.444828, 44.899263], [-62.446172, 44.902391], [-62.447163, 44.904261], [-62.448415, 44.907873], [-62.450086, 44.912323], [-62.451401, 44.915028], [-62.451862, 44.91641], [-62.45393, 44.921383], [-62.455561, 44.926459], [-62.458847, 44.933543], [-62.430977, 44.940026], [-62.408326, 44.945175], [-62.405997, 44.939705], [-62.405213, 44.939505], [-62.404874, 44.938516], [-62.404982, 44.937126], [-62.405197, 44.935983], [-62.40664, 44.933552], [-62.408653, 44.932115], [-62.408912, 44.931321], [-62.409017, 44.930811], [-62.409351, 44.930628], [-62.417213, 44.928982], [-62.414257, 44.922009], [-62.411654, 44.916829], [-62.406274, 44.905757]]]}, "properties": {"OBJECTID": 57, "GSA_KEY": 59, "FCODE": "GSAPOLY", "GSA_NAME": "BEAVER HARBOUR", "MUN_CODE": "HRM", "GSA_REM": " ", "SOURCE": "CR", "DATE_ACT": 980899200000, "SYS_DATE": 1579564800000, "GLOBALID": "4a538392-0ead-4cf6-b8f0-396fad7c3118", "Shape__Area": 52243232.58203125, "Shape__Length": 36325.466621930595}}, {"type": "Feature", "id": 58, "geometry": {"type": "Polygon", "coordinates": [[[-63.455364, 44.94679], [-63.443273, 44.934142], [-63.435603, 44.942251], [-63.442032, 44.946349], [-63.431296, 44.947405], [-63.418612, 44.947269], [-63.416123, 44.941209], [-63.402303, 44.944321], [-63.400344, 44.940015], [-63.394281, 44.941406], [-63.389802, 44.931088], [-63.38538, 44.932145], [-63.383762, 44.928368], [-63.381657, 44.924148], [-63.380285, 44.921564], [-63.377301, 44.915423], [-63.376287, 44.913018], [-63.374895, 44.913301], [-63.372694, 44.907615], [-63.362578, 44.909645], [-63.356812, 44.912163], [-63.355754, 44.910856], [-63.336093, 44.919037], [-63.335196, 44.917762], [-63.339307, 44.914576], [-63.336819, 44.913345], [-63.336375, 44.912432], [-63.341933, 44.910904], [-63.340406, 44.907892], [-63.346354, 44.906155], [-63.344681, 44.903044], [-63.334221, 44.905857], [-63.32405, 44.88704], [-63.31192, 44.890294], [-63.317754, 44.901139], [-63.312191, 44.902634], [-63.315098, 44.908113], [-63.312577, 44.90878], [-63.303681, 44.918542], [-63.293283, 44.921218], [-63.291286, 44.917372], [-63.281266, 44.920003], [-63.273324, 44.902666], [-63.272213, 44.900047], [-63.271222, 44.898169], [-63.266434, 44.889481], [-63.251726, 44.880125], [-63.256459, 44.873968], [-63.254433, 44.872294], [-63.267179, 44.8663], [-63.274593, 44.864265], [-63.275885, 44.866641], [-63.277176, 44.866313], [-63.293814, 44.861558], [-63.302648, 44.877049], [-63.311005, 44.874705], [-63.309144, 44.871119], [-63.318095, 44.868435], [-63.322447, 44.861704], [-63.32548, 44.862201], [-63.325027, 44.858825], [-63.321423, 44.851453], [-63.331325, 44.858341], [-63.33679, 44.850396], [-63.336255, 44.850227], [-63.333156, 44.851154], [-63.331959, 44.850852], [-63.331423, 44.84907], [-63.347421, 44.84476], [-63.356357, 44.844194], [-63.376418, 44.855696], [-63.375538, 44.85634], [-63.38477, 44.861757], [-63.384956, 44.861674], [-63.38549, 44.86159], [-63.386524, 44.861096], [-63.386707, 44.861087], [-63.386969, 44.860992], [-63.387289, 44.86077], [-63.38832, 44.860483], [-63.397831, 44.856751], [-63.413086, 44.855874], [-63.413168, 44.855926], [-63.413204, 44.855868], [-63.424764, 44.855202], [-63.431601, 44.853317], [-63.432396, 44.854784], [-63.433654, 44.856781], [-63.434411, 44.857591], [-63.435259, 44.857723], [-63.436423, 44.857785], [-63.438529, 44.857731], [-63.439566, 44.857557], [-63.441862, 44.856726], [-63.444052, 44.856158], [-63.446028, 44.855874], [-63.4471, 44.855371], [-63.451318, 44.854474], [-63.454319, 44.853644], [-63.454519, 44.85372], [-63.454749, 44.853596], [-63.454876, 44.853579], [-63.454979, 44.853463], [-63.455093, 44.853446], [-63.455438, 44.853251], [-63.4564, 44.852621], [-63.465671, 44.868015], [-63.473033, 44.865046], [-63.473187, 44.8653], [-63.473502, 44.865504], [-63.473611, 44.865683], [-63.473546, 44.866317], [-63.473658, 44.866528], [-63.473893, 44.866657], [-63.474216, 44.867295], [-63.474227, 44.86793], [-63.474305, 44.868102], [-63.474418, 44.86883], [-63.474254, 44.868966], [-63.474245, 44.869644], [-63.474556, 44.869813], [-63.474807, 44.870257], [-63.474754, 44.870551], [-63.474821, 44.870696], [-63.475355, 44.8713], [-63.475869, 44.872273], [-63.47654, 44.87285], [-63.476657, 44.872847], [-63.479235, 44.878633], [-63.472424, 44.880157], [-63.468161, 44.870578], [-63.45703, 44.873042], [-63.455334, 44.8692], [-63.457896, 44.868645], [-63.457917, 44.862444], [-63.452973, 44.865018], [-63.449187, 44.870529], [-63.444959, 44.871442], [-63.444649, 44.871817], [-63.444366, 44.871776], [-63.444222, 44.871849], [-63.445808, 44.875562], [-63.450803, 44.874429], [-63.452336, 44.877725], [-63.45394, 44.881488], [-63.45031, 44.882321], [-63.451335, 44.884512], [-63.452044, 44.886195], [-63.443963, 44.888154], [-63.447705, 44.897239], [-63.44608, 44.897688], [-63.450626, 44.907114], [-63.447967, 44.907766], [-63.450015, 44.912132], [-63.456975, 44.910382], [-63.455398, 44.912129], [-63.464597, 44.912226], [-63.46937, 44.92153], [-63.471047, 44.92092], [-63.478868, 44.931339], [-63.479423, 44.931189], [-63.483168, 44.935268], [-63.48229, 44.935694], [-63.48711, 44.940984], [-63.482115, 44.942851], [-63.482842, 44.9438], [-63.479485, 44.945801], [-63.476144, 44.942694], [-63.468799, 44.953455], [-63.46724, 44.955376], [-63.466124, 44.956599], [-63.460309, 44.95196], [-63.455364, 44.94679]]]}, "properties": {"OBJECTID": 58, "GSA_KEY": 60, "FCODE": "GSAPOLY", "GSA_NAME": "DEVON", "MUN_CODE": "HRM", "GSA_REM": " ", "SOURCE": "DM", "DATE_ACT": 980899200000, "SYS_DATE": 1505779200000, "GLOBALID": "04c475eb-5385-499f-9f73-55bfa6500a05", "Shape__Area": 226245574.35546875, "Shape__Length": 119781.15862536716}}, {"type": "Feature", "id": 59, "geometry": {"type": "Polygon", "coordinates": [[[-63.608357, 44.942128], [-63.608133, 44.941514], [-63.592698, 44.944322], [-63.590469, 44.944675], [-63.589971, 44.943577], [-63.58981, 44.943324], [-63.589637, 44.943061], [-63.588667, 44.94191], [-63.587557, 44.940795], [-63.581263, 44.935195], [-63.608528, 44.899726], [-63.593633, 44.89783], [-63.604831, 44.887442], [-63.607848, 44.88383], [-63.608648, 44.879914], [-63.607917, 44.879334], [-63.605745, 44.879153], [-63.604922, 44.87868], [-63.605497, 44.878119], [-63.605313, 44.878022], [-63.591937, 44.874291], [-63.585761, 44.872906], [-63.585182, 44.873881], [-63.583805, 44.873476], [-63.580538, 44.872008], [-63.58098, 44.869031], [-63.578188, 44.867917], [-63.576886, 44.867495], [-63.576767, 44.870443], [-63.575176, 44.872363], [-63.559754, 44.869371], [-63.564624, 44.855077], [-63.565326, 44.853135], [-63.583751, 44.855905], [-63.583683, 44.856074], [-63.595796, 44.858099], [-63.595731, 44.858553], [-63.600798, 44.85945], [-63.600936, 44.857864], [-63.601508, 44.857266], [-63.602051, 44.856133], [-63.603527, 44.85653], [-63.603641, 44.855298], [-63.602439, 44.855066], [-63.602723, 44.854316], [-63.602221, 44.854222], [-63.602192, 44.85414], [-63.602297, 44.854045], [-63.602457, 44.853576], [-63.602525, 44.853599], [-63.602725, 44.853337], [-63.605279, 44.853851], [-63.605321, 44.853777], [-63.60539, 44.853795], [-63.605279, 44.854006], [-63.60604, 44.854154], [-63.606835, 44.852237], [-63.608162, 44.85224], [-63.6084, 44.851554], [-63.607881, 44.851399], [-63.60783, 44.85132], [-63.608764, 44.851199], [-63.608723, 44.851039], [-63.608915, 44.85101], [-63.60886, 44.850814], [-63.608671, 44.850842], [-63.608442, 44.849992], [-63.608225, 44.849556], [-63.608372, 44.84944], [-63.607997, 44.848628], [-63.608894, 44.848367], [-63.611577, 44.848146], [-63.613345, 44.852755], [-63.614902, 44.852413], [-63.624744, 44.847652], [-63.626282, 44.849261], [-63.624021, 44.850355], [-63.627885, 44.854509], [-63.629712, 44.85637], [-63.636813, 44.852867], [-63.647518, 44.84739], [-63.647021, 44.846905], [-63.653361, 44.839842], [-63.65433, 44.839775], [-63.654849, 44.843919], [-63.654356, 44.846296], [-63.657234, 44.847883], [-63.656899, 44.848576], [-63.656573, 44.84907], [-63.656246, 44.84949], [-63.65548, 44.850228], [-63.65453, 44.850869], [-63.642086, 44.856369], [-63.660005, 44.868465], [-63.655258, 44.872043], [-63.66318, 44.877433], [-63.653638, 44.877124], [-63.651309, 44.881663], [-63.642041, 44.881398], [-63.641963, 44.881593], [-63.642241, 44.890795], [-63.644643, 44.890918], [-63.647766, 44.891215], [-63.647817, 44.894326], [-63.639467, 44.894465], [-63.63992, 44.899548], [-63.639545, 44.902978], [-63.652908, 44.902961], [-63.658929, 44.902802], [-63.658682, 44.910073], [-63.667383, 44.910638], [-63.667197, 44.915391], [-63.667164, 44.917692], [-63.674064, 44.917859], [-63.666324, 44.920539], [-63.659576, 44.922808], [-63.661664, 44.926177], [-63.6654, 44.932476], [-63.667113, 44.935456], [-63.666078, 44.935919], [-63.609755, 44.94631], [-63.608357, 44.942128]]]}, "properties": {"OBJECTID": 59, "GSA_KEY": 61, "FCODE": "GSAPOLY", "GSA_NAME": "WELLINGTON", "MUN_CODE": "HRM", "GSA_REM": " ", "SOURCE": "DM", "DATE_ACT": 980899200000, "SYS_DATE": 1731415260000, "GLOBALID": "674dcede-85d5-46c3-8e28-749a7a0391c6", "Shape__Area": 102575287.140625, "Shape__Length": 74308.0829414092}}, {"type": "Feature", "id": 60, "geometry": {"type": "Polygon", "coordinates": [[[-62.452707, 44.918425], [-62.451862, 44.91641], [-62.451401, 44.915028], [-62.450086, 44.912323], [-62.448415, 44.907873], [-62.447163, 44.904261], [-62.446172, 44.902391], [-62.445818, 44.901623], [-62.444558, 44.898568], [-62.44325, 44.894495], [-62.441103, 44.888578], [-62.440842, 44.8883], [-62.44105, 44.888034], [-62.441073, 44.887926], [-62.440867, 44.887702], [-62.439532, 44.884362], [-62.436619, 44.877406], [-62.433901, 44.871102], [-62.441082, 44.872168], [-62.441501, 44.872122], [-62.441857, 44.872266], [-62.441946, 44.872386], [-62.442058, 44.872421], [-62.444637, 44.872863], [-62.476477, 44.878065], [-62.488393, 44.880359], [-62.482448, 44.892236], [-62.510463, 44.910211], [-62.513171, 44.914412], [-62.513265, 44.914642], [-62.513198, 44.91511], [-62.513335, 44.915546], [-62.515296, 44.91765], [-62.515411, 44.918735], [-62.51531, 44.920184], [-62.514156, 44.919848], [-62.514226, 44.919811], [-62.514219, 44.919722], [-62.514311, 44.919798], [-62.514674, 44.919722], [-62.514638, 44.919649], [-62.514434, 44.919544], [-62.514424, 44.919499], [-62.514484, 44.919466], [-62.514243, 44.919377], [-62.514177, 44.919227], [-62.514028, 44.9193], [-62.513472, 44.919095], [-62.513363, 44.919285], [-62.513133, 44.919362], [-62.512706, 44.919176], [-62.512461, 44.919468], [-62.511311, 44.919768], [-62.51146, 44.920286], [-62.511663, 44.920449], [-62.511555, 44.920507], [-62.511732, 44.920573], [-62.511428, 44.920746], [-62.511373, 44.9211], [-62.502594, 44.923143], [-62.502725, 44.92343], [-62.458847, 44.933543], [-62.455561, 44.926459], [-62.45393, 44.921383], [-62.452707, 44.918425]]]}, "properties": {"OBJECTID": 60, "GSA_KEY": 62, "FCODE": "GSAPOLY", "GSA_NAME": "WATT SECTION", "MUN_CODE": "HRM", "GSA_REM": " ", "SOURCE": "CR", "DATE_ACT": 980899200000, "SYS_DATE": 1579564800000, "GLOBALID": "d1c660b0-a07f-4d2b-9abe-79f319f7b257", "Shape__Area": 47679291.55078125, "Shape__Length": 31571.270431959707}}, {"type": "Feature", "id": 61, "geometry": {"type": "Polygon", "coordinates": [[[-63.658696, 44.909123], [-63.658929, 44.902802], [-63.652908, 44.902961], [-63.639545, 44.902978], [-63.63992, 44.899548], [-63.639467, 44.894465], [-63.647817, 44.894326], [-63.647766, 44.891215], [-63.644643, 44.890918], [-63.642241, 44.890795], [-63.641963, 44.881593], [-63.642041, 44.881398], [-63.651309, 44.881663], [-63.653638, 44.877124], [-63.66318, 44.877433], [-63.655258, 44.872043], [-63.660005, 44.868465], [-63.642086, 44.856369], [-63.65453, 44.850869], [-63.65548, 44.850228], [-63.656246, 44.84949], [-63.656899, 44.848576], [-63.657234, 44.847883], [-63.663676, 44.851779], [-63.665266, 44.853147], [-63.666141, 44.855009], [-63.667599, 44.851478], [-63.663729, 44.848504], [-63.664644, 44.847189], [-63.666136, 44.845224], [-63.666378, 44.842831], [-63.665553, 44.842787], [-63.665609, 44.84224], [-63.666436, 44.842283], [-63.666487, 44.841783], [-63.666962, 44.841642], [-63.667594, 44.841774], [-63.66765, 44.841222], [-63.66776, 44.841181], [-63.667643, 44.841037], [-63.666697, 44.840938], [-63.666218, 44.839153], [-63.665008, 44.839296], [-63.665211, 44.840098], [-63.664556, 44.840189], [-63.6648, 44.841062], [-63.664179, 44.841139], [-63.663112, 44.841624], [-63.662599, 44.841789], [-63.662277, 44.841824], [-63.662236, 44.841447], [-63.66197, 44.841418], [-63.661952, 44.841254], [-63.661571, 44.841213], [-63.661629, 44.841753], [-63.661496, 44.841737], [-63.661467, 44.841451], [-63.66076, 44.841368], [-63.660794, 44.841667], [-63.660691, 44.841655], [-63.660658, 44.841356], [-63.659054, 44.841162], [-63.659083, 44.841454], [-63.658786, 44.841425], [-63.65877, 44.841145], [-63.657843, 44.841121], [-63.657377, 44.841207], [-63.657007, 44.840145], [-63.657697, 44.840086], [-63.657472, 44.839419], [-63.657187, 44.839441], [-63.657077, 44.838772], [-63.656988, 44.837732], [-63.657145, 44.836149], [-63.656395, 44.836179], [-63.656408, 44.836098], [-63.657177, 44.836058], [-63.657277, 44.835381], [-63.655985, 44.835468], [-63.655603, 44.835303], [-63.653994, 44.835123], [-63.654553, 44.83012], [-63.654086, 44.827492], [-63.657264, 44.826277], [-63.660055, 44.822555], [-63.661928, 44.822432], [-63.661309, 44.820947], [-63.662601, 44.819318], [-63.659438, 44.813167], [-63.660786, 44.811592], [-63.660536, 44.81143], [-63.659975, 44.8114], [-63.659285, 44.811234], [-63.658933, 44.810798], [-63.658397, 44.810649], [-63.658256, 44.810537], [-63.658163, 44.810333], [-63.658021, 44.810238], [-63.657379, 44.810021], [-63.656807, 44.809736], [-63.657584, 44.808803], [-63.658425, 44.80757], [-63.665198, 44.798332], [-63.667977, 44.794616], [-63.671012, 44.790408], [-63.671988, 44.790781], [-63.672991, 44.791028], [-63.676053, 44.791425], [-63.682956, 44.791372], [-63.684968, 44.791489], [-63.686258, 44.791737], [-63.687451, 44.792121], [-63.688117, 44.792501], [-63.689301, 44.7935], [-63.689943, 44.794556], [-63.69031, 44.794476], [-63.690156, 44.793895], [-63.690201, 44.793643], [-63.690309, 44.793434], [-63.691526, 44.792232], [-63.690674, 44.791858], [-63.6913, 44.791223], [-63.691333, 44.791057], [-63.692113, 44.791003], [-63.692144, 44.7904], [-63.692329, 44.790407], [-63.692394, 44.790278], [-63.692529, 44.79041], [-63.695634, 44.790427], [-63.69574, 44.79067], [-63.695332, 44.79079], [-63.695666, 44.791168], [-63.696933, 44.790685], [-63.696653, 44.79035], [-63.697307, 44.790455], [-63.697792, 44.790462], [-63.69768, 44.790778], [-63.697949, 44.790891], [-63.697147, 44.791862], [-63.697601, 44.791919], [-63.69803, 44.791894], [-63.698193, 44.791971], [-63.698488, 44.791834], [-63.698635, 44.791962], [-63.698761, 44.791999], [-63.698958, 44.791961], [-63.698991, 44.791898], [-63.699171, 44.791879], [-63.699639, 44.79194], [-63.699794, 44.791796], [-63.699889, 44.791777], [-63.693107, 44.800086], [-63.696866, 44.807078], [-63.697401, 44.807682], [-63.698212, 44.808443], [-63.701665, 44.811202], [-63.702276, 44.81181], [-63.702755, 44.812388], [-63.708873, 44.821946], [-63.70935, 44.822601], [-63.709724, 44.82298], [-63.710379, 44.823494], [-63.710963, 44.823841], [-63.715733, 44.82618], [-63.718131, 44.827238], [-63.718974, 44.827496], [-63.719643, 44.8276], [-63.720566, 44.827633], [-63.721565, 44.827604], [-63.722702, 44.827684], [-63.723522, 44.827842], [-63.724341, 44.828073], [-63.725146, 44.828375], [-63.732862, 44.832036], [-63.733527, 44.832446], [-63.734116, 44.8329], [-63.734749, 44.833481], [-63.735152, 44.83395], [-63.737934, 44.83972], [-63.738539, 44.840786], [-63.739285, 44.841781], [-63.739647, 44.842179], [-63.740072, 44.842542], [-63.743506, 44.844995], [-63.744823, 44.845885], [-63.746504, 44.846931], [-63.747157, 44.847287], [-63.749626, 44.848452], [-63.752326, 44.849642], [-63.770019, 44.857064], [-63.771404, 44.857658], [-63.773164, 44.858515], [-63.773993, 44.859006], [-63.774934, 44.859642], [-63.776663, 44.86103], [-63.777801, 44.862117], [-63.779024, 44.863475], [-63.779649, 44.864046], [-63.780377, 44.864528], [-63.781477, 44.865142], [-63.777601, 44.870189], [-63.776845, 44.869382], [-63.776146, 44.869602], [-63.775465, 44.86887], [-63.773487, 44.869963], [-63.775667, 44.871992], [-63.776011, 44.87226], [-63.760491, 44.89246], [-63.667113, 44.935456], [-63.6654, 44.932476], [-63.661664, 44.926177], [-63.659576, 44.922808], [-63.666324, 44.920539], [-63.674064, 44.917859], [-63.667164, 44.917692], [-63.667197, 44.915391], [-63.667383, 44.910638], [-63.658682, 44.910073], [-63.658696, 44.909123]]]}, "properties": {"OBJECTID": 61, "GSA_KEY": 63, "FCODE": "GSAPOLY", "GSA_NAME": "BEAVER BANK", "MUN_CODE": "HRM", "GSA_REM": " ", "SOURCE": "CR", "DATE_ACT": 980899200000, "SYS_DATE": 1596672000000, "GLOBALID": "7999ea83-68b2-4f1e-bb5b-66e66c5c84e0", "Shape__Area": 186662249.31640625, "Shape__Length": 80210.59161822226}}, {"type": "Feature", "id": 62, "geometry": {"type": "Polygon", "coordinates": [[[-63.581263, 44.935195], [-63.570495, 44.925511], [-63.570338, 44.92578], [-63.570256, 44.926068], [-63.570253, 44.926346], [-63.570668, 44.927313], [-63.57069, 44.92752], [-63.570636, 44.927726], [-63.570532, 44.927942], [-63.570195, 44.928362], [-63.570029, 44.928468], [-63.569724, 44.928547], [-63.569633, 44.928645], [-63.569592, 44.928879], [-63.569136, 44.929613], [-63.568965, 44.930043], [-63.568802, 44.93069], [-63.564634, 44.930877], [-63.563834, 44.929027], [-63.563553, 44.928842], [-63.562115, 44.929935], [-63.559135, 44.932007], [-63.558107, 44.932641], [-63.553693, 44.921617], [-63.554859, 44.921369], [-63.554454, 44.920409], [-63.555606, 44.920165], [-63.554691, 44.917996], [-63.554196, 44.916586], [-63.555074, 44.916216], [-63.555208, 44.916374], [-63.556005, 44.91602], [-63.556547, 44.916178], [-63.557072, 44.915544], [-63.558246, 44.915786], [-63.55869, 44.9147], [-63.557519, 44.914457], [-63.558069, 44.913099], [-63.557761, 44.912899], [-63.558046, 44.912204], [-63.557299, 44.911736], [-63.557169, 44.912053], [-63.556167, 44.911535], [-63.556409, 44.910934], [-63.553276, 44.909059], [-63.553861, 44.908752], [-63.554776, 44.908359], [-63.554653, 44.908195], [-63.552225, 44.902826], [-63.551919, 44.902422], [-63.552208, 44.902212], [-63.55242, 44.901741], [-63.552558, 44.901645], [-63.553773, 44.901269], [-63.555312, 44.901069], [-63.555818, 44.900919], [-63.556825, 44.9], [-63.559015, 44.898202], [-63.561116, 44.896876], [-63.562602, 44.895748], [-63.563449, 44.894664], [-63.56436, 44.893773], [-63.565029, 44.892793], [-63.56561, 44.892102], [-63.567487, 44.89058], [-63.575879, 44.895894], [-63.5761, 44.895771], [-63.57656, 44.895637], [-63.577746, 44.89546], [-63.578105, 44.895325], [-63.578631, 44.895232], [-63.579525, 44.895131], [-63.581608, 44.896476], [-63.581796, 44.896291], [-63.582896, 44.896556], [-63.582761, 44.896817], [-63.584674, 44.897771], [-63.58507, 44.897241], [-63.586783, 44.897855], [-63.5861, 44.898818], [-63.587514, 44.899286], [-63.591238, 44.900271], [-63.593633, 44.89783], [-63.608528, 44.899726], [-63.581263, 44.935195]]]}, "properties": {"OBJECTID": 62, "GSA_KEY": 64, "FCODE": "GSAPOLY", "GSA_NAME": "OAKFIELD", "MUN_CODE": "HRM", "GSA_REM": " ", "SOURCE": "DM", "DATE_ACT": 980899200000, "SYS_DATE": 1775830394000, "GLOBALID": "57805b2e-5365-4e79-8aed-3976d4d55402", "Shape__Area": 25136122.8359375, "Shape__Length": 25289.86855620732}}, {"type": "Feature", "id": 63, "geometry": {"type": "Polygon", "coordinates": [[[-63.471182, 44.9211], [-63.471047, 44.92092], [-63.46937, 44.92153], [-63.464597, 44.912226], [-63.455398, 44.912129], [-63.456975, 44.910382], [-63.450015, 44.912132], [-63.447967, 44.907766], [-63.450626, 44.907114], [-63.450158, 44.906144], [-63.45241, 44.905621], [-63.453413, 44.907817], [-63.456791, 44.907008], [-63.455894, 44.904915], [-63.463339, 44.903337], [-63.461516, 44.899614], [-63.467665, 44.898226], [-63.465178, 44.892656], [-63.464543, 44.891343], [-63.464672, 44.891275], [-63.468829, 44.890341], [-63.472656, 44.899214], [-63.475094, 44.899916], [-63.479127, 44.899524], [-63.479688, 44.900174], [-63.47969, 44.900313], [-63.480039, 44.900927], [-63.48029, 44.901092], [-63.480698, 44.901157], [-63.481002, 44.901042], [-63.481183, 44.90076], [-63.481291, 44.899598], [-63.481729, 44.899179], [-63.482144, 44.89924], [-63.482296, 44.899341], [-63.482499, 44.899645], [-63.482653, 44.899934], [-63.482724, 44.900222], [-63.482859, 44.900431], [-63.48306, 44.900558], [-63.483227, 44.900434], [-63.483267, 44.900263], [-63.483394, 44.900255], [-63.483469, 44.900328], [-63.48348, 44.900436], [-63.483395, 44.900559], [-63.483337, 44.900624], [-63.483195, 44.90066], [-63.483106, 44.900822], [-63.483127, 44.901036], [-63.483308, 44.901551], [-63.483304, 44.901694], [-63.483056, 44.902191], [-63.48305, 44.90252], [-63.483136, 44.902674], [-63.483361, 44.902838], [-63.483775, 44.903049], [-63.484027, 44.903114], [-63.484306, 44.903116], [-63.484295, 44.903035], [-63.484423, 44.902928], [-63.484592, 44.902899], [-63.48464, 44.902822], [-63.484541, 44.902713], [-63.484545, 44.902577], [-63.484762, 44.902364], [-63.484979, 44.902294], [-63.485143, 44.902314], [-63.485103, 44.90243], [-63.485179, 44.902458], [-63.485303, 44.902612], [-63.485313, 44.90272], [-63.485415, 44.902721], [-63.485581, 44.902624], [-63.485732, 44.902652], [-63.485847, 44.902617], [-63.485914, 44.902384], [-63.486104, 44.902403], [-63.486289, 44.902329], [-63.486541, 44.902609], [-63.486712, 44.90265], [-63.486872, 44.902524], [-63.486844, 44.902428], [-63.48952, 44.900409], [-63.492817, 44.902665], [-63.496366, 44.899916], [-63.496461, 44.900668], [-63.496448, 44.902102], [-63.496702, 44.902092], [-63.505442, 44.899974], [-63.506095, 44.901375], [-63.512486, 44.902871], [-63.522282, 44.905301], [-63.522798, 44.907403], [-63.514004, 44.913642], [-63.514399, 44.914708], [-63.515287, 44.914978], [-63.517157, 44.914215], [-63.518979, 44.918763], [-63.518499, 44.918561], [-63.518202, 44.91924], [-63.516765, 44.918969], [-63.516413, 44.918085], [-63.476201, 44.927765], [-63.471182, 44.9211]]]}, "properties": {"OBJECTID": 63, "GSA_KEY": 65, "FCODE": "GSAPOLY", "GSA_NAME": "OLDHAM", "MUN_CODE": "HRM", "GSA_REM": " ", "SOURCE": "DM", "DATE_ACT": 980899200000, "SYS_DATE": 1694537959000, "GLOBALID": "5404e07f-df79-4a9e-8944-eea8e7b4737f", "Shape__Area": 22708553.99609375, "Shape__Length": 29183.999348620746}}, {"type": "Feature", "id": 64, "geometry": {"type": "Polygon", "coordinates": [[[-63.452964, 44.906835], [-63.45241, 44.905621], [-63.450158, 44.906144], [-63.446175, 44.897889], [-63.44608, 44.897688], [-63.447705, 44.897239], [-63.443963, 44.888154], [-63.452044, 44.886195], [-63.451335, 44.884512], [-63.45031, 44.882321], [-63.45394, 44.881488], [-63.452336, 44.877725], [-63.450803, 44.874429], [-63.445808, 44.875562], [-63.444222, 44.871849], [-63.444366, 44.871776], [-63.444649, 44.871817], [-63.444959, 44.871442], [-63.449187, 44.870529], [-63.452973, 44.865018], [-63.457917, 44.862444], [-63.457896, 44.868645], [-63.455334, 44.8692], [-63.45703, 44.873042], [-63.468161, 44.870578], [-63.472424, 44.880157], [-63.479235, 44.878633], [-63.476657, 44.872847], [-63.47654, 44.87285], [-63.475869, 44.872273], [-63.475355, 44.8713], [-63.474821, 44.870696], [-63.474754, 44.870551], [-63.474807, 44.870257], [-63.474556, 44.869813], [-63.474245, 44.869644], [-63.474254, 44.868966], [-63.474418, 44.86883], [-63.474305, 44.868102], [-63.474227, 44.86793], [-63.474216, 44.867295], [-63.473893, 44.866657], [-63.473658, 44.866528], [-63.473546, 44.866317], [-63.473611, 44.865683], [-63.473502, 44.865504], [-63.473187, 44.8653], [-63.473033, 44.865046], [-63.465671, 44.868015], [-63.456968, 44.853564], [-63.458462, 44.853104], [-63.457861, 44.852155], [-63.457317, 44.851715], [-63.45724, 44.851207], [-63.457695, 44.850213], [-63.458174, 44.848903], [-63.45774, 44.84872], [-63.457864, 44.84862], [-63.457839, 44.848504], [-63.456647, 44.84726], [-63.454139, 44.843983], [-63.452107, 44.842258], [-63.451837, 44.84192], [-63.451708, 44.84159], [-63.45771, 44.838597], [-63.457878, 44.838395], [-63.457824, 44.838026], [-63.45731, 44.837449], [-63.456867, 44.837182], [-63.456576, 44.837153], [-63.45625, 44.837015], [-63.456077, 44.836815], [-63.456245, 44.835909], [-63.456221, 44.834447], [-63.455851, 44.833879], [-63.455882, 44.833601], [-63.455833, 44.833465], [-63.455678, 44.833329], [-63.455635, 44.833194], [-63.452331, 44.829746], [-63.452622, 44.828685], [-63.452972, 44.828132], [-63.453585, 44.828029], [-63.454179, 44.828071], [-63.454808, 44.828004], [-63.456095, 44.827024], [-63.456323, 44.826306], [-63.456144, 44.826089], [-63.456092, 44.825782], [-63.456335, 44.825654], [-63.456766, 44.825572], [-63.457015, 44.825444], [-63.457085, 44.825094], [-63.457208, 44.82491], [-63.457331, 44.824393], [-63.455769, 44.821991], [-63.45254, 44.817955], [-63.447337, 44.813348], [-63.441447, 44.810841], [-63.440245, 44.812061], [-63.438301, 44.81493], [-63.434888, 44.812392], [-63.435445, 44.810293], [-63.435328, 44.809839], [-63.43623, 44.808819], [-63.436254, 44.808621], [-63.436342, 44.808468], [-63.437184, 44.807954], [-63.437608, 44.807831], [-63.437679, 44.807693], [-63.437647, 44.807516], [-63.438417, 44.806571], [-63.438361, 44.805025], [-63.438148, 44.804833], [-63.43831, 44.804535], [-63.438309, 44.804418], [-63.438131, 44.804248], [-63.438054, 44.804122], [-63.438071, 44.804081], [-63.437865, 44.803842], [-63.437837, 44.803669], [-63.437882, 44.80352], [-63.437705, 44.802745], [-63.437254, 44.801625], [-63.438353, 44.800922], [-63.437945, 44.800383], [-63.437283, 44.800079], [-63.436934, 44.799796], [-63.436895, 44.799643], [-63.436893, 44.799418], [-63.436955, 44.799292], [-63.43761, 44.798956], [-63.437911, 44.798676], [-63.437934, 44.798316], [-63.437678, 44.797807], [-63.43763, 44.797546], [-63.437661, 44.797296], [-63.43778, 44.797212], [-63.439839, 44.797308], [-63.440762, 44.797079], [-63.442013, 44.797209], [-63.442644, 44.799237], [-63.445345, 44.799676], [-63.445517, 44.799592], [-63.446047, 44.799464], [-63.446491, 44.798975], [-63.447457, 44.798912], [-63.447624, 44.798963], [-63.447892, 44.799259], [-63.448297, 44.799365], [-63.448612, 44.799265], [-63.448941, 44.799281], [-63.449835, 44.799837], [-63.450876, 44.800112], [-63.453624, 44.800656], [-63.459039, 44.801419], [-63.463047, 44.801515], [-63.465401, 44.800644], [-63.466155, 44.800532], [-63.467476, 44.801376], [-63.468483, 44.801147], [-63.470488, 44.801106], [-63.471205, 44.803075], [-63.473093, 44.804935], [-63.474613, 44.805118], [-63.474708, 44.805209], [-63.475025, 44.805279], [-63.475467, 44.805287], [-63.47571, 44.805538], [-63.476001, 44.805626], [-63.476169, 44.806049], [-63.476284, 44.806219], [-63.476375, 44.806543], [-63.476579, 44.806713], [-63.477252, 44.807026], [-63.477899, 44.807257], [-63.477976, 44.80741], [-63.478293, 44.80748], [-63.478521, 44.807587], [-63.479077, 44.807567], [-63.479369, 44.807683], [-63.479573, 44.807925], [-63.479841, 44.808122], [-63.480232, 44.808084], [-63.480496, 44.807847], [-63.481587, 44.807559], [-63.483295, 44.808377], [-63.48355, 44.808655], [-63.483804, 44.80878], [-63.484336, 44.808886], [-63.484527, 44.809002], [-63.485324, 44.809035], [-63.485489, 44.809097], [-63.485959, 44.809419], [-63.486238, 44.809472], [-63.486795, 44.809479], [-63.487388, 44.809377], [-63.487779, 44.809241], [-63.48831, 44.809238], [-63.488587, 44.809048], [-63.489103, 44.809117], [-63.49897, 44.808529], [-63.510097, 44.810613], [-63.512553, 44.808382], [-63.539508, 44.804998], [-63.541863, 44.810987], [-63.552258, 44.810901], [-63.554034, 44.811808], [-63.554469, 44.812676], [-63.554704, 44.815431], [-63.554338, 44.816734], [-63.55395, 44.816765], [-63.548829, 44.818169], [-63.551185, 44.822634], [-63.5456, 44.824506], [-63.548335, 44.828672], [-63.55433, 44.829689], [-63.553338, 44.833221], [-63.573342, 44.836261], [-63.574425, 44.836472], [-63.586126, 44.838337], [-63.567329, 44.848152], [-63.562718, 44.850455], [-63.566111, 44.850966], [-63.564624, 44.855077], [-63.559754, 44.869371], [-63.575176, 44.872363], [-63.571319, 44.877045], [-63.567118, 44.881824], [-63.570936, 44.883453], [-63.571283, 44.883353], [-63.571447, 44.883673], [-63.571322, 44.883607], [-63.57135, 44.884803], [-63.571297, 44.885595], [-63.571369, 44.886362], [-63.57125, 44.887081], [-63.571149, 44.88734], [-63.570992, 44.887557], [-63.570504, 44.888044], [-63.568324, 44.889897], [-63.56561, 44.892102], [-63.565029, 44.892793], [-63.56436, 44.893773], [-63.563449, 44.894664], [-63.562602, 44.895748], [-63.561116, 44.896876], [-63.559015, 44.898202], [-63.556825, 44.9], [-63.555818, 44.900919], [-63.555312, 44.901069], [-63.553773, 44.901269], [-63.552558, 44.901645], [-63.55242, 44.901741], [-63.552208, 44.902212], [-63.551919, 44.902422], [-63.544547, 44.907051], [-63.541229, 44.899086], [-63.534894, 44.900473], [-63.531435, 44.899367], [-63.528497, 44.90104], [-63.527513, 44.90165], [-63.525415, 44.899789], [-63.521086, 44.905], [-63.512486, 44.902871], [-63.506095, 44.901375], [-63.505442, 44.899974], [-63.496702, 44.902092], [-63.496448, 44.902102], [-63.496461, 44.900668], [-63.496366, 44.899916], [-63.492817, 44.902665], [-63.48952, 44.900409], [-63.486844, 44.902428], [-63.486872, 44.902524], [-63.486712, 44.90265], [-63.486541, 44.902609], [-63.486289, 44.902329], [-63.486104, 44.902403], [-63.485914, 44.902384], [-63.485847, 44.902617], [-63.485732, 44.902652], [-63.485581, 44.902624], [-63.485415, 44.902721], [-63.485313, 44.90272], [-63.485303, 44.902612], [-63.485179, 44.902458], [-63.485103, 44.90243], [-63.485143, 44.902314], [-63.484979, 44.902294], [-63.484762, 44.902364], [-63.484545, 44.902577], [-63.484541, 44.902713], [-63.48464, 44.902822], [-63.484592, 44.902899], [-63.484423, 44.902928], [-63.484295, 44.903035], [-63.484306, 44.903116], [-63.484027, 44.903114], [-63.483775, 44.903049], [-63.483361, 44.902838], [-63.483136, 44.902674], [-63.48305, 44.90252], [-63.483056, 44.902191], [-63.483304, 44.901694], [-63.483308, 44.901551], [-63.483127, 44.901036], [-63.483106, 44.900822], [-63.483195, 44.90066], [-63.483337, 44.900624], [-63.483395, 44.900559], [-63.48348, 44.900436], [-63.483469, 44.900328], [-63.483394, 44.900255], [-63.483267, 44.900263], [-63.483227, 44.900434], [-63.48306, 44.900558], [-63.482859, 44.900431], [-63.482724, 44.900222], [-63.482653, 44.899934], [-63.482499, 44.899645], [-63.482296, 44.899341], [-63.482144, 44.89924], [-63.481729, 44.899179], [-63.481291, 44.899598], [-63.481183, 44.90076], [-63.481002, 44.901042], [-63.480698, 44.901157], [-63.48029, 44.901092], [-63.480039, 44.900927], [-63.47969, 44.900313], [-63.479688, 44.900174], [-63.479127, 44.899524], [-63.475094, 44.899916], [-63.472656, 44.899214], [-63.468829, 44.890341], [-63.464672, 44.891275], [-63.464543, 44.891343], [-63.465178, 44.892656], [-63.467665, 44.898226], [-63.461516, 44.899614], [-63.463339, 44.903337], [-63.455894, 44.904915], [-63.456791, 44.907008], [-63.453413, 44.907817], [-63.452964, 44.906835]]]}, "properties": {"OBJECTID": 64, "GSA_KEY": 66, "FCODE": "GSAPOLY", "GSA_NAME": "GOFFS", "MUN_CODE": "HRM", "GSA_REM": " ", "SOURCE": "DM", "DATE_ACT": 980899200000, "SYS_DATE": 1694537959000, "GLOBALID": "406c9da2-73fb-4ced-a075-b38dd270e01a", "Shape__Area": 183356231.3671875, "Shape__Length": 92158.77663829495}}, {"type": "Feature", "id": 65, "geometry": {"type": "Polygon", "coordinates": [[[-63.203486, 44.900169], [-63.199466, 44.892046], [-63.18963, 44.894705], [-63.191228, 44.897451], [-63.186858, 44.89755], [-63.185855, 44.895725], [-63.183954, 44.896289], [-63.177999, 44.897898], [-63.1754, 44.893089], [-63.171597, 44.894143], [-63.167308, 44.89522], [-63.164168, 44.888256], [-63.15093, 44.891249], [-63.14714, 44.891934], [-63.14125, 44.887481], [-63.135242, 44.875845], [-63.135316, 44.875483], [-63.133032, 44.872661], [-63.132266, 44.872787], [-63.113907, 44.877605], [-63.114052, 44.877886], [-63.094621, 44.882909], [-63.09095, 44.875898], [-63.08922, 44.87239], [-63.091059, 44.872988], [-63.09318, 44.870554], [-63.093071, 44.870133], [-63.092803, 44.869668], [-63.093121, 44.869558], [-63.097613, 44.865793], [-63.103646, 44.857129], [-63.103929, 44.85662], [-63.106028, 44.856428], [-63.107151, 44.855076], [-63.108441, 44.852268], [-63.107507, 44.84757], [-63.103502, 44.84358], [-63.100744, 44.842181], [-63.100657, 44.842007], [-63.104524, 44.836907], [-63.104438, 44.833114], [-63.104979, 44.832995], [-63.106106, 44.832587], [-63.108655, 44.83262], [-63.108548, 44.827895], [-63.108986, 44.827904], [-63.10934, 44.827064], [-63.109542, 44.826769], [-63.109484, 44.826676], [-63.109596, 44.826461], [-63.109874, 44.826259], [-63.109924, 44.826044], [-63.109945, 44.82517], [-63.109942, 44.824037], [-63.109595, 44.82332], [-63.109181, 44.822905], [-63.108769, 44.822725], [-63.108493, 44.821916], [-63.107638, 44.82064], [-63.105717, 44.817349], [-63.101161, 44.813861], [-63.098295, 44.811249], [-63.095579, 44.807888], [-63.096217, 44.806878], [-63.100622, 44.800539], [-63.096796, 44.798084], [-63.09739, 44.797606], [-63.097123, 44.797612], [-63.096333, 44.797359], [-63.096223, 44.797214], [-63.096179, 44.796916], [-63.096107, 44.79678], [-63.095312, 44.796221], [-63.095503, 44.796134], [-63.096194, 44.79619], [-63.09862, 44.796201], [-63.106511, 44.793328], [-63.108755, 44.789096], [-63.108757, 44.789006], [-63.108808, 44.788999], [-63.108836, 44.788802], [-63.109005, 44.788675], [-63.109189, 44.788765], [-63.109225, 44.788642], [-63.109355, 44.788559], [-63.10937, 44.788238], [-63.111443, 44.78597], [-63.111558, 44.782795], [-63.112222, 44.7811], [-63.113994, 44.773167], [-63.115008, 44.764814], [-63.115356, 44.760204], [-63.123845, 44.760306], [-63.125278, 44.758763], [-63.140389, 44.761202], [-63.14133, 44.770468], [-63.137252, 44.769847], [-63.137915, 44.776343], [-63.145171, 44.777458], [-63.146288, 44.777491], [-63.146239, 44.777598], [-63.147011, 44.777714], [-63.147513, 44.77787], [-63.147723, 44.77809], [-63.146827, 44.777808], [-63.147184, 44.778468], [-63.146107, 44.778595], [-63.146193, 44.779305], [-63.146862, 44.779231], [-63.146977, 44.779907], [-63.148623, 44.77971], [-63.148905, 44.779804], [-63.148725, 44.779065], [-63.149263, 44.77888], [-63.150396, 44.778109], [-63.154708, 44.778077], [-63.155537, 44.778615], [-63.155887, 44.779183], [-63.156212, 44.77959], [-63.157256, 44.779643], [-63.157239, 44.779047], [-63.156601, 44.777845], [-63.157665, 44.77797], [-63.160604, 44.780523], [-63.160819, 44.780364], [-63.161195, 44.77909], [-63.163719, 44.779441], [-63.166548, 44.777542], [-63.169828, 44.775441], [-63.176389, 44.774375], [-63.176112, 44.770115], [-63.177544, 44.769969], [-63.177652, 44.769415], [-63.177885, 44.768865], [-63.17824, 44.768351], [-63.178705, 44.76789], [-63.178459, 44.767762], [-63.178875, 44.76741], [-63.179472, 44.767023], [-63.180032, 44.766743], [-63.18006, 44.766779], [-63.18049, 44.766605], [-63.180676, 44.767098], [-63.182777, 44.768027], [-63.193068, 44.772352], [-63.192463, 44.774784], [-63.190133, 44.777189], [-63.190182, 44.777857], [-63.192541, 44.783505], [-63.200961, 44.804108], [-63.201197, 44.804904], [-63.206665, 44.80688], [-63.209685, 44.807638], [-63.214294, 44.807938], [-63.218058, 44.807142], [-63.222075, 44.806997], [-63.225383, 44.807453], [-63.226292, 44.80785], [-63.230448, 44.807077], [-63.23045, 44.807154], [-63.230991, 44.807518], [-63.231209, 44.807824], [-63.232067, 44.808153], [-63.232324, 44.808382], [-63.23243, 44.809291], [-63.232541, 44.809756], [-63.232866, 44.810622], [-63.233056, 44.81081], [-63.233398, 44.810954], [-63.233666, 44.811412], [-63.233945, 44.811619], [-63.234225, 44.811996], [-63.234847, 44.812565], [-63.235657, 44.812731], [-63.236048, 44.812496], [-63.236347, 44.812691], [-63.238873, 44.813524], [-63.239743, 44.813475], [-63.240211, 44.813163], [-63.240413, 44.813081], [-63.240579, 44.813351], [-63.240807, 44.813558], [-63.241416, 44.813926], [-63.241808, 44.814024], [-63.242037, 44.814149], [-63.242657, 44.814355], [-63.24281, 44.814562], [-63.243165, 44.81484], [-63.243355, 44.814912], [-63.24381, 44.814911], [-63.244101, 44.814847], [-63.244304, 44.814937], [-63.244418, 44.815134], [-63.244458, 44.815485], [-63.244828, 44.816205], [-63.245095, 44.816528], [-63.245614, 44.816824], [-63.245642, 44.817355], [-63.245769, 44.817508], [-63.245972, 44.817589], [-63.246313, 44.817624], [-63.247279, 44.818747], [-63.247634, 44.818908], [-63.247799, 44.818935], [-63.2479, 44.819025], [-63.248104, 44.819303], [-63.248092, 44.819502], [-63.248408, 44.819786], [-63.249187, 44.82001], [-63.249765, 44.820685], [-63.250163, 44.821422], [-63.251447, 44.822615], [-63.252436, 44.824505], [-63.252409, 44.82472], [-63.252819, 44.826437], [-63.253459, 44.828411], [-63.253014, 44.828844], [-63.252634, 44.829055], [-63.244363, 44.835718], [-63.246916, 44.837302], [-63.247512, 44.838636], [-63.249497, 44.8414], [-63.252293, 44.843114], [-63.25274, 44.844054], [-63.252156, 44.844678], [-63.244784, 44.845146], [-63.245357, 44.849642], [-63.243727, 44.849814], [-63.244027, 44.852045], [-63.241949, 44.852175], [-63.246968, 44.86779], [-63.248211, 44.873252], [-63.247278, 44.876293], [-63.24301, 44.873497], [-63.236388, 44.875186], [-63.236202, 44.875272], [-63.23559, 44.875169], [-63.235061, 44.875211], [-63.234889, 44.875307], [-63.234608, 44.875667], [-63.234254, 44.876293], [-63.233661, 44.876917], [-63.233368, 44.877035], [-63.232976, 44.87703], [-63.232672, 44.876906], [-63.232437, 44.876745], [-63.232288, 44.87655], [-63.23219, 44.876367], [-63.232178, 44.876149], [-63.23224, 44.875653], [-63.232217, 44.875131], [-63.232068, 44.874924], [-63.231681, 44.874689], [-63.23131, 44.87454], [-63.230205, 44.874418], [-63.227776, 44.874028], [-63.226421, 44.873661], [-63.225294, 44.873019], [-63.224525, 44.872319], [-63.224206, 44.872122], [-63.223901, 44.872022], [-63.220461, 44.872013], [-63.219389, 44.871862], [-63.217948, 44.871519], [-63.217348, 44.871286], [-63.217097, 44.871092], [-63.216922, 44.870876], [-63.216535, 44.870084], [-63.210151, 44.871502], [-63.212187, 44.876013], [-63.198911, 44.879901], [-63.219716, 44.878615], [-63.22783, 44.883773], [-63.221885, 44.886703], [-63.210907, 44.889684], [-63.213302, 44.894102], [-63.20753, 44.895752], [-63.209926, 44.900125], [-63.203486, 44.900169]]]}, "properties": {"OBJECTID": 65, "GSA_KEY": 67, "FCODE": "GSAPOLY", "GSA_NAME": "MUSQUODOBOIT HARBOUR", "MUN_CODE": "HRM", "GSA_REM": " ", "SOURCE": "DM", "DATE_ACT": 980899200000, "SYS_DATE": 1720462759000, "GLOBALID": "fffef4bd-06f0-49b1-b2a5-cdad0fc95e87", "Shape__Area": 253072117.77734375, "Shape__Length": 95647.26185189524}}, {"type": "Feature", "id": 66, "geometry": {"type": "Polygon", "coordinates": [[[-63.030209, 44.844151], [-63.024879, 44.845586], [-63.027005, 44.849487], [-63.021043, 44.851121], [-63.018275, 44.846109], [-63.014363, 44.847237], [-63.016985, 44.850501], [-63.011368, 44.852737], [-63.013855, 44.855828], [-63.01257, 44.856419], [-63.013964, 44.859011], [-63.012305, 44.859849], [-63.015293, 44.861652], [-63.01186, 44.86334], [-63.012656, 44.864812], [-63.017801, 44.863336], [-63.019663, 44.866694], [-63.013774, 44.868364], [-63.010761, 44.86917], [-63.017696, 44.882921], [-63.012205, 44.884313], [-63.017188, 44.894082], [-63.00942, 44.89607], [-63.007755, 44.892881], [-63.002613, 44.894083], [-62.999901, 44.890118], [-62.999429, 44.889285], [-62.999073, 44.888432], [-62.998847, 44.887556], [-62.998638, 44.886222], [-62.998413, 44.882606], [-62.998281, 44.881254], [-62.998131, 44.880361], [-62.997787, 44.879039], [-62.997365, 44.877727], [-62.996719, 44.875988], [-62.994072, 44.869495], [-62.991925, 44.863374], [-62.99121, 44.861652], [-62.99059, 44.860382], [-62.990108, 44.859549], [-62.989282, 44.858326], [-62.988343, 44.857146], [-62.987305, 44.856017], [-62.985067, 44.853837], [-62.978815, 44.84815], [-62.977343, 44.846693], [-62.976298, 44.845577], [-62.975657, 44.844805], [-62.974852, 44.843569], [-62.974249, 44.84227], [-62.973965, 44.841388], [-62.973616, 44.839615], [-62.973311, 44.837384], [-62.973096, 44.835139], [-62.97265, 44.829281], [-62.972272, 44.826143], [-62.971962, 44.824813], [-62.97101, 44.821731], [-62.970819, 44.820844], [-62.970616, 44.819501], [-62.970441, 44.817249], [-62.970482, 44.81498], [-62.970617, 44.814061], [-62.970747, 44.813622], [-62.970935, 44.813207], [-62.971199, 44.812823], [-62.971573, 44.812479], [-62.972031, 44.812164], [-62.973561, 44.811295], [-62.975639, 44.810244], [-62.976083, 44.809939], [-62.976477, 44.809581], [-62.976824, 44.80918], [-62.977078, 44.808754], [-62.977194, 44.808321], [-62.977229, 44.807398], [-62.977148, 44.806429], [-62.977027, 44.805967], [-62.976833, 44.805541], [-62.976552, 44.805167], [-62.975749, 44.804563], [-62.974768, 44.804043], [-62.973664, 44.803582], [-62.968415, 44.801775], [-62.963758, 44.800367], [-62.96087, 44.799429], [-62.959209, 44.798771], [-62.9573, 44.797604], [-62.955453, 44.796348], [-62.954154, 44.79535], [-62.952977, 44.794293], [-62.950571, 44.791621], [-62.949587, 44.79042], [-62.948681, 44.789194], [-62.947895, 44.787948], [-62.947457, 44.787109], [-62.947102, 44.786265], [-62.946842, 44.785419], [-62.946691, 44.784553], [-62.946651, 44.783651], [-62.946711, 44.782726], [-62.946862, 44.781791], [-62.947094, 44.780859], [-62.94757, 44.779495], [-62.947958, 44.77863], [-62.948622, 44.777428], [-62.94893, 44.777068], [-62.949372, 44.776746], [-62.949916, 44.776466], [-62.950531, 44.776232], [-62.951847, 44.775919], [-62.953081, 44.775836], [-62.95428, 44.775934], [-62.955499, 44.776149], [-62.959808, 44.777171], [-62.95998, 44.777292], [-62.961711, 44.776163], [-62.963855, 44.777827], [-62.968049, 44.775088], [-62.970722, 44.7756], [-62.971562, 44.775845], [-62.972597, 44.776322], [-62.974157, 44.777341], [-62.974492, 44.777335], [-62.974374, 44.777464], [-62.975048, 44.777812], [-62.976895, 44.778423], [-62.976692, 44.778749], [-62.976207, 44.778827], [-62.975532, 44.778667], [-62.974688, 44.778769], [-62.972592, 44.779918], [-62.974615, 44.781827], [-62.977512, 44.783981], [-62.979046, 44.785431], [-62.983281, 44.790664], [-62.984738, 44.791977], [-62.986555, 44.792417], [-62.99313, 44.794968], [-62.991995, 44.796456], [-62.995994, 44.79804], [-62.995683, 44.798377], [-62.995734, 44.798412], [-62.996053, 44.798498], [-62.996343, 44.798495], [-62.996831, 44.798767], [-62.997535, 44.798686], [-62.997874, 44.798583], [-62.998574, 44.798781], [-62.998667, 44.798914], [-62.998656, 44.799444], [-62.998874, 44.799569], [-62.998962, 44.799567], [-62.999199, 44.799429], [-62.999599, 44.799054], [-62.99994, 44.799068], [-63.000252, 44.799207], [-63.000767, 44.799331], [-63.000714, 44.799464], [-63.001309, 44.799639], [-63.001415, 44.79991], [-63.001844, 44.79997], [-63.002428, 44.800347], [-63.002879, 44.800524], [-63.003012, 44.800727], [-63.003394, 44.800904], [-63.003671, 44.801178], [-63.003835, 44.801198], [-63.003858, 44.801265], [-63.003952, 44.801316], [-63.004072, 44.801318], [-63.004139, 44.801404], [-63.004245, 44.80139], [-63.004352, 44.801466], [-63.004554, 44.801738], [-63.007532, 44.807077], [-63.004184, 44.81241], [-63.010595, 44.81452], [-63.009159, 44.816822], [-63.013838, 44.818441], [-63.006953, 44.828272], [-63.020485, 44.832931], [-63.022828, 44.836218], [-63.025427, 44.83551], [-63.027745, 44.839593], [-63.030209, 44.844151]]]}, "properties": {"OBJECTID": 66, "GSA_KEY": 68, "FCODE": "GSAPOLY", "GSA_NAME": "UPPER LAKEVILLE", "MUN_CODE": "HRM", "GSA_REM": " ", "SOURCE": "DM", "DATE_ACT": 980899200000, "SYS_DATE": null, "GLOBALID": "3d0ffe15-6aea-41b1-bb5d-e7af89924fb7", "Shape__Area": 65389372.59765625, "Shape__Length": 56438.917166477484}}, {"type": "Feature", "id": 67, "geometry": {"type": "Polygon", "coordinates": [[[-62.433901, 44.871102], [-62.432724, 44.86868], [-62.432822, 44.868374], [-62.432535, 44.867704], [-62.431989, 44.867382], [-62.429791, 44.86681], [-62.426553, 44.866261], [-62.421856, 44.866856], [-62.413886, 44.867439], [-62.404891, 44.867839], [-62.399847, 44.867095], [-62.387319, 44.868516], [-62.340637, 44.845484], [-62.280672, 44.798885], [-62.339365, 44.771612], [-62.419776, 44.770993], [-62.433873, 44.820456], [-62.444998, 44.854134], [-62.464972, 44.852088], [-62.469581, 44.852704], [-62.47089, 44.854641], [-62.473666, 44.857584], [-62.500246, 44.856659], [-62.488393, 44.880359], [-62.476477, 44.878065], [-62.444637, 44.872863], [-62.442058, 44.872421], [-62.441946, 44.872386], [-62.441857, 44.872266], [-62.441501, 44.872122], [-62.441082, 44.872168], [-62.433901, 44.871102]]]}, "properties": {"OBJECTID": 67, "GSA_KEY": 69, "FCODE": "GSAPOLY", "GSA_NAME": "SHEET HARBOUR PASSAGE", "MUN_CODE": "HRM", "GSA_REM": " ", "SOURCE": "CR", "DATE_ACT": 980899200000, "SYS_DATE": null, "GLOBALID": "b593a5ba-b69c-49a7-8bf4-e441db27f68d", "Shape__Area": 206763059.296875, "Shape__Length": 68853.94177632226}}, {"type": "Feature", "id": 68, "geometry": {"type": "Polygon", "coordinates": [[[-63.585828, 44.897512], [-63.58507, 44.897241], [-63.584674, 44.897771], [-63.582761, 44.896817], [-63.582896, 44.896556], [-63.581796, 44.896291], [-63.581608, 44.896476], [-63.579525, 44.895131], [-63.578631, 44.895232], [-63.578105, 44.895325], [-63.577746, 44.89546], [-63.57656, 44.895637], [-63.5761, 44.895771], [-63.575879, 44.895894], [-63.567487, 44.89058], [-63.570504, 44.888044], [-63.570992, 44.887557], [-63.571149, 44.88734], [-63.571312, 44.886809], [-63.571369, 44.886362], [-63.571297, 44.885595], [-63.57135, 44.884803], [-63.571322, 44.883607], [-63.571447, 44.883673], [-63.571283, 44.883353], [-63.570936, 44.883453], [-63.567118, 44.881824], [-63.571319, 44.877045], [-63.576767, 44.870443], [-63.576886, 44.867495], [-63.578188, 44.867917], [-63.58098, 44.869031], [-63.580538, 44.872008], [-63.583805, 44.873476], [-63.585182, 44.873881], [-63.585761, 44.872906], [-63.591937, 44.874291], [-63.605313, 44.878022], [-63.605497, 44.878119], [-63.604922, 44.87868], [-63.605745, 44.879153], [-63.607917, 44.879334], [-63.608648, 44.879914], [-63.607848, 44.88383], [-63.604831, 44.887442], [-63.593633, 44.89783], [-63.591238, 44.900271], [-63.587514, 44.899286], [-63.5861, 44.898818], [-63.586783, 44.897855], [-63.585828, 44.897512]]]}, "properties": {"OBJECTID": 68, "GSA_KEY": 70, "FCODE": "GSAPOLY", "GSA_NAME": "GRAND LAKE", "MUN_CODE": "HRM", "GSA_REM": " ", "SOURCE": "DM", "DATE_ACT": 980899200000, "SYS_DATE": 1504656000000, "GLOBALID": "13824abb-9aea-4c74-bcc2-06e631ff954c", "Shape__Area": 13488475.08203125, "Shape__Length": 16450.35272043831}}, {"type": "Feature", "id": 69, "geometry": {"type": "Polygon", "coordinates": [[[-62.845543, 44.888788], [-62.8437, 44.888565], [-62.84176, 44.889012], [-62.839886, 44.88851], [-62.838138, 44.886387], [-62.835798, 44.885682], [-62.833374, 44.886513], [-62.831971, 44.887444], [-62.830269, 44.887782], [-62.826658, 44.887506], [-62.822129, 44.886349], [-62.807532, 44.883757], [-62.803204, 44.88112], [-62.80013, 44.878669], [-62.798744, 44.877642], [-62.79765, 44.877402], [-62.797023, 44.877336], [-62.794458, 44.876291], [-62.793367, 44.87594], [-62.791794, 44.875916], [-62.785854, 44.874102], [-62.782003, 44.871858], [-62.780757, 44.871665], [-62.778882, 44.871598], [-62.772136, 44.869736], [-62.768808, 44.869183], [-62.768436, 44.867964], [-62.766373, 44.863295], [-62.765906, 44.861879], [-62.76437, 44.857833], [-62.76366, 44.855031], [-62.760156, 44.846859], [-62.75721, 44.840241], [-62.754376, 44.833217], [-62.758316, 44.832127], [-62.75825, 44.831929], [-62.758924, 44.832073], [-62.759486, 44.831761], [-62.75984, 44.831504], [-62.764037, 44.833704], [-62.768722, 44.829328], [-62.764596, 44.827183], [-62.764605, 44.827026], [-62.764567, 44.827007], [-62.764679, 44.826345], [-62.764414, 44.825808], [-62.764187, 44.825522], [-62.763908, 44.825206], [-62.761796, 44.823753], [-62.765903, 44.821291], [-62.770431, 44.825111], [-62.781081, 44.818638], [-62.776896, 44.815211], [-62.780328, 44.81205], [-62.787321, 44.804983], [-62.787162, 44.804342], [-62.786914, 44.803958], [-62.786834, 44.803506], [-62.78658, 44.803096], [-62.78615, 44.802764], [-62.785658, 44.802475], [-62.784599, 44.801964], [-62.784024, 44.801799], [-62.783422, 44.801692], [-62.780895, 44.801475], [-62.779033, 44.801216], [-62.777539, 44.801115], [-62.778294, 44.795249], [-62.776244, 44.795091], [-62.776218, 44.795047], [-62.778281, 44.791199], [-62.778287, 44.791065], [-62.776709, 44.790419], [-62.776397, 44.78943], [-62.774361, 44.789964], [-62.771057, 44.783694], [-62.770304, 44.78174], [-62.770501, 44.78163], [-62.770514, 44.781514], [-62.770228, 44.781495], [-62.769883, 44.781672], [-62.769435, 44.780841], [-62.768933, 44.780507], [-62.76867, 44.779578], [-62.768339, 44.77964], [-62.768074, 44.779233], [-62.767585, 44.779402], [-62.767436, 44.779082], [-62.767785, 44.779003], [-62.767634, 44.778688], [-62.767281, 44.778749], [-62.766379, 44.776852], [-62.766962, 44.7759], [-62.76797, 44.774537], [-62.767993, 44.773773], [-62.767266, 44.77292], [-62.767536, 44.771087], [-62.76848, 44.761076], [-62.769334, 44.758988], [-62.784956, 44.76573], [-62.805121, 44.775197], [-62.819851, 44.781497], [-62.82606, 44.787242], [-62.836573, 44.801943], [-62.828265, 44.803484], [-62.826846, 44.80405], [-62.82393, 44.806336], [-62.823692, 44.806456], [-62.823043, 44.806575], [-62.822566, 44.806727], [-62.822408, 44.806817], [-62.821815, 44.80739], [-62.821083, 44.807704], [-62.820087, 44.807934], [-62.818472, 44.808419], [-62.817493, 44.808631], [-62.817033, 44.808784], [-62.81642, 44.80875], [-62.815569, 44.80901], [-62.815099, 44.808994], [-62.814589, 44.808784], [-62.813651, 44.808795], [-62.813321, 44.808882], [-62.812706, 44.809332], [-62.811248, 44.809752], [-62.81056, 44.810036], [-62.810119, 44.810391], [-62.80994, 44.810633], [-62.809811, 44.810919], [-62.809779, 44.811703], [-62.809824, 44.811955], [-62.809946, 44.812171], [-62.810284, 44.812514], [-62.81132, 44.812889], [-62.814164, 44.813636], [-62.815, 44.813875], [-62.815758, 44.814156], [-62.81625, 44.814383], [-62.818597, 44.815674], [-62.819692, 44.816198], [-62.819724, 44.816285], [-62.819689, 44.816376], [-62.818836, 44.817232], [-62.819889, 44.817678], [-62.819426, 44.818204], [-62.822874, 44.818884], [-62.824921, 44.816761], [-62.825879, 44.817263], [-62.834091, 44.809663], [-62.835364, 44.811043], [-62.836109, 44.811775], [-62.836917, 44.81208], [-62.842887, 44.814017], [-62.846686, 44.813259], [-62.847532, 44.813143], [-62.851457, 44.813685], [-62.854188, 44.813947], [-62.854801, 44.813951], [-62.854142, 44.815518], [-62.859993, 44.816703], [-62.861104, 44.814019], [-62.866456, 44.814106], [-62.867583, 44.814183], [-62.869323, 44.814513], [-62.872348, 44.815185], [-62.869052, 44.822179], [-62.885587, 44.825914], [-62.892675, 44.827583], [-62.893424, 44.82764], [-62.894265, 44.827551], [-62.895038, 44.827386], [-62.896357, 44.826676], [-62.896953, 44.826135], [-62.897811, 44.825231], [-62.898754, 44.823952], [-62.899118, 44.823178], [-62.899296, 44.822591], [-62.89913, 44.821318], [-62.899077, 44.82051], [-62.899159, 44.81878], [-62.900445, 44.817211], [-62.900868, 44.817132], [-62.90455, 44.818013], [-62.910544, 44.819755], [-62.915655, 44.82099], [-62.927921, 44.823816], [-62.927963, 44.823739], [-62.931635, 44.824533], [-62.931481, 44.825097], [-62.930827, 44.825384], [-62.930059, 44.825579], [-62.929479, 44.826146], [-62.927635, 44.826596], [-62.931968, 44.835064], [-62.930692, 44.835395], [-62.931037, 44.836034], [-62.929038, 44.836545], [-62.925448, 44.829692], [-62.919399, 44.831333], [-62.924755, 44.841598], [-62.932748, 44.8395], [-62.934617, 44.843202], [-62.917027, 44.847827], [-62.917811, 44.849649], [-62.918091, 44.84991], [-62.919351, 44.850317], [-62.920246, 44.850497], [-62.921319, 44.850595], [-62.922298, 44.850567], [-62.922848, 44.850491], [-62.924086, 44.850155], [-62.926697, 44.849556], [-62.928194, 44.853051], [-62.925746, 44.853599], [-62.928951, 44.859877], [-62.91839, 44.862398], [-62.909242, 44.8645], [-62.910882, 44.867904], [-62.905107, 44.869307], [-62.900473, 44.870521], [-62.895363, 44.871947], [-62.897221, 44.875245], [-62.893237, 44.876387], [-62.887837, 44.866859], [-62.881849, 44.868601], [-62.883104, 44.870786], [-62.878742, 44.872063], [-62.881147, 44.876277], [-62.875949, 44.877789], [-62.878628, 44.882364], [-62.871142, 44.884565], [-62.865606, 44.88626], [-62.868068, 44.890528], [-62.861434, 44.890247], [-62.850789, 44.889674], [-62.845543, 44.888788]]]}, "properties": {"OBJECTID": 69, "GSA_KEY": 71, "FCODE": "GSAPOLY", "GSA_NAME": "EAST SHIP HARBOUR", "MUN_CODE": "HRM", "GSA_REM": " ", "SOURCE": "CR", "DATE_ACT": 980899200000, "SYS_DATE": 1438646400000, "GLOBALID": "e3b07dab-5e0e-4151-a93f-e0d2ff5416a5", "Shape__Area": 208642620.6640625, "Shape__Length": 95813.11320084638}}, {"type": "Feature", "id": 70, "geometry": {"type": "Polygon", "coordinates": [[[-62.561981, 44.880796], [-62.561559, 44.880601], [-62.56078, 44.881501], [-62.561774, 44.881894], [-62.561417, 44.882319], [-62.560087, 44.881795], [-62.560561, 44.881225], [-62.559519, 44.880764], [-62.559932, 44.880289], [-62.560957, 44.88075], [-62.561611, 44.879983], [-62.558329, 44.871904], [-62.551739, 44.857894], [-62.543369, 44.859634], [-62.531015, 44.862316], [-62.51764, 44.865868], [-62.513889, 44.866966], [-62.492729, 44.871691], [-62.500979, 44.855193], [-62.48927, 44.766159], [-62.516553, 44.758368], [-62.522426, 44.8015], [-62.54533, 44.814703], [-62.55633, 44.851955], [-62.569175, 44.867388], [-62.569537, 44.868145], [-62.569271, 44.869124], [-62.570444, 44.869302], [-62.580625, 44.86498], [-62.580226, 44.865808], [-62.581838, 44.869189], [-62.582482, 44.87077], [-62.582741, 44.871168], [-62.583044, 44.871799], [-62.578085, 44.872944], [-62.581086, 44.880046], [-62.57894, 44.880419], [-62.575037, 44.881225], [-62.577955, 44.888037], [-62.566356, 44.890753], [-62.563813, 44.884839], [-62.561981, 44.880796]]]}, "properties": {"OBJECTID": 70, "GSA_KEY": 72, "FCODE": "GSAPOLY", "GSA_NAME": "MUSHABOOM", "MUN_CODE": "HRM", "GSA_REM": " ", "SOURCE": "CR", "DATE_ACT": 980899200000, "SYS_DATE": 1562112000000, "GLOBALID": "94b89199-fd65-4a53-b139-f1934d91983e", "Shape__Area": 83882598.9296875, "Shape__Length": 60114.68678566782}}, {"type": "Feature", "id": 71, "geometry": {"type": "Polygon", "coordinates": [[[-62.516553, 44.758368], [-62.555983, 44.747093], [-62.573115, 44.796644], [-62.614067, 44.820221], [-62.611477, 44.84089], [-62.615646, 44.843371], [-62.617722, 44.844668], [-62.616954, 44.846196], [-62.617135, 44.846488], [-62.616821, 44.846522], [-62.617348, 44.846967], [-62.617633, 44.847315], [-62.618171, 44.847651], [-62.619109, 44.847732], [-62.620179, 44.847749], [-62.620576, 44.848702], [-62.597899, 44.858004], [-62.580146, 44.865169], [-62.570444, 44.869302], [-62.569271, 44.869124], [-62.569537, 44.868145], [-62.569175, 44.867388], [-62.55633, 44.851955], [-62.54533, 44.814703], [-62.522426, 44.8015], [-62.516553, 44.758368]]]}, "properties": {"OBJECTID": 71, "GSA_KEY": 73, "FCODE": "GSAPOLY", "GSA_NAME": "SPRY BAY", "MUN_CODE": "HRM", "GSA_REM": " ", "SOURCE": "CR", "DATE_ACT": 980899200000, "SYS_DATE": null, "GLOBALID": "9c67d88f-ed85-413c-a0d3-6743f11c1c07", "Shape__Area": 103382497.859375, "Shape__Length": 49468.91266650225}}, {"type": "Feature", "id": 72, "geometry": {"type": "Polygon", "coordinates": [[[-63.299962, 44.872337], [-63.293814, 44.861558], [-63.293232, 44.861724], [-63.293296, 44.86165], [-63.293421, 44.861272], [-63.293547, 44.861109], [-63.29352, 44.860776], [-63.293289, 44.860246], [-63.293225, 44.860147], [-63.293123, 44.860111], [-63.293005, 44.859845], [-63.293384, 44.85956], [-63.293644, 44.858524], [-63.292854, 44.855691], [-63.29304, 44.85492], [-63.299279, 44.85311], [-63.295865, 44.847271], [-63.300939, 44.845762], [-63.301689, 44.845402], [-63.301907, 44.844728], [-63.301964, 44.841977], [-63.299334, 44.837893], [-63.297842, 44.834545], [-63.298121, 44.830927], [-63.297423, 44.82984], [-63.292211, 44.825071], [-63.29302, 44.824701], [-63.288207, 44.819719], [-63.289861, 44.818557], [-63.281786, 44.812982], [-63.282305, 44.812591], [-63.273073, 44.805621], [-63.273476, 44.805338], [-63.271766, 44.801968], [-63.273043, 44.801625], [-63.270638, 44.797028], [-63.262816, 44.799169], [-63.262171, 44.798161], [-63.261383, 44.797756], [-63.261019, 44.797635], [-63.260945, 44.797572], [-63.26091, 44.797436], [-63.260548, 44.797198], [-63.26017, 44.797158], [-63.259755, 44.797037], [-63.259322, 44.796609], [-63.259263, 44.796401], [-63.259146, 44.796337], [-63.262239, 44.795537], [-63.26065, 44.79243], [-63.258864, 44.792882], [-63.256168, 44.787787], [-63.254152, 44.788358], [-63.246288, 44.783107], [-63.251261, 44.78217], [-63.2551, 44.781372], [-63.256006, 44.78329], [-63.291202, 44.774749], [-63.288568, 44.769022], [-63.282718, 44.770217], [-63.281353, 44.767224], [-63.287207, 44.766029], [-63.283506, 44.757956], [-63.281689, 44.758357], [-63.281411, 44.75756], [-63.281663, 44.755555], [-63.282238, 44.752865], [-63.281483, 44.751197], [-63.279141, 44.751678], [-63.275114, 44.743421], [-63.275149, 44.743306], [-63.275085, 44.743293], [-63.274901, 44.742886], [-63.275713, 44.743102], [-63.27637, 44.743185], [-63.277556, 44.743158], [-63.277587, 44.743211], [-63.27825, 44.74315], [-63.278277, 44.743052], [-63.27945, 44.742637], [-63.280233, 44.742156], [-63.282035, 44.740401], [-63.281315, 44.740131], [-63.281044, 44.739976], [-63.281032, 44.739895], [-63.28073, 44.739675], [-63.28057, 44.73944], [-63.279922, 44.739155], [-63.279646, 44.738822], [-63.282564, 44.738234], [-63.282386, 44.737808], [-63.278755, 44.738532], [-63.27787, 44.739051], [-63.27705, 44.739093], [-63.276926, 44.738554], [-63.278004, 44.737925], [-63.279682, 44.736808], [-63.279643, 44.736583], [-63.28182, 44.73511], [-63.281989, 44.73524], [-63.284151, 44.733776], [-63.285648, 44.73185], [-63.291051, 44.728996], [-63.291833, 44.72838], [-63.292689, 44.727812], [-63.293472, 44.727375], [-63.294275, 44.727005], [-63.294366, 44.727099], [-63.296149, 44.72642], [-63.297418, 44.726146], [-63.299731, 44.725782], [-63.302896, 44.725519], [-63.30266, 44.724354], [-63.295167, 44.713303], [-63.288696, 44.708157], [-63.292948, 44.706227], [-63.293738, 44.7064], [-63.294411, 44.70644], [-63.2978, 44.705686], [-63.298055, 44.704553], [-63.299194, 44.704683], [-63.299134, 44.704954], [-63.298614, 44.705955], [-63.298858, 44.706514], [-63.30154, 44.705918], [-63.302231, 44.707447], [-63.302473, 44.707391], [-63.302598, 44.707656], [-63.304871, 44.707212], [-63.304822, 44.706683], [-63.304899, 44.70668], [-63.304854, 44.706201], [-63.305967, 44.706148], [-63.30595, 44.705967], [-63.304904, 44.706017], [-63.304866, 44.705607], [-63.305, 44.7056], [-63.304937, 44.704922], [-63.305743, 44.704646], [-63.305992, 44.704519], [-63.306138, 44.703765], [-63.306303, 44.704585], [-63.306591, 44.704705], [-63.30684, 44.704896], [-63.307109, 44.705295], [-63.307282, 44.705459], [-63.307861, 44.705555], [-63.308046, 44.705636], [-63.30837, 44.706015], [-63.327088, 44.70206], [-63.329208, 44.701942], [-63.331001, 44.706361], [-63.333342, 44.711546], [-63.333952, 44.713059], [-63.339423, 44.725665], [-63.335195, 44.72659], [-63.335958, 44.72807], [-63.338118, 44.731756], [-63.339004, 44.73305], [-63.339849, 44.734485], [-63.340345, 44.735442], [-63.355943, 44.732082], [-63.357818, 44.736616], [-63.361632, 44.73583], [-63.365135, 44.744178], [-63.363279, 44.744551], [-63.364256, 44.746746], [-63.374988, 44.744316], [-63.377279, 44.749488], [-63.379083, 44.753393], [-63.37917, 44.753718], [-63.380216, 44.756066], [-63.35777, 44.761019], [-63.362573, 44.764431], [-63.362983, 44.764879], [-63.363493, 44.766163], [-63.363471, 44.76729], [-63.363293, 44.768204], [-63.363138, 44.768585], [-63.363216, 44.76869], [-63.363501, 44.768697], [-63.373924, 44.766411], [-63.376965, 44.768816], [-63.377682, 44.769652], [-63.378091, 44.769707], [-63.38358, 44.774046], [-63.384134, 44.774998], [-63.385286, 44.775794], [-63.387383, 44.777467], [-63.389, 44.780432], [-63.390314, 44.781627], [-63.391067, 44.782167], [-63.391516, 44.782183], [-63.39181, 44.782015], [-63.391949, 44.782025], [-63.392438, 44.782219], [-63.393076, 44.782567], [-63.393199, 44.782722], [-63.393218, 44.783063], [-63.393075, 44.783278], [-63.392916, 44.783654], [-63.392928, 44.783718], [-63.393099, 44.784016], [-63.393215, 44.784576], [-63.393427, 44.784686], [-63.393604, 44.784705], [-63.393854, 44.784861], [-63.393863, 44.78504], [-63.393759, 44.785166], [-63.393794, 44.785364], [-63.394346, 44.785567], [-63.395105, 44.785503], [-63.395521, 44.785561], [-63.395873, 44.785681], [-63.396547, 44.78612], [-63.396645, 44.786265], [-63.396692, 44.786462], [-63.396676, 44.786634], [-63.396388, 44.787162], [-63.396396, 44.787377], [-63.39647, 44.787514], [-63.397227, 44.788187], [-63.397527, 44.78837], [-63.398493, 44.789414], [-63.398869, 44.789616], [-63.399172, 44.789619], [-63.399562, 44.789695], [-63.399956, 44.78986], [-63.4001, 44.789979], [-63.40026, 44.790241], [-63.400757, 44.79066], [-63.400954, 44.790923], [-63.400998, 44.791283], [-63.401071, 44.791414], [-63.400513, 44.791544], [-63.401144, 44.793148], [-63.400996, 44.793442], [-63.401545, 44.793718], [-63.401573, 44.793774], [-63.401572, 44.794011], [-63.402454, 44.795805], [-63.402181, 44.795926], [-63.402164, 44.79606], [-63.402262, 44.796258], [-63.403435, 44.797416], [-63.403598, 44.79803], [-63.4035, 44.798309], [-63.403982, 44.799568], [-63.404565, 44.800784], [-63.408475, 44.811659], [-63.418337, 44.809599], [-63.419843, 44.813294], [-63.424597, 44.813309], [-63.429204, 44.811523], [-63.431184, 44.809782], [-63.435262, 44.80973], [-63.435445, 44.810293], [-63.434888, 44.812392], [-63.438301, 44.81493], [-63.440245, 44.812061], [-63.441447, 44.810841], [-63.447337, 44.813348], [-63.45254, 44.817955], [-63.455769, 44.821991], [-63.457331, 44.824393], [-63.457208, 44.82491], [-63.457085, 44.825094], [-63.457015, 44.825444], [-63.456766, 44.825572], [-63.456335, 44.825654], [-63.456092, 44.825782], [-63.456144, 44.826089], [-63.456323, 44.826306], [-63.456095, 44.827024], [-63.454808, 44.828004], [-63.454179, 44.828071], [-63.453585, 44.828029], [-63.452972, 44.828132], [-63.452622, 44.828685], [-63.452331, 44.829746], [-63.455635, 44.833194], [-63.455678, 44.833329], [-63.455833, 44.833465], [-63.455882, 44.833601], [-63.455851, 44.833879], [-63.456221, 44.834447], [-63.456245, 44.835909], [-63.456077, 44.836815], [-63.45625, 44.837015], [-63.456576, 44.837153], [-63.456867, 44.837182], [-63.45731, 44.837449], [-63.457824, 44.838026], [-63.457878, 44.838395], [-63.45771, 44.838597], [-63.451708, 44.84159], [-63.451837, 44.84192], [-63.452107, 44.842258], [-63.454139, 44.843983], [-63.456647, 44.84726], [-63.457839, 44.848504], [-63.457864, 44.84862], [-63.45774, 44.84872], [-63.458174, 44.848903], [-63.457695, 44.850213], [-63.45724, 44.851207], [-63.457317, 44.851715], [-63.457861, 44.852155], [-63.458462, 44.853104], [-63.456968, 44.853564], [-63.4564, 44.852621], [-63.455438, 44.853251], [-63.455093, 44.853446], [-63.454979, 44.853463], [-63.454876, 44.853579], [-63.454749, 44.853596], [-63.454519, 44.85372], [-63.454319, 44.853644], [-63.451318, 44.854474], [-63.4471, 44.855371], [-63.446028, 44.855874], [-63.444052, 44.856158], [-63.442633, 44.856512], [-63.441862, 44.856726], [-63.439566, 44.857557], [-63.438529, 44.857731], [-63.437842, 44.857776], [-63.436423, 44.857785], [-63.435259, 44.857723], [-63.434411, 44.857591], [-63.433654, 44.856781], [-63.432396, 44.854784], [-63.431601, 44.853317], [-63.424764, 44.855202], [-63.413204, 44.855868], [-63.413168, 44.855926], [-63.413086, 44.855874], [-63.397831, 44.856751], [-63.38832, 44.860483], [-63.387289, 44.86077], [-63.386969, 44.860992], [-63.386707, 44.861087], [-63.386524, 44.861096], [-63.38549, 44.86159], [-63.384956, 44.861674], [-63.38477, 44.861757], [-63.375538, 44.85634], [-63.376418, 44.855696], [-63.356357, 44.844194], [-63.347421, 44.84476], [-63.331423, 44.84907], [-63.331959, 44.850852], [-63.333156, 44.851154], [-63.336255, 44.850227], [-63.33679, 44.850396], [-63.331325, 44.858341], [-63.321423, 44.851453], [-63.325027, 44.858825], [-63.32548, 44.862201], [-63.322447, 44.861704], [-63.318095, 44.868435], [-63.309144, 44.871119], [-63.311005, 44.874705], [-63.302648, 44.877049], [-63.299962, 44.872337]]]}, "properties": {"OBJECTID": 72, "GSA_KEY": 74, "FCODE": "GSAPOLY", "GSA_NAME": "PORTERS LAKE", "MUN_CODE": "HRM", "GSA_REM": " ", "SOURCE": "DM", "DATE_ACT": 980899200000, "SYS_DATE": 1682441502000, "GLOBALID": "790fccb6-e145-4c85-af48-3175d72ff789", "Shape__Area": 294823631.484375, "Shape__Length": 117199.73659549274}}, {"type": "Feature", "id": 73, "geometry": {"type": "Polygon", "coordinates": [[[-62.735967, 44.856047], [-62.735395, 44.855785], [-62.734235, 44.855055], [-62.733148, 44.854621], [-62.731852, 44.85419], [-62.731359, 44.853928], [-62.729993, 44.853612], [-62.729505, 44.853325], [-62.729149, 44.852917], [-62.728606, 44.852695], [-62.725678, 44.851914], [-62.724515, 44.851256], [-62.724182, 44.850705], [-62.723992, 44.849824], [-62.723581, 44.849082], [-62.723399, 44.84851], [-62.723268, 44.847346], [-62.722631, 44.846909], [-62.722268, 44.846785], [-62.721167, 44.846791], [-62.720031, 44.84688], [-62.719699, 44.84684], [-62.71882, 44.846138], [-62.717774, 44.846015], [-62.717228, 44.84641], [-62.716891, 44.846511], [-62.716573, 44.846554], [-62.715675, 44.846468], [-62.71514, 44.846531], [-62.714667, 44.846737], [-62.714522, 44.846605], [-62.710724, 44.83741], [-62.708154, 44.831331], [-62.698244, 44.833424], [-62.694422, 44.83391], [-62.693579, 44.834091], [-62.693869, 44.834681], [-62.688405, 44.835908], [-62.678705, 44.81234], [-62.677109, 44.808443], [-62.677027, 44.808147], [-62.674256, 44.805602], [-62.671788, 44.803885], [-62.64614, 44.787225], [-62.600523, 44.734335], [-62.66548, 44.715686], [-62.677876, 44.748428], [-62.667068, 44.769425], [-62.677932, 44.781216], [-62.703619, 44.79833], [-62.707043, 44.804504], [-62.706776, 44.805617], [-62.707385, 44.806598], [-62.708481, 44.807794], [-62.709841, 44.809842], [-62.710566, 44.810804], [-62.710771, 44.811019], [-62.711264, 44.811144], [-62.71144, 44.811286], [-62.711462, 44.811533], [-62.712051, 44.812452], [-62.712798, 44.813085], [-62.713352, 44.813683], [-62.713593, 44.814629], [-62.714024, 44.815782], [-62.715532, 44.818601], [-62.717463, 44.821373], [-62.721364, 44.824207], [-62.724095, 44.826895], [-62.728341, 44.829317], [-62.732559, 44.831653], [-62.734225, 44.836702], [-62.738171, 44.83762], [-62.741241, 44.837667], [-62.744639, 44.836777], [-62.746897, 44.835783], [-62.747571, 44.835451], [-62.747289, 44.834743], [-62.752679, 44.83252], [-62.754376, 44.833217], [-62.75721, 44.840241], [-62.760156, 44.846859], [-62.76366, 44.855031], [-62.76437, 44.857833], [-62.765906, 44.861879], [-62.766373, 44.863295], [-62.768436, 44.867964], [-62.768808, 44.869183], [-62.768273, 44.869283], [-62.766651, 44.869121], [-62.765665, 44.868871], [-62.764739, 44.868504], [-62.763271, 44.867795], [-62.759589, 44.866416], [-62.758617, 44.866195], [-62.7567, 44.865293], [-62.756303, 44.865218], [-62.755929, 44.865262], [-62.75526, 44.865046], [-62.754163, 44.864842], [-62.753171, 44.864587], [-62.752248, 44.864122], [-62.751993, 44.863873], [-62.750936, 44.863278], [-62.749885, 44.862823], [-62.747936, 44.862099], [-62.74696, 44.861497], [-62.746463, 44.860882], [-62.744739, 44.860182], [-62.7441, 44.859777], [-62.743795, 44.859721], [-62.74319, 44.859455], [-62.741598, 44.858956], [-62.740032, 44.858225], [-62.737816, 44.856895], [-62.735967, 44.856047]]]}, "properties": {"OBJECTID": 73, "GSA_KEY": 75, "FCODE": "GSAPOLY", "GSA_NAME": "TANGIER", "MUN_CODE": "HRM", "GSA_REM": " ", "SOURCE": "CA", "DATE_ACT": 980899200000, "SYS_DATE": null, "GLOBALID": "671ddf7a-d4b0-4baf-97f2-7092f856d966", "Shape__Area": 108143291.13671875, "Shape__Length": 69881.77196315429}}, {"type": "Feature", "id": 74, "geometry": {"type": "Polygon", "coordinates": [[[-63.08922, 44.87239], [-63.085019, 44.871032], [-63.078068, 44.872724], [-63.074521, 44.865912], [-63.065007, 44.868407], [-63.05514, 44.850055], [-63.05103, 44.842302], [-63.050894, 44.840988], [-63.047331, 44.839039], [-63.044122, 44.833328], [-63.04212, 44.830773], [-63.036769, 44.825441], [-63.040283, 44.823686], [-63.04436, 44.822026], [-63.045235, 44.821079], [-63.046984, 44.821958], [-63.04747, 44.822368], [-63.064386, 44.817438], [-63.063202, 44.816616], [-63.062754, 44.814694], [-63.062261, 44.811712], [-63.061052, 44.809074], [-63.059172, 44.807739], [-63.058205, 44.806769], [-63.057394, 44.805195], [-63.056997, 44.80408], [-63.05715, 44.802866], [-63.05741, 44.80217], [-63.057414, 44.802014], [-63.057303, 44.801848], [-63.057364, 44.801709], [-63.057933, 44.801601], [-63.058626, 44.801577], [-63.059242, 44.801472], [-63.05939, 44.801394], [-63.060765, 44.799986], [-63.06297, 44.793376], [-63.058994, 44.789879], [-63.058197, 44.788785], [-63.055173, 44.786019], [-63.050436, 44.783128], [-63.048394, 44.782377], [-63.045665, 44.781464], [-63.044279, 44.781065], [-63.040527, 44.779837], [-63.039653, 44.779519], [-63.039168, 44.779264], [-63.039149, 44.779021], [-63.038768, 44.778145], [-63.038136, 44.77681], [-63.037799, 44.776252], [-63.041936, 44.778339], [-63.04277, 44.778591], [-63.043282, 44.777919], [-63.04333, 44.777774], [-63.043312, 44.777557], [-63.043094, 44.77705], [-63.043151, 44.77684], [-63.043021, 44.776699], [-63.043213, 44.776627], [-63.04353, 44.776626], [-63.044201, 44.776776], [-63.049202, 44.772257], [-63.049988, 44.772699], [-63.050198, 44.77251], [-63.050979, 44.772948], [-63.051588, 44.772398], [-63.052362, 44.77285], [-63.052538, 44.772697], [-63.053906, 44.773488], [-63.052753, 44.77485], [-63.053671, 44.774951], [-63.0543, 44.775101], [-63.055246, 44.775559], [-63.055337, 44.775619], [-63.055377, 44.775808], [-63.05558, 44.775763], [-63.055943, 44.775999], [-63.056197, 44.776074], [-63.056309, 44.775645], [-63.055797, 44.775271], [-63.056839, 44.77505], [-63.057103, 44.77511], [-63.057352, 44.774907], [-63.061741, 44.773611], [-63.058748, 44.770019], [-63.054986, 44.765388], [-63.03929, 44.750221], [-63.024512, 44.756785], [-63.024565, 44.755781], [-63.024725, 44.755023], [-63.025058, 44.754067], [-63.027719, 44.749535], [-63.028639, 44.743988], [-63.028038, 44.741727], [-63.039861, 44.738448], [-63.040291, 44.738279], [-63.041371, 44.73762], [-63.041974, 44.737316], [-63.04234, 44.737227], [-63.042732, 44.73721], [-63.04304, 44.737063], [-63.04336, 44.737017], [-63.045476, 44.736866], [-63.046283, 44.736719], [-63.046994, 44.736469], [-63.047658, 44.736164], [-63.04881, 44.735492], [-63.049842, 44.734671], [-63.050881, 44.734292], [-63.050984, 44.734156], [-63.057066, 44.730993], [-63.062679, 44.727982], [-63.06361, 44.727935], [-63.059418, 44.731514], [-63.063498, 44.734552], [-63.070287, 44.73012], [-63.080295, 44.737746], [-63.081023, 44.73919], [-63.08291, 44.742322], [-63.084454, 44.745029], [-63.085332, 44.747059], [-63.087396, 44.751181], [-63.089643, 44.755394], [-63.09012, 44.756177], [-63.085005, 44.759988], [-63.086292, 44.760018], [-63.082998, 44.765673], [-63.08504, 44.769172], [-63.092284, 44.769246], [-63.094719, 44.774782], [-63.096908, 44.778766], [-63.096624, 44.778954], [-63.097114, 44.780272], [-63.095576, 44.780207], [-63.096234, 44.780571], [-63.095366, 44.781367], [-63.096054, 44.781804], [-63.096681, 44.781191], [-63.096893, 44.7813], [-63.096239, 44.781946], [-63.096735, 44.782274], [-63.084885, 44.790693], [-63.085806, 44.792439], [-63.088426, 44.792213], [-63.090461, 44.79663], [-63.095503, 44.796134], [-63.095312, 44.796221], [-63.096107, 44.79678], [-63.096179, 44.796916], [-63.096223, 44.797214], [-63.096333, 44.797359], [-63.097123, 44.797612], [-63.09739, 44.797606], [-63.096796, 44.798084], [-63.100622, 44.800539], [-63.096217, 44.806878], [-63.095579, 44.807888], [-63.098295, 44.811249], [-63.101161, 44.813861], [-63.105717, 44.817349], [-63.107638, 44.82064], [-63.108493, 44.821916], [-63.108769, 44.822725], [-63.109181, 44.822905], [-63.109595, 44.82332], [-63.109942, 44.824037], [-63.109924, 44.826044], [-63.109874, 44.826259], [-63.109596, 44.826461], [-63.109484, 44.826676], [-63.109542, 44.826769], [-63.10934, 44.827064], [-63.108986, 44.827904], [-63.108548, 44.827895], [-63.108655, 44.83262], [-63.106106, 44.832587], [-63.104979, 44.832995], [-63.104438, 44.833114], [-63.104524, 44.836907], [-63.100657, 44.842007], [-63.100744, 44.842181], [-63.103502, 44.84358], [-63.107507, 44.84757], [-63.108441, 44.852268], [-63.107151, 44.855076], [-63.106028, 44.856428], [-63.103929, 44.85662], [-63.103646, 44.857129], [-63.097613, 44.865793], [-63.093121, 44.869558], [-63.092803, 44.869668], [-63.093071, 44.870133], [-63.09318, 44.870554], [-63.091059, 44.872988], [-63.08922, 44.87239]]]}, "properties": {"OBJECTID": 74, "GSA_KEY": 76, "FCODE": "GSAPOLY", "GSA_NAME": "HEAD OF JEDDORE", "MUN_CODE": "HRM", "GSA_REM": " ", "SOURCE": "DM", "DATE_ACT": 980899200000, "SYS_DATE": 1687960253000, "GLOBALID": "2d8653fa-5284-4ff4-81d5-1a5f000a60fd", "Shape__Area": 107801911.69921875, "Shape__Length": 72545.64520167618}}, {"type": "Feature", "id": 75, "geometry": {"type": "Polygon", "coordinates": [[[-63.246968, 44.86779], [-63.241949, 44.852175], [-63.244027, 44.852045], [-63.243727, 44.849814], [-63.245357, 44.849642], [-63.244784, 44.845146], [-63.252156, 44.844678], [-63.25274, 44.844054], [-63.252293, 44.843114], [-63.249497, 44.8414], [-63.247512, 44.838636], [-63.246916, 44.837302], [-63.244363, 44.835718], [-63.252634, 44.829055], [-63.253014, 44.828844], [-63.253459, 44.828411], [-63.252819, 44.826437], [-63.252409, 44.82472], [-63.252436, 44.824505], [-63.251447, 44.822615], [-63.250163, 44.821422], [-63.249765, 44.820685], [-63.249187, 44.82001], [-63.248408, 44.819786], [-63.248092, 44.819502], [-63.248104, 44.819303], [-63.2479, 44.819025], [-63.247799, 44.818935], [-63.247634, 44.818908], [-63.247279, 44.818747], [-63.246313, 44.817624], [-63.245972, 44.817589], [-63.245769, 44.817508], [-63.245642, 44.817355], [-63.245614, 44.816824], [-63.245095, 44.816528], [-63.244828, 44.816205], [-63.244458, 44.815485], [-63.244418, 44.815134], [-63.244304, 44.814937], [-63.244101, 44.814847], [-63.24381, 44.814911], [-63.243355, 44.814912], [-63.243165, 44.81484], [-63.24281, 44.814562], [-63.242657, 44.814355], [-63.242037, 44.814149], [-63.241808, 44.814024], [-63.241416, 44.813926], [-63.240807, 44.813558], [-63.240579, 44.813351], [-63.240413, 44.813081], [-63.240211, 44.813163], [-63.239743, 44.813475], [-63.238873, 44.813524], [-63.236347, 44.812691], [-63.236048, 44.812496], [-63.235657, 44.812731], [-63.234847, 44.812565], [-63.234225, 44.811996], [-63.233945, 44.811619], [-63.233666, 44.811412], [-63.233398, 44.810954], [-63.233056, 44.81081], [-63.232866, 44.810622], [-63.232541, 44.809756], [-63.23243, 44.809291], [-63.232324, 44.808382], [-63.232067, 44.808153], [-63.231209, 44.807824], [-63.230991, 44.807518], [-63.23045, 44.807154], [-63.230448, 44.807077], [-63.232146, 44.806762], [-63.224059, 44.785951], [-63.223043, 44.785911], [-63.222682, 44.78547], [-63.222335, 44.784382], [-63.22242, 44.783983], [-63.224005, 44.783553], [-63.224642, 44.783308], [-63.224753, 44.783138], [-63.225088, 44.78285], [-63.225201, 44.782603], [-63.225134, 44.782468], [-63.224966, 44.782371], [-63.224799, 44.782189], [-63.22468, 44.78185], [-63.224695, 44.78091], [-63.224809, 44.780086], [-63.224716, 44.776694], [-63.221927, 44.771525], [-63.225929, 44.765742], [-63.233465, 44.765817], [-63.233666, 44.765891], [-63.233905, 44.765912], [-63.234171, 44.765897], [-63.234655, 44.765704], [-63.234984, 44.765699], [-63.235752, 44.765824], [-63.236311, 44.765677], [-63.236779, 44.765647], [-63.238353, 44.765262], [-63.237966, 44.763882], [-63.238659, 44.763658], [-63.239017, 44.763434], [-63.239215, 44.763368], [-63.240378, 44.763191], [-63.240665, 44.763177], [-63.240919, 44.763628], [-63.240003, 44.760673], [-63.241327, 44.760377], [-63.241957, 44.7623], [-63.243226, 44.761982], [-63.242365, 44.759066], [-63.240947, 44.754717], [-63.240813, 44.754463], [-63.240583, 44.752956], [-63.240164, 44.752249], [-63.239452, 44.750203], [-63.239566, 44.750113], [-63.239611, 44.75004], [-63.239589, 44.749983], [-63.239642, 44.749989], [-63.240673, 44.74861], [-63.243393, 44.75171], [-63.246923, 44.756156], [-63.252508, 44.763054], [-63.256531, 44.762233], [-63.25708, 44.763515], [-63.283506, 44.757956], [-63.287207, 44.766029], [-63.281353, 44.767224], [-63.282718, 44.770217], [-63.288568, 44.769022], [-63.291202, 44.774749], [-63.256006, 44.78329], [-63.2551, 44.781372], [-63.251261, 44.78217], [-63.246288, 44.783107], [-63.254152, 44.788358], [-63.256168, 44.787787], [-63.258864, 44.792882], [-63.26065, 44.79243], [-63.262239, 44.795537], [-63.259146, 44.796337], [-63.259263, 44.796401], [-63.259322, 44.796609], [-63.259755, 44.797037], [-63.26017, 44.797158], [-63.260548, 44.797198], [-63.26091, 44.797436], [-63.260945, 44.797572], [-63.261019, 44.797635], [-63.261383, 44.797756], [-63.262171, 44.798161], [-63.262816, 44.799169], [-63.270638, 44.797028], [-63.273043, 44.801625], [-63.271766, 44.801968], [-63.273476, 44.805338], [-63.273073, 44.805621], [-63.282305, 44.812591], [-63.281786, 44.812982], [-63.289861, 44.818557], [-63.288207, 44.819719], [-63.29302, 44.824701], [-63.292211, 44.825071], [-63.297423, 44.82984], [-63.298121, 44.830927], [-63.297842, 44.834545], [-63.299334, 44.837893], [-63.301964, 44.841977], [-63.301907, 44.844728], [-63.301689, 44.845402], [-63.300939, 44.845762], [-63.295865, 44.847271], [-63.299279, 44.85311], [-63.29304, 44.85492], [-63.292854, 44.855691], [-63.293644, 44.858524], [-63.293384, 44.85956], [-63.293005, 44.859845], [-63.293123, 44.860111], [-63.293225, 44.860147], [-63.293289, 44.860246], [-63.29352, 44.860776], [-63.293547, 44.861109], [-63.293421, 44.861272], [-63.293296, 44.86165], [-63.293232, 44.861724], [-63.277176, 44.866313], [-63.275885, 44.866641], [-63.274593, 44.864265], [-63.267179, 44.8663], [-63.254433, 44.872294], [-63.248211, 44.873252], [-63.246968, 44.86779]]]}, "properties": {"OBJECTID": 75, "GSA_KEY": 77, "FCODE": "GSAPOLY", "GSA_NAME": "CONROD SETTLEMENT", "MUN_CODE": "HRM", "GSA_REM": " ", "SOURCE": null, "DATE_ACT": 980899200000, "SYS_DATE": 1668005804000, "GLOBALID": "a710d003-49b7-43a3-b325-f806ba0a5e6b", "Shape__Area": 86544974.8515625, "Shape__Length": 65815.19875737526}}, {"type": "Feature", "id": 76, "geometry": {"type": "Polygon", "coordinates": [[[-63.030209, 44.844151], [-63.027745, 44.839593], [-63.025427, 44.83551], [-63.022828, 44.836218], [-63.020485, 44.832931], [-63.006953, 44.828272], [-63.013838, 44.818441], [-63.009159, 44.816822], [-63.010595, 44.81452], [-63.004184, 44.81241], [-63.007532, 44.807077], [-63.008246, 44.808307], [-63.011748, 44.807349], [-63.012917, 44.807085], [-63.013175, 44.807628], [-63.014658, 44.807211], [-63.014914, 44.80721], [-63.017954, 44.809796], [-63.020929, 44.809896], [-63.020978, 44.807137], [-63.018485, 44.80713], [-63.018347, 44.807093], [-63.017029, 44.804502], [-63.013543, 44.805379], [-63.011584, 44.801429], [-63.014933, 44.796996], [-63.010704, 44.795365], [-63.013568, 44.791578], [-63.017852, 44.793344], [-63.018862, 44.792147], [-63.019359, 44.791763], [-63.021661, 44.78873], [-63.01907, 44.787767], [-63.0176, 44.786053], [-63.019887, 44.783035], [-63.020537, 44.781168], [-63.022364, 44.778942], [-63.022274, 44.776403], [-63.021729, 44.776439], [-63.021751, 44.775881], [-63.021831, 44.775692], [-63.021862, 44.775255], [-63.021789, 44.774275], [-63.017669, 44.76575], [-63.02541, 44.766059], [-63.025716, 44.770156], [-63.037799, 44.776252], [-63.038136, 44.77681], [-63.038768, 44.778145], [-63.039149, 44.779021], [-63.039168, 44.779264], [-63.039653, 44.779519], [-63.040527, 44.779837], [-63.044279, 44.781065], [-63.045665, 44.781464], [-63.048394, 44.782377], [-63.050436, 44.783128], [-63.055173, 44.786019], [-63.058197, 44.788785], [-63.058994, 44.789879], [-63.06297, 44.793376], [-63.060765, 44.799986], [-63.05939, 44.801394], [-63.059242, 44.801472], [-63.058626, 44.801577], [-63.057933, 44.801601], [-63.057364, 44.801709], [-63.057303, 44.801848], [-63.057414, 44.802014], [-63.05741, 44.80217], [-63.05715, 44.802866], [-63.056997, 44.80408], [-63.057394, 44.805195], [-63.058205, 44.806769], [-63.059172, 44.807739], [-63.061052, 44.809074], [-63.062261, 44.811712], [-63.062754, 44.814694], [-63.063202, 44.816616], [-63.064386, 44.817438], [-63.04747, 44.822368], [-63.046984, 44.821958], [-63.045235, 44.821079], [-63.04436, 44.822026], [-63.040283, 44.823686], [-63.036769, 44.825441], [-63.04212, 44.830773], [-63.044122, 44.833328], [-63.047331, 44.839039], [-63.050894, 44.840988], [-63.05103, 44.842302], [-63.061353, 44.861651], [-63.042168, 44.866772], [-63.039022, 44.860908], [-63.038429, 44.859709], [-63.030209, 44.844151]]]}, "properties": {"OBJECTID": 76, "GSA_KEY": 78, "FCODE": "GSAPOLY", "GSA_NAME": "SALMON RIVER BRIDGE", "MUN_CODE": "HRM", "GSA_REM": " ", "SOURCE": "CR", "DATE_ACT": 980899200000, "SYS_DATE": null, "GLOBALID": "af73be57-05b3-42ba-b058-d099cc8c3671", "Shape__Area": 52685458.07421875, "Shape__Length": 47539.53322307246}}, {"type": "Feature", "id": 77, "geometry": {"type": "Polygon", "coordinates": [[[-62.500246, 44.856659], [-62.473666, 44.857584], [-62.47089, 44.854641], [-62.469581, 44.852704], [-62.464972, 44.852088], [-62.444998, 44.854134], [-62.433873, 44.820456], [-62.419776, 44.770993], [-62.473899, 44.770545], [-62.48927, 44.766159], [-62.500979, 44.855193], [-62.500246, 44.856659]]]}, "properties": {"OBJECTID": 77, "GSA_KEY": 79, "FCODE": "GSAPOLY", "GSA_NAME": "SOBER ISLAND", "MUN_CODE": "HRM", "GSA_REM": " ", "SOURCE": "CA", "DATE_ACT": 980899200000, "SYS_DATE": null, "GLOBALID": "2ef5c192-8914-4e51-9475-210a0c5c1d3b", "Shape__Area": 94075721.51953125, "Shape__Length": 42115.791520641025}}, {"type": "Feature", "id": 78, "geometry": {"type": "Polygon", "coordinates": [[[-63.583683, 44.856074], [-63.583751, 44.855905], [-63.565326, 44.853135], [-63.566111, 44.850966], [-63.562718, 44.850455], [-63.567329, 44.848152], [-63.586126, 44.838337], [-63.595341, 44.839811], [-63.59616, 44.837307], [-63.597346, 44.83758], [-63.598042, 44.837673], [-63.601487, 44.838364], [-63.602959, 44.838598], [-63.602852, 44.83805], [-63.602866, 44.837847], [-63.602982, 44.837298], [-63.603376, 44.836349], [-63.603669, 44.836539], [-63.604184, 44.836008], [-63.604865, 44.834591], [-63.605997, 44.834975], [-63.606872, 44.835538], [-63.607345, 44.83513], [-63.607573, 44.834804], [-63.607017, 44.834701], [-63.607509, 44.833882], [-63.608459, 44.834212], [-63.608617, 44.833985], [-63.609609, 44.834328], [-63.609736, 44.834128], [-63.609979, 44.834087], [-63.609842, 44.833976], [-63.609969, 44.833783], [-63.609309, 44.833557], [-63.609542, 44.833212], [-63.608801, 44.832945], [-63.60932, 44.832198], [-63.609828, 44.830851], [-63.609373, 44.830768], [-63.609271, 44.829474], [-63.61064, 44.829431], [-63.610544, 44.828412], [-63.611548, 44.828293], [-63.611512, 44.828123], [-63.611684, 44.827967], [-63.611779, 44.828072], [-63.611826, 44.828483], [-63.612636, 44.828488], [-63.613116, 44.828896], [-63.613432, 44.829515], [-63.613637, 44.830231], [-63.613754, 44.831485], [-63.613624, 44.832892], [-63.613368, 44.833661], [-63.612701, 44.834736], [-63.611955, 44.835637], [-63.611124, 44.836807], [-63.610806, 44.838058], [-63.610708, 44.839137], [-63.610847, 44.840681], [-63.610946, 44.84126], [-63.611157, 44.841686], [-63.611662, 44.842288], [-63.613187, 44.843631], [-63.613479, 44.844057], [-63.613555, 44.844347], [-63.613523, 44.844675], [-63.613355, 44.845059], [-63.613024, 44.845442], [-63.611577, 44.848146], [-63.608894, 44.848367], [-63.607997, 44.848628], [-63.608372, 44.84944], [-63.608225, 44.849556], [-63.608442, 44.849992], [-63.608671, 44.850842], [-63.60886, 44.850814], [-63.608915, 44.85101], [-63.608723, 44.851039], [-63.608764, 44.851199], [-63.60783, 44.85132], [-63.607881, 44.851399], [-63.6084, 44.851554], [-63.608162, 44.85224], [-63.606835, 44.852237], [-63.60604, 44.854154], [-63.605279, 44.854006], [-63.60539, 44.853795], [-63.605321, 44.853777], [-63.605279, 44.853851], [-63.602725, 44.853337], [-63.602525, 44.853599], [-63.602457, 44.853576], [-63.602297, 44.854045], [-63.602192, 44.85414], [-63.602221, 44.854222], [-63.602723, 44.854316], [-63.602439, 44.855066], [-63.603641, 44.855298], [-63.603527, 44.85653], [-63.602051, 44.856133], [-63.601508, 44.857266], [-63.600936, 44.857864], [-63.600798, 44.85945], [-63.595731, 44.858553], [-63.595796, 44.858099], [-63.583683, 44.856074]]]}, "properties": {"OBJECTID": 78, "GSA_KEY": 80, "FCODE": "GSAPOLY", "GSA_NAME": "FLETCHERS LAKE", "MUN_CODE": "HRM", "GSA_REM": " ", "SOURCE": "DM", "DATE_ACT": 980899200000, "SYS_DATE": 1731415260000, "GLOBALID": "631075af-aac2-4ae5-b4bd-3349520921f7", "Shape__Area": 12597380.1875, "Shape__Length": 20413.704470063665}}, {"type": "Feature", "id": 79, "geometry": {"type": "Polygon", "coordinates": [[[-63.721944, 44.827615], [-63.719643, 44.8276], [-63.718974, 44.827496], [-63.718131, 44.827238], [-63.715733, 44.82618], [-63.710963, 44.823841], [-63.710379, 44.823494], [-63.709724, 44.82298], [-63.70935, 44.822601], [-63.708873, 44.821946], [-63.702755, 44.812388], [-63.702276, 44.81181], [-63.701665, 44.811202], [-63.698212, 44.808443], [-63.697401, 44.807682], [-63.696866, 44.807078], [-63.693107, 44.800086], [-63.699889, 44.791777], [-63.699794, 44.791796], [-63.699639, 44.79194], [-63.699171, 44.791879], [-63.698991, 44.791898], [-63.698958, 44.791961], [-63.698761, 44.791999], [-63.698635, 44.791962], [-63.698488, 44.791834], [-63.698193, 44.791971], [-63.69803, 44.791894], [-63.697601, 44.791919], [-63.697147, 44.791862], [-63.697949, 44.790891], [-63.69768, 44.790778], [-63.697792, 44.790462], [-63.697307, 44.790455], [-63.696653, 44.79035], [-63.696933, 44.790685], [-63.695666, 44.791168], [-63.695332, 44.79079], [-63.69574, 44.79067], [-63.695634, 44.790427], [-63.692529, 44.79041], [-63.692394, 44.790278], [-63.692533, 44.79013], [-63.692854, 44.790132], [-63.697194, 44.784619], [-63.697068, 44.784532], [-63.696773, 44.784453], [-63.696365, 44.784564], [-63.696151, 44.784446], [-63.69616, 44.784354], [-63.696241, 44.784284], [-63.69622, 44.784201], [-63.696023, 44.784079], [-63.695614, 44.784001], [-63.698276, 44.780427], [-63.697783, 44.780062], [-63.698007, 44.779759], [-63.697728, 44.779649], [-63.697528, 44.77933], [-63.697644, 44.779175], [-63.697279, 44.779038], [-63.697346, 44.778846], [-63.697229, 44.778684], [-63.69773, 44.778], [-63.697641, 44.777862], [-63.697892, 44.777623], [-63.697693, 44.777497], [-63.700295, 44.774037], [-63.700747, 44.774647], [-63.701013, 44.774735], [-63.701023, 44.774598], [-63.701336, 44.774703], [-63.701667, 44.774589], [-63.70174, 44.774667], [-63.701986, 44.774723], [-63.70253, 44.774554], [-63.702351, 44.774302], [-63.702629, 44.774201], [-63.702445, 44.773943], [-63.702918, 44.773612], [-63.703818, 44.773923], [-63.70523, 44.77368], [-63.706348, 44.774083], [-63.707366, 44.772884], [-63.708, 44.771926], [-63.708452, 44.771462], [-63.708622, 44.771692], [-63.70872, 44.771919], [-63.708941, 44.772188], [-63.7091, 44.77272], [-63.709033, 44.772869], [-63.709088, 44.773065], [-63.709331, 44.773293], [-63.710922, 44.773809], [-63.711153, 44.773821], [-63.711539, 44.773623], [-63.712016, 44.773621], [-63.712247, 44.773669], [-63.712369, 44.773752], [-63.712524, 44.774041], [-63.713172, 44.774226], [-63.713538, 44.774414], [-63.713913, 44.77454], [-63.714365, 44.774543], [-63.716262, 44.774364], [-63.717014, 44.774345], [-63.717656, 44.774102], [-63.717764, 44.773584], [-63.718002, 44.773394], [-63.719147, 44.77329], [-63.720862, 44.773294], [-63.721466, 44.773441], [-63.722451, 44.774398], [-63.722924, 44.775048], [-63.726645, 44.775154], [-63.730233, 44.775098], [-63.73126, 44.775029], [-63.731377, 44.77507], [-63.733344, 44.775155], [-63.734037, 44.775275], [-63.734868, 44.776024], [-63.735227, 44.776058], [-63.736101, 44.776032], [-63.736552, 44.775827], [-63.737138, 44.775216], [-63.737557, 44.77492], [-63.737856, 44.774774], [-63.738216, 44.774688], [-63.738512, 44.774774], [-63.738857, 44.774972], [-63.739645, 44.775101], [-63.739903, 44.775071], [-63.740707, 44.774936], [-63.745798, 44.773707], [-63.747609, 44.77398], [-63.750644, 44.775086], [-63.757723, 44.779077], [-63.763117, 44.7817], [-63.765522, 44.782993], [-63.766944, 44.784072], [-63.767568, 44.784395], [-63.768234, 44.784895], [-63.768647, 44.785057], [-63.770277, 44.785603], [-63.770783, 44.785494], [-63.771201, 44.785249], [-63.772073, 44.784592], [-63.773487, 44.784481], [-63.7754, 44.784885], [-63.775338, 44.785347], [-63.775085, 44.785825], [-63.774934, 44.786247], [-63.775026, 44.787188], [-63.772822, 44.789998], [-63.772854, 44.790299], [-63.773004, 44.790795], [-63.773737, 44.791375], [-63.775975, 44.793494], [-63.770347, 44.800233], [-63.763909, 44.80779], [-63.755712, 44.802087], [-63.755608, 44.802105], [-63.755353, 44.801859], [-63.755164, 44.801865], [-63.755039, 44.801804], [-63.753683, 44.800881], [-63.753312, 44.800596], [-63.753124, 44.800346], [-63.752167, 44.800098], [-63.751926, 44.800124], [-63.751162, 44.800352], [-63.750367, 44.801267], [-63.750041, 44.801802], [-63.749799, 44.80235], [-63.749423, 44.8036], [-63.748636, 44.804679], [-63.749709, 44.805129], [-63.749247, 44.805687], [-63.74912, 44.805738], [-63.749691, 44.806194], [-63.749107, 44.806579], [-63.749245, 44.806742], [-63.750007, 44.807365], [-63.747274, 44.81062], [-63.754041, 44.813504], [-63.749087, 44.819781], [-63.742473, 44.827497], [-63.735895, 44.835486], [-63.735152, 44.83395], [-63.734895, 44.833632], [-63.733828, 44.832673], [-63.732862, 44.832036], [-63.725146, 44.828375], [-63.724341, 44.828073], [-63.723522, 44.827842], [-63.722702, 44.827684], [-63.721944, 44.827615]]]}, "properties": {"OBJECTID": 79, "GSA_KEY": 81, "FCODE": "GSAPOLY", "GSA_NAME": "MIDDLE SACKVILLE", "MUN_CODE": "HRM", "GSA_REM": " ", "SOURCE": "CR", "DATE_ACT": 1318809600000, "SYS_DATE": 1520899200000, "GLOBALID": "47fc1f75-33b3-425b-862c-affed96f284a", "Shape__Area": 56143823.203125, "Shape__Length": 37083.24342810845}}, {"type": "Feature", "id": 80, "geometry": {"type": "Polygon", "coordinates": [[[-63.625136, 44.848063], [-63.624744, 44.847652], [-63.614902, 44.852413], [-63.613345, 44.852755], [-63.611577, 44.848146], [-63.613024, 44.845442], [-63.613355, 44.845059], [-63.613523, 44.844675], [-63.613555, 44.844347], [-63.613479, 44.844057], [-63.613187, 44.843631], [-63.611662, 44.842288], [-63.611157, 44.841686], [-63.610946, 44.84126], [-63.610847, 44.840681], [-63.610708, 44.839137], [-63.610806, 44.838058], [-63.611124, 44.836807], [-63.611955, 44.835637], [-63.612701, 44.834736], [-63.613368, 44.833661], [-63.613624, 44.832892], [-63.613754, 44.831485], [-63.613637, 44.830231], [-63.613432, 44.829515], [-63.613116, 44.828896], [-63.612636, 44.828488], [-63.611826, 44.828483], [-63.611779, 44.828072], [-63.611684, 44.827967], [-63.611512, 44.828123], [-63.611548, 44.828293], [-63.610544, 44.828412], [-63.61064, 44.829431], [-63.609271, 44.829474], [-63.609373, 44.830768], [-63.609828, 44.830851], [-63.60932, 44.832198], [-63.608801, 44.832945], [-63.609542, 44.833212], [-63.609309, 44.833557], [-63.609969, 44.833783], [-63.609842, 44.833976], [-63.609979, 44.834087], [-63.609736, 44.834128], [-63.609609, 44.834328], [-63.608617, 44.833985], [-63.608459, 44.834212], [-63.607509, 44.833882], [-63.607017, 44.834701], [-63.607573, 44.834804], [-63.607345, 44.83513], [-63.606872, 44.835538], [-63.605997, 44.834975], [-63.604865, 44.834591], [-63.604184, 44.836008], [-63.603669, 44.836539], [-63.603376, 44.836349], [-63.602982, 44.837298], [-63.602866, 44.837847], [-63.602852, 44.83805], [-63.602959, 44.838598], [-63.601487, 44.838364], [-63.598042, 44.837673], [-63.597346, 44.83758], [-63.59616, 44.837307], [-63.595341, 44.839811], [-63.574425, 44.836472], [-63.573342, 44.836261], [-63.553338, 44.833221], [-63.55433, 44.829689], [-63.548335, 44.828672], [-63.5456, 44.824506], [-63.551185, 44.822634], [-63.548829, 44.818169], [-63.55395, 44.816765], [-63.554338, 44.816734], [-63.554704, 44.815431], [-63.554469, 44.812676], [-63.554034, 44.811808], [-63.552258, 44.810901], [-63.541863, 44.810987], [-63.539508, 44.804998], [-63.564471, 44.805048], [-63.567189, 44.809311], [-63.569746, 44.809242], [-63.571465, 44.804075], [-63.590129, 44.800372], [-63.59427, 44.799592], [-63.595427, 44.800499], [-63.596422, 44.800396], [-63.596898, 44.800281], [-63.596292, 44.799819], [-63.606258, 44.797856], [-63.608574, 44.797518], [-63.608866, 44.798359], [-63.608886, 44.799882], [-63.608604, 44.801185], [-63.608234, 44.80255], [-63.609131, 44.803831], [-63.609306, 44.803801], [-63.610494, 44.80322], [-63.61142, 44.802574], [-63.612063, 44.801966], [-63.61262, 44.801185], [-63.612937, 44.800411], [-63.616397, 44.787781], [-63.617117, 44.783722], [-63.618368, 44.783224], [-63.618975, 44.78304], [-63.619655, 44.782907], [-63.620523, 44.782809], [-63.622023, 44.782858], [-63.622353, 44.782951], [-63.623272, 44.783024], [-63.624035, 44.782918], [-63.624847, 44.783028], [-63.625148, 44.783112], [-63.625566, 44.783137], [-63.625749, 44.783879], [-63.626454, 44.784555], [-63.627707, 44.785443], [-63.628732, 44.786399], [-63.629135, 44.786719], [-63.629145, 44.787064], [-63.629078, 44.787339], [-63.629206, 44.787555], [-63.629782, 44.787818], [-63.630559, 44.788009], [-63.631234, 44.788454], [-63.631815, 44.78928], [-63.633389, 44.792093], [-63.63623, 44.795445], [-63.638263, 44.798882], [-63.63877, 44.800037], [-63.63877, 44.800199], [-63.639339, 44.801511], [-63.639752, 44.801721], [-63.63818, 44.803671], [-63.641169, 44.805489], [-63.642476, 44.804035], [-63.643747, 44.80548], [-63.644234, 44.805488], [-63.643898, 44.805651], [-63.644893, 44.806797], [-63.64539, 44.807471], [-63.645055, 44.807813], [-63.644027, 44.808458], [-63.643818, 44.808783], [-63.643961, 44.809473], [-63.648712, 44.819049], [-63.653052, 44.825466], [-63.654086, 44.827492], [-63.654553, 44.83012], [-63.653994, 44.835123], [-63.653993, 44.837822], [-63.65433, 44.839775], [-63.653361, 44.839842], [-63.647021, 44.846905], [-63.647518, 44.84739], [-63.636813, 44.852867], [-63.629712, 44.85637], [-63.627885, 44.854509], [-63.624021, 44.850355], [-63.626282, 44.849261], [-63.625136, 44.848063]]]}, "properties": {"OBJECTID": 80, "GSA_KEY": 82, "FCODE": "GSAPOLY", "GSA_NAME": "FALL RIVER", "MUN_CODE": "HRM", "GSA_REM": " ", "SOURCE": "DM", "DATE_ACT": 980899200000, "SYS_DATE": 1392163200000, "GLOBALID": "490e2437-3e01-4ee6-bb37-a598abccd665", "Shape__Area": 74951553.765625, "Shape__Length": 52782.24548837838}}, {"type": "Feature", "id": 81, "geometry": {"type": "Polygon", "coordinates": [[[-62.643296, 44.840041], [-62.623434, 44.842453], [-62.624323, 44.844594], [-62.62343, 44.844855], [-62.622029, 44.844374], [-62.621974, 44.844824], [-62.622081, 44.845102], [-62.6227, 44.845708], [-62.622071, 44.845903], [-62.622418, 44.846188], [-62.622497, 44.846331], [-62.622596, 44.846577], [-62.622443, 44.84676], [-62.622927, 44.846938], [-62.623411, 44.848122], [-62.623059, 44.848196], [-62.627991, 44.86002], [-62.626917, 44.861052], [-62.625295, 44.860024], [-62.620179, 44.847749], [-62.618349, 44.847686], [-62.617979, 44.847563], [-62.617633, 44.847315], [-62.617348, 44.846967], [-62.616821, 44.846522], [-62.617135, 44.846488], [-62.616954, 44.846196], [-62.617722, 44.844668], [-62.615646, 44.843371], [-62.611477, 44.84089], [-62.614067, 44.820221], [-62.614003, 44.820184], [-62.634493, 44.821841], [-62.634667, 44.821849], [-62.634826, 44.821561], [-62.635414, 44.821887], [-62.635775, 44.822252], [-62.63602, 44.822215], [-62.63601, 44.822655], [-62.636167, 44.822914], [-62.635989, 44.822862], [-62.636246, 44.823058], [-62.643296, 44.840041]]]}, "properties": {"OBJECTID": 81, "GSA_KEY": 83, "FCODE": "GSAPOLY", "GSA_NAME": "SPRY HARBOUR", "MUN_CODE": "HRM", "GSA_REM": " ", "SOURCE": "DM", "DATE_ACT": 980899200000, "SYS_DATE": null, "GLOBALID": "c733557a-ca8c-4e46-99b5-bfc93e916036", "Shape__Area": 10897411.8515625, "Shape__Length": 18512.580356149643}}, {"type": "Feature", "id": 82, "geometry": {"type": "Polygon", "coordinates": [[[-62.686463, 44.831213], [-62.683834, 44.831926], [-62.676842, 44.832059], [-62.67241, 44.833023], [-62.661134, 44.831383], [-62.660139, 44.831564], [-62.65083, 44.837782], [-62.643296, 44.840041], [-62.636246, 44.823058], [-62.635989, 44.822862], [-62.636167, 44.822914], [-62.63601, 44.822655], [-62.63602, 44.822215], [-62.635775, 44.822252], [-62.635414, 44.821887], [-62.634826, 44.821561], [-62.634667, 44.821849], [-62.634493, 44.821841], [-62.614003, 44.820184], [-62.573115, 44.796644], [-62.555983, 44.747093], [-62.600523, 44.734335], [-62.64614, 44.787225], [-62.671788, 44.803885], [-62.674256, 44.805602], [-62.677027, 44.808147], [-62.677109, 44.808443], [-62.686463, 44.831213]]]}, "properties": {"OBJECTID": 82, "GSA_KEY": 84, "FCODE": "GSAPOLY", "GSA_NAME": "POPES HARBOUR", "MUN_CODE": "HRM", "GSA_REM": " ", "SOURCE": "DM", "DATE_ACT": 980899200000, "SYS_DATE": null, "GLOBALID": "5ef7f265-078d-41a7-893e-4e96cdcf21f7", "Shape__Area": 110728724.7265625, "Shape__Length": 48304.63687120326}}, {"type": "Feature", "id": 83, "geometry": {"type": "Polygon", "coordinates": [[[-62.677792, 44.748206], [-62.698696, 44.763157], [-62.717034, 44.778662], [-62.734319, 44.778436], [-62.740819, 44.78598], [-62.743029, 44.789213], [-62.74323, 44.789777], [-62.743575, 44.789936], [-62.751079, 44.806187], [-62.736366, 44.809565], [-62.742679, 44.82327], [-62.747571, 44.835451], [-62.744639, 44.836777], [-62.741241, 44.837667], [-62.738171, 44.83762], [-62.734225, 44.836702], [-62.732559, 44.831653], [-62.728341, 44.829317], [-62.724095, 44.826895], [-62.721364, 44.824207], [-62.717463, 44.821373], [-62.715532, 44.818601], [-62.714024, 44.815782], [-62.713593, 44.814629], [-62.713352, 44.813683], [-62.712798, 44.813085], [-62.712051, 44.812452], [-62.711462, 44.811533], [-62.71144, 44.811286], [-62.711264, 44.811144], [-62.710771, 44.811019], [-62.710566, 44.810804], [-62.709841, 44.809842], [-62.708481, 44.807794], [-62.707385, 44.806598], [-62.706776, 44.805617], [-62.707043, 44.804504], [-62.703619, 44.79833], [-62.677932, 44.781216], [-62.667068, 44.769425], [-62.677876, 44.748428], [-62.677792, 44.748206]]]}, "properties": {"OBJECTID": 83, "GSA_KEY": 85, "FCODE": "GSAPOLY", "GSA_NAME": "PLEASANT HARBOUR", "MUN_CODE": "HRM", "GSA_REM": " ", "SOURCE": "CA", "DATE_ACT": 980899200000, "SYS_DATE": null, "GLOBALID": "8f5d8897-9b0c-4d1f-ac5a-794923ea9555", "Shape__Area": 50156061.28515625, "Shape__Length": 37569.82620890965}}, {"type": "Feature", "id": 84, "geometry": {"type": "Polygon", "coordinates": [[[-63.657234, 44.847883], [-63.654356, 44.846296], [-63.654849, 44.843919], [-63.65433, 44.839775], [-63.653993, 44.837822], [-63.653994, 44.835123], [-63.655603, 44.835303], [-63.655985, 44.835468], [-63.657277, 44.835381], [-63.657177, 44.836058], [-63.656408, 44.836098], [-63.656395, 44.836179], [-63.657145, 44.836149], [-63.656988, 44.837732], [-63.657077, 44.838772], [-63.657187, 44.839441], [-63.657472, 44.839419], [-63.657697, 44.840086], [-63.657007, 44.840145], [-63.657377, 44.841207], [-63.657843, 44.841121], [-63.65877, 44.841145], [-63.658786, 44.841425], [-63.659083, 44.841454], [-63.659054, 44.841162], [-63.660658, 44.841356], [-63.660691, 44.841655], [-63.660794, 44.841667], [-63.66076, 44.841368], [-63.661467, 44.841451], [-63.661496, 44.841737], [-63.661629, 44.841753], [-63.661571, 44.841213], [-63.661952, 44.841254], [-63.66197, 44.841418], [-63.662236, 44.841447], [-63.662277, 44.841824], [-63.662599, 44.841789], [-63.663112, 44.841624], [-63.664179, 44.841139], [-63.6648, 44.841062], [-63.664556, 44.840189], [-63.665211, 44.840098], [-63.665008, 44.839296], [-63.666218, 44.839153], [-63.666697, 44.840938], [-63.667643, 44.841037], [-63.66776, 44.841181], [-63.66765, 44.841222], [-63.667594, 44.841774], [-63.666962, 44.841642], [-63.666487, 44.841783], [-63.666436, 44.842283], [-63.665609, 44.84224], [-63.665553, 44.842787], [-63.666378, 44.842831], [-63.666136, 44.845224], [-63.664644, 44.847189], [-63.663729, 44.848504], [-63.667599, 44.851478], [-63.666141, 44.855009], [-63.665266, 44.853147], [-63.663676, 44.851779], [-63.657234, 44.847883]]]}, "properties": {"OBJECTID": 84, "GSA_KEY": 86, "FCODE": "GSAPOLY", "GSA_NAME": "KINSAC", "MUN_CODE": "HRM", "GSA_REM": " ", "SOURCE": "DM", "DATE_ACT": 980899200000, "SYS_DATE": 1504656000000, "GLOBALID": "babf207f-e33a-47a7-8e22-d1b95e39ff6e", "Shape__Area": 2068041.83203125, "Shape__Length": 10179.993148706608}}, {"type": "Feature", "id": 85, "geometry": {"type": "Polygon", "coordinates": [[[-62.747289, 44.834743], [-62.742679, 44.82327], [-62.736366, 44.809565], [-62.751079, 44.806187], [-62.743575, 44.789936], [-62.74323, 44.789777], [-62.743029, 44.789213], [-62.740819, 44.78598], [-62.734319, 44.778436], [-62.717034, 44.778662], [-62.698696, 44.763157], [-62.677792, 44.748206], [-62.66548, 44.715686], [-62.779227, 44.682911], [-62.783593, 44.740412], [-62.783417, 44.742705], [-62.780888, 44.74833], [-62.774693, 44.754436], [-62.769293, 44.759022], [-62.76848, 44.761076], [-62.767536, 44.771087], [-62.767266, 44.77292], [-62.767993, 44.773773], [-62.76797, 44.774537], [-62.766962, 44.7759], [-62.766379, 44.776852], [-62.767281, 44.778749], [-62.767634, 44.778688], [-62.767785, 44.779003], [-62.767436, 44.779082], [-62.767585, 44.779402], [-62.768074, 44.779233], [-62.768339, 44.77964], [-62.76867, 44.779578], [-62.768933, 44.780507], [-62.769435, 44.780841], [-62.769883, 44.781672], [-62.770228, 44.781495], [-62.770514, 44.781514], [-62.770501, 44.78163], [-62.770304, 44.78174], [-62.771057, 44.783694], [-62.774361, 44.789964], [-62.776397, 44.78943], [-62.776709, 44.790419], [-62.778287, 44.791065], [-62.778281, 44.791199], [-62.776218, 44.795047], [-62.776244, 44.795091], [-62.778294, 44.795249], [-62.777539, 44.801115], [-62.779033, 44.801216], [-62.780895, 44.801475], [-62.783422, 44.801692], [-62.784024, 44.801799], [-62.784599, 44.801964], [-62.785658, 44.802475], [-62.78615, 44.802764], [-62.78658, 44.803096], [-62.786834, 44.803506], [-62.786914, 44.803958], [-62.787162, 44.804342], [-62.787321, 44.804983], [-62.780328, 44.81205], [-62.776896, 44.815211], [-62.781081, 44.818638], [-62.770431, 44.825111], [-62.765903, 44.821291], [-62.761796, 44.823753], [-62.763908, 44.825206], [-62.764187, 44.825522], [-62.764414, 44.825808], [-62.764679, 44.826345], [-62.764567, 44.827007], [-62.764605, 44.827026], [-62.764596, 44.827183], [-62.768722, 44.829328], [-62.764037, 44.833704], [-62.75984, 44.831504], [-62.759486, 44.831761], [-62.758924, 44.832073], [-62.75825, 44.831929], [-62.758316, 44.832127], [-62.754376, 44.833217], [-62.752679, 44.83252], [-62.747289, 44.834743]]]}, "properties": {"OBJECTID": 85, "GSA_KEY": 87, "FCODE": "GSAPOLY", "GSA_NAME": "MURPHY COVE", "MUN_CODE": "HRM", "GSA_REM": " ", "SOURCE": "CR", "DATE_ACT": 980899200000, "SYS_DATE": 1438646400000, "GLOBALID": "d20fa970-1386-4895-a51e-c6fc4c7ac384", "Shape__Area": 165498752.76171875, "Shape__Length": 69565.1245473031}}, {"type": "Feature", "id": 86, "geometry": {"type": "Polygon", "coordinates": [[[-63.729289, 44.709531], [-63.729369, 44.709645], [-63.73072, 44.709389], [-63.729314, 44.70491], [-63.719561, 44.700843], [-63.709864, 44.69621], [-63.712807, 44.696067], [-63.709915, 44.692729], [-63.713964, 44.690945], [-63.720963, 44.693353], [-63.723595, 44.68953], [-63.730668, 44.694095], [-63.731843, 44.694616], [-63.733503, 44.695704], [-63.733608, 44.695991], [-63.739039, 44.699505], [-63.739332, 44.699243], [-63.739566, 44.698739], [-63.735465, 44.697075], [-63.737432, 44.69467], [-63.734444, 44.693475], [-63.736432, 44.69102], [-63.747485, 44.695396], [-63.743488, 44.700351], [-63.739902, 44.698878], [-63.739662, 44.699376], [-63.739321, 44.699688], [-63.744832, 44.703254], [-63.747623, 44.702664], [-63.752988, 44.695913], [-63.756583, 44.691491], [-63.763815, 44.695933], [-63.769685, 44.691359], [-63.773419, 44.693822], [-63.774105, 44.69329], [-63.778794, 44.696322], [-63.777552, 44.697293], [-63.777654, 44.69757], [-63.778772, 44.697966], [-63.78008, 44.698168], [-63.780515, 44.698104], [-63.780918, 44.697864], [-63.781388, 44.697691], [-63.781638, 44.697426], [-63.782506, 44.697389], [-63.7835, 44.697769], [-63.785681, 44.696005], [-63.785427, 44.695761], [-63.785378, 44.695622], [-63.785213, 44.695434], [-63.785134, 44.695088], [-63.784822, 44.694661], [-63.78343, 44.693662], [-63.783183, 44.693367], [-63.782785, 44.692625], [-63.782787, 44.692474], [-63.78313, 44.692198], [-63.782995, 44.691386], [-63.783317, 44.691023], [-63.783103, 44.689881], [-63.783221, 44.689341], [-63.784539, 44.689071], [-63.787036, 44.687155], [-63.7879, 44.686196], [-63.789507, 44.684781], [-63.798239, 44.689542], [-63.806435, 44.69416], [-63.823656, 44.704346], [-63.838477, 44.713185], [-63.836371, 44.715498], [-63.834701, 44.717056], [-63.836722, 44.71827], [-63.839765, 44.719938], [-63.843875, 44.722367], [-63.843847, 44.722389], [-63.844023, 44.722493], [-63.844969, 44.723609], [-63.845053, 44.723601], [-63.845567, 44.724182], [-63.846199, 44.72374], [-63.8468, 44.724102], [-63.84719, 44.724144], [-63.847213, 44.7244], [-63.847551, 44.7247], [-63.848257, 44.725125], [-63.83904, 44.731816], [-63.837028, 44.730428], [-63.836738, 44.730582], [-63.824172, 44.739625], [-63.823698, 44.740707], [-63.823425, 44.741157], [-63.822932, 44.741623], [-63.822021, 44.742364], [-63.8217, 44.742521], [-63.820763, 44.741922], [-63.817297, 44.744586], [-63.815509, 44.743585], [-63.813871, 44.742836], [-63.810366, 44.745534], [-63.80972, 44.746099], [-63.80346, 44.750701], [-63.810029, 44.754715], [-63.808531, 44.754345], [-63.813213, 44.757192], [-63.80333, 44.76411], [-63.804429, 44.764878], [-63.790417, 44.78257], [-63.792235, 44.783293], [-63.784577, 44.793289], [-63.778987, 44.800341], [-63.77864, 44.800488], [-63.778453, 44.799893], [-63.777459, 44.798649], [-63.777406, 44.798481], [-63.777419, 44.79829], [-63.777579, 44.798059], [-63.77785, 44.797925], [-63.778604, 44.79769], [-63.778854, 44.797484], [-63.779185, 44.797023], [-63.779421, 44.796969], [-63.779535, 44.796834], [-63.779124, 44.796472], [-63.778099, 44.795906], [-63.776442, 44.793947], [-63.773737, 44.791375], [-63.773004, 44.790795], [-63.772854, 44.790299], [-63.772822, 44.789998], [-63.775026, 44.787188], [-63.774934, 44.786247], [-63.775085, 44.785825], [-63.775338, 44.785347], [-63.7754, 44.784885], [-63.773487, 44.784481], [-63.772073, 44.784592], [-63.771201, 44.785249], [-63.770783, 44.785494], [-63.770277, 44.785603], [-63.768647, 44.785057], [-63.768234, 44.784895], [-63.767568, 44.784395], [-63.766944, 44.784072], [-63.765522, 44.782993], [-63.763117, 44.7817], [-63.757723, 44.779077], [-63.750644, 44.775086], [-63.747609, 44.77398], [-63.745798, 44.773707], [-63.748266, 44.768259], [-63.748431, 44.768002], [-63.760919, 44.753645], [-63.764416, 44.749653], [-63.764939, 44.74912], [-63.760118, 44.746087], [-63.76411, 44.74256], [-63.75035, 44.739173], [-63.749358, 44.738542], [-63.749409, 44.738512], [-63.744579, 44.73468], [-63.737612, 44.742826], [-63.735844, 44.741648], [-63.734248, 44.740368], [-63.732766, 44.741957], [-63.732247, 44.742722], [-63.724706, 44.751653], [-63.720882, 44.749491], [-63.718392, 44.747937], [-63.717811, 44.747813], [-63.71277, 44.74514], [-63.720947, 44.735349], [-63.730092, 44.724983], [-63.730356, 44.724151], [-63.731342, 44.724012], [-63.731261, 44.723911], [-63.73136, 44.723725], [-63.733132, 44.721476], [-63.725068, 44.716165], [-63.724198, 44.715539], [-63.724861, 44.714927], [-63.723498, 44.714475], [-63.723067, 44.714963], [-63.720136, 44.713037], [-63.720666, 44.712378], [-63.721566, 44.711878], [-63.719535, 44.71002], [-63.720739, 44.709337], [-63.721088, 44.70965], [-63.721287, 44.709537], [-63.720897, 44.709188], [-63.722133, 44.708487], [-63.722732, 44.709023], [-63.722357, 44.709236], [-63.724034, 44.710739], [-63.724381, 44.711331], [-63.727942, 44.70987], [-63.727556, 44.70944], [-63.72874, 44.709251], [-63.728938, 44.709472], [-63.728851, 44.709511], [-63.72897, 44.709644], [-63.729289, 44.709531]]]}, "properties": {"OBJECTID": 86, "GSA_KEY": 88, "FCODE": "GSAPOLY", "GSA_NAME": "HAMMONDS PLAINS", "MUN_CODE": "HRM", "GSA_REM": "CIVIC ADDRESSING COORDINATOR APPROVED BEDFORD/HAMMONDS PLAINS ADJUSTMENT", "SOURCE": "SD", "DATE_ACT": 1357516800000, "SYS_DATE": 1684948059000, "GLOBALID": "e6d9eace-799b-409d-ade6-0848a5709347", "Shape__Area": 129376192.42578125, "Shape__Length": 81101.32942753678}}, {"type": "Feature", "id": 87, "geometry": {"type": "Polygon", "coordinates": [[[-62.871448, 44.817096], [-62.872348, 44.815185], [-62.869323, 44.814513], [-62.867583, 44.814183], [-62.866456, 44.814106], [-62.861104, 44.814019], [-62.859993, 44.816703], [-62.854142, 44.815518], [-62.854801, 44.813951], [-62.854188, 44.813947], [-62.851457, 44.813685], [-62.847532, 44.813143], [-62.846686, 44.813259], [-62.842887, 44.814017], [-62.836917, 44.81208], [-62.836109, 44.811775], [-62.835364, 44.811043], [-62.834091, 44.809663], [-62.825879, 44.817263], [-62.824921, 44.816761], [-62.822874, 44.818884], [-62.819426, 44.818204], [-62.819889, 44.817678], [-62.818836, 44.817232], [-62.819689, 44.816376], [-62.819724, 44.816285], [-62.819692, 44.816198], [-62.818597, 44.815674], [-62.81625, 44.814383], [-62.815758, 44.814156], [-62.815, 44.813875], [-62.814164, 44.813636], [-62.81132, 44.812889], [-62.810284, 44.812514], [-62.810121, 44.812388], [-62.809824, 44.811955], [-62.809779, 44.811703], [-62.809787, 44.811164], [-62.809811, 44.810919], [-62.80994, 44.810633], [-62.810119, 44.810391], [-62.81056, 44.810036], [-62.811248, 44.809752], [-62.812706, 44.809332], [-62.813321, 44.808882], [-62.813651, 44.808795], [-62.814314, 44.808768], [-62.814589, 44.808784], [-62.815099, 44.808994], [-62.815569, 44.80901], [-62.81642, 44.80875], [-62.817033, 44.808784], [-62.817493, 44.808631], [-62.818472, 44.808419], [-62.820087, 44.807934], [-62.821083, 44.807704], [-62.821815, 44.80739], [-62.822408, 44.806817], [-62.822566, 44.806727], [-62.823043, 44.806575], [-62.823692, 44.806456], [-62.82393, 44.806336], [-62.826846, 44.80405], [-62.828265, 44.803484], [-62.836573, 44.801943], [-62.84269, 44.798822], [-62.843549, 44.798283], [-62.844253, 44.798209], [-62.84547, 44.797854], [-62.845595, 44.797778], [-62.860407, 44.782932], [-62.861525, 44.784386], [-62.861795, 44.784214], [-62.86195, 44.784048], [-62.863805, 44.785869], [-62.880466, 44.770151], [-62.887134, 44.771654], [-62.887957, 44.770897], [-62.884246, 44.77001], [-62.885372, 44.767693], [-62.892718, 44.769183], [-62.897959, 44.770487], [-62.903765, 44.772098], [-62.902729, 44.774419], [-62.907623, 44.775636], [-62.908234, 44.77571], [-62.916936, 44.779828], [-62.918363, 44.783402], [-62.918033, 44.783568], [-62.918638, 44.783842], [-62.919036, 44.784502], [-62.919303, 44.785145], [-62.918788, 44.786369], [-62.918396, 44.787112], [-62.918196, 44.787182], [-62.91775, 44.78703], [-62.912094, 44.785745], [-62.908172, 44.798941], [-62.907184, 44.801454], [-62.907278, 44.802342], [-62.910043, 44.802882], [-62.913899, 44.80735], [-62.908633, 44.806021], [-62.906246, 44.810806], [-62.902247, 44.809829], [-62.900672, 44.813192], [-62.911217, 44.81583], [-62.913896, 44.816539], [-62.929321, 44.820362], [-62.928923, 44.821391], [-62.928489, 44.822234], [-62.927921, 44.823816], [-62.915655, 44.82099], [-62.910544, 44.819755], [-62.90455, 44.818013], [-62.900868, 44.817132], [-62.9006, 44.817153], [-62.900445, 44.817211], [-62.899159, 44.81878], [-62.899077, 44.82051], [-62.89913, 44.821318], [-62.899296, 44.822591], [-62.899118, 44.823178], [-62.898754, 44.823952], [-62.897811, 44.825231], [-62.896953, 44.826135], [-62.896357, 44.826676], [-62.895038, 44.827386], [-62.894265, 44.827551], [-62.893424, 44.82764], [-62.892675, 44.827583], [-62.885587, 44.825914], [-62.869052, 44.822179], [-62.871448, 44.817096]]]}, "properties": {"OBJECTID": 87, "GSA_KEY": 89, "FCODE": "GSAPOLY", "GSA_NAME": "SHIP HARBOUR", "MUN_CODE": "HRM", "GSA_REM": " ", "SOURCE": "DM", "DATE_ACT": 980899200000, "SYS_DATE": null, "GLOBALID": "bb602e93-9910-4bbc-8d33-6fb2a9e7e5a4", "Shape__Area": 54749549.3203125, "Shape__Length": 48384.87462905997}}, {"type": "Feature", "id": 88, "geometry": {"type": "Polygon", "coordinates": [[[-63.016822, 44.808821], [-63.014914, 44.80721], [-63.014658, 44.807211], [-63.013175, 44.807628], [-63.012917, 44.807085], [-63.011748, 44.807349], [-63.008246, 44.808307], [-63.006715, 44.805659], [-63.004554, 44.801738], [-63.004352, 44.801466], [-63.004245, 44.80139], [-63.004139, 44.801404], [-63.004072, 44.801318], [-63.003952, 44.801316], [-63.003858, 44.801265], [-63.003835, 44.801198], [-63.003671, 44.801178], [-63.003394, 44.800904], [-63.003012, 44.800727], [-63.002879, 44.800524], [-63.002428, 44.800347], [-63.001844, 44.79997], [-63.001415, 44.79991], [-63.001309, 44.799639], [-63.000714, 44.799464], [-63.000767, 44.799331], [-63.000252, 44.799207], [-62.99994, 44.799068], [-62.999599, 44.799054], [-62.999199, 44.799429], [-62.998962, 44.799567], [-62.998874, 44.799569], [-62.998656, 44.799444], [-62.998667, 44.798914], [-62.998574, 44.798781], [-62.997874, 44.798583], [-62.997535, 44.798686], [-62.996831, 44.798767], [-62.996343, 44.798495], [-62.996053, 44.798498], [-62.995734, 44.798412], [-62.995683, 44.798377], [-62.995994, 44.79804], [-62.991995, 44.796456], [-62.998274, 44.788181], [-62.996975, 44.786539], [-62.992389, 44.780457], [-62.99153, 44.78008], [-62.990266, 44.779647], [-62.990064, 44.779497], [-62.990037, 44.779417], [-62.991223, 44.778839], [-62.990975, 44.778523], [-62.990808, 44.778208], [-62.986874, 44.773098], [-62.985426, 44.769979], [-62.985336, 44.769888], [-62.98538, 44.769691], [-62.985237, 44.769437], [-62.985025, 44.767018], [-62.984277, 44.766839], [-62.980335, 44.765531], [-62.977978, 44.764345], [-62.974021, 44.764512], [-62.973657, 44.759401], [-62.976516, 44.759332], [-62.976229, 44.753987], [-62.975915, 44.751518], [-62.977448, 44.751518], [-62.983688, 44.751133], [-62.994524, 44.750708], [-63.014727, 44.750361], [-63.014828, 44.750174], [-63.021641, 44.750172], [-63.027278, 44.750278], [-63.025058, 44.754067], [-63.024725, 44.755023], [-63.024565, 44.755781], [-63.024512, 44.756785], [-63.01788, 44.759729], [-63.017881, 44.759689], [-63.005179, 44.759379], [-63.003984, 44.759418], [-63.003947, 44.760008], [-63.003906, 44.760181], [-63.003811, 44.760258], [-63.003796, 44.760345], [-63.004628, 44.76069], [-63.004179, 44.760716], [-63.004353, 44.761296], [-63.004637, 44.761168], [-63.00514, 44.761342], [-63.00567, 44.761133], [-63.005985, 44.761295], [-63.005402, 44.761346], [-63.005216, 44.761887], [-63.002334, 44.761963], [-63.001573, 44.762668], [-63.001551, 44.76292], [-63.001601, 44.763188], [-63.00252, 44.764836], [-63.002415, 44.764929], [-63.002569, 44.764969], [-63.002737, 44.765368], [-63.003795, 44.765191], [-63.003735, 44.765599], [-63.004018, 44.765557], [-63.00422, 44.765439], [-63.017669, 44.76575], [-63.021789, 44.774275], [-63.021862, 44.775255], [-63.021831, 44.775692], [-63.021751, 44.775881], [-63.021729, 44.776439], [-63.022274, 44.776403], [-63.022364, 44.778942], [-63.020537, 44.781168], [-63.019887, 44.783035], [-63.0176, 44.786053], [-63.01907, 44.787767], [-63.021661, 44.78873], [-63.019359, 44.791763], [-63.018862, 44.792147], [-63.017852, 44.793344], [-63.013568, 44.791578], [-63.010704, 44.795365], [-63.014933, 44.796996], [-63.011584, 44.801429], [-63.013543, 44.805379], [-63.017029, 44.804502], [-63.018347, 44.807093], [-63.018485, 44.80713], [-63.020978, 44.807137], [-63.020929, 44.809896], [-63.017954, 44.809796], [-63.016822, 44.808821]]]}, "properties": {"OBJECTID": 88, "GSA_KEY": 90, "FCODE": "GSAPOLY", "GSA_NAME": "OYSTER POND", "MUN_CODE": "HRM", "GSA_REM": " ", "SOURCE": "SD", "DATE_ACT": 980899200000, "SYS_DATE": 1407801600000, "GLOBALID": "ae8ce438-0460-468c-ab14-f6e230ca412c", "Shape__Area": 27774567.453125, "Shape__Length": 36185.34264353649}}, {"type": "Feature", "id": 89, "geometry": {"type": "Polygon", "coordinates": [[[-63.419801, 44.813202], [-63.418337, 44.809599], [-63.408475, 44.811659], [-63.404565, 44.800784], [-63.403982, 44.799568], [-63.4035, 44.798309], [-63.403598, 44.79803], [-63.403435, 44.797416], [-63.402262, 44.796258], [-63.402164, 44.79606], [-63.402181, 44.795926], [-63.402454, 44.795805], [-63.401572, 44.794011], [-63.401573, 44.793774], [-63.401545, 44.793718], [-63.400996, 44.793442], [-63.401144, 44.793148], [-63.400513, 44.791544], [-63.401071, 44.791414], [-63.400998, 44.791283], [-63.400954, 44.790923], [-63.400757, 44.79066], [-63.40026, 44.790241], [-63.4001, 44.789979], [-63.399956, 44.78986], [-63.399562, 44.789695], [-63.399172, 44.789619], [-63.398869, 44.789616], [-63.398493, 44.789414], [-63.397527, 44.78837], [-63.397227, 44.788187], [-63.39647, 44.787514], [-63.396396, 44.787377], [-63.396388, 44.787162], [-63.396676, 44.786634], [-63.396692, 44.786462], [-63.396645, 44.786265], [-63.396547, 44.78612], [-63.395873, 44.785681], [-63.395521, 44.785561], [-63.395105, 44.785503], [-63.394346, 44.785567], [-63.393794, 44.785364], [-63.393759, 44.785166], [-63.393863, 44.78504], [-63.393854, 44.784861], [-63.393604, 44.784705], [-63.393427, 44.784686], [-63.393215, 44.784576], [-63.393099, 44.784016], [-63.392928, 44.783718], [-63.392916, 44.783654], [-63.393075, 44.783278], [-63.393218, 44.783063], [-63.393199, 44.782722], [-63.393076, 44.782567], [-63.392438, 44.782219], [-63.391949, 44.782025], [-63.39181, 44.782015], [-63.391516, 44.782183], [-63.391067, 44.782167], [-63.390314, 44.781627], [-63.389, 44.780432], [-63.387383, 44.777467], [-63.385286, 44.775794], [-63.384134, 44.774998], [-63.38358, 44.774046], [-63.378091, 44.769707], [-63.377682, 44.769652], [-63.376965, 44.768816], [-63.373924, 44.766411], [-63.363501, 44.768697], [-63.363216, 44.76869], [-63.363138, 44.768585], [-63.363293, 44.768204], [-63.363471, 44.76729], [-63.363493, 44.766163], [-63.362983, 44.764879], [-63.362573, 44.764431], [-63.35777, 44.761019], [-63.380216, 44.756066], [-63.37917, 44.753718], [-63.379083, 44.753393], [-63.377279, 44.749488], [-63.374988, 44.744316], [-63.364256, 44.746746], [-63.363279, 44.744551], [-63.365135, 44.744178], [-63.361632, 44.73583], [-63.357818, 44.736616], [-63.355943, 44.732082], [-63.340345, 44.735442], [-63.339849, 44.734485], [-63.339004, 44.73305], [-63.338118, 44.731756], [-63.335958, 44.72807], [-63.335311, 44.72684], [-63.337385, 44.726624], [-63.339461, 44.726332], [-63.341109, 44.725962], [-63.37798, 44.716376], [-63.381219, 44.715684], [-63.386136, 44.714298], [-63.391869, 44.71287], [-63.392055, 44.712754], [-63.392689, 44.712525], [-63.396424, 44.714868], [-63.396813, 44.715212], [-63.397129, 44.715655], [-63.397445, 44.716278], [-63.397445, 44.716621], [-63.397082, 44.717573], [-63.397023, 44.717936], [-63.397177, 44.718676], [-63.397323, 44.7191], [-63.397528, 44.719479], [-63.397717, 44.719698], [-63.399089, 44.72056], [-63.39937, 44.720894], [-63.401583, 44.726712], [-63.402146, 44.727923], [-63.402921, 44.729243], [-63.403099, 44.729839], [-63.403075, 44.730027], [-63.403244, 44.730449], [-63.403974, 44.732165], [-63.404143, 44.732208], [-63.404977, 44.734201], [-63.406516, 44.733877], [-63.406892, 44.734646], [-63.406432, 44.734897], [-63.405288, 44.734991], [-63.407709, 44.740244], [-63.409022, 44.742645], [-63.411811, 44.750111], [-63.419444, 44.76825], [-63.42076, 44.773013], [-63.423649, 44.781312], [-63.425403, 44.786563], [-63.42562, 44.787457], [-63.425973, 44.789728], [-63.426272, 44.790585], [-63.426773, 44.791386], [-63.427427, 44.792161], [-63.428201, 44.792899], [-63.429529, 44.793898], [-63.430491, 44.794468], [-63.43205, 44.795208], [-63.437661, 44.797296], [-63.43763, 44.797546], [-63.437678, 44.797807], [-63.437934, 44.798316], [-63.437911, 44.798676], [-63.43761, 44.798956], [-63.436955, 44.799292], [-63.436893, 44.799418], [-63.436895, 44.799643], [-63.436934, 44.799796], [-63.437283, 44.800079], [-63.437945, 44.800383], [-63.438353, 44.800922], [-63.437254, 44.801625], [-63.437705, 44.802745], [-63.437882, 44.80352], [-63.437837, 44.803669], [-63.437865, 44.803842], [-63.438071, 44.804081], [-63.438054, 44.804122], [-63.438131, 44.804248], [-63.438309, 44.804418], [-63.43831, 44.804535], [-63.438148, 44.804833], [-63.438361, 44.805025], [-63.438417, 44.806571], [-63.437647, 44.807516], [-63.437679, 44.807693], [-63.437608, 44.807831], [-63.437184, 44.807954], [-63.436342, 44.808468], [-63.436254, 44.808621], [-63.43623, 44.808819], [-63.435328, 44.809839], [-63.435262, 44.80973], [-63.431184, 44.809782], [-63.429204, 44.811523], [-63.424597, 44.813309], [-63.419843, 44.813294], [-63.419801, 44.813202]]]}, "properties": {"OBJECTID": 89, "GSA_KEY": 91, "FCODE": "GSAPOLY", "GSA_NAME": "LAKE ECHO", "MUN_CODE": "HRM", "GSA_REM": " ", "SOURCE": "CR", "DATE_ACT": 980899200000, "SYS_DATE": 1438300800000, "GLOBALID": "15308bc6-d074-4450-b7f0-2b9b305606cf", "Shape__Area": 67239938.21875, "Shape__Length": 51497.20682061685}}, {"type": "Feature", "id": 90, "geometry": {"type": "Polygon", "coordinates": [[[-63.206665, 44.80688], [-63.201197, 44.804904], [-63.200961, 44.804108], [-63.192541, 44.783505], [-63.190182, 44.777857], [-63.190133, 44.777189], [-63.192463, 44.774784], [-63.194072, 44.768317], [-63.192242, 44.762989], [-63.191822, 44.762228], [-63.19328, 44.761665], [-63.194041, 44.761264], [-63.194859, 44.760759], [-63.194788, 44.760696], [-63.198881, 44.758075], [-63.220419, 44.753103], [-63.222648, 44.753433], [-63.223285, 44.753263], [-63.223337, 44.753907], [-63.223484, 44.754537], [-63.22381, 44.754999], [-63.224007, 44.755418], [-63.224232, 44.755704], [-63.224287, 44.75588], [-63.224252, 44.756069], [-63.22368, 44.756128], [-63.223343, 44.756323], [-63.223224, 44.756588], [-63.223178, 44.757006], [-63.222919, 44.757507], [-63.222971, 44.757792], [-63.222957, 44.75824], [-63.222922, 44.758525], [-63.222775, 44.758976], [-63.222767, 44.759196], [-63.222874, 44.759439], [-63.222997, 44.759992], [-63.223128, 44.760158], [-63.223525, 44.760345], [-63.223844, 44.760571], [-63.224001, 44.760843], [-63.224392, 44.761312], [-63.224639, 44.761462], [-63.225796, 44.761973], [-63.226442, 44.762426], [-63.226674, 44.762738], [-63.22719, 44.763722], [-63.227218, 44.763894], [-63.227183, 44.76403], [-63.225929, 44.765742], [-63.221927, 44.771525], [-63.224716, 44.776694], [-63.224809, 44.780086], [-63.224695, 44.78091], [-63.22468, 44.78185], [-63.224799, 44.782189], [-63.224966, 44.782371], [-63.225134, 44.782468], [-63.225201, 44.782603], [-63.225088, 44.78285], [-63.224753, 44.783138], [-63.224642, 44.783308], [-63.224005, 44.783553], [-63.22242, 44.783983], [-63.222335, 44.784382], [-63.222682, 44.78547], [-63.223043, 44.785911], [-63.224059, 44.785951], [-63.232146, 44.806762], [-63.226292, 44.80785], [-63.225383, 44.807453], [-63.222075, 44.806997], [-63.218058, 44.807142], [-63.214294, 44.807938], [-63.209685, 44.807638], [-63.206665, 44.80688]]]}, "properties": {"OBJECTID": 90, "GSA_KEY": 92, "FCODE": "GSAPOLY", "GSA_NAME": "GAETZ BROOK", "MUN_CODE": "HRM", "GSA_REM": " ", "SOURCE": null, "DATE_ACT": 980899200000, "SYS_DATE": 1668005804000, "GLOBALID": "4293652a-376d-4f25-a5ad-f623f2c35ca5", "Shape__Area": 27656278.1015625, "Shape__Length": 23827.713594132532}}, {"type": "Feature", "id": 91, "geometry": {"type": "Polygon", "coordinates": [[[-63.510097, 44.810613], [-63.49897, 44.808529], [-63.489103, 44.809117], [-63.488587, 44.809048], [-63.48831, 44.809238], [-63.487779, 44.809241], [-63.487388, 44.809377], [-63.486795, 44.809479], [-63.486238, 44.809472], [-63.485959, 44.809419], [-63.485489, 44.809097], [-63.485324, 44.809035], [-63.484527, 44.809002], [-63.484336, 44.808886], [-63.483804, 44.80878], [-63.48355, 44.808655], [-63.483295, 44.808377], [-63.481587, 44.807559], [-63.480496, 44.807847], [-63.480232, 44.808084], [-63.479879, 44.808131], [-63.479573, 44.807925], [-63.47942, 44.807719], [-63.479115, 44.807576], [-63.478521, 44.807587], [-63.478196, 44.807456], [-63.458942, 44.757312], [-63.458813, 44.756781], [-63.448987, 44.758477], [-63.447931, 44.756941], [-63.447275, 44.755253], [-63.444538, 44.750419], [-63.442014, 44.746318], [-63.445066, 44.745909], [-63.456437, 44.744582], [-63.456488, 44.744214], [-63.456422, 44.743971], [-63.456285, 44.743915], [-63.455584, 44.743882], [-63.454529, 44.743598], [-63.453896, 44.743327], [-63.453318, 44.743168], [-63.452807, 44.743137], [-63.452617, 44.743166], [-63.452296, 44.743096], [-63.451505, 44.742353], [-63.451356, 44.742003], [-63.450855, 44.741804], [-63.450974, 44.741692], [-63.451016, 44.741363], [-63.450954, 44.741129], [-63.450667, 44.740568], [-63.450665, 44.740306], [-63.454314, 44.739522], [-63.451883, 44.73666], [-63.451788, 44.736391], [-63.451527, 44.736045], [-63.451115, 44.73574], [-63.448874, 44.733129], [-63.446454, 44.734172], [-63.445684, 44.733526], [-63.445491, 44.733316], [-63.445359, 44.733007], [-63.444476, 44.732107], [-63.458324, 44.729065], [-63.461862, 44.729073], [-63.462376, 44.728962], [-63.460094, 44.724877], [-63.459963, 44.724572], [-63.457785, 44.720738], [-63.456845, 44.718963], [-63.456302, 44.718212], [-63.457526, 44.717962], [-63.457552, 44.718011], [-63.463214, 44.716884], [-63.465343, 44.716551], [-63.46592, 44.718099], [-63.467322, 44.717882], [-63.468136, 44.718045], [-63.468713, 44.718235], [-63.469415, 44.718571], [-63.47002, 44.718992], [-63.470508, 44.719485], [-63.470863, 44.720032], [-63.471938, 44.719818], [-63.472109, 44.720341], [-63.473067, 44.720247], [-63.473177, 44.720451], [-63.473937, 44.720967], [-63.475075, 44.721918], [-63.476933, 44.722601], [-63.479023, 44.725677], [-63.491979, 44.736297], [-63.496147, 44.740175], [-63.498338, 44.747035], [-63.501958, 44.754618], [-63.511602, 44.763215], [-63.520658, 44.772428], [-63.523474, 44.774647], [-63.526308, 44.776426], [-63.526881, 44.776867], [-63.527592, 44.777774], [-63.527797, 44.778114], [-63.528264, 44.778465], [-63.528656, 44.77902], [-63.52896, 44.779696], [-63.528787, 44.780623], [-63.52901, 44.780962], [-63.52944, 44.781315], [-63.529459, 44.781446], [-63.529667, 44.7814], [-63.531086, 44.784878], [-63.538043, 44.801265], [-63.539508, 44.804998], [-63.512553, 44.808382], [-63.510097, 44.810613]]]}, "properties": {"OBJECTID": 91, "GSA_KEY": 93, "FCODE": "GSAPOLY", "GSA_NAME": "NORTH PRESTON", "MUN_CODE": "HRM", "GSA_REM": " ", "SOURCE": "CA", "DATE_ACT": 980899200000, "SYS_DATE": 1484524800000, "GLOBALID": "fcfd3472-1568-4a64-abfd-153ce005d97f", "Shape__Area": 78178229.2109375, "Shape__Length": 45556.96947107777}}, {"type": "Feature", "id": 92, "geometry": {"type": "Polygon", "coordinates": [[[-62.82606, 44.787242], [-62.819851, 44.781497], [-62.805121, 44.775197], [-62.784956, 44.76573], [-62.769334, 44.758988], [-62.784706, 44.757503], [-62.801726, 44.757419], [-62.813558, 44.763101], [-62.812424, 44.764144], [-62.8134, 44.764634], [-62.816549, 44.76636], [-62.821592, 44.761749], [-62.822192, 44.76219], [-62.822328, 44.762312], [-62.822401, 44.762454], [-62.82249, 44.762814], [-62.82274, 44.764549], [-62.82255, 44.765055], [-62.82245, 44.765659], [-62.822458, 44.765992], [-62.822652, 44.766746], [-62.822656, 44.766953], [-62.822599, 44.767205], [-62.822283, 44.767758], [-62.822068, 44.768283], [-62.821941, 44.768815], [-62.82191, 44.769095], [-62.82203, 44.770479], [-62.821963, 44.770903], [-62.821844, 44.771209], [-62.821123, 44.772289], [-62.82076, 44.772987], [-62.820399, 44.773792], [-62.820271, 44.774234], [-62.820266, 44.774585], [-62.820325, 44.774927], [-62.820722, 44.775705], [-62.820957, 44.776602], [-62.821199, 44.777247], [-62.821141, 44.777536], [-62.820822, 44.777936], [-62.820728, 44.778207], [-62.820772, 44.778493], [-62.821041, 44.778617], [-62.820989, 44.778434], [-62.820992, 44.77816], [-62.821113, 44.777924], [-62.821393, 44.777561], [-62.821365, 44.777104], [-62.835671, 44.763103], [-62.836166, 44.762557], [-62.852263, 44.7689], [-62.858227, 44.762993], [-62.86108, 44.760237], [-62.874526, 44.76606], [-62.877399, 44.76738], [-62.878036, 44.767602], [-62.884541, 44.769404], [-62.884246, 44.77001], [-62.887957, 44.770897], [-62.887134, 44.771654], [-62.880466, 44.770151], [-62.863805, 44.785869], [-62.86195, 44.784048], [-62.861795, 44.784214], [-62.861525, 44.784386], [-62.860407, 44.782932], [-62.845595, 44.797778], [-62.84547, 44.797854], [-62.844253, 44.798209], [-62.843549, 44.798283], [-62.84269, 44.798822], [-62.836573, 44.801943], [-62.82606, 44.787242]]]}, "properties": {"OBJECTID": 92, "GSA_KEY": 94, "FCODE": "GSAPOLY", "GSA_NAME": "LOWER SHIP HARBOUR", "MUN_CODE": "HRM", "GSA_REM": " ", "SOURCE": "DM", "DATE_ACT": 980899200000, "SYS_DATE": null, "GLOBALID": "2584aa20-1a15-4ffb-b77b-92656689ac82", "Shape__Area": 33262087.58203125, "Shape__Length": 39128.38576074547}}, {"type": "Feature", "id": 93, "geometry": {"type": "Polygon", "coordinates": [[[-63.604434, 44.727187], [-63.604611, 44.726793], [-63.604685, 44.72643], [-63.604408, 44.724756], [-63.604469, 44.724259], [-63.604654, 44.723806], [-63.604981, 44.723347], [-63.605467, 44.722898], [-63.605937, 44.722624], [-63.606886, 44.722245], [-63.607271, 44.722041], [-63.607833, 44.721641], [-63.608171, 44.721283], [-63.608408, 44.7209], [-63.608569, 44.720477], [-63.608629, 44.720125], [-63.608678, 44.719119], [-63.608866, 44.718461], [-63.609305, 44.717705], [-63.60991, 44.717067], [-63.614406, 44.719596], [-63.620933, 44.723498], [-63.62418, 44.72514], [-63.628845, 44.727681], [-63.624888, 44.731208], [-63.618719, 44.736596], [-63.61207, 44.732782], [-63.602498, 44.741167], [-63.609206, 44.744926], [-63.623536, 44.752368], [-63.626283, 44.754228], [-63.62556, 44.757126], [-63.625912, 44.757867], [-63.623721, 44.757954], [-63.622734, 44.758133], [-63.621077, 44.759196], [-63.616686, 44.762998], [-63.614748, 44.765228], [-63.614544, 44.765694], [-63.614667, 44.766256], [-63.615077, 44.766803], [-63.615868, 44.767314], [-63.617194, 44.767641], [-63.618837, 44.76759], [-63.620882, 44.767353], [-63.623768, 44.767249], [-63.62514, 44.767481], [-63.626839, 44.768079], [-63.627173, 44.768034], [-63.627449, 44.76881], [-63.627763, 44.770093], [-63.62805, 44.773098], [-63.620094, 44.777074], [-63.619378, 44.777482], [-63.61892, 44.777869], [-63.618114, 44.778875], [-63.617948, 44.779207], [-63.617742, 44.780156], [-63.616397, 44.787781], [-63.612937, 44.800411], [-63.61262, 44.801185], [-63.612063, 44.801966], [-63.61142, 44.802574], [-63.610494, 44.80322], [-63.609306, 44.803801], [-63.609131, 44.803831], [-63.608234, 44.80255], [-63.608604, 44.801185], [-63.608886, 44.799882], [-63.608866, 44.798359], [-63.608574, 44.797518], [-63.606258, 44.797856], [-63.596292, 44.799819], [-63.596898, 44.800281], [-63.596422, 44.800396], [-63.595427, 44.800499], [-63.59427, 44.799592], [-63.590129, 44.800372], [-63.571465, 44.804075], [-63.569746, 44.809242], [-63.567189, 44.809311], [-63.564471, 44.805048], [-63.539508, 44.804998], [-63.538043, 44.801265], [-63.531086, 44.784878], [-63.529667, 44.7814], [-63.529459, 44.781446], [-63.52944, 44.781315], [-63.52901, 44.780962], [-63.528787, 44.780623], [-63.52896, 44.779696], [-63.528656, 44.77902], [-63.528264, 44.778465], [-63.527797, 44.778114], [-63.527592, 44.777774], [-63.526881, 44.776867], [-63.526308, 44.776426], [-63.523474, 44.774647], [-63.520658, 44.772428], [-63.511602, 44.763215], [-63.501958, 44.754618], [-63.498338, 44.747035], [-63.496955, 44.742704], [-63.515314, 44.738461], [-63.5242, 44.743799], [-63.539723, 44.740534], [-63.539089, 44.739231], [-63.54168, 44.738674], [-63.542246, 44.739991], [-63.548278, 44.738683], [-63.547718, 44.73754], [-63.547929, 44.737495], [-63.547499, 44.736881], [-63.547076, 44.736141], [-63.545938, 44.733327], [-63.545583, 44.732734], [-63.545077, 44.73216], [-63.544819, 44.731487], [-63.544951, 44.73144], [-63.545684, 44.73184], [-63.550601, 44.729247], [-63.551091, 44.729676], [-63.551578, 44.730247], [-63.551869, 44.730746], [-63.552344, 44.732096], [-63.552417, 44.733727], [-63.55255, 44.734685], [-63.552888, 44.735326], [-63.553275, 44.735931], [-63.553815, 44.736361], [-63.554556, 44.736686], [-63.555943, 44.736981], [-63.556288, 44.737196], [-63.556537, 44.737442], [-63.556569, 44.737661], [-63.556546, 44.738064], [-63.5564, 44.738625], [-63.556412, 44.738923], [-63.556517, 44.739083], [-63.556921, 44.738838], [-63.557701, 44.73955], [-63.560858, 44.737795], [-63.561839, 44.738177], [-63.561656, 44.739116], [-63.561355, 44.739969], [-63.561897, 44.740118], [-63.56144, 44.741164], [-63.561596, 44.741211], [-63.562153, 44.741043], [-63.562132, 44.740934], [-63.562231, 44.740957], [-63.562626, 44.740102], [-63.562566, 44.740088], [-63.563943, 44.737157], [-63.564497, 44.736408], [-63.565364, 44.73561], [-63.592759, 44.729826], [-63.589774, 44.732418], [-63.588206, 44.733709], [-63.590992, 44.735269], [-63.592417, 44.73488], [-63.596579, 44.731231], [-63.598481, 44.732347], [-63.60376, 44.727992], [-63.604169, 44.727558], [-63.604434, 44.727187]]]}, "properties": {"OBJECTID": 93, "GSA_KEY": 95, "FCODE": "GSAPOLY", "GSA_NAME": "WAVERLEY", "MUN_CODE": "HRM", "GSA_REM": " ", "SOURCE": "DM", "DATE_ACT": 980899200000, "SYS_DATE": 1765394030000, "GLOBALID": "d58e45c6-8d7e-4cf2-84b4-f75b5676ab78", "Shape__Area": 119786111.26953125, "Shape__Length": 63451.949732151894}}, {"type": "Feature", "id": 94, "geometry": {"type": "Polygon", "coordinates": [[[-63.478052, 44.807427], [-63.477925, 44.807365], [-63.477899, 44.807257], [-63.477252, 44.807026], [-63.476643, 44.806749], [-63.476401, 44.806588], [-63.476284, 44.806219], [-63.476169, 44.806049], [-63.476001, 44.805626], [-63.47571, 44.805538], [-63.475467, 44.805287], [-63.475025, 44.805279], [-63.474708, 44.805209], [-63.474613, 44.805118], [-63.473093, 44.804935], [-63.471205, 44.803075], [-63.470488, 44.801106], [-63.468483, 44.801147], [-63.467476, 44.801376], [-63.466155, 44.800532], [-63.465401, 44.800644], [-63.463047, 44.801515], [-63.459039, 44.801419], [-63.453624, 44.800656], [-63.450876, 44.800112], [-63.449835, 44.799837], [-63.448941, 44.799281], [-63.448612, 44.799265], [-63.448297, 44.799365], [-63.447892, 44.799259], [-63.447624, 44.798963], [-63.447457, 44.798912], [-63.446491, 44.798975], [-63.446047, 44.799464], [-63.445517, 44.799592], [-63.445345, 44.799676], [-63.442644, 44.799237], [-63.442013, 44.797209], [-63.440762, 44.797079], [-63.439839, 44.797308], [-63.43778, 44.797212], [-63.437661, 44.797296], [-63.433152, 44.795649], [-63.430995, 44.794728], [-63.430004, 44.794193], [-63.429069, 44.793582], [-63.428201, 44.792899], [-63.427427, 44.792161], [-63.426773, 44.791386], [-63.426499, 44.79099], [-63.4261, 44.790163], [-63.42588, 44.789282], [-63.42562, 44.787457], [-63.425403, 44.786563], [-63.423649, 44.781312], [-63.42076, 44.773013], [-63.419444, 44.76825], [-63.411811, 44.750111], [-63.409022, 44.742645], [-63.407709, 44.740244], [-63.405288, 44.734991], [-63.406432, 44.734897], [-63.406892, 44.734646], [-63.406516, 44.733877], [-63.404977, 44.734201], [-63.404143, 44.732208], [-63.403974, 44.732165], [-63.403244, 44.730449], [-63.403075, 44.730027], [-63.403099, 44.729839], [-63.402921, 44.729243], [-63.402146, 44.727923], [-63.401583, 44.726712], [-63.39937, 44.720894], [-63.399089, 44.72056], [-63.397717, 44.719698], [-63.397528, 44.719479], [-63.397323, 44.7191], [-63.397177, 44.718676], [-63.397023, 44.717936], [-63.397082, 44.717573], [-63.397445, 44.716621], [-63.397453, 44.716332], [-63.397356, 44.716058], [-63.397022, 44.715482], [-63.396813, 44.715212], [-63.396424, 44.714868], [-63.392689, 44.712525], [-63.39279, 44.712201], [-63.393455, 44.712046], [-63.394156, 44.712016], [-63.394295, 44.712027], [-63.394417, 44.712297], [-63.408854, 44.709287], [-63.409393, 44.709154], [-63.409375, 44.709108], [-63.415962, 44.707737], [-63.41586, 44.707477], [-63.423005, 44.705995], [-63.432319, 44.704315], [-63.436618, 44.703415], [-63.436256, 44.702514], [-63.43826, 44.702154], [-63.438527, 44.70285], [-63.44151, 44.702264], [-63.441672, 44.702649], [-63.442643, 44.702786], [-63.443926, 44.703079], [-63.444768, 44.703355], [-63.445642, 44.703715], [-63.446639, 44.704224], [-63.44647, 44.704371], [-63.446492, 44.704658], [-63.447439, 44.705128], [-63.447863, 44.705289], [-63.448603, 44.705508], [-63.449343, 44.705656], [-63.450295, 44.705753], [-63.451256, 44.70575], [-63.455957, 44.705288], [-63.456677, 44.705316], [-63.458886, 44.705546], [-63.458895, 44.705506], [-63.459976, 44.705564], [-63.46008, 44.705694], [-63.46128, 44.706616], [-63.461786, 44.706894], [-63.462507, 44.707621], [-63.462664, 44.708642], [-63.462045, 44.709315], [-63.462035, 44.709611], [-63.46247, 44.710574], [-63.462737, 44.710789], [-63.463202, 44.711862], [-63.464016, 44.712766], [-63.465043, 44.71354], [-63.465553, 44.714197], [-63.465627, 44.714885], [-63.466272, 44.715178], [-63.466862, 44.715327], [-63.466946, 44.715678], [-63.465714, 44.715896], [-63.465864, 44.716423], [-63.465343, 44.716551], [-63.463214, 44.716884], [-63.457552, 44.718011], [-63.457526, 44.717962], [-63.456302, 44.718212], [-63.456845, 44.718963], [-63.457785, 44.720738], [-63.459963, 44.724572], [-63.460094, 44.724877], [-63.462376, 44.728962], [-63.461862, 44.729073], [-63.458324, 44.729065], [-63.444476, 44.732107], [-63.445359, 44.733007], [-63.445491, 44.733316], [-63.445684, 44.733526], [-63.446454, 44.734172], [-63.448874, 44.733129], [-63.451115, 44.73574], [-63.451527, 44.736045], [-63.451788, 44.736391], [-63.451883, 44.73666], [-63.454314, 44.739522], [-63.450665, 44.740306], [-63.450667, 44.740568], [-63.450954, 44.741129], [-63.451016, 44.741363], [-63.450974, 44.741692], [-63.450855, 44.741804], [-63.451356, 44.742003], [-63.451505, 44.742353], [-63.452296, 44.743096], [-63.452617, 44.743166], [-63.452807, 44.743137], [-63.453318, 44.743168], [-63.453896, 44.743327], [-63.454529, 44.743598], [-63.455584, 44.743882], [-63.455932, 44.743876], [-63.456372, 44.743943], [-63.456422, 44.743971], [-63.456488, 44.744214], [-63.456437, 44.744582], [-63.445066, 44.745909], [-63.442014, 44.746318], [-63.444538, 44.750419], [-63.447275, 44.755253], [-63.447931, 44.756941], [-63.448987, 44.758477], [-63.458813, 44.756781], [-63.458942, 44.757312], [-63.478196, 44.807456], [-63.478052, 44.807427]]]}, "properties": {"OBJECTID": 94, "GSA_KEY": 96, "FCODE": "GSAPOLY", "GSA_NAME": "EAST PRESTON", "MUN_CODE": "HRM", "GSA_REM": " ", "SOURCE": "CR", "DATE_ACT": 980899200000, "SYS_DATE": 1484524800000, "GLOBALID": "bf65ab02-1b0b-45e6-aa10-029af0b92345", "Shape__Area": 77656193.1953125, "Shape__Length": 52626.50431351437}}, {"type": "Feature", "id": 95, "geometry": {"type": "Polygon", "coordinates": [[[-63.643265, 44.804935], [-63.642476, 44.804035], [-63.641169, 44.805489], [-63.63818, 44.803671], [-63.639752, 44.801721], [-63.639339, 44.801511], [-63.63877, 44.800199], [-63.63877, 44.800037], [-63.638263, 44.798882], [-63.63623, 44.795445], [-63.633389, 44.792093], [-63.631815, 44.78928], [-63.631234, 44.788454], [-63.630559, 44.788009], [-63.629782, 44.787818], [-63.629206, 44.787555], [-63.629078, 44.787339], [-63.629145, 44.787064], [-63.629135, 44.786719], [-63.628732, 44.786399], [-63.627707, 44.785443], [-63.626454, 44.784555], [-63.625749, 44.783879], [-63.625566, 44.783137], [-63.625148, 44.783112], [-63.624847, 44.783028], [-63.624035, 44.782918], [-63.623272, 44.783024], [-63.622353, 44.782951], [-63.622023, 44.782858], [-63.620523, 44.782809], [-63.619655, 44.782907], [-63.618975, 44.78304], [-63.618368, 44.783224], [-63.617117, 44.783722], [-63.617742, 44.780156], [-63.617948, 44.779207], [-63.618114, 44.778875], [-63.61892, 44.777869], [-63.619378, 44.777482], [-63.620094, 44.777074], [-63.62805, 44.773098], [-63.628192, 44.774016], [-63.628465, 44.775045], [-63.628892, 44.776253], [-63.629187, 44.776899], [-63.629523, 44.777522], [-63.63012, 44.778423], [-63.631033, 44.779554], [-63.631684, 44.780243], [-63.632863, 44.781315], [-63.635058, 44.780261], [-63.63962, 44.784556], [-63.639728, 44.784433], [-63.640792, 44.783793], [-63.644111, 44.782964], [-63.645561, 44.78219], [-63.648633, 44.781804], [-63.650165, 44.781952], [-63.653602, 44.782899], [-63.654943, 44.782909], [-63.657007, 44.782719], [-63.658827, 44.782801], [-63.660929, 44.783226], [-63.662555, 44.783477], [-63.665657, 44.786039], [-63.665845, 44.786137], [-63.66607, 44.786182], [-63.666405, 44.786155], [-63.666569, 44.786076], [-63.666743, 44.785882], [-63.666951, 44.785821], [-63.669995, 44.786235], [-63.671826, 44.786837], [-63.673401, 44.787456], [-63.670987, 44.790399], [-63.667977, 44.794616], [-63.665198, 44.798332], [-63.658425, 44.80757], [-63.657584, 44.808803], [-63.656807, 44.809736], [-63.657379, 44.810021], [-63.658021, 44.810238], [-63.658163, 44.810333], [-63.658256, 44.810537], [-63.658397, 44.810649], [-63.658933, 44.810798], [-63.659285, 44.811234], [-63.659975, 44.8114], [-63.660536, 44.81143], [-63.660786, 44.811592], [-63.659438, 44.813167], [-63.662601, 44.819318], [-63.661309, 44.820947], [-63.661928, 44.822432], [-63.660055, 44.822555], [-63.657264, 44.826277], [-63.654086, 44.827492], [-63.653052, 44.825466], [-63.648712, 44.819049], [-63.643961, 44.809473], [-63.643818, 44.808783], [-63.644027, 44.808458], [-63.645055, 44.807813], [-63.64539, 44.807471], [-63.644893, 44.806797], [-63.643898, 44.805651], [-63.644234, 44.805488], [-63.643747, 44.80548], [-63.643265, 44.804935]]]}, "properties": {"OBJECTID": 95, "GSA_KEY": 97, "FCODE": "GSAPOLY", "GSA_NAME": "WINDSOR JUNCTION", "MUN_CODE": "HRM", "GSA_REM": " ", "SOURCE": "SD", "DATE_ACT": 980899200000, "SYS_DATE": 1596672000000, "GLOBALID": "5d1cfb35-01ff-46e6-a894-47c64ac5cde2", "Shape__Area": 19007471.55859375, "Shape__Length": 26193.861022138553}}, {"type": "Feature", "id": 96, "geometry": {"type": "Polygon", "coordinates": [[[-63.084885, 44.790693], [-63.096735, 44.782274], [-63.096239, 44.781946], [-63.096893, 44.7813], [-63.096681, 44.781191], [-63.096054, 44.781804], [-63.095366, 44.781367], [-63.096234, 44.780571], [-63.097624, 44.781376], [-63.097989, 44.781321], [-63.098367, 44.78135], [-63.098705, 44.781454], [-63.098968, 44.781635], [-63.099105, 44.781477], [-63.09953, 44.781884], [-63.099365, 44.782074], [-63.099607, 44.78243], [-63.101999, 44.783716], [-63.102177, 44.783941], [-63.102279, 44.783857], [-63.102191, 44.783242], [-63.104597, 44.782558], [-63.111558, 44.782795], [-63.111443, 44.78597], [-63.10937, 44.788238], [-63.109355, 44.788559], [-63.109225, 44.788642], [-63.109189, 44.788765], [-63.109005, 44.788675], [-63.108836, 44.788802], [-63.108808, 44.788999], [-63.108757, 44.789006], [-63.108755, 44.789096], [-63.106511, 44.793328], [-63.09862, 44.796201], [-63.096194, 44.79619], [-63.095503, 44.796134], [-63.090461, 44.79663], [-63.088426, 44.792213], [-63.085806, 44.792439], [-63.084885, 44.790693]]]}, "properties": {"OBJECTID": 96, "GSA_KEY": 98, "FCODE": "GSAPOLY", "GSA_NAME": "SMITHS SETTLEMENT", "MUN_CODE": "HRM", "GSA_REM": " ", "SOURCE": null, "DATE_ACT": 980899200000, "SYS_DATE": 1687960253000, "GLOBALID": "8c2747b3-aa4b-4a15-b17e-4b1371878d19", "Shape__Area": 4438480.9140625, "Shape__Length": 9642.005500723677}}, {"type": "Feature", "id": 97, "geometry": {"type": "Polygon", "coordinates": [[[-63.855028, 44.803965], [-63.854927, 44.80392], [-63.854649, 44.803927], [-63.854486, 44.803827], [-63.854323, 44.803655], [-63.854301, 44.803412], [-63.853509, 44.803012], [-63.853109, 44.802569], [-63.852795, 44.802378], [-63.85238, 44.802249], [-63.851748, 44.802237], [-63.850765, 44.801943], [-63.850107, 44.802038], [-63.849694, 44.801937], [-63.863112, 44.781579], [-63.860442, 44.777873], [-63.858271, 44.776474], [-63.858138, 44.77614], [-63.856817, 44.775184], [-63.858411, 44.771023], [-63.861897, 44.766809], [-63.862346, 44.766373], [-63.86377, 44.76626], [-63.864407, 44.766369], [-63.864804, 44.766525], [-63.865097, 44.766794], [-63.865336, 44.766763], [-63.865825, 44.766855], [-63.866351, 44.766639], [-63.867582, 44.766532], [-63.867833, 44.76642], [-63.867961, 44.766202], [-63.867975, 44.766007], [-63.867637, 44.765608], [-63.866457, 44.765293], [-63.866028, 44.764974], [-63.865985, 44.764649], [-63.865741, 44.764113], [-63.865836, 44.763716], [-63.866255, 44.762883], [-63.867674, 44.76229], [-63.867789, 44.762129], [-63.867678, 44.759792], [-63.867726, 44.758559], [-63.867817, 44.757481], [-63.867912, 44.75719], [-63.868118, 44.757044], [-63.868403, 44.756989], [-63.868465, 44.756568], [-63.868419, 44.754507], [-63.870019, 44.749714], [-63.87013, 44.74793], [-63.872048, 44.743236], [-63.876738, 44.739012], [-63.881016, 44.735882], [-63.883221, 44.736365], [-63.891045, 44.735335], [-63.896374, 44.734696], [-63.896507, 44.734532], [-63.897988, 44.730875], [-63.895628, 44.730452], [-63.89482, 44.728798], [-63.890412, 44.721791], [-63.895563, 44.715757], [-63.895746, 44.713659], [-63.893056, 44.710948], [-63.892013, 44.709337], [-63.891832, 44.709336], [-63.89174, 44.709279], [-63.891744, 44.709131], [-63.891666, 44.708933], [-63.891702, 44.708872], [-63.891681, 44.708769], [-63.891829, 44.708649], [-63.891063, 44.707491], [-63.891452, 44.70624], [-63.890076, 44.703049], [-63.889243, 44.701701], [-63.889371, 44.701253], [-63.891087, 44.6985], [-63.891442, 44.697658], [-63.89128, 44.69739], [-63.891272, 44.697303], [-63.891393, 44.697013], [-63.891204, 44.696665], [-63.891293, 44.696312], [-63.89126, 44.696215], [-63.891018, 44.696011], [-63.890742, 44.695957], [-63.890581, 44.695838], [-63.890422, 44.695578], [-63.890315, 44.69526], [-63.889968, 44.694804], [-63.889833, 44.694434], [-63.889818, 44.694317], [-63.890033, 44.694199], [-63.890187, 44.693861], [-63.890471, 44.693563], [-63.890708, 44.693177], [-63.890855, 44.692795], [-63.890817, 44.692414], [-63.890656, 44.692173], [-63.890382, 44.691349], [-63.890339, 44.690899], [-63.891911, 44.687147], [-63.895825, 44.683025], [-63.899152, 44.678859], [-63.901324, 44.672929], [-63.905758, 44.669437], [-63.907304, 44.667353], [-63.90804, 44.664093], [-63.909354, 44.661757], [-63.912885, 44.660436], [-63.921099, 44.659809], [-63.925162, 44.658528], [-63.927764, 44.655065], [-63.932467, 44.651912], [-63.948805, 44.641906], [-63.951424, 44.635486], [-63.947519, 44.624984], [-63.999385, 44.624842], [-63.962198, 44.639921], [-63.961722, 44.644576], [-63.93168, 44.657989], [-63.933938, 44.661897], [-63.934649, 44.662593], [-63.935108, 44.662498], [-63.935378, 44.662795], [-63.935566, 44.662924], [-63.934647, 44.66332], [-63.935436, 44.664412], [-63.934477, 44.664666], [-63.934249, 44.664398], [-63.933633, 44.664741], [-63.932753, 44.665016], [-63.932089, 44.665086], [-63.930616, 44.665118], [-63.929944, 44.665211], [-63.929165, 44.665459], [-63.928675, 44.665732], [-63.928247, 44.666147], [-63.927416, 44.667301], [-63.927023, 44.667965], [-63.926789, 44.668659], [-63.926592, 44.669066], [-63.926276, 44.669484], [-63.925725, 44.670027], [-63.925367, 44.670535], [-63.925072, 44.671446], [-63.924702, 44.673165], [-63.92432, 44.674345], [-63.932187, 44.685843], [-63.93803, 44.68374], [-63.937864, 44.683481], [-63.942354, 44.682034], [-63.942304, 44.681963], [-63.945746, 44.680732], [-63.949028, 44.679639], [-63.94891, 44.680047], [-63.948902, 44.680315], [-63.949056, 44.68103], [-63.94901, 44.681761], [-63.948423, 44.683927], [-63.948409, 44.68472], [-63.948257, 44.685724], [-63.948262, 44.686127], [-63.948357, 44.686374], [-63.948617, 44.686774], [-63.949283, 44.687495], [-63.947544, 44.687301], [-63.947669, 44.68902], [-63.947236, 44.6903], [-63.946393, 44.693881], [-63.947466, 44.693557], [-63.956662, 44.689874], [-63.95907, 44.688987], [-63.96322, 44.687915], [-63.963755, 44.688564], [-63.963799, 44.688706], [-63.963631, 44.689335], [-63.963656, 44.689547], [-63.964031, 44.689876], [-63.964119, 44.690095], [-63.964045, 44.690365], [-63.963717, 44.690748], [-63.96368, 44.690877], [-63.964044, 44.691412], [-63.963979, 44.691643], [-63.964138, 44.691971], [-63.964216, 44.69228], [-63.964723, 44.692989], [-63.964956, 44.693125], [-63.965611, 44.693327], [-63.965682, 44.693462], [-63.96558, 44.693751], [-63.965874, 44.6945], [-63.96607, 44.694563], [-63.966589, 44.694914], [-63.967216, 44.694894], [-63.967373, 44.694963], [-63.967395, 44.695176], [-63.967496, 44.695316], [-63.967611, 44.695418], [-63.96796, 44.69558], [-63.968246, 44.695801], [-63.968738, 44.696534], [-63.969068, 44.696753], [-63.969517, 44.696885], [-63.970286, 44.69682], [-63.97066, 44.696862], [-63.971015, 44.696994], [-63.971154, 44.697095], [-63.971412, 44.697347], [-63.971851, 44.698006], [-63.972618, 44.698575], [-63.973166, 44.699503], [-63.973353, 44.699678], [-63.973647, 44.69989], [-63.974101, 44.700112], [-63.974971, 44.700405], [-63.975516, 44.700841], [-63.975646, 44.701099], [-63.975694, 44.701519], [-63.975663, 44.701815], [-63.975557, 44.702001], [-63.975562, 44.702312], [-63.975705, 44.702547], [-63.975876, 44.703036], [-63.976334, 44.703766], [-63.976741, 44.703956], [-63.977812, 44.704109], [-63.978734, 44.704059], [-63.978989, 44.704152], [-63.979105, 44.704552], [-63.978855, 44.705202], [-63.979301, 44.705492], [-63.980597, 44.706149], [-63.981272, 44.70674], [-63.983513, 44.709517], [-63.983708, 44.7101], [-63.984277, 44.710971], [-63.984649, 44.712315], [-63.984608, 44.712514], [-63.984261, 44.712798], [-63.983995, 44.712928], [-63.983841, 44.713105], [-63.98391, 44.713453], [-63.984204, 44.713712], [-63.984749, 44.71376], [-63.985117, 44.713733], [-63.985807, 44.713587], [-63.986229, 44.713943], [-63.986528, 44.715327], [-63.98655, 44.715641], [-63.986951, 44.716485], [-63.987358, 44.717078], [-63.987613, 44.717638], [-63.987636, 44.717781], [-63.987388, 44.718186], [-63.987326, 44.718425], [-63.987276, 44.718673], [-63.987305, 44.718968], [-63.987879, 44.720167], [-63.988309, 44.72048], [-63.988911, 44.721239], [-63.989102, 44.721377], [-63.990678, 44.722003], [-63.991045, 44.722231], [-63.991503, 44.722912], [-63.991872, 44.723319], [-63.991971, 44.723514], [-63.99209, 44.724054], [-63.992111, 44.724388], [-63.993521, 44.725248], [-63.996847, 44.72693], [-63.998166, 44.730008], [-63.998336, 44.73259], [-63.997746, 44.734072], [-63.995888, 44.733972], [-63.995118, 44.734061], [-63.994363, 44.734308], [-63.994197, 44.734096], [-63.994236, 44.733223], [-63.993961, 44.732611], [-63.993946, 44.732485], [-63.993772, 44.732261], [-63.993708, 44.732227], [-63.993332, 44.73226], [-63.9931, 44.732224], [-63.992638, 44.731822], [-63.992302, 44.731792], [-63.992024, 44.731957], [-63.991616, 44.732449], [-63.991538, 44.732577], [-63.991517, 44.732783], [-63.991537, 44.733217], [-63.991928, 44.733781], [-63.991979, 44.733915], [-63.991913, 44.734143], [-63.991368, 44.734681], [-63.990405, 44.735079], [-63.990156, 44.735295], [-63.990091, 44.735474], [-63.990275, 44.736375], [-63.990261, 44.736669], [-63.990034, 44.737407], [-63.990015, 44.737717], [-63.990654, 44.738589], [-63.990705, 44.738758], [-63.990814, 44.739502], [-63.990783, 44.739863], [-63.990707, 44.740073], [-63.99039, 44.740629], [-63.989555, 44.741543], [-63.989288, 44.742028], [-63.989077, 44.742571], [-63.988713, 44.742899], [-63.98785, 44.743185], [-63.987017, 44.743737], [-63.986293, 44.74456], [-63.985654, 44.745642], [-63.985182, 44.746051], [-63.985028, 44.74671], [-63.985076, 44.747181], [-63.985177, 44.747456], [-63.985402, 44.747702], [-63.985827, 44.74788], [-63.985934, 44.747974], [-63.985971, 44.748093], [-63.985949, 44.748608], [-63.985638, 44.749074], [-63.985635, 44.749436], [-63.985373, 44.750971], [-63.984367, 44.751446], [-63.983858, 44.751832], [-63.983554, 44.751848], [-63.983193, 44.751789], [-63.982993, 44.751846], [-63.982545, 44.752203], [-63.982195, 44.752322], [-63.981873, 44.752497], [-63.98175, 44.752756], [-63.981469, 44.753692], [-63.981152, 44.754296], [-63.981075, 44.755637], [-63.981986, 44.756846], [-63.982767, 44.757375], [-63.984261, 44.758809], [-63.98557, 44.760271], [-63.987067, 44.761414], [-63.987296, 44.761798], [-63.988854, 44.763278], [-63.99035, 44.764518], [-63.990347, 44.764827], [-63.990485, 44.765598], [-63.991135, 44.766366], [-63.992511, 44.767537], [-63.996086, 44.769438], [-63.997908, 44.770993], [-63.998727, 44.77187], [-63.999281, 44.771759], [-63.999852, 44.77151], [-64.000101, 44.771471], [-64.000561, 44.77159], [-64.000954, 44.77198], [-64.001855, 44.773052], [-64.002265, 44.773362], [-64.002607, 44.773706], [-64.002697, 44.773961], [-64.002861, 44.774892], [-64.00315, 44.775347], [-64.004018, 44.776048], [-64.004247, 44.776423], [-64.004337, 44.776666], [-64.004726, 44.777181], [-64.005464, 44.77751], [-64.006295, 44.778347], [-64.006957, 44.778727], [-64.007856, 44.77868], [-64.008022, 44.778875], [-64.00836, 44.779467], [-64.009066, 44.779671], [-64.011515, 44.781595], [-64.012492, 44.781747], [-64.013615, 44.781672], [-64.014797, 44.7817], [-64.019214, 44.782825], [-63.865859, 44.797048], [-63.865807, 44.797366], [-63.865705, 44.797437], [-63.865274, 44.797561], [-63.865235, 44.797687], [-63.865243, 44.798074], [-63.864979, 44.797937], [-63.864956, 44.797784], [-63.864906, 44.797721], [-63.864805, 44.797702], [-63.86393, 44.797995], [-63.863814, 44.798138], [-63.863775, 44.798282], [-63.863495, 44.798415], [-63.863484, 44.798298], [-63.863346, 44.798171], [-63.862879, 44.79816], [-63.862954, 44.798043], [-63.862879, 44.797935], [-63.862678, 44.79788], [-63.862488, 44.797924], [-63.861991, 44.79838], [-63.861989, 44.798641], [-63.862163, 44.798831], [-63.861554, 44.799115], [-63.861479, 44.798998], [-63.861472, 44.798512], [-63.861498, 44.798395], [-63.861793, 44.798046], [-63.861794, 44.797965], [-63.861744, 44.797919], [-63.861277, 44.797809], [-63.861102, 44.797655], [-63.860837, 44.797635], [-63.860711, 44.797554], [-63.860585, 44.797544], [-63.860204, 44.797713], [-63.860126, 44.797937], [-63.860037, 44.797937], [-63.859798, 44.797872], [-63.859523, 44.79761], [-63.859422, 44.797582], [-63.859295, 44.797618], [-63.858849, 44.797984], [-63.858809, 44.798128], [-63.858821, 44.799307], [-63.858996, 44.799479], [-63.859008, 44.799578], [-63.859108, 44.799632], [-63.859804, 44.799591], [-63.859879, 44.799637], [-63.859891, 44.799727], [-63.859064, 44.800199], [-63.858973, 44.800406], [-63.858983, 44.800703], [-63.859044, 44.800838], [-63.858878, 44.80099], [-63.858851, 44.80117], [-63.858446, 44.80124], [-63.858356, 44.801383], [-63.858809, 44.801512], [-63.859075, 44.801531], [-63.859634, 44.801291], [-63.859685, 44.801229], [-63.859649, 44.801084], [-63.859954, 44.800933], [-63.860082, 44.800754], [-63.860359, 44.800827], [-63.860268, 44.801034], [-63.860102, 44.801222], [-63.860125, 44.801393], [-63.860707, 44.801387], [-63.860704, 44.801666], [-63.860665, 44.801729], [-63.860513, 44.801809], [-63.859841, 44.801958], [-63.858902, 44.802304], [-63.858068, 44.802236], [-63.85789, 44.802316], [-63.857609, 44.802603], [-63.857278, 44.802799], [-63.857213, 44.80297], [-63.856802, 44.803579], [-63.856775, 44.803705], [-63.856808, 44.804173], [-63.857298, 44.80441], [-63.857215, 44.80504], [-63.857049, 44.805192], [-63.856771, 44.805244], [-63.856379, 44.805206], [-63.856242, 44.805052], [-63.856132, 44.804709], [-63.856082, 44.804664], [-63.855691, 44.804617], [-63.855667, 44.804428], [-63.855405, 44.804138], [-63.855028, 44.803965]]]}, "properties": {"OBJECTID": 97, "GSA_KEY": 99, "FCODE": "GSAPOLY", "GSA_NAME": "HEAD OF ST MARGARETS BAY", "MUN_CODE": "HRM", "GSA_REM": " ", "SOURCE": "DM", "DATE_ACT": 980899200000, "SYS_DATE": 1728404768000, "GLOBALID": "4d2d112c-121c-48fc-8d3b-4bcb3eaed025", "Shape__Area": 226460522.13671875, "Shape__Length": 105952.99384433475}}, {"type": "Feature", "id": 98, "geometry": {"type": "Polygon", "coordinates": [[[-62.957636, 44.754419], [-62.957571, 44.754253], [-62.951161, 44.755878], [-62.95011, 44.753781], [-62.9465, 44.755542], [-62.945246, 44.756078], [-62.943447, 44.754024], [-62.94225, 44.752032], [-62.941756, 44.751524], [-62.940485, 44.750867], [-62.940184, 44.750445], [-62.940027, 44.749052], [-62.93988, 44.748688], [-62.939624, 44.748564], [-62.939065, 44.748645], [-62.938359, 44.749108], [-62.938258, 44.74907], [-62.938333, 44.748957], [-62.938311, 44.74866], [-62.939373, 44.748354], [-62.939347, 44.748092], [-62.93957, 44.7479], [-62.939587, 44.747585], [-62.939745, 44.747331], [-62.939652, 44.747134], [-62.939635, 44.746981], [-62.939725, 44.746521], [-62.939834, 44.74634], [-62.939777, 44.74608], [-62.939831, 44.745728], [-62.939629, 44.745458], [-62.93762, 44.746657], [-62.937308, 44.746311], [-62.938362, 44.745972], [-62.93817, 44.745711], [-62.937602, 44.744447], [-62.936771, 44.741661], [-62.936296, 44.741059], [-62.923249, 44.74934], [-62.91914, 44.752086], [-62.919388, 44.753546], [-62.913536, 44.754817], [-62.913441, 44.754626], [-62.913432, 44.754268], [-62.913684, 44.7538], [-62.913693, 44.753572], [-62.913569, 44.753159], [-62.913142, 44.752788], [-62.912533, 44.752496], [-62.91238, 44.752372], [-62.91203, 44.751727], [-62.911462, 44.751227], [-62.911341, 44.751066], [-62.911306, 44.750745], [-62.911091, 44.750448], [-62.910846, 44.750286], [-62.910321, 44.750105], [-62.90985, 44.749821], [-62.909109, 44.74947], [-62.907903, 44.749073], [-62.907242, 44.748805], [-62.906101, 44.748086], [-62.904704, 44.747491], [-62.904144, 44.747327], [-62.90332, 44.747188], [-62.902491, 44.746839], [-62.901493, 44.746563], [-62.900622, 44.746061], [-62.900169, 44.745873], [-62.900339, 44.745848], [-62.897421, 44.744056], [-62.897982, 44.743], [-62.894585, 44.741111], [-62.896372, 44.739382], [-62.902143, 44.743147], [-62.902364, 44.742674], [-62.902706, 44.742175], [-62.902474, 44.741979], [-62.900114, 44.738418], [-62.897034, 44.731165], [-62.894862, 44.728662], [-62.892244, 44.726421], [-62.873401, 44.696535], [-62.848088, 44.653118], [-62.855643, 44.652832], [-62.910222, 44.653524], [-62.992417, 44.657303], [-62.992071, 44.690931], [-62.94453, 44.7148], [-62.951446, 44.724274], [-62.952825, 44.726348], [-62.954064, 44.728109], [-62.954815, 44.729073], [-62.962007, 44.733048], [-62.959361, 44.733565], [-62.964251, 44.736353], [-62.968186, 44.740896], [-62.969543, 44.743117], [-62.97228, 44.745142], [-62.973193, 44.750862], [-62.965401, 44.751015], [-62.965274, 44.755047], [-62.965136, 44.755902], [-62.96029, 44.759267], [-62.957636, 44.754419]]]}, "properties": {"OBJECTID": 98, "GSA_KEY": 100, "FCODE": "GSAPOLY", "GSA_NAME": "CLAM BAY", "MUN_CODE": "HRM", "GSA_REM": " ", "SOURCE": "CR", "DATE_ACT": 980899200000, "SYS_DATE": 1774272035000, "GLOBALID": "58e32a46-2f75-481c-acca-71fbecfc4863", "Shape__Area": 163093359.0234375, "Shape__Length": 66878.01635530402}}, {"type": "Feature", "id": 99, "geometry": {"type": "Polygon", "coordinates": [[[-63.09973, 44.782509], [-63.099548, 44.782373], [-63.099365, 44.782074], [-63.09953, 44.781884], [-63.099105, 44.781477], [-63.098968, 44.781635], [-63.098705, 44.781454], [-63.098367, 44.78135], [-63.097989, 44.781321], [-63.097624, 44.781376], [-63.095576, 44.780207], [-63.097114, 44.780272], [-63.096624, 44.778954], [-63.096908, 44.778766], [-63.094719, 44.774782], [-63.092284, 44.769246], [-63.08504, 44.769172], [-63.082998, 44.765673], [-63.086292, 44.760018], [-63.085005, 44.759988], [-63.09012, 44.756177], [-63.089643, 44.755394], [-63.087396, 44.751181], [-63.085332, 44.747059], [-63.084454, 44.745029], [-63.08291, 44.742322], [-63.081023, 44.73919], [-63.080295, 44.737746], [-63.070287, 44.73012], [-63.063498, 44.734552], [-63.059418, 44.731514], [-63.06361, 44.727935], [-63.060793, 44.728078], [-63.058496, 44.728064], [-63.058438, 44.72786], [-63.058288, 44.727796], [-63.057924, 44.727761], [-63.0585, 44.722571], [-63.056018, 44.722869], [-63.055385, 44.723062], [-63.054187, 44.723219], [-63.053407, 44.72345], [-63.052881, 44.723419], [-63.052822, 44.722821], [-63.052545, 44.722765], [-63.052794, 44.722526], [-63.052633, 44.72166], [-63.054412, 44.721032], [-63.055647, 44.72003], [-63.0526, 44.718378], [-63.049943, 44.714346], [-63.049416, 44.713125], [-63.049409, 44.71096], [-63.049029, 44.710049], [-63.048437, 44.709761], [-63.048403, 44.709643], [-63.048431, 44.7095], [-63.04851, 44.709401], [-63.048473, 44.709357], [-63.048034, 44.709243], [-63.047487, 44.708912], [-63.047261, 44.708874], [-63.046957, 44.708915], [-63.046801, 44.708597], [-63.046794, 44.708373], [-63.046833, 44.70831], [-63.047167, 44.708079], [-63.047123, 44.707324], [-63.047211, 44.706821], [-63.047316, 44.706642], [-63.047612, 44.70643], [-63.047917, 44.706326], [-63.050379, 44.705027], [-63.055224, 44.703017], [-63.057874, 44.701998], [-63.060515, 44.703556], [-63.062157, 44.704991], [-63.070557, 44.706692], [-63.080856, 44.709758], [-63.082044, 44.698567], [-63.078851, 44.689969], [-63.106158, 44.692819], [-63.127542, 44.69317], [-63.129756, 44.70374], [-63.131922, 44.710887], [-63.130329, 44.71244], [-63.121583, 44.714832], [-63.118177, 44.716584], [-63.116603, 44.717337], [-63.11421, 44.717211], [-63.113832, 44.717717], [-63.114686, 44.719643], [-63.109824, 44.723184], [-63.104278, 44.726786], [-63.10871, 44.731688], [-63.111234, 44.736328], [-63.112904, 44.738602], [-63.115256, 44.748429], [-63.115639, 44.756457], [-63.115008, 44.764814], [-63.113994, 44.773167], [-63.112222, 44.7811], [-63.111558, 44.782795], [-63.104597, 44.782558], [-63.102191, 44.783242], [-63.102279, 44.783857], [-63.102177, 44.783941], [-63.101999, 44.783716], [-63.09973, 44.782509]]]}, "properties": {"OBJECTID": 99, "GSA_KEY": 101, "FCODE": "GSAPOLY", "GSA_NAME": "OSTREA LAKE", "MUN_CODE": "HRM", "GSA_REM": " ", "SOURCE": "CR", "DATE_ACT": 980899200000, "SYS_DATE": 1687960253000, "GLOBALID": "69b3fbd7-1970-4fc6-86f8-4612bc4077f0", "Shape__Area": 64366386.24609375, "Shape__Length": 49176.140347652035}}, {"type": "Feature", "id": 100, "geometry": {"type": "Polygon", "coordinates": [[[-62.822192, 44.76219], [-62.821592, 44.761749], [-62.816549, 44.76636], [-62.8134, 44.764634], [-62.812424, 44.764144], [-62.813558, 44.763101], [-62.801726, 44.757419], [-62.784706, 44.757503], [-62.769334, 44.758988], [-62.774693, 44.754436], [-62.780888, 44.74833], [-62.783417, 44.742705], [-62.783593, 44.740412], [-62.78191, 44.718259], [-62.812751, 44.733689], [-62.809606, 44.749191], [-62.807542, 44.750697], [-62.808824, 44.752923], [-62.811533, 44.752387], [-62.812491, 44.752634], [-62.815089, 44.754116], [-62.815619, 44.754101], [-62.816513, 44.753965], [-62.816712, 44.753854], [-62.817015, 44.753833], [-62.817297, 44.75402], [-62.817276, 44.754217], [-62.816246, 44.754445], [-62.815921, 44.754584], [-62.817622, 44.755563], [-62.817899, 44.755479], [-62.819254, 44.756228], [-62.819223, 44.756422], [-62.819514, 44.756522], [-62.819631, 44.756333], [-62.819995, 44.756098], [-62.8204, 44.756354], [-62.836166, 44.762557], [-62.835671, 44.763103], [-62.821365, 44.777104], [-62.821393, 44.777561], [-62.821113, 44.777924], [-62.820992, 44.77816], [-62.820989, 44.778434], [-62.821041, 44.778617], [-62.820772, 44.778493], [-62.820728, 44.778207], [-62.820822, 44.777936], [-62.821141, 44.777536], [-62.821199, 44.777247], [-62.820957, 44.776602], [-62.820722, 44.775705], [-62.820325, 44.774927], [-62.820261, 44.77436], [-62.820316, 44.774018], [-62.82076, 44.772987], [-62.821123, 44.772289], [-62.821844, 44.771209], [-62.821963, 44.770903], [-62.82203, 44.770479], [-62.82191, 44.769095], [-62.821941, 44.768815], [-62.822068, 44.768283], [-62.822283, 44.767758], [-62.822599, 44.767205], [-62.822656, 44.766953], [-62.822652, 44.766746], [-62.822458, 44.765992], [-62.82245, 44.765659], [-62.82255, 44.765055], [-62.82274, 44.764549], [-62.822724, 44.764342], [-62.822582, 44.763651], [-62.82249, 44.762814], [-62.822401, 44.762454], [-62.822328, 44.762312], [-62.822192, 44.76219]]]}, "properties": {"OBJECTID": 100, "GSA_KEY": 102, "FCODE": "GSAPOLY", "GSA_NAME": "DEBAIES COVE", "MUN_CODE": "HRM", "GSA_REM": " ", "SOURCE": "CR", "DATE_ACT": 980899200000, "SYS_DATE": null, "GLOBALID": "43dedbbf-39a8-4312-b553-9ec21d858815", "Shape__Area": 21439958.08984375, "Shape__Length": 30928.97957757051}}, {"type": "Feature", "id": 101, "geometry": {"type": "Polygon", "coordinates": [[[-63.193068, 44.772352], [-63.182777, 44.768027], [-63.180676, 44.767098], [-63.18049, 44.766605], [-63.18006, 44.766779], [-63.180032, 44.766743], [-63.179472, 44.767023], [-63.178875, 44.76741], [-63.178459, 44.767762], [-63.178705, 44.76789], [-63.17824, 44.768351], [-63.177885, 44.768865], [-63.177652, 44.769415], [-63.177544, 44.769969], [-63.176112, 44.770115], [-63.176389, 44.774375], [-63.169828, 44.775441], [-63.166548, 44.777542], [-63.163719, 44.779441], [-63.161195, 44.77909], [-63.160819, 44.780364], [-63.160604, 44.780523], [-63.157665, 44.77797], [-63.156601, 44.777845], [-63.157239, 44.779047], [-63.157256, 44.779643], [-63.156212, 44.77959], [-63.155887, 44.779183], [-63.155537, 44.778615], [-63.154708, 44.778077], [-63.153705, 44.778086], [-63.155645, 44.773331], [-63.160416, 44.755193], [-63.160762, 44.752502], [-63.155713, 44.750017], [-63.154779, 44.74138], [-63.154934, 44.739879], [-63.15582, 44.738284], [-63.1563, 44.736886], [-63.156423, 44.735421], [-63.156439, 44.734298], [-63.156717, 44.73334], [-63.157321, 44.732352], [-63.161491, 44.728644], [-63.16353, 44.726152], [-63.165841, 44.722308], [-63.167719, 44.717206], [-63.171757, 44.701821], [-63.17759, 44.713233], [-63.186399, 44.732095], [-63.189091, 44.737607], [-63.189011, 44.73769], [-63.192551, 44.745254], [-63.192103, 44.746312], [-63.191193, 44.747015], [-63.190215, 44.750768], [-63.190216, 44.7543], [-63.190944, 44.759268], [-63.191513, 44.761668], [-63.192242, 44.762989], [-63.194072, 44.768317], [-63.193068, 44.772352]]]}, "properties": {"OBJECTID": 101, "GSA_KEY": 103, "FCODE": "GSAPOLY", "GSA_NAME": "WEST PETPESWICK", "MUN_CODE": "HRM", "GSA_REM": " ", "SOURCE": "DM", "DATE_ACT": 980899200000, "SYS_DATE": 1720462759000, "GLOBALID": "f7b0ff72-0bb8-4e32-a707-d0709760b4ee", "Shape__Area": 31280984.91015625, "Shape__Length": 31144.311425529406}}, {"type": "Feature", "id": 102, "geometry": {"type": "Polygon", "coordinates": [[[-63.115356, 44.760204], [-63.115639, 44.756457], [-63.115256, 44.748429], [-63.112904, 44.738602], [-63.111234, 44.736328], [-63.10871, 44.731688], [-63.104278, 44.726786], [-63.109824, 44.723184], [-63.114686, 44.719643], [-63.113832, 44.717717], [-63.11421, 44.717211], [-63.116603, 44.717337], [-63.118177, 44.716584], [-63.121583, 44.714832], [-63.130329, 44.71244], [-63.131922, 44.710887], [-63.129756, 44.70374], [-63.127542, 44.69317], [-63.106158, 44.692819], [-63.078851, 44.689969], [-63.076706, 44.684188], [-63.076695, 44.657886], [-63.157395, 44.663041], [-63.188556, 44.66681], [-63.175041, 44.68768], [-63.171757, 44.701821], [-63.167719, 44.717206], [-63.165841, 44.722308], [-63.16353, 44.726152], [-63.161491, 44.728644], [-63.157321, 44.732352], [-63.156717, 44.73334], [-63.156439, 44.734298], [-63.156423, 44.735421], [-63.1563, 44.736886], [-63.15582, 44.738284], [-63.154934, 44.739879], [-63.154779, 44.74138], [-63.155713, 44.750017], [-63.160762, 44.752502], [-63.160416, 44.755193], [-63.155645, 44.773331], [-63.153705, 44.778086], [-63.150396, 44.778109], [-63.149263, 44.77888], [-63.148725, 44.779065], [-63.148905, 44.779804], [-63.148623, 44.77971], [-63.146977, 44.779907], [-63.146862, 44.779231], [-63.146193, 44.779305], [-63.146107, 44.778595], [-63.147184, 44.778468], [-63.146827, 44.777808], [-63.147723, 44.77809], [-63.147513, 44.77787], [-63.147011, 44.777714], [-63.146239, 44.777598], [-63.146288, 44.777491], [-63.145171, 44.777458], [-63.137915, 44.776343], [-63.137252, 44.769847], [-63.14133, 44.770468], [-63.140389, 44.761202], [-63.125278, 44.758763], [-63.123845, 44.760306], [-63.115356, 44.760204]]]}, "properties": {"OBJECTID": 102, "GSA_KEY": 104, "FCODE": "GSAPOLY", "GSA_NAME": "EAST PETPESWICK", "MUN_CODE": "HRM", "GSA_REM": " ", "SOURCE": "DM", "DATE_ACT": 980899200000, "SYS_DATE": null, "GLOBALID": "e0759f8f-31c0-49f1-9141-256a060a5239", "Shape__Area": 114781719.5234375, "Shape__Length": 62882.970292664526}}, {"type": "Feature", "id": 103, "geometry": {"type": "Polygon", "coordinates": [[[-63.041936, 44.778339], [-63.025716, 44.770156], [-63.02541, 44.766059], [-63.024722, 44.759899], [-63.024512, 44.756785], [-63.03929, 44.750221], [-63.054986, 44.765388], [-63.058748, 44.770019], [-63.061741, 44.773611], [-63.057352, 44.774907], [-63.057103, 44.77511], [-63.056839, 44.77505], [-63.055797, 44.775271], [-63.056309, 44.775645], [-63.056197, 44.776074], [-63.055943, 44.775999], [-63.05558, 44.775763], [-63.055377, 44.775808], [-63.055337, 44.775619], [-63.055246, 44.775559], [-63.0543, 44.775101], [-63.053671, 44.774951], [-63.052753, 44.77485], [-63.053906, 44.773488], [-63.052538, 44.772697], [-63.052362, 44.77285], [-63.051588, 44.772398], [-63.050979, 44.772948], [-63.050198, 44.77251], [-63.049988, 44.772699], [-63.049202, 44.772257], [-63.044201, 44.776776], [-63.04353, 44.776626], [-63.043213, 44.776627], [-63.043021, 44.776699], [-63.043151, 44.77684], [-63.043094, 44.77705], [-63.043312, 44.777557], [-63.04333, 44.777774], [-63.043282, 44.777919], [-63.04277, 44.778591], [-63.041936, 44.778339]]]}, "properties": {"OBJECTID": 103, "GSA_KEY": 105, "FCODE": "GSAPOLY", "GSA_NAME": "MYERS POINT", "MUN_CODE": "HRM", "GSA_REM": " ", "SOURCE": "DM", "DATE_ACT": 980899200000, "SYS_DATE": 1418774400000, "GLOBALID": "14adc3bb-4729-4590-b2e1-fa894d31838d", "Shape__Area": 10302564.18359375, "Shape__Length": 14451.637639477278}}, {"type": "Feature", "id": 104, "geometry": {"type": "Polygon", "coordinates": [[[-63.629523, 44.777522], [-63.628892, 44.776253], [-63.628465, 44.775045], [-63.628192, 44.774016], [-63.62805, 44.773098], [-63.627763, 44.770093], [-63.627449, 44.76881], [-63.627173, 44.768034], [-63.626839, 44.768079], [-63.62514, 44.767481], [-63.623768, 44.767249], [-63.620882, 44.767353], [-63.618837, 44.76759], [-63.617194, 44.767641], [-63.615868, 44.767314], [-63.615077, 44.766803], [-63.614667, 44.766256], [-63.614544, 44.765694], [-63.614748, 44.765228], [-63.616686, 44.762998], [-63.621077, 44.759196], [-63.622734, 44.758133], [-63.623721, 44.757954], [-63.625912, 44.757867], [-63.625936, 44.757917], [-63.628937, 44.758369], [-63.634001, 44.75849], [-63.638713, 44.760005], [-63.639044, 44.759953], [-63.639553, 44.75968], [-63.639805, 44.759668], [-63.640118, 44.759532], [-63.640576, 44.75972], [-63.640738, 44.759702], [-63.641222, 44.759887], [-63.637793, 44.762697], [-63.637025, 44.763276], [-63.637522, 44.76345], [-63.634992, 44.765435], [-63.634383, 44.766066], [-63.633868, 44.766739], [-63.633338, 44.767698], [-63.63303, 44.768587], [-63.632719, 44.769953], [-63.632326, 44.770856], [-63.631964, 44.771412], [-63.631536, 44.771922], [-63.631023, 44.772409], [-63.63041, 44.772877], [-63.63027, 44.773783], [-63.629648, 44.773968], [-63.629579, 44.774061], [-63.629675, 44.774156], [-63.629779, 44.774783], [-63.630749, 44.774492], [-63.631475, 44.77533], [-63.631349, 44.775365], [-63.632117, 44.776689], [-63.631935, 44.776756], [-63.632425, 44.777244], [-63.632726, 44.777784], [-63.632468, 44.777923], [-63.632105, 44.777581], [-63.63158, 44.777846], [-63.63111, 44.777356], [-63.630677, 44.777613], [-63.634016, 44.78076], [-63.632863, 44.781315], [-63.631879, 44.780435], [-63.631033, 44.779554], [-63.63012, 44.778423], [-63.629523, 44.777522]]]}, "properties": {"OBJECTID": 104, "GSA_KEY": 106, "FCODE": "GSAPOLY", "GSA_NAME": "LAKEVIEW", "MUN_CODE": "HRM", "GSA_REM": " ", "SOURCE": "CS", "DATE_ACT": 980899200000, "SYS_DATE": 1318809600000, "GLOBALID": "719980df-efa4-4520-b919-77bc1d794142", "Shape__Area": 3878449.703125, "Shape__Length": 12154.160869869867}}, {"type": "Feature", "id": 105, "geometry": {"type": "Polygon", "coordinates": [[[-63.960249, 44.672317], [-63.960537, 44.672821], [-63.962649, 44.672207], [-63.962783, 44.67158], [-63.963216, 44.671466], [-63.963222, 44.670931], [-63.963134, 44.67056], [-63.962953, 44.670113], [-63.962994, 44.669869], [-63.962792, 44.669813], [-63.962158, 44.668818], [-63.962402, 44.668723], [-63.962253, 44.668494], [-63.963612, 44.667977], [-63.96542, 44.667537], [-63.963609, 44.663185], [-63.962423, 44.661364], [-63.961311, 44.657947], [-63.960963, 44.652005], [-63.962198, 44.639921], [-63.970977, 44.636363], [-63.971497, 44.652208], [-63.971598, 44.652262], [-63.97165, 44.652546], [-63.971911, 44.652877], [-63.972669, 44.653235], [-63.972816, 44.653351], [-63.972622, 44.65429], [-63.972194, 44.654864], [-63.971899, 44.655175], [-63.97155, 44.65604], [-63.97158, 44.656839], [-63.971737, 44.657006], [-63.972237, 44.657356], [-63.971894, 44.65755], [-63.971873, 44.657663], [-63.972289, 44.657985], [-63.972743, 44.657958], [-63.984122, 44.668716], [-63.991033, 44.674959], [-63.994741, 44.672893], [-63.995213, 44.671057], [-63.99553, 44.670438], [-63.996206, 44.66955], [-63.99661, 44.669314], [-63.997352, 44.669179], [-63.998091, 44.669235], [-63.998938, 44.669467], [-64.000886, 44.669815], [-64.001503, 44.669878], [-64.002065, 44.669874], [-64.009193, 44.666123], [-64.014729, 44.663018], [-64.018024, 44.66109], [-64.025956, 44.667265], [-64.023096, 44.66918], [-64.025568, 44.671125], [-64.025809, 44.671003], [-64.026329, 44.671052], [-64.026724, 44.671415], [-64.027927, 44.672033], [-64.031663, 44.670465], [-64.043167, 44.680428], [-64.04133, 44.685932], [-64.044862, 44.686535], [-64.044899, 44.686827], [-64.045076, 44.686979], [-64.045226, 44.687039], [-64.046304, 44.68707], [-64.045336, 44.687359], [-64.044389, 44.689337], [-64.044031, 44.690908], [-64.04418, 44.693167], [-64.044752, 44.694715], [-64.044825, 44.695964], [-64.04439, 44.69828], [-64.043624, 44.700239], [-64.043694, 44.701963], [-64.044681, 44.703631], [-64.046335, 44.705302], [-64.049356, 44.708492], [-64.050339, 44.708965], [-64.051308, 44.708995], [-64.052693, 44.709522], [-64.053241, 44.709563], [-64.05379, 44.709513], [-64.054045, 44.709631], [-64.054643, 44.710299], [-64.055117, 44.710418], [-64.055389, 44.710771], [-64.055529, 44.711632], [-64.055906, 44.712493], [-64.056443, 44.713307], [-64.058144, 44.719912], [-64.058694, 44.724313], [-64.059503, 44.727527], [-64.064337, 44.739018], [-64.068138, 44.743788], [-64.070642, 44.746314], [-64.069529, 44.757665], [-64.068788, 44.778182], [-64.019214, 44.782825], [-64.014797, 44.7817], [-64.013615, 44.781672], [-64.012492, 44.781747], [-64.011515, 44.781595], [-64.009066, 44.779671], [-64.00836, 44.779467], [-64.008022, 44.778875], [-64.007856, 44.77868], [-64.006957, 44.778727], [-64.006295, 44.778347], [-64.005464, 44.77751], [-64.004726, 44.777181], [-64.004337, 44.776666], [-64.004247, 44.776423], [-64.004018, 44.776048], [-64.00315, 44.775347], [-64.0029, 44.774995], [-64.002764, 44.774495], [-64.002697, 44.773961], [-64.002607, 44.773706], [-64.002265, 44.773362], [-64.001855, 44.773052], [-64.000954, 44.77198], [-64.000561, 44.77159], [-64.000101, 44.771471], [-63.999852, 44.77151], [-63.999281, 44.771759], [-63.998727, 44.77187], [-63.997908, 44.770993], [-63.996086, 44.769438], [-63.992511, 44.767537], [-63.991135, 44.766366], [-63.990485, 44.765598], [-63.990347, 44.764827], [-63.99035, 44.764518], [-63.988854, 44.763278], [-63.987296, 44.761798], [-63.987067, 44.761414], [-63.98557, 44.760271], [-63.984261, 44.758809], [-63.982767, 44.757375], [-63.981986, 44.756846], [-63.981075, 44.755637], [-63.981152, 44.754296], [-63.981469, 44.753692], [-63.98175, 44.752756], [-63.981873, 44.752497], [-63.982195, 44.752322], [-63.982545, 44.752203], [-63.982993, 44.751846], [-63.983193, 44.751789], [-63.983554, 44.751848], [-63.983858, 44.751832], [-63.984367, 44.751446], [-63.985373, 44.750971], [-63.985635, 44.749436], [-63.985638, 44.749074], [-63.985949, 44.748608], [-63.985971, 44.748093], [-63.985934, 44.747974], [-63.985827, 44.74788], [-63.985402, 44.747702], [-63.985177, 44.747456], [-63.985076, 44.747181], [-63.985028, 44.74671], [-63.985182, 44.746051], [-63.985654, 44.745642], [-63.986293, 44.74456], [-63.987017, 44.743737], [-63.98785, 44.743185], [-63.988713, 44.742899], [-63.989077, 44.742571], [-63.989288, 44.742028], [-63.989555, 44.741543], [-63.99039, 44.740629], [-63.990707, 44.740073], [-63.990783, 44.739863], [-63.990814, 44.739502], [-63.990705, 44.738758], [-63.990654, 44.738589], [-63.990015, 44.737717], [-63.990034, 44.737407], [-63.990261, 44.736669], [-63.990275, 44.736375], [-63.990091, 44.735474], [-63.990156, 44.735295], [-63.990405, 44.735079], [-63.991368, 44.734681], [-63.991913, 44.734143], [-63.991979, 44.733915], [-63.991928, 44.733781], [-63.991537, 44.733217], [-63.991517, 44.732783], [-63.991538, 44.732577], [-63.991616, 44.732449], [-63.992024, 44.731957], [-63.992302, 44.731792], [-63.992638, 44.731822], [-63.9931, 44.732224], [-63.993332, 44.73226], [-63.993708, 44.732227], [-63.993772, 44.732261], [-63.993946, 44.732485], [-63.993961, 44.732611], [-63.994236, 44.733223], [-63.994197, 44.734096], [-63.994363, 44.734308], [-63.995118, 44.734061], [-63.995888, 44.733972], [-63.997746, 44.734072], [-63.998336, 44.73259], [-63.998166, 44.730008], [-63.996847, 44.72693], [-63.993521, 44.725248], [-63.992111, 44.724388], [-63.99209, 44.724054], [-63.991971, 44.723514], [-63.991872, 44.723319], [-63.991503, 44.722912], [-63.991045, 44.722231], [-63.990678, 44.722003], [-63.989102, 44.721377], [-63.988911, 44.721239], [-63.988309, 44.72048], [-63.987879, 44.720167], [-63.987305, 44.718968], [-63.987276, 44.718673], [-63.987326, 44.718425], [-63.987388, 44.718186], [-63.987636, 44.717781], [-63.987613, 44.717638], [-63.987358, 44.717078], [-63.986951, 44.716485], [-63.98655, 44.715641], [-63.986528, 44.715327], [-63.986229, 44.713943], [-63.985807, 44.713587], [-63.985117, 44.713733], [-63.984749, 44.71376], [-63.984204, 44.713712], [-63.98391, 44.713453], [-63.983841, 44.713105], [-63.983995, 44.712928], [-63.984261, 44.712798], [-63.984608, 44.712514], [-63.984649, 44.712315], [-63.984277, 44.710971], [-63.983708, 44.7101], [-63.983513, 44.709517], [-63.981272, 44.70674], [-63.980597, 44.706149], [-63.979301, 44.705492], [-63.978855, 44.705202], [-63.979105, 44.704552], [-63.978989, 44.704152], [-63.978734, 44.704059], [-63.977812, 44.704109], [-63.976741, 44.703956], [-63.976334, 44.703766], [-63.975876, 44.703036], [-63.975705, 44.702547], [-63.975562, 44.702312], [-63.975557, 44.702001], [-63.975663, 44.701815], [-63.975694, 44.701519], [-63.975646, 44.701099], [-63.975516, 44.700841], [-63.974971, 44.700405], [-63.974101, 44.700112], [-63.973647, 44.69989], [-63.973353, 44.699678], [-63.973166, 44.699503], [-63.972618, 44.698575], [-63.971851, 44.698006], [-63.971412, 44.697347], [-63.971154, 44.697095], [-63.971015, 44.696994], [-63.97066, 44.696862], [-63.970286, 44.69682], [-63.969517, 44.696885], [-63.969068, 44.696753], [-63.968738, 44.696534], [-63.968246, 44.695801], [-63.96796, 44.69558], [-63.967611, 44.695418], [-63.967496, 44.695316], [-63.967395, 44.695176], [-63.967373, 44.694963], [-63.967216, 44.694894], [-63.966589, 44.694914], [-63.96607, 44.694563], [-63.965874, 44.6945], [-63.96558, 44.693751], [-63.965682, 44.693462], [-63.965611, 44.693327], [-63.964956, 44.693125], [-63.964723, 44.692989], [-63.964216, 44.69228], [-63.964138, 44.691971], [-63.963979, 44.691643], [-63.964044, 44.691412], [-63.96368, 44.690877], [-63.963717, 44.690748], [-63.964045, 44.690365], [-63.964119, 44.690095], [-63.964031, 44.689876], [-63.963656, 44.689547], [-63.963631, 44.689335], [-63.963799, 44.688706], [-63.963755, 44.688564], [-63.96322, 44.687915], [-63.95907, 44.688987], [-63.956662, 44.689874], [-63.947466, 44.693557], [-63.946393, 44.693881], [-63.947236, 44.6903], [-63.947669, 44.68902], [-63.947544, 44.687301], [-63.949283, 44.687495], [-63.948617, 44.686774], [-63.948357, 44.686374], [-63.948262, 44.686127], [-63.948257, 44.685724], [-63.948409, 44.68472], [-63.948423, 44.683927], [-63.94901, 44.681761], [-63.949056, 44.68103], [-63.948902, 44.680315], [-63.94891, 44.680047], [-63.949028, 44.679639], [-63.947931, 44.680011], [-63.944991, 44.675826], [-63.951765, 44.673924], [-63.951776, 44.674113], [-63.95173, 44.674263], [-63.951934, 44.674734], [-63.960249, 44.672317]]]}, "properties": {"OBJECTID": 105, "GSA_KEY": 107, "FCODE": "GSAPOLY", "GSA_NAME": "INGRAMPORT", "MUN_CODE": "HRM", "GSA_REM": " ", "SOURCE": "CR", "DATE_ACT": 980899200000, "SYS_DATE": 1767723127000, "GLOBALID": "73d0eac5-5129-44c2-b546-ece1a5a54faa", "Shape__Area": 155905947.7890625, "Shape__Length": 73783.30265903556}}, {"type": "Feature", "id": 106, "geometry": {"type": "Polygon", "coordinates": [[[-62.88008, 44.75662], [-62.875011, 44.75858], [-62.876342, 44.760355], [-62.871848, 44.762065], [-62.869906, 44.759555], [-62.866639, 44.760804], [-62.878501, 44.766147], [-62.877399, 44.76738], [-62.874526, 44.76606], [-62.86108, 44.760237], [-62.858227, 44.762993], [-62.852263, 44.7689], [-62.841909, 44.764788], [-62.840381, 44.764221], [-62.8204, 44.756354], [-62.819995, 44.756098], [-62.819631, 44.756333], [-62.819514, 44.756522], [-62.819223, 44.756422], [-62.819254, 44.756228], [-62.817899, 44.755479], [-62.817622, 44.755563], [-62.815921, 44.754584], [-62.816246, 44.754445], [-62.817276, 44.754217], [-62.817297, 44.75402], [-62.817015, 44.753833], [-62.816712, 44.753854], [-62.816513, 44.753965], [-62.815619, 44.754101], [-62.815089, 44.754116], [-62.812491, 44.752634], [-62.811533, 44.752387], [-62.808824, 44.752923], [-62.807542, 44.750697], [-62.809606, 44.749191], [-62.812751, 44.733689], [-62.812704, 44.733666], [-62.822342, 44.734572], [-62.825499, 44.733251], [-62.826949, 44.733162], [-62.827553, 44.733056], [-62.828555, 44.732712], [-62.828638, 44.732477], [-62.828755, 44.732355], [-62.829296, 44.731983], [-62.829521, 44.731882], [-62.829753, 44.732122], [-62.829734, 44.732378], [-62.829923, 44.732337], [-62.830483, 44.733103], [-62.831119, 44.733843], [-62.831771, 44.734762], [-62.848767, 44.731461], [-62.84897, 44.731608], [-62.849787, 44.731986], [-62.8501, 44.732414], [-62.850907, 44.732876], [-62.851025, 44.733164], [-62.850854, 44.733354], [-62.850896, 44.733555], [-62.851442, 44.733813], [-62.851577, 44.734043], [-62.851662, 44.734438], [-62.851739, 44.7345], [-62.852373, 44.734601], [-62.852821, 44.734814], [-62.852962, 44.734954], [-62.852964, 44.735035], [-62.852669, 44.735407], [-62.853125, 44.735456], [-62.853206, 44.735541], [-62.853323, 44.735875], [-62.853504, 44.735992], [-62.853681, 44.735998], [-62.853867, 44.736078], [-62.854101, 44.736217], [-62.854263, 44.736381], [-62.854244, 44.736481], [-62.853819, 44.73684], [-62.853779, 44.736969], [-62.853858, 44.737103], [-62.854309, 44.737305], [-62.854947, 44.737314], [-62.855057, 44.737359], [-62.855317, 44.737842], [-62.856092, 44.738788], [-62.856395, 44.739124], [-62.856948, 44.739584], [-62.856971, 44.739688], [-62.856657, 44.739901], [-62.856569, 44.74006], [-62.85677, 44.740129], [-62.857052, 44.740323], [-62.857516, 44.740732], [-62.857638, 44.740927], [-62.85773, 44.741229], [-62.857763, 44.741566], [-62.85764, 44.74172], [-62.857871, 44.74187], [-62.858071, 44.741796], [-62.858246, 44.741806], [-62.858375, 44.74187], [-62.858717, 44.742289], [-62.858852, 44.742671], [-62.859012, 44.742933], [-62.859227, 44.743112], [-62.859439, 44.743475], [-62.859655, 44.743693], [-62.859723, 44.743863], [-62.860065, 44.744101], [-62.860114, 44.744205], [-62.860929, 44.745005], [-62.861354, 44.745309], [-62.861815, 44.746033], [-62.865652, 44.746553], [-62.865594, 44.746839], [-62.867458, 44.749469], [-62.867864, 44.749536], [-62.870659, 44.753215], [-62.87139, 44.752877], [-62.87311, 44.755111], [-62.877584, 44.75337], [-62.88008, 44.75662]]]}, "properties": {"OBJECTID": 106, "GSA_KEY": 108, "FCODE": "GSAPOLY", "GSA_NAME": "OWLS HEAD", "MUN_CODE": "HRM", "GSA_REM": " ", "SOURCE": "DM", "DATE_ACT": 980899200000, "SYS_DATE": null, "GLOBALID": "1abcc7fa-dac3-449b-bcd3-197eeb713f44", "Shape__Area": 26920774.5, "Shape__Length": 28072.5042546527}}, {"type": "Feature", "id": 107, "geometry": {"type": "Polygon", "coordinates": [[[-64.046263, 44.687051], [-64.045226, 44.687039], [-64.045076, 44.686979], [-64.044899, 44.686827], [-64.044862, 44.686535], [-64.04133, 44.685932], [-64.043167, 44.680428], [-64.031663, 44.670465], [-64.027927, 44.672033], [-64.026724, 44.671415], [-64.026329, 44.671052], [-64.025809, 44.671003], [-64.025568, 44.671125], [-64.023096, 44.66918], [-64.025956, 44.667265], [-64.018024, 44.66109], [-64.014729, 44.663018], [-64.011467, 44.664848], [-64.003462, 44.657402], [-64.00304, 44.657791], [-64.001866, 44.65768], [-64.001495, 44.657364], [-64.001245, 44.6573], [-63.997716, 44.657406], [-63.996056, 44.657241], [-63.995535, 44.656682], [-63.995169, 44.655785], [-63.994867, 44.655493], [-63.994801, 44.655262], [-63.994855, 44.654839], [-63.994475, 44.653724], [-63.984688, 44.634711], [-63.98282, 44.631562], [-63.999385, 44.624842], [-63.99972, 44.624524], [-64.014926, 44.625061], [-64.015619, 44.621286], [-64.035999, 44.622115], [-64.035907, 44.624902], [-64.035498, 44.626493], [-64.035211, 44.626476], [-64.034719, 44.626546], [-64.033884, 44.626857], [-64.033048, 44.627403], [-64.032669, 44.627599], [-64.031996, 44.628146], [-64.030148, 44.629182], [-64.029958, 44.629343], [-64.029626, 44.629792], [-64.029382, 44.630412], [-64.029326, 44.631051], [-64.029387, 44.631276], [-64.029623, 44.631727], [-64.029709, 44.632042], [-64.030008, 44.632565], [-64.032259, 44.631962], [-64.038378, 44.631057], [-64.04128, 44.637599], [-64.041675, 44.638404], [-64.042439, 44.639684], [-64.043514, 44.642423], [-64.042978, 44.64267], [-64.043823, 44.64386], [-64.042837, 44.643383], [-64.042741, 44.643451], [-64.042844, 44.643608], [-64.042826, 44.643903], [-64.044388, 44.646068], [-64.044498, 44.64604], [-64.045378, 44.647281], [-64.042844, 44.647875], [-64.044517, 44.6501], [-64.044492, 44.65032], [-64.044329, 44.650615], [-64.044005, 44.650848], [-64.043492, 44.651093], [-64.042679, 44.652192], [-64.043573, 44.652004], [-64.04813, 44.659353], [-64.042631, 44.662565], [-64.043088, 44.665654], [-64.04577, 44.670599], [-64.049146, 44.67374], [-64.050124, 44.674364], [-64.051476, 44.675502], [-64.051683, 44.675892], [-64.051688, 44.676107], [-64.051556, 44.676327], [-64.051321, 44.676468], [-64.050902, 44.676505], [-64.0508, 44.676412], [-64.050321, 44.676234], [-64.050076, 44.676349], [-64.049897, 44.676342], [-64.049505, 44.676162], [-64.049333, 44.676157], [-64.048858, 44.676321], [-64.048513, 44.676493], [-64.048312, 44.676661], [-64.048188, 44.677044], [-64.048005, 44.677244], [-64.047798, 44.677191], [-64.047603, 44.677214], [-64.04746, 44.677524], [-64.047168, 44.677883], [-64.046919, 44.678025], [-64.046797, 44.678183], [-64.046822, 44.678389], [-64.04704, 44.678802], [-64.047052, 44.679017], [-64.046955, 44.679452], [-64.047005, 44.679921], [-64.047608, 44.680825], [-64.048488, 44.681656], [-64.048485, 44.681859], [-64.048247, 44.682412], [-64.048218, 44.682675], [-64.048772, 44.683318], [-64.04876, 44.683898], [-64.048541, 44.684061], [-64.048517, 44.684164], [-64.048592, 44.684596], [-64.048519, 44.684887], [-64.048617, 44.685142], [-64.048535, 44.686037], [-64.048468, 44.686078], [-64.047662, 44.686117], [-64.047562, 44.686187], [-64.047131, 44.686793], [-64.0466, 44.687019], [-64.046263, 44.687051]]]}, "properties": {"OBJECTID": 107, "GSA_KEY": 109, "FCODE": "GSAPOLY", "GSA_NAME": "QUEENSLAND", "MUN_CODE": "HRM", "GSA_REM": null, "SOURCE": "CR", "DATE_ACT": 1357862400000, "SYS_DATE": 1569974400000, "GLOBALID": "076f6346-47ef-4ac9-b2af-d4a8a56e6c81", "Shape__Area": 39016479.28125, "Shape__Length": 34861.05521936169}}, {"type": "Feature", "id": 108, "geometry": {"type": "Polygon", "coordinates": [[[-63.01288, 44.729886], [-63.003399, 44.724574], [-63.002544, 44.723622], [-63.002078, 44.722561], [-63.002109, 44.721365], [-63.00269, 44.719896], [-63.003557, 44.718461], [-63.007885, 44.711847], [-63.009643, 44.704087], [-63.013534, 44.684899], [-63.026795, 44.657378], [-63.0524, 44.657349], [-63.049659, 44.6728], [-63.047318, 44.681132], [-63.044746, 44.689722], [-63.05085, 44.690811], [-63.054436, 44.695073], [-63.054362, 44.695391], [-63.056556, 44.701221], [-63.057874, 44.701998], [-63.055224, 44.703017], [-63.050379, 44.705027], [-63.047917, 44.706326], [-63.047612, 44.70643], [-63.047316, 44.706642], [-63.047211, 44.706821], [-63.047123, 44.707324], [-63.047167, 44.708079], [-63.046833, 44.70831], [-63.046794, 44.708373], [-63.046801, 44.708597], [-63.046957, 44.708915], [-63.047261, 44.708874], [-63.047487, 44.708912], [-63.048034, 44.709243], [-63.048473, 44.709357], [-63.04851, 44.709401], [-63.048431, 44.7095], [-63.048403, 44.709643], [-63.048437, 44.709761], [-63.049029, 44.710049], [-63.049409, 44.71096], [-63.049416, 44.713125], [-63.049943, 44.714346], [-63.0526, 44.718378], [-63.055647, 44.72003], [-63.054412, 44.721032], [-63.052633, 44.72166], [-63.052794, 44.722526], [-63.052545, 44.722765], [-63.052822, 44.722821], [-63.052881, 44.723419], [-63.053407, 44.72345], [-63.054187, 44.723219], [-63.055385, 44.723062], [-63.056018, 44.722869], [-63.0585, 44.722571], [-63.057924, 44.727761], [-63.058288, 44.727796], [-63.058438, 44.72786], [-63.058496, 44.728064], [-63.060793, 44.728078], [-63.062679, 44.727982], [-63.057066, 44.730993], [-63.050984, 44.734156], [-63.050881, 44.734292], [-63.049842, 44.734671], [-63.04881, 44.735492], [-63.047658, 44.736164], [-63.046994, 44.736469], [-63.046283, 44.736719], [-63.045476, 44.736866], [-63.04336, 44.737017], [-63.04304, 44.737063], [-63.042732, 44.73721], [-63.04234, 44.737227], [-63.041974, 44.737316], [-63.041371, 44.73762], [-63.040291, 44.738279], [-63.039861, 44.738448], [-63.028038, 44.741727], [-63.027452, 44.739526], [-63.01288, 44.729886]]]}, "properties": {"OBJECTID": 108, "GSA_KEY": 110, "FCODE": "GSAPOLY", "GSA_NAME": "WEST JEDDORE", "MUN_CODE": "HRM", "GSA_REM": " ", "SOURCE": "CR", "DATE_ACT": 980899200000, "SYS_DATE": 1419206400000, "GLOBALID": "dfc820d9-ab9b-4fc3-afea-f8e8e5874237", "Shape__Area": 53571994.89453125, "Shape__Length": 36731.42399312696}}, {"type": "Feature", "id": 109, "geometry": {"type": "Polygon", "coordinates": [[[-64.054045, 44.709631], [-64.05379, 44.709513], [-64.053241, 44.709563], [-64.052693, 44.709522], [-64.051308, 44.708995], [-64.050339, 44.708965], [-64.049356, 44.708492], [-64.046335, 44.705302], [-64.044681, 44.703631], [-64.043694, 44.701963], [-64.043624, 44.700239], [-64.04439, 44.69828], [-64.044825, 44.695964], [-64.044752, 44.694715], [-64.04418, 44.693167], [-64.044031, 44.690908], [-64.044389, 44.689337], [-64.045336, 44.687359], [-64.046975, 44.686878], [-64.047131, 44.686793], [-64.047562, 44.686187], [-64.047662, 44.686117], [-64.048468, 44.686078], [-64.048535, 44.686037], [-64.048587, 44.685753], [-64.048617, 44.685142], [-64.048519, 44.684887], [-64.048592, 44.684596], [-64.048517, 44.684164], [-64.048541, 44.684061], [-64.04876, 44.683898], [-64.048772, 44.683318], [-64.048218, 44.682675], [-64.048206, 44.682546], [-64.048485, 44.681859], [-64.048488, 44.681656], [-64.047608, 44.680825], [-64.047005, 44.679921], [-64.046955, 44.679452], [-64.047052, 44.679017], [-64.04704, 44.678802], [-64.046822, 44.678389], [-64.046797, 44.678183], [-64.046919, 44.678025], [-64.047168, 44.677883], [-64.04746, 44.677524], [-64.047603, 44.677214], [-64.047798, 44.677191], [-64.048005, 44.677244], [-64.048188, 44.677044], [-64.048312, 44.676661], [-64.048513, 44.676493], [-64.048858, 44.676321], [-64.049333, 44.676157], [-64.049505, 44.676162], [-64.049897, 44.676342], [-64.050076, 44.676349], [-64.050321, 44.676234], [-64.0508, 44.676412], [-64.050902, 44.676505], [-64.051321, 44.676468], [-64.051556, 44.676327], [-64.051688, 44.676107], [-64.051683, 44.675892], [-64.051476, 44.675502], [-64.050124, 44.674364], [-64.049146, 44.67374], [-64.04577, 44.670599], [-64.043088, 44.665654], [-64.042631, 44.662565], [-64.04813, 44.659353], [-64.043573, 44.652004], [-64.042679, 44.652192], [-64.043492, 44.651093], [-64.044005, 44.650848], [-64.044329, 44.650615], [-64.044492, 44.65032], [-64.044517, 44.6501], [-64.042844, 44.647875], [-64.045378, 44.647281], [-64.044498, 44.64604], [-64.044388, 44.646068], [-64.042826, 44.643903], [-64.042844, 44.643608], [-64.042741, 44.643451], [-64.042837, 44.643383], [-64.043823, 44.64386], [-64.042978, 44.64267], [-64.043514, 44.642423], [-64.042439, 44.639684], [-64.041675, 44.638404], [-64.04128, 44.637599], [-64.038378, 44.631057], [-64.032259, 44.631962], [-64.030008, 44.632565], [-64.029709, 44.632042], [-64.029623, 44.631727], [-64.029387, 44.631276], [-64.029326, 44.631051], [-64.029382, 44.630412], [-64.029626, 44.629792], [-64.029958, 44.629343], [-64.030148, 44.629182], [-64.031996, 44.628146], [-64.032669, 44.627599], [-64.033048, 44.627403], [-64.033884, 44.626857], [-64.034719, 44.626546], [-64.035211, 44.626476], [-64.035498, 44.626493], [-64.035907, 44.624902], [-64.035999, 44.622115], [-64.039563, 44.622129], [-64.043483, 44.619854], [-64.045938, 44.622363], [-64.048358, 44.623958], [-64.0511, 44.624874], [-64.053103, 44.625637], [-64.055837, 44.627611], [-64.056997, 44.628068], [-64.058577, 44.628829], [-64.059841, 44.629589], [-64.06068, 44.630498], [-64.061413, 44.631407], [-64.061934, 44.632391], [-64.062454, 44.633601], [-64.063396, 44.634963], [-64.06485, 44.636601], [-64.130903, 44.683729], [-64.240812, 44.761896], [-64.068788, 44.778182], [-64.069529, 44.757665], [-64.070642, 44.746314], [-64.068138, 44.743788], [-64.064337, 44.739018], [-64.059503, 44.727527], [-64.058694, 44.724313], [-64.058144, 44.719912], [-64.056443, 44.713307], [-64.055906, 44.712493], [-64.055529, 44.711632], [-64.055389, 44.710771], [-64.055117, 44.710418], [-64.054643, 44.710299], [-64.054045, 44.709631]]]}, "properties": {"OBJECTID": 109, "GSA_KEY": 111, "FCODE": "GSAPOLY", "GSA_NAME": "HUBBARDS", "MUN_CODE": "HRM", "GSA_REM": null, "SOURCE": "CR", "DATE_ACT": 980899200000, "SYS_DATE": 1569974400000, "GLOBALID": "0816f5b9-0e6e-4b5e-9543-1aedceac7b2b", "Shape__Area": 248025177.26171875, "Shape__Length": 81060.75699254445}}, {"type": "Feature", "id": 110, "geometry": {"type": "Polygon", "coordinates": [[[-62.973193, 44.750862], [-62.97228, 44.745142], [-62.969543, 44.743117], [-62.968186, 44.740896], [-62.964251, 44.736353], [-62.959361, 44.733565], [-62.962007, 44.733048], [-62.954815, 44.729073], [-62.954064, 44.728109], [-62.952825, 44.726348], [-62.951446, 44.724274], [-62.94453, 44.7148], [-62.992071, 44.690931], [-62.992417, 44.657303], [-63.004448, 44.65771], [-63.017355, 44.658003], [-63.026795, 44.657378], [-63.013534, 44.684899], [-63.009643, 44.704087], [-63.007885, 44.711847], [-63.003557, 44.718461], [-63.00269, 44.719896], [-63.002109, 44.721365], [-63.002078, 44.722561], [-63.002544, 44.723622], [-63.003399, 44.724574], [-63.01288, 44.729886], [-63.027452, 44.739526], [-63.028639, 44.743988], [-63.027719, 44.749535], [-63.027278, 44.750278], [-63.021641, 44.750172], [-63.014828, 44.750174], [-63.014727, 44.750361], [-62.994524, 44.750708], [-62.983688, 44.751133], [-62.977448, 44.751518], [-62.975915, 44.751518], [-62.973193, 44.750862]]]}, "properties": {"OBJECTID": 110, "GSA_KEY": 112, "FCODE": "GSAPOLY", "GSA_NAME": "EAST JEDDORE", "MUN_CODE": "HRM", "GSA_REM": " ", "SOURCE": "SD", "DATE_ACT": 980899200000, "SYS_DATE": null, "GLOBALID": "f59e9653-7463-4e6b-8f2d-398da32d51a3", "Shape__Area": 67981863.73828125, "Shape__Length": 44988.85330772034}}, {"type": "Feature", "id": 111, "geometry": {"type": "Polygon", "coordinates": [[[-63.732341, 44.775108], [-63.731377, 44.77507], [-63.73126, 44.775029], [-63.730233, 44.775098], [-63.726645, 44.775154], [-63.722924, 44.775048], [-63.722451, 44.774398], [-63.721466, 44.773441], [-63.720862, 44.773294], [-63.719147, 44.77329], [-63.718002, 44.773394], [-63.717764, 44.773584], [-63.717656, 44.774102], [-63.717014, 44.774345], [-63.716262, 44.774364], [-63.714365, 44.774543], [-63.713913, 44.77454], [-63.713538, 44.774414], [-63.713172, 44.774226], [-63.712524, 44.774041], [-63.712369, 44.773752], [-63.712247, 44.773669], [-63.712016, 44.773621], [-63.711539, 44.773623], [-63.711153, 44.773821], [-63.710922, 44.773809], [-63.709331, 44.773293], [-63.709088, 44.773065], [-63.709033, 44.772869], [-63.7091, 44.77272], [-63.708941, 44.772188], [-63.708289, 44.771241], [-63.707774, 44.77079], [-63.707301, 44.770498], [-63.706718, 44.770293], [-63.706372, 44.770229], [-63.705851, 44.770277], [-63.705498, 44.770166], [-63.705118, 44.76988], [-63.704045, 44.768791], [-63.70391, 44.768594], [-63.703885, 44.768357], [-63.703931, 44.768177], [-63.704189, 44.767829], [-63.704523, 44.767131], [-63.704603, 44.766611], [-63.704492, 44.766296], [-63.704321, 44.766063], [-63.70407, 44.765413], [-63.703475, 44.765053], [-63.703332, 44.764903], [-63.703277, 44.764737], [-63.703322, 44.764578], [-63.703695, 44.764323], [-63.703828, 44.764087], [-63.703963, 44.763753], [-63.703944, 44.763547], [-63.703867, 44.763371], [-63.703911, 44.763294], [-63.704443, 44.76301], [-63.704582, 44.762866], [-63.704407, 44.762458], [-63.704399, 44.761984], [-63.704437, 44.761861], [-63.704569, 44.761692], [-63.704809, 44.761622], [-63.705134, 44.761634], [-63.705562, 44.761539], [-63.705738, 44.761334], [-63.70574, 44.761231], [-63.705276, 44.760999], [-63.705253, 44.760891], [-63.705464, 44.760786], [-63.70545, 44.760737], [-63.705279, 44.760538], [-63.705118, 44.760439], [-63.705032, 44.760135], [-63.704775, 44.759875], [-63.704422, 44.75978], [-63.703845, 44.759413], [-63.703416, 44.759366], [-63.702391, 44.759006], [-63.701771, 44.758559], [-63.70862, 44.750041], [-63.71277, 44.74514], [-63.717811, 44.747813], [-63.718392, 44.747937], [-63.720882, 44.749491], [-63.724706, 44.751653], [-63.732247, 44.742722], [-63.732766, 44.741957], [-63.734248, 44.740368], [-63.735844, 44.741648], [-63.737612, 44.742826], [-63.744579, 44.73468], [-63.749409, 44.738512], [-63.749358, 44.738542], [-63.75035, 44.739173], [-63.76411, 44.74256], [-63.760118, 44.746087], [-63.764939, 44.74912], [-63.764416, 44.749653], [-63.760919, 44.753645], [-63.748431, 44.768002], [-63.748266, 44.768259], [-63.745798, 44.773707], [-63.740707, 44.774936], [-63.739903, 44.775071], [-63.739645, 44.775101], [-63.738857, 44.774972], [-63.738512, 44.774774], [-63.738216, 44.774688], [-63.737856, 44.774774], [-63.737557, 44.77492], [-63.737138, 44.775216], [-63.736552, 44.775827], [-63.736101, 44.776032], [-63.735227, 44.776058], [-63.734868, 44.776024], [-63.734037, 44.775275], [-63.733344, 44.775155], [-63.732341, 44.775108]]]}, "properties": {"OBJECTID": 111, "GSA_KEY": 113, "FCODE": "GSAPOLY", "GSA_NAME": "LUCASVILLE", "MUN_CODE": "HRM", "GSA_REM": " ", "SOURCE": "CA", "DATE_ACT": 980899200000, "SYS_DATE": 1521417600000, "GLOBALID": "fa5cb2ea-62fc-4381-b6d6-2db33bfc284d", "Shape__Area": 27119567.4140625, "Shape__Length": 24326.70100243429}}, {"type": "Feature", "id": 112, "geometry": {"type": "Polygon", "coordinates": [[[-63.005032, 44.765458], [-63.00422, 44.765439], [-63.004018, 44.765557], [-63.003735, 44.765599], [-63.003795, 44.765191], [-63.002737, 44.765368], [-63.002569, 44.764969], [-63.002415, 44.764929], [-63.00252, 44.764836], [-63.001567, 44.763083], [-63.001573, 44.762668], [-63.002334, 44.761963], [-63.005216, 44.761887], [-63.005402, 44.761346], [-63.005985, 44.761295], [-63.00567, 44.761133], [-63.00514, 44.761342], [-63.004637, 44.761168], [-63.004353, 44.761296], [-63.004179, 44.760716], [-63.004628, 44.76069], [-63.003796, 44.760345], [-63.003811, 44.760258], [-63.003906, 44.760181], [-63.003947, 44.760008], [-63.003984, 44.759418], [-63.005179, 44.759379], [-63.017881, 44.759689], [-63.01788, 44.759729], [-63.024512, 44.756785], [-63.024722, 44.759899], [-63.02541, 44.766059], [-63.017669, 44.76575], [-63.005032, 44.765458]]]}, "properties": {"OBJECTID": 112, "GSA_KEY": 115, "FCODE": "GSAPOLY", "GSA_NAME": "HARTLIN SETTLEMENT", "MUN_CODE": "HRM", "GSA_REM": " ", "SOURCE": "CR", "DATE_ACT": 980899200000, "SYS_DATE": 1407801600000, "GLOBALID": "65cbb3b8-ee5c-45ef-be99-0c3199f613b3", "Shape__Area": 2516642.875, "Shape__Length": 8177.510091817656}}, {"type": "Feature", "id": 113, "geometry": {"type": "Polygon", "coordinates": [[[-62.906784, 44.770756], [-62.906097, 44.768983], [-62.905047, 44.769221], [-62.903765, 44.772098], [-62.897959, 44.770487], [-62.892718, 44.769183], [-62.885372, 44.767693], [-62.884541, 44.769404], [-62.878036, 44.767602], [-62.877399, 44.76738], [-62.878501, 44.766147], [-62.866639, 44.760804], [-62.869906, 44.759555], [-62.871848, 44.762065], [-62.876342, 44.760355], [-62.875011, 44.75858], [-62.88008, 44.75662], [-62.877584, 44.75337], [-62.87311, 44.755111], [-62.87139, 44.752877], [-62.870659, 44.753215], [-62.867864, 44.749536], [-62.867458, 44.749469], [-62.865594, 44.746839], [-62.865652, 44.746553], [-62.861815, 44.746033], [-62.861354, 44.745309], [-62.860929, 44.745005], [-62.860114, 44.744205], [-62.860065, 44.744101], [-62.859723, 44.743863], [-62.859655, 44.743693], [-62.859439, 44.743475], [-62.859227, 44.743112], [-62.859012, 44.742933], [-62.858852, 44.742671], [-62.858717, 44.742289], [-62.858375, 44.74187], [-62.858246, 44.741806], [-62.858071, 44.741796], [-62.857871, 44.74187], [-62.85764, 44.74172], [-62.857763, 44.741566], [-62.85773, 44.741229], [-62.857638, 44.740927], [-62.857516, 44.740732], [-62.857052, 44.740323], [-62.85677, 44.740129], [-62.856569, 44.74006], [-62.856657, 44.739901], [-62.856971, 44.739688], [-62.856948, 44.739584], [-62.856395, 44.739124], [-62.856092, 44.738788], [-62.855317, 44.737842], [-62.855057, 44.737359], [-62.854947, 44.737314], [-62.854309, 44.737305], [-62.853858, 44.737103], [-62.853779, 44.736969], [-62.853819, 44.73684], [-62.854244, 44.736481], [-62.854263, 44.736381], [-62.854101, 44.736217], [-62.853867, 44.736078], [-62.853681, 44.735998], [-62.853504, 44.735992], [-62.853323, 44.735875], [-62.853206, 44.735541], [-62.853125, 44.735456], [-62.852669, 44.735407], [-62.852964, 44.735035], [-62.852962, 44.734954], [-62.852821, 44.734814], [-62.852373, 44.734601], [-62.851739, 44.7345], [-62.851662, 44.734438], [-62.851577, 44.734043], [-62.851442, 44.733813], [-62.850896, 44.733555], [-62.850854, 44.733354], [-62.851025, 44.733164], [-62.850907, 44.732876], [-62.8501, 44.732414], [-62.849787, 44.731986], [-62.84897, 44.731608], [-62.848713, 44.731396], [-62.848747, 44.731261], [-62.848945, 44.731069], [-62.848941, 44.730917], [-62.84886, 44.730683], [-62.848718, 44.730523], [-62.848539, 44.730134], [-62.848355, 44.729574], [-62.848143, 44.729387], [-62.848185, 44.729189], [-62.848365, 44.728972], [-62.848293, 44.728858], [-62.848388, 44.728647], [-62.858985, 44.726553], [-62.859457, 44.72604], [-62.874725, 44.727342], [-62.872719, 44.720883], [-62.865638, 44.720003], [-62.86506, 44.71142], [-62.873401, 44.696535], [-62.892244, 44.726421], [-62.894862, 44.728662], [-62.897034, 44.731165], [-62.900114, 44.738418], [-62.902474, 44.741979], [-62.902706, 44.742175], [-62.902364, 44.742674], [-62.902143, 44.743147], [-62.896372, 44.739382], [-62.894585, 44.741111], [-62.897982, 44.743], [-62.897421, 44.744056], [-62.900339, 44.745848], [-62.900169, 44.745873], [-62.900622, 44.746061], [-62.901665, 44.746637], [-62.902491, 44.746839], [-62.90332, 44.747188], [-62.904144, 44.747327], [-62.904704, 44.747491], [-62.906101, 44.748086], [-62.907242, 44.748805], [-62.907903, 44.749073], [-62.909109, 44.74947], [-62.90985, 44.749821], [-62.910321, 44.750105], [-62.910846, 44.750286], [-62.911178, 44.750529], [-62.911306, 44.750745], [-62.911341, 44.751066], [-62.911462, 44.751227], [-62.91203, 44.751727], [-62.91238, 44.752372], [-62.912533, 44.752496], [-62.913142, 44.752788], [-62.913569, 44.753159], [-62.913648, 44.753329], [-62.913684, 44.7538], [-62.913432, 44.754268], [-62.913441, 44.754626], [-62.913536, 44.754817], [-62.911851, 44.755223], [-62.91558, 44.761837], [-62.915221, 44.765473], [-62.911895, 44.766347], [-62.912835, 44.769244], [-62.910149, 44.770144], [-62.910987, 44.772668], [-62.907855, 44.773506], [-62.906784, 44.770756]]]}, "properties": {"OBJECTID": 113, "GSA_KEY": 116, "FCODE": "GSAPOLY", "GSA_NAME": "CLAM HARBOUR", "MUN_CODE": "HRM", "GSA_REM": " ", "SOURCE": "CR", "DATE_ACT": 980899200000, "SYS_DATE": 1774272164000, "GLOBALID": "7b89831a-bb16-4d7c-80ea-0b6281abf1e6", "Shape__Area": 38113334.08203125, "Shape__Length": 40866.5571983587}}, {"type": "Feature", "id": 114, "geometry": {"type": "Polygon", "coordinates": [[[-63.233516, 44.765826], [-63.225929, 44.765742], [-63.227183, 44.76403], [-63.227218, 44.763894], [-63.22719, 44.763722], [-63.226674, 44.762738], [-63.226442, 44.762426], [-63.225796, 44.761973], [-63.224639, 44.761462], [-63.224392, 44.761312], [-63.224001, 44.760843], [-63.223844, 44.760571], [-63.223694, 44.760445], [-63.22306, 44.760098], [-63.222767, 44.759196], [-63.222775, 44.758976], [-63.222922, 44.758525], [-63.222957, 44.75824], [-63.222971, 44.757792], [-63.222919, 44.757507], [-63.223178, 44.757006], [-63.223279, 44.756404], [-63.223606, 44.75615], [-63.224206, 44.756086], [-63.224279, 44.756007], [-63.224232, 44.755704], [-63.224007, 44.755418], [-63.22381, 44.754999], [-63.223484, 44.754537], [-63.223337, 44.753907], [-63.223285, 44.753263], [-63.224938, 44.75291], [-63.225675, 44.752223], [-63.226992, 44.751314], [-63.227229, 44.750921], [-63.227402, 44.750811], [-63.227615, 44.750854], [-63.227826, 44.750998], [-63.228447, 44.751249], [-63.229298, 44.751421], [-63.230365, 44.751544], [-63.231705, 44.751529], [-63.232435, 44.751334], [-63.233059, 44.750863], [-63.234096, 44.749677], [-63.234062, 44.74927], [-63.234159, 44.748743], [-63.234316, 44.748125], [-63.234492, 44.747853], [-63.234985, 44.747493], [-63.235294, 44.747029], [-63.235712, 44.74681], [-63.23579, 44.746567], [-63.236398, 44.746056], [-63.236599, 44.746008], [-63.237017, 44.745769], [-63.238103, 44.745639], [-63.239043, 44.743689], [-63.239852, 44.74252], [-63.241083, 44.74165], [-63.241689, 44.741301], [-63.24188, 44.740369], [-63.24197, 44.738847], [-63.242156, 44.738158], [-63.246398, 44.737007], [-63.249588, 44.735742], [-63.252995, 44.736264], [-63.253709, 44.736664], [-63.2537, 44.737096], [-63.253869, 44.737284], [-63.254358, 44.737402], [-63.255299, 44.737361], [-63.255963, 44.737399], [-63.256678, 44.737737], [-63.256977, 44.737967], [-63.25735, 44.738115], [-63.258186, 44.738238], [-63.258667, 44.738696], [-63.259241, 44.738919], [-63.259846, 44.738997], [-63.260148, 44.739083], [-63.260886, 44.73906], [-63.261145, 44.739115], [-63.261401, 44.739293], [-63.261813, 44.739901], [-63.262101, 44.740039], [-63.262478, 44.740106], [-63.262833, 44.740047], [-63.263629, 44.740038], [-63.264085, 44.739944], [-63.26438, 44.739758], [-63.264874, 44.739664], [-63.265282, 44.739462], [-63.265383, 44.739463], [-63.26557, 44.7396], [-63.265559, 44.739985], [-63.265632, 44.740113], [-63.266144, 44.74038], [-63.266498, 44.740357], [-63.266767, 44.740207], [-63.266932, 44.740172], [-63.267258, 44.740248], [-63.267432, 44.740376], [-63.268151, 44.740411], [-63.268393, 44.740574], [-63.269549, 44.740791], [-63.269786, 44.740986], [-63.269843, 44.741187], [-63.27077, 44.741308], [-63.271784, 44.741569], [-63.272569, 44.741873], [-63.274003, 44.742539], [-63.274901, 44.742886], [-63.275085, 44.743293], [-63.275149, 44.743306], [-63.275114, 44.743421], [-63.279141, 44.751678], [-63.281483, 44.751197], [-63.282238, 44.752865], [-63.281663, 44.755555], [-63.281411, 44.75756], [-63.281689, 44.758357], [-63.25708, 44.763515], [-63.256531, 44.762233], [-63.252508, 44.763054], [-63.246923, 44.756156], [-63.243393, 44.75171], [-63.240673, 44.74861], [-63.239642, 44.749989], [-63.239589, 44.749983], [-63.239611, 44.75004], [-63.239566, 44.750113], [-63.239452, 44.750203], [-63.240164, 44.752249], [-63.240583, 44.752956], [-63.240813, 44.754463], [-63.240947, 44.754717], [-63.242365, 44.759066], [-63.243226, 44.761982], [-63.241957, 44.7623], [-63.241327, 44.760377], [-63.240003, 44.760673], [-63.240919, 44.763628], [-63.240665, 44.763177], [-63.240378, 44.763191], [-63.239215, 44.763368], [-63.239017, 44.763434], [-63.238659, 44.763658], [-63.237966, 44.763882], [-63.238353, 44.765262], [-63.23829, 44.765285], [-63.236779, 44.765647], [-63.236311, 44.765677], [-63.235828, 44.765816], [-63.235625, 44.765823], [-63.234984, 44.765699], [-63.23449, 44.765738], [-63.234095, 44.765905], [-63.233666, 44.765891], [-63.233516, 44.765826]]]}, "properties": {"OBJECTID": 114, "GSA_KEY": 117, "FCODE": "GSAPOLY", "GSA_NAME": "HEAD OF CHEZZETCOOK", "MUN_CODE": "HRM", "GSA_REM": " ", "SOURCE": "CS", "DATE_ACT": 980899200000, "SYS_DATE": 1421712000000, "GLOBALID": "9f223569-7442-4de7-8a09-b74536d15391", "Shape__Area": 18446159.4453125, "Shape__Length": 24632.11804811627}}, {"type": "Feature", "id": 115, "geometry": {"type": "Polygon", "coordinates": [[[-63.190216, 44.7543], [-63.190215, 44.750768], [-63.191193, 44.747015], [-63.192103, 44.746312], [-63.192551, 44.745254], [-63.189011, 44.73769], [-63.189091, 44.737607], [-63.186399, 44.732095], [-63.179119, 44.716481], [-63.191891, 44.713479], [-63.19225, 44.712952], [-63.192861, 44.716994], [-63.209974, 44.712652], [-63.21005, 44.712847], [-63.210233, 44.713044], [-63.210102, 44.713258], [-63.210339, 44.713396], [-63.210582, 44.713228], [-63.210575, 44.712985], [-63.21188, 44.712552], [-63.212067, 44.712291], [-63.212098, 44.712112], [-63.220411, 44.710001], [-63.220074, 44.709787], [-63.21975, 44.709654], [-63.2199, 44.709498], [-63.219733, 44.70943], [-63.221214, 44.708695], [-63.221487, 44.708303], [-63.221754, 44.707624], [-63.221883, 44.706332], [-63.2219, 44.705578], [-63.222114, 44.705006], [-63.222133, 44.704144], [-63.222251, 44.703355], [-63.222466, 44.702711], [-63.222979, 44.702322], [-63.224755, 44.701695], [-63.225816, 44.701527], [-63.227077, 44.701433], [-63.228056, 44.700918], [-63.228906, 44.699971], [-63.230648, 44.693903], [-63.229995, 44.689845], [-63.231468, 44.689521], [-63.236878, 44.688986], [-63.23908, 44.694802], [-63.241094, 44.696449], [-63.245709, 44.699018], [-63.246686, 44.701223], [-63.243657, 44.704358], [-63.24059, 44.709198], [-63.239194, 44.715764], [-63.245237, 44.718227], [-63.250988, 44.723652], [-63.251697, 44.727803], [-63.249588, 44.735742], [-63.246398, 44.737007], [-63.242156, 44.738158], [-63.24197, 44.738847], [-63.24188, 44.740369], [-63.241689, 44.741301], [-63.241083, 44.74165], [-63.239852, 44.74252], [-63.239043, 44.743689], [-63.238103, 44.745639], [-63.237017, 44.745769], [-63.236599, 44.746008], [-63.236398, 44.746056], [-63.23579, 44.746567], [-63.235712, 44.74681], [-63.235294, 44.747029], [-63.234985, 44.747493], [-63.234492, 44.747853], [-63.234316, 44.748125], [-63.234159, 44.748743], [-63.234062, 44.74927], [-63.234096, 44.749677], [-63.233059, 44.750863], [-63.232435, 44.751334], [-63.231705, 44.751529], [-63.230365, 44.751544], [-63.229298, 44.751421], [-63.228447, 44.751249], [-63.227826, 44.750998], [-63.227615, 44.750854], [-63.227402, 44.750811], [-63.227229, 44.750921], [-63.226992, 44.751314], [-63.225675, 44.752223], [-63.224938, 44.75291], [-63.222648, 44.753433], [-63.220419, 44.753103], [-63.198881, 44.758075], [-63.194788, 44.760696], [-63.194859, 44.760759], [-63.194041, 44.761264], [-63.19328, 44.761665], [-63.191822, 44.762228], [-63.191513, 44.761668], [-63.190944, 44.759268], [-63.190216, 44.7543]]]}, "properties": {"OBJECTID": 115, "GSA_KEY": 118, "FCODE": "GSAPOLY", "GSA_NAME": "EAST CHEZZETCOOK", "MUN_CODE": "HRM", "GSA_REM": " ", "SOURCE": "CR", "DATE_ACT": 1369180800000, "SYS_DATE": 1421712000000, "GLOBALID": "2b7b1807-357c-4dbb-ab58-ada897e725e1", "Shape__Area": 47913007.625, "Shape__Length": 34771.843524466465}}, {"type": "Feature", "id": 116, "geometry": {"type": "Polygon", "coordinates": [[[-63.637729, 44.75968], [-63.634001, 44.75849], [-63.628937, 44.758369], [-63.625936, 44.757917], [-63.62556, 44.757126], [-63.626283, 44.754228], [-63.623536, 44.752368], [-63.609206, 44.744926], [-63.602498, 44.741167], [-63.61207, 44.732782], [-63.618719, 44.736596], [-63.624888, 44.731208], [-63.628845, 44.727681], [-63.62418, 44.72514], [-63.620933, 44.723498], [-63.614406, 44.719596], [-63.60991, 44.717067], [-63.610807, 44.71645], [-63.61461, 44.714709], [-63.615656, 44.713955], [-63.616307, 44.713099], [-63.61644, 44.712737], [-63.616907, 44.712727], [-63.617078, 44.712471], [-63.617275, 44.711749], [-63.617416, 44.711625], [-63.61749, 44.711475], [-63.61755, 44.711166], [-63.618099, 44.710804], [-63.618201, 44.710667], [-63.618246, 44.71004], [-63.618051, 44.709671], [-63.618552, 44.709188], [-63.618674, 44.708742], [-63.618665, 44.708359], [-63.618741, 44.708182], [-63.618498, 44.707366], [-63.618722, 44.70704], [-63.619388, 44.70664], [-63.619594, 44.706382], [-63.618791, 44.706], [-63.618604, 44.705131], [-63.621542, 44.702555], [-63.62535, 44.702101], [-63.640556, 44.69899], [-63.658777, 44.71122], [-63.664674, 44.708558], [-63.664329, 44.708154], [-63.664036, 44.707716], [-63.665696, 44.706982], [-63.665444, 44.706759], [-63.667119, 44.705968], [-63.666065, 44.704838], [-63.66623, 44.70476], [-63.666331, 44.704868], [-63.666848, 44.70463], [-63.668572, 44.704545], [-63.668894, 44.704579], [-63.669307, 44.704471], [-63.669717, 44.704492], [-63.669909, 44.704662], [-63.670278, 44.704487], [-63.670225, 44.704414], [-63.670176, 44.70371], [-63.670833, 44.703488], [-63.672761, 44.703608], [-63.673477, 44.703271], [-63.673758, 44.703296], [-63.675056, 44.703184], [-63.676547, 44.703156], [-63.678013, 44.703064], [-63.677642, 44.702561], [-63.677171, 44.70163], [-63.677762, 44.701424], [-63.677889, 44.701283], [-63.678131, 44.701296], [-63.67809, 44.70138], [-63.678313, 44.701733], [-63.678422, 44.702088], [-63.679592, 44.701799], [-63.681529, 44.702708], [-63.681704, 44.702742], [-63.682144, 44.70301], [-63.682131, 44.70367], [-63.683598, 44.703954], [-63.683862, 44.704057], [-63.684807, 44.703613], [-63.684838, 44.703502], [-63.68464, 44.703382], [-63.684176, 44.703434], [-63.684056, 44.702892], [-63.683098, 44.702557], [-63.682291, 44.702472], [-63.681926, 44.70231], [-63.681809, 44.702147], [-63.681782, 44.70193], [-63.681852, 44.701793], [-63.682268, 44.701957], [-63.682296, 44.701921], [-63.681881, 44.701757], [-63.681891, 44.701378], [-63.68378, 44.701733], [-63.684671, 44.702166], [-63.68575, 44.702118], [-63.685361, 44.701095], [-63.685164, 44.701062], [-63.68508, 44.700933], [-63.685964, 44.700845], [-63.6862, 44.700904], [-63.686701, 44.700485], [-63.686822, 44.700434], [-63.687102, 44.700403], [-63.688135, 44.700018], [-63.688201, 44.700093], [-63.688532, 44.699946], [-63.68846, 44.699868], [-63.688986, 44.699581], [-63.689361, 44.699284], [-63.689418, 44.699228], [-63.689376, 44.699207], [-63.689396, 44.699144], [-63.689311, 44.698824], [-63.688755, 44.698063], [-63.688385, 44.697118], [-63.688183, 44.696829], [-63.68783, 44.696481], [-63.688804, 44.696037], [-63.687621, 44.694901], [-63.690215, 44.693683], [-63.690516, 44.693805], [-63.691453, 44.694829], [-63.693854, 44.693719], [-63.700195, 44.697355], [-63.702338, 44.696069], [-63.709915, 44.692729], [-63.712807, 44.696067], [-63.709864, 44.69621], [-63.719561, 44.700843], [-63.729314, 44.70491], [-63.73072, 44.709389], [-63.729369, 44.709645], [-63.729281, 44.709521], [-63.72897, 44.709644], [-63.728851, 44.709511], [-63.728938, 44.709472], [-63.72874, 44.709251], [-63.727556, 44.70944], [-63.727942, 44.70987], [-63.724381, 44.711331], [-63.724034, 44.710739], [-63.722357, 44.709236], [-63.722732, 44.709023], [-63.722133, 44.708487], [-63.720897, 44.709188], [-63.721287, 44.709537], [-63.721088, 44.70965], [-63.720739, 44.709337], [-63.719535, 44.71002], [-63.721566, 44.711878], [-63.720666, 44.712378], [-63.720136, 44.713037], [-63.723067, 44.714963], [-63.723498, 44.714475], [-63.724861, 44.714927], [-63.724198, 44.715539], [-63.725068, 44.716165], [-63.733132, 44.721476], [-63.73136, 44.723725], [-63.731261, 44.723911], [-63.731342, 44.724012], [-63.730356, 44.724151], [-63.730092, 44.724983], [-63.720947, 44.735349], [-63.70862, 44.750041], [-63.701771, 44.758559], [-63.701243, 44.757813], [-63.700635, 44.757382], [-63.699909, 44.757057], [-63.69774, 44.756558], [-63.697199, 44.756472], [-63.696577, 44.756483], [-63.696294, 44.756568], [-63.695782, 44.756492], [-63.69574, 44.75641], [-63.695843, 44.756271], [-63.695816, 44.756122], [-63.695464, 44.755949], [-63.694302, 44.755864], [-63.693824, 44.755907], [-63.69341, 44.756074], [-63.693164, 44.756052], [-63.692459, 44.755799], [-63.692124, 44.755437], [-63.692076, 44.755277], [-63.692194, 44.755113], [-63.692181, 44.755009], [-63.692103, 44.754885], [-63.691923, 44.754848], [-63.69167, 44.754882], [-63.691313, 44.755034], [-63.691158, 44.755296], [-63.690983, 44.755418], [-63.690448, 44.75543], [-63.690131, 44.755288], [-63.689567, 44.754806], [-63.689315, 44.754726], [-63.688298, 44.754611], [-63.688104, 44.754527], [-63.687795, 44.754365], [-63.68777, 44.754118], [-63.686804, 44.753905], [-63.686513, 44.754042], [-63.686104, 44.754083], [-63.685456, 44.753623], [-63.685314, 44.753467], [-63.685282, 44.753196], [-63.683923, 44.752654], [-63.683535, 44.752228], [-63.683381, 44.75214], [-63.683039, 44.752037], [-63.681204, 44.751735], [-63.681007, 44.751621], [-63.680668, 44.751574], [-63.679876, 44.751584], [-63.679517, 44.751399], [-63.677213, 44.751529], [-63.676726, 44.751471], [-63.676345, 44.751327], [-63.676149, 44.75115], [-63.675776, 44.750666], [-63.675456, 44.750538], [-63.674789, 44.750479], [-63.674162, 44.75058], [-63.673827, 44.750786], [-63.673603, 44.751039], [-63.673532, 44.751639], [-63.673182, 44.751899], [-63.672662, 44.752101], [-63.671411, 44.75193], [-63.670933, 44.75196], [-63.670501, 44.752075], [-63.67022, 44.752287], [-63.669677, 44.752852], [-63.669401, 44.752976], [-63.668606, 44.75296], [-63.668224, 44.752849], [-63.666825, 44.751912], [-63.665676, 44.751373], [-63.663784, 44.750231], [-63.663026, 44.74969], [-63.66239, 44.749155], [-63.661993, 44.748647], [-63.661177, 44.748054], [-63.659861, 44.747622], [-63.659532, 44.747372], [-63.659312, 44.747072], [-63.65921, 44.747052], [-63.658659, 44.747537], [-63.657876, 44.746888], [-63.657604, 44.746503], [-63.657566, 44.746157], [-63.657455, 44.746037], [-63.657465, 44.745916], [-63.657515, 44.745734], [-63.657911, 44.745141], [-63.657961, 44.744689], [-63.658186, 44.744165], [-63.658106, 44.74373], [-63.65862, 44.743159], [-63.658236, 44.742995], [-63.656562, 44.744742], [-63.655979, 44.745229], [-63.653693, 44.747709], [-63.652874, 44.748514], [-63.650444, 44.750723], [-63.649892, 44.751328], [-63.648353, 44.752623], [-63.640576, 44.75972], [-63.640118, 44.759532], [-63.639805, 44.759668], [-63.639553, 44.75968], [-63.639044, 44.759953], [-63.638713, 44.760005], [-63.637729, 44.75968]]]}, "properties": {"OBJECTID": 116, "GSA_KEY": 119, "FCODE": "GSAPOLY", "GSA_NAME": "BEDFORD", "MUN_CODE": "HRM", "GSA_REM": "COUNCILLOR APPROVED HALIFAX/BEDFORD ADJUSTMENT; C.A.C. APPROVED BEDFORD/HAMMONDS PLAINS ADJUST.", "SOURCE": "SD", "DATE_ACT": 1362355200000, "SYS_DATE": 1735917284000, "GLOBALID": "72c24b23-0c1a-4a52-9dab-a43ef145d008", "Shape__Area": 96637733.5546875, "Shape__Length": 57385.21501573628}}, {"type": "Feature", "id": 117, "geometry": {"type": "Polygon", "coordinates": [[[-63.56144, 44.741164], [-63.561897, 44.740118], [-63.561355, 44.739969], [-63.561656, 44.739116], [-63.561839, 44.738177], [-63.560858, 44.737795], [-63.557701, 44.73955], [-63.556921, 44.738838], [-63.556517, 44.739083], [-63.556412, 44.738923], [-63.5564, 44.738625], [-63.556546, 44.738064], [-63.556569, 44.737661], [-63.556537, 44.737442], [-63.556288, 44.737196], [-63.555943, 44.736981], [-63.554556, 44.736686], [-63.553815, 44.736361], [-63.553275, 44.735931], [-63.552888, 44.735326], [-63.55255, 44.734685], [-63.552417, 44.733727], [-63.552344, 44.732096], [-63.551869, 44.730746], [-63.551578, 44.730247], [-63.551091, 44.729676], [-63.550601, 44.729247], [-63.545684, 44.73184], [-63.544951, 44.73144], [-63.544819, 44.731487], [-63.545077, 44.73216], [-63.54458, 44.731752], [-63.543979, 44.731372], [-63.539647, 44.729668], [-63.53904, 44.729352], [-63.538533, 44.729017], [-63.53808, 44.729227], [-63.538341, 44.728869], [-63.537388, 44.728119], [-63.537023, 44.727726], [-63.536833, 44.727404], [-63.536499, 44.726371], [-63.536049, 44.725211], [-63.535885, 44.724471], [-63.535433, 44.723479], [-63.534346, 44.72149], [-63.53378, 44.720612], [-63.533027, 44.71964], [-63.532152, 44.718665], [-63.53132, 44.717866], [-63.528913, 44.715912], [-63.52666, 44.714341], [-63.519306, 44.709027], [-63.512559, 44.704094], [-63.511785, 44.703413], [-63.511022, 44.70264], [-63.509609, 44.700884], [-63.509054, 44.700066], [-63.508173, 44.698949], [-63.507633, 44.698389], [-63.507008, 44.69787], [-63.506106, 44.697292], [-63.505155, 44.696826], [-63.501016, 44.695389], [-63.499646, 44.694788], [-63.499139, 44.694508], [-63.499745, 44.694338], [-63.499166, 44.69405], [-63.499002, 44.693862], [-63.498969, 44.693745], [-63.498353, 44.693466], [-63.498606, 44.693423], [-63.499502, 44.692643], [-63.499611, 44.692534], [-63.49961, 44.692475], [-63.499435, 44.69227], [-63.499312, 44.691941], [-63.49863, 44.691091], [-63.497726, 44.689209], [-63.497289, 44.687268], [-63.497506, 44.68646], [-63.497214, 44.685794], [-63.495536, 44.681389], [-63.495973, 44.681239], [-63.496246, 44.680985], [-63.498024, 44.680475], [-63.498366, 44.680712], [-63.498794, 44.680728], [-63.50018, 44.680522], [-63.500493, 44.680436], [-63.50073, 44.680196], [-63.500739, 44.679782], [-63.50079, 44.679731], [-63.501071, 44.679916], [-63.502245, 44.680913], [-63.502534, 44.680994], [-63.502846, 44.681005], [-63.503125, 44.680914], [-63.50384, 44.680456], [-63.503858, 44.679961], [-63.505195, 44.679611], [-63.50424, 44.677163], [-63.504257, 44.677074], [-63.504165, 44.6769], [-63.504197, 44.676733], [-63.504104, 44.676422], [-63.5041, 44.676106], [-63.503688, 44.675726], [-63.503514, 44.675368], [-63.503535, 44.675212], [-63.503478, 44.675055], [-63.503345, 44.674918], [-63.503095, 44.674353], [-63.502614, 44.673645], [-63.502239, 44.673226], [-63.501594, 44.672869], [-63.501997, 44.672814], [-63.501652, 44.672677], [-63.501433, 44.672299], [-63.500654, 44.671296], [-63.501761, 44.671233], [-63.502072, 44.670936], [-63.501909, 44.670808], [-63.501862, 44.670612], [-63.501957, 44.670111], [-63.502397, 44.670613], [-63.502289, 44.670665], [-63.502502, 44.67091], [-63.503201, 44.670866], [-63.50317, 44.670683], [-63.503707, 44.670637], [-63.503577, 44.670349], [-63.503363, 44.670104], [-63.503459, 44.670061], [-63.503424, 44.669977], [-63.503853, 44.669953], [-63.504162, 44.670683], [-63.50446, 44.670411], [-63.504611, 44.670474], [-63.504487, 44.670791], [-63.505168, 44.670761], [-63.504095, 44.668191], [-63.504013, 44.668235], [-63.503602, 44.667945], [-63.503505, 44.667579], [-63.50169, 44.665802], [-63.500698, 44.664979], [-63.498684, 44.662983], [-63.497899, 44.662298], [-63.499614, 44.661538], [-63.498757, 44.66127], [-63.498134, 44.660517], [-63.497098, 44.659506], [-63.495595, 44.658278], [-63.499574, 44.657156], [-63.502016, 44.656413], [-63.500561, 44.65256], [-63.518478, 44.649066], [-63.515116, 44.64721], [-63.517012, 44.646867], [-63.513116, 44.643783], [-63.517479, 44.640002], [-63.517718, 44.641893], [-63.517019, 44.642501], [-63.519096, 44.64236], [-63.517952, 44.641689], [-63.517701, 44.63981], [-63.523752, 44.634567], [-63.524259, 44.634183], [-63.524387, 44.63405], [-63.524224, 44.633692], [-63.524289, 44.633495], [-63.524393, 44.633264], [-63.524877, 44.63261], [-63.528495, 44.629629], [-63.529306, 44.630521], [-63.543197, 44.627866], [-63.546008, 44.630955], [-63.562524, 44.653834], [-63.578156, 44.660537], [-63.588068, 44.665001], [-63.594496, 44.671354], [-63.601731, 44.675247], [-63.614352, 44.678634], [-63.627313, 44.685035], [-63.640556, 44.69899], [-63.62535, 44.702101], [-63.621542, 44.702555], [-63.618604, 44.705131], [-63.618791, 44.706], [-63.619594, 44.706382], [-63.619388, 44.70664], [-63.618722, 44.70704], [-63.618498, 44.707366], [-63.618741, 44.708182], [-63.618665, 44.708359], [-63.618674, 44.708742], [-63.618552, 44.709188], [-63.618051, 44.709671], [-63.618246, 44.71004], [-63.618201, 44.710667], [-63.618099, 44.710804], [-63.61755, 44.711166], [-63.61749, 44.711475], [-63.617416, 44.711625], [-63.617275, 44.711749], [-63.617078, 44.712471], [-63.616907, 44.712727], [-63.61644, 44.712737], [-63.616307, 44.713099], [-63.615656, 44.713955], [-63.61461, 44.714709], [-63.610807, 44.71645], [-63.60991, 44.717067], [-63.60955, 44.717415], [-63.609077, 44.718041], [-63.608811, 44.718605], [-63.608678, 44.719119], [-63.608629, 44.720125], [-63.608569, 44.720477], [-63.608408, 44.7209], [-63.608171, 44.721283], [-63.607833, 44.721641], [-63.607271, 44.722041], [-63.606886, 44.722245], [-63.605937, 44.722624], [-63.60544, 44.722917], [-63.604957, 44.723375], [-63.604632, 44.723848], [-63.604461, 44.724291], [-63.604408, 44.72479], [-63.604685, 44.72643], [-63.604577, 44.726888], [-63.604321, 44.727366], [-63.603743, 44.728006], [-63.598481, 44.732347], [-63.596579, 44.731231], [-63.592417, 44.73488], [-63.590992, 44.735269], [-63.588206, 44.733709], [-63.589774, 44.732418], [-63.592759, 44.729826], [-63.565364, 44.73561], [-63.564497, 44.736408], [-63.563943, 44.737157], [-63.562566, 44.740088], [-63.562626, 44.740102], [-63.562231, 44.740957], [-63.562132, 44.740934], [-63.562153, 44.741043], [-63.561596, 44.741211], [-63.56144, 44.741164]]]}, "properties": {"OBJECTID": 117, "GSA_KEY": 120, "FCODE": "GSAPOLY", "GSA_NAME": "DARTMOUTH", "MUN_CODE": "HRM", "GSA_REM": " ", "SOURCE": "DM", "DATE_ACT": 980899200000, "SYS_DATE": 1765394382000, "GLOBALID": "37965ce1-41fd-4b93-beb4-4928b1ee39ce", "Shape__Area": 150760687.015625, "Shape__Length": 62172.59601836843}}, {"type": "Feature", "id": 118, "geometry": {"type": "Polygon", "coordinates": [[[-63.277587, 44.743211], [-63.277556, 44.743158], [-63.276799, 44.7432], [-63.276118, 44.74316], [-63.275093, 44.742947], [-63.274003, 44.742539], [-63.271943, 44.741623], [-63.270946, 44.741343], [-63.269843, 44.741187], [-63.269786, 44.740986], [-63.269582, 44.740804], [-63.268393, 44.740574], [-63.268151, 44.740411], [-63.26752, 44.740395], [-63.267258, 44.740248], [-63.266932, 44.740172], [-63.266767, 44.740207], [-63.266498, 44.740357], [-63.266144, 44.74038], [-63.265632, 44.740113], [-63.265559, 44.739985], [-63.26557, 44.7396], [-63.265383, 44.739463], [-63.265282, 44.739462], [-63.264874, 44.739664], [-63.26438, 44.739758], [-63.264085, 44.739944], [-63.263629, 44.740038], [-63.262833, 44.740047], [-63.262478, 44.740106], [-63.262101, 44.740039], [-63.261813, 44.739901], [-63.261401, 44.739293], [-63.261145, 44.739115], [-63.260886, 44.73906], [-63.260148, 44.739083], [-63.259846, 44.738997], [-63.259241, 44.738919], [-63.258667, 44.738696], [-63.258186, 44.738238], [-63.25735, 44.738115], [-63.256977, 44.737967], [-63.256678, 44.737737], [-63.255963, 44.737399], [-63.255299, 44.737361], [-63.254358, 44.737402], [-63.253869, 44.737284], [-63.2537, 44.737096], [-63.253709, 44.736664], [-63.252995, 44.736264], [-63.249588, 44.735742], [-63.251697, 44.727803], [-63.250988, 44.723652], [-63.245237, 44.718227], [-63.239194, 44.715764], [-63.24059, 44.709198], [-63.243657, 44.704358], [-63.246686, 44.701223], [-63.245709, 44.699018], [-63.252655, 44.699011], [-63.254002, 44.699475], [-63.25639, 44.698818], [-63.256671, 44.698879], [-63.256772, 44.698772], [-63.258608, 44.698236], [-63.258353, 44.697792], [-63.264758, 44.695939], [-63.265483, 44.69753], [-63.266538, 44.697311], [-63.273478, 44.695367], [-63.273797, 44.695225], [-63.285968, 44.691712], [-63.289634, 44.690777], [-63.289881, 44.692776], [-63.290431, 44.696143], [-63.290351, 44.699946], [-63.289069, 44.701967], [-63.287929, 44.703104], [-63.286667, 44.704152], [-63.286648, 44.705037], [-63.286995, 44.706279], [-63.287959, 44.707616], [-63.289058, 44.708424], [-63.295167, 44.713303], [-63.30266, 44.724354], [-63.302896, 44.725519], [-63.299731, 44.725782], [-63.297418, 44.726146], [-63.296149, 44.72642], [-63.294366, 44.727099], [-63.294275, 44.727005], [-63.293472, 44.727375], [-63.292689, 44.727812], [-63.291833, 44.72838], [-63.291051, 44.728996], [-63.285648, 44.73185], [-63.284151, 44.733776], [-63.281989, 44.73524], [-63.28182, 44.73511], [-63.279643, 44.736583], [-63.279682, 44.736808], [-63.278004, 44.737925], [-63.276926, 44.738554], [-63.27705, 44.739093], [-63.27787, 44.739051], [-63.278755, 44.738532], [-63.282386, 44.737808], [-63.282564, 44.738234], [-63.279646, 44.738822], [-63.279922, 44.739155], [-63.28057, 44.73944], [-63.28073, 44.739675], [-63.281032, 44.739895], [-63.281044, 44.739976], [-63.281315, 44.740131], [-63.282035, 44.740401], [-63.280464, 44.741957], [-63.279863, 44.742407], [-63.279291, 44.742704], [-63.278277, 44.743052], [-63.27825, 44.74315], [-63.277587, 44.743211]]]}, "properties": {"OBJECTID": 118, "GSA_KEY": 121, "FCODE": "GSAPOLY", "GSA_NAME": "WEST CHEZZETCOOK", "MUN_CODE": "HRM", "GSA_REM": " ", "SOURCE": "CR", "DATE_ACT": 980899200000, "SYS_DATE": 1414713600000, "GLOBALID": "d6fcfd69-cf53-4b55-aefa-09f367331843", "Shape__Area": 34423068.59375, "Shape__Length": 27806.680998125557}}, {"type": "Feature", "id": 119, "geometry": {"type": "Polygon", "coordinates": [[[-62.832561, 44.7283], [-62.826314, 44.729618], [-62.826432, 44.729839], [-62.826625, 44.730034], [-62.828061, 44.730972], [-62.828346, 44.731319], [-62.828525, 44.731416], [-62.829147, 44.731571], [-62.829521, 44.731882], [-62.829296, 44.731983], [-62.828755, 44.732355], [-62.828638, 44.732477], [-62.828555, 44.732712], [-62.827553, 44.733056], [-62.826949, 44.733162], [-62.825499, 44.733251], [-62.822342, 44.734572], [-62.812704, 44.733666], [-62.78191, 44.718259], [-62.779227, 44.682911], [-62.779435, 44.682851], [-62.779074, 44.68044], [-62.780604, 44.670956], [-62.792233, 44.660335], [-62.816771, 44.654302], [-62.818055, 44.654253], [-62.812179, 44.710673], [-62.813895, 44.716311], [-62.81449, 44.716248], [-62.829091, 44.712587], [-62.830334, 44.723286], [-62.832561, 44.7283]]]}, "properties": {"OBJECTID": 119, "GSA_KEY": 122, "FCODE": "GSAPOLY", "GSA_NAME": "SOUTHWEST COVE", "MUN_CODE": "HRM", "GSA_REM": " ", "SOURCE": "DM", "DATE_ACT": 980899200000, "SYS_DATE": null, "GLOBALID": "584cd9ac-c9de-4cc3-b573-a64b3ad087d5", "Shape__Area": 44706444.265625, "Shape__Length": 34099.429318433526}}, {"type": "Feature", "id": 120, "geometry": {"type": "Polygon", "coordinates": [[[-63.472109, 44.720341], [-63.471938, 44.719818], [-63.470863, 44.720032], [-63.470508, 44.719485], [-63.47002, 44.718992], [-63.469415, 44.718571], [-63.468525, 44.718165], [-63.467937, 44.717994], [-63.467322, 44.717882], [-63.46592, 44.718099], [-63.465343, 44.716551], [-63.465864, 44.716423], [-63.465714, 44.715896], [-63.466946, 44.715678], [-63.466862, 44.715327], [-63.466272, 44.715178], [-63.465627, 44.714885], [-63.465553, 44.714197], [-63.465043, 44.71354], [-63.464016, 44.712766], [-63.463202, 44.711862], [-63.462737, 44.710789], [-63.46247, 44.710574], [-63.462035, 44.709611], [-63.462045, 44.709315], [-63.462664, 44.708642], [-63.462507, 44.707621], [-63.461786, 44.706894], [-63.46128, 44.706616], [-63.46008, 44.705694], [-63.459976, 44.705564], [-63.458895, 44.705506], [-63.458886, 44.705546], [-63.456677, 44.705316], [-63.455957, 44.705288], [-63.451256, 44.70575], [-63.450295, 44.705753], [-63.449312, 44.705651], [-63.448573, 44.7055], [-63.447863, 44.705289], [-63.447439, 44.705128], [-63.446492, 44.704658], [-63.44647, 44.704371], [-63.446639, 44.704224], [-63.445642, 44.703715], [-63.444282, 44.703185], [-63.442734, 44.702806], [-63.449317, 44.701436], [-63.449169, 44.701075], [-63.45831, 44.699086], [-63.458309, 44.698948], [-63.457989, 44.698437], [-63.457755, 44.697681], [-63.455724, 44.696417], [-63.455539, 44.69626], [-63.455424, 44.695997], [-63.453906, 44.6954], [-63.453622, 44.69536], [-63.453043, 44.695408], [-63.452498, 44.695339], [-63.452029, 44.695153], [-63.451934, 44.695013], [-63.452123, 44.69447], [-63.452019, 44.693998], [-63.451847, 44.69358], [-63.451396, 44.693255], [-63.45074, 44.692602], [-63.450574, 44.69228], [-63.449688, 44.691117], [-63.449743, 44.690957], [-63.449723, 44.690823], [-63.449564, 44.690501], [-63.44946, 44.690067], [-63.449463, 44.689885], [-63.44976, 44.689593], [-63.450062, 44.689505], [-63.450297, 44.689347], [-63.450435, 44.689188], [-63.450453, 44.689001], [-63.450286, 44.6887], [-63.450311, 44.688556], [-63.450728, 44.688325], [-63.450752, 44.688207], [-63.450621, 44.688035], [-63.45073, 44.687806], [-63.450746, 44.68732], [-63.450568, 44.687184], [-63.450555, 44.687093], [-63.451068, 44.686467], [-63.451012, 44.686258], [-63.451024, 44.68605], [-63.451117, 44.685858], [-63.451662, 44.685136], [-63.452248, 44.684671], [-63.452343, 44.684394], [-63.452465, 44.683432], [-63.452984, 44.682863], [-63.453294, 44.68277], [-63.453414, 44.682781], [-63.453526, 44.682709], [-63.453733, 44.682796], [-63.454007, 44.682663], [-63.45427, 44.682705], [-63.454598, 44.682968], [-63.454272, 44.683212], [-63.454306, 44.683766], [-63.455121, 44.683341], [-63.45544, 44.683457], [-63.455963, 44.683484], [-63.456175, 44.683972], [-63.456708, 44.683837], [-63.456489, 44.683358], [-63.46022, 44.684265], [-63.462484, 44.684943], [-63.46299, 44.685227], [-63.463198, 44.685278], [-63.463975, 44.685186], [-63.464559, 44.684989], [-63.464937, 44.685024], [-63.465373, 44.684947], [-63.466308, 44.684888], [-63.468462, 44.684372], [-63.472761, 44.683541], [-63.4752, 44.683344], [-63.475347, 44.683421], [-63.475457, 44.683341], [-63.475655, 44.683339], [-63.477702, 44.683403], [-63.482353, 44.683359], [-63.482423, 44.683493], [-63.482545, 44.683465], [-63.48315, 44.68471], [-63.483765, 44.685018], [-63.483777, 44.685373], [-63.483913, 44.685506], [-63.483613, 44.685672], [-63.483647, 44.685706], [-63.483949, 44.68554], [-63.484654, 44.686167], [-63.485828, 44.686957], [-63.487206, 44.686398], [-63.487346, 44.686382], [-63.487586, 44.686448], [-63.488506, 44.687183], [-63.488867, 44.687611], [-63.489465, 44.687478], [-63.490514, 44.688423], [-63.490861, 44.689301], [-63.4921, 44.688949], [-63.492275, 44.689272], [-63.492368, 44.689246], [-63.492212, 44.688918], [-63.492645, 44.688794], [-63.492835, 44.688988], [-63.492836, 44.689059], [-63.493105, 44.689004], [-63.493008, 44.689192], [-63.493078, 44.689201], [-63.494548, 44.690448], [-63.494567, 44.690539], [-63.494806, 44.690496], [-63.49475, 44.69067], [-63.494804, 44.690672], [-63.495556, 44.691313], [-63.495513, 44.691338], [-63.495821, 44.691594], [-63.498251, 44.690302], [-63.49863, 44.691091], [-63.499312, 44.691941], [-63.499435, 44.69227], [-63.49961, 44.692475], [-63.499611, 44.692534], [-63.499502, 44.692643], [-63.498606, 44.693423], [-63.498353, 44.693466], [-63.498969, 44.693745], [-63.499002, 44.693862], [-63.499166, 44.69405], [-63.499745, 44.694338], [-63.499139, 44.694508], [-63.499822, 44.694875], [-63.500872, 44.695334], [-63.50471, 44.696652], [-63.505508, 44.696984], [-63.504824, 44.697488], [-63.504061, 44.69796], [-63.502987, 44.698416], [-63.502096, 44.698556], [-63.50017, 44.698581], [-63.497212, 44.698407], [-63.49577, 44.698427], [-63.493999, 44.698543], [-63.493763, 44.698583], [-63.493497, 44.698698], [-63.493272, 44.698238], [-63.493396, 44.697957], [-63.493194, 44.698066], [-63.493055, 44.698068], [-63.493019, 44.698131], [-63.493168, 44.698266], [-63.493021, 44.69828], [-63.493247, 44.698738], [-63.493522, 44.699098], [-63.493976, 44.699482], [-63.494585, 44.699875], [-63.494929, 44.700042], [-63.494747, 44.700131], [-63.494221, 44.700059], [-63.494091, 44.700387], [-63.49463, 44.70073], [-63.494704, 44.700921], [-63.495438, 44.70094], [-63.495554, 44.701274], [-63.494178, 44.701517], [-63.495032, 44.703482], [-63.49356, 44.70425], [-63.49369, 44.704587], [-63.489006, 44.70551], [-63.488453, 44.703946], [-63.486526, 44.704285], [-63.485975, 44.702609], [-63.485656, 44.701373], [-63.48522, 44.70024], [-63.484494, 44.700362], [-63.484619, 44.700473], [-63.483373, 44.700708], [-63.4833, 44.700279], [-63.483125, 44.700239], [-63.483008, 44.700385], [-63.483075, 44.70057], [-63.48252, 44.70066], [-63.482641, 44.701027], [-63.483208, 44.700946], [-63.483886, 44.702896], [-63.481697, 44.703377], [-63.482642, 44.704288], [-63.482894, 44.704784], [-63.480756, 44.70534], [-63.480862, 44.705579], [-63.481196, 44.705549], [-63.481391, 44.705642], [-63.481436, 44.705841], [-63.481339, 44.705917], [-63.481388, 44.706225], [-63.481568, 44.706305], [-63.481948, 44.706684], [-63.482308, 44.706712], [-63.482479, 44.706794], [-63.4827, 44.707228], [-63.483022, 44.707422], [-63.482967, 44.707581], [-63.483069, 44.707589], [-63.483151, 44.70769], [-63.483149, 44.707796], [-63.483311, 44.707964], [-63.483328, 44.708135], [-63.483231, 44.707934], [-63.482021, 44.708211], [-63.481001, 44.705867], [-63.478551, 44.706784], [-63.478007, 44.706672], [-63.47712, 44.707023], [-63.47687, 44.706371], [-63.476493, 44.706527], [-63.47605, 44.706], [-63.475226, 44.706353], [-63.473454, 44.703855], [-63.476599, 44.703213], [-63.475996, 44.702675], [-63.473309, 44.703169], [-63.47313, 44.702585], [-63.470756, 44.703022], [-63.470516, 44.702954], [-63.470491, 44.703067], [-63.470683, 44.703266], [-63.470178, 44.703524], [-63.471644, 44.70497], [-63.471977, 44.705373], [-63.472512, 44.705056], [-63.472604, 44.705141], [-63.471047, 44.705964], [-63.474659, 44.709249], [-63.474433, 44.709212], [-63.474135, 44.709234], [-63.474022, 44.709332], [-63.473727, 44.709308], [-63.472721, 44.709457], [-63.472456, 44.709646], [-63.472094, 44.709596], [-63.471989, 44.709659], [-63.471978, 44.709717], [-63.472081, 44.709844], [-63.473046, 44.711772], [-63.473572, 44.713049], [-63.473946, 44.714065], [-63.473722, 44.714102], [-63.474296, 44.714947], [-63.472214, 44.715534], [-63.472998, 44.716314], [-63.472925, 44.71633], [-63.473091, 44.716724], [-63.473664, 44.716598], [-63.473899, 44.717148], [-63.473139, 44.717315], [-63.473121, 44.7176], [-63.473194, 44.718146], [-63.473731, 44.718031], [-63.47384, 44.718288], [-63.472729, 44.718526], [-63.472912, 44.718762], [-63.473702, 44.719115], [-63.473255, 44.720055], [-63.473067, 44.720247], [-63.472109, 44.720341]]]}, "properties": {"OBJECTID": 120, "GSA_KEY": 123, "FCODE": "GSAPOLY", "GSA_NAME": "WESTPHAL", "MUN_CODE": "HRM", "GSA_REM": " ", "SOURCE": "DM", "DATE_ACT": 980899200000, "SYS_DATE": 1750269100000, "GLOBALID": "0b91ce8b-4c4d-4605-a52f-d731f143a744", "Shape__Area": 18161893.57421875, "Shape__Length": 33303.39009215666}}, {"type": "Feature", "id": 121, "geometry": {"type": "Polygon", "coordinates": [[[-62.874725, 44.727342], [-62.859457, 44.72604], [-62.858985, 44.726553], [-62.848388, 44.728647], [-62.848293, 44.728858], [-62.848365, 44.728972], [-62.848185, 44.729189], [-62.848143, 44.729387], [-62.848355, 44.729574], [-62.848539, 44.730134], [-62.848718, 44.730523], [-62.84886, 44.730683], [-62.848941, 44.730917], [-62.848945, 44.731069], [-62.848723, 44.731297], [-62.848713, 44.731396], [-62.848767, 44.731461], [-62.831771, 44.734762], [-62.831119, 44.733843], [-62.830483, 44.733103], [-62.829923, 44.732337], [-62.829734, 44.732378], [-62.829753, 44.732122], [-62.829482, 44.731828], [-62.829147, 44.731571], [-62.828525, 44.731416], [-62.828346, 44.731319], [-62.828061, 44.730972], [-62.826625, 44.730034], [-62.826432, 44.729839], [-62.826314, 44.729618], [-62.832561, 44.7283], [-62.830334, 44.723286], [-62.829091, 44.712587], [-62.81449, 44.716248], [-62.813895, 44.716311], [-62.812179, 44.710673], [-62.818055, 44.654253], [-62.848088, 44.653118], [-62.873401, 44.696535], [-62.86506, 44.71142], [-62.865638, 44.720003], [-62.872719, 44.720883], [-62.874725, 44.727342]]]}, "properties": {"OBJECTID": 121, "GSA_KEY": 124, "FCODE": "GSAPOLY", "GSA_NAME": "LITTLE HARBOUR", "MUN_CODE": "HRM", "GSA_REM": " ", "SOURCE": "DM", "DATE_ACT": 980899200000, "SYS_DATE": null, "GLOBALID": "f285d0d6-cba9-4a58-987a-c61f0becc463", "Shape__Area": 61741981.79296875, "Shape__Length": 37714.81997063318}}, {"type": "Feature", "id": 122, "geometry": {"type": "Polygon", "coordinates": [[[-63.870618, 44.736037], [-63.869929, 44.734919], [-63.865028, 44.735978], [-63.865194, 44.735775], [-63.86539, 44.735397], [-63.865556, 44.735227], [-63.865582, 44.735066], [-63.86584, 44.734947], [-63.865936, 44.73471], [-63.865623, 44.734248], [-63.865624, 44.734149], [-63.865456, 44.734105], [-63.865216, 44.733891], [-63.865012, 44.733826], [-63.864919, 44.733701], [-63.86487, 44.733415], [-63.864944, 44.733227], [-63.86518, 44.732966], [-63.865241, 44.7328], [-63.865096, 44.732599], [-63.864199, 44.731967], [-63.864186, 44.731902], [-63.864285, 44.731744], [-63.864016, 44.73187], [-63.862989, 44.731362], [-63.861351, 44.732597], [-63.86108, 44.732278], [-63.86078, 44.732219], [-63.860566, 44.73201], [-63.860356, 44.731941], [-63.860283, 44.732091], [-63.860371, 44.732285], [-63.860326, 44.732468], [-63.847551, 44.7247], [-63.847213, 44.7244], [-63.847006, 44.722101], [-63.847077, 44.720374], [-63.84698, 44.719475], [-63.84679, 44.719082], [-63.846444, 44.717252], [-63.847198, 44.715412], [-63.846964, 44.712291], [-63.848577, 44.710633], [-63.849439, 44.70964], [-63.849816, 44.708681], [-63.849905, 44.707514], [-63.850167, 44.707188], [-63.849782, 44.70671], [-63.850333, 44.706521], [-63.853074, 44.705362], [-63.854264, 44.704814], [-63.855098, 44.704372], [-63.855214, 44.704719], [-63.855365, 44.704454], [-63.855618, 44.704434], [-63.855618, 44.704296], [-63.855235, 44.704258], [-63.857035, 44.702706], [-63.856981, 44.702678], [-63.857064, 44.702542], [-63.857069, 44.702395], [-63.85688, 44.702151], [-63.855532, 44.701705], [-63.853037, 44.701604], [-63.853833, 44.701189], [-63.857061, 44.696791], [-63.857371, 44.697307], [-63.857932, 44.697471], [-63.858472, 44.697538], [-63.859379, 44.696965], [-63.859707, 44.695794], [-63.860824, 44.693113], [-63.861741, 44.69215], [-63.861835, 44.691777], [-63.861539, 44.691823], [-63.860881, 44.691822], [-63.858531, 44.691704], [-63.857981, 44.691778], [-63.857401, 44.691946], [-63.856733, 44.692265], [-63.856188, 44.692637], [-63.855781, 44.693082], [-63.854997, 44.694251], [-63.854644, 44.69466], [-63.854242, 44.69501], [-63.853643, 44.695391], [-63.852963, 44.695718], [-63.852728, 44.695742], [-63.852472, 44.695919], [-63.851699, 44.696096], [-63.851418, 44.696238], [-63.850656, 44.696294], [-63.850136, 44.696201], [-63.849806, 44.696377], [-63.848996, 44.696567], [-63.848832, 44.696475], [-63.848969, 44.69611], [-63.848879, 44.695981], [-63.848587, 44.695949], [-63.84815, 44.696069], [-63.847974, 44.696048], [-63.847917, 44.695941], [-63.848002, 44.695588], [-63.847839, 44.695456], [-63.847454, 44.69541], [-63.846693, 44.695504], [-63.846255, 44.695451], [-63.846458, 44.695342], [-63.843351, 44.692471], [-63.846617, 44.690853], [-63.849603, 44.686425], [-63.853306, 44.680687], [-63.855137, 44.681078], [-63.855246, 44.680939], [-63.860751, 44.682026], [-63.87185, 44.684374], [-63.871923, 44.683028], [-63.862346, 44.681168], [-63.86293, 44.679619], [-63.863846, 44.677767], [-63.864931, 44.675772], [-63.864887, 44.675744], [-63.865368, 44.674808], [-63.869189, 44.675783], [-63.869823, 44.675905], [-63.870735, 44.676179], [-63.873772, 44.676951], [-63.875125, 44.674268], [-63.861478, 44.670745], [-63.864666, 44.663831], [-63.888608, 44.672242], [-63.888863, 44.671905], [-63.889954, 44.67224], [-63.890698, 44.672565], [-63.891059, 44.672675], [-63.891524, 44.672647], [-63.892451, 44.67282], [-63.893035, 44.673045], [-63.89272, 44.674785], [-63.892371, 44.67733], [-63.891567, 44.68049], [-63.891161, 44.68327], [-63.892633, 44.686386], [-63.891911, 44.687147], [-63.890339, 44.690899], [-63.890382, 44.691349], [-63.890656, 44.692173], [-63.890817, 44.692414], [-63.890855, 44.692795], [-63.890708, 44.693177], [-63.890471, 44.693563], [-63.890187, 44.693861], [-63.890033, 44.694199], [-63.889818, 44.694317], [-63.889863, 44.694598], [-63.890315, 44.69526], [-63.890422, 44.695578], [-63.890581, 44.695838], [-63.890742, 44.695957], [-63.891018, 44.696011], [-63.89126, 44.696215], [-63.891293, 44.696312], [-63.891204, 44.696665], [-63.891393, 44.697013], [-63.891272, 44.697303], [-63.89128, 44.69739], [-63.891442, 44.697658], [-63.891087, 44.6985], [-63.889371, 44.701253], [-63.889243, 44.701701], [-63.890076, 44.703049], [-63.891452, 44.70624], [-63.891063, 44.707491], [-63.891829, 44.708649], [-63.891681, 44.708769], [-63.891702, 44.708872], [-63.891666, 44.708933], [-63.891744, 44.709131], [-63.89174, 44.709279], [-63.891832, 44.709336], [-63.892013, 44.709337], [-63.893056, 44.710948], [-63.895746, 44.713659], [-63.895563, 44.715757], [-63.890412, 44.721791], [-63.89482, 44.728798], [-63.895628, 44.730452], [-63.897988, 44.730875], [-63.896507, 44.734532], [-63.896374, 44.734696], [-63.891045, 44.735335], [-63.883221, 44.736365], [-63.881016, 44.735882], [-63.876738, 44.739012], [-63.873369, 44.742046], [-63.870618, 44.736037]]]}, "properties": {"OBJECTID": 122, "GSA_KEY": 125, "FCODE": "GSAPOLY", "GSA_NAME": "UPPER TANTALLON", "MUN_CODE": "HRM", "GSA_REM": " ", "SOURCE": "DM", "DATE_ACT": 980899200000, "SYS_DATE": 1728404768000, "GLOBALID": "5613d829-b707-4b45-a055-5586c6fc1e87", "Shape__Area": 44880796.640625, "Shape__Length": 42953.99106860462}}, {"type": "Feature", "id": 123, "geometry": {"type": "Polygon", "coordinates": [[[-63.333342, 44.711546], [-63.331001, 44.706361], [-63.329208, 44.701942], [-63.32775, 44.701167], [-63.32738, 44.700247], [-63.325072, 44.695359], [-63.324129, 44.692396], [-63.323634, 44.691299], [-63.326371, 44.690348], [-63.32702, 44.690071], [-63.331367, 44.689103], [-63.332201, 44.689053], [-63.332546, 44.689138], [-63.332904, 44.68936], [-63.333591, 44.68947], [-63.333507, 44.689403], [-63.333518, 44.68924], [-63.333436, 44.689118], [-63.333434, 44.688686], [-63.333224, 44.68698], [-63.333045, 44.684972], [-63.333914, 44.681541], [-63.33621, 44.682986], [-63.338636, 44.682374], [-63.341299, 44.68357], [-63.35149, 44.67708], [-63.353594, 44.675811], [-63.357335, 44.673958], [-63.362021, 44.677026], [-63.363288, 44.678521], [-63.369871, 44.677062], [-63.381513, 44.674257], [-63.382291, 44.675595], [-63.38895, 44.690766], [-63.400988, 44.688446], [-63.409393, 44.709154], [-63.394417, 44.712297], [-63.394295, 44.712027], [-63.393734, 44.712017], [-63.39305, 44.712123], [-63.39279, 44.712201], [-63.392689, 44.712525], [-63.392055, 44.712754], [-63.391869, 44.71287], [-63.386136, 44.714298], [-63.381219, 44.715684], [-63.37798, 44.716376], [-63.373826, 44.717443], [-63.341109, 44.725962], [-63.339461, 44.726332], [-63.337385, 44.726624], [-63.335311, 44.72684], [-63.335195, 44.72659], [-63.339423, 44.725665], [-63.333952, 44.713059], [-63.333342, 44.711546]]]}, "properties": {"OBJECTID": 123, "GSA_KEY": 126, "FCODE": "GSAPOLY", "GSA_NAME": "MINEVILLE", "MUN_CODE": "HRM", "GSA_REM": " ", "SOURCE": "CR", "DATE_ACT": 980899200000, "SYS_DATE": 1578873600000, "GLOBALID": "729151ce-4c0a-4427-8bb0-f62fae2adbac", "Shape__Area": 48316838.625, "Shape__Length": 31392.625379480196}}, {"type": "Feature", "id": 124, "geometry": {"type": "Polygon", "coordinates": [[[-63.845462, 44.724064], [-63.845053, 44.723601], [-63.844969, 44.723609], [-63.844023, 44.722493], [-63.843847, 44.722389], [-63.843875, 44.722367], [-63.839765, 44.719938], [-63.836722, 44.71827], [-63.834701, 44.717056], [-63.836371, 44.715498], [-63.838477, 44.713185], [-63.823656, 44.704346], [-63.806435, 44.69416], [-63.798239, 44.689542], [-63.791521, 44.685878], [-63.791835, 44.685336], [-63.794014, 44.683269], [-63.797176, 44.685162], [-63.810569, 44.692934], [-63.816985, 44.696599], [-63.818363, 44.695352], [-63.805701, 44.687828], [-63.807046, 44.685699], [-63.808315, 44.686121], [-63.815215, 44.682894], [-63.816739, 44.68445], [-63.818423, 44.683822], [-63.81883, 44.682429], [-63.820395, 44.682736], [-63.821425, 44.682994], [-63.823425, 44.683624], [-63.825322, 44.684398], [-63.827094, 44.68531], [-63.828706, 44.686333], [-63.829848, 44.687185], [-63.833697, 44.690287], [-63.834202, 44.690408], [-63.834413, 44.690511], [-63.834587, 44.690887], [-63.835009, 44.691089], [-63.83533, 44.691328], [-63.835308, 44.691423], [-63.835354, 44.691491], [-63.835272, 44.691555], [-63.844404, 44.698901], [-63.845091, 44.699392], [-63.845951, 44.699904], [-63.84669, 44.700275], [-63.847692, 44.700685], [-63.848795, 44.701029], [-63.8498, 44.701272], [-63.851092, 44.701491], [-63.851616, 44.701292], [-63.852001, 44.701279], [-63.852858, 44.701425], [-63.853037, 44.701604], [-63.855532, 44.701705], [-63.856915, 44.702175], [-63.857069, 44.702395], [-63.857064, 44.702542], [-63.856981, 44.702678], [-63.857035, 44.702706], [-63.855235, 44.704258], [-63.855618, 44.704296], [-63.855618, 44.704434], [-63.855365, 44.704454], [-63.855214, 44.704719], [-63.855098, 44.704372], [-63.854264, 44.704814], [-63.853074, 44.705362], [-63.850333, 44.706521], [-63.849782, 44.70671], [-63.850167, 44.707188], [-63.849905, 44.707514], [-63.849816, 44.708681], [-63.849439, 44.70964], [-63.848577, 44.710633], [-63.846964, 44.712291], [-63.847198, 44.715412], [-63.846444, 44.717252], [-63.84679, 44.719082], [-63.84698, 44.719475], [-63.847077, 44.720374], [-63.847006, 44.722101], [-63.84719, 44.724144], [-63.8468, 44.724102], [-63.846199, 44.72374], [-63.845567, 44.724182], [-63.845462, 44.724064]]]}, "properties": {"OBJECTID": 124, "GSA_KEY": 127, "FCODE": "GSAPOLY", "GSA_NAME": "STILLWATER LAKE", "MUN_CODE": "HRM", "GSA_REM": " ", "SOURCE": "DM", "DATE_ACT": 980899200000, "SYS_DATE": 1668007341000, "GLOBALID": "8beaa0b3-aa32-49d4-9400-9a7a4db255de", "Shape__Area": 15033438.4296875, "Shape__Length": 27110.5314446348}}, {"type": "Feature", "id": 125, "geometry": {"type": "Polygon", "coordinates": [[[-63.057874, 44.701998], [-63.056556, 44.701221], [-63.054362, 44.695391], [-63.054436, 44.695073], [-63.05085, 44.690811], [-63.044746, 44.689722], [-63.047318, 44.681132], [-63.049659, 44.6728], [-63.0524, 44.657349], [-63.076695, 44.657886], [-63.076706, 44.684188], [-63.082044, 44.698567], [-63.080856, 44.709758], [-63.070557, 44.706692], [-63.062157, 44.704991], [-63.060515, 44.703556], [-63.057874, 44.701998]]]}, "properties": {"OBJECTID": 125, "GSA_KEY": 129, "FCODE": "GSAPOLY", "GSA_NAME": "PLEASANT POINT", "MUN_CODE": "HRM", "GSA_REM": " ", "SOURCE": "CR", "DATE_ACT": 980899200000, "SYS_DATE": null, "GLOBALID": "681210ff-8eac-4828-aab5-c0811459c1bc", "Shape__Area": 23189130.92578125, "Shape__Length": 21603.765615869605}}, {"type": "Feature", "id": 126, "geometry": {"type": "Polygon", "coordinates": [[[-63.406592, 44.702274], [-63.400988, 44.688446], [-63.38895, 44.690766], [-63.382291, 44.675595], [-63.381513, 44.674257], [-63.369871, 44.677062], [-63.363288, 44.678521], [-63.362021, 44.677026], [-63.356857, 44.673646], [-63.35478, 44.669784], [-63.354375, 44.664292], [-63.354656, 44.663249], [-63.354547, 44.662307], [-63.354279, 44.660786], [-63.353527, 44.660081], [-63.352564, 44.659343], [-63.350369, 44.658501], [-63.348775, 44.657392], [-63.347973, 44.654926], [-63.348073, 44.654168], [-63.348594, 44.653657], [-63.349104, 44.653632], [-63.351606, 44.653991], [-63.353222, 44.653977], [-63.354333, 44.653715], [-63.355653, 44.653607], [-63.356808, 44.653254], [-63.357423, 44.652289], [-63.3569, 44.651098], [-63.357633, 44.650227], [-63.358486, 44.649489], [-63.358905, 44.648859], [-63.359042, 44.648464], [-63.359381, 44.648164], [-63.359792, 44.647996], [-63.360721, 44.647807], [-63.361449, 44.647445], [-63.361491, 44.647234], [-63.360896, 44.646422], [-63.360791, 44.646117], [-63.356708, 44.626488], [-63.375992, 44.627004], [-63.403343, 44.629878], [-63.406327, 44.629962], [-63.414653, 44.639759], [-63.416157, 44.643736], [-63.413951, 44.647156], [-63.412626, 44.648882], [-63.412305, 44.651191], [-63.411885, 44.6522], [-63.412295, 44.653348], [-63.415721, 44.657307], [-63.418759, 44.658387], [-63.429997, 44.654626], [-63.431535, 44.658134], [-63.433245, 44.659495], [-63.434612, 44.662281], [-63.441583, 44.664456], [-63.446157, 44.674648], [-63.447987, 44.675683], [-63.451127, 44.678539], [-63.4532, 44.680826], [-63.453426, 44.681138], [-63.453269, 44.68244], [-63.452977, 44.682876], [-63.452465, 44.683432], [-63.452343, 44.684394], [-63.452248, 44.684671], [-63.451662, 44.685136], [-63.451117, 44.685858], [-63.451024, 44.68605], [-63.451012, 44.686258], [-63.451068, 44.686467], [-63.450555, 44.687093], [-63.450568, 44.687184], [-63.450746, 44.68732], [-63.45073, 44.687806], [-63.450621, 44.688035], [-63.450752, 44.688207], [-63.450728, 44.688325], [-63.450311, 44.688556], [-63.450286, 44.6887], [-63.450453, 44.689001], [-63.450435, 44.689188], [-63.450297, 44.689347], [-63.450062, 44.689505], [-63.44976, 44.689593], [-63.449463, 44.689885], [-63.44946, 44.690067], [-63.449564, 44.690501], [-63.449723, 44.690823], [-63.449743, 44.690957], [-63.449688, 44.691117], [-63.450574, 44.69228], [-63.45074, 44.692602], [-63.451396, 44.693255], [-63.451847, 44.69358], [-63.452019, 44.693998], [-63.452123, 44.69447], [-63.451934, 44.695013], [-63.452029, 44.695153], [-63.452498, 44.695339], [-63.453043, 44.695408], [-63.453622, 44.69536], [-63.453906, 44.6954], [-63.455424, 44.695997], [-63.455539, 44.69626], [-63.455724, 44.696417], [-63.457755, 44.697681], [-63.457989, 44.698437], [-63.458309, 44.698948], [-63.45831, 44.699086], [-63.449169, 44.701075], [-63.449317, 44.701436], [-63.44276, 44.702809], [-63.441672, 44.702649], [-63.44151, 44.702264], [-63.438527, 44.70285], [-63.43826, 44.702154], [-63.436256, 44.702514], [-63.436618, 44.703415], [-63.432319, 44.704315], [-63.423005, 44.705995], [-63.41586, 44.707477], [-63.415962, 44.707737], [-63.409375, 44.709108], [-63.406592, 44.702274]]]}, "properties": {"OBJECTID": 126, "GSA_KEY": 130, "FCODE": "GSAPOLY", "GSA_NAME": "LAWRENCETOWN", "MUN_CODE": "HRM", "GSA_REM": " ", "SOURCE": "CR", "DATE_ACT": 980899200000, "SYS_DATE": 1578873600000, "GLOBALID": "e4660d85-c1b7-46d5-8d05-86abb4f920b2", "Shape__Area": 84800639.26171875, "Shape__Length": 46421.15578778925}}, {"type": "Feature", "id": 127, "geometry": {"type": "Polygon", "coordinates": [[[-63.286995, 44.706279], [-63.286648, 44.705037], [-63.286667, 44.704152], [-63.287929, 44.703104], [-63.289069, 44.701967], [-63.290351, 44.699946], [-63.290431, 44.696143], [-63.289879, 44.692757], [-63.293291, 44.692402], [-63.295501, 44.692792], [-63.296216, 44.69407], [-63.297287, 44.694417], [-63.299305, 44.695799], [-63.302082, 44.699281], [-63.302669, 44.700482], [-63.303101, 44.701026], [-63.30329, 44.703686], [-63.305097, 44.703726], [-63.305671, 44.704321], [-63.305992, 44.704519], [-63.305743, 44.704646], [-63.304937, 44.704922], [-63.305, 44.7056], [-63.304866, 44.705607], [-63.304904, 44.706017], [-63.30595, 44.705967], [-63.305967, 44.706148], [-63.304854, 44.706201], [-63.304899, 44.70668], [-63.304822, 44.706683], [-63.304871, 44.707212], [-63.302598, 44.707656], [-63.302473, 44.707391], [-63.302231, 44.707447], [-63.30154, 44.705918], [-63.298858, 44.706514], [-63.298614, 44.705955], [-63.299134, 44.704954], [-63.299194, 44.704683], [-63.298055, 44.704553], [-63.2978, 44.705686], [-63.294411, 44.70644], [-63.293738, 44.7064], [-63.292948, 44.706227], [-63.288696, 44.708157], [-63.287959, 44.707616], [-63.286995, 44.706279]]]}, "properties": {"OBJECTID": 127, "GSA_KEY": 131, "FCODE": "GSAPOLY", "GSA_NAME": "MIDDLE PORTERS LAKE", "MUN_CODE": "HRM", "GSA_REM": " ", "SOURCE": "CR", "DATE_ACT": 980899200000, "SYS_DATE": 1682441502000, "GLOBALID": "5166caf6-d762-4253-ac44-8fd17530af24", "Shape__Area": 3012593.921875, "Shape__Length": 8988.30481355351}}, {"type": "Feature", "id": 128, "geometry": {"type": "Polygon", "coordinates": [[[-63.652298, 44.618349], [-63.647538, 44.623354], [-63.639464, 44.629936], [-63.638326, 44.630405], [-63.637761, 44.630713], [-63.63877, 44.633299], [-63.638733, 44.635085], [-63.6385, 44.635188], [-63.638525, 44.635443], [-63.638364, 44.635477], [-63.638522, 44.635519], [-63.638422, 44.635789], [-63.638636, 44.635884], [-63.63828, 44.638931], [-63.638413, 44.639637], [-63.639427, 44.640643], [-63.640849, 44.641808], [-63.642084, 44.642719], [-63.644125, 44.64181], [-63.646227, 44.644134], [-63.646854, 44.644167], [-63.647774, 44.644024], [-63.650326, 44.643195], [-63.653069, 44.642372], [-63.653994, 44.642035], [-63.655157, 44.641499], [-63.655968, 44.641036], [-63.658073, 44.639513], [-63.660333, 44.639539], [-63.661454, 44.639683], [-63.662217, 44.639889], [-63.662927, 44.640177], [-63.66498, 44.641372], [-63.665642, 44.641693], [-63.668535, 44.642616], [-63.668992, 44.642867], [-63.6701, 44.643643], [-63.670665, 44.643923], [-63.671208, 44.644092], [-63.671768, 44.644189], [-63.672342, 44.644215], [-63.672915, 44.644171], [-63.673115, 44.644444], [-63.672375, 44.645418], [-63.672105, 44.645853], [-63.672574, 44.646022], [-63.673114, 44.646299], [-63.673183, 44.646293], [-63.673264, 44.646551], [-63.673603, 44.646505], [-63.673592, 44.646446], [-63.673934, 44.64619], [-63.675017, 44.645955], [-63.675378, 44.646818], [-63.677106, 44.646449], [-63.677353, 44.647038], [-63.677539, 44.646769], [-63.677698, 44.646737], [-63.677852, 44.64678], [-63.677888, 44.646953], [-63.677701, 44.647045], [-63.678405, 44.647486], [-63.677093, 44.647766], [-63.677785, 44.64982], [-63.677372, 44.650432], [-63.67715, 44.650626], [-63.676834, 44.650759], [-63.676145, 44.650881], [-63.675993, 44.650815], [-63.675878, 44.651015], [-63.676082, 44.651077], [-63.676112, 44.651165], [-63.676204, 44.651056], [-63.677028, 44.65091], [-63.677453, 44.65073], [-63.678934, 44.652356], [-63.677365, 44.653084], [-63.677434, 44.653158], [-63.678788, 44.652531], [-63.679947, 44.653777], [-63.679872, 44.653811], [-63.680232, 44.654198], [-63.682803, 44.654043], [-63.683603, 44.654935], [-63.68583, 44.651536], [-63.686544, 44.651416], [-63.688855, 44.647752], [-63.688412, 44.648455], [-63.694474, 44.649778], [-63.69996, 44.652158], [-63.714809, 44.656739], [-63.722594, 44.681047], [-63.695593, 44.69337], [-63.693854, 44.693719], [-63.691453, 44.694829], [-63.690516, 44.693805], [-63.690215, 44.693683], [-63.687621, 44.694901], [-63.688804, 44.696037], [-63.68783, 44.696481], [-63.688183, 44.696829], [-63.688385, 44.697118], [-63.688708, 44.697978], [-63.689285, 44.69877], [-63.689396, 44.699144], [-63.689376, 44.699207], [-63.689418, 44.699228], [-63.688986, 44.699581], [-63.68846, 44.699868], [-63.688532, 44.699946], [-63.688201, 44.700093], [-63.688135, 44.700018], [-63.687102, 44.700403], [-63.686822, 44.700434], [-63.686701, 44.700485], [-63.6862, 44.700904], [-63.685964, 44.700845], [-63.68508, 44.700933], [-63.685164, 44.701062], [-63.685361, 44.701095], [-63.68575, 44.702118], [-63.684671, 44.702166], [-63.68378, 44.701733], [-63.681891, 44.701378], [-63.681881, 44.701757], [-63.682296, 44.701921], [-63.682268, 44.701957], [-63.681852, 44.701793], [-63.681782, 44.70193], [-63.681809, 44.702147], [-63.681926, 44.70231], [-63.682291, 44.702472], [-63.683098, 44.702557], [-63.684056, 44.702892], [-63.684176, 44.703434], [-63.68464, 44.703382], [-63.684838, 44.703502], [-63.684807, 44.703613], [-63.683862, 44.704057], [-63.683598, 44.703954], [-63.682131, 44.70367], [-63.682144, 44.70301], [-63.681704, 44.702742], [-63.681529, 44.702708], [-63.679592, 44.701799], [-63.678422, 44.702088], [-63.678313, 44.701733], [-63.67809, 44.70138], [-63.678131, 44.701296], [-63.677889, 44.701283], [-63.677762, 44.701424], [-63.677171, 44.70163], [-63.677642, 44.702561], [-63.678013, 44.703064], [-63.676547, 44.703156], [-63.675056, 44.703184], [-63.673758, 44.703296], [-63.673477, 44.703271], [-63.672761, 44.703608], [-63.670833, 44.703488], [-63.670176, 44.70371], [-63.670225, 44.704414], [-63.670278, 44.704487], [-63.669909, 44.704662], [-63.669717, 44.704492], [-63.669307, 44.704471], [-63.668894, 44.704579], [-63.668572, 44.704545], [-63.666848, 44.70463], [-63.666331, 44.704868], [-63.66623, 44.70476], [-63.666065, 44.704838], [-63.667119, 44.705968], [-63.665444, 44.706759], [-63.665696, 44.706982], [-63.664036, 44.707716], [-63.664329, 44.708154], [-63.664674, 44.708558], [-63.658777, 44.71122], [-63.640556, 44.69899], [-63.627313, 44.685035], [-63.614352, 44.678634], [-63.601731, 44.675247], [-63.594496, 44.671354], [-63.588068, 44.665001], [-63.578156, 44.660537], [-63.562524, 44.653834], [-63.546008, 44.630955], [-63.543197, 44.627866], [-63.547693, 44.627006], [-63.559961, 44.609593], [-63.558073, 44.608392], [-63.560554, 44.606335], [-63.560223, 44.60611], [-63.560113, 44.605815], [-63.560542, 44.605675], [-63.560262, 44.604922], [-63.560324, 44.604828], [-63.560466, 44.604762], [-63.560558, 44.604577], [-63.560708, 44.604548], [-63.560925, 44.604616], [-63.561299, 44.604446], [-63.561481, 44.604539], [-63.561605, 44.604546], [-63.561608, 44.60461], [-63.561762, 44.604611], [-63.561763, 44.604797], [-63.561037, 44.604819], [-63.56103, 44.605005], [-63.561079, 44.605145], [-63.561292, 44.605419], [-63.561332, 44.605456], [-63.561414, 44.605433], [-63.562184, 44.606123], [-63.563123, 44.606419], [-63.563338, 44.606456], [-63.563542, 44.606394], [-63.563385, 44.605983], [-63.563455, 44.605532], [-63.565173, 44.604098], [-63.565987, 44.604599], [-63.566146, 44.604469], [-63.576577, 44.595898], [-63.581427, 44.591777], [-63.589674, 44.584233], [-63.592435, 44.581778], [-63.599787, 44.5826], [-63.601343, 44.581177], [-63.614191, 44.588626], [-63.625205, 44.595353], [-63.634886, 44.587156], [-63.637567, 44.588794], [-63.637808, 44.588778], [-63.637753, 44.588192], [-63.637841, 44.587907], [-63.638016, 44.587488], [-63.638399, 44.587146], [-63.638585, 44.587387], [-63.63894, 44.58751], [-63.639969, 44.587593], [-63.640513, 44.587747], [-63.640786, 44.587764], [-63.641439, 44.587679], [-63.641626, 44.587831], [-63.641645, 44.587921], [-63.641454, 44.5881], [-63.64122, 44.588233], [-63.641177, 44.588353], [-63.641238, 44.588459], [-63.641364, 44.588505], [-63.641741, 44.588553], [-63.642876, 44.588561], [-63.643274, 44.588654], [-63.643524, 44.588806], [-63.643863, 44.588614], [-63.644155, 44.588751], [-63.645541, 44.588836], [-63.64539, 44.589106], [-63.645448, 44.589452], [-63.64582, 44.58992], [-63.646339, 44.590329], [-63.647237, 44.590711], [-63.647657, 44.590775], [-63.648119, 44.590778], [-63.648895, 44.590934], [-63.648975, 44.591205], [-63.648655, 44.591533], [-63.648547, 44.591728], [-63.64908, 44.592049], [-63.647101, 44.593718], [-63.642792, 44.596959], [-63.641512, 44.596173], [-63.641563, 44.596845], [-63.641301, 44.598422], [-63.640984, 44.598982], [-63.640389, 44.599599], [-63.633466, 44.605203], [-63.633119, 44.606105], [-63.632615, 44.606911], [-63.630586, 44.609514], [-63.630119, 44.609961], [-63.629547, 44.610312], [-63.629256, 44.610431], [-63.631444, 44.613242], [-63.639986, 44.61324], [-63.650896, 44.613375], [-63.652286, 44.614367], [-63.652298, 44.618349]]]}, "properties": {"OBJECTID": 128, "GSA_KEY": 132, "FCODE": "GSAPOLY", "GSA_NAME": "HALIFAX", "MUN_CODE": "HRM", "GSA_REM": "COUNCILLOR APPROVED HALIFAX/BEDFORD ADJUSTMENT", "SOURCE": "DM", "DATE_ACT": 1704155244000, "SYS_DATE": 1719592780000, "GLOBALID": "e5e4194d-0523-4c2c-a467-cbdda3174c4d", "Shape__Area": 190497131.33203125, "Shape__Length": 78766.77224544878}}, {"type": "Feature", "id": 129, "geometry": {"type": "Polygon", "coordinates": [[[-63.305992, 44.704519], [-63.305671, 44.704321], [-63.305097, 44.703726], [-63.30329, 44.703686], [-63.303101, 44.701026], [-63.302669, 44.700482], [-63.302082, 44.699281], [-63.299305, 44.695799], [-63.297287, 44.694417], [-63.296216, 44.69407], [-63.295501, 44.692792], [-63.293291, 44.692402], [-63.289879, 44.692757], [-63.288813, 44.684538], [-63.28885, 44.682769], [-63.290004, 44.680924], [-63.292526, 44.678916], [-63.294288, 44.677608], [-63.294817, 44.676022], [-63.294717, 44.674871], [-63.294271, 44.672478], [-63.294426, 44.670976], [-63.295077, 44.669479], [-63.295826, 44.669221], [-63.298545, 44.669604], [-63.299536, 44.669614], [-63.301297, 44.668394], [-63.306016, 44.661898], [-63.31471, 44.678816], [-63.315633, 44.679984], [-63.318447, 44.681712], [-63.318636, 44.682034], [-63.31891, 44.682101], [-63.318884, 44.681919], [-63.319075, 44.681982], [-63.319892, 44.681758], [-63.319845, 44.68132], [-63.320843, 44.681049], [-63.320709, 44.680646], [-63.322099, 44.680269], [-63.322304, 44.680653], [-63.327482, 44.679248], [-63.326748, 44.67787], [-63.328104, 44.677504], [-63.326336, 44.67552], [-63.325532, 44.674793], [-63.325202, 44.674301], [-63.327501, 44.673776], [-63.331202, 44.672847], [-63.333351, 44.678904], [-63.333914, 44.681541], [-63.333045, 44.684972], [-63.333224, 44.68698], [-63.333434, 44.688686], [-63.333436, 44.689118], [-63.333518, 44.68924], [-63.333507, 44.689403], [-63.333591, 44.68947], [-63.332904, 44.68936], [-63.332546, 44.689138], [-63.332201, 44.689053], [-63.331367, 44.689103], [-63.32702, 44.690071], [-63.326371, 44.690348], [-63.323634, 44.691299], [-63.324129, 44.692396], [-63.325072, 44.695359], [-63.32738, 44.700247], [-63.32775, 44.701167], [-63.329208, 44.701942], [-63.327088, 44.70206], [-63.30837, 44.706015], [-63.308046, 44.705636], [-63.307861, 44.705555], [-63.307282, 44.705459], [-63.307109, 44.705295], [-63.30684, 44.704896], [-63.306591, 44.704705], [-63.306303, 44.704585], [-63.306138, 44.703765], [-63.305992, 44.704519]]]}, "properties": {"OBJECTID": 129, "GSA_KEY": 133, "FCODE": "GSAPOLY", "GSA_NAME": "WEST PORTERS LAKE", "MUN_CODE": "HRM", "GSA_REM": " ", "SOURCE": "CS", "DATE_ACT": 980899200000, "SYS_DATE": 1691004655000, "GLOBALID": "9adb0217-163f-447c-8e21-5a16319cde0f", "Shape__Area": 18940833.73828125, "Shape__Length": 23960.65834311404}}, {"type": "Feature", "id": 130, "geometry": {"type": "Polygon", "coordinates": [[[-63.254002, 44.699475], [-63.252655, 44.699011], [-63.245709, 44.699018], [-63.241094, 44.696449], [-63.23908, 44.694802], [-63.234879, 44.683706], [-63.234893, 44.670246], [-63.248267, 44.676761], [-63.249265, 44.677672], [-63.251414, 44.679253], [-63.25311, 44.68159], [-63.253453, 44.681573], [-63.256312, 44.680839], [-63.25649, 44.681062], [-63.258986, 44.680874], [-63.258972, 44.680094], [-63.263037, 44.679857], [-63.263331, 44.680069], [-63.263446, 44.680436], [-63.280923, 44.675919], [-63.282531, 44.676599], [-63.284241, 44.677856], [-63.28523, 44.677954], [-63.289052, 44.678968], [-63.29119, 44.67998], [-63.290004, 44.680924], [-63.28885, 44.682769], [-63.288813, 44.684538], [-63.289634, 44.690777], [-63.285968, 44.691712], [-63.273797, 44.695225], [-63.273478, 44.695367], [-63.266538, 44.697311], [-63.265483, 44.69753], [-63.264758, 44.695939], [-63.258353, 44.697792], [-63.258608, 44.698236], [-63.256772, 44.698772], [-63.256671, 44.698879], [-63.25639, 44.698818], [-63.254002, 44.699475]]]}, "properties": {"OBJECTID": 130, "GSA_KEY": 134, "FCODE": "GSAPOLY", "GSA_NAME": "GRAND DESERT", "MUN_CODE": "HRM", "GSA_REM": " ", "SOURCE": "CR", "DATE_ACT": 980899200000, "SYS_DATE": 1543795200000, "GLOBALID": "4b1261c2-f5be-47c1-8761-94d1122c908b", "Shape__Area": 17227061.41015625, "Shape__Length": 19692.9926563714}}, {"type": "Feature", "id": 131, "geometry": {"type": "Polygon", "coordinates": [[[-63.740399, 44.700387], [-63.739321, 44.699688], [-63.739662, 44.699376], [-63.739902, 44.698878], [-63.743488, 44.700351], [-63.747485, 44.695396], [-63.736432, 44.69102], [-63.734444, 44.693475], [-63.737432, 44.69467], [-63.735465, 44.697075], [-63.739566, 44.698739], [-63.739332, 44.699243], [-63.739039, 44.699505], [-63.733608, 44.695991], [-63.733503, 44.695704], [-63.731843, 44.694616], [-63.730668, 44.694095], [-63.723595, 44.68953], [-63.720963, 44.693353], [-63.713964, 44.690945], [-63.702338, 44.696069], [-63.700195, 44.697355], [-63.693854, 44.693719], [-63.695593, 44.69337], [-63.722594, 44.681047], [-63.714809, 44.656739], [-63.69996, 44.652158], [-63.694474, 44.649778], [-63.698524, 44.643358], [-63.701459, 44.642474], [-63.701614, 44.64117], [-63.702473, 44.640771], [-63.702147, 44.6404], [-63.702123, 44.640226], [-63.702238, 44.639707], [-63.701861, 44.639664], [-63.701895, 44.639519], [-63.701949, 44.639494], [-63.701828, 44.639483], [-63.701805, 44.63942], [-63.701757, 44.639477], [-63.701037, 44.639437], [-63.700977, 44.63947], [-63.70099, 44.639397], [-63.7009, 44.639363], [-63.700993, 44.639342], [-63.701008, 44.63914], [-63.70143, 44.639156], [-63.701436, 44.639089], [-63.701915, 44.63912], [-63.701937, 44.639022], [-63.702342, 44.639068], [-63.702529, 44.63823], [-63.703596, 44.639198], [-63.703456, 44.639351], [-63.7044, 44.64032], [-63.704593, 44.640227], [-63.704666, 44.640238], [-63.705059, 44.640635], [-63.7086, 44.638861], [-63.705786, 44.635919], [-63.707472, 44.63381], [-63.710073, 44.634133], [-63.712244, 44.633679], [-63.711882, 44.633471], [-63.710697, 44.632944], [-63.70929, 44.632381], [-63.709465, 44.63215], [-63.708065, 44.631324], [-63.708248, 44.631021], [-63.712001, 44.632467], [-63.713092, 44.632715], [-63.714624, 44.632906], [-63.715824, 44.633182], [-63.715803, 44.633468], [-63.716106, 44.633279], [-63.717849, 44.634362], [-63.718913, 44.63492], [-63.721773, 44.636237], [-63.725829, 44.63782], [-63.727088, 44.638096], [-63.730328, 44.638977], [-63.736365, 44.640816], [-63.736841, 44.641035], [-63.740352, 44.642189], [-63.74163, 44.642733], [-63.742393, 44.643131], [-63.743279, 44.643674], [-63.743988, 44.644187], [-63.74462, 44.644718], [-63.74531, 44.645405], [-63.751616, 44.652501], [-63.75396, 44.652525], [-63.753689, 44.654825], [-63.756286, 44.6577], [-63.757826, 44.659088], [-63.758807, 44.659842], [-63.760652, 44.661047], [-63.770692, 44.665387], [-63.778672, 44.668904], [-63.780412, 44.66972], [-63.78514, 44.672061], [-63.786525, 44.672419], [-63.788327, 44.672744], [-63.788631, 44.672835], [-63.788503, 44.67293], [-63.788292, 44.672973], [-63.788633, 44.673649], [-63.788875, 44.673964], [-63.789489, 44.674533], [-63.791382, 44.675917], [-63.790887, 44.676259], [-63.790873, 44.676592], [-63.790783, 44.676668], [-63.793691, 44.678938], [-63.794871, 44.6797], [-63.795549, 44.680031], [-63.796297, 44.680347], [-63.797787, 44.680763], [-63.79938, 44.681005], [-63.802009, 44.681295], [-63.816122, 44.682096], [-63.817207, 44.682196], [-63.81883, 44.682429], [-63.818423, 44.683822], [-63.816739, 44.68445], [-63.815215, 44.682894], [-63.808315, 44.686121], [-63.807046, 44.685699], [-63.805701, 44.687828], [-63.818363, 44.695352], [-63.816985, 44.696599], [-63.810569, 44.692934], [-63.797176, 44.685162], [-63.794014, 44.683269], [-63.791835, 44.685336], [-63.791521, 44.685878], [-63.789507, 44.684781], [-63.7879, 44.686196], [-63.787036, 44.687155], [-63.784539, 44.689071], [-63.783221, 44.689341], [-63.783103, 44.689881], [-63.783317, 44.691023], [-63.782995, 44.691386], [-63.78313, 44.692198], [-63.782787, 44.692474], [-63.782785, 44.692625], [-63.783183, 44.693367], [-63.78343, 44.693662], [-63.784822, 44.694661], [-63.785134, 44.695088], [-63.785213, 44.695434], [-63.785378, 44.695622], [-63.785427, 44.695761], [-63.785681, 44.696005], [-63.7835, 44.697769], [-63.782506, 44.697389], [-63.781638, 44.697426], [-63.781388, 44.697691], [-63.780918, 44.697864], [-63.780515, 44.698104], [-63.78008, 44.698168], [-63.778772, 44.697966], [-63.777654, 44.69757], [-63.777552, 44.697293], [-63.778794, 44.696322], [-63.774105, 44.69329], [-63.773419, 44.693822], [-63.769685, 44.691359], [-63.763815, 44.695933], [-63.756583, 44.691491], [-63.752988, 44.695913], [-63.747623, 44.702664], [-63.744832, 44.703254], [-63.740399, 44.700387]]]}, "properties": {"OBJECTID": 131, "GSA_KEY": 135, "FCODE": "GSAPOLY", "GSA_NAME": "TIMBERLEA", "MUN_CODE": "HRM", "GSA_REM": " ", "SOURCE": "DM", "DATE_ACT": 980899200000, "SYS_DATE": 1680619628000, "GLOBALID": "2f5e5144-558c-4b96-9d7a-41eada35ed4a", "Shape__Area": 61402962.20703125, "Shape__Length": 61600.177933308776}}, {"type": "Feature", "id": 132, "geometry": {"type": "Polygon", "coordinates": [[[-63.852659, 44.70139], [-63.851721, 44.701273], [-63.851092, 44.701491], [-63.84919, 44.701133], [-63.847367, 44.700561], [-63.846489, 44.700181], [-63.845391, 44.699582], [-63.844404, 44.698901], [-63.835272, 44.691555], [-63.835354, 44.691491], [-63.835308, 44.691423], [-63.83533, 44.691328], [-63.835009, 44.691089], [-63.834587, 44.690887], [-63.834413, 44.690511], [-63.834202, 44.690408], [-63.833697, 44.690287], [-63.829848, 44.687185], [-63.828851, 44.686435], [-63.82793, 44.685814], [-63.826678, 44.685083], [-63.827223, 44.684346], [-63.831115, 44.67839], [-63.831458, 44.678544], [-63.83211, 44.678016], [-63.829443, 44.676191], [-63.828757, 44.675847], [-63.828183, 44.675672], [-63.827495, 44.675566], [-63.826823, 44.675558], [-63.826147, 44.675645], [-63.825979, 44.674661], [-63.825603, 44.674469], [-63.825087, 44.674763], [-63.824135, 44.675035], [-63.823673, 44.673489], [-63.824749, 44.673326], [-63.824636, 44.67295], [-63.823561, 44.673113], [-63.822657, 44.670082], [-63.822999, 44.67017], [-63.823389, 44.669513], [-63.822394, 44.669213], [-63.822508, 44.668721], [-63.822468, 44.668691], [-63.822523, 44.668691], [-63.822698, 44.668402], [-63.82289, 44.668198], [-63.823926, 44.668511], [-63.824426, 44.668138], [-63.833271, 44.67079], [-63.836126, 44.672097], [-63.837152, 44.673096], [-63.837538, 44.674606], [-63.837115, 44.675327], [-63.837117, 44.675644], [-63.837554, 44.675563], [-63.837687, 44.675647], [-63.837712, 44.67572], [-63.837664, 44.676004], [-63.83786, 44.676402], [-63.838101, 44.676739], [-63.83802, 44.676974], [-63.838197, 44.67722], [-63.838129, 44.677372], [-63.837972, 44.677501], [-63.83793, 44.677622], [-63.838052, 44.677794], [-63.838079, 44.677966], [-63.838293, 44.678157], [-63.838353, 44.678274], [-63.838315, 44.678527], [-63.838178, 44.678769], [-63.838208, 44.678983], [-63.837962, 44.679261], [-63.837931, 44.679381], [-63.837984, 44.679441], [-63.838249, 44.67943], [-63.838536, 44.67952], [-63.838619, 44.679704], [-63.838718, 44.679791], [-63.838873, 44.67979], [-63.839178, 44.679646], [-63.8395, 44.680042], [-63.840018, 44.680306], [-63.840298, 44.68011], [-63.840601, 44.679975], [-63.840785, 44.679524], [-63.84128, 44.678961], [-63.841231, 44.678809], [-63.841132, 44.678744], [-63.841045, 44.678571], [-63.840643, 44.678258], [-63.840399, 44.677723], [-63.840277, 44.677588], [-63.840336, 44.677414], [-63.840256, 44.677022], [-63.84192, 44.676811], [-63.843058, 44.676605], [-63.843712, 44.679013], [-63.850643, 44.680116], [-63.853306, 44.680687], [-63.849603, 44.686425], [-63.846617, 44.690853], [-63.843351, 44.692471], [-63.846458, 44.695342], [-63.846255, 44.695451], [-63.846693, 44.695504], [-63.847454, 44.69541], [-63.847839, 44.695456], [-63.848002, 44.695588], [-63.847917, 44.695941], [-63.847974, 44.696048], [-63.84815, 44.696069], [-63.848587, 44.695949], [-63.848879, 44.695981], [-63.848969, 44.69611], [-63.848832, 44.696475], [-63.848996, 44.696567], [-63.849806, 44.696377], [-63.850136, 44.696201], [-63.850656, 44.696294], [-63.851418, 44.696238], [-63.851699, 44.696096], [-63.852472, 44.695919], [-63.852728, 44.695742], [-63.852963, 44.695718], [-63.853643, 44.695391], [-63.854242, 44.69501], [-63.854644, 44.69466], [-63.854997, 44.694251], [-63.855781, 44.693082], [-63.856188, 44.692637], [-63.856733, 44.692265], [-63.857401, 44.691946], [-63.857981, 44.691778], [-63.858531, 44.691704], [-63.860881, 44.691822], [-63.861539, 44.691823], [-63.861835, 44.691777], [-63.861741, 44.69215], [-63.860824, 44.693113], [-63.859707, 44.695794], [-63.859379, 44.696965], [-63.858472, 44.697538], [-63.857932, 44.697471], [-63.857371, 44.697307], [-63.857061, 44.696791], [-63.853833, 44.701189], [-63.853037, 44.701604], [-63.852935, 44.701531], [-63.852898, 44.701441], [-63.852659, 44.70139]]]}, "properties": {"OBJECTID": 132, "GSA_KEY": 136, "FCODE": "GSAPOLY", "GSA_NAME": "LEWIS LAKE", "MUN_CODE": "HRM", "GSA_REM": " ", "SOURCE": "DM", "DATE_ACT": 980899200000, "SYS_DATE": 1598486400000, "GLOBALID": "7963285e-fa38-4c9f-8c2b-8ece38bf9d4e", "Shape__Area": 8143246.6875, "Shape__Length": 20970.999067357225}}, {"type": "Feature", "id": 133, "geometry": {"type": "Polygon", "coordinates": [[[-63.989464, 44.673532], [-63.984122, 44.668716], [-63.972743, 44.657958], [-63.972289, 44.657985], [-63.971873, 44.657663], [-63.971894, 44.65755], [-63.972237, 44.657356], [-63.971737, 44.657006], [-63.97158, 44.656839], [-63.97155, 44.65604], [-63.971899, 44.655175], [-63.972194, 44.654864], [-63.972622, 44.65429], [-63.972816, 44.653351], [-63.972669, 44.653235], [-63.971911, 44.652877], [-63.97165, 44.652546], [-63.971598, 44.652262], [-63.971497, 44.652208], [-63.970977, 44.636363], [-63.98282, 44.631562], [-63.984688, 44.634711], [-63.994475, 44.653724], [-63.994855, 44.654839], [-63.994801, 44.655262], [-63.994867, 44.655493], [-63.995169, 44.655785], [-63.995535, 44.656682], [-63.996056, 44.657241], [-63.997716, 44.657406], [-64.001245, 44.6573], [-64.001495, 44.657364], [-64.001866, 44.65768], [-64.00304, 44.657791], [-64.003462, 44.657402], [-64.011461, 44.664842], [-64.009193, 44.666123], [-64.002065, 44.669874], [-64.001503, 44.669878], [-64.000886, 44.669815], [-63.998938, 44.669467], [-63.998091, 44.669235], [-63.997352, 44.669179], [-63.99661, 44.669314], [-63.996206, 44.66955], [-63.99553, 44.670438], [-63.995213, 44.671057], [-63.994741, 44.672893], [-63.991033, 44.674959], [-63.989464, 44.673532]]]}, "properties": {"OBJECTID": 133, "GSA_KEY": 137, "FCODE": "GSAPOLY", "GSA_NAME": "BLACK POINT", "MUN_CODE": "HRM", "GSA_REM": " ", "SOURCE": "CR", "DATE_ACT": 980899200000, "SYS_DATE": 1437955200000, "GLOBALID": "4bb92c3e-ea07-474c-a91d-61107a484c06", "Shape__Area": 14425421.30859375, "Shape__Length": 18174.816403988938}}, {"type": "Feature", "id": 134, "geometry": {"type": "Polygon", "coordinates": [[[-63.792824, 44.678294], [-63.790783, 44.676668], [-63.790873, 44.676592], [-63.790887, 44.676259], [-63.791382, 44.675917], [-63.789489, 44.674533], [-63.788875, 44.673964], [-63.788633, 44.673649], [-63.788292, 44.672973], [-63.788503, 44.67293], [-63.788631, 44.672835], [-63.788327, 44.672744], [-63.786525, 44.672419], [-63.78514, 44.672061], [-63.779404, 44.669237], [-63.771702, 44.665836], [-63.771156, 44.664626], [-63.768559, 44.660384], [-63.768424, 44.659859], [-63.768162, 44.658166], [-63.76797, 44.657804], [-63.767616, 44.657356], [-63.767528, 44.657127], [-63.76741, 44.656685], [-63.767042, 44.65466], [-63.766877, 44.654285], [-63.766544, 44.652999], [-63.766485, 44.652495], [-63.766476, 44.650968], [-63.766426, 44.65041], [-63.765702, 44.648631], [-63.765433, 44.647531], [-63.765063, 44.645574], [-63.764628, 44.643849], [-63.763457, 44.640571], [-63.762945, 44.638886], [-63.762833, 44.638369], [-63.76269, 44.636831], [-63.76275, 44.635835], [-63.762926, 44.635563], [-63.763244, 44.63534], [-63.764463, 44.634979], [-63.76715, 44.634318], [-63.769203, 44.63352], [-63.770412, 44.632972], [-63.775938, 44.63099], [-63.779026, 44.629953], [-63.775711, 44.625524], [-63.768713, 44.614554], [-63.761933, 44.599767], [-63.769173, 44.598114], [-63.767424, 44.594148], [-63.767307, 44.592113], [-63.767592, 44.591911], [-63.768509, 44.592666], [-63.768929, 44.592817], [-63.769124, 44.592818], [-63.769794, 44.592616], [-63.770059, 44.592604], [-63.771333, 44.592945], [-63.771597, 44.592956], [-63.771875, 44.592894], [-63.77218, 44.592657], [-63.772019, 44.591973], [-63.771978, 44.591262], [-63.772073, 44.590668], [-63.772314, 44.590004], [-63.772518, 44.589794], [-63.772855, 44.589616], [-63.77459, 44.58928], [-63.775755, 44.589297], [-63.776603, 44.5895], [-63.776987, 44.589525], [-63.778053, 44.589325], [-63.778854, 44.589244], [-63.781682, 44.58919], [-63.782915, 44.589337], [-63.783167, 44.589298], [-63.783806, 44.589055], [-63.784065, 44.589025], [-63.784278, 44.589058], [-63.785376, 44.589443], [-63.786093, 44.58951], [-63.788588, 44.589341], [-63.79257, 44.589191], [-63.793593, 44.589008], [-63.794876, 44.589128], [-63.797394, 44.589175], [-63.798274, 44.589311], [-63.800241, 44.589152], [-63.800467, 44.589199], [-63.800629, 44.589339], [-63.800695, 44.590114], [-63.800881, 44.590416], [-63.801207, 44.590508], [-63.801396, 44.590509], [-63.80175, 44.590426], [-63.802993, 44.589646], [-63.803519, 44.589424], [-63.804099, 44.58932], [-63.805497, 44.589328], [-63.806126, 44.589427], [-63.806703, 44.589615], [-63.808217, 44.590416], [-63.808516, 44.590674], [-63.808615, 44.590868], [-63.808725, 44.591666], [-63.808906, 44.592351], [-63.809005, 44.593008], [-63.808997, 44.593664], [-63.808777, 44.594739], [-63.808793, 44.594973], [-63.808885, 44.595203], [-63.809127, 44.595497], [-63.809652, 44.595834], [-63.810007, 44.596137], [-63.810274, 44.596454], [-63.810385, 44.596693], [-63.810497, 44.596815], [-63.81081, 44.596983], [-63.811232, 44.597554], [-63.811286, 44.597755], [-63.810923, 44.598064], [-63.810852, 44.598226], [-63.810856, 44.598364], [-63.810986, 44.598573], [-63.811721, 44.599298], [-63.812283, 44.600196], [-63.81257, 44.600464], [-63.813539, 44.601064], [-63.814407, 44.601726], [-63.814808, 44.601899], [-63.815669, 44.602071], [-63.81683, 44.60192], [-63.817504, 44.601924], [-63.818082, 44.602049], [-63.818818, 44.602058], [-63.819389, 44.602255], [-63.819874, 44.602298], [-63.822287, 44.602187], [-63.824199, 44.601892], [-63.824615, 44.601881], [-63.825238, 44.601988], [-63.826285, 44.602368], [-63.827422, 44.602667], [-63.82861, 44.602836], [-63.829261, 44.602705], [-63.829762, 44.602415], [-63.830327, 44.602518], [-63.830579, 44.602515], [-63.831282, 44.602217], [-63.834941, 44.602246], [-63.837439, 44.602056], [-63.83861, 44.602078], [-63.839258, 44.602032], [-63.839535, 44.601962], [-63.839884, 44.601753], [-63.840192, 44.601653], [-63.840842, 44.601618], [-63.842035, 44.601397], [-63.842702, 44.601326], [-63.84412, 44.601317], [-63.845893, 44.601163], [-63.84657, 44.601032], [-63.84735, 44.600699], [-63.848059, 44.600491], [-63.849443, 44.600241], [-63.851734, 44.599981], [-63.852831, 44.599809], [-63.853373, 44.599787], [-63.854385, 44.600023], [-63.854963, 44.599966], [-63.857185, 44.600291], [-63.852742, 44.610486], [-63.846766, 44.62196], [-63.845305, 44.624602], [-63.843169, 44.628633], [-63.850841, 44.631049], [-63.850897, 44.631796], [-63.851075, 44.632554], [-63.852397, 44.635318], [-63.852718, 44.63617], [-63.853258, 44.638276], [-63.853447, 44.639227], [-63.853642, 44.641068], [-63.85453, 44.647551], [-63.857199, 44.648195], [-63.858338, 44.652317], [-63.858419, 44.652489], [-63.860276, 44.655757], [-63.862268, 44.657249], [-63.860369, 44.661423], [-63.864785, 44.663573], [-63.861478, 44.670745], [-63.875125, 44.674268], [-63.873772, 44.676951], [-63.870735, 44.676179], [-63.869823, 44.675905], [-63.869189, 44.675783], [-63.865368, 44.674808], [-63.864887, 44.675744], [-63.864931, 44.675772], [-63.863846, 44.677767], [-63.86293, 44.679619], [-63.862346, 44.681168], [-63.871923, 44.683028], [-63.87185, 44.684374], [-63.860751, 44.682026], [-63.855246, 44.680939], [-63.855137, 44.681078], [-63.850643, 44.680116], [-63.843712, 44.679013], [-63.843058, 44.676605], [-63.84192, 44.676811], [-63.840256, 44.677022], [-63.840336, 44.677414], [-63.840277, 44.677588], [-63.840399, 44.677723], [-63.840643, 44.678258], [-63.841045, 44.678571], [-63.841132, 44.678744], [-63.841231, 44.678809], [-63.84128, 44.678961], [-63.840785, 44.679524], [-63.840601, 44.679975], [-63.840298, 44.68011], [-63.84005, 44.680292], [-63.839963, 44.680299], [-63.839729, 44.680129], [-63.8395, 44.680042], [-63.839189, 44.67965], [-63.838766, 44.679804], [-63.838629, 44.679718], [-63.838536, 44.67952], [-63.838249, 44.67943], [-63.837997, 44.679444], [-63.837935, 44.679398], [-63.837962, 44.679261], [-63.838208, 44.678983], [-63.838178, 44.678769], [-63.838315, 44.678527], [-63.838353, 44.678291], [-63.838293, 44.678157], [-63.838079, 44.677966], [-63.838052, 44.677794], [-63.837925, 44.677591], [-63.838194, 44.677252], [-63.838188, 44.677179], [-63.838045, 44.677054], [-63.83802, 44.676974], [-63.838101, 44.676739], [-63.83786, 44.676402], [-63.837664, 44.676004], [-63.837712, 44.675711], [-63.837666, 44.675613], [-63.837554, 44.675563], [-63.837117, 44.675644], [-63.837115, 44.675327], [-63.837538, 44.674606], [-63.837152, 44.673096], [-63.836126, 44.672097], [-63.833271, 44.67079], [-63.824426, 44.668138], [-63.823926, 44.668511], [-63.82289, 44.668198], [-63.822698, 44.668402], [-63.822523, 44.668691], [-63.822468, 44.668691], [-63.822508, 44.668721], [-63.822394, 44.669213], [-63.823389, 44.669513], [-63.822999, 44.67017], [-63.822657, 44.670082], [-63.823561, 44.673113], [-63.824636, 44.67295], [-63.824749, 44.673326], [-63.823673, 44.673489], [-63.824135, 44.675035], [-63.825087, 44.674763], [-63.825603, 44.674469], [-63.825979, 44.674661], [-63.826147, 44.675645], [-63.826823, 44.675558], [-63.827495, 44.675566], [-63.828183, 44.675672], [-63.828757, 44.675847], [-63.829443, 44.676191], [-63.83211, 44.678016], [-63.831458, 44.678544], [-63.831115, 44.67839], [-63.827223, 44.684346], [-63.826678, 44.685083], [-63.825322, 44.684398], [-63.824387, 44.683994], [-63.822436, 44.68329], [-63.820395, 44.682736], [-63.81828, 44.682336], [-63.816122, 44.682096], [-63.802854, 44.681363], [-63.800122, 44.681096], [-63.797787, 44.680763], [-63.796297, 44.680347], [-63.794871, 44.6797], [-63.794286, 44.679355], [-63.792824, 44.678294]]]}, "properties": {"OBJECTID": 134, "GSA_KEY": 138, "FCODE": "GSAPOLY", "GSA_NAME": "HUBLEY", "MUN_CODE": "HRM", "GSA_REM": " ", "SOURCE": "DM", "DATE_ACT": 980899200000, "SYS_DATE": 1598486400000, "GLOBALID": "66c83f2b-748d-4dc4-9692-ad877eba1c7f", "Shape__Area": 123880619.546875, "Shape__Length": 63455.40981057565}}, {"type": "Feature", "id": 135, "geometry": {"type": "Polygon", "coordinates": [[[-63.494785, 44.690663], [-63.49475, 44.69067], [-63.494806, 44.690496], [-63.494567, 44.690539], [-63.494548, 44.690448], [-63.493078, 44.689201], [-63.493008, 44.689192], [-63.493105, 44.689004], [-63.492836, 44.689059], [-63.492835, 44.688988], [-63.492645, 44.688794], [-63.492212, 44.688918], [-63.492368, 44.689246], [-63.492275, 44.689272], [-63.4921, 44.688949], [-63.490861, 44.689301], [-63.490514, 44.688423], [-63.489465, 44.687478], [-63.488867, 44.687611], [-63.488506, 44.687183], [-63.487586, 44.686448], [-63.487346, 44.686382], [-63.487206, 44.686398], [-63.485828, 44.686957], [-63.484654, 44.686167], [-63.483949, 44.68554], [-63.483647, 44.685706], [-63.483613, 44.685672], [-63.483913, 44.685506], [-63.483777, 44.685373], [-63.483765, 44.685018], [-63.48315, 44.68471], [-63.482545, 44.683465], [-63.482423, 44.683493], [-63.482353, 44.683359], [-63.477702, 44.683403], [-63.475655, 44.683339], [-63.475457, 44.683341], [-63.475347, 44.683421], [-63.4752, 44.683344], [-63.472761, 44.683541], [-63.468462, 44.684372], [-63.466308, 44.684888], [-63.465373, 44.684947], [-63.464937, 44.685024], [-63.464559, 44.684989], [-63.463975, 44.685186], [-63.463311, 44.685279], [-63.46299, 44.685227], [-63.462484, 44.684943], [-63.46022, 44.684265], [-63.456489, 44.683358], [-63.456708, 44.683837], [-63.456175, 44.683972], [-63.455963, 44.683484], [-63.45544, 44.683457], [-63.455121, 44.683341], [-63.454306, 44.683766], [-63.454272, 44.683212], [-63.454598, 44.682968], [-63.45427, 44.682705], [-63.454007, 44.682663], [-63.453733, 44.682796], [-63.453526, 44.682709], [-63.453414, 44.682781], [-63.453294, 44.68277], [-63.452984, 44.682863], [-63.453269, 44.68244], [-63.453363, 44.68188], [-63.453426, 44.681138], [-63.4532, 44.680826], [-63.451127, 44.678539], [-63.447987, 44.675683], [-63.446157, 44.674648], [-63.441583, 44.664456], [-63.434612, 44.662281], [-63.433637, 44.660352], [-63.43418, 44.659636], [-63.434874, 44.658834], [-63.435554, 44.658243], [-63.43639, 44.657752], [-63.437075, 44.657471], [-63.437668, 44.657308], [-63.439298, 44.656986], [-63.440838, 44.656747], [-63.441605, 44.656817], [-63.444676, 44.656818], [-63.446145, 44.656867], [-63.446513, 44.65678], [-63.446794, 44.656558], [-63.447049, 44.656202], [-63.447167, 44.656174], [-63.447386, 44.655879], [-63.44754, 44.655755], [-63.448321, 44.655771], [-63.449218, 44.65568], [-63.449454, 44.65588], [-63.449543, 44.655845], [-63.449583, 44.655729], [-63.449939, 44.655561], [-63.450735, 44.655478], [-63.451242, 44.65533], [-63.451294, 44.655258], [-63.451232, 44.655186], [-63.451198, 44.654996], [-63.451237, 44.654898], [-63.451429, 44.654746], [-63.451569, 44.654703], [-63.451883, 44.654751], [-63.452439, 44.654684], [-63.452843, 44.654772], [-63.453727, 44.653852], [-63.454293, 44.652929], [-63.454421, 44.652335], [-63.454576, 44.651122], [-63.454364, 44.649942], [-63.453945, 44.649105], [-63.453096, 44.64718], [-63.452666, 44.646058], [-63.452547, 44.645247], [-63.452493, 44.643628], [-63.452806, 44.642893], [-63.453887, 44.641212], [-63.45501, 44.639961], [-63.459351, 44.63482], [-63.460183, 44.635122], [-63.460566, 44.635215], [-63.461859, 44.635227], [-63.462295, 44.635355], [-63.462613, 44.635204], [-63.462667, 44.634864], [-63.463215, 44.634669], [-63.463562, 44.634318], [-63.463706, 44.634074], [-63.463723, 44.633838], [-63.463991, 44.633818], [-63.464372, 44.633862], [-63.464739, 44.633993], [-63.46549, 44.634672], [-63.466007, 44.634945], [-63.46609, 44.635295], [-63.465898, 44.636098], [-63.465926, 44.636307], [-63.466032, 44.636426], [-63.466919, 44.636648], [-63.468008, 44.636589], [-63.468102, 44.636636], [-63.468308, 44.636883], [-63.469181, 44.636854], [-63.469504, 44.636921], [-63.469709, 44.637173], [-63.470035, 44.637834], [-63.470298, 44.638096], [-63.471552, 44.638434], [-63.47275, 44.63939], [-63.473139, 44.639539], [-63.472823, 44.639915], [-63.472866, 44.639934], [-63.47277, 44.640037], [-63.472733, 44.640018], [-63.471706, 44.641114], [-63.472953, 44.641595], [-63.472779, 44.641836], [-63.472997, 44.641919], [-63.473174, 44.641685], [-63.473513, 44.641815], [-63.473312, 44.642081], [-63.47337, 44.642534], [-63.473463, 44.642536], [-63.473527, 44.642466], [-63.474054, 44.642632], [-63.475063, 44.641523], [-63.475475, 44.641936], [-63.475695, 44.642068], [-63.476047, 44.64198], [-63.476404, 44.642106], [-63.476784, 44.642109], [-63.476897, 44.642216], [-63.477017, 44.642237], [-63.477143, 44.642201], [-63.477217, 44.642089], [-63.477373, 44.642055], [-63.477672, 44.642109], [-63.47795, 44.64229], [-63.478084, 44.642433], [-63.478091, 44.642603], [-63.478235, 44.642671], [-63.478387, 44.642862], [-63.477543, 44.643618], [-63.477819, 44.64368], [-63.477585, 44.643896], [-63.478833, 44.644257], [-63.479597, 44.644127], [-63.480272, 44.644224], [-63.480103, 44.644584], [-63.480327, 44.644805], [-63.480814, 44.645084], [-63.48182, 44.645568], [-63.482588, 44.645477], [-63.483263, 44.645667], [-63.491227, 44.650479], [-63.495781, 44.648293], [-63.500561, 44.65256], [-63.502016, 44.656413], [-63.499574, 44.657156], [-63.495595, 44.658278], [-63.497098, 44.659506], [-63.498134, 44.660517], [-63.498757, 44.66127], [-63.499614, 44.661538], [-63.497899, 44.662298], [-63.498684, 44.662983], [-63.500698, 44.664979], [-63.50169, 44.665802], [-63.503505, 44.667579], [-63.503602, 44.667945], [-63.504013, 44.668235], [-63.504095, 44.668191], [-63.504128, 44.66825], [-63.505168, 44.670761], [-63.504487, 44.670791], [-63.504611, 44.670474], [-63.50446, 44.670411], [-63.504162, 44.670683], [-63.503853, 44.669953], [-63.503424, 44.669977], [-63.503459, 44.670061], [-63.503363, 44.670104], [-63.503577, 44.670349], [-63.503707, 44.670637], [-63.50317, 44.670683], [-63.503201, 44.670866], [-63.502502, 44.67091], [-63.502289, 44.670665], [-63.502397, 44.670613], [-63.501957, 44.670111], [-63.501862, 44.670612], [-63.501909, 44.670808], [-63.502072, 44.670936], [-63.501761, 44.671233], [-63.500654, 44.671296], [-63.501433, 44.672299], [-63.501652, 44.672677], [-63.501997, 44.672814], [-63.501594, 44.672869], [-63.502239, 44.673226], [-63.502614, 44.673645], [-63.503095, 44.674353], [-63.503345, 44.674918], [-63.503478, 44.675055], [-63.503535, 44.675212], [-63.503514, 44.675368], [-63.503688, 44.675726], [-63.5041, 44.676106], [-63.504104, 44.676422], [-63.504197, 44.676733], [-63.504165, 44.6769], [-63.504257, 44.677074], [-63.50424, 44.677163], [-63.505195, 44.679611], [-63.503858, 44.679961], [-63.50384, 44.680456], [-63.503125, 44.680914], [-63.502846, 44.681005], [-63.502534, 44.680994], [-63.502245, 44.680913], [-63.501071, 44.679916], [-63.50079, 44.679731], [-63.500739, 44.679782], [-63.50073, 44.680196], [-63.500493, 44.680436], [-63.50018, 44.680522], [-63.498794, 44.680728], [-63.498366, 44.680712], [-63.498024, 44.680475], [-63.496246, 44.680985], [-63.495973, 44.681239], [-63.495536, 44.681389], [-63.497214, 44.685794], [-63.497506, 44.68646], [-63.497289, 44.687268], [-63.497726, 44.689209], [-63.498251, 44.690302], [-63.495821, 44.691594], [-63.495513, 44.691338], [-63.495556, 44.691313], [-63.494785, 44.690663]]]}, "properties": {"OBJECTID": 135, "GSA_KEY": 139, "FCODE": "GSAPOLY", "GSA_NAME": "COLE HARBOUR", "MUN_CODE": "HRM", "GSA_REM": " ", "SOURCE": "CS", "DATE_ACT": 980899200000, "SYS_DATE": 1722598570000, "GLOBALID": "2749a0a7-7446-4752-9d08-ed47216f9848", "Shape__Area": 39631475.859375, "Shape__Length": 34025.556295697825}}, {"type": "Feature", "id": 136, "geometry": {"type": "Polygon", "coordinates": [[[-63.340855, 44.683373], [-63.338636, 44.682374], [-63.33621, 44.682986], [-63.333914, 44.681541], [-63.333351, 44.678904], [-63.331202, 44.672847], [-63.327501, 44.673776], [-63.325202, 44.674301], [-63.325532, 44.674793], [-63.326336, 44.67552], [-63.328104, 44.677504], [-63.326748, 44.67787], [-63.327482, 44.679248], [-63.322304, 44.680653], [-63.322099, 44.680269], [-63.320709, 44.680646], [-63.320843, 44.681049], [-63.319845, 44.68132], [-63.319892, 44.681758], [-63.319075, 44.681982], [-63.318884, 44.681919], [-63.31891, 44.682101], [-63.318636, 44.682034], [-63.318447, 44.681712], [-63.315633, 44.679984], [-63.31471, 44.678816], [-63.306016, 44.661898], [-63.307172, 44.661532], [-63.30925, 44.659518], [-63.311238, 44.656898], [-63.312255, 44.65365], [-63.313916, 44.650445], [-63.314554, 44.649955], [-63.315159, 44.648544], [-63.315574, 44.647349], [-63.315512, 44.646246], [-63.315101, 44.644727], [-63.314436, 44.644078], [-63.314003, 44.643674], [-63.313145, 44.643326], [-63.311733, 44.642633], [-63.311064, 44.642189], [-63.309016, 44.641078], [-63.308883, 44.640967], [-63.306951, 44.633986], [-63.307176, 44.63316], [-63.309575, 44.628937], [-63.314438, 44.627685], [-63.329376, 44.626184], [-63.344579, 44.626162], [-63.356708, 44.626488], [-63.360791, 44.646117], [-63.360896, 44.646422], [-63.361491, 44.647234], [-63.361449, 44.647445], [-63.360721, 44.647807], [-63.359792, 44.647996], [-63.359381, 44.648164], [-63.359042, 44.648464], [-63.358905, 44.648859], [-63.358486, 44.649489], [-63.357633, 44.650227], [-63.3569, 44.651098], [-63.357423, 44.652289], [-63.356808, 44.653254], [-63.355653, 44.653607], [-63.354333, 44.653715], [-63.353222, 44.653977], [-63.351606, 44.653991], [-63.349104, 44.653632], [-63.348594, 44.653657], [-63.348073, 44.654168], [-63.347973, 44.654926], [-63.348775, 44.657392], [-63.350369, 44.658501], [-63.352564, 44.659343], [-63.353527, 44.660081], [-63.354279, 44.660786], [-63.354547, 44.662307], [-63.354656, 44.663249], [-63.354375, 44.664292], [-63.35478, 44.669784], [-63.356857, 44.673646], [-63.357335, 44.673958], [-63.353594, 44.675811], [-63.35149, 44.67708], [-63.341299, 44.68357], [-63.340855, 44.683373]]]}, "properties": {"OBJECTID": 136, "GSA_KEY": 140, "FCODE": "GSAPOLY", "GSA_NAME": "EAST LAWRENCETOWN", "MUN_CODE": "HRM", "GSA_REM": " ", "SOURCE": "CS", "DATE_ACT": 980899200000, "SYS_DATE": 1691004655000, "GLOBALID": "ee26d584-d94b-4092-b9ab-d9f0dfece1cc", "Shape__Area": 41931125.625, "Shape__Length": 31358.513519971584}}, {"type": "Feature", "id": 137, "geometry": {"type": "Polygon", "coordinates": [[[-63.253082, 44.681552], [-63.251414, 44.679253], [-63.249265, 44.677672], [-63.248267, 44.676761], [-63.20167, 44.654049], [-63.224694, 44.6342], [-63.241277, 44.625197], [-63.267386, 44.619302], [-63.268899, 44.61927], [-63.283731, 44.640921], [-63.282427, 44.652409], [-63.290252, 44.658023], [-63.293023, 44.658497], [-63.306016, 44.661898], [-63.301297, 44.668394], [-63.299536, 44.669614], [-63.298545, 44.669604], [-63.295826, 44.669221], [-63.295077, 44.669479], [-63.294426, 44.670976], [-63.294271, 44.672478], [-63.294717, 44.674871], [-63.294817, 44.676022], [-63.294288, 44.677608], [-63.292526, 44.678916], [-63.29119, 44.67998], [-63.289052, 44.678968], [-63.28523, 44.677954], [-63.284241, 44.677856], [-63.282531, 44.676599], [-63.280923, 44.675919], [-63.263446, 44.680436], [-63.263331, 44.680069], [-63.263037, 44.679857], [-63.258972, 44.680094], [-63.258986, 44.680874], [-63.25649, 44.681062], [-63.256312, 44.680839], [-63.253453, 44.681573], [-63.25311, 44.68159], [-63.253082, 44.681552]]]}, "properties": {"OBJECTID": 137, "GSA_KEY": 141, "FCODE": "GSAPOLY", "GSA_NAME": "SEAFORTH", "MUN_CODE": "HRM", "GSA_REM": " ", "SOURCE": "CA", "DATE_ACT": 980899200000, "SYS_DATE": 1543795200000, "GLOBALID": "6e91cae7-43fc-4c09-8298-5bd266dfa268", "Shape__Area": 62555831.453125, "Shape__Length": 33971.79523863349}}, {"type": "Feature", "id": 138, "geometry": {"type": "Polygon", "coordinates": [[[-63.892451, 44.67282], [-63.891524, 44.672647], [-63.891059, 44.672675], [-63.890698, 44.672565], [-63.889954, 44.67224], [-63.888863, 44.671905], [-63.888608, 44.672242], [-63.864666, 44.663831], [-63.864785, 44.663573], [-63.860369, 44.661423], [-63.862268, 44.657249], [-63.866709, 44.659407], [-63.866877, 44.659003], [-63.869775, 44.660335], [-63.87185, 44.654396], [-63.87678, 44.656323], [-63.87686, 44.648767], [-63.881791, 44.648794], [-63.881773, 44.649103], [-63.886305, 44.650964], [-63.887111, 44.648812], [-63.896242, 44.648873], [-63.897469, 44.647706], [-63.901019, 44.649558], [-63.905639, 44.652128], [-63.905982, 44.651781], [-63.906963, 44.651177], [-63.907709, 44.650581], [-63.908656, 44.650595], [-63.908944, 44.650701], [-63.908742, 44.651007], [-63.911529, 44.648972], [-63.9119, 44.649212], [-63.910694, 44.65013], [-63.912459, 44.650646], [-63.92284, 44.65313], [-63.925314, 44.654856], [-63.927764, 44.655065], [-63.925162, 44.658528], [-63.921099, 44.659809], [-63.912885, 44.660436], [-63.909354, 44.661757], [-63.90804, 44.664093], [-63.907304, 44.667353], [-63.905758, 44.669437], [-63.901324, 44.672929], [-63.899152, 44.678859], [-63.895825, 44.683025], [-63.892633, 44.686386], [-63.891161, 44.68327], [-63.891567, 44.68049], [-63.892371, 44.67733], [-63.89272, 44.674785], [-63.893035, 44.673045], [-63.892451, 44.67282]]]}, "properties": {"OBJECTID": 138, "GSA_KEY": 142, "FCODE": "GSAPOLY", "GSA_NAME": "TANTALLON", "MUN_CODE": "HRM", "GSA_REM": "RENAMED FROM LOWER TANTALLON", "SOURCE": "CA", "DATE_ACT": 980899200000, "SYS_DATE": 1486425600000, "GLOBALID": "8ec341f8-7bea-4d5c-b379-0d2a247909cf", "Shape__Area": 17933657.84375, "Shape__Length": 24876.10832290268}}, {"type": "Feature", "id": 139, "geometry": {"type": "Polygon", "coordinates": [[[-63.92432, 44.674345], [-63.924702, 44.673165], [-63.925072, 44.671446], [-63.925367, 44.670535], [-63.925725, 44.670027], [-63.926276, 44.669484], [-63.926592, 44.669066], [-63.926789, 44.668659], [-63.927023, 44.667965], [-63.927416, 44.667301], [-63.928247, 44.666147], [-63.928675, 44.665732], [-63.929165, 44.665459], [-63.929944, 44.665211], [-63.930616, 44.665118], [-63.932089, 44.665086], [-63.932753, 44.665016], [-63.933633, 44.664741], [-63.934249, 44.664398], [-63.934477, 44.664666], [-63.935436, 44.664412], [-63.934647, 44.66332], [-63.935566, 44.662924], [-63.935378, 44.662795], [-63.935108, 44.662498], [-63.934649, 44.662593], [-63.933938, 44.661897], [-63.93168, 44.657989], [-63.961722, 44.644576], [-63.960963, 44.652005], [-63.961311, 44.657947], [-63.962423, 44.661364], [-63.963609, 44.663185], [-63.96542, 44.667537], [-63.963612, 44.667977], [-63.962253, 44.668494], [-63.962402, 44.668723], [-63.962158, 44.668818], [-63.962792, 44.669813], [-63.962994, 44.669869], [-63.962953, 44.670113], [-63.963134, 44.67056], [-63.963222, 44.670931], [-63.963216, 44.671466], [-63.962783, 44.67158], [-63.962649, 44.672207], [-63.960537, 44.672821], [-63.960249, 44.672317], [-63.951934, 44.674734], [-63.95173, 44.674263], [-63.951776, 44.674113], [-63.951765, 44.673924], [-63.944991, 44.675826], [-63.947931, 44.680011], [-63.945746, 44.680732], [-63.942304, 44.681963], [-63.942354, 44.682034], [-63.937864, 44.683481], [-63.93803, 44.68374], [-63.932187, 44.685843], [-63.92432, 44.674345]]]}, "properties": {"OBJECTID": 139, "GSA_KEY": 143, "FCODE": "GSAPOLY", "GSA_NAME": "BOUTILIERS POINT", "MUN_CODE": "HRM", "GSA_REM": " ", "SOURCE": "CR", "DATE_ACT": 980899200000, "SYS_DATE": 1767723038000, "GLOBALID": "2d234391-8ff8-4a37-a741-ce7402058bce", "Shape__Area": 15799509.234375, "Shape__Length": 19254.09296947828}}, {"type": "Feature", "id": 140, "geometry": {"type": "Polygon", "coordinates": [[[-63.283731, 44.640921], [-63.282642, 44.639333], [-63.288219, 44.638611], [-63.289572, 44.638558], [-63.292522, 44.639856], [-63.293482, 44.639485], [-63.29384, 44.639913], [-63.294826, 44.639635], [-63.295361, 44.640672], [-63.296194, 44.640759], [-63.29641, 44.640661], [-63.297922, 44.640432], [-63.298294, 44.640164], [-63.298548, 44.639658], [-63.298753, 44.63959], [-63.298797, 44.639484], [-63.299625, 44.639203], [-63.301218, 44.637551], [-63.302479, 44.636951], [-63.306951, 44.633986], [-63.308883, 44.640967], [-63.309016, 44.641078], [-63.311064, 44.642189], [-63.311733, 44.642633], [-63.313145, 44.643326], [-63.314003, 44.643674], [-63.314436, 44.644078], [-63.315101, 44.644727], [-63.315512, 44.646246], [-63.315574, 44.647349], [-63.315159, 44.648544], [-63.314554, 44.649955], [-63.313916, 44.650445], [-63.312255, 44.65365], [-63.311238, 44.656898], [-63.30925, 44.659518], [-63.307172, 44.661532], [-63.306016, 44.661898], [-63.293023, 44.658497], [-63.290252, 44.658023], [-63.282427, 44.652409], [-63.283731, 44.640921]]]}, "properties": {"OBJECTID": 140, "GSA_KEY": 144, "FCODE": "GSAPOLY", "GSA_NAME": "THREE FATHOM HARBOUR", "MUN_CODE": "HRM", "GSA_REM": " ", "SOURCE": "SD", "DATE_ACT": 980899200000, "SYS_DATE": 1543795200000, "GLOBALID": "728b5390-7ae2-4a11-897d-455ca61292e7", "Shape__Area": 10443633.6640625, "Shape__Length": 13606.50564849674}}, {"type": "Feature", "id": 141, "geometry": {"type": "Polygon", "coordinates": [[[-63.431535, 44.658134], [-63.429997, 44.654626], [-63.418759, 44.658387], [-63.415721, 44.657307], [-63.412295, 44.653348], [-63.411885, 44.6522], [-63.412305, 44.651191], [-63.412626, 44.648882], [-63.413951, 44.647156], [-63.416157, 44.643736], [-63.414653, 44.639759], [-63.406327, 44.629962], [-63.403343, 44.629878], [-63.404163, 44.626479], [-63.406977, 44.621134], [-63.409295, 44.615961], [-63.413783, 44.60869], [-63.418799, 44.60729], [-63.425933, 44.597163], [-63.432683, 44.602114], [-63.438703, 44.606713], [-63.442042, 44.607816], [-63.443672, 44.608436], [-63.444219, 44.608697], [-63.444408, 44.608873], [-63.44497, 44.609703], [-63.445994, 44.611957], [-63.445925, 44.615776], [-63.445936, 44.617975], [-63.446153, 44.618728], [-63.447663, 44.620372], [-63.448772, 44.621436], [-63.449484, 44.622487], [-63.449851, 44.622783], [-63.450037, 44.623142], [-63.450086, 44.623262], [-63.45007, 44.623427], [-63.4503, 44.624135], [-63.450528, 44.624386], [-63.450579, 44.624553], [-63.450483, 44.62491], [-63.450569, 44.625594], [-63.450627, 44.625875], [-63.450783, 44.626113], [-63.450773, 44.626203], [-63.450682, 44.626291], [-63.450116, 44.626446], [-63.449979, 44.626559], [-63.45002, 44.626796], [-63.450123, 44.627014], [-63.450295, 44.627185], [-63.450032, 44.627383], [-63.450959, 44.628012], [-63.451425, 44.62768], [-63.451468, 44.627751], [-63.451442, 44.6278], [-63.45125, 44.627947], [-63.451405, 44.628071], [-63.451423, 44.628142], [-63.450967, 44.628643], [-63.450971, 44.628759], [-63.451145, 44.628915], [-63.451167, 44.629067], [-63.451302, 44.62928], [-63.451752, 44.629469], [-63.451862, 44.629646], [-63.452079, 44.629855], [-63.452069, 44.630069], [-63.452017, 44.630173], [-63.45176, 44.630437], [-63.451321, 44.63068], [-63.451298, 44.630872], [-63.451599, 44.630962], [-63.451747, 44.631125], [-63.45186, 44.631543], [-63.452091, 44.631963], [-63.452193, 44.632296], [-63.453749, 44.63279], [-63.454677, 44.632926], [-63.45535, 44.632798], [-63.456056, 44.632823], [-63.456564, 44.633416], [-63.458332, 44.634096], [-63.458809, 44.63442], [-63.458975, 44.634677], [-63.459351, 44.63482], [-63.45501, 44.639961], [-63.453887, 44.641212], [-63.452806, 44.642893], [-63.452493, 44.643628], [-63.452547, 44.645247], [-63.452666, 44.646058], [-63.453096, 44.64718], [-63.453945, 44.649105], [-63.454364, 44.649942], [-63.454576, 44.651122], [-63.454421, 44.652335], [-63.454293, 44.652929], [-63.453727, 44.653852], [-63.452843, 44.654772], [-63.452439, 44.654684], [-63.451883, 44.654751], [-63.451569, 44.654703], [-63.451429, 44.654746], [-63.451237, 44.654898], [-63.451198, 44.654996], [-63.451232, 44.655186], [-63.451294, 44.655258], [-63.451242, 44.65533], [-63.450735, 44.655478], [-63.449939, 44.655561], [-63.449583, 44.655729], [-63.449543, 44.655845], [-63.449454, 44.65588], [-63.449218, 44.65568], [-63.448321, 44.655771], [-63.44754, 44.655755], [-63.447386, 44.655879], [-63.447167, 44.656174], [-63.447049, 44.656202], [-63.446794, 44.656558], [-63.446513, 44.65678], [-63.446145, 44.656867], [-63.444676, 44.656818], [-63.441605, 44.656817], [-63.440838, 44.656747], [-63.439298, 44.656986], [-63.437668, 44.657308], [-63.437075, 44.657471], [-63.43639, 44.657752], [-63.435554, 44.658243], [-63.434874, 44.658834], [-63.43418, 44.659636], [-63.433637, 44.660352], [-63.433245, 44.659495], [-63.431535, 44.658134]]]}, "properties": {"OBJECTID": 141, "GSA_KEY": 145, "FCODE": "GSAPOLY", "GSA_NAME": "COW BAY", "MUN_CODE": "HRM", "GSA_REM": " ", "SOURCE": "CR", "DATE_ACT": 980899200000, "SYS_DATE": null, "GLOBALID": "ec5b701d-8f13-418a-9aae-887f4e26d8e8", "Shape__Area": 36761970.23046875, "Shape__Length": 27749.60644175618}}, {"type": "Feature", "id": 142, "geometry": {"type": "Polygon", "coordinates": [[[-63.497043, 44.649419], [-63.499575, 44.647956], [-63.500312, 44.647407], [-63.49849, 44.64506], [-63.497698, 44.644377], [-63.496119, 44.642829], [-63.495699, 44.642494], [-63.48581, 44.635272], [-63.481988, 44.632218], [-63.4811, 44.631458], [-63.480606, 44.630935], [-63.480293, 44.630526], [-63.479358, 44.629176], [-63.479128, 44.628698], [-63.479056, 44.628323], [-63.47916, 44.627914], [-63.479407, 44.627538], [-63.479767, 44.627247], [-63.480123, 44.627071], [-63.480559, 44.626934], [-63.481294, 44.626907], [-63.482154, 44.627067], [-63.484684, 44.627765], [-63.485354, 44.62799], [-63.486027, 44.628349], [-63.487828, 44.629699], [-63.488293, 44.629995], [-63.488883, 44.63022], [-63.489488, 44.630295], [-63.49015, 44.630248], [-63.490704, 44.630059], [-63.493598, 44.62827], [-63.494276, 44.627909], [-63.494937, 44.627681], [-63.495612, 44.627669], [-63.496237, 44.627813], [-63.502903, 44.629769], [-63.503083, 44.629755], [-63.503122, 44.629859], [-63.503644, 44.630132], [-63.505421, 44.631324], [-63.505643, 44.631413], [-63.505872, 44.631423], [-63.506084, 44.63136], [-63.5082, 44.630268], [-63.510456, 44.62926], [-63.511494, 44.628727], [-63.512, 44.628284], [-63.513263, 44.626861], [-63.514145, 44.627306], [-63.514329, 44.627334], [-63.514256, 44.627215], [-63.514892, 44.626637], [-63.514056, 44.626016], [-63.514076, 44.625874], [-63.514175, 44.625756], [-63.515732, 44.624658], [-63.515106, 44.623408], [-63.51793, 44.621528], [-63.522242, 44.622755], [-63.528495, 44.629629], [-63.524877, 44.63261], [-63.524393, 44.633264], [-63.524289, 44.633495], [-63.524224, 44.633692], [-63.524387, 44.63405], [-63.524259, 44.634183], [-63.523752, 44.634567], [-63.517701, 44.63981], [-63.517952, 44.641689], [-63.519096, 44.64236], [-63.517019, 44.642501], [-63.517718, 44.641893], [-63.517479, 44.640002], [-63.513116, 44.643783], [-63.517012, 44.646867], [-63.515116, 44.64721], [-63.518478, 44.649066], [-63.500561, 44.65256], [-63.497043, 44.649419]]]}, "properties": {"OBJECTID": 142, "GSA_KEY": 146, "FCODE": "GSAPOLY", "GSA_NAME": "SHEARWATER", "MUN_CODE": "HRM", "GSA_REM": " ", "SOURCE": "CR", "DATE_ACT": 980899200000, "SYS_DATE": null, "GLOBALID": "cb4f41ad-5e46-4857-91a5-7c5f76be87a2", "Shape__Area": 12178746.71484375, "Shape__Length": 20109.176999065603}}, {"type": "Feature", "id": 143, "geometry": {"type": "Polygon", "coordinates": [[[-63.862268, 44.657249], [-63.860276, 44.655757], [-63.858419, 44.652489], [-63.858338, 44.652317], [-63.857199, 44.648195], [-63.85453, 44.647551], [-63.853642, 44.641068], [-63.853447, 44.639227], [-63.853258, 44.638276], [-63.852718, 44.63617], [-63.852397, 44.635318], [-63.851075, 44.632554], [-63.850897, 44.631796], [-63.850841, 44.631049], [-63.843169, 44.628633], [-63.845305, 44.624602], [-63.846766, 44.62196], [-63.852742, 44.610486], [-63.857185, 44.600291], [-63.857752, 44.600446], [-63.858281, 44.600501], [-63.859545, 44.599969], [-63.859696, 44.599957], [-63.860031, 44.600003], [-63.860574, 44.600237], [-63.860792, 44.600285], [-63.862264, 44.600273], [-63.86346, 44.600095], [-63.86494, 44.599745], [-63.865634, 44.59966], [-63.866499, 44.599756], [-63.867791, 44.60019], [-63.868515, 44.600354], [-63.869603, 44.600425], [-63.870574, 44.600346], [-63.871849, 44.600063], [-63.872176, 44.599867], [-63.872337, 44.599705], [-63.872633, 44.599174], [-63.872941, 44.599048], [-63.874389, 44.598875], [-63.874913, 44.598943], [-63.875436, 44.598932], [-63.876268, 44.598775], [-63.873181, 44.604115], [-63.871364, 44.607446], [-63.864036, 44.605796], [-63.863104, 44.607931], [-63.862753, 44.616027], [-63.866061, 44.616841], [-63.866626, 44.615892], [-63.870998, 44.618319], [-63.871439, 44.618348], [-63.871702, 44.618449], [-63.871915, 44.618594], [-63.872733, 44.618715], [-63.873171, 44.61897], [-63.873449, 44.618908], [-63.873713, 44.619027], [-63.87385, 44.619135], [-63.873973, 44.619388], [-63.873933, 44.619595], [-63.87382, 44.619612], [-63.873392, 44.619493], [-63.872611, 44.619078], [-63.872393, 44.619011], [-63.872312, 44.619024], [-63.87231, 44.619065], [-63.87995, 44.623242], [-63.879186, 44.623314], [-63.879286, 44.623395], [-63.879437, 44.623459], [-63.879903, 44.623452], [-63.880396, 44.623275], [-63.880613, 44.623298], [-63.880676, 44.623334], [-63.880614, 44.623378], [-63.880635, 44.623712], [-63.881284, 44.624106], [-63.881455, 44.624178], [-63.881861, 44.624184], [-63.897169, 44.632735], [-63.897967, 44.631598], [-63.898837, 44.632073], [-63.899187, 44.631596], [-63.89904, 44.631508], [-63.900188, 44.629492], [-63.901646, 44.627128], [-63.9109, 44.634817], [-63.910668, 44.635353], [-63.911214, 44.635458], [-63.911031, 44.636086], [-63.911701, 44.636189], [-63.91191, 44.635758], [-63.91179, 44.635655], [-63.912001, 44.635584], [-63.91285, 44.634323], [-63.91997, 44.633266], [-63.931043, 44.626889], [-63.947519, 44.624984], [-63.951424, 44.635486], [-63.948805, 44.641906], [-63.932467, 44.651912], [-63.927764, 44.655065], [-63.925314, 44.654856], [-63.92284, 44.65313], [-63.912459, 44.650646], [-63.910694, 44.65013], [-63.9119, 44.649212], [-63.911529, 44.648972], [-63.908742, 44.651007], [-63.908944, 44.650701], [-63.908656, 44.650595], [-63.907709, 44.650581], [-63.906963, 44.651177], [-63.905982, 44.651781], [-63.905639, 44.652128], [-63.901019, 44.649558], [-63.897469, 44.647706], [-63.896242, 44.648873], [-63.887111, 44.648812], [-63.886305, 44.650964], [-63.881773, 44.649103], [-63.881791, 44.648794], [-63.87686, 44.648767], [-63.87678, 44.656323], [-63.87185, 44.654396], [-63.869775, 44.660335], [-63.866877, 44.659003], [-63.866709, 44.659407], [-63.862268, 44.657249]]]}, "properties": {"OBJECTID": 143, "GSA_KEY": 147, "FCODE": "GSAPOLY", "GSA_NAME": "GLEN HAVEN", "MUN_CODE": "HRM", "GSA_REM": " ", "SOURCE": "CR", "DATE_ACT": 980899200000, "SYS_DATE": 1680620357000, "GLOBALID": "f2ed1f61-b176-4984-bb24-bde4b4d1e94e", "Shape__Area": 47828207.4609375, "Shape__Length": 46524.156433433935}}, {"type": "Feature", "id": 144, "geometry": {"type": "Polygon", "coordinates": [[[-63.683603, 44.654935], [-63.682803, 44.654043], [-63.680232, 44.654198], [-63.679872, 44.653811], [-63.679947, 44.653777], [-63.678788, 44.652531], [-63.677434, 44.653158], [-63.677365, 44.653084], [-63.678934, 44.652356], [-63.677453, 44.65073], [-63.677028, 44.65091], [-63.676204, 44.651056], [-63.676112, 44.651165], [-63.676082, 44.651077], [-63.675878, 44.651015], [-63.675993, 44.650815], [-63.676145, 44.650881], [-63.676834, 44.650759], [-63.67715, 44.650626], [-63.677372, 44.650432], [-63.677785, 44.64982], [-63.677093, 44.647766], [-63.678405, 44.647486], [-63.677701, 44.647045], [-63.677888, 44.646953], [-63.677852, 44.64678], [-63.677698, 44.646737], [-63.677539, 44.646769], [-63.677353, 44.647038], [-63.677106, 44.646449], [-63.675378, 44.646818], [-63.675017, 44.645955], [-63.673934, 44.64619], [-63.673592, 44.646446], [-63.673603, 44.646505], [-63.673264, 44.646551], [-63.673183, 44.646293], [-63.673114, 44.646299], [-63.672574, 44.646022], [-63.672105, 44.645853], [-63.672375, 44.645418], [-63.673115, 44.644444], [-63.672915, 44.644171], [-63.672342, 44.644215], [-63.671752, 44.644187], [-63.671177, 44.644085], [-63.670637, 44.643912], [-63.670075, 44.643629], [-63.669015, 44.642882], [-63.668575, 44.642635], [-63.668114, 44.642452], [-63.666227, 44.641905], [-63.665573, 44.641664], [-63.664955, 44.641358], [-63.663071, 44.640249], [-63.661997, 44.63982], [-63.661262, 44.639645], [-63.660541, 44.639552], [-63.658073, 44.639513], [-63.655968, 44.641036], [-63.655157, 44.641499], [-63.654293, 44.64191], [-63.653069, 44.642372], [-63.650326, 44.643195], [-63.647774, 44.644024], [-63.647323, 44.644124], [-63.646697, 44.644169], [-63.646227, 44.644134], [-63.644125, 44.64181], [-63.642084, 44.642719], [-63.640849, 44.641808], [-63.639427, 44.640643], [-63.638413, 44.639637], [-63.63828, 44.638931], [-63.638636, 44.635884], [-63.638422, 44.635789], [-63.638522, 44.635519], [-63.638364, 44.635477], [-63.638525, 44.635443], [-63.6385, 44.635188], [-63.638733, 44.635085], [-63.63877, 44.633299], [-63.637761, 44.630713], [-63.638326, 44.630405], [-63.639464, 44.629936], [-63.647538, 44.623354], [-63.652297, 44.618349], [-63.657976, 44.618238], [-63.660897, 44.618377], [-63.661021, 44.618465], [-63.661385, 44.618366], [-63.661427, 44.618222], [-63.664815, 44.614323], [-63.664801, 44.61282], [-63.669601, 44.614223], [-63.678431, 44.614467], [-63.680868, 44.61392], [-63.685187, 44.611896], [-63.687473, 44.611493], [-63.693763, 44.611319], [-63.700181, 44.605688], [-63.698453, 44.615042], [-63.69797, 44.617886], [-63.698031, 44.617919], [-63.69803, 44.618], [-63.697915, 44.618152], [-63.698326, 44.618497], [-63.698285, 44.618676], [-63.698069, 44.618855], [-63.69808, 44.618945], [-63.698142, 44.618999], [-63.698972, 44.619122], [-63.699046, 44.619303], [-63.699145, 44.619366], [-63.699511, 44.619333], [-63.700182, 44.619122], [-63.700514, 44.618782], [-63.700907, 44.618641], [-63.700969, 44.618686], [-63.700973, 44.619343], [-63.700706, 44.619503], [-63.700302, 44.6196], [-63.70001, 44.619732], [-63.700092, 44.62021], [-63.699357, 44.620493], [-63.699049, 44.620905], [-63.698745, 44.621002], [-63.698514, 44.621288], [-63.698498, 44.621522], [-63.698421, 44.621611], [-63.698334, 44.621602], [-63.698282, 44.621682], [-63.697725, 44.621849], [-63.697687, 44.621912], [-63.697748, 44.622029], [-63.697912, 44.622031], [-63.697974, 44.622103], [-63.698237, 44.622204], [-63.698323, 44.622349], [-63.698282, 44.622591], [-63.698063, 44.622941], [-63.697543, 44.623207], [-63.697148, 44.623519], [-63.696996, 44.623536], [-63.696603, 44.623695], [-63.696366, 44.623523], [-63.695798, 44.623618], [-63.695771, 44.623717], [-63.695644, 44.623806], [-63.695567, 44.62394], [-63.695877, 44.624248], [-63.695837, 44.624464], [-63.695116, 44.624612], [-63.695146, 44.625179], [-63.695246, 44.625288], [-63.695169, 44.625377], [-63.695255, 44.625493], [-63.695229, 44.625558], [-63.695077, 44.625611], [-63.694979, 44.625448], [-63.694914, 44.625564], [-63.694775, 44.625609], [-63.694736, 44.625698], [-63.694571, 44.625778], [-63.694506, 44.625895], [-63.69464, 44.626274], [-63.694498, 44.626489], [-63.69432, 44.626577], [-63.694256, 44.626676], [-63.694392, 44.626911], [-63.694391, 44.626965], [-63.694315, 44.627009], [-63.694313, 44.627099], [-63.694465, 44.627946], [-63.697301, 44.634245], [-63.696857, 44.634386], [-63.696819, 44.634447], [-63.697004, 44.634467], [-63.697063, 44.634356], [-63.697322, 44.634295], [-63.697429, 44.634523], [-63.697262, 44.634514], [-63.697449, 44.634661], [-63.697328, 44.634783], [-63.697657, 44.63501], [-63.697928, 44.63559], [-63.69295, 44.636703], [-63.69336, 44.637179], [-63.693838, 44.638035], [-63.693436, 44.638125], [-63.693559, 44.638391], [-63.693674, 44.63848], [-63.693648, 44.63882], [-63.69369, 44.638821], [-63.693687, 44.639013], [-63.693303, 44.639006], [-63.693346, 44.639952], [-63.694062, 44.639924], [-63.694075, 44.640473], [-63.693885, 44.640992], [-63.694252, 44.641013], [-63.693333, 44.641547], [-63.692871, 44.641382], [-63.686544, 44.651416], [-63.68583, 44.651536], [-63.683603, 44.654935]]]}, "properties": {"OBJECTID": 144, "GSA_KEY": 148, "FCODE": "GSAPOLY", "GSA_NAME": "BEECHVILLE", "MUN_CODE": "HRM", "GSA_REM": "COUNCIL APPROVED BOUNDARY ON JUNE 20, 2023", "SOURCE": "DM", "DATE_ACT": 1361750400000, "SYS_DATE": 1731944822000, "GLOBALID": "0406ac02-4f9b-4672-bde3-afbc42071de2", "Shape__Area": 28282498.203125, "Shape__Length": 29328.13555532523}}, {"type": "Feature", "id": 145, "geometry": {"type": "Polygon", "coordinates": [[[-63.477543, 44.643618], [-63.478387, 44.642862], [-63.478235, 44.642671], [-63.478091, 44.642603], [-63.478084, 44.642433], [-63.47795, 44.64229], [-63.477672, 44.642109], [-63.4775, 44.642063], [-63.477217, 44.642089], [-63.477143, 44.642201], [-63.477017, 44.642237], [-63.476897, 44.642216], [-63.476784, 44.642109], [-63.476404, 44.642106], [-63.476047, 44.64198], [-63.475695, 44.642068], [-63.475475, 44.641936], [-63.475063, 44.641523], [-63.474054, 44.642632], [-63.473527, 44.642466], [-63.473463, 44.642536], [-63.47337, 44.642534], [-63.473312, 44.642081], [-63.473513, 44.641815], [-63.473174, 44.641685], [-63.472997, 44.641919], [-63.472779, 44.641836], [-63.472953, 44.641595], [-63.471706, 44.641114], [-63.472733, 44.640018], [-63.47277, 44.640037], [-63.472866, 44.639934], [-63.472823, 44.639915], [-63.473139, 44.639539], [-63.47275, 44.63939], [-63.471552, 44.638434], [-63.470298, 44.638096], [-63.470035, 44.637834], [-63.469709, 44.637173], [-63.469504, 44.636921], [-63.469181, 44.636854], [-63.468308, 44.636883], [-63.468102, 44.636636], [-63.468008, 44.636589], [-63.466919, 44.636648], [-63.466032, 44.636426], [-63.465926, 44.636307], [-63.465898, 44.636098], [-63.46609, 44.635295], [-63.466007, 44.634945], [-63.46549, 44.634672], [-63.464739, 44.633993], [-63.464372, 44.633862], [-63.463991, 44.633818], [-63.463723, 44.633838], [-63.463706, 44.634074], [-63.463562, 44.634318], [-63.463215, 44.634669], [-63.462667, 44.634864], [-63.462613, 44.635204], [-63.462295, 44.635355], [-63.461859, 44.635227], [-63.460566, 44.635215], [-63.460183, 44.635122], [-63.458975, 44.634677], [-63.458809, 44.63442], [-63.458332, 44.634096], [-63.456564, 44.633416], [-63.456056, 44.632823], [-63.45535, 44.632798], [-63.454677, 44.632926], [-63.453749, 44.63279], [-63.452193, 44.632296], [-63.452091, 44.631963], [-63.45186, 44.631543], [-63.451747, 44.631125], [-63.451599, 44.630962], [-63.45128, 44.630841], [-63.451321, 44.63068], [-63.45176, 44.630437], [-63.451939, 44.630267], [-63.452049, 44.630124], [-63.452084, 44.62993], [-63.452061, 44.629805], [-63.451862, 44.629646], [-63.451752, 44.629469], [-63.451395, 44.62934], [-63.45124, 44.629217], [-63.451145, 44.628915], [-63.450971, 44.628759], [-63.450967, 44.628643], [-63.451423, 44.628142], [-63.451405, 44.628071], [-63.451251, 44.62793], [-63.451442, 44.6278], [-63.451462, 44.627729], [-63.451419, 44.627675], [-63.450959, 44.628012], [-63.450032, 44.627383], [-63.450295, 44.627185], [-63.450123, 44.627014], [-63.45002, 44.626796], [-63.449979, 44.626559], [-63.450116, 44.626446], [-63.450682, 44.626291], [-63.450773, 44.626203], [-63.450783, 44.626113], [-63.450627, 44.625875], [-63.450569, 44.625594], [-63.450483, 44.62491], [-63.450579, 44.624553], [-63.450528, 44.624386], [-63.4503, 44.624135], [-63.45007, 44.623427], [-63.450086, 44.623262], [-63.450037, 44.623142], [-63.449851, 44.622783], [-63.449484, 44.622487], [-63.448772, 44.621436], [-63.447663, 44.620372], [-63.446153, 44.618728], [-63.445936, 44.617975], [-63.445925, 44.615776], [-63.445994, 44.611957], [-63.44497, 44.609703], [-63.444408, 44.608873], [-63.444219, 44.608697], [-63.443672, 44.608436], [-63.442042, 44.607816], [-63.438703, 44.606713], [-63.432683, 44.602114], [-63.425933, 44.597163], [-63.440135, 44.57699], [-63.451751, 44.577097], [-63.451569, 44.58721], [-63.468285, 44.587216], [-63.467836, 44.577244], [-63.489951, 44.577442], [-63.491622, 44.590807], [-63.499904, 44.596996], [-63.506948, 44.60562], [-63.509414, 44.611635], [-63.515594, 44.620863], [-63.51793, 44.621528], [-63.515106, 44.623408], [-63.515732, 44.624658], [-63.514175, 44.625756], [-63.514076, 44.625874], [-63.514056, 44.626016], [-63.514892, 44.626637], [-63.514256, 44.627215], [-63.514329, 44.627334], [-63.514145, 44.627306], [-63.513263, 44.626861], [-63.512, 44.628284], [-63.511494, 44.628727], [-63.510456, 44.62926], [-63.5082, 44.630268], [-63.506084, 44.63136], [-63.505897, 44.631419], [-63.505643, 44.631413], [-63.505421, 44.631324], [-63.503644, 44.630132], [-63.503122, 44.629859], [-63.503083, 44.629755], [-63.502903, 44.629769], [-63.496237, 44.627813], [-63.495612, 44.627669], [-63.494937, 44.627681], [-63.494276, 44.627909], [-63.493598, 44.62827], [-63.490871, 44.629975], [-63.490267, 44.630219], [-63.489599, 44.630298], [-63.488883, 44.63022], [-63.488293, 44.629995], [-63.487828, 44.629699], [-63.486242, 44.628487], [-63.485354, 44.62799], [-63.484684, 44.627765], [-63.482154, 44.627067], [-63.48122, 44.6269], [-63.480559, 44.626934], [-63.480123, 44.627071], [-63.479767, 44.627247], [-63.479347, 44.627609], [-63.47916, 44.627914], [-63.479056, 44.628323], [-63.479225, 44.628942], [-63.48039, 44.630659], [-63.4811, 44.631458], [-63.481988, 44.632218], [-63.48581, 44.635272], [-63.495699, 44.642494], [-63.496119, 44.642829], [-63.497698, 44.644377], [-63.49849, 44.64506], [-63.500312, 44.647407], [-63.499575, 44.647956], [-63.497043, 44.649419], [-63.495781, 44.648293], [-63.491227, 44.650479], [-63.483263, 44.645667], [-63.482588, 44.645477], [-63.48182, 44.645568], [-63.480327, 44.644805], [-63.480103, 44.644584], [-63.480272, 44.644224], [-63.479597, 44.644127], [-63.478833, 44.644257], [-63.477585, 44.643896], [-63.477819, 44.64368], [-63.477543, 44.643618]]]}, "properties": {"OBJECTID": 145, "GSA_KEY": 149, "FCODE": "GSAPOLY", "GSA_NAME": "EASTERN PASSAGE", "MUN_CODE": "HRM", "GSA_REM": " ", "SOURCE": "CS", "DATE_ACT": 980899200000, "SYS_DATE": null, "GLOBALID": "0feeaab1-5f85-4b54-a715-441f34125397", "Shape__Area": 62304854.203125, "Shape__Length": 45282.513938361895}}, {"type": "Feature", "id": 146, "geometry": {"type": "Polygon", "coordinates": [[[-63.692591, 44.641827], [-63.692871, 44.641382], [-63.693333, 44.641547], [-63.694252, 44.641013], [-63.693885, 44.640992], [-63.694075, 44.640473], [-63.694062, 44.639924], [-63.693346, 44.639952], [-63.693303, 44.639006], [-63.693687, 44.639013], [-63.69369, 44.638821], [-63.693648, 44.63882], [-63.693674, 44.63848], [-63.693559, 44.638391], [-63.693436, 44.638125], [-63.693838, 44.638035], [-63.69336, 44.637179], [-63.69295, 44.636703], [-63.697928, 44.63559], [-63.697657, 44.63501], [-63.697328, 44.634783], [-63.697449, 44.634661], [-63.697262, 44.634514], [-63.697429, 44.634523], [-63.697322, 44.634295], [-63.697063, 44.634356], [-63.697004, 44.634467], [-63.696819, 44.634447], [-63.696857, 44.634386], [-63.697301, 44.634245], [-63.694465, 44.627946], [-63.694323, 44.627121], [-63.696032, 44.627228], [-63.697801, 44.627475], [-63.699996, 44.627976], [-63.702092, 44.628652], [-63.708248, 44.631021], [-63.708065, 44.631324], [-63.709465, 44.63215], [-63.70929, 44.632381], [-63.710697, 44.632944], [-63.711882, 44.633471], [-63.712244, 44.633679], [-63.710073, 44.634133], [-63.707472, 44.63381], [-63.705786, 44.635919], [-63.7086, 44.638861], [-63.705491, 44.64043], [-63.705059, 44.640635], [-63.704666, 44.640238], [-63.704593, 44.640227], [-63.7044, 44.64032], [-63.703456, 44.639351], [-63.703596, 44.639198], [-63.702529, 44.63823], [-63.702342, 44.639068], [-63.701937, 44.639022], [-63.701915, 44.63912], [-63.701436, 44.639089], [-63.70143, 44.639156], [-63.701008, 44.63914], [-63.700993, 44.639342], [-63.7009, 44.639363], [-63.70099, 44.639397], [-63.700977, 44.63947], [-63.701037, 44.639437], [-63.701757, 44.639477], [-63.701805, 44.63942], [-63.701828, 44.639483], [-63.701949, 44.639494], [-63.701895, 44.639519], [-63.701861, 44.639664], [-63.702238, 44.639707], [-63.702123, 44.640226], [-63.702147, 44.6404], [-63.702473, 44.640771], [-63.701614, 44.64117], [-63.701459, 44.642474], [-63.698524, 44.643358], [-63.694474, 44.649778], [-63.688412, 44.648455], [-63.692591, 44.641827]]]}, "properties": {"OBJECTID": 146, "GSA_KEY": 150, "FCODE": "GSAPOLY", "GSA_NAME": "LAKESIDE", "MUN_CODE": "HRM", "GSA_REM": " ", "SOURCE": "SD", "DATE_ACT": 1706642539000, "SYS_DATE": 1731944822000, "GLOBALID": "800cafbf-b398-4f7a-9de6-f8f7afb45516", "Shape__Area": 3649469.5390625, "Shape__Length": 12565.55002259298}}, {"type": "Feature", "id": 147, "geometry": {"type": "Polygon", "coordinates": [[[-63.296194, 44.640759], [-63.295361, 44.640672], [-63.294826, 44.639635], [-63.29384, 44.639913], [-63.293482, 44.639485], [-63.292522, 44.639856], [-63.289572, 44.638558], [-63.288219, 44.638611], [-63.282642, 44.639333], [-63.268899, 44.61927], [-63.278358, 44.615465], [-63.288227, 44.618857], [-63.303325, 44.624528], [-63.309575, 44.628937], [-63.307176, 44.63316], [-63.306951, 44.633986], [-63.302479, 44.636951], [-63.301218, 44.637551], [-63.299625, 44.639203], [-63.298797, 44.639484], [-63.298753, 44.63959], [-63.298548, 44.639658], [-63.298294, 44.640164], [-63.298015, 44.640391], [-63.29641, 44.640661], [-63.296194, 44.640759]]]}, "properties": {"OBJECTID": 147, "GSA_KEY": 151, "FCODE": "GSAPOLY", "GSA_NAME": "LOWER THREE FATHOM HARBOUR", "MUN_CODE": "HRM", "GSA_REM": " ", "SOURCE": "SD", "DATE_ACT": 980899200000, "SYS_DATE": 1363651200000, "GLOBALID": "9b987141-a94e-4886-98a7-73329499d8b8", "Shape__Area": 10325036.02734375, "Shape__Length": 13049.612738939652}}, {"type": "Feature", "id": 148, "geometry": {"type": "Polygon", "coordinates": [[[-63.901662, 44.627141], [-63.900188, 44.629492], [-63.89904, 44.631508], [-63.899187, 44.631596], [-63.898837, 44.632073], [-63.897967, 44.631598], [-63.897169, 44.632735], [-63.881861, 44.624184], [-63.881455, 44.624178], [-63.881284, 44.624106], [-63.880635, 44.623712], [-63.880614, 44.623378], [-63.880676, 44.623334], [-63.880613, 44.623298], [-63.880396, 44.623275], [-63.879903, 44.623452], [-63.879437, 44.623459], [-63.879286, 44.623395], [-63.879186, 44.623314], [-63.87995, 44.623242], [-63.87231, 44.619065], [-63.872312, 44.619024], [-63.872393, 44.619011], [-63.872611, 44.619078], [-63.873392, 44.619493], [-63.87382, 44.619612], [-63.873933, 44.619595], [-63.873973, 44.619388], [-63.87385, 44.619135], [-63.873713, 44.619027], [-63.873449, 44.618908], [-63.873171, 44.61897], [-63.872733, 44.618715], [-63.871915, 44.618594], [-63.871702, 44.618449], [-63.871439, 44.618348], [-63.870998, 44.618319], [-63.866626, 44.615892], [-63.866061, 44.616841], [-63.862753, 44.616027], [-63.863104, 44.607931], [-63.864036, 44.605796], [-63.871364, 44.607446], [-63.873181, 44.604115], [-63.875371, 44.600328], [-63.892447, 44.609898], [-63.892628, 44.609838], [-63.893096, 44.609815], [-63.907197, 44.617721], [-63.907549, 44.617118], [-63.923409, 44.626582], [-63.927361, 44.629009], [-63.91997, 44.633266], [-63.91285, 44.634323], [-63.912001, 44.635584], [-63.91179, 44.635655], [-63.91191, 44.635758], [-63.911701, 44.636189], [-63.911031, 44.636086], [-63.911214, 44.635458], [-63.910668, 44.635353], [-63.9109, 44.634817], [-63.901662, 44.627141]]]}, "properties": {"OBJECTID": 148, "GSA_KEY": 152, "FCODE": "GSAPOLY", "GSA_NAME": "FRENCH VILLAGE", "MUN_CODE": "HRM", "GSA_REM": " ", "SOURCE": "CR", "DATE_ACT": 980899200000, "SYS_DATE": 1680620357000, "GLOBALID": "6d9f519c-ad43-47af-884d-e6e98515104b", "Shape__Area": 16410070.7421875, "Shape__Length": 22004.70592003717}}, {"type": "Feature", "id": 149, "geometry": {"type": "Polygon", "coordinates": [[[-63.528495, 44.629629], [-63.522242, 44.622755], [-63.515594, 44.620863], [-63.509414, 44.611635], [-63.506948, 44.60562], [-63.499904, 44.596996], [-63.491622, 44.590807], [-63.489951, 44.577442], [-63.529063, 44.577781], [-63.545466, 44.600393], [-63.559961, 44.609593], [-63.547693, 44.627006], [-63.529306, 44.630521], [-63.528495, 44.629629]]]}, "properties": {"OBJECTID": 149, "GSA_KEY": 153, "FCODE": "GSAPOLY", "GSA_NAME": "MCNABS ISLAND", "MUN_CODE": "HRM", "GSA_REM": " ", "SOURCE": "CA", "DATE_ACT": 980899200000, "SYS_DATE": null, "GLOBALID": "879d39fc-e90a-4a29-b877-9e324bc7b3b3", "Shape__Area": 36947086.28125, "Shape__Length": 25476.21856864772}}, {"type": "Feature", "id": 150, "geometry": {"type": "Polygon", "coordinates": [[[-63.891431, 44.609328], [-63.893471, 44.608669], [-63.895811, 44.608352], [-63.898002, 44.608152], [-63.898275, 44.607236], [-63.898398, 44.606438], [-63.898964, 44.605818], [-63.899246, 44.605631], [-63.899479, 44.605303], [-63.900492, 44.604397], [-63.900707, 44.603575], [-63.900973, 44.603301], [-63.901057, 44.603137], [-63.901247, 44.603014], [-63.902123, 44.60182], [-63.902437, 44.601727], [-63.903326, 44.601667], [-63.904006, 44.601466], [-63.904309, 44.601321], [-63.904893, 44.601284], [-63.905161, 44.601148], [-63.905251, 44.600911], [-63.905367, 44.600799], [-63.90622, 44.600449], [-63.90693, 44.600058], [-63.907845, 44.599758], [-63.908326, 44.59982], [-63.908692, 44.599688], [-63.908739, 44.599576], [-63.908981, 44.599471], [-63.909143, 44.599274], [-63.909209, 44.598981], [-63.909153, 44.598798], [-63.909223, 44.598591], [-63.90946, 44.598453], [-63.909771, 44.598165], [-63.910258, 44.597956], [-63.910415, 44.597668], [-63.910541, 44.597236], [-63.910721, 44.597063], [-63.910929, 44.597016], [-63.911024, 44.596941], [-63.911138, 44.596726], [-63.911497, 44.596668], [-63.912807, 44.597134], [-63.913941, 44.597216], [-63.914373, 44.597142], [-63.914643, 44.596912], [-63.914898, 44.596577], [-63.91574, 44.596298], [-63.915904, 44.596123], [-63.916228, 44.595593], [-63.916442, 44.595438], [-63.916544, 44.595287], [-63.916614, 44.59506], [-63.91676, 44.59494], [-63.917055, 44.594514], [-63.917389, 44.59418], [-63.917698, 44.593966], [-63.918551, 44.593655], [-63.918898, 44.593653], [-63.919803, 44.593773], [-63.923821, 44.592399], [-63.926766, 44.59207], [-63.934687, 44.591806], [-63.936454, 44.589449], [-63.942539, 44.584747], [-63.945505, 44.583291], [-63.998894, 44.581338], [-63.999384, 44.583447], [-63.999385, 44.624842], [-63.947519, 44.624984], [-63.931043, 44.626889], [-63.927361, 44.629009], [-63.923409, 44.626582], [-63.907549, 44.617118], [-63.907197, 44.617721], [-63.893096, 44.609815], [-63.892628, 44.609838], [-63.892447, 44.609898], [-63.891431, 44.609328]]]}, "properties": {"OBJECTID": 150, "GSA_KEY": 154, "FCODE": "GSAPOLY", "GSA_NAME": "SEABRIGHT", "MUN_CODE": "HRM", "GSA_REM": " ", "SOURCE": "CA", "DATE_ACT": 980899200000, "SYS_DATE": null, "GLOBALID": "62b44587-7204-4539-98a2-75e5bc6f46d0", "Shape__Area": 63809751.7890625, "Shape__Length": 34231.423711072566}}, {"type": "Feature", "id": 151, "geometry": {"type": "Polygon", "coordinates": [[[-63.65996, 44.618332], [-63.657976, 44.618238], [-63.652298, 44.618349], [-63.652286, 44.614367], [-63.650896, 44.613375], [-63.639986, 44.61324], [-63.631444, 44.613242], [-63.629256, 44.610431], [-63.629547, 44.610312], [-63.630119, 44.609961], [-63.630586, 44.609514], [-63.632615, 44.606911], [-63.633119, 44.606105], [-63.633466, 44.605203], [-63.640389, 44.599599], [-63.640984, 44.598982], [-63.641301, 44.598422], [-63.641563, 44.596845], [-63.641512, 44.596173], [-63.642792, 44.596959], [-63.647101, 44.593718], [-63.651774, 44.589774], [-63.649815, 44.586836], [-63.648198, 44.585861], [-63.647311, 44.586596], [-63.645902, 44.585881], [-63.64528, 44.581072], [-63.645306, 44.577849], [-63.645253, 44.573279], [-63.651629, 44.572058], [-63.650895, 44.569744], [-63.655006, 44.566205], [-63.661856, 44.570081], [-63.659351, 44.572227], [-63.667495, 44.576814], [-63.671747, 44.572877], [-63.672628, 44.572174], [-63.675987, 44.569241], [-63.683088, 44.574259], [-63.678559, 44.577531], [-63.688231, 44.584457], [-63.689835, 44.583418], [-63.690358, 44.583241], [-63.691849, 44.583905], [-63.692388, 44.585158], [-63.692003, 44.586494], [-63.692149, 44.590467], [-63.696351, 44.587484], [-63.699809, 44.589709], [-63.696871, 44.593287], [-63.696713, 44.593722], [-63.696951, 44.593984], [-63.69833, 44.594857], [-63.699939, 44.594164], [-63.702151, 44.593086], [-63.703178, 44.592653], [-63.703577, 44.592536], [-63.704718, 44.592357], [-63.705088, 44.592174], [-63.70613, 44.591485], [-63.70685, 44.591191], [-63.707368, 44.590874], [-63.707678, 44.590741], [-63.708026, 44.590675], [-63.709635, 44.590596], [-63.710241, 44.591537], [-63.705353, 44.597281], [-63.704364, 44.599396], [-63.704038, 44.600218], [-63.702216, 44.603979], [-63.702419, 44.605471], [-63.700181, 44.605688], [-63.693763, 44.611319], [-63.687473, 44.611493], [-63.685187, 44.611896], [-63.680868, 44.61392], [-63.678431, 44.614467], [-63.669601, 44.614223], [-63.664801, 44.61282], [-63.664815, 44.614323], [-63.661427, 44.618222], [-63.661385, 44.618366], [-63.661021, 44.618465], [-63.660897, 44.618377], [-63.65996, 44.618332]]]}, "properties": {"OBJECTID": 151, "GSA_KEY": 155, "FCODE": "GSAPOLY", "GSA_NAME": "GOODWOOD", "MUN_CODE": "HRM", "GSA_REM": " ", "SOURCE": "CR", "DATE_ACT": 980899200000, "SYS_DATE": 1706715885000, "GLOBALID": "9892e739-dbde-46f6-83e1-58ef37c9b031", "Shape__Area": 38943346.0625, "Shape__Length": 34681.88691468124}}, {"type": "Feature", "id": 152, "geometry": {"type": "Polygon", "coordinates": [[[-63.561332, 44.605456], [-63.561079, 44.605145], [-63.56103, 44.605005], [-63.561037, 44.604819], [-63.561763, 44.604797], [-63.561762, 44.604611], [-63.561608, 44.60461], [-63.561605, 44.604546], [-63.561481, 44.604539], [-63.561299, 44.604446], [-63.560925, 44.604616], [-63.560708, 44.604548], [-63.560558, 44.604577], [-63.560466, 44.604762], [-63.560324, 44.604828], [-63.560262, 44.604922], [-63.560542, 44.605675], [-63.560113, 44.605815], [-63.560223, 44.60611], [-63.560554, 44.606335], [-63.558073, 44.608392], [-63.545466, 44.600393], [-63.53993, 44.592763], [-63.547046, 44.59106], [-63.551789, 44.589979], [-63.551793, 44.59015], [-63.552487, 44.589967], [-63.552643, 44.590571], [-63.552851, 44.590958], [-63.553996, 44.59238], [-63.555307, 44.594515], [-63.555405, 44.594481], [-63.555869, 44.595234], [-63.555774, 44.595266], [-63.556066, 44.595415], [-63.556149, 44.595188], [-63.55706, 44.594358], [-63.55627, 44.593912], [-63.562685, 44.588073], [-63.56721, 44.590656], [-63.570135, 44.588106], [-63.571026, 44.588589], [-63.571776, 44.587893], [-63.577393, 44.590961], [-63.578073, 44.590329], [-63.578169, 44.590276], [-63.578316, 44.590316], [-63.578641, 44.590212], [-63.578904, 44.590063], [-63.579166, 44.590012], [-63.579364, 44.590085], [-63.57951, 44.590273], [-63.579671, 44.590309], [-63.580081, 44.590286], [-63.580229, 44.590394], [-63.580815, 44.591038], [-63.581318, 44.591468], [-63.581484, 44.591726], [-63.576577, 44.595898], [-63.565987, 44.604599], [-63.565173, 44.604098], [-63.563455, 44.605532], [-63.563385, 44.605983], [-63.563542, 44.606394], [-63.563338, 44.606456], [-63.562184, 44.606123], [-63.561414, 44.605433], [-63.561332, 44.605456]]]}, "properties": {"OBJECTID": 152, "GSA_KEY": 156, "FCODE": "GSAPOLY", "GSA_NAME": "FERGUSONS COVE", "MUN_CODE": "HRM", "GSA_REM": " ", "SOURCE": "CR", "DATE_ACT": 980899200000, "SYS_DATE": null, "GLOBALID": "5421abe9-ba05-4748-8091-a896f0a15be2", "Shape__Area": 7734469.08203125, "Shape__Length": 14701.129730197741}}, {"type": "Feature", "id": 153, "geometry": {"type": "Polygon", "coordinates": [[[-63.889778, 44.608402], [-63.875371, 44.600328], [-63.876268, 44.598775], [-63.875436, 44.598932], [-63.874913, 44.598943], [-63.874389, 44.598875], [-63.873379, 44.598975], [-63.872731, 44.599104], [-63.872551, 44.599278], [-63.872337, 44.599705], [-63.872176, 44.599867], [-63.871849, 44.600063], [-63.870574, 44.600346], [-63.869603, 44.600425], [-63.868515, 44.600354], [-63.867791, 44.60019], [-63.866499, 44.599756], [-63.865634, 44.59966], [-63.86494, 44.599745], [-63.86346, 44.600095], [-63.862264, 44.600273], [-63.860792, 44.600285], [-63.860574, 44.600237], [-63.860031, 44.600003], [-63.859545, 44.599969], [-63.858281, 44.600501], [-63.857752, 44.600446], [-63.857022, 44.600255], [-63.855098, 44.59998], [-63.854838, 44.599963], [-63.854385, 44.600023], [-63.853373, 44.599787], [-63.852831, 44.599809], [-63.851734, 44.599981], [-63.849443, 44.600241], [-63.848059, 44.600491], [-63.84735, 44.600699], [-63.84657, 44.601032], [-63.845893, 44.601163], [-63.84412, 44.601317], [-63.842702, 44.601326], [-63.842035, 44.601397], [-63.840842, 44.601618], [-63.840192, 44.601653], [-63.839884, 44.601753], [-63.839535, 44.601962], [-63.839258, 44.602032], [-63.83861, 44.602078], [-63.837439, 44.602056], [-63.834941, 44.602246], [-63.831282, 44.602217], [-63.830579, 44.602515], [-63.830327, 44.602518], [-63.829762, 44.602415], [-63.829261, 44.602705], [-63.828711, 44.602832], [-63.827994, 44.602779], [-63.827422, 44.602667], [-63.826285, 44.602368], [-63.825238, 44.601988], [-63.824615, 44.601881], [-63.824199, 44.601892], [-63.822287, 44.602187], [-63.819874, 44.602298], [-63.819389, 44.602255], [-63.818818, 44.602058], [-63.818082, 44.602049], [-63.817504, 44.601924], [-63.81683, 44.60192], [-63.815669, 44.602071], [-63.814808, 44.601899], [-63.814494, 44.601776], [-63.813539, 44.601064], [-63.81257, 44.600464], [-63.812283, 44.600196], [-63.811721, 44.599298], [-63.81093, 44.59851], [-63.81085, 44.598333], [-63.810871, 44.598163], [-63.811019, 44.597966], [-63.811266, 44.597796], [-63.811281, 44.59763], [-63.81081, 44.596983], [-63.810497, 44.596815], [-63.810385, 44.596693], [-63.810274, 44.596454], [-63.810007, 44.596137], [-63.809652, 44.595834], [-63.809027, 44.595407], [-63.808793, 44.594973], [-63.808791, 44.594627], [-63.808997, 44.593664], [-63.809005, 44.593008], [-63.808971, 44.592675], [-63.808725, 44.591666], [-63.808633, 44.590954], [-63.808566, 44.590751], [-63.808305, 44.59047], [-63.806978, 44.589742], [-63.806126, 44.589427], [-63.805163, 44.589313], [-63.804099, 44.58932], [-63.803708, 44.589372], [-63.803158, 44.589557], [-63.80175, 44.590426], [-63.801396, 44.590509], [-63.801207, 44.590508], [-63.800881, 44.590416], [-63.800695, 44.590114], [-63.800629, 44.589339], [-63.800467, 44.589199], [-63.800241, 44.589152], [-63.798274, 44.589311], [-63.797394, 44.589175], [-63.794876, 44.589128], [-63.793593, 44.589008], [-63.79257, 44.589191], [-63.788588, 44.589341], [-63.786093, 44.58951], [-63.785376, 44.589443], [-63.784278, 44.589058], [-63.784065, 44.589025], [-63.783806, 44.589055], [-63.783167, 44.589298], [-63.782915, 44.589337], [-63.781682, 44.58919], [-63.778854, 44.589244], [-63.778053, 44.589325], [-63.776987, 44.589525], [-63.776603, 44.5895], [-63.775755, 44.589297], [-63.77459, 44.58928], [-63.772855, 44.589616], [-63.772518, 44.589794], [-63.772314, 44.590004], [-63.772073, 44.590668], [-63.771978, 44.591262], [-63.772019, 44.591973], [-63.77218, 44.592657], [-63.772008, 44.592823], [-63.771799, 44.592921], [-63.771333, 44.592945], [-63.770059, 44.592604], [-63.769794, 44.592616], [-63.769124, 44.592818], [-63.768759, 44.592784], [-63.768509, 44.592666], [-63.767655, 44.591954], [-63.767299, 44.591754], [-63.766879, 44.591602], [-63.766175, 44.59149], [-63.766866, 44.590749], [-63.767488, 44.590262], [-63.76809, 44.589989], [-63.76931, 44.589582], [-63.769601, 44.588779], [-63.769811, 44.587497], [-63.769699, 44.586628], [-63.769298, 44.586261], [-63.768772, 44.584748], [-63.768519, 44.583828], [-63.768647, 44.583439], [-63.768899, 44.58305], [-63.769749, 44.582641], [-63.770533, 44.581853], [-63.770663, 44.581263], [-63.770715, 44.579942], [-63.771352, 44.578298], [-63.772482, 44.57662], [-63.772595, 44.576551], [-63.772667, 44.575578], [-63.772629, 44.57456], [-63.77256, 44.574056], [-63.771985, 44.571649], [-63.772179, 44.571309], [-63.772826, 44.570908], [-63.77322, 44.570595], [-63.773592, 44.57004], [-63.773801, 44.569402], [-63.773885, 44.568754], [-63.774613, 44.568921], [-63.775367, 44.569016], [-63.776135, 44.569039], [-63.776903, 44.56899], [-63.778014, 44.568772], [-63.778474, 44.568207], [-63.778636, 44.5673], [-63.778767, 44.565923], [-63.778936, 44.565447], [-63.778968, 44.564953], [-63.778848, 44.564466], [-63.778688, 44.564159], [-63.778353, 44.563734], [-63.778127, 44.563651], [-63.777829, 44.563379], [-63.777758, 44.563037], [-63.777822, 44.562866], [-63.778141, 44.56258], [-63.778181, 44.56241], [-63.778703, 44.5619], [-63.779525, 44.561572], [-63.779868, 44.56134], [-63.779907, 44.561224], [-63.779481, 44.561113], [-63.779398, 44.560671], [-63.77938, 44.560077], [-63.779485, 44.559763], [-63.77965, 44.559665], [-63.780217, 44.559587], [-63.781439, 44.559532], [-63.782398, 44.559331], [-63.78274, 44.559108], [-63.784032, 44.559098], [-63.788196, 44.560615], [-63.789376, 44.561264], [-63.789465, 44.561326], [-63.789505, 44.561479], [-63.789632, 44.561595], [-63.790024, 44.561701], [-63.790177, 44.561817], [-63.79028, 44.561996], [-63.790244, 44.562167], [-63.790674, 44.562281], [-63.790859, 44.56291], [-63.791013, 44.563134], [-63.791017, 44.563422], [-63.791259, 44.563628], [-63.791838, 44.563642], [-63.79232, 44.563836], [-63.793064, 44.563984], [-63.795748, 44.564711], [-63.796047, 44.564688], [-63.796647, 44.564516], [-63.797006, 44.563877], [-63.797851, 44.563832], [-63.799597, 44.563453], [-63.799943, 44.563895], [-63.800223, 44.56406], [-63.800601, 44.564502], [-63.800629, 44.564661], [-63.800518, 44.564833], [-63.800508, 44.564968], [-63.801315, 44.56562], [-63.802141, 44.566959], [-63.802174, 44.567246], [-63.802278, 44.567341], [-63.80243, 44.567403], [-63.802972, 44.567444], [-63.803547, 44.567598], [-63.804372, 44.567624], [-63.804431, 44.567687], [-63.805636, 44.567808], [-63.806484, 44.568868], [-63.806844, 44.569661], [-63.806828, 44.57098], [-63.806695, 44.571858], [-63.807668, 44.572743], [-63.81678, 44.577417], [-63.817216, 44.577426], [-63.817404, 44.577353], [-63.817708, 44.577325], [-63.820995, 44.576361], [-63.823681, 44.574516], [-63.826724, 44.573164], [-63.829031, 44.566531], [-63.829109, 44.565644], [-63.830827, 44.563459], [-63.83055, 44.562101], [-63.831454, 44.561945], [-63.831862, 44.561658], [-63.831723, 44.56127], [-63.831508, 44.561181], [-63.831444, 44.561101], [-63.831429, 44.560975], [-63.831629, 44.560865], [-63.831763, 44.560513], [-63.832247, 44.560041], [-63.832257, 44.559879], [-63.832064, 44.559575], [-63.83181, 44.559405], [-63.831781, 44.559172], [-63.831856, 44.559081], [-63.831808, 44.558406], [-63.831307, 44.557717], [-63.831278, 44.557411], [-63.831106, 44.556854], [-63.830861, 44.556414], [-63.830746, 44.556307], [-63.830731, 44.556136], [-63.830754, 44.556019], [-63.831062, 44.555495], [-63.831136, 44.555091], [-63.831055, 44.555018], [-63.831495, 44.554167], [-63.833063, 44.553259], [-63.835703, 44.553323], [-63.838814, 44.553534], [-63.843057, 44.553962], [-63.843659, 44.555109], [-63.843646, 44.556252], [-63.844013, 44.556429], [-63.845354, 44.557492], [-63.845709, 44.558725], [-63.847186, 44.558558], [-63.847687, 44.557769], [-63.849184, 44.555844], [-63.849068, 44.555228], [-63.84969, 44.554616], [-63.84935, 44.554059], [-63.858134, 44.55209], [-63.866791, 44.557001], [-63.867809, 44.556797], [-63.865791, 44.553592], [-63.871823, 44.552438], [-63.866671, 44.548825], [-63.867369, 44.546435], [-63.867787, 44.546975], [-63.867987, 44.5474], [-63.867994, 44.547673], [-63.86841, 44.547889], [-63.868423, 44.547844], [-63.86875, 44.547828], [-63.869454, 44.547966], [-63.869708, 44.547698], [-63.870718, 44.547443], [-63.871409, 44.547518], [-63.871534, 44.547636], [-63.871559, 44.547735], [-63.871903, 44.547918], [-63.87246, 44.547962], [-63.877837, 44.547825], [-63.880515, 44.547853], [-63.881219, 44.547802], [-63.882513, 44.547358], [-63.883171, 44.546751], [-63.886729, 44.545799], [-63.89916, 44.557779], [-63.902759, 44.561388], [-63.905663, 44.560073], [-63.91702, 44.57189], [-63.917356, 44.572362], [-63.919998, 44.573268], [-63.920604, 44.576215], [-63.922024, 44.57995], [-63.923258, 44.580426], [-63.929909, 44.581478], [-63.944637, 44.582507], [-63.945973, 44.583293], [-63.945505, 44.583291], [-63.942539, 44.584747], [-63.936454, 44.589449], [-63.934687, 44.591806], [-63.926766, 44.59207], [-63.923821, 44.592399], [-63.919803, 44.593773], [-63.918898, 44.593653], [-63.918551, 44.593655], [-63.917698, 44.593966], [-63.917389, 44.59418], [-63.917055, 44.594514], [-63.91676, 44.59494], [-63.916614, 44.59506], [-63.916544, 44.595287], [-63.916442, 44.595438], [-63.916228, 44.595593], [-63.915904, 44.596123], [-63.91574, 44.596298], [-63.914898, 44.596577], [-63.914643, 44.596912], [-63.914373, 44.597142], [-63.913941, 44.597216], [-63.912807, 44.597134], [-63.911497, 44.596668], [-63.911138, 44.596726], [-63.911024, 44.596941], [-63.910929, 44.597016], [-63.910721, 44.597063], [-63.910541, 44.597236], [-63.910415, 44.597668], [-63.910258, 44.597956], [-63.909771, 44.598165], [-63.90946, 44.598453], [-63.909223, 44.598591], [-63.909153, 44.598798], [-63.909209, 44.598981], [-63.909143, 44.599274], [-63.908981, 44.599471], [-63.908739, 44.599576], [-63.908692, 44.599688], [-63.908326, 44.59982], [-63.907845, 44.599758], [-63.90693, 44.600058], [-63.90622, 44.600449], [-63.905367, 44.600799], [-63.905251, 44.600911], [-63.905161, 44.601148], [-63.904893, 44.601284], [-63.904309, 44.601321], [-63.904006, 44.601466], [-63.903326, 44.601667], [-63.902437, 44.601727], [-63.902123, 44.60182], [-63.901247, 44.603014], [-63.901057, 44.603137], [-63.900973, 44.603301], [-63.900707, 44.603575], [-63.900492, 44.604397], [-63.899479, 44.605303], [-63.899246, 44.605631], [-63.898964, 44.605818], [-63.898398, 44.606438], [-63.898275, 44.607236], [-63.898002, 44.608152], [-63.895811, 44.608352], [-63.893471, 44.608669], [-63.891431, 44.609328], [-63.889778, 44.608402]]]}, "properties": {"OBJECTID": 153, "GSA_KEY": 157, "FCODE": "GSAPOLY", "GSA_NAME": "GLEN MARGARET", "MUN_CODE": "HRM", "GSA_REM": " ", "SOURCE": "CR", "DATE_ACT": 980899200000, "SYS_DATE": 1329782400000, "GLOBALID": "ad3c898e-1ade-49c3-8920-8fccf94e626d", "Shape__Area": 102875901.6640625, "Shape__Length": 62387.61719566921}}, {"type": "Feature", "id": 154, "geometry": {"type": "Polygon", "coordinates": [[[-63.61209, 44.587407], [-63.601343, 44.581177], [-63.613085, 44.570684], [-63.608333, 44.568142], [-63.608119, 44.568131], [-63.607438, 44.567611], [-63.606796, 44.564407], [-63.607745, 44.562629], [-63.608183, 44.56163], [-63.607671, 44.560565], [-63.607651, 44.559967], [-63.606528, 44.558053], [-63.605998, 44.557548], [-63.605385, 44.557454], [-63.604965, 44.557265], [-63.604836, 44.556903], [-63.604426, 44.555177], [-63.604139, 44.554293], [-63.604065, 44.55423], [-63.603968, 44.553986], [-63.603844, 44.553867], [-63.603794, 44.55351], [-63.604132, 44.553355], [-63.606973, 44.553442], [-63.608054, 44.553381], [-63.608693, 44.553403], [-63.609774, 44.553621], [-63.610571, 44.553313], [-63.610994, 44.552979], [-63.61131, 44.552883], [-63.611654, 44.552615], [-63.612, 44.552231], [-63.61273, 44.552192], [-63.61278, 44.552052], [-63.612735, 44.551877], [-63.612838, 44.551715], [-63.612916, 44.550753], [-63.612982, 44.550527], [-63.612951, 44.550294], [-63.612669, 44.550147], [-63.612537, 44.549977], [-63.611898, 44.549876], [-63.6099, 44.548963], [-63.60958, 44.548894], [-63.609035, 44.548563], [-63.608585, 44.548432], [-63.606906, 44.548099], [-63.605996, 44.54702], [-63.605824, 44.546681], [-63.605929, 44.546459], [-63.6061, 44.546298], [-63.606396, 44.545824], [-63.607311, 44.545254], [-63.607251, 44.544822], [-63.607455, 44.544643], [-63.607837, 44.544502], [-63.608736, 44.543527], [-63.60967, 44.543046], [-63.618735, 44.544025], [-63.627918, 44.544792], [-63.636049, 44.543182], [-63.636986, 44.54347], [-63.637662, 44.543542], [-63.638251, 44.543431], [-63.639369, 44.54305], [-63.639653, 44.543006], [-63.640027, 44.543074], [-63.640525, 44.543392], [-63.640739, 44.543722], [-63.640779, 44.544274], [-63.641216, 44.544187], [-63.641354, 44.544572], [-63.641652, 44.544947], [-63.642801, 44.544903], [-63.642778, 44.544608], [-63.643774, 44.54423], [-63.645492, 44.542371], [-63.649613, 44.543019], [-63.650157, 44.541036], [-63.650789, 44.540595], [-63.668557, 44.537587], [-63.671499, 44.546372], [-63.672174, 44.56114], [-63.67822, 44.564768], [-63.672281, 44.569799], [-63.674073, 44.570906], [-63.672628, 44.572174], [-63.671747, 44.572877], [-63.667495, 44.576814], [-63.659351, 44.572227], [-63.661856, 44.570081], [-63.655006, 44.566205], [-63.650895, 44.569744], [-63.651629, 44.572058], [-63.645253, 44.573279], [-63.645306, 44.577849], [-63.64528, 44.581072], [-63.645902, 44.585881], [-63.647311, 44.586596], [-63.648198, 44.585861], [-63.649815, 44.586836], [-63.651774, 44.589774], [-63.64908, 44.592049], [-63.648547, 44.591728], [-63.648655, 44.591533], [-63.648975, 44.591205], [-63.648895, 44.590934], [-63.648119, 44.590778], [-63.647657, 44.590775], [-63.647237, 44.590711], [-63.646339, 44.590329], [-63.64582, 44.58992], [-63.645448, 44.589452], [-63.64539, 44.589106], [-63.645541, 44.588836], [-63.644155, 44.588751], [-63.643863, 44.588614], [-63.643524, 44.588806], [-63.643274, 44.588654], [-63.642876, 44.588561], [-63.641741, 44.588553], [-63.641364, 44.588505], [-63.641238, 44.588459], [-63.641177, 44.588353], [-63.64122, 44.588233], [-63.641454, 44.5881], [-63.641645, 44.587921], [-63.641626, 44.587831], [-63.641439, 44.587679], [-63.640786, 44.587764], [-63.640513, 44.587747], [-63.639969, 44.587593], [-63.63894, 44.58751], [-63.638585, 44.587387], [-63.638399, 44.587146], [-63.638016, 44.587488], [-63.637841, 44.587907], [-63.637753, 44.588192], [-63.637808, 44.588778], [-63.637567, 44.588794], [-63.634886, 44.587156], [-63.625205, 44.595353], [-63.614191, 44.588626], [-63.61209, 44.587407]]]}, "properties": {"OBJECTID": 154, "GSA_KEY": 158, "FCODE": "GSAPOLY", "GSA_NAME": "HARRIETSFIELD", "MUN_CODE": "HRM", "GSA_REM": " ", "SOURCE": "DM", "DATE_ACT": 980899200000, "SYS_DATE": 1452470400000, "GLOBALID": "e749d136-d285-45af-80f7-5bba0b73280f", "Shape__Area": 45867076.2109375, "Shape__Length": 38528.98300941386}}, {"type": "Feature", "id": 155, "geometry": {"type": "Polygon", "coordinates": [[[-63.697269, 44.59279], [-63.699809, 44.589709], [-63.696351, 44.587484], [-63.692149, 44.590467], [-63.692003, 44.586494], [-63.692388, 44.585158], [-63.691849, 44.583905], [-63.690358, 44.583241], [-63.689835, 44.583418], [-63.688231, 44.584457], [-63.678559, 44.577531], [-63.683088, 44.574259], [-63.675987, 44.569241], [-63.674073, 44.570906], [-63.672281, 44.569799], [-63.67822, 44.564768], [-63.672174, 44.56114], [-63.671499, 44.546372], [-63.668557, 44.537587], [-63.664976, 44.538185], [-63.662691, 44.531291], [-63.650265, 44.533409], [-63.647248, 44.531756], [-63.647698, 44.528525], [-63.64801, 44.525101], [-63.648666, 44.525092], [-63.649532, 44.525181], [-63.649877, 44.525349], [-63.650253, 44.525959], [-63.650597, 44.52621], [-63.65074, 44.526259], [-63.651078, 44.526276], [-63.65132, 44.526202], [-63.65288, 44.526261], [-63.65318, 44.526181], [-63.653395, 44.526038], [-63.653486, 44.525721], [-63.653441, 44.525521], [-63.653019, 44.525331], [-63.652954, 44.525193], [-63.652993, 44.525131], [-63.6532, 44.525024], [-63.653753, 44.524949], [-63.65428, 44.524811], [-63.654753, 44.524394], [-63.655236, 44.523698], [-63.655535, 44.523435], [-63.655661, 44.523389], [-63.655862, 44.523415], [-63.656007, 44.523354], [-63.656107, 44.52312], [-63.656191, 44.52261], [-63.656488, 44.522075], [-63.657174, 44.52128], [-63.657521, 44.520648], [-63.657689, 44.519649], [-63.657668, 44.519055], [-63.6579, 44.518394], [-63.658824, 44.517911], [-63.659791, 44.5176], [-63.660017, 44.517337], [-63.660096, 44.516986], [-63.660026, 44.516701], [-63.659695, 44.51591], [-63.659234, 44.515151], [-63.658938, 44.513851], [-63.658615, 44.51312], [-63.658157, 44.512785], [-63.658095, 44.512573], [-63.657762, 44.512187], [-63.65771, 44.51198], [-63.657239, 44.511506], [-63.656776, 44.510653], [-63.656597, 44.510411], [-63.656126, 44.510006], [-63.656014, 44.509628], [-63.656271, 44.509224], [-63.656531, 44.5091], [-63.657058, 44.509068], [-63.657181, 44.508799], [-63.657346, 44.508714], [-63.657394, 44.508498], [-63.657337, 44.508474], [-63.657282, 44.50804], [-63.658533, 44.507449], [-63.660181, 44.507358], [-63.661969, 44.507557], [-63.665162, 44.508511], [-63.66712, 44.509022], [-63.66984, 44.510778], [-63.671172, 44.511832], [-63.670611, 44.512099], [-63.676254, 44.518511], [-63.678332, 44.517579], [-63.684143, 44.52476], [-63.690215, 44.522015], [-63.688124, 44.519565], [-63.689557, 44.518156], [-63.691016, 44.516303], [-63.692417, 44.515202], [-63.693731, 44.515143], [-63.69578, 44.515568], [-63.698716, 44.515674], [-63.702109, 44.515595], [-63.704472, 44.516394], [-63.70772, 44.5203], [-63.711047, 44.518915], [-63.712297, 44.518348], [-63.711085, 44.516879], [-63.711876, 44.516621], [-63.712002, 44.516533], [-63.712448, 44.516104], [-63.712898, 44.515414], [-63.71337, 44.514904], [-63.713917, 44.514431], [-63.716002, 44.513008], [-63.723957, 44.521021], [-63.724248, 44.520766], [-63.725299, 44.521938], [-63.727747, 44.525541], [-63.728818, 44.52732], [-63.72908, 44.528772], [-63.72969, 44.533114], [-63.729045, 44.533433], [-63.726781, 44.533826], [-63.726904, 44.53465], [-63.725102, 44.535152], [-63.722142, 44.536768], [-63.721297, 44.537176], [-63.719062, 44.534344], [-63.717035, 44.535103], [-63.710426, 44.526812], [-63.709408, 44.525594], [-63.707101, 44.526546], [-63.703837, 44.521977], [-63.698011, 44.522862], [-63.69993, 44.527903], [-63.6942, 44.527217], [-63.693368, 44.527659], [-63.697904, 44.533097], [-63.689249, 44.536747], [-63.692513, 44.540707], [-63.701335, 44.536969], [-63.702477, 44.538392], [-63.703562, 44.537944], [-63.705338, 44.54018], [-63.70242, 44.541417], [-63.7046, 44.54411], [-63.703166, 44.544749], [-63.707355, 44.549949], [-63.707314, 44.55027], [-63.705939, 44.550857], [-63.710823, 44.556946], [-63.712835, 44.559394], [-63.714316, 44.561108], [-63.714478, 44.561184], [-63.714563, 44.561391], [-63.715159, 44.562189], [-63.715452, 44.562489], [-63.716012, 44.564702], [-63.721582, 44.564827], [-63.721857, 44.560919], [-63.726149, 44.560803], [-63.726635, 44.561324], [-63.726772, 44.561336], [-63.728406, 44.56127], [-63.729354, 44.56088], [-63.729645, 44.561221], [-63.729964, 44.56121], [-63.730535, 44.561328], [-63.730696, 44.560997], [-63.730892, 44.561048], [-63.730843, 44.560777], [-63.730601, 44.560353], [-63.73092, 44.560217], [-63.73077, 44.559905], [-63.730962, 44.559877], [-63.731006, 44.559715], [-63.730948, 44.559726], [-63.730895, 44.559524], [-63.73105, 44.558922], [-63.730627, 44.558381], [-63.731044, 44.558419], [-63.731024, 44.557596], [-63.731767, 44.557632], [-63.731025, 44.557569], [-63.73103, 44.557364], [-63.73048, 44.557488], [-63.730323, 44.556607], [-63.731166, 44.556562], [-63.731977, 44.554536], [-63.732649, 44.554582], [-63.732653, 44.554387], [-63.732365, 44.554014], [-63.732235, 44.553987], [-63.730862, 44.552409], [-63.731096, 44.55246], [-63.729408, 44.550333], [-63.732177, 44.545748], [-63.735394, 44.546427], [-63.735078, 44.546925], [-63.736276, 44.547196], [-63.736244, 44.547283], [-63.735452, 44.547106], [-63.735011, 44.547838], [-63.73593, 44.548038], [-63.735874, 44.548149], [-63.734939, 44.547927], [-63.733991, 44.549526], [-63.734891, 44.549763], [-63.735555, 44.549417], [-63.738083, 44.549911], [-63.739363, 44.550458], [-63.741201, 44.545604], [-63.744818, 44.547159], [-63.744981, 44.546942], [-63.745183, 44.546853], [-63.745416, 44.54657], [-63.74561, 44.546494], [-63.746031, 44.546499], [-63.746316, 44.546643], [-63.7554, 44.544584], [-63.756945, 44.544815], [-63.755494, 44.550039], [-63.762793, 44.551117], [-63.761131, 44.55665], [-63.774566, 44.558797], [-63.770792, 44.562198], [-63.763352, 44.573607], [-63.772595, 44.576551], [-63.772482, 44.57662], [-63.771352, 44.578298], [-63.770715, 44.579942], [-63.770663, 44.581263], [-63.770533, 44.581853], [-63.769749, 44.582641], [-63.768899, 44.58305], [-63.768647, 44.583439], [-63.768519, 44.583828], [-63.768772, 44.584748], [-63.769298, 44.586261], [-63.769699, 44.586628], [-63.769811, 44.587497], [-63.769601, 44.588779], [-63.76931, 44.589582], [-63.76809, 44.589989], [-63.767488, 44.590262], [-63.766866, 44.590749], [-63.766242, 44.591417], [-63.766101, 44.591402], [-63.766201, 44.591324], [-63.765504, 44.591238], [-63.761288, 44.591004], [-63.760162, 44.590838], [-63.759585, 44.59065], [-63.759, 44.590359], [-63.756901, 44.589973], [-63.756416, 44.589804], [-63.755575, 44.589411], [-63.75499, 44.58923], [-63.752758, 44.588748], [-63.750254, 44.588083], [-63.749578, 44.587994], [-63.746856, 44.588034], [-63.743584, 44.588588], [-63.742644, 44.588464], [-63.741845, 44.588496], [-63.741292, 44.588612], [-63.739813, 44.589081], [-63.738627, 44.589285], [-63.737671, 44.58962], [-63.737085, 44.589715], [-63.736412, 44.589634], [-63.735297, 44.589145], [-63.734814, 44.589057], [-63.733539, 44.58926], [-63.732244, 44.589098], [-63.731368, 44.589124], [-63.729985, 44.589465], [-63.729745, 44.589473], [-63.729563, 44.589426], [-63.729376, 44.58929], [-63.729013, 44.589139], [-63.728267, 44.588882], [-63.726748, 44.588498], [-63.725764, 44.588132], [-63.725192, 44.588056], [-63.724095, 44.588201], [-63.723591, 44.58818], [-63.722714, 44.588327], [-63.722291, 44.588432], [-63.721264, 44.588916], [-63.720954, 44.58899], [-63.720627, 44.588997], [-63.719797, 44.588869], [-63.719179, 44.588924], [-63.717857, 44.588942], [-63.717308, 44.589033], [-63.716265, 44.589336], [-63.715678, 44.589227], [-63.715065, 44.588942], [-63.71474, 44.588945], [-63.713014, 44.58989], [-63.712715, 44.590006], [-63.711988, 44.590041], [-63.711139, 44.590174], [-63.710128, 44.590495], [-63.70968, 44.59059], [-63.708026, 44.590675], [-63.707595, 44.590768], [-63.70685, 44.591191], [-63.70613, 44.591485], [-63.705088, 44.592174], [-63.704718, 44.592357], [-63.703577, 44.592536], [-63.703178, 44.592653], [-63.702151, 44.593086], [-63.699939, 44.594164], [-63.69833, 44.594857], [-63.696951, 44.593984], [-63.696713, 44.593722], [-63.696871, 44.593287], [-63.697269, 44.59279]]]}, "properties": {"OBJECTID": 155, "GSA_KEY": 159, "FCODE": "GSAPOLY", "GSA_NAME": "HATCHET LAKE", "MUN_CODE": "HRM", "GSA_REM": null, "SOURCE": "DM", "DATE_ACT": 980899200000, "SYS_DATE": 1590019200000, "GLOBALID": "d8945ffb-ac41-4a7f-b82d-a9ea2341eab2", "Shape__Area": 87495525.2734375, "Shape__Length": 81304.90130334711}}, {"type": "Feature", "id": 156, "geometry": {"type": "Polygon", "coordinates": [[[-63.555869, 44.595234], [-63.555405, 44.594481], [-63.555307, 44.594515], [-63.553996, 44.59238], [-63.552851, 44.590958], [-63.552643, 44.590571], [-63.552487, 44.589967], [-63.551793, 44.59015], [-63.551789, 44.589979], [-63.547046, 44.59106], [-63.53993, 44.592763], [-63.509577, 44.550895], [-63.562742, 44.552993], [-63.563417, 44.551617], [-63.580129, 44.552904], [-63.603822, 44.553497], [-63.603844, 44.553867], [-63.603968, 44.553986], [-63.604065, 44.55423], [-63.604139, 44.554293], [-63.604426, 44.555177], [-63.604836, 44.556903], [-63.604965, 44.557265], [-63.605385, 44.557454], [-63.605998, 44.557548], [-63.606528, 44.558053], [-63.607651, 44.559967], [-63.607671, 44.560565], [-63.608183, 44.56163], [-63.607745, 44.562629], [-63.606796, 44.564407], [-63.607438, 44.567611], [-63.608119, 44.568131], [-63.608333, 44.568142], [-63.613085, 44.570684], [-63.599787, 44.5826], [-63.592435, 44.581778], [-63.589674, 44.584233], [-63.581484, 44.591726], [-63.581318, 44.591468], [-63.580815, 44.591038], [-63.580229, 44.590394], [-63.580081, 44.590286], [-63.579671, 44.590309], [-63.57951, 44.590273], [-63.579364, 44.590085], [-63.579166, 44.590012], [-63.578904, 44.590063], [-63.578641, 44.590212], [-63.578316, 44.590316], [-63.578169, 44.590276], [-63.578073, 44.590329], [-63.577393, 44.590961], [-63.571776, 44.587893], [-63.571026, 44.588589], [-63.570135, 44.588106], [-63.56721, 44.590656], [-63.562685, 44.588073], [-63.55627, 44.593912], [-63.55706, 44.594358], [-63.556149, 44.595188], [-63.556066, 44.595415], [-63.555774, 44.595266], [-63.555869, 44.595234]]]}, "properties": {"OBJECTID": 156, "GSA_KEY": 160, "FCODE": "GSAPOLY", "GSA_NAME": "HERRING COVE", "MUN_CODE": "HRM", "GSA_REM": " ", "SOURCE": "CR", "DATE_ACT": 980899200000, "SYS_DATE": 1379548800000, "GLOBALID": "a323445f-e793-44a7-bbce-0fa0039deef0", "Shape__Area": 52019375.1875, "Shape__Length": 33221.08809067032}}, {"type": "Feature", "id": 157, "geometry": {"type": "Polygon", "coordinates": [[[-63.467836, 44.577244], [-63.468285, 44.587216], [-63.451569, 44.58721], [-63.451751, 44.577097], [-63.467836, 44.577244]]]}, "properties": {"OBJECTID": 157, "GSA_KEY": 161, "FCODE": "GSAPOLY", "GSA_NAME": "DEVILS ISLAND", "MUN_CODE": "HRM", "GSA_REM": " ", "SOURCE": "CA", "DATE_ACT": 980899200000, "SYS_DATE": null, "GLOBALID": "80e2f973-166c-4c2f-9799-1b563fd1e4e7", "Shape__Area": 2865380.07421875, "Shape__Length": 6791.603127410567}}, {"type": "Feature", "id": 158, "geometry": {"type": "Polygon", "coordinates": [[[-63.90952, 44.564071], [-63.905663, 44.560073], [-63.902759, 44.561388], [-63.89916, 44.557779], [-63.886729, 44.545799], [-63.883171, 44.546751], [-63.882513, 44.547358], [-63.881219, 44.547802], [-63.880515, 44.547853], [-63.877837, 44.547825], [-63.87246, 44.547962], [-63.871903, 44.547918], [-63.871559, 44.547735], [-63.871534, 44.547636], [-63.871409, 44.547518], [-63.870718, 44.547443], [-63.869708, 44.547698], [-63.869454, 44.547966], [-63.86875, 44.547828], [-63.868423, 44.547844], [-63.86841, 44.547889], [-63.868117, 44.547768], [-63.867994, 44.547673], [-63.867987, 44.5474], [-63.867787, 44.546975], [-63.867331, 44.546382], [-63.867297, 44.546134], [-63.867198, 44.545893], [-63.866885, 44.545702], [-63.866001, 44.544896], [-63.865282, 44.543797], [-63.864391, 44.543207], [-63.864137, 44.542837], [-63.863588, 44.542264], [-63.863048, 44.54221], [-63.861553, 44.540994], [-63.865844, 44.53965], [-63.867219, 44.542777], [-63.875812, 44.540638], [-63.874505, 44.53803], [-63.886726, 44.540265], [-63.886732, 44.540229], [-63.89235, 44.538946], [-63.892958, 44.540941], [-63.897253, 44.538593], [-63.898774, 44.539642], [-63.899249, 44.539839], [-63.899788, 44.539647], [-63.899853, 44.539388], [-63.89961, 44.539059], [-63.904521, 44.537678], [-63.904954, 44.538518], [-63.908096, 44.537598], [-63.911136, 44.54061], [-63.913761, 44.542862], [-63.914417, 44.54336], [-63.917543, 44.546708], [-63.924291, 44.54326], [-63.925117, 44.544084], [-63.929416, 44.541879], [-63.930791, 44.543227], [-63.936815, 44.540171], [-63.939117, 44.540457], [-63.959886, 44.540579], [-63.987259, 44.540063], [-63.994009, 44.560326], [-63.998894, 44.581338], [-63.945973, 44.583293], [-63.944637, 44.582507], [-63.929909, 44.581478], [-63.923258, 44.580426], [-63.922024, 44.57995], [-63.920604, 44.576215], [-63.919998, 44.573268], [-63.917356, 44.572362], [-63.91702, 44.57189], [-63.90952, 44.564071]]]}, "properties": {"OBJECTID": 158, "GSA_KEY": 162, "FCODE": "GSAPOLY", "GSA_NAME": "HACKETTS COVE", "MUN_CODE": "HRM", "GSA_REM": " ", "SOURCE": "CR", "DATE_ACT": 980899200000, "SYS_DATE": 1736778261000, "GLOBALID": "1f0853c7-ee88-4a12-97b0-854f10ceb620", "Shape__Area": 66700004.2265625, "Shape__Length": 43119.826592762816}}, {"type": "Feature", "id": 159, "geometry": {"type": "Polygon", "coordinates": [[[-63.763352, 44.573607], [-63.770792, 44.562198], [-63.774738, 44.55865], [-63.777384, 44.55138], [-63.780511, 44.540646], [-63.781406, 44.538147], [-63.782655, 44.531065], [-63.78301, 44.529781], [-63.778552, 44.528902], [-63.773571, 44.528603], [-63.772416, 44.532846], [-63.770371, 44.532896], [-63.770136, 44.533767], [-63.765541, 44.53381], [-63.766273, 44.531603], [-63.769391, 44.531524], [-63.771019, 44.526634], [-63.771071, 44.526642], [-63.77154, 44.525073], [-63.770625, 44.525007], [-63.771999, 44.524605], [-63.772275, 44.524419], [-63.772356, 44.524469], [-63.772418, 44.524444], [-63.773486, 44.523921], [-63.772543, 44.523681], [-63.772934, 44.523115], [-63.772804, 44.523089], [-63.773137, 44.522578], [-63.773492, 44.522653], [-63.773598, 44.522504], [-63.772832, 44.522228], [-63.772756, 44.52199], [-63.77537, 44.52287], [-63.774194, 44.52222], [-63.774291, 44.522154], [-63.772642, 44.521087], [-63.772632, 44.52067], [-63.772552, 44.520624], [-63.772758, 44.520457], [-63.772582, 44.520346], [-63.772842, 44.520153], [-63.775546, 44.521944], [-63.776203, 44.521455], [-63.776758, 44.521813], [-63.776869, 44.521699], [-63.774171, 44.51993], [-63.775477, 44.518809], [-63.778212, 44.520609], [-63.778241, 44.520554], [-63.778437, 44.520694], [-63.778605, 44.520389], [-63.779146, 44.519986], [-63.77977, 44.51966], [-63.781296, 44.5181], [-63.781768, 44.519788], [-63.782309, 44.519902], [-63.78254, 44.520025], [-63.782742, 44.519956], [-63.782941, 44.519021], [-63.784205, 44.519154], [-63.784629, 44.519731], [-63.784401, 44.520826], [-63.785195, 44.520963], [-63.785169, 44.520455], [-63.785527, 44.520498], [-63.785921, 44.521067], [-63.786341, 44.519601], [-63.786552, 44.519624], [-63.787061, 44.517711], [-63.794082, 44.518531], [-63.798174, 44.518477], [-63.793409, 44.521783], [-63.790621, 44.527345], [-63.789633, 44.529026], [-63.78949, 44.530798], [-63.789587, 44.532832], [-63.790654, 44.534107], [-63.790811, 44.53484], [-63.790792, 44.53639], [-63.791047, 44.536868], [-63.791125, 44.537592], [-63.791952, 44.538507], [-63.791915, 44.539168], [-63.791332, 44.539536], [-63.791006, 44.540175], [-63.791049, 44.541297], [-63.78782, 44.553076], [-63.794232, 44.554102], [-63.802122, 44.555099], [-63.795489, 44.557233], [-63.799316, 44.563514], [-63.797851, 44.563832], [-63.797006, 44.563877], [-63.796647, 44.564516], [-63.796047, 44.564688], [-63.795748, 44.564711], [-63.793064, 44.563984], [-63.79232, 44.563836], [-63.791838, 44.563642], [-63.791259, 44.563628], [-63.791017, 44.563422], [-63.791013, 44.563134], [-63.790859, 44.56291], [-63.790674, 44.562281], [-63.790244, 44.562167], [-63.79028, 44.561996], [-63.790177, 44.561817], [-63.790024, 44.561701], [-63.789632, 44.561595], [-63.789505, 44.561479], [-63.789465, 44.561326], [-63.789376, 44.561264], [-63.788196, 44.560615], [-63.784032, 44.559098], [-63.78274, 44.559108], [-63.782398, 44.559331], [-63.781439, 44.559532], [-63.780217, 44.559587], [-63.77965, 44.559665], [-63.779485, 44.559763], [-63.77938, 44.560077], [-63.779398, 44.560671], [-63.779481, 44.561113], [-63.779907, 44.561224], [-63.779868, 44.56134], [-63.779525, 44.561572], [-63.778703, 44.5619], [-63.778181, 44.56241], [-63.778141, 44.56258], [-63.777822, 44.562866], [-63.777758, 44.563037], [-63.777829, 44.563379], [-63.778127, 44.563651], [-63.778353, 44.563734], [-63.778688, 44.564159], [-63.778848, 44.564466], [-63.778968, 44.564953], [-63.778936, 44.565447], [-63.778767, 44.565923], [-63.778636, 44.5673], [-63.778474, 44.568207], [-63.778014, 44.568772], [-63.776903, 44.56899], [-63.776135, 44.569039], [-63.775367, 44.569016], [-63.774613, 44.568921], [-63.773885, 44.568754], [-63.773801, 44.569402], [-63.773592, 44.57004], [-63.77322, 44.570595], [-63.772826, 44.570908], [-63.772179, 44.571309], [-63.771985, 44.571649], [-63.77256, 44.574056], [-63.772629, 44.57456], [-63.772667, 44.575578], [-63.772595, 44.576551], [-63.763352, 44.573607]]]}, "properties": {"OBJECTID": 159, "GSA_KEY": 163, "FCODE": "GSAPOLY", "GSA_NAME": "SHAD BAY", "MUN_CODE": "HRM", "GSA_REM": " ", "SOURCE": "DM", "DATE_ACT": 980899200000, "SYS_DATE": 1740163891000, "GLOBALID": "47cbebd3-e8cf-4b21-9c4c-e2daa583a004", "Shape__Area": 13350387.16015625, "Shape__Length": 35419.709908801364}}, {"type": "Feature", "id": 160, "geometry": {"type": "Polygon", "coordinates": [[[-63.714316, 44.561108], [-63.712835, 44.559394], [-63.710823, 44.556946], [-63.705939, 44.550857], [-63.707314, 44.55027], [-63.707355, 44.549949], [-63.703166, 44.544749], [-63.7046, 44.54411], [-63.70242, 44.541417], [-63.705338, 44.54018], [-63.703562, 44.537944], [-63.702477, 44.538392], [-63.701335, 44.536969], [-63.692513, 44.540707], [-63.689249, 44.536747], [-63.697904, 44.533097], [-63.693368, 44.527659], [-63.6942, 44.527217], [-63.69993, 44.527903], [-63.698011, 44.522862], [-63.703837, 44.521977], [-63.707101, 44.526546], [-63.709408, 44.525594], [-63.710426, 44.526812], [-63.717035, 44.535103], [-63.719062, 44.534344], [-63.721297, 44.537176], [-63.722142, 44.536768], [-63.725102, 44.535152], [-63.726904, 44.53465], [-63.727794, 44.540326], [-63.730026, 44.540127], [-63.729996, 44.540186], [-63.734892, 44.541259], [-63.729408, 44.550333], [-63.731096, 44.55246], [-63.730862, 44.552409], [-63.732235, 44.553987], [-63.732365, 44.554014], [-63.732653, 44.554387], [-63.732649, 44.554582], [-63.731977, 44.554536], [-63.731166, 44.556562], [-63.730323, 44.556607], [-63.73048, 44.557488], [-63.73103, 44.557364], [-63.731025, 44.557569], [-63.731767, 44.557632], [-63.731024, 44.557596], [-63.731044, 44.558419], [-63.730627, 44.558381], [-63.73105, 44.558922], [-63.730895, 44.559524], [-63.730948, 44.559726], [-63.731006, 44.559715], [-63.730962, 44.559877], [-63.73077, 44.559905], [-63.73092, 44.560217], [-63.730601, 44.560353], [-63.730843, 44.560777], [-63.730892, 44.561048], [-63.730696, 44.560997], [-63.730535, 44.561328], [-63.729964, 44.56121], [-63.729645, 44.561221], [-63.729354, 44.56088], [-63.728406, 44.56127], [-63.726772, 44.561336], [-63.726635, 44.561324], [-63.726149, 44.560803], [-63.721857, 44.560919], [-63.721582, 44.564827], [-63.716012, 44.564702], [-63.715452, 44.562489], [-63.715159, 44.562189], [-63.714563, 44.561391], [-63.714478, 44.561184], [-63.714316, 44.561108]]]}, "properties": {"OBJECTID": 160, "GSA_KEY": 164, "FCODE": "GSAPOLY", "GSA_NAME": "BROOKSIDE", "MUN_CODE": "HRM", "GSA_REM": " ", "SOURCE": "DM", "DATE_ACT": 980899200000, "SYS_DATE": 1561420800000, "GLOBALID": "e92d5b94-e86f-4036-9ac5-067ffd7bae96", "Shape__Area": 15179257.27734375, "Shape__Length": 24006.06790097291}}, {"type": "Feature", "id": 161, "geometry": {"type": "Polygon", "coordinates": [[[-63.81678, 44.577417], [-63.807668, 44.572743], [-63.806695, 44.571858], [-63.806828, 44.57098], [-63.806844, 44.569661], [-63.806484, 44.568868], [-63.805636, 44.567808], [-63.804431, 44.567687], [-63.804372, 44.567624], [-63.803547, 44.567598], [-63.802972, 44.567444], [-63.80243, 44.567403], [-63.802278, 44.567341], [-63.802174, 44.567246], [-63.802141, 44.566959], [-63.801315, 44.56562], [-63.800508, 44.564968], [-63.800518, 44.564833], [-63.800629, 44.564661], [-63.800601, 44.564502], [-63.800223, 44.56406], [-63.799943, 44.563895], [-63.799597, 44.563453], [-63.799316, 44.563514], [-63.795489, 44.557233], [-63.802122, 44.555099], [-63.794232, 44.554102], [-63.78782, 44.553076], [-63.791049, 44.541297], [-63.791006, 44.540175], [-63.791332, 44.539536], [-63.791915, 44.539168], [-63.791952, 44.538507], [-63.791125, 44.537592], [-63.791047, 44.536868], [-63.790792, 44.53639], [-63.790811, 44.53484], [-63.790654, 44.534107], [-63.789587, 44.532832], [-63.78949, 44.530798], [-63.789633, 44.529026], [-63.790621, 44.527345], [-63.793409, 44.521783], [-63.798174, 44.518477], [-63.802487, 44.518393], [-63.803119, 44.518331], [-63.813181, 44.515471], [-63.815442, 44.519567], [-63.814333, 44.519764], [-63.816676, 44.523728], [-63.817759, 44.524898], [-63.819082, 44.527076], [-63.817563, 44.527393], [-63.817954, 44.528845], [-63.81849, 44.528602], [-63.81889, 44.52835], [-63.819885, 44.527405], [-63.820019, 44.527586], [-63.82044, 44.529107], [-63.821176, 44.529736], [-63.822178, 44.531525], [-63.822238, 44.532764], [-63.822137, 44.53343], [-63.819107, 44.539834], [-63.818193, 44.541982], [-63.81447, 44.55018], [-63.822832, 44.552278], [-63.823506, 44.55078], [-63.828788, 44.552052], [-63.828978, 44.558556], [-63.82777, 44.558823], [-63.827771, 44.559899], [-63.82797, 44.563423], [-63.828092, 44.564696], [-63.829441, 44.565221], [-63.829109, 44.565644], [-63.829031, 44.566531], [-63.826724, 44.573164], [-63.823681, 44.574516], [-63.820995, 44.576361], [-63.817708, 44.577325], [-63.817404, 44.577353], [-63.817216, 44.577426], [-63.81678, 44.577417]]]}, "properties": {"OBJECTID": 161, "GSA_KEY": 165, "FCODE": "GSAPOLY", "GSA_NAME": "BAYSIDE", "MUN_CODE": "HRM", "GSA_REM": " ", "SOURCE": "CR", "DATE_ACT": 980899200000, "SYS_DATE": 1556496000000, "GLOBALID": "e3c12422-eb75-4835-b4eb-88a403a263bd", "Shape__Area": 27442747.1640625, "Shape__Length": 27577.16979788625}}, {"type": "Feature", "id": 162, "geometry": {"type": "Polygon", "coordinates": [[[-63.756945, 44.544815], [-63.7554, 44.544584], [-63.746316, 44.546643], [-63.746031, 44.546499], [-63.74561, 44.546494], [-63.745416, 44.54657], [-63.745183, 44.546853], [-63.744981, 44.546942], [-63.744818, 44.547159], [-63.741201, 44.545604], [-63.739363, 44.550458], [-63.738083, 44.549911], [-63.735555, 44.549417], [-63.734891, 44.549763], [-63.733991, 44.549526], [-63.734939, 44.547927], [-63.735874, 44.548149], [-63.73593, 44.548038], [-63.735011, 44.547838], [-63.735452, 44.547106], [-63.736244, 44.547283], [-63.736276, 44.547196], [-63.735078, 44.546925], [-63.735394, 44.546427], [-63.732177, 44.545748], [-63.734892, 44.541259], [-63.729996, 44.540186], [-63.730026, 44.540127], [-63.727794, 44.540326], [-63.726781, 44.533826], [-63.729045, 44.533433], [-63.72969, 44.533114], [-63.72908, 44.528772], [-63.728818, 44.52732], [-63.727747, 44.525541], [-63.725299, 44.521938], [-63.724248, 44.520766], [-63.723957, 44.521021], [-63.716002, 44.513008], [-63.717562, 44.511837], [-63.717824, 44.511717], [-63.722042, 44.516553], [-63.722635, 44.516189], [-63.722933, 44.516518], [-63.722981, 44.516707], [-63.723266, 44.517024], [-63.728073, 44.514932], [-63.727825, 44.514742], [-63.726598, 44.514319], [-63.726411, 44.514165], [-63.726289, 44.513876], [-63.725506, 44.5135], [-63.725204, 44.510174], [-63.728491, 44.509966], [-63.727988, 44.508119], [-63.728439, 44.508203], [-63.728901, 44.508503], [-63.729426, 44.508696], [-63.73146, 44.509033], [-63.731824, 44.509018], [-63.733211, 44.508802], [-63.736103, 44.508848], [-63.736682, 44.508771], [-63.737339, 44.508569], [-63.737555, 44.508408], [-63.73771, 44.50812], [-63.7377, 44.507896], [-63.737406, 44.507326], [-63.737407, 44.50721], [-63.737825, 44.506736], [-63.738041, 44.506846], [-63.73748, 44.505664], [-63.738957, 44.505283], [-63.737926, 44.503226], [-63.736882, 44.503487], [-63.736732, 44.503236], [-63.740557, 44.502267], [-63.742045, 44.502563], [-63.762014, 44.504909], [-63.763946, 44.504697], [-63.76468, 44.508142], [-63.768057, 44.504622], [-63.775123, 44.503152], [-63.776805, 44.507317], [-63.775507, 44.511656], [-63.775255, 44.512807], [-63.769451, 44.518147], [-63.76855, 44.522088], [-63.769543, 44.524637], [-63.769994, 44.525281], [-63.770071, 44.525332], [-63.770303, 44.525177], [-63.770501, 44.525227], [-63.770625, 44.525007], [-63.77154, 44.525073], [-63.771071, 44.526642], [-63.771019, 44.526634], [-63.769391, 44.531524], [-63.766273, 44.531603], [-63.765541, 44.53381], [-63.770136, 44.533767], [-63.770371, 44.532896], [-63.772416, 44.532846], [-63.773571, 44.528603], [-63.778552, 44.528902], [-63.78301, 44.529781], [-63.782655, 44.531065], [-63.781406, 44.538147], [-63.780511, 44.540646], [-63.777384, 44.55138], [-63.774738, 44.55865], [-63.774566, 44.558797], [-63.761131, 44.55665], [-63.762793, 44.551117], [-63.755494, 44.550039], [-63.756945, 44.544815]]]}, "properties": {"OBJECTID": 162, "GSA_KEY": 166, "FCODE": "GSAPOLY", "GSA_NAME": "WHITES LAKE", "MUN_CODE": "HRM", "GSA_REM": " ", "SOURCE": "CR", "DATE_ACT": 980899200000, "SYS_DATE": 1588896000000, "GLOBALID": "c0007e3e-eca1-40f5-ab7f-14523d0d600a", "Shape__Area": 38254982.75, "Shape__Length": 39401.682424518105}}, {"type": "Feature", "id": 163, "geometry": {"type": "Polygon", "coordinates": [[[-63.547635, 44.538942], [-63.547929, 44.538701], [-63.547998, 44.538314], [-63.548496, 44.537877], [-63.548499, 44.537688], [-63.548331, 44.537398], [-63.600871, 44.529304], [-63.603933, 44.532942], [-63.605275, 44.537039], [-63.607838, 44.540877], [-63.607417, 44.540873], [-63.60732, 44.541107], [-63.607363, 44.541342], [-63.607639, 44.541645], [-63.607633, 44.542047], [-63.607534, 44.542448], [-63.607672, 44.54255], [-63.607952, 44.542653], [-63.609636, 44.542733], [-63.609728, 44.542867], [-63.609661, 44.543051], [-63.608736, 44.543527], [-63.607837, 44.544502], [-63.607455, 44.544643], [-63.607251, 44.544822], [-63.607311, 44.545254], [-63.606396, 44.545824], [-63.6061, 44.546298], [-63.605929, 44.546459], [-63.605824, 44.546681], [-63.605996, 44.54702], [-63.606906, 44.548099], [-63.60887, 44.548506], [-63.60958, 44.548894], [-63.6099, 44.548963], [-63.611898, 44.549876], [-63.612537, 44.549977], [-63.612669, 44.550147], [-63.612985, 44.550349], [-63.612829, 44.551499], [-63.612852, 44.551634], [-63.612735, 44.551877], [-63.61278, 44.552052], [-63.61273, 44.552192], [-63.612, 44.552231], [-63.611654, 44.552615], [-63.61131, 44.552883], [-63.610994, 44.552979], [-63.610571, 44.553313], [-63.609774, 44.553621], [-63.608693, 44.553403], [-63.608054, 44.553381], [-63.606973, 44.553442], [-63.604132, 44.553355], [-63.603822, 44.553497], [-63.580129, 44.552904], [-63.563417, 44.551617], [-63.562742, 44.552993], [-63.509577, 44.550895], [-63.507637, 44.548216], [-63.545903, 44.540383], [-63.547869, 44.539434], [-63.547815, 44.539183], [-63.547635, 44.538942]]]}, "properties": {"OBJECTID": 163, "GSA_KEY": 167, "FCODE": "GSAPOLY", "GSA_NAME": "HALIBUT BAY", "MUN_CODE": "HRM", "GSA_REM": " ", "SOURCE": "CR", "DATE_ACT": 1330560000000, "SYS_DATE": 1330560000000, "GLOBALID": "44d21801-eb1e-41c5-915e-5c5fa3baf190", "Shape__Area": 25587049.421875, "Shape__Length": 27937.741650725788}}, {"type": "Feature", "id": 164, "geometry": {"type": "Polygon", "coordinates": [[[-63.567301, 44.527927], [-63.596204, 44.522875], [-63.596923, 44.524663], [-63.596962, 44.524661], [-63.600871, 44.529304], [-63.548331, 44.537398], [-63.548499, 44.537688], [-63.548496, 44.537877], [-63.547998, 44.538314], [-63.547929, 44.538701], [-63.547635, 44.538942], [-63.547815, 44.539183], [-63.547869, 44.539434], [-63.545903, 44.540383], [-63.507637, 44.548216], [-63.503408, 44.542376], [-63.502393, 44.540543], [-63.541652, 44.532953], [-63.555949, 44.530373], [-63.561647, 44.528936], [-63.567301, 44.527927]]]}, "properties": {"OBJECTID": 164, "GSA_KEY": 168, "FCODE": "GSAPOLY", "GSA_NAME": "BEAR COVE", "MUN_CODE": "HRM", "GSA_REM": " ", "SOURCE": "DM", "DATE_ACT": 1330560000000, "SYS_DATE": 1330560000000, "GLOBALID": "f29d61f0-958c-4784-b2fe-f4db1c94d26f", "Shape__Area": 12079368.60546875, "Shape__Length": 24321.055921992403}}, {"type": "Feature", "id": 165, "geometry": {"type": "Polygon", "coordinates": [[[-63.886732, 44.540229], [-63.887463, 44.535949], [-63.891465, 44.535862], [-63.890227, 44.531673], [-63.900853, 44.530305], [-63.899911, 44.52697], [-63.901159, 44.526814], [-63.900532, 44.525335], [-63.90401, 44.524804], [-63.9047, 44.52262], [-63.908693, 44.522929], [-63.913797, 44.527416], [-63.931992, 44.517391], [-63.931573, 44.516959], [-63.931329, 44.51663], [-63.93084, 44.516772], [-63.930532, 44.516709], [-63.930295, 44.516249], [-63.929998, 44.515911], [-63.930678, 44.515761], [-63.931348, 44.515715], [-63.931458, 44.515271], [-63.93165, 44.515207], [-63.931881, 44.515218], [-63.932264, 44.515377], [-63.933058, 44.515272], [-63.933017, 44.515185], [-63.932654, 44.514854], [-63.932489, 44.514433], [-63.932029, 44.513981], [-63.932019, 44.513806], [-63.931163, 44.513807], [-63.930815, 44.513889], [-63.930491, 44.513727], [-63.930848, 44.513219], [-63.931857, 44.513223], [-63.93146, 44.512753], [-63.932034, 44.511786], [-63.932137, 44.511521], [-63.932175, 44.510874], [-63.932134, 44.510665], [-63.931933, 44.510392], [-63.931392, 44.509928], [-63.931197, 44.509375], [-63.93116, 44.50897], [-63.931196, 44.508468], [-63.931388, 44.508491], [-63.931232, 44.508261], [-63.931329, 44.507816], [-63.931135, 44.506896], [-63.93139, 44.506689], [-63.934215, 44.50842], [-63.935126, 44.507955], [-63.935284, 44.507979], [-63.935387, 44.507829], [-63.934206, 44.507245], [-63.933674, 44.506913], [-63.933592, 44.506505], [-63.933643, 44.505813], [-63.960337, 44.489608], [-63.969474, 44.50024], [-63.983099, 44.527569], [-63.987259, 44.540063], [-63.959886, 44.540579], [-63.939117, 44.540457], [-63.936815, 44.540171], [-63.930791, 44.543227], [-63.929416, 44.541879], [-63.925117, 44.544084], [-63.924291, 44.54326], [-63.917543, 44.546708], [-63.914417, 44.54336], [-63.913761, 44.542862], [-63.911136, 44.54061], [-63.908096, 44.537598], [-63.904954, 44.538518], [-63.904521, 44.537678], [-63.89961, 44.539059], [-63.899853, 44.539388], [-63.899788, 44.539647], [-63.899249, 44.539839], [-63.898774, 44.539642], [-63.897253, 44.538593], [-63.892958, 44.540941], [-63.89235, 44.538946], [-63.886732, 44.540229]]]}, "properties": {"OBJECTID": 165, "GSA_KEY": 169, "FCODE": "GSAPOLY", "GSA_NAME": "INDIAN HARBOUR", "MUN_CODE": "HRM", "GSA_REM": " ", "SOURCE": "DM", "DATE_ACT": 980899200000, "SYS_DATE": 1736778261000, "GLOBALID": "4fcdf425-da7b-4840-83c7-91c336023542", "Shape__Area": 46810089.8515625, "Shape__Length": 37781.81188375499}}, {"type": "Feature", "id": 166, "geometry": {"type": "Polygon", "coordinates": [[[-63.600986, 44.483783], [-63.602569, 44.482859], [-63.6015, 44.482115], [-63.604843, 44.480131], [-63.605524, 44.482473], [-63.607231, 44.482061], [-63.607, 44.481687], [-63.608317, 44.481353], [-63.608121, 44.481094], [-63.608575, 44.480981], [-63.608571, 44.48084], [-63.609773, 44.480442], [-63.610111, 44.480859], [-63.610379, 44.48076], [-63.610227, 44.480574], [-63.610551, 44.480456], [-63.609816, 44.479666], [-63.610035, 44.479538], [-63.610582, 44.47994], [-63.612147, 44.479618], [-63.611786, 44.47918], [-63.612521, 44.478863], [-63.612073, 44.478331], [-63.612327, 44.478275], [-63.619663, 44.481782], [-63.621105, 44.480293], [-63.622067, 44.481148], [-63.627104, 44.482184], [-63.629478, 44.485762], [-63.63205, 44.489371], [-63.635648, 44.490292], [-63.635642, 44.490342], [-63.636707, 44.49126], [-63.640595, 44.493892], [-63.641281, 44.495134], [-63.641759, 44.495564], [-63.641854, 44.495703], [-63.64184, 44.495839], [-63.64217, 44.496109], [-63.64321, 44.496243], [-63.643738, 44.496432], [-63.643877, 44.496637], [-63.643931, 44.496934], [-63.644007, 44.496996], [-63.64489, 44.497207], [-63.645586, 44.497573], [-63.645911, 44.49766], [-63.64683, 44.498274], [-63.647517, 44.49886], [-63.648545, 44.499919], [-63.650415, 44.501565], [-63.652401, 44.503184], [-63.653706, 44.503858], [-63.654438, 44.504029], [-63.655287, 44.504091], [-63.656595, 44.504488], [-63.658166, 44.50544], [-63.659098, 44.507418], [-63.658533, 44.507449], [-63.657282, 44.50804], [-63.657337, 44.508474], [-63.657394, 44.508498], [-63.657346, 44.508714], [-63.657181, 44.508799], [-63.657058, 44.509068], [-63.656531, 44.5091], [-63.656271, 44.509224], [-63.656014, 44.509628], [-63.656126, 44.510006], [-63.656597, 44.510411], [-63.656776, 44.510653], [-63.657239, 44.511506], [-63.65771, 44.51198], [-63.657762, 44.512187], [-63.658095, 44.512573], [-63.658157, 44.512785], [-63.658615, 44.51312], [-63.658938, 44.513851], [-63.659234, 44.515151], [-63.659695, 44.51591], [-63.660026, 44.516701], [-63.660096, 44.516986], [-63.660017, 44.517337], [-63.659791, 44.5176], [-63.658824, 44.517911], [-63.6579, 44.518394], [-63.657668, 44.519055], [-63.657689, 44.519649], [-63.657521, 44.520648], [-63.657174, 44.52128], [-63.656488, 44.522075], [-63.656191, 44.52261], [-63.656107, 44.52312], [-63.656007, 44.523354], [-63.655862, 44.523415], [-63.655661, 44.523389], [-63.655535, 44.523435], [-63.655236, 44.523698], [-63.654753, 44.524394], [-63.65428, 44.524811], [-63.653753, 44.524949], [-63.6532, 44.525024], [-63.652993, 44.525131], [-63.652954, 44.525193], [-63.653019, 44.525331], [-63.653441, 44.525521], [-63.653486, 44.525721], [-63.653395, 44.526038], [-63.65318, 44.526181], [-63.65288, 44.526261], [-63.65132, 44.526202], [-63.651078, 44.526276], [-63.65074, 44.526259], [-63.650597, 44.52621], [-63.650253, 44.525959], [-63.649877, 44.525349], [-63.649532, 44.525181], [-63.648666, 44.525092], [-63.64801, 44.525101], [-63.647698, 44.528525], [-63.647248, 44.531756], [-63.650265, 44.533409], [-63.662691, 44.531291], [-63.664976, 44.538185], [-63.650789, 44.540595], [-63.650157, 44.541036], [-63.649613, 44.543019], [-63.645492, 44.542371], [-63.643774, 44.54423], [-63.642778, 44.544608], [-63.642801, 44.544903], [-63.641652, 44.544947], [-63.641354, 44.544572], [-63.641216, 44.544187], [-63.640779, 44.544274], [-63.640739, 44.543722], [-63.640525, 44.543392], [-63.640068, 44.543093], [-63.639751, 44.543009], [-63.639415, 44.543037], [-63.638394, 44.54339], [-63.637662, 44.543542], [-63.636986, 44.54347], [-63.636049, 44.543182], [-63.627918, 44.544792], [-63.618735, 44.544025], [-63.609823, 44.54307], [-63.609661, 44.543051], [-63.609728, 44.542867], [-63.609636, 44.542733], [-63.607952, 44.542653], [-63.607672, 44.54255], [-63.607534, 44.542448], [-63.607633, 44.542047], [-63.607639, 44.541645], [-63.607363, 44.541342], [-63.60732, 44.541107], [-63.607417, 44.540873], [-63.607838, 44.540877], [-63.605275, 44.537039], [-63.603933, 44.532942], [-63.596962, 44.524661], [-63.610034, 44.523991], [-63.603987, 44.51017], [-63.59811, 44.510333], [-63.60275, 44.497284], [-63.60233, 44.496108], [-63.601068, 44.493413], [-63.602145, 44.491715], [-63.602918, 44.490173], [-63.603431, 44.488605], [-63.603382, 44.487039], [-63.60139, 44.484684], [-63.601125, 44.483901], [-63.600986, 44.483783]]]}, "properties": {"OBJECTID": 166, "GSA_KEY": 170, "FCODE": "GSAPOLY", "GSA_NAME": "WILLIAMSWOOD", "MUN_CODE": "HRM", "GSA_REM": " ", "SOURCE": null, "DATE_ACT": 980899200000, "SYS_DATE": 1662489701000, "GLOBALID": "722b5abc-1f6e-4cc8-858c-8b0230792427", "Shape__Area": 50663215.109375, "Shape__Length": 37989.872205563646}}, {"type": "Feature", "id": 167, "geometry": {"type": "Polygon", "coordinates": [[[-63.859922, 44.516054], [-63.859834, 44.515863], [-63.859377, 44.515788], [-63.858818, 44.515593], [-63.85755, 44.514743], [-63.855894, 44.51153], [-63.854006, 44.508152], [-63.852892, 44.50592], [-63.852446, 44.506325], [-63.851562, 44.506141], [-63.850135, 44.504443], [-63.849325, 44.502756], [-63.849611, 44.500919], [-63.848841, 44.500803], [-63.848359, 44.500679], [-63.848065, 44.500519], [-63.847978, 44.500381], [-63.847075, 44.500513], [-63.8428, 44.50184], [-63.842411, 44.500964], [-63.837711, 44.500122], [-63.836016, 44.498964], [-63.829562, 44.493074], [-63.826735, 44.487444], [-63.8308, 44.485194], [-63.834412, 44.484007], [-63.840045, 44.483154], [-63.845218, 44.483104], [-63.85016, 44.483695], [-63.853501, 44.486693], [-63.858868, 44.489541], [-63.861995, 44.491571], [-63.864776, 44.494405], [-63.867324, 44.497961], [-63.868751, 44.50127], [-63.872188, 44.503288], [-63.871718, 44.503864], [-63.871108, 44.504401], [-63.870653, 44.504642], [-63.868341, 44.505547], [-63.867772, 44.505895], [-63.867083, 44.506755], [-63.866929, 44.507051], [-63.866888, 44.507348], [-63.866917, 44.508131], [-63.867166, 44.509537], [-63.867573, 44.510322], [-63.868222, 44.511353], [-63.870505, 44.514847], [-63.87081, 44.515251], [-63.870827, 44.516138], [-63.870875, 44.516337], [-63.871161, 44.5168], [-63.871169, 44.517234], [-63.871052, 44.517523], [-63.8709, 44.517576], [-63.870255, 44.517609], [-63.868515, 44.517129], [-63.864084, 44.516489], [-63.860028, 44.516002], [-63.859922, 44.516054]]]}, "properties": {"OBJECTID": 167, "GSA_KEY": 171, "FCODE": "GSAPOLY", "GSA_NAME": "EAST DOVER", "MUN_CODE": "HRM", "GSA_REM": " ", "SOURCE": "CR", "DATE_ACT": 980899200000, "SYS_DATE": null, "GLOBALID": "b0035ad1-2272-442c-8fa3-b16652ac819e", "Shape__Area": 13166481.2578125, "Shape__Length": 17419.937110387207}}, {"type": "Feature", "id": 168, "geometry": {"type": "Polygon", "coordinates": [[[-63.502393, 44.540543], [-63.48959, 44.51741], [-63.529813, 44.517741], [-63.530207, 44.517957], [-63.530652, 44.517832], [-63.531777, 44.51785], [-63.53476, 44.518719], [-63.535242, 44.515371], [-63.541413, 44.509442], [-63.542397, 44.508469], [-63.542442, 44.508273], [-63.542714, 44.508303], [-63.54795, 44.507126], [-63.551893, 44.516018], [-63.573676, 44.512068], [-63.582724, 44.510525], [-63.581387, 44.511943], [-63.580471, 44.515921], [-63.580413, 44.518105], [-63.593368, 44.515806], [-63.594835, 44.519306], [-63.596204, 44.522875], [-63.561647, 44.528936], [-63.555949, 44.530373], [-63.541652, 44.532953], [-63.502393, 44.540543]]]}, "properties": {"OBJECTID": 168, "GSA_KEY": 172, "FCODE": "GSAPOLY", "GSA_NAME": "PORTUGUESE COVE", "MUN_CODE": "HRM", "GSA_REM": " ", "SOURCE": "DM", "DATE_ACT": 980899200000, "SYS_DATE": 1358121600000, "GLOBALID": "7da11a2b-c735-4185-9b82-9764e8e509a1", "Shape__Area": 29515101.68359375, "Shape__Length": 31161.57624918446}}, {"type": "Feature", "id": 169, "geometry": {"type": "Polygon", "coordinates": [[[-63.828978, 44.558556], [-63.828788, 44.552052], [-63.823506, 44.55078], [-63.822832, 44.552278], [-63.81447, 44.55018], [-63.818193, 44.541982], [-63.819107, 44.539834], [-63.822137, 44.53343], [-63.822238, 44.532764], [-63.822178, 44.531525], [-63.821176, 44.529736], [-63.82044, 44.529107], [-63.820019, 44.527586], [-63.819885, 44.527405], [-63.81889, 44.52835], [-63.81849, 44.528602], [-63.817954, 44.528845], [-63.817563, 44.527393], [-63.819082, 44.527076], [-63.817759, 44.524898], [-63.816676, 44.523728], [-63.814333, 44.519764], [-63.815442, 44.519567], [-63.813181, 44.515471], [-63.803119, 44.518331], [-63.802487, 44.518393], [-63.798174, 44.518477], [-63.800114, 44.515635], [-63.804499, 44.508658], [-63.808278, 44.502969], [-63.809703, 44.500963], [-63.810643, 44.499793], [-63.81132, 44.499035], [-63.812815, 44.497588], [-63.814897, 44.495903], [-63.816669, 44.494626], [-63.821663, 44.491202], [-63.826735, 44.487444], [-63.829562, 44.493074], [-63.836016, 44.498964], [-63.837711, 44.500122], [-63.842411, 44.500964], [-63.843169, 44.502673], [-63.843033, 44.507802], [-63.84168, 44.51074], [-63.841539, 44.511794], [-63.841935, 44.512297], [-63.842395, 44.512781], [-63.842494, 44.513226], [-63.842729, 44.515302], [-63.84297, 44.516896], [-63.844823, 44.517907], [-63.845314, 44.520218], [-63.846131, 44.521254], [-63.847136, 44.521766], [-63.847835, 44.522566], [-63.849042, 44.523079], [-63.859984, 44.526888], [-63.859478, 44.527452], [-63.861167, 44.528035], [-63.861574, 44.527446], [-63.861961, 44.527573], [-63.864385, 44.532467], [-63.863014, 44.533131], [-63.862233, 44.533361], [-63.864765, 44.537201], [-63.865844, 44.53965], [-63.861553, 44.540994], [-63.863048, 44.54221], [-63.863588, 44.542264], [-63.864137, 44.542837], [-63.864391, 44.543207], [-63.865282, 44.543797], [-63.866001, 44.544896], [-63.866885, 44.545702], [-63.867198, 44.545893], [-63.867369, 44.546435], [-63.866671, 44.548825], [-63.871823, 44.552438], [-63.865791, 44.553592], [-63.867809, 44.556797], [-63.866791, 44.557001], [-63.858134, 44.55209], [-63.84935, 44.554059], [-63.84969, 44.554616], [-63.849068, 44.555228], [-63.849184, 44.555844], [-63.847687, 44.557769], [-63.847186, 44.558558], [-63.845709, 44.558725], [-63.845354, 44.557492], [-63.844013, 44.556429], [-63.843646, 44.556252], [-63.843659, 44.555109], [-63.843057, 44.553962], [-63.838814, 44.553534], [-63.835703, 44.553323], [-63.833063, 44.553259], [-63.831495, 44.554167], [-63.831055, 44.555018], [-63.831136, 44.555091], [-63.831062, 44.555495], [-63.830754, 44.556019], [-63.830746, 44.556307], [-63.830861, 44.556414], [-63.831106, 44.556854], [-63.831278, 44.557411], [-63.831307, 44.557717], [-63.831808, 44.558406], [-63.831856, 44.559081], [-63.831781, 44.559172], [-63.83181, 44.559405], [-63.832064, 44.559575], [-63.832257, 44.559879], [-63.832259, 44.559978], [-63.832185, 44.560123], [-63.831763, 44.560513], [-63.831629, 44.560865], [-63.831429, 44.560975], [-63.831444, 44.561101], [-63.831508, 44.561181], [-63.831723, 44.56127], [-63.831862, 44.561658], [-63.831454, 44.561945], [-63.83055, 44.562101], [-63.830827, 44.563459], [-63.829441, 44.565221], [-63.828092, 44.564696], [-63.82797, 44.563423], [-63.827771, 44.559899], [-63.82777, 44.558823], [-63.828978, 44.558556]]]}, "properties": {"OBJECTID": 169, "GSA_KEY": 173, "FCODE": "GSAPOLY", "GSA_NAME": "BLIND BAY", "MUN_CODE": "HRM", "GSA_REM": " ", "SOURCE": "CR", "DATE_ACT": 980899200000, "SYS_DATE": 1556496000000, "GLOBALID": "edd86f4f-9e1c-4cc4-a1d5-52cb3cd705cc", "Shape__Area": 41862028.05078125, "Shape__Length": 40515.59606928248}}, {"type": "Feature", "id": 170, "geometry": {"type": "Polygon", "coordinates": [[[-63.908693, 44.522929], [-63.892744, 44.508934], [-63.89254, 44.508526], [-63.892547, 44.50783], [-63.892427, 44.50722], [-63.892461, 44.506926], [-63.892687, 44.506475], [-63.89266, 44.506023], [-63.892506, 44.50566], [-63.892163, 44.505229], [-63.890822, 44.503931], [-63.890047, 44.503496], [-63.889768, 44.503451], [-63.889784, 44.503392], [-63.889553, 44.503337], [-63.889477, 44.503099], [-63.889326, 44.503021], [-63.8876, 44.501322], [-63.88741, 44.50084], [-63.885843, 44.499498], [-63.884312, 44.498824], [-63.882366, 44.497279], [-63.883614, 44.496329], [-63.882348, 44.495376], [-63.883814, 44.494976], [-63.86706, 44.458445], [-63.907504, 44.458439], [-63.92506, 44.465523], [-63.910601, 44.490139], [-63.910554, 44.492247], [-63.910649, 44.493037], [-63.911113, 44.493693], [-63.911838, 44.4942], [-63.912691, 44.494687], [-63.91313, 44.494865], [-63.913155, 44.494937], [-63.913524, 44.49514], [-63.913475, 44.495204], [-63.913669, 44.495406], [-63.914131, 44.495748], [-63.9139, 44.495965], [-63.913213, 44.49586], [-63.912364, 44.496002], [-63.912805, 44.496188], [-63.915055, 44.497417], [-63.915174, 44.497718], [-63.915355, 44.497587], [-63.915713, 44.497854], [-63.916291, 44.498398], [-63.917757, 44.499293], [-63.918994, 44.499908], [-63.919854, 44.500104], [-63.932296, 44.489249], [-63.951991, 44.479893], [-63.960337, 44.489608], [-63.933643, 44.505813], [-63.933592, 44.506505], [-63.933674, 44.506913], [-63.934206, 44.507245], [-63.935387, 44.507829], [-63.935284, 44.507979], [-63.935126, 44.507955], [-63.934215, 44.50842], [-63.93139, 44.506689], [-63.931135, 44.506896], [-63.931329, 44.507816], [-63.931232, 44.508261], [-63.931388, 44.508491], [-63.931196, 44.508468], [-63.93116, 44.50897], [-63.931197, 44.509375], [-63.931392, 44.509928], [-63.931933, 44.510392], [-63.932134, 44.510665], [-63.932175, 44.510874], [-63.932137, 44.511521], [-63.932034, 44.511786], [-63.93146, 44.512753], [-63.931857, 44.513223], [-63.930848, 44.513219], [-63.930491, 44.513727], [-63.930815, 44.513889], [-63.931163, 44.513807], [-63.932019, 44.513806], [-63.932029, 44.513981], [-63.932489, 44.514433], [-63.932654, 44.514854], [-63.933017, 44.515185], [-63.933058, 44.515272], [-63.932264, 44.515377], [-63.931881, 44.515218], [-63.93165, 44.515207], [-63.931458, 44.515271], [-63.931348, 44.515715], [-63.930678, 44.515761], [-63.929998, 44.515911], [-63.930295, 44.516249], [-63.930532, 44.516709], [-63.93084, 44.516772], [-63.931329, 44.51663], [-63.931573, 44.516959], [-63.931992, 44.517391], [-63.913797, 44.527416], [-63.908693, 44.522929]]]}, "properties": {"OBJECTID": 170, "GSA_KEY": 174, "FCODE": "GSAPOLY", "GSA_NAME": "PEGGYS COVE PRESERVATION AREA", "MUN_CODE": "HRM", "GSA_REM": "RENAMED FROM ST MARGARETS BAY", "SOURCE": "DM", "DATE_ACT": 980899200000, "SYS_DATE": 1420761600000, "GLOBALID": "b86ade59-86d2-49aa-91e1-54c468da531c", "Shape__Area": 50711015.875, "Shape__Length": 42475.61932864834}}, {"type": "Feature", "id": 171, "geometry": {"type": "Polygon", "coordinates": [[[-63.594148, 44.517667], [-63.593368, 44.515806], [-63.580413, 44.518105], [-63.580471, 44.515921], [-63.581387, 44.511943], [-63.585372, 44.507738], [-63.585515, 44.507451], [-63.587963, 44.507701], [-63.591862, 44.487935], [-63.589952, 44.487744], [-63.590161, 44.486655], [-63.590105, 44.486475], [-63.589639, 44.48658], [-63.588958, 44.484068], [-63.589054, 44.483465], [-63.589891, 44.483186], [-63.590113, 44.483505], [-63.590993, 44.483218], [-63.592823, 44.483326], [-63.59312, 44.482166], [-63.592857, 44.482132], [-63.592869, 44.481609], [-63.588287, 44.479319], [-63.592688, 44.472982], [-63.584373, 44.470866], [-63.588906, 44.463169], [-63.591179, 44.456911], [-63.571757, 44.454504], [-63.559844, 44.466266], [-63.547963, 44.417782], [-63.6238, 44.41839], [-63.61622, 44.435539], [-63.606306, 44.453364], [-63.595031, 44.469608], [-63.598165, 44.470041], [-63.608794, 44.472716], [-63.611802, 44.471527], [-63.614394, 44.474282], [-63.617737, 44.474194], [-63.61954, 44.474761], [-63.621219, 44.474212], [-63.621577, 44.474019], [-63.621689, 44.474163], [-63.620503, 44.479481], [-63.621105, 44.480293], [-63.619663, 44.481782], [-63.612327, 44.478275], [-63.612073, 44.478331], [-63.612521, 44.478863], [-63.611786, 44.47918], [-63.612147, 44.479618], [-63.610582, 44.47994], [-63.610035, 44.479538], [-63.609816, 44.479666], [-63.610551, 44.480456], [-63.610227, 44.480574], [-63.610379, 44.48076], [-63.610111, 44.480859], [-63.609773, 44.480442], [-63.608571, 44.48084], [-63.608575, 44.480981], [-63.608121, 44.481094], [-63.608317, 44.481353], [-63.607, 44.481687], [-63.607231, 44.482061], [-63.605524, 44.482473], [-63.604843, 44.480131], [-63.6015, 44.482115], [-63.602569, 44.482859], [-63.600986, 44.483783], [-63.601125, 44.483901], [-63.60139, 44.484684], [-63.603382, 44.487039], [-63.603431, 44.488605], [-63.602918, 44.490173], [-63.602145, 44.491715], [-63.601068, 44.493413], [-63.60233, 44.496108], [-63.60275, 44.497284], [-63.59811, 44.510333], [-63.603987, 44.51017], [-63.610034, 44.523991], [-63.596923, 44.524663], [-63.594835, 44.519306], [-63.594148, 44.517667]]]}, "properties": {"OBJECTID": 171, "GSA_KEY": 175, "FCODE": "GSAPOLY", "GSA_NAME": "SAMBRO", "MUN_CODE": "HRM", "GSA_REM": " ", "SOURCE": "CR", "DATE_ACT": 980899200000, "SYS_DATE": 1662489701000, "GLOBALID": "a03bee59-a307-4596-9ed0-dfb75ae2801d", "Shape__Area": 60111276.484375, "Shape__Length": 61309.157704046185}}, {"type": "Feature", "id": 172, "geometry": {"type": "Polygon", "coordinates": [[[-63.769973, 44.525226], [-63.769543, 44.524637], [-63.76855, 44.522088], [-63.769451, 44.518147], [-63.775255, 44.512807], [-63.775507, 44.511656], [-63.776805, 44.507317], [-63.770274, 44.491145], [-63.782563, 44.491327], [-63.784336, 44.495947], [-63.779486, 44.497645], [-63.779463, 44.499478], [-63.792147, 44.500591], [-63.791084, 44.498388], [-63.793103, 44.497889], [-63.793375, 44.49427], [-63.796654, 44.493434], [-63.798198, 44.493234], [-63.799268, 44.493591], [-63.79968, 44.493831], [-63.79935, 44.494059], [-63.800143, 44.495413], [-63.800053, 44.495439], [-63.800425, 44.496072], [-63.800714, 44.496354], [-63.801176, 44.496955], [-63.802036, 44.497813], [-63.802808, 44.497579], [-63.802607, 44.497894], [-63.803397, 44.498337], [-63.801369, 44.500016], [-63.800765, 44.499757], [-63.79944, 44.503196], [-63.793839, 44.502457], [-63.793099, 44.502841], [-63.791555, 44.504204], [-63.799293, 44.506523], [-63.804201, 44.509124], [-63.800378, 44.515226], [-63.798188, 44.518467], [-63.794082, 44.518531], [-63.787061, 44.517711], [-63.786552, 44.519624], [-63.786341, 44.519601], [-63.785921, 44.521067], [-63.785527, 44.520498], [-63.785169, 44.520455], [-63.785195, 44.520963], [-63.784401, 44.520826], [-63.784629, 44.519731], [-63.784205, 44.519154], [-63.782941, 44.519021], [-63.782742, 44.519956], [-63.78254, 44.520025], [-63.782309, 44.519902], [-63.781768, 44.519788], [-63.781296, 44.5181], [-63.77977, 44.51966], [-63.779146, 44.519986], [-63.778605, 44.520389], [-63.778437, 44.520694], [-63.778241, 44.520554], [-63.778212, 44.520609], [-63.775477, 44.518809], [-63.774171, 44.51993], [-63.776869, 44.521699], [-63.776758, 44.521813], [-63.776203, 44.521455], [-63.775546, 44.521944], [-63.772842, 44.520153], [-63.772582, 44.520346], [-63.772758, 44.520457], [-63.772552, 44.520624], [-63.772632, 44.52067], [-63.772642, 44.521087], [-63.774291, 44.522154], [-63.774194, 44.52222], [-63.77537, 44.52287], [-63.772756, 44.52199], [-63.772832, 44.522228], [-63.773598, 44.522504], [-63.773492, 44.522653], [-63.773137, 44.522578], [-63.772804, 44.523089], [-63.772934, 44.523115], [-63.772543, 44.523681], [-63.773486, 44.523921], [-63.772418, 44.524444], [-63.772356, 44.524469], [-63.772275, 44.524419], [-63.771999, 44.524605], [-63.770625, 44.525007], [-63.770501, 44.525227], [-63.770303, 44.525177], [-63.770071, 44.525332], [-63.769973, 44.525226]]]}, "properties": {"OBJECTID": 172, "GSA_KEY": 176, "FCODE": "GSAPOLY", "GSA_NAME": "PROSPECT BAY", "MUN_CODE": "HRM", "GSA_REM": " ", "SOURCE": "DM", "DATE_ACT": 980899200000, "SYS_DATE": 1740163891000, "GLOBALID": "50fe868f-10de-408e-9da1-93a5cab0b46d", "Shape__Area": 11276702.8203125, "Shape__Length": 25485.000888276438}}, {"type": "Feature", "id": 173, "geometry": {"type": "Polygon", "coordinates": [[[-63.684143, 44.52476], [-63.678332, 44.517579], [-63.676254, 44.518511], [-63.670611, 44.512099], [-63.671172, 44.511832], [-63.66984, 44.510778], [-63.66712, 44.509022], [-63.665162, 44.508511], [-63.661969, 44.507557], [-63.660181, 44.507358], [-63.659098, 44.507418], [-63.658166, 44.50544], [-63.656595, 44.504488], [-63.655287, 44.504091], [-63.654438, 44.504029], [-63.653706, 44.503858], [-63.652401, 44.503184], [-63.650415, 44.501565], [-63.648545, 44.499919], [-63.647517, 44.49886], [-63.64683, 44.498274], [-63.645911, 44.49766], [-63.645586, 44.497573], [-63.64489, 44.497207], [-63.644007, 44.496996], [-63.643931, 44.496934], [-63.643877, 44.496637], [-63.643738, 44.496432], [-63.64321, 44.496243], [-63.64217, 44.496109], [-63.64184, 44.495839], [-63.641854, 44.495703], [-63.641759, 44.495564], [-63.641281, 44.495134], [-63.640595, 44.493892], [-63.636707, 44.49126], [-63.635642, 44.490342], [-63.635922, 44.488246], [-63.635444, 44.487834], [-63.635291, 44.487535], [-63.63607, 44.487226], [-63.635444, 44.486335], [-63.635589, 44.486231], [-63.63584, 44.486239], [-63.636156, 44.486318], [-63.636472, 44.486496], [-63.636686, 44.486504], [-63.636874, 44.486449], [-63.637336, 44.486149], [-63.637435, 44.486032], [-63.637431, 44.485663], [-63.637556, 44.485536], [-63.637554, 44.485401], [-63.638042, 44.485119], [-63.638141, 44.484974], [-63.637917, 44.484721], [-63.637949, 44.484608], [-63.63813, 44.484418], [-63.638284, 44.484044], [-63.638834, 44.483637], [-63.639737, 44.483523], [-63.640427, 44.48367], [-63.641263, 44.484016], [-63.641921, 44.484397], [-63.642084, 44.48441], [-63.642527, 44.48394], [-63.64235, 44.483528], [-63.642361, 44.483411], [-63.642487, 44.483393], [-63.642636, 44.48323], [-63.642875, 44.483264], [-63.643036, 44.483029], [-63.643439, 44.483054], [-63.643526, 44.483], [-63.643774, 44.482638], [-63.643899, 44.482565], [-63.644075, 44.482555], [-63.644378, 44.482716], [-63.644632, 44.482948], [-63.644948, 44.483028], [-63.644937, 44.48319], [-63.645126, 44.483189], [-63.645202, 44.483332], [-63.64543, 44.483394], [-63.645431, 44.483556], [-63.645495, 44.483619], [-63.645621, 44.483636], [-63.64566, 44.483726], [-63.645773, 44.483716], [-63.645849, 44.483779], [-63.645813, 44.483923], [-63.645915, 44.484076], [-63.646154, 44.484065], [-63.646294, 44.484217], [-63.646585, 44.484369], [-63.646651, 44.484657], [-63.646914, 44.484628], [-63.647685, 44.484912], [-63.648187, 44.48537], [-63.649774, 44.48635], [-63.65045, 44.486558], [-63.650969, 44.48682], [-63.651123, 44.486983], [-63.651341, 44.486926], [-63.65161, 44.487191], [-63.651936, 44.487361], [-63.652474, 44.487452], [-63.652875, 44.487447], [-63.65299, 44.487099], [-63.652935, 44.486521], [-63.653094, 44.486214], [-63.653017, 44.486043], [-63.652535, 44.485713], [-63.652254, 44.485327], [-63.652102, 44.48522], [-63.651947, 44.484807], [-63.651746, 44.48459], [-63.651594, 44.484054], [-63.651634, 44.483896], [-63.652161, 44.483872], [-63.653257, 44.484061], [-63.654172, 44.484625], [-63.660994, 44.487849], [-63.662317, 44.488175], [-63.66289, 44.488639], [-63.6638, 44.489022], [-63.664091, 44.489049], [-63.664382, 44.489949], [-63.681026, 44.487396], [-63.67848, 44.47981], [-63.669104, 44.481425], [-63.66755, 44.477623], [-63.672605, 44.47676], [-63.669493, 44.467143], [-63.670043, 44.465348], [-63.672099, 44.46381], [-63.677479, 44.463669], [-63.682506, 44.459949], [-63.685686, 44.44885], [-63.688815, 44.421862], [-63.689194, 44.416777], [-63.704438, 44.416779], [-63.71293, 44.444201], [-63.717581, 44.446428], [-63.717986, 44.452326], [-63.717472, 44.454518], [-63.718225, 44.455678], [-63.718043, 44.455915], [-63.719645, 44.460109], [-63.723744, 44.460462], [-63.726272, 44.459942], [-63.729084, 44.458546], [-63.733924, 44.457277], [-63.746556, 44.453551], [-63.746851, 44.452365], [-63.752817, 44.416774], [-63.801972, 44.416783], [-63.80617, 44.42007], [-63.789977, 44.437475], [-63.7768, 44.456145], [-63.767012, 44.473424], [-63.777251, 44.491249], [-63.770274, 44.491145], [-63.775123, 44.503152], [-63.768057, 44.504622], [-63.76468, 44.508142], [-63.763946, 44.504697], [-63.762014, 44.504909], [-63.742045, 44.502563], [-63.740557, 44.502267], [-63.736732, 44.503236], [-63.736882, 44.503487], [-63.737926, 44.503226], [-63.738957, 44.505283], [-63.73748, 44.505664], [-63.738041, 44.506846], [-63.737825, 44.506736], [-63.737407, 44.50721], [-63.737406, 44.507326], [-63.7377, 44.507896], [-63.73771, 44.50812], [-63.737555, 44.508408], [-63.737339, 44.508569], [-63.736682, 44.508771], [-63.736103, 44.508848], [-63.733211, 44.508802], [-63.731824, 44.509018], [-63.73146, 44.509033], [-63.729426, 44.508696], [-63.728901, 44.508503], [-63.728439, 44.508203], [-63.727988, 44.508119], [-63.728491, 44.509966], [-63.725204, 44.510174], [-63.725506, 44.5135], [-63.726289, 44.513876], [-63.726411, 44.514165], [-63.726598, 44.514319], [-63.727825, 44.514742], [-63.728073, 44.514932], [-63.723292, 44.517015], [-63.723006, 44.516743], [-63.722933, 44.516518], [-63.722635, 44.516189], [-63.722042, 44.516553], [-63.717824, 44.511717], [-63.717562, 44.511837], [-63.716002, 44.513008], [-63.713917, 44.514431], [-63.71337, 44.514904], [-63.712898, 44.515414], [-63.712448, 44.516104], [-63.712002, 44.516533], [-63.711876, 44.516621], [-63.711085, 44.516879], [-63.712297, 44.518348], [-63.711047, 44.518915], [-63.70772, 44.5203], [-63.704472, 44.516394], [-63.702109, 44.515595], [-63.698716, 44.515674], [-63.69578, 44.515568], [-63.693731, 44.515143], [-63.692417, 44.515202], [-63.691016, 44.516303], [-63.689557, 44.518156], [-63.688124, 44.519565], [-63.690215, 44.522015], [-63.684143, 44.52476]]]}, "properties": {"OBJECTID": 173, "GSA_KEY": 177, "FCODE": "GSAPOLY", "GSA_NAME": "TERENCE BAY", "MUN_CODE": "HRM", "GSA_REM": " ", "SOURCE": "CR", "DATE_ACT": 980899200000, "SYS_DATE": 1446508800000, "GLOBALID": "58a66a05-285b-4358-a4a5-0c9b57273d64", "Shape__Area": 149986116.46875, "Shape__Length": 86214.92436846376}}, {"type": "Feature", "id": 174, "geometry": {"type": "Polygon", "coordinates": [[[-63.865844, 44.53965], [-63.864765, 44.537201], [-63.862233, 44.533361], [-63.863014, 44.533131], [-63.864385, 44.532467], [-63.861961, 44.527573], [-63.861574, 44.527446], [-63.861167, 44.528035], [-63.859478, 44.527452], [-63.859984, 44.526888], [-63.849042, 44.523079], [-63.847835, 44.522566], [-63.847136, 44.521766], [-63.846131, 44.521254], [-63.845314, 44.520218], [-63.844823, 44.517907], [-63.84297, 44.516896], [-63.842729, 44.515302], [-63.842494, 44.513226], [-63.842395, 44.512781], [-63.841935, 44.512297], [-63.841539, 44.511794], [-63.841632, 44.511102], [-63.846373, 44.513186], [-63.850689, 44.515833], [-63.858256, 44.516177], [-63.858875, 44.516052], [-63.859033, 44.515886], [-63.859746, 44.516043], [-63.859922, 44.516054], [-63.860028, 44.516002], [-63.864084, 44.516489], [-63.868515, 44.517129], [-63.870255, 44.517609], [-63.8709, 44.517576], [-63.871052, 44.517523], [-63.871169, 44.517234], [-63.871161, 44.5168], [-63.870875, 44.516337], [-63.870827, 44.516138], [-63.87081, 44.515251], [-63.872067, 44.517016], [-63.874591, 44.519395], [-63.877819, 44.517575], [-63.881419, 44.520951], [-63.882522, 44.518935], [-63.885606, 44.520896], [-63.879921, 44.523217], [-63.885974, 44.531082], [-63.888564, 44.5301], [-63.889089, 44.531815], [-63.890227, 44.531673], [-63.891465, 44.535862], [-63.887463, 44.535949], [-63.886726, 44.540265], [-63.874505, 44.53803], [-63.875812, 44.540638], [-63.867219, 44.542777], [-63.865844, 44.53965]]]}, "properties": {"OBJECTID": 174, "GSA_KEY": 178, "FCODE": "GSAPOLY", "GSA_NAME": "BIG LAKE", "MUN_CODE": "HRM", "GSA_REM": " ", "SOURCE": "CR", "DATE_ACT": 1051574400000, "SYS_DATE": null, "GLOBALID": "7dfdaa1c-266c-4c63-8d7e-e5b97a972279", "Shape__Area": 11728393.59765625, "Shape__Length": 20807.676751544794}}, {"type": "Feature", "id": 175, "geometry": {"type": "Polygon", "coordinates": [[[-63.531777, 44.51785], [-63.530652, 44.517832], [-63.530207, 44.517957], [-63.529813, 44.517741], [-63.48959, 44.51741], [-63.483553, 44.506495], [-63.489879, 44.472014], [-63.51487, 44.444653], [-63.521368, 44.447778], [-63.540012, 44.492625], [-63.544295, 44.491735], [-63.544777, 44.493079], [-63.545853, 44.492891], [-63.546258, 44.494111], [-63.545953, 44.494309], [-63.546098, 44.494466], [-63.547421, 44.495497], [-63.548696, 44.493917], [-63.549918, 44.494127], [-63.549797, 44.494528], [-63.551307, 44.49457], [-63.551296, 44.494619], [-63.551368, 44.49469], [-63.551385, 44.494797], [-63.551161, 44.495293], [-63.551239, 44.495446], [-63.551352, 44.49551], [-63.551457, 44.495894], [-63.551275, 44.496262], [-63.551235, 44.496442], [-63.551082, 44.496603], [-63.550772, 44.496601], [-63.550349, 44.496959], [-63.550131, 44.497214], [-63.550102, 44.497353], [-63.549869, 44.497611], [-63.549749, 44.497948], [-63.549713, 44.498715], [-63.550036, 44.49953], [-63.5502, 44.500087], [-63.550151, 44.500273], [-63.549987, 44.500396], [-63.549925, 44.500644], [-63.550104, 44.500845], [-63.55005, 44.501105], [-63.550128, 44.501726], [-63.550088, 44.501835], [-63.550012, 44.501888], [-63.549609, 44.501903], [-63.549533, 44.501974], [-63.549505, 44.502107], [-63.549591, 44.50228], [-63.55013, 44.502613], [-63.55119, 44.502703], [-63.551649, 44.505466], [-63.54795, 44.507126], [-63.542714, 44.508303], [-63.542442, 44.508273], [-63.542397, 44.508469], [-63.541413, 44.509442], [-63.535242, 44.515371], [-63.53476, 44.518719], [-63.531777, 44.51785]]]}, "properties": {"OBJECTID": 175, "GSA_KEY": 179, "FCODE": "GSAPOLY", "GSA_NAME": "DUNCANS COVE", "MUN_CODE": "HRM", "GSA_REM": "GSA NAME USED TO BE DUNCAN COVE", "SOURCE": "CR", "DATE_ACT": 980899200000, "SYS_DATE": 1391472000000, "GLOBALID": "c4f03aa8-4fb9-4e6b-b7cd-8d1881cca187", "Shape__Area": 53983877.19921875, "Shape__Length": 32610.19166282363}}, {"type": "Feature", "id": 176, "geometry": {"type": "Polygon", "coordinates": [[[-63.572936, 44.48106], [-63.572942, 44.480359], [-63.57586, 44.479328], [-63.580542, 44.478111], [-63.583007, 44.473185], [-63.584373, 44.470866], [-63.592688, 44.472982], [-63.588287, 44.479319], [-63.592869, 44.481609], [-63.592857, 44.482132], [-63.59312, 44.482166], [-63.592823, 44.483326], [-63.590993, 44.483218], [-63.590113, 44.483505], [-63.589891, 44.483186], [-63.589054, 44.483465], [-63.588958, 44.484068], [-63.589639, 44.48658], [-63.590105, 44.486475], [-63.590161, 44.486655], [-63.589952, 44.487744], [-63.591862, 44.487935], [-63.587963, 44.507701], [-63.585515, 44.507451], [-63.585372, 44.507738], [-63.582724, 44.510525], [-63.573676, 44.512068], [-63.575423, 44.506423], [-63.578809, 44.489783], [-63.574399, 44.490501], [-63.573267, 44.486876], [-63.575467, 44.486515], [-63.575379, 44.485782], [-63.574926, 44.485866], [-63.573115, 44.481738], [-63.573073, 44.481167], [-63.572936, 44.48106]]]}, "properties": {"OBJECTID": 176, "GSA_KEY": 181, "FCODE": "GSAPOLY", "GSA_NAME": "SAMBRO HEAD", "MUN_CODE": "HRM", "GSA_REM": " ", "SOURCE": "CR", "DATE_ACT": 980899200000, "SYS_DATE": null, "GLOBALID": "6adad30c-896f-4a62-9d79-e148c4d199ad", "Shape__Area": 8815472.3046875, "Shape__Length": 17487.5231430827}}, {"type": "Feature", "id": 177, "geometry": {"type": "Polygon", "coordinates": [[[-63.792742, 44.503156], [-63.793208, 44.502766], [-63.793839, 44.502457], [-63.79944, 44.503196], [-63.800765, 44.499757], [-63.801369, 44.500016], [-63.803397, 44.498337], [-63.802607, 44.497894], [-63.802808, 44.497579], [-63.802036, 44.497813], [-63.801176, 44.496955], [-63.800714, 44.496354], [-63.800425, 44.496072], [-63.800053, 44.495439], [-63.800143, 44.495413], [-63.79935, 44.494059], [-63.79968, 44.493831], [-63.799268, 44.493591], [-63.798198, 44.493234], [-63.796654, 44.493434], [-63.793375, 44.49427], [-63.793103, 44.497889], [-63.791084, 44.498388], [-63.792147, 44.500591], [-63.779463, 44.499478], [-63.779486, 44.497645], [-63.784336, 44.495947], [-63.782563, 44.491327], [-63.777251, 44.491249], [-63.767012, 44.473424], [-63.7768, 44.456145], [-63.789977, 44.437475], [-63.80617, 44.42007], [-63.846245, 44.451425], [-63.842306, 44.455067], [-63.82453, 44.480672], [-63.826735, 44.487444], [-63.821663, 44.491202], [-63.815333, 44.495579], [-63.813624, 44.4969], [-63.812044, 44.498299], [-63.810643, 44.499793], [-63.809116, 44.501759], [-63.804201, 44.509124], [-63.799293, 44.506523], [-63.791555, 44.504204], [-63.792742, 44.503156]]]}, "properties": {"OBJECTID": 177, "GSA_KEY": 182, "FCODE": "GSAPOLY", "GSA_NAME": "PROSPECT", "MUN_CODE": "HRM", "GSA_REM": " ", "SOURCE": "SD", "DATE_ACT": 980899200000, "SYS_DATE": 1498435200000, "GLOBALID": "0d43ef09-b7ac-4d4f-aaf0-6993e6783daa", "Shape__Area": 65152967.0703125, "Shape__Length": 39727.60559049853}}, {"type": "Feature", "id": 178, "geometry": {"type": "Polygon", "coordinates": [[[-63.549841, 44.502408], [-63.549591, 44.50228], [-63.549506, 44.50209], [-63.549533, 44.501974], [-63.549609, 44.501903], [-63.550012, 44.501888], [-63.550114, 44.501781], [-63.55013, 44.50161], [-63.55005, 44.501105], [-63.550104, 44.500845], [-63.549925, 44.500644], [-63.549987, 44.500396], [-63.550151, 44.500273], [-63.5502, 44.500087], [-63.550036, 44.49953], [-63.549713, 44.498715], [-63.549749, 44.497948], [-63.549869, 44.497611], [-63.550102, 44.497353], [-63.550131, 44.497214], [-63.550349, 44.496959], [-63.550772, 44.496601], [-63.551082, 44.496603], [-63.551235, 44.496442], [-63.551275, 44.496262], [-63.551457, 44.495894], [-63.551352, 44.49551], [-63.551239, 44.495446], [-63.551161, 44.495293], [-63.551385, 44.494797], [-63.551307, 44.49457], [-63.549797, 44.494528], [-63.549918, 44.494127], [-63.548696, 44.493917], [-63.547421, 44.495497], [-63.546098, 44.494466], [-63.545953, 44.494309], [-63.546258, 44.494111], [-63.545853, 44.492891], [-63.544777, 44.493079], [-63.544295, 44.491735], [-63.540012, 44.492625], [-63.521368, 44.447778], [-63.51487, 44.444653], [-63.539452, 44.417711], [-63.547963, 44.417782], [-63.559844, 44.466266], [-63.561513, 44.468936], [-63.564936, 44.476882], [-63.562771, 44.478612], [-63.562058, 44.478742], [-63.562592, 44.47905], [-63.563129, 44.479477], [-63.563918, 44.480651], [-63.564223, 44.481325], [-63.564544, 44.481755], [-63.564615, 44.482046], [-63.566618, 44.481627], [-63.567202, 44.48155], [-63.567271, 44.481643], [-63.567639, 44.481529], [-63.569019, 44.481529], [-63.571227, 44.481178], [-63.572936, 44.48106], [-63.573073, 44.481167], [-63.573115, 44.481738], [-63.574926, 44.485866], [-63.575379, 44.485782], [-63.575467, 44.486515], [-63.573267, 44.486876], [-63.574399, 44.490501], [-63.578809, 44.489783], [-63.575423, 44.506423], [-63.573676, 44.512068], [-63.551893, 44.516018], [-63.54795, 44.507126], [-63.551649, 44.505466], [-63.55119, 44.502703], [-63.55013, 44.502613], [-63.549841, 44.502408]]]}, "properties": {"OBJECTID": 178, "GSA_KEY": 183, "FCODE": "GSAPOLY", "GSA_NAME": "KETCH HARBOUR", "MUN_CODE": "HRM", "GSA_REM": " ", "SOURCE": "SD", "DATE_ACT": 980899200000, "SYS_DATE": 1391472000000, "GLOBALID": "27b2bab8-9fe4-43de-b084-1191b3de8270", "Shape__Area": 48699780.62109375, "Shape__Length": 39812.96760549651}}, {"type": "Feature", "id": 179, "geometry": {"type": "Polygon", "coordinates": [[[-63.87081, 44.515251], [-63.870505, 44.514847], [-63.868222, 44.511353], [-63.867351, 44.509916], [-63.867166, 44.509537], [-63.866917, 44.508131], [-63.866888, 44.507348], [-63.866929, 44.507051], [-63.867083, 44.506755], [-63.867772, 44.505895], [-63.868341, 44.505547], [-63.870653, 44.504642], [-63.871108, 44.504401], [-63.871718, 44.503864], [-63.872188, 44.503288], [-63.868751, 44.50127], [-63.867324, 44.497961], [-63.864776, 44.494405], [-63.861995, 44.491571], [-63.858868, 44.489541], [-63.853501, 44.486693], [-63.85016, 44.483695], [-63.845218, 44.483104], [-63.840045, 44.483154], [-63.834412, 44.484007], [-63.8308, 44.485194], [-63.826735, 44.487444], [-63.82453, 44.480672], [-63.842306, 44.455067], [-63.846245, 44.451425], [-63.855225, 44.458444], [-63.86706, 44.458445], [-63.883814, 44.494976], [-63.882348, 44.495376], [-63.883614, 44.496329], [-63.882366, 44.497279], [-63.884312, 44.498824], [-63.885843, 44.499498], [-63.88741, 44.50084], [-63.8876, 44.501322], [-63.889326, 44.503021], [-63.889477, 44.503099], [-63.889553, 44.503337], [-63.889784, 44.503392], [-63.889768, 44.503451], [-63.890047, 44.503496], [-63.890822, 44.503931], [-63.892163, 44.505229], [-63.892506, 44.50566], [-63.89266, 44.506023], [-63.892687, 44.506475], [-63.892461, 44.506926], [-63.892427, 44.50722], [-63.892547, 44.50783], [-63.89254, 44.508526], [-63.892744, 44.508934], [-63.908693, 44.522929], [-63.9047, 44.52262], [-63.90401, 44.524804], [-63.900532, 44.525335], [-63.901159, 44.526814], [-63.899911, 44.52697], [-63.900853, 44.530305], [-63.889089, 44.531815], [-63.888564, 44.5301], [-63.885974, 44.531082], [-63.879921, 44.523217], [-63.885606, 44.520896], [-63.882522, 44.518935], [-63.881419, 44.520951], [-63.877819, 44.517575], [-63.874591, 44.519395], [-63.872067, 44.517016], [-63.87081, 44.515251]]]}, "properties": {"OBJECTID": 179, "GSA_KEY": 184, "FCODE": "GSAPOLY", "GSA_NAME": "WEST DOVER", "MUN_CODE": "HRM", "GSA_REM": " ", "SOURCE": "CR", "DATE_ACT": 980899200000, "SYS_DATE": null, "GLOBALID": "5572fc74-41b4-47eb-8511-860b9eba3a2b", "Shape__Area": 37843942.13671875, "Shape__Length": 38637.93657029013}}, {"type": "Feature", "id": 180, "geometry": {"type": "Polygon", "coordinates": [[[-63.915471, 44.497663], [-63.915355, 44.497587], [-63.915174, 44.497718], [-63.915055, 44.497417], [-63.912805, 44.496188], [-63.912364, 44.496002], [-63.913213, 44.49586], [-63.9139, 44.495965], [-63.914131, 44.495748], [-63.913669, 44.495406], [-63.913475, 44.495204], [-63.913524, 44.49514], [-63.913155, 44.494937], [-63.91313, 44.494865], [-63.912691, 44.494687], [-63.911838, 44.4942], [-63.911113, 44.493693], [-63.910649, 44.493037], [-63.910554, 44.492247], [-63.910601, 44.490139], [-63.92506, 44.465523], [-63.947377, 44.474521], [-63.951991, 44.479893], [-63.932296, 44.489249], [-63.919854, 44.500104], [-63.918994, 44.499908], [-63.917757, 44.499293], [-63.916291, 44.498398], [-63.915471, 44.497663]]]}, "properties": {"OBJECTID": 180, "GSA_KEY": 185, "FCODE": "GSAPOLY", "GSA_NAME": "PEGGYS COVE", "MUN_CODE": "HRM", "GSA_REM": " ", "SOURCE": "CA", "DATE_ACT": 980899200000, "SYS_DATE": 1420761600000, "GLOBALID": "ce1ace0c-b912-4f6a-bd3f-a3bdb739ce6f", "Shape__Area": 12135346.1875, "Shape__Length": 15186.397388227133}}, {"type": "Feature", "id": 181, "geometry": {"type": "Polygon", "coordinates": [[[-63.621105, 44.480293], [-63.620503, 44.479481], [-63.621689, 44.474163], [-63.621957, 44.473942], [-63.622763, 44.473804], [-63.623428, 44.473827], [-63.624344, 44.473956], [-63.624736, 44.474132], [-63.625187, 44.474568], [-63.626087, 44.475159], [-63.626904, 44.474315], [-63.627846, 44.474795], [-63.628122, 44.475202], [-63.630677, 44.473178], [-63.633929, 44.469271], [-63.63937, 44.46581], [-63.646607, 44.455173], [-63.65402, 44.446586], [-63.664997, 44.439519], [-63.66872, 44.437259], [-63.671168, 44.416772], [-63.689194, 44.416777], [-63.688815, 44.421862], [-63.685686, 44.44885], [-63.682506, 44.459949], [-63.677479, 44.463669], [-63.672099, 44.46381], [-63.670043, 44.465348], [-63.669493, 44.467143], [-63.672605, 44.47676], [-63.66755, 44.477623], [-63.669104, 44.481425], [-63.67848, 44.47981], [-63.681026, 44.487396], [-63.664382, 44.489949], [-63.664091, 44.489049], [-63.6638, 44.489022], [-63.66289, 44.488639], [-63.662317, 44.488175], [-63.660994, 44.487849], [-63.654172, 44.484625], [-63.653257, 44.484061], [-63.652161, 44.483872], [-63.651634, 44.483896], [-63.651594, 44.484054], [-63.651746, 44.48459], [-63.651947, 44.484807], [-63.652102, 44.48522], [-63.652254, 44.485327], [-63.652535, 44.485713], [-63.653017, 44.486043], [-63.653094, 44.486214], [-63.652935, 44.486521], [-63.65299, 44.487099], [-63.652875, 44.487447], [-63.652474, 44.487452], [-63.651936, 44.487361], [-63.65161, 44.487191], [-63.651341, 44.486926], [-63.651123, 44.486983], [-63.650969, 44.48682], [-63.65045, 44.486558], [-63.649774, 44.48635], [-63.648187, 44.48537], [-63.647685, 44.484912], [-63.646914, 44.484628], [-63.646651, 44.484657], [-63.646585, 44.484369], [-63.646294, 44.484217], [-63.646154, 44.484065], [-63.645915, 44.484076], [-63.645813, 44.483923], [-63.645849, 44.483779], [-63.645773, 44.483716], [-63.64566, 44.483726], [-63.645621, 44.483636], [-63.645495, 44.483619], [-63.645431, 44.483556], [-63.64543, 44.483394], [-63.645202, 44.483332], [-63.645126, 44.483189], [-63.644924, 44.483181], [-63.644961, 44.483055], [-63.64491, 44.483001], [-63.644632, 44.482948], [-63.644264, 44.482635], [-63.644125, 44.482564], [-63.643962, 44.482556], [-63.643774, 44.482638], [-63.643526, 44.483], [-63.643439, 44.483054], [-63.643036, 44.483029], [-63.642875, 44.483264], [-63.642636, 44.48323], [-63.642487, 44.483393], [-63.642361, 44.483411], [-63.64235, 44.483528], [-63.642527, 44.48394], [-63.642084, 44.48441], [-63.641921, 44.484397], [-63.641263, 44.484016], [-63.640427, 44.48367], [-63.639737, 44.483523], [-63.638834, 44.483637], [-63.638284, 44.484044], [-63.63813, 44.484418], [-63.637949, 44.484608], [-63.637917, 44.484721], [-63.638141, 44.484974], [-63.638042, 44.485119], [-63.637554, 44.485401], [-63.637556, 44.485536], [-63.637431, 44.485663], [-63.637435, 44.486032], [-63.637336, 44.486149], [-63.636874, 44.486449], [-63.636686, 44.486504], [-63.636472, 44.486496], [-63.636156, 44.486318], [-63.63584, 44.486239], [-63.635589, 44.486231], [-63.635444, 44.486335], [-63.63607, 44.487226], [-63.635291, 44.487535], [-63.635444, 44.487834], [-63.635922, 44.488246], [-63.635648, 44.490292], [-63.63205, 44.489371], [-63.629478, 44.485762], [-63.627104, 44.482184], [-63.622067, 44.481148], [-63.621105, 44.480293]]]}, "properties": {"OBJECTID": 181, "GSA_KEY": 186, "FCODE": "GSAPOLY", "GSA_NAME": "WEST PENNANT", "MUN_CODE": "HRM", "GSA_REM": " ", "SOURCE": "DM", "DATE_ACT": 980899200000, "SYS_DATE": null, "GLOBALID": "20bf2018-5f2e-465a-81bb-8153fc976d7c", "Shape__Area": 39061660.7890625, "Shape__Length": 38922.04809257523}}, {"type": "Feature", "id": 182, "geometry": {"type": "Polygon", "coordinates": [[[-63.591179, 44.456911], [-63.588906, 44.463169], [-63.583007, 44.473185], [-63.580542, 44.478111], [-63.57586, 44.479328], [-63.572942, 44.480359], [-63.572936, 44.48106], [-63.571227, 44.481178], [-63.569019, 44.481529], [-63.567639, 44.481529], [-63.567271, 44.481643], [-63.567202, 44.48155], [-63.566618, 44.481627], [-63.564615, 44.482046], [-63.564544, 44.481755], [-63.564223, 44.481325], [-63.563918, 44.480651], [-63.563129, 44.479477], [-63.562592, 44.47905], [-63.562058, 44.478742], [-63.562771, 44.478612], [-63.564936, 44.476882], [-63.561513, 44.468936], [-63.559844, 44.466266], [-63.571757, 44.454504], [-63.591179, 44.456911]]]}, "properties": {"OBJECTID": 182, "GSA_KEY": 188, "FCODE": "GSAPOLY", "GSA_NAME": "BALD ROCK", "MUN_CODE": "HRM", "GSA_REM": " ", "SOURCE": "SD", "DATE_ACT": 980899200000, "SYS_DATE": null, "GLOBALID": "e47e21d6-49e4-4928-ab22-9b63ddd0ab95", "Shape__Area": 9487173.05078125, "Shape__Length": 12760.032456763165}}, {"type": "Feature", "id": 183, "geometry": {"type": "Polygon", "coordinates": [[[-63.621689, 44.474163], [-63.621577, 44.474019], [-63.621219, 44.474212], [-63.61954, 44.474761], [-63.617737, 44.474194], [-63.614394, 44.474282], [-63.611802, 44.471527], [-63.614677, 44.468904], [-63.615907, 44.468325], [-63.616933, 44.468198], [-63.617395, 44.468854], [-63.617567, 44.468962], [-63.618236, 44.469235], [-63.619826, 44.469605], [-63.620147, 44.469803], [-63.620986, 44.470399], [-63.621403, 44.470831], [-63.621917, 44.471513], [-63.622414, 44.471865], [-63.622561, 44.472057], [-63.622613, 44.471984], [-63.622664, 44.472038], [-63.622637, 44.471951], [-63.622706, 44.471852], [-63.623036, 44.471594], [-63.623245, 44.471221], [-63.623413, 44.471103], [-63.623471, 44.470925], [-63.6236, 44.469754], [-63.623774, 44.469239], [-63.62382, 44.468009], [-63.623993, 44.467533], [-63.624306, 44.467039], [-63.624577, 44.465592], [-63.624766, 44.464084], [-63.624743, 44.463747], [-63.624801, 44.463588], [-63.625194, 44.463234], [-63.625309, 44.462977], [-63.625312, 44.462798], [-63.625207, 44.46236], [-63.628816, 44.463897], [-63.632546, 44.462972], [-63.634053, 44.463242], [-63.634563, 44.462471], [-63.635404, 44.461862], [-63.635462, 44.461704], [-63.635504, 44.460691], [-63.642507, 44.4612], [-63.63937, 44.46581], [-63.633929, 44.469271], [-63.630677, 44.473178], [-63.628122, 44.475202], [-63.627846, 44.474795], [-63.626904, 44.474315], [-63.626087, 44.475159], [-63.625187, 44.474568], [-63.624736, 44.474132], [-63.624344, 44.473956], [-63.623428, 44.473827], [-63.622763, 44.473804], [-63.621957, 44.473942], [-63.621689, 44.474163]]]}, "properties": {"OBJECTID": 183, "GSA_KEY": 189, "FCODE": "GSAPOLY", "GSA_NAME": "EAST PENNANT", "MUN_CODE": "HRM", "GSA_REM": " ", "SOURCE": "DM", "DATE_ACT": 980899200000, "SYS_DATE": null, "GLOBALID": "ee33bfa2-69e1-47ef-9102-d057cf9ca58b", "Shape__Area": 3300927.05859375, "Shape__Length": 10702.413039637959}}, {"type": "Feature", "id": 184, "geometry": {"type": "Polygon", "coordinates": [[[-63.6238, 44.41839], [-63.666045, 44.418708], [-63.666045, 44.416771], [-63.671168, 44.416772], [-63.66872, 44.437259], [-63.664997, 44.439519], [-63.65402, 44.446586], [-63.646607, 44.455173], [-63.642507, 44.4612], [-63.635504, 44.460691], [-63.635462, 44.461704], [-63.635404, 44.461862], [-63.634563, 44.462471], [-63.634053, 44.463242], [-63.632546, 44.462972], [-63.628816, 44.463897], [-63.625207, 44.46236], [-63.625312, 44.462798], [-63.625309, 44.462977], [-63.625194, 44.463234], [-63.624801, 44.463588], [-63.624743, 44.463747], [-63.624766, 44.464084], [-63.624577, 44.465592], [-63.624306, 44.467039], [-63.623993, 44.467533], [-63.62382, 44.468009], [-63.623774, 44.469239], [-63.6236, 44.469754], [-63.623471, 44.470925], [-63.623413, 44.471103], [-63.623245, 44.471221], [-63.623036, 44.471594], [-63.622706, 44.471852], [-63.622637, 44.471951], [-63.622664, 44.472038], [-63.622613, 44.471984], [-63.622561, 44.472057], [-63.622414, 44.471865], [-63.621917, 44.471513], [-63.621403, 44.470831], [-63.620986, 44.470399], [-63.620147, 44.469803], [-63.619826, 44.469605], [-63.618236, 44.469235], [-63.617567, 44.468962], [-63.617395, 44.468854], [-63.616933, 44.468198], [-63.615907, 44.468325], [-63.614677, 44.468904], [-63.61178, 44.471543], [-63.608794, 44.472716], [-63.598165, 44.470041], [-63.595031, 44.469608], [-63.606306, 44.453364], [-63.61622, 44.435539], [-63.6238, 44.41839]]]}, "properties": {"OBJECTID": 184, "GSA_KEY": 190, "FCODE": "GSAPOLY", "GSA_NAME": "SAMBRO CREEK", "MUN_CODE": "HRM", "GSA_REM": " ", "SOURCE": "DM", "DATE_ACT": 980899200000, "SYS_DATE": null, "GLOBALID": "8e456133-a378-4aec-8ea8-bc1288e436b7", "Shape__Area": 39766914.53515625, "Shape__Length": 29819.415726948708}}, {"type": "Feature", "id": 185, "geometry": {"type": "Polygon", "coordinates": [[[-63.704438, 44.416779], [-63.752817, 44.416774], [-63.746851, 44.452365], [-63.746556, 44.453551], [-63.733924, 44.457277], [-63.729084, 44.458546], [-63.726272, 44.459942], [-63.723744, 44.460462], [-63.719645, 44.460109], [-63.718043, 44.455915], [-63.718225, 44.455678], [-63.717472, 44.454518], [-63.717986, 44.452326], [-63.717581, 44.446428], [-63.71293, 44.444201], [-63.704438, 44.416779]]]}, "properties": {"OBJECTID": 185, "GSA_KEY": 191, "FCODE": "GSAPOLY", "GSA_NAME": "LOWER PROSPECT", "MUN_CODE": "HRM", "GSA_REM": " ", "SOURCE": "CR", "DATE_ACT": 980899200000, "SYS_DATE": null, "GLOBALID": "9b25318b-4bf0-486d-b135-c89ebf73d41c", "Shape__Area": 26776075.94921875, "Shape__Length": 21579.282248129464}}, {"type": "Feature", "id": 186, "geometry": {"type": "Polygon", "coordinates": [[[-63.841632, 44.511102], [-63.84168, 44.51074], [-63.843033, 44.507802], [-63.843169, 44.502673], [-63.8428, 44.50184], [-63.847075, 44.500513], [-63.847978, 44.500381], [-63.848065, 44.500519], [-63.848359, 44.500679], [-63.848841, 44.500803], [-63.849611, 44.500919], [-63.849325, 44.502756], [-63.850135, 44.504443], [-63.851562, 44.506141], [-63.852446, 44.506325], [-63.852892, 44.50592], [-63.854006, 44.508152], [-63.855894, 44.51153], [-63.85755, 44.514743], [-63.858818, 44.515593], [-63.859377, 44.515788], [-63.859834, 44.515863], [-63.859922, 44.516054], [-63.859033, 44.515886], [-63.858875, 44.516052], [-63.858256, 44.516177], [-63.850689, 44.515833], [-63.846373, 44.513186], [-63.841632, 44.511102]]]}, "properties": {"OBJECTID": 186, "GSA_KEY": 192, "FCODE": "GSAPOLY", "GSA_NAME": "MCGRATHS COVE", "MUN_CODE": "HRM", "GSA_REM": null, "SOURCE": "CR", "DATE_ACT": 1035158400000, "SYS_DATE": null, "GLOBALID": "075f236f-fd1a-47cb-a347-371003c45efa", "Shape__Area": 2526909.796875, "Shape__Length": 7489.157033313598}}, {"type": "Feature", "id": 187, "geometry": {"type": "Polygon", "coordinates": [[[-63.5242, 44.743799], [-63.515314, 44.738461], [-63.496955, 44.742704], [-63.496147, 44.740175], [-63.491979, 44.736297], [-63.489929, 44.734617], [-63.490779, 44.731869], [-63.490941, 44.731519], [-63.490636, 44.731217], [-63.490622, 44.730989], [-63.490174, 44.730225], [-63.490218, 44.72982], [-63.490825, 44.729241], [-63.490788, 44.729178], [-63.490186, 44.728957], [-63.489971, 44.728973], [-63.489934, 44.728892], [-63.490729, 44.728433], [-63.491574, 44.729349], [-63.497577, 44.728239], [-63.503652, 44.723027], [-63.501723, 44.718479], [-63.505351, 44.717109], [-63.504833, 44.716531], [-63.505522, 44.716272], [-63.506384, 44.716123], [-63.506601, 44.716634], [-63.510536, 44.715127], [-63.511463, 44.716361], [-63.513289, 44.714828], [-63.520311, 44.709754], [-63.52666, 44.714341], [-63.528913, 44.715912], [-63.530902, 44.717502], [-63.532106, 44.718618], [-63.533428, 44.720142], [-63.533973, 44.720896], [-63.534475, 44.721712], [-63.535433, 44.723479], [-63.535885, 44.724471], [-63.536049, 44.725211], [-63.536499, 44.726371], [-63.536833, 44.727404], [-63.537023, 44.727726], [-63.537388, 44.728119], [-63.538341, 44.728869], [-63.53808, 44.729227], [-63.538533, 44.729017], [-63.53904, 44.729352], [-63.539647, 44.729668], [-63.543979, 44.731372], [-63.54458, 44.731752], [-63.545056, 44.732141], [-63.545544, 44.732681], [-63.545911, 44.733271], [-63.547076, 44.736141], [-63.547499, 44.736881], [-63.547929, 44.737495], [-63.547718, 44.73754], [-63.548278, 44.738683], [-63.542246, 44.739991], [-63.54168, 44.738674], [-63.539089, 44.739231], [-63.539723, 44.740534], [-63.5242, 44.743799]]]}, "properties": {"OBJECTID": 187, "GSA_KEY": 193, "FCODE": "GSAPOLY", "GSA_NAME": "MONTAGUE GOLD MINES", "MUN_CODE": "HRM", "GSA_REM": null, "SOURCE": "CS", "DATE_ACT": 1066176000000, "SYS_DATE": 1505347200000, "GLOBALID": "a15c35c0-0264-42ce-b7d6-2e393f2bd701", "Shape__Area": 19540459.8671875, "Shape__Length": 20799.23456002508}}, {"type": "Feature", "id": 188, "geometry": {"type": "Polygon", "coordinates": [[[-63.694323, 44.627121], [-63.694315, 44.627009], [-63.694391, 44.626965], [-63.694392, 44.626911], [-63.694256, 44.626676], [-63.694269, 44.626622], [-63.694498, 44.626489], [-63.69464, 44.626274], [-63.69452, 44.62585], [-63.694736, 44.625698], [-63.694775, 44.625609], [-63.694914, 44.625564], [-63.694979, 44.625448], [-63.695077, 44.625611], [-63.695178, 44.625602], [-63.695255, 44.625493], [-63.695169, 44.625377], [-63.695246, 44.625288], [-63.695146, 44.625179], [-63.695116, 44.624612], [-63.695609, 44.624525], [-63.69585, 44.624437], [-63.695853, 44.624203], [-63.695567, 44.62394], [-63.695644, 44.623806], [-63.695771, 44.623717], [-63.695798, 44.623618], [-63.696366, 44.623523], [-63.696603, 44.623695], [-63.696996, 44.623536], [-63.697148, 44.623519], [-63.697543, 44.623207], [-63.698063, 44.622941], [-63.698282, 44.622591], [-63.698323, 44.622349], [-63.698237, 44.622204], [-63.697974, 44.622103], [-63.697912, 44.622031], [-63.697748, 44.622029], [-63.697687, 44.621912], [-63.697725, 44.621849], [-63.698282, 44.621682], [-63.698334, 44.621602], [-63.698421, 44.621611], [-63.698498, 44.621522], [-63.698514, 44.621288], [-63.698745, 44.621002], [-63.699049, 44.620905], [-63.699357, 44.620493], [-63.700092, 44.62021], [-63.70001, 44.619732], [-63.700302, 44.6196], [-63.700617, 44.619539], [-63.70096, 44.619379], [-63.70098, 44.61883], [-63.700957, 44.61865], [-63.700907, 44.618641], [-63.700514, 44.618782], [-63.700182, 44.619122], [-63.699511, 44.619333], [-63.699145, 44.619366], [-63.699046, 44.619303], [-63.698972, 44.619122], [-63.698142, 44.618999], [-63.69808, 44.618945], [-63.698069, 44.618855], [-63.698285, 44.618676], [-63.698326, 44.618497], [-63.697915, 44.618152], [-63.69803, 44.618], [-63.698031, 44.617919], [-63.697971, 44.617886], [-63.698454, 44.615042], [-63.700181, 44.605688], [-63.702419, 44.605471], [-63.702216, 44.603979], [-63.704038, 44.600218], [-63.704364, 44.599396], [-63.705353, 44.597281], [-63.710241, 44.591537], [-63.709635, 44.590596], [-63.710128, 44.590495], [-63.711139, 44.590174], [-63.711988, 44.590041], [-63.712516, 44.590039], [-63.71278, 44.589989], [-63.714771, 44.588937], [-63.715065, 44.588942], [-63.715678, 44.589227], [-63.716265, 44.589336], [-63.717308, 44.589033], [-63.717857, 44.588942], [-63.719179, 44.588924], [-63.719797, 44.588869], [-63.720627, 44.588997], [-63.720954, 44.58899], [-63.721264, 44.588916], [-63.722291, 44.588432], [-63.722714, 44.588327], [-63.723591, 44.58818], [-63.724095, 44.588201], [-63.725041, 44.588064], [-63.725482, 44.588071], [-63.725764, 44.588132], [-63.726748, 44.588498], [-63.728637, 44.589002], [-63.729745, 44.589473], [-63.729985, 44.589465], [-63.731368, 44.589124], [-63.732244, 44.589098], [-63.733539, 44.58926], [-63.734814, 44.589057], [-63.735297, 44.589145], [-63.736412, 44.589634], [-63.737085, 44.589715], [-63.737671, 44.58962], [-63.738627, 44.589285], [-63.739813, 44.589081], [-63.741292, 44.588612], [-63.741828, 44.588498], [-63.742644, 44.588464], [-63.743584, 44.588588], [-63.746838, 44.588036], [-63.749365, 44.587982], [-63.750254, 44.588083], [-63.752758, 44.588748], [-63.75499, 44.58923], [-63.755575, 44.589411], [-63.756416, 44.589804], [-63.756901, 44.589973], [-63.759, 44.590359], [-63.759585, 44.59065], [-63.760162, 44.590838], [-63.761288, 44.591004], [-63.765925, 44.591281], [-63.766201, 44.591324], [-63.766101, 44.591402], [-63.766242, 44.591417], [-63.766175, 44.59149], [-63.766879, 44.591602], [-63.767299, 44.591754], [-63.767592, 44.591911], [-63.767307, 44.592113], [-63.767424, 44.594148], [-63.769173, 44.598114], [-63.761933, 44.599767], [-63.768713, 44.614554], [-63.775711, 44.625524], [-63.779026, 44.629953], [-63.775938, 44.63099], [-63.770412, 44.632972], [-63.769203, 44.63352], [-63.76715, 44.634318], [-63.764463, 44.634979], [-63.763244, 44.63534], [-63.762926, 44.635563], [-63.76275, 44.635835], [-63.76269, 44.636831], [-63.762833, 44.638369], [-63.762945, 44.638886], [-63.763457, 44.640571], [-63.764628, 44.643849], [-63.765063, 44.645574], [-63.765433, 44.647531], [-63.765702, 44.648631], [-63.766426, 44.65041], [-63.766476, 44.650968], [-63.766485, 44.652495], [-63.766544, 44.652999], [-63.766877, 44.654285], [-63.767042, 44.65466], [-63.76741, 44.656685], [-63.767528, 44.657127], [-63.767616, 44.657356], [-63.76797, 44.657804], [-63.768162, 44.658166], [-63.768424, 44.659859], [-63.768559, 44.660384], [-63.771156, 44.664626], [-63.771702, 44.665836], [-63.760652, 44.661047], [-63.758807, 44.659842], [-63.757826, 44.659088], [-63.756286, 44.6577], [-63.753689, 44.654825], [-63.75396, 44.652525], [-63.751616, 44.652501], [-63.74531, 44.645405], [-63.74462, 44.644718], [-63.743988, 44.644187], [-63.743279, 44.643674], [-63.742393, 44.643131], [-63.74163, 44.642733], [-63.740352, 44.642189], [-63.736841, 44.641035], [-63.736365, 44.640816], [-63.730328, 44.638977], [-63.727088, 44.638096], [-63.725829, 44.63782], [-63.721773, 44.636237], [-63.718913, 44.63492], [-63.717849, 44.634362], [-63.716106, 44.633279], [-63.715803, 44.633468], [-63.715824, 44.633182], [-63.714624, 44.632906], [-63.713092, 44.632715], [-63.712001, 44.632467], [-63.706507, 44.630335], [-63.701077, 44.628298], [-63.699996, 44.627976], [-63.697801, 44.627475], [-63.696032, 44.627228], [-63.694323, 44.627121]]]}, "properties": {"OBJECTID": 188, "GSA_KEY": 195, "FCODE": "GSAPOLY", "GSA_NAME": "OTTER LAKE", "MUN_CODE": "HRM", "GSA_REM": " ", "SOURCE": "DM", "DATE_ACT": 1088121600000, "SYS_DATE": 1706715885000, "GLOBALID": "253f356b-080b-4e4e-ac19-66f519684bfe", "Shape__Area": 62662007.0625, "Shape__Length": 39217.10723845169}}, {"type": "Feature", "id": 189, "geometry": {"type": "Polygon", "coordinates": [[[-63.192329, 44.71348], [-63.19225, 44.712952], [-63.191891, 44.713479], [-63.179119, 44.716481], [-63.17759, 44.713233], [-63.171757, 44.701821], [-63.175041, 44.68768], [-63.188556, 44.66681], [-63.191985, 44.662393], [-63.20167, 44.654049], [-63.234893, 44.670246], [-63.234879, 44.683706], [-63.236878, 44.688986], [-63.231468, 44.689521], [-63.229995, 44.689845], [-63.230648, 44.693903], [-63.228906, 44.699971], [-63.228056, 44.700918], [-63.227077, 44.701433], [-63.225816, 44.701527], [-63.224755, 44.701695], [-63.222979, 44.702322], [-63.222466, 44.702711], [-63.222251, 44.703355], [-63.222133, 44.704144], [-63.222114, 44.705006], [-63.2219, 44.705578], [-63.221883, 44.706332], [-63.221754, 44.707624], [-63.221487, 44.708303], [-63.221214, 44.708695], [-63.219733, 44.70943], [-63.2199, 44.709498], [-63.21975, 44.709654], [-63.220074, 44.709787], [-63.220411, 44.710001], [-63.212098, 44.712112], [-63.212067, 44.712291], [-63.21188, 44.712552], [-63.210575, 44.712985], [-63.210582, 44.713228], [-63.210339, 44.713396], [-63.210102, 44.713258], [-63.210233, 44.713044], [-63.21005, 44.712847], [-63.209974, 44.712652], [-63.192861, 44.716994], [-63.192329, 44.71348]]]}, "properties": {"OBJECTID": 189, "GSA_KEY": 196, "FCODE": "GSAPOLY", "GSA_NAME": "LOWER EAST CHEZZETCOOK", "MUN_CODE": "HRM", "GSA_REM": " ", "SOURCE": "CR", "DATE_ACT": 1119916800000, "SYS_DATE": 1369180800000, "GLOBALID": "805bac54-6580-491b-afe2-1cf2f4800f5a", "Shape__Area": 47605851.2421875, "Shape__Length": 28463.316815759303}}, {"type": "Feature", "id": 190, "geometry": {"type": "Polygon", "coordinates": [[[-63.801066, 44.83874], [-63.789049, 44.827742], [-63.790022, 44.827433], [-63.790556, 44.827328], [-63.790833, 44.827182], [-63.790864, 44.826923], [-63.79064, 44.82641], [-63.790265, 44.825865], [-63.789899, 44.825527], [-63.788724, 44.825265], [-63.787131, 44.825239], [-63.786846, 44.825157], [-63.786702, 44.825008], [-63.786895, 44.824339], [-63.786886, 44.824167], [-63.786688, 44.82389], [-63.785635, 44.823756], [-63.785455, 44.82332], [-63.785185, 44.822907], [-63.784868, 44.82225], [-63.785019, 44.821784], [-63.784518, 44.821006], [-63.783647, 44.820689], [-63.782594, 44.81968], [-63.782623, 44.818896], [-63.782522, 44.81866], [-63.782386, 44.818557], [-63.781952, 44.818522], [-63.78178, 44.818381], [-63.781315, 44.817835], [-63.780287, 44.81709], [-63.780127, 44.816878], [-63.780186, 44.816586], [-63.780485, 44.816029], [-63.780739, 44.815408], [-63.781233, 44.814952], [-63.781292, 44.814725], [-63.781065, 44.81452], [-63.780777, 44.814159], [-63.78078, 44.813951], [-63.780866, 44.813804], [-63.781098, 44.813617], [-63.78191, 44.811942], [-63.78221, 44.8117], [-63.78256, 44.811511], [-63.783223, 44.811439], [-63.783366, 44.810298], [-63.783337, 44.80993], [-63.783254, 44.809878], [-63.782827, 44.809911], [-63.782733, 44.809795], [-63.782856, 44.809412], [-63.782822, 44.808949], [-63.782626, 44.808512], [-63.782393, 44.808283], [-63.78223, 44.807879], [-63.782374, 44.807552], [-63.782418, 44.807205], [-63.782392, 44.806578], [-63.782256, 44.806206], [-63.782101, 44.806069], [-63.781765, 44.805979], [-63.78169, 44.805735], [-63.781715, 44.805536], [-63.781572, 44.805303], [-63.781316, 44.80511], [-63.780792, 44.804859], [-63.780828, 44.804692], [-63.780236, 44.804464], [-63.779948, 44.804151], [-63.780178, 44.803761], [-63.780261, 44.803347], [-63.780096, 44.803106], [-63.779517, 44.802799], [-63.779397, 44.802487], [-63.779469, 44.80212], [-63.77934, 44.801656], [-63.778734, 44.800797], [-63.77864, 44.800488], [-63.778987, 44.800341], [-63.784577, 44.793289], [-63.792235, 44.783293], [-63.790417, 44.78257], [-63.804429, 44.764878], [-63.80333, 44.76411], [-63.813213, 44.757192], [-63.808531, 44.754345], [-63.810029, 44.754715], [-63.80346, 44.750701], [-63.80972, 44.746099], [-63.810366, 44.745534], [-63.813871, 44.742836], [-63.815509, 44.743585], [-63.817297, 44.744586], [-63.820763, 44.741922], [-63.8217, 44.742521], [-63.822021, 44.742364], [-63.822932, 44.741623], [-63.823425, 44.741157], [-63.823698, 44.740707], [-63.824172, 44.739625], [-63.836738, 44.730582], [-63.837028, 44.730428], [-63.83904, 44.731816], [-63.848257, 44.725125], [-63.860326, 44.732468], [-63.860371, 44.732285], [-63.860283, 44.732091], [-63.860356, 44.731941], [-63.860566, 44.73201], [-63.86078, 44.732219], [-63.86108, 44.732278], [-63.861351, 44.732597], [-63.862989, 44.731362], [-63.864016, 44.73187], [-63.864285, 44.731744], [-63.864186, 44.731902], [-63.864199, 44.731967], [-63.865096, 44.732599], [-63.865241, 44.7328], [-63.86518, 44.732966], [-63.864944, 44.733227], [-63.86487, 44.733415], [-63.864919, 44.733701], [-63.865012, 44.733826], [-63.865216, 44.733891], [-63.865456, 44.734105], [-63.865624, 44.734149], [-63.865623, 44.734248], [-63.865936, 44.73471], [-63.86584, 44.734947], [-63.865582, 44.735066], [-63.865556, 44.735227], [-63.86539, 44.735397], [-63.865194, 44.735775], [-63.865028, 44.735978], [-63.869929, 44.734919], [-63.870618, 44.736037], [-63.873369, 44.742046], [-63.872048, 44.743236], [-63.87013, 44.74793], [-63.870019, 44.749714], [-63.868419, 44.754507], [-63.868465, 44.756568], [-63.868403, 44.756989], [-63.868118, 44.757044], [-63.867912, 44.75719], [-63.867817, 44.757481], [-63.867678, 44.759792], [-63.867789, 44.762129], [-63.867674, 44.76229], [-63.866255, 44.762883], [-63.865836, 44.763716], [-63.865741, 44.764113], [-63.865985, 44.764649], [-63.866028, 44.764974], [-63.866457, 44.765293], [-63.867637, 44.765608], [-63.867975, 44.766007], [-63.867961, 44.766202], [-63.867833, 44.76642], [-63.867582, 44.766532], [-63.866351, 44.766639], [-63.865825, 44.766855], [-63.865336, 44.766763], [-63.865097, 44.766794], [-63.864804, 44.766525], [-63.864407, 44.766369], [-63.86377, 44.76626], [-63.862346, 44.766373], [-63.861897, 44.766809], [-63.858411, 44.771023], [-63.856817, 44.775184], [-63.858138, 44.77614], [-63.858271, 44.776474], [-63.860442, 44.777873], [-63.863112, 44.781579], [-63.849694, 44.801937], [-63.84892, 44.801879], [-63.848595, 44.801589], [-63.848356, 44.801453], [-63.848, 44.801658], [-63.847671, 44.801737], [-63.847619, 44.80179], [-63.847399, 44.802248], [-63.847461, 44.802419], [-63.847934, 44.802998], [-63.848006, 44.80334], [-63.847992, 44.803529], [-63.847756, 44.804212], [-63.847689, 44.804571], [-63.847419, 44.804975], [-63.846921, 44.80544], [-63.84636, 44.805851], [-63.845912, 44.806352], [-63.845628, 44.806828], [-63.845446, 44.807331], [-63.845099, 44.807851], [-63.844952, 44.808525], [-63.844654, 44.809117], [-63.843999, 44.810094], [-63.843426, 44.810397], [-63.8433, 44.810396], [-63.843263, 44.810324], [-63.843268, 44.809856], [-63.843281, 44.809784], [-63.843472, 44.809704], [-63.843487, 44.809533], [-63.843437, 44.809461], [-63.843465, 44.809182], [-63.843568, 44.809075], [-63.843607, 44.808931], [-63.84318, 44.80873], [-63.84288, 44.808396], [-63.842704, 44.808278], [-63.842452, 44.808204], [-63.842061, 44.808184], [-63.841822, 44.808093], [-63.841684, 44.807984], [-63.840723, 44.807978], [-63.840508, 44.808022], [-63.840205, 44.807984], [-63.839462, 44.807719], [-63.838147, 44.807685], [-63.837884, 44.807467], [-63.837745, 44.807511], [-63.837657, 44.807484], [-63.837558, 44.807222], [-63.837654, 44.806638], [-63.837691, 44.805594], [-63.837576, 44.804612], [-63.837467, 44.804126], [-63.837247, 44.803486], [-63.83685, 44.802871], [-63.836737, 44.802745], [-63.836547, 44.80278], [-63.836292, 44.802994], [-63.836099, 44.803272], [-63.835543, 44.804394], [-63.835119, 44.804958], [-63.834303, 44.805592], [-63.833442, 44.806775], [-63.833353, 44.80682], [-63.833012, 44.806836], [-63.832693, 44.807041], [-63.832578, 44.80722], [-63.832535, 44.807589], [-63.832602, 44.808363], [-63.832887, 44.808932], [-63.833425, 44.809412], [-63.833283, 44.809645], [-63.832913, 44.809922], [-63.832646, 44.810055], [-63.832352, 44.810306], [-63.831934, 44.810384], [-63.831933, 44.810528], [-63.832069, 44.810799], [-63.832067, 44.810898], [-63.831583, 44.811282], [-63.831418, 44.811299], [-63.831355, 44.811263], [-63.831206, 44.811091], [-63.830959, 44.810559], [-63.830599, 44.80998], [-63.830023, 44.8095], [-63.829821, 44.809436], [-63.829581, 44.809435], [-63.829441, 44.809551], [-63.829133, 44.809954], [-63.828989, 44.810322], [-63.828894, 44.810897], [-63.82889, 44.811257], [-63.829062, 44.811726], [-63.829186, 44.811925], [-63.829824, 44.812487], [-63.830113, 44.812623], [-63.830567, 44.812716], [-63.830414, 44.81285], [-63.830208, 44.813182], [-63.829967, 44.81328], [-63.82989, 44.81336], [-63.829901, 44.813513], [-63.829987, 44.813694], [-63.830175, 44.813875], [-63.830211, 44.813974], [-63.83021, 44.814109], [-63.830132, 44.814243], [-63.829687, 44.814493], [-63.828794, 44.815145], [-63.8283, 44.81525], [-63.827732, 44.815192], [-63.827818, 44.815364], [-63.827729, 44.815453], [-63.8274, 44.815451], [-63.827036, 44.815233], [-63.826796, 44.815169], [-63.826458, 44.814933], [-63.826105, 44.814832], [-63.825928, 44.81484], [-63.825901, 44.814939], [-63.825825, 44.814992], [-63.825663, 44.814811], [-63.825524, 44.814792], [-63.825473, 44.814846], [-63.825483, 44.814999], [-63.825382, 44.815043], [-63.825257, 44.81489], [-63.825055, 44.81488], [-63.825042, 44.814942], [-63.825116, 44.815078], [-63.82495, 44.815185], [-63.824922, 44.815482], [-63.824971, 44.81559], [-63.825209, 44.815726], [-63.825525, 44.8158], [-63.825778, 44.815784], [-63.825881, 44.815577], [-63.826031, 44.815722], [-63.82617, 44.815732], [-63.826234, 44.815705], [-63.826238, 44.815327], [-63.826378, 44.815247], [-63.826643, 44.815312], [-63.826755, 44.815439], [-63.826766, 44.815574], [-63.826714, 44.815699], [-63.826738, 44.815843], [-63.826584, 44.816031], [-63.826139, 44.816281], [-63.82587, 44.816558], [-63.825565, 44.816673], [-63.825271, 44.816924], [-63.825283, 44.817023], [-63.825559, 44.817213], [-63.825545, 44.817312], [-63.825356, 44.817302], [-63.824587, 44.817037], [-63.824269, 44.817242], [-63.824192, 44.817349], [-63.824175, 44.817718], [-63.824575, 44.818116], [-63.825166, 44.818399], [-63.825253, 44.81848], [-63.825364, 44.81876], [-63.825439, 44.818833], [-63.825652, 44.818942], [-63.826434, 44.819135], [-63.826534, 44.819235], [-63.826444, 44.819396], [-63.825922, 44.819717], [-63.825792, 44.819987], [-63.825677, 44.820103], [-63.825269, 44.820352], [-63.824835, 44.820728], [-63.824693, 44.820952], [-63.824554, 44.821014], [-63.824187, 44.82103], [-63.824046, 44.821128], [-63.824071, 44.821173], [-63.823729, 44.821261], [-63.823677, 44.821342], [-63.823676, 44.821405], [-63.823914, 44.82164], [-63.823912, 44.821811], [-63.823962, 44.821857], [-63.82414, 44.821786], [-63.824304, 44.821787], [-63.824568, 44.821959], [-63.824802, 44.822465], [-63.824813, 44.822636], [-63.825012, 44.82288], [-63.82487, 44.823122], [-63.824944, 44.823302], [-63.82483, 44.823284], [-63.824504, 44.823066], [-63.824074, 44.823063], [-63.823925, 44.822837], [-63.823941, 44.822594], [-63.824247, 44.822371], [-63.823782, 44.82209], [-63.82353, 44.822025], [-63.823193, 44.821627], [-63.822813, 44.821661], [-63.822749, 44.821804], [-63.822609, 44.821858], [-63.822594, 44.822055], [-63.821722, 44.822005], [-63.821124, 44.822362], [-63.820782, 44.822378], [-63.820589, 44.822629], [-63.820689, 44.822782], [-63.820965, 44.822955], [-63.820988, 44.823108], [-63.820812, 44.823089], [-63.820485, 44.822925], [-63.82026, 44.822708], [-63.81993, 44.822787], [-63.819753, 44.822768], [-63.819511, 44.822937], [-63.819283, 44.822963], [-63.819307, 44.823107], [-63.819659, 44.823289], [-63.819631, 44.823451], [-63.818914, 44.823141], [-63.818635, 44.823202], [-63.818482, 44.823318], [-63.818052, 44.823369], [-63.817899, 44.823476], [-63.817696, 44.823538], [-63.816992, 44.823129], [-63.816778, 44.823101], [-63.816637, 44.823217], [-63.816673, 44.823424], [-63.816773, 44.823524], [-63.8171, 44.823652], [-63.817288, 44.823788], [-63.817185, 44.823913], [-63.816746, 44.823659], [-63.816594, 44.823622], [-63.816618, 44.823793], [-63.817332, 44.824364], [-63.817405, 44.824589], [-63.817492, 44.82468], [-63.818072, 44.824872], [-63.818168, 44.825278], [-63.818142, 44.825341], [-63.817863, 44.825402], [-63.817294, 44.825381], [-63.817156, 44.825317], [-63.81684, 44.825288], [-63.816791, 44.825153], [-63.816578, 44.824981], [-63.816402, 44.824916], [-63.8162, 44.824915], [-63.815999, 44.824743], [-63.815747, 44.824742], [-63.815442, 44.824821], [-63.815404, 44.824865], [-63.81544, 44.824965], [-63.815944, 44.825184], [-63.81637, 44.825465], [-63.816268, 44.825573], [-63.816354, 44.825789], [-63.816326, 44.825978], [-63.815907, 44.826146], [-63.815541, 44.826126], [-63.815261, 44.826233], [-63.81526, 44.826287], [-63.815385, 44.826404], [-63.81532, 44.826611], [-63.815317, 44.826863], [-63.815024, 44.826996], [-63.814832, 44.827229], [-63.814728, 44.827435], [-63.814737, 44.827795], [-63.814698, 44.827867], [-63.814558, 44.827902], [-63.814217, 44.827855], [-63.814101, 44.828115], [-63.813845, 44.828294], [-63.813504, 44.828265], [-63.813381, 44.828039], [-63.812963, 44.828073], [-63.812772, 44.828215], [-63.812744, 44.828404], [-63.81226, 44.828707], [-63.812119, 44.82885], [-63.811954, 44.828921], [-63.811396, 44.829035], [-63.810864, 44.829059], [-63.81054, 44.828706], [-63.810618, 44.828499], [-63.810191, 44.82829], [-63.810231, 44.828065], [-63.810021, 44.827939], [-63.801447, 44.83912], [-63.801066, 44.83874]]]}, "properties": {"OBJECTID": 190, "GSA_KEY": 197, "FCODE": "GSAPOLY", "GSA_NAME": "UPPER HAMMONDS PLAINS", "MUN_CODE": "HRM", "GSA_REM": " ", "SOURCE": "CR", "DATE_ACT": 1182124800000, "SYS_DATE": 1607472000000, "GLOBALID": "4e7e0045-132e-40b4-90c7-2628bef4e78e", "Shape__Area": 98995284.13671875, "Shape__Length": 56940.348066080434}}, {"type": "Feature", "id": 191, "geometry": {"type": "Polygon", "coordinates": [[[-62.628511, 44.86774], [-62.626066, 44.861872], [-62.627991, 44.86002], [-62.623059, 44.848196], [-62.623411, 44.848122], [-62.622927, 44.846938], [-62.622443, 44.84676], [-62.622596, 44.846577], [-62.622497, 44.846331], [-62.622418, 44.846188], [-62.622071, 44.845903], [-62.6227, 44.845708], [-62.622081, 44.845102], [-62.621974, 44.844824], [-62.622029, 44.844374], [-62.62343, 44.844855], [-62.624323, 44.844594], [-62.623434, 44.842453], [-62.643296, 44.840041], [-62.65083, 44.837782], [-62.660139, 44.831564], [-62.661134, 44.831383], [-62.67241, 44.833023], [-62.676842, 44.832059], [-62.683834, 44.831926], [-62.686463, 44.831213], [-62.688405, 44.835908], [-62.693869, 44.834681], [-62.693579, 44.834091], [-62.694422, 44.83391], [-62.698244, 44.833424], [-62.708154, 44.831331], [-62.710724, 44.83741], [-62.714522, 44.846605], [-62.714667, 44.846737], [-62.71514, 44.846531], [-62.715675, 44.846468], [-62.716573, 44.846554], [-62.716891, 44.846511], [-62.717228, 44.84641], [-62.717774, 44.846015], [-62.71882, 44.846138], [-62.719699, 44.84684], [-62.720031, 44.84688], [-62.721167, 44.846791], [-62.722268, 44.846785], [-62.722631, 44.846909], [-62.723268, 44.847346], [-62.723399, 44.84851], [-62.723581, 44.849082], [-62.723992, 44.849824], [-62.724182, 44.850705], [-62.724515, 44.851256], [-62.725678, 44.851914], [-62.728606, 44.852695], [-62.729149, 44.852917], [-62.729505, 44.853325], [-62.729993, 44.853612], [-62.731359, 44.853928], [-62.731852, 44.85419], [-62.733148, 44.854621], [-62.734235, 44.855055], [-62.735395, 44.855785], [-62.735967, 44.856047], [-62.725658, 44.858221], [-62.714806, 44.860417], [-62.695746, 44.86436], [-62.690153, 44.865593], [-62.68985, 44.865651], [-62.689773, 44.865476], [-62.685122, 44.866597], [-62.678808, 44.869575], [-62.673228, 44.857893], [-62.665398, 44.859707], [-62.660054, 44.86072], [-62.656714, 44.861443], [-62.640886, 44.865022], [-62.628511, 44.86774]]]}, "properties": {"OBJECTID": 191, "GSA_KEY": 198, "FCODE": "GSAPOLY", "GSA_NAME": "THIRD LAKE", "MUN_CODE": "HRM", "GSA_REM": " ", "SOURCE": "CR", "DATE_ACT": 1196208000000, "SYS_DATE": null, "GLOBALID": "6ba68cc8-3d48-49a3-b8d0-f96cb9d9916d", "Shape__Area": 46588521.5625, "Shape__Length": 35089.915151251276}}, {"type": "Feature", "id": 192, "geometry": {"type": "Polygon", "coordinates": [[[-62.711559, 44.94756], [-62.71154, 44.947526], [-62.709877, 44.947993], [-62.70771, 44.944097], [-62.705204, 44.944839], [-62.703499, 44.941752], [-62.701647, 44.942258], [-62.699252, 44.938008], [-62.682658, 44.942811], [-62.677341, 44.933188], [-62.662515, 44.936202], [-62.660763, 44.931789], [-62.675737, 44.928752], [-62.677655, 44.928402], [-62.68656, 44.92653], [-62.690114, 44.932976], [-62.699436, 44.930404], [-62.698792, 44.929299], [-62.703337, 44.927929], [-62.706715, 44.933477], [-62.712039, 44.931832], [-62.709562, 44.927584], [-62.711788, 44.926925], [-62.725854, 44.922532], [-62.725043, 44.920703], [-62.724169, 44.918197], [-62.721907, 44.91294], [-62.730976, 44.90586], [-62.73161, 44.905287], [-62.734257, 44.903252], [-62.740164, 44.898325], [-62.746155, 44.892792], [-62.757872, 44.882249], [-62.767212, 44.873618], [-62.769016, 44.869868], [-62.768808, 44.869183], [-62.772136, 44.869736], [-62.778882, 44.871598], [-62.780757, 44.871665], [-62.782003, 44.871858], [-62.785854, 44.874102], [-62.791794, 44.875916], [-62.793367, 44.87594], [-62.794458, 44.876291], [-62.797023, 44.877336], [-62.79765, 44.877402], [-62.798744, 44.877642], [-62.80013, 44.878669], [-62.803204, 44.88112], [-62.807532, 44.883757], [-62.822129, 44.886349], [-62.826658, 44.887506], [-62.829437, 44.887719], [-62.812488, 44.900062], [-62.780665, 44.922703], [-62.777115, 44.925665], [-62.772128, 44.928693], [-62.767489, 44.932037], [-62.752504, 44.935437], [-62.756226, 44.944189], [-62.73507, 44.948366], [-62.738339, 44.954152], [-62.714128, 44.960844], [-62.711111, 44.958987], [-62.716973, 44.957538], [-62.711559, 44.94756]]]}, "properties": {"OBJECTID": 192, "GSA_KEY": 199, "FCODE": "GSAPOLY", "GSA_NAME": "RIVER LAKE", "MUN_CODE": "HRM", "GSA_REM": " ", "SOURCE": "CR", "DATE_ACT": 1196208000000, "SYS_DATE": null, "GLOBALID": "9291af75-5717-4ec7-bdc4-a26b27bb7545", "Shape__Area": 88989554.7890625, "Shape__Length": 58874.08755699405}}, {"type": "Feature", "id": 193, "geometry": {"type": "Polygon", "coordinates": [[[-62.628511, 44.86774], [-62.640886, 44.865022], [-62.656714, 44.861443], [-62.660054, 44.86072], [-62.665398, 44.859707], [-62.673228, 44.857893], [-62.678808, 44.869575], [-62.685122, 44.866597], [-62.689773, 44.865476], [-62.68985, 44.865651], [-62.690153, 44.865593], [-62.695746, 44.86436], [-62.714806, 44.860417], [-62.725658, 44.858221], [-62.735967, 44.856047], [-62.737816, 44.856895], [-62.740032, 44.858225], [-62.741598, 44.858956], [-62.74319, 44.859455], [-62.743795, 44.859721], [-62.7441, 44.859777], [-62.744739, 44.860182], [-62.746463, 44.860882], [-62.74696, 44.861497], [-62.747936, 44.862099], [-62.749885, 44.862823], [-62.750936, 44.863278], [-62.751993, 44.863873], [-62.752248, 44.864122], [-62.753171, 44.864587], [-62.754163, 44.864842], [-62.75526, 44.865046], [-62.755929, 44.865262], [-62.756303, 44.865218], [-62.7567, 44.865293], [-62.758617, 44.866195], [-62.759589, 44.866416], [-62.763271, 44.867795], [-62.764739, 44.868504], [-62.765665, 44.868871], [-62.766651, 44.869121], [-62.768273, 44.869283], [-62.768808, 44.869183], [-62.769016, 44.869868], [-62.767212, 44.873618], [-62.757872, 44.882249], [-62.746155, 44.892792], [-62.740164, 44.898325], [-62.734257, 44.903252], [-62.73161, 44.905287], [-62.730976, 44.90586], [-62.721907, 44.91294], [-62.724169, 44.918197], [-62.725043, 44.920703], [-62.725854, 44.922532], [-62.711788, 44.926925], [-62.709562, 44.927584], [-62.712039, 44.931832], [-62.706715, 44.933477], [-62.703337, 44.927929], [-62.698792, 44.929299], [-62.699436, 44.930404], [-62.690114, 44.932976], [-62.68656, 44.92653], [-62.677655, 44.928402], [-62.675737, 44.928752], [-62.655674, 44.932809], [-62.628511, 44.86774]]]}, "properties": {"OBJECTID": 193, "GSA_KEY": 200, "FCODE": "GSAPOLY", "GSA_NAME": "JACKET LAKE", "MUN_CODE": "HRM", "GSA_REM": " ", "SOURCE": "CR", "DATE_ACT": 1196208000000, "SYS_DATE": null, "GLOBALID": "8a5b5acd-5bf6-40ad-b2d7-46079ca7d3f0", "Shape__Area": 120602121.80078125, "Shape__Length": 49973.46335103005}}, {"type": "Feature", "id": 194, "geometry": {"type": "Polygon", "coordinates": [[[-62.902828, 44.774196], [-62.905047, 44.769221], [-62.906097, 44.768983], [-62.907855, 44.773506], [-62.910987, 44.772668], [-62.910149, 44.770144], [-62.912835, 44.769244], [-62.911895, 44.766347], [-62.915221, 44.765473], [-62.91558, 44.761837], [-62.911851, 44.755223], [-62.918721, 44.753668], [-62.919118, 44.75464], [-62.92253, 44.75678], [-62.923679, 44.759741], [-62.92149, 44.760131], [-62.920755, 44.761635], [-62.928079, 44.763852], [-62.921438, 44.766595], [-62.925954, 44.768274], [-62.926881, 44.768165], [-62.927078, 44.768712], [-62.927413, 44.768891], [-62.928682, 44.769339], [-62.929408, 44.771752], [-62.932763, 44.771654], [-62.934614, 44.773435], [-62.927283, 44.774607], [-62.925259, 44.772689], [-62.921658, 44.773726], [-62.917591, 44.77462], [-62.916483, 44.774959], [-62.915027, 44.775317], [-62.910226, 44.776632], [-62.908234, 44.77571], [-62.907623, 44.775636], [-62.902729, 44.774419], [-62.902828, 44.774196]]]}, "properties": {"OBJECTID": 194, "GSA_KEY": 201, "FCODE": "GSAPOLY", "GSA_NAME": "BEECH HILL", "MUN_CODE": "HRM", "GSA_REM": " ", "SOURCE": "CR", "DATE_ACT": 1196294400000, "SYS_DATE": 1759410599000, "GLOBALID": "307ddd55-9ead-4ceb-811b-e595993d9335", "Shape__Area": 4844729.3359375, "Shape__Length": 15545.927234728726}}, {"type": "Feature", "id": 195, "geometry": {"type": "Polygon", "coordinates": [[[-63.0136, 45.101254], [-63.004888, 45.092359], [-63.010846, 45.089009], [-63.005802, 45.08405], [-63.003461, 45.08153], [-63.01016, 45.078397], [-63.009335, 45.07743], [-63.004994, 45.073193], [-63.004052, 45.07349], [-63.001707, 45.071174], [-63.008678, 45.069739], [-63.006617, 45.064746], [-63.006212, 45.063503], [-63.007428, 45.063857], [-63.007853, 45.062638], [-63.008844, 45.062629], [-63.010054, 45.062482], [-63.010593, 45.06249], [-63.011055, 45.062568], [-63.011273, 45.062462], [-63.011387, 45.062482], [-63.011925, 45.062795], [-63.012165, 45.062834], [-63.012648, 45.062813], [-63.013336, 45.062723], [-63.013444, 45.062509], [-63.013534, 45.062465], [-63.014742, 45.062373], [-63.014909, 45.062303], [-63.015067, 45.062107], [-63.015284, 45.062056], [-63.015652, 45.06206], [-63.015904, 45.062118], [-63.016079, 45.062255], [-63.016149, 45.06249], [-63.016224, 45.062536], [-63.016541, 45.062549], [-63.016949, 45.062464], [-63.017814, 45.062412], [-63.018046, 45.062289], [-63.018518, 45.062188], [-63.01881, 45.062209], [-63.019059, 45.062393], [-63.019211, 45.062422], [-63.0193, 45.062396], [-63.019482, 45.062227], [-63.02009, 45.062289], [-63.020599, 45.062269], [-63.020765, 45.062208], [-63.020927, 45.061859], [-63.021136, 45.061628], [-63.02161, 45.061445], [-63.021565, 45.061237], [-63.021694, 45.061158], [-63.02196, 45.061179], [-63.022135, 45.061299], [-63.022867, 45.061205], [-63.022971, 45.061629], [-63.024079, 45.061247], [-63.025018, 45.061264], [-63.025302, 45.061565], [-63.025384, 45.061579], [-63.025666, 45.061493], [-63.025925, 45.061307], [-63.02618, 45.061013], [-63.025559, 45.060708], [-63.025973, 45.06044], [-63.028425, 45.060446], [-63.029925, 45.056589], [-63.031133, 45.053171], [-63.039993, 45.054608], [-63.037848, 45.060565], [-63.036738, 45.063842], [-63.040137, 45.06443], [-63.041098, 45.061636], [-63.043777, 45.062099], [-63.044055, 45.061253], [-63.055687, 45.06291], [-63.060314, 45.063621], [-63.069162, 45.065074], [-63.082178, 45.067511], [-63.080312, 45.073331], [-63.072432, 45.0773], [-63.065691, 45.081234], [-63.064778, 45.08039], [-63.064012, 45.081554], [-63.063778, 45.082015], [-63.063739, 45.082325], [-63.063236, 45.082368], [-63.062213, 45.081377], [-63.059756, 45.082612], [-63.062621, 45.085553], [-63.061199, 45.086199], [-63.060758, 45.086467], [-63.060606, 45.086773], [-63.060619, 45.087183], [-63.060873, 45.087665], [-63.06105, 45.088291], [-63.060925, 45.08846], [-63.059852, 45.089404], [-63.058255, 45.090068], [-63.057033, 45.090685], [-63.056291, 45.090932], [-63.054357, 45.091061], [-63.052087, 45.091118], [-63.051534, 45.091025], [-63.050876, 45.090829], [-63.050478, 45.090824], [-63.049932, 45.090928], [-63.049383, 45.091177], [-63.047248, 45.092595], [-63.047171, 45.092782], [-63.047163, 45.093072], [-63.046991, 45.093224], [-63.045136, 45.09308], [-63.044434, 45.093157], [-63.044188, 45.093367], [-63.044031, 45.093844], [-63.04387, 45.094004], [-63.043466, 45.094213], [-63.043097, 45.094524], [-63.042873, 45.094752], [-63.04257, 45.095304], [-63.042132, 45.095435], [-63.041382, 45.09552], [-63.040551, 45.095458], [-63.038796, 45.095187], [-63.037773, 45.09508], [-63.03759, 45.09518], [-63.037129, 45.095251], [-63.036638, 45.095134], [-63.036336, 45.095122], [-63.035863, 45.095218], [-63.035385, 45.09552], [-63.034428, 45.09567], [-63.034268, 45.095813], [-63.03438, 45.096122], [-63.03464, 45.096348], [-63.034673, 45.096485], [-63.034483, 45.096816], [-63.034164, 45.097051], [-63.033778, 45.097012], [-63.033575, 45.096941], [-63.033386, 45.096785], [-63.033246, 45.096133], [-63.0329, 45.095966], [-63.032573, 45.096022], [-63.032171, 45.096162], [-63.031094, 45.096764], [-63.029658, 45.097241], [-63.028785, 45.097401], [-63.027981, 45.097245], [-63.027317, 45.097245], [-63.026904, 45.097334], [-63.025061, 45.098173], [-63.023384, 45.099074], [-63.021885, 45.098747], [-63.021487, 45.098716], [-63.021014, 45.098796], [-63.020551, 45.098986], [-63.020305, 45.09918], [-63.019968, 45.100064], [-63.019746, 45.100232], [-63.019417, 45.100382], [-63.019077, 45.100454], [-63.018921, 45.100427], [-63.018827, 45.100306], [-63.018825, 45.099921], [-63.018647, 45.099816], [-63.018418, 45.099822], [-63.018123, 45.100006], [-63.017875, 45.100276], [-63.017407, 45.100638], [-63.017403, 45.100792], [-63.017624, 45.101111], [-63.017644, 45.10129], [-63.01747, 45.101476], [-63.016713, 45.101817], [-63.016328, 45.102247], [-63.015816, 45.10242], [-63.015244, 45.10294], [-63.0136, 45.101254]]]}, "properties": {"OBJECTID": 195, "GSA_KEY": 202, "FCODE": "GSAPOLY", "GSA_NAME": "NEWCOMB CORNER", "MUN_CODE": "HRM", "GSA_REM": " ", "SOURCE": "CR", "DATE_ACT": 1255910400000, "SYS_DATE": 1505433600000, "GLOBALID": "1675e7e9-ba3e-4516-8cba-9120727fb09c", "Shape__Area": 37503091.93359375, "Shape__Length": 33105.39117518114}}, {"type": "Feature", "id": 196, "geometry": {"type": "Polygon", "coordinates": [[[-63.773487, 44.869963], [-63.775465, 44.86887], [-63.776146, 44.869602], [-63.776845, 44.869382], [-63.777601, 44.870189], [-63.776011, 44.87226], [-63.775667, 44.871992], [-63.773487, 44.869963]]]}, "properties": {"OBJECTID": 196, "GSA_KEY": 203, "FCODE": "GSAPOLY", "GSA_NAME": "SOUTH UNIACKE", "MUN_CODE": "HRM", "GSA_REM": null, "SOURCE": "CR", "DATE_ACT": 1289174400000, "SYS_DATE": 1569456000000, "GLOBALID": "bb550674-8613-4d50-be02-8cce6a490854", "Shape__Area": 122437.87890625, "Shape__Length": 1482.1182322795567}}, {"type": "Feature", "id": 197, "geometry": {"type": "Polygon", "coordinates": [[[-63.473242, 44.712248], [-63.472807, 44.711266], [-63.472081, 44.709844], [-63.471978, 44.709717], [-63.471994, 44.709647], [-63.472152, 44.709594], [-63.472456, 44.709646], [-63.472721, 44.709457], [-63.473727, 44.709308], [-63.474022, 44.709332], [-63.474135, 44.709234], [-63.474433, 44.709212], [-63.474659, 44.709249], [-63.471047, 44.705964], [-63.472604, 44.705141], [-63.472512, 44.705056], [-63.471977, 44.705373], [-63.471644, 44.70497], [-63.470178, 44.703524], [-63.470683, 44.703266], [-63.470491, 44.703067], [-63.470516, 44.702954], [-63.470756, 44.703022], [-63.47313, 44.702585], [-63.473309, 44.703169], [-63.475996, 44.702675], [-63.476599, 44.703213], [-63.473454, 44.703855], [-63.475226, 44.706353], [-63.47605, 44.706], [-63.476493, 44.706527], [-63.47687, 44.706371], [-63.47712, 44.707023], [-63.478007, 44.706672], [-63.478551, 44.706784], [-63.481001, 44.705867], [-63.482021, 44.708211], [-63.483231, 44.707934], [-63.483588, 44.708729], [-63.483541, 44.708907], [-63.484314, 44.710662], [-63.4827, 44.711008], [-63.482559, 44.710706], [-63.481162, 44.711041], [-63.479784, 44.71153], [-63.479914, 44.71195], [-63.4803, 44.711887], [-63.480537, 44.712706], [-63.481951, 44.713369], [-63.477548, 44.714027], [-63.474297, 44.714947], [-63.473722, 44.714102], [-63.473946, 44.714065], [-63.473242, 44.712248]]]}, "properties": {"OBJECTID": 197, "GSA_KEY": 204, "FCODE": "GSAPOLY", "GSA_NAME": "CHERRY BROOK", "MUN_CODE": "HRM", "GSA_REM": null, "SOURCE": "CR", "DATE_ACT": 1311552000000, "SYS_DATE": 1311552000000, "GLOBALID": "4b7195cb-ab0f-4486-b420-32c71d9a974e", "Shape__Area": 1426329.328125, "Shape__Length": 7995.237543505551}}, {"type": "Feature", "id": 198, "geometry": {"type": "Polygon", "coordinates": [[[-63.489929, 44.734617], [-63.479023, 44.725677], [-63.476933, 44.722601], [-63.475075, 44.721918], [-63.473937, 44.720967], [-63.473177, 44.720451], [-63.473067, 44.720247], [-63.473255, 44.720055], [-63.473702, 44.719115], [-63.472912, 44.718762], [-63.472729, 44.718526], [-63.47384, 44.718288], [-63.473731, 44.718031], [-63.473194, 44.718146], [-63.473121, 44.7176], [-63.473139, 44.717315], [-63.473899, 44.717148], [-63.473664, 44.716598], [-63.473091, 44.716724], [-63.472925, 44.71633], [-63.472998, 44.716314], [-63.472214, 44.715534], [-63.477548, 44.714027], [-63.481951, 44.713369], [-63.480537, 44.712706], [-63.4803, 44.711887], [-63.479914, 44.71195], [-63.479784, 44.71153], [-63.481162, 44.711041], [-63.482559, 44.710706], [-63.4827, 44.711008], [-63.484314, 44.710662], [-63.483541, 44.708907], [-63.483588, 44.708729], [-63.483328, 44.708135], [-63.483311, 44.707964], [-63.483149, 44.707796], [-63.483158, 44.707704], [-63.483081, 44.707601], [-63.482967, 44.707581], [-63.483022, 44.707422], [-63.4827, 44.707228], [-63.482462, 44.706778], [-63.482308, 44.706712], [-63.481948, 44.706684], [-63.481568, 44.706305], [-63.481388, 44.706225], [-63.481339, 44.705917], [-63.481436, 44.705841], [-63.481391, 44.705642], [-63.481196, 44.705549], [-63.480862, 44.705579], [-63.480756, 44.70534], [-63.482894, 44.704784], [-63.482642, 44.704288], [-63.481697, 44.703377], [-63.483886, 44.702896], [-63.483208, 44.700946], [-63.482641, 44.701027], [-63.48252, 44.70066], [-63.483075, 44.70057], [-63.483008, 44.700385], [-63.483125, 44.700239], [-63.4833, 44.700279], [-63.483373, 44.700708], [-63.484619, 44.700473], [-63.484494, 44.700362], [-63.48522, 44.70024], [-63.485656, 44.701373], [-63.485975, 44.702609], [-63.486526, 44.704285], [-63.488453, 44.703946], [-63.489006, 44.70551], [-63.49369, 44.704587], [-63.49356, 44.70425], [-63.495032, 44.703482], [-63.494178, 44.701517], [-63.495554, 44.701274], [-63.495438, 44.70094], [-63.494704, 44.700921], [-63.49463, 44.70073], [-63.494091, 44.700387], [-63.494221, 44.700059], [-63.494747, 44.700131], [-63.494929, 44.700042], [-63.494585, 44.699875], [-63.493976, 44.699482], [-63.493522, 44.699098], [-63.493247, 44.698738], [-63.493021, 44.69828], [-63.493168, 44.698266], [-63.493019, 44.698131], [-63.493055, 44.698068], [-63.493194, 44.698066], [-63.493396, 44.697957], [-63.493272, 44.698238], [-63.493497, 44.698698], [-63.493763, 44.698583], [-63.493999, 44.698543], [-63.49577, 44.698427], [-63.497212, 44.698407], [-63.50017, 44.698581], [-63.502096, 44.698556], [-63.502987, 44.698416], [-63.504061, 44.69796], [-63.504824, 44.697488], [-63.505508, 44.696984], [-63.506174, 44.69733], [-63.506823, 44.697737], [-63.50741, 44.698192], [-63.507889, 44.698639], [-63.509054, 44.700066], [-63.509609, 44.700884], [-63.510667, 44.702231], [-63.51135, 44.702989], [-63.512242, 44.703826], [-63.513224, 44.704611], [-63.520311, 44.709754], [-63.513289, 44.714828], [-63.511463, 44.716361], [-63.510536, 44.715127], [-63.506601, 44.716634], [-63.506384, 44.716123], [-63.505522, 44.716272], [-63.504833, 44.716531], [-63.505351, 44.717109], [-63.501723, 44.718479], [-63.503652, 44.723027], [-63.497577, 44.728239], [-63.491574, 44.729349], [-63.490729, 44.728433], [-63.489999, 44.728829], [-63.489934, 44.728892], [-63.489971, 44.728973], [-63.490186, 44.728957], [-63.490788, 44.729178], [-63.490825, 44.729241], [-63.490218, 44.72982], [-63.490174, 44.730225], [-63.490622, 44.730989], [-63.490636, 44.731217], [-63.490941, 44.731519], [-63.490779, 44.731869], [-63.489929, 44.734617]]]}, "properties": {"OBJECTID": 198, "GSA_KEY": 205, "FCODE": "GSAPOLY", "GSA_NAME": "LAKE LOON", "MUN_CODE": "HRM", "GSA_REM": null, "SOURCE": "CR", "DATE_ACT": 1311552000000, "SYS_DATE": 1750269100000, "GLOBALID": "d378b1a8-a879-4e5f-b7a5-9f8d892b60ba", "Shape__Area": 15105246.765625, "Shape__Length": 23177.325123033625}}, {"type": "Feature", "id": 199, "geometry": {"type": "Polygon", "coordinates": [[[-63.735895, 44.835486], [-63.742473, 44.827497], [-63.749087, 44.819781], [-63.754041, 44.813504], [-63.747274, 44.81062], [-63.750007, 44.807365], [-63.749245, 44.806742], [-63.749107, 44.806579], [-63.749691, 44.806194], [-63.74912, 44.805738], [-63.749247, 44.805687], [-63.749709, 44.805129], [-63.748636, 44.804679], [-63.749423, 44.8036], [-63.749799, 44.80235], [-63.750041, 44.801802], [-63.750367, 44.801267], [-63.750947, 44.800554], [-63.751162, 44.800352], [-63.752053, 44.800107], [-63.752293, 44.800117], [-63.753124, 44.800346], [-63.753312, 44.800596], [-63.753683, 44.800881], [-63.755039, 44.801804], [-63.755164, 44.801865], [-63.755353, 44.801859], [-63.755608, 44.802105], [-63.755712, 44.802087], [-63.763909, 44.80779], [-63.770347, 44.800233], [-63.775975, 44.793494], [-63.776442, 44.793947], [-63.778099, 44.795906], [-63.779124, 44.796472], [-63.779535, 44.796834], [-63.779421, 44.796969], [-63.779185, 44.797023], [-63.778854, 44.797484], [-63.778604, 44.79769], [-63.77785, 44.797925], [-63.777579, 44.798059], [-63.777419, 44.79829], [-63.777406, 44.798481], [-63.777459, 44.798649], [-63.778453, 44.799893], [-63.778734, 44.800797], [-63.77934, 44.801656], [-63.779469, 44.80212], [-63.779397, 44.802487], [-63.779517, 44.802799], [-63.780096, 44.803106], [-63.780261, 44.803347], [-63.780178, 44.803761], [-63.779948, 44.804151], [-63.780236, 44.804464], [-63.780828, 44.804692], [-63.780792, 44.804859], [-63.781316, 44.80511], [-63.781572, 44.805303], [-63.781715, 44.805536], [-63.78169, 44.805735], [-63.781765, 44.805979], [-63.782101, 44.806069], [-63.782256, 44.806206], [-63.782392, 44.806578], [-63.782418, 44.807205], [-63.782374, 44.807552], [-63.78223, 44.807879], [-63.782393, 44.808283], [-63.782626, 44.808512], [-63.782822, 44.808949], [-63.782856, 44.809412], [-63.782733, 44.809795], [-63.782827, 44.809911], [-63.783254, 44.809878], [-63.783337, 44.80993], [-63.783366, 44.810298], [-63.783223, 44.811439], [-63.78256, 44.811511], [-63.78221, 44.8117], [-63.78191, 44.811942], [-63.781098, 44.813617], [-63.780866, 44.813804], [-63.78078, 44.813951], [-63.780777, 44.814159], [-63.781065, 44.81452], [-63.781292, 44.814725], [-63.781233, 44.814952], [-63.780739, 44.815408], [-63.780485, 44.816029], [-63.780186, 44.816586], [-63.780127, 44.816878], [-63.780287, 44.81709], [-63.781315, 44.817835], [-63.78178, 44.818381], [-63.781952, 44.818522], [-63.782386, 44.818557], [-63.782522, 44.81866], [-63.782623, 44.818896], [-63.782594, 44.81968], [-63.783647, 44.820689], [-63.784518, 44.821006], [-63.785019, 44.821784], [-63.784868, 44.82225], [-63.785185, 44.822907], [-63.785455, 44.82332], [-63.785635, 44.823756], [-63.786688, 44.82389], [-63.786886, 44.824167], [-63.786895, 44.824339], [-63.786702, 44.825008], [-63.786846, 44.825157], [-63.787131, 44.825239], [-63.788724, 44.825265], [-63.789899, 44.825527], [-63.790265, 44.825865], [-63.79064, 44.82641], [-63.790864, 44.826923], [-63.790833, 44.827182], [-63.790556, 44.827328], [-63.790022, 44.827433], [-63.789049, 44.827742], [-63.801447, 44.83912], [-63.781477, 44.865142], [-63.780377, 44.864528], [-63.779649, 44.864046], [-63.779024, 44.863475], [-63.777801, 44.862117], [-63.776663, 44.86103], [-63.774934, 44.859642], [-63.773993, 44.859006], [-63.773164, 44.858515], [-63.771404, 44.857658], [-63.770019, 44.857064], [-63.752326, 44.849642], [-63.749626, 44.848452], [-63.74683, 44.847113], [-63.744823, 44.845885], [-63.740072, 44.842542], [-63.73946, 44.841989], [-63.738887, 44.841292], [-63.738218, 44.840253], [-63.735895, 44.835486]]]}, "properties": {"OBJECTID": 199, "GSA_KEY": 206, "FCODE": "GSAPOLY", "GSA_NAME": "UPPER SACKVILLE", "MUN_CODE": "HRM", "GSA_REM": " ", "SOURCE": "CR", "DATE_ACT": 1318809600000, "SYS_DATE": 1505865600000, "GLOBALID": "bddc7ca6-d655-4755-97d4-1c7ed0f19a13", "Shape__Area": 41967030.4296875, "Shape__Length": 32273.548395327776}}, {"type": "Feature", "id": 200, "geometry": {"type": "Polygon", "coordinates": [[[-63.684968, 44.791489], [-63.682956, 44.791372], [-63.676053, 44.791425], [-63.672991, 44.791028], [-63.671988, 44.790781], [-63.670987, 44.790399], [-63.673401, 44.787456], [-63.671826, 44.786837], [-63.669995, 44.786235], [-63.666951, 44.785821], [-63.666743, 44.785882], [-63.666569, 44.786076], [-63.666423, 44.78615], [-63.666126, 44.786183], [-63.665883, 44.78615], [-63.665657, 44.786039], [-63.662555, 44.783477], [-63.660929, 44.783226], [-63.658827, 44.782801], [-63.657007, 44.782719], [-63.654943, 44.782909], [-63.653602, 44.782899], [-63.650165, 44.781952], [-63.648633, 44.781804], [-63.645561, 44.78219], [-63.644111, 44.782964], [-63.640792, 44.783793], [-63.639728, 44.784433], [-63.63962, 44.784556], [-63.635058, 44.780261], [-63.634016, 44.78076], [-63.630677, 44.777613], [-63.63111, 44.777356], [-63.63158, 44.777846], [-63.632105, 44.777581], [-63.632468, 44.777923], [-63.632726, 44.777784], [-63.632425, 44.777244], [-63.631935, 44.776756], [-63.632117, 44.776689], [-63.631349, 44.775365], [-63.631475, 44.77533], [-63.630749, 44.774492], [-63.629779, 44.774783], [-63.629675, 44.774156], [-63.629579, 44.774061], [-63.629648, 44.773968], [-63.63027, 44.773783], [-63.63041, 44.772877], [-63.631295, 44.772164], [-63.631759, 44.771671], [-63.632157, 44.771135], [-63.632639, 44.770186], [-63.63303, 44.768587], [-63.633338, 44.767698], [-63.633868, 44.766739], [-63.634662, 44.765759], [-63.634992, 44.765435], [-63.636206, 44.764453], [-63.637522, 44.76345], [-63.637025, 44.763276], [-63.637793, 44.762697], [-63.641222, 44.759887], [-63.640738, 44.759702], [-63.640576, 44.75972], [-63.640868, 44.759423], [-63.648353, 44.752623], [-63.649892, 44.751328], [-63.650444, 44.750723], [-63.652874, 44.748514], [-63.653693, 44.747709], [-63.655979, 44.745229], [-63.656562, 44.744742], [-63.658236, 44.742995], [-63.658328, 44.743018], [-63.65862, 44.743159], [-63.658106, 44.74373], [-63.658186, 44.744165], [-63.657961, 44.744689], [-63.657911, 44.745141], [-63.657515, 44.745734], [-63.657465, 44.745916], [-63.657455, 44.746037], [-63.657566, 44.746157], [-63.657604, 44.746503], [-63.657876, 44.746888], [-63.658659, 44.747537], [-63.65921, 44.747052], [-63.659312, 44.747072], [-63.659532, 44.747372], [-63.659861, 44.747622], [-63.661177, 44.748054], [-63.661993, 44.748647], [-63.66239, 44.749155], [-63.663026, 44.74969], [-63.663784, 44.750231], [-63.665676, 44.751373], [-63.666825, 44.751912], [-63.668224, 44.752849], [-63.668606, 44.75296], [-63.669401, 44.752976], [-63.669677, 44.752852], [-63.67022, 44.752287], [-63.670501, 44.752075], [-63.670933, 44.75196], [-63.671411, 44.75193], [-63.672662, 44.752101], [-63.673029, 44.751975], [-63.673532, 44.751639], [-63.673603, 44.751039], [-63.673827, 44.750786], [-63.674162, 44.75058], [-63.674789, 44.750479], [-63.675456, 44.750538], [-63.675776, 44.750666], [-63.676149, 44.75115], [-63.676345, 44.751327], [-63.676726, 44.751471], [-63.677213, 44.751529], [-63.679517, 44.751399], [-63.679876, 44.751584], [-63.680668, 44.751574], [-63.681007, 44.751621], [-63.681204, 44.751735], [-63.683039, 44.752037], [-63.683535, 44.752228], [-63.683923, 44.752654], [-63.685188, 44.753131], [-63.685282, 44.753196], [-63.685314, 44.753467], [-63.685456, 44.753623], [-63.686104, 44.754083], [-63.686513, 44.754042], [-63.686804, 44.753905], [-63.68777, 44.754118], [-63.687795, 44.754365], [-63.688104, 44.754527], [-63.688298, 44.754611], [-63.689315, 44.754726], [-63.689567, 44.754806], [-63.690131, 44.755288], [-63.690448, 44.75543], [-63.690983, 44.755418], [-63.691158, 44.755296], [-63.691313, 44.755034], [-63.69167, 44.754882], [-63.691923, 44.754848], [-63.692103, 44.754885], [-63.692181, 44.755009], [-63.692194, 44.755113], [-63.692076, 44.755277], [-63.692124, 44.755437], [-63.692459, 44.755799], [-63.693164, 44.756052], [-63.69341, 44.756074], [-63.693824, 44.755907], [-63.694302, 44.755864], [-63.695464, 44.755949], [-63.695816, 44.756122], [-63.695843, 44.756271], [-63.69574, 44.75641], [-63.695782, 44.756492], [-63.696294, 44.756568], [-63.696577, 44.756483], [-63.697199, 44.756472], [-63.69774, 44.756558], [-63.699909, 44.757057], [-63.700635, 44.757382], [-63.701014, 44.757629], [-63.701243, 44.757813], [-63.701771, 44.758559], [-63.702251, 44.758938], [-63.703416, 44.759366], [-63.703845, 44.759413], [-63.704422, 44.75978], [-63.704775, 44.759875], [-63.705032, 44.760135], [-63.705118, 44.760439], [-63.705279, 44.760538], [-63.70545, 44.760737], [-63.705464, 44.760786], [-63.705253, 44.760891], [-63.705276, 44.760999], [-63.70574, 44.761231], [-63.705738, 44.761334], [-63.705562, 44.761539], [-63.705134, 44.761634], [-63.704809, 44.761622], [-63.704569, 44.761692], [-63.704437, 44.761861], [-63.704399, 44.761984], [-63.704407, 44.762458], [-63.704582, 44.762866], [-63.704443, 44.76301], [-63.703911, 44.763294], [-63.703867, 44.763371], [-63.703944, 44.763547], [-63.703963, 44.763753], [-63.703828, 44.764087], [-63.703695, 44.764323], [-63.703322, 44.764578], [-63.703277, 44.764737], [-63.703332, 44.764903], [-63.703475, 44.765053], [-63.70407, 44.765413], [-63.704321, 44.766063], [-63.704492, 44.766296], [-63.704603, 44.766611], [-63.704523, 44.767131], [-63.704189, 44.767829], [-63.703931, 44.768177], [-63.703885, 44.768357], [-63.70391, 44.768594], [-63.704045, 44.768791], [-63.705118, 44.76988], [-63.705498, 44.770166], [-63.705851, 44.770277], [-63.706372, 44.770229], [-63.706718, 44.770293], [-63.707301, 44.770498], [-63.707774, 44.77079], [-63.708289, 44.771241], [-63.708452, 44.771462], [-63.708, 44.771926], [-63.707366, 44.772884], [-63.706348, 44.774083], [-63.70523, 44.77368], [-63.703818, 44.773923], [-63.702918, 44.773612], [-63.702445, 44.773943], [-63.702629, 44.774201], [-63.702351, 44.774302], [-63.70253, 44.774554], [-63.701986, 44.774723], [-63.70174, 44.774667], [-63.701667, 44.774589], [-63.701336, 44.774703], [-63.701023, 44.774598], [-63.701013, 44.774735], [-63.700747, 44.774647], [-63.700295, 44.774037], [-63.697693, 44.777497], [-63.697892, 44.777623], [-63.697641, 44.777862], [-63.69773, 44.778], [-63.697229, 44.778684], [-63.697346, 44.778846], [-63.697279, 44.779038], [-63.697644, 44.779175], [-63.697528, 44.77933], [-63.697728, 44.779649], [-63.698007, 44.779759], [-63.697783, 44.780062], [-63.698276, 44.780427], [-63.695614, 44.784001], [-63.696023, 44.784079], [-63.69622, 44.784201], [-63.696241, 44.784284], [-63.69616, 44.784354], [-63.696151, 44.784446], [-63.696365, 44.784564], [-63.696773, 44.784453], [-63.697068, 44.784532], [-63.697194, 44.784619], [-63.692854, 44.790132], [-63.692533, 44.79013], [-63.692329, 44.790407], [-63.692144, 44.7904], [-63.692113, 44.791003], [-63.691333, 44.791057], [-63.6913, 44.791223], [-63.690674, 44.791858], [-63.691526, 44.792232], [-63.690384, 44.793341], [-63.690249, 44.793532], [-63.690158, 44.793947], [-63.69031, 44.794476], [-63.689943, 44.794556], [-63.689301, 44.7935], [-63.688117, 44.792501], [-63.687451, 44.792121], [-63.686258, 44.791737], [-63.684968, 44.791489]]]}, "properties": {"OBJECTID": 200, "GSA_KEY": 207, "FCODE": "GSAPOLY", "GSA_NAME": "LOWER SACKVILLE", "MUN_CODE": "HRM", "GSA_REM": " ", "SOURCE": "CR", "DATE_ACT": 1318809600000, "SYS_DATE": 1735917284000, "GLOBALID": "69844e23-e810-4f7f-be0b-0db0d01eb369", "Shape__Area": 39355835.1328125, "Shape__Length": 31201.78280546326}}]}