"objectid","pro_name","protect1","protect2","owner","authority","status","stat_date","lgl_effect","ha_gis","shape_leng","shape_area"
"1","Atlantic Coastal Plain Flora Conservation Lands","Land Trust or Conservation Easement",,"Nature Conservancy of Canada","Nature Conservancy of Canada","Considered protected",,,"64.80942548","4169.582519459696","648094.2547506999"
"2","Jim Campbells Barren Wilderness Area","Wilderness Area",,"NS Environment and Climate Change","NS Environment and Climate Change","Designated",,,"1735.91125021","20252.35967141608","17359112.502079733"
"3","Lake Rossignol Wilderness Area","Wilderness Area",,"NS Environment and Climate Change","NS Environment and Climate Change","Designated",,,"4072.69617855","102219.53325712448","40726961.785540365"
"4","Lake Rossignol Wilderness Area","Wilderness Area",,"NS Environment and Climate Change","NS Environment and Climate Change","Designated",,,"45.32410132","3874.6057138724536","453241.0132261454"
"5","Lake Rossignol Wilderness Area","Wilderness Area",,"NS Environment and Climate Change","NS Environment and Climate Change","Designated",,,"230.84988938","13799.599500794335","2308498.8938074587"
"6","Liscomb River Wilderness Area","Wilderness Area",,"NS Environment and Climate Change","NS Environment and Climate Change","Designated",,,"2962.41346012","29169.359651045204","29624134.60120398"
"7","Masons Mountain Nature Reserve","Nature Reserve",,"NS Environment and Climate Change","NS Environment and Climate Change","Designated",,,"830.76334213","11750.60441998934","8307633.421317041"
"8","Montrose Nature Reserve","Nature Reserve",,"NS Environment and Climate Change","NS Environment and Climate Change","Designated",,,"25.54494372","2675.3450686997344","255449.437224283"
"9","Petite Bog Nature Reserve","Nature Reserve",,"NS Environment and Climate Change","NS Environment and Climate Change","Designated",,,"798.79778535","15489.512906751623","7987977.853461229"
"10","Ruiss Noir Wilderness Area","Wilderness Area",,"NS Environment and Climate Change","NS Environment and Climate Change","Designated",,,"1602.49781298","27296.26032941707","16024978.12978391"
"11","Rush Lake Nature Reserve","Nature Reserve",,"NS Environment and Climate Change","NS Environment and Climate Change","Designated",,,"307.06819273","12471.058544542659","3070681.9272974306"
"12","Tobeatic Wilderness Area","Wilderness Area",,"NS Environment and Climate Change","NS Environment and Climate Change","Designated",,,"15672.94158784","358649.6341320601","156729415.87840602"
"13","Trout Brook Wilderness Area","Wilderness Area",,"NS Environment and Climate Change","NS Environment and Climate Change","Designated",,,"185.90411598","12567.74677685848","1859041.1598071181"
"14","Tusket Islands Wilderness Area","Wilderness Area",,"NS Environment and Climate Change","NS Environment and Climate Change","Designated",,,"706.23941167","63758.840447442606","7062394.116678203"
"15","Frederick Lake Conservation Lands","Land Trust or Conservation Easement",,"Nova Scotia Nature Trust","Nova Scotia Nature Trust","Considered protected",,,"61.26100893","4251.405707157992","612610.0892949114"
"16","Mabou Highlands Conservation Lands (1)","Land Trust or Conservation Easement",,"Nova Scotia Nature Trust","Nova Scotia Nature Trust","Considered protected",,,"68.77204386","4720.5050940793535","687720.4385982108"
"17","Mabou Highlands Conservation Lands (2)","Land Trust or Conservation Easement",,"Nova Scotia Nature Trust","Nova Scotia Nature Trust","Considered protected",,,"40.53567716","4868.05383654178","405356.77163148345"
"18","Mabou Highlands Conservation Lands (5)","Land Trust or Conservation Easement",,"Nova Scotia Nature Trust","Nova Scotia Nature Trust","Considered protected",,,"39.72886823","2786.7744792018416","397288.6822912204"
"19","Seal Island Conservation Lands","Land Trust or Conservation Easement",,"Nova Scotia Nature Trust","Nova Scotia Nature Trust","Considered protected",,,"266.57807505","12928.062433068644","2665780.750535689"
"20","Seven Falls Nature Reserve","Nature Reserve",,"NS Environment and Climate Change","NS Environment and Climate Change","Designated",,,"692.98930962","19866.638403357483","6929893.09621673"
"21","Slade Lake Nature Reserve","Nature Reserve",,"NS Environment and Climate Change","NS Environment and Climate Change","Designated",,,"24.62146877","3803.8225668356054","246214.6876990329"
"22","Tennycape River Nature Reserve","Nature Reserve",,"NS Environment and Climate Change","NS Environment and Climate Change","Designated",,,"346.05992774","12734.38019250332","3460599.277380461"
"23","Baleine Nature Reserve","Nature Reserve",,"NS Environment and Climate Change","NS Environment and Climate Change","Designated",,,"1268.25794734","36617.95223635268","12682579.473366097"
"24","Black River Bog Nature Reserve","Nature Reserve",,"NS Environment and Climate Change","NS Environment and Climate Change","Designated",,,"109.1288808","10018.29130139901","1091288.8080053967"
"25","Kennetcook River Nature Reserve","Nature Reserve",,"NS Environment and Climate Change","NS Environment and Climate Change","Designated",,,"124.56692481","7641.868970915349","1245669.2481395951"
"26","Lake Egmont Nature Reserve","Nature Reserve",,"NS Environment and Climate Change","NS Environment and Climate Change","Designated",,,"89.25488551","3809.3478955074","892548.8551406974"
"27","MacAulays Hill Nature Reserve","Nature Reserve",,"NS Environment and Climate Change","NS Environment and Climate Change","Designated",,,"104.77144725","10287.804975373612","1047714.4724763352"
"28","North River Wilderness Area","Wilderness Area",,"NS Environment and Climate Change","NS Environment and Climate Change","Designated",,,"978.80678239","44327.959273192566","9788067.82387094"
"29","Quinns Meadow Nature Reserve","Nature Reserve",,"NS Environment and Climate Change","NS Environment and Climate Change","Designated",,,"46.1212545","4857.914272136915","461212.54499554227"
"30","Raven Head Wilderness Area","Wilderness Area",,"NS Environment and Climate Change","NS Environment and Climate Change","Designated",,,"398.28074181","18676.55641126469","3982807.4180930783"
"31","Wentworth Lake Nature Reserve","Nature Reserve",,"NS Environment and Climate Change","NS Environment and Climate Change","Designated",,,"54.12746485","6618.249545908091","541274.6485462108"
"32","St. Marys River - Hardwood Hill Conservation Lands","Land Trust or Conservation Easement",,"Nova Scotia Nature Trust","Nova Scotia Nature Trust","Considered protected",,,"59.8083832","4372.5096855479605","598083.8319602795"
"33","Wentworth Conservation Lands (1)","Land Trust or Conservation Easement",,"Nova Scotia Nature Trust","Nova Scotia Nature Trust","Considered protected",,,"41.46461477","2828.5040403279095","414646.1477280185"
"34","Cape Breton Highlands National Park Of Canada","National Park",,"Parks Canada Agency. Environment and Climate Change Canada","Parks Canada Agency. Environment and Climate Change Canada","Designated",,,"4.92411398","2091.1403937308905","49241.139834899455"
"35","Cape Breton Highlands National Park Of Canada","National Park",,"Parks Canada Agency. Environment and Climate Change Canada","Parks Canada Agency. Environment and Climate Change Canada","Designated",,,"95130.78701977","186885.92309955088","951307870.1976564"
"36","Blue Mountain - Birch Cove Lakes Wilderness Area","Wilderness Area",,"NS Environment and Climate Change","NS Environment and Climate Change","Designated",,,"451.1056145","27753.834800407487","4511056.145005225"
"37","Cedar Lake Nature Reserve","Nature Reserve",,"NS Environment and Climate Change","NS Environment and Climate Change","Designated",,,"23.14875577","2447.0026703314443","231487.55769526295"
"38","Chimney Corner Nature Reserve","Nature Reserve",,"NS Environment and Climate Change","NS Environment and Climate Change","Designated",,,"749.5639343","29475.55867003683","7495639.3429823015"
"39","Cloud Lake Wilderness Area","Wilderness Area",,"NS Environment and Climate Change","NS Environment and Climate Change","Designated",,,"4892.63108872","98969.45835264357","48926310.88720448"
"40","Dalhousie Mountain Nature Reserve","Nature Reserve",,"NS Environment and Climate Change","NS Environment and Climate Change","Designated",,,"46.35647536","2678.7631968407613","463564.7536069409"
"41","Sissiboo River Wilderness Area","Wilderness Area",,"NS Environment and Climate Change","NS Environment and Climate Change","Designated",,,"1203.26128195","53479.62393293728","12032612.819484403"
"42","Tait Lake Nature Reserve","Nature Reserve",,"NS Environment and Climate Change","NS Environment and Climate Change","Designated",,,"216.41586817","10316.82356358405","2164158.681671101"
"43","Terence Bay Wilderness Area","Wilderness Area",,"NS Environment and Climate Change","NS Environment and Climate Change","Designated",,,"56.97948583","5473.0944643185385","569794.8583386551"
"44","Aylesford Mountain Nature Reserve","Nature Reserve",,"NS Environment and Climate Change","NS Environment and Climate Change","Designated",,,"86.46760714","4481.328553850701","864676.0713625887"
"45","Bennery Lake Nature Reserve","Nature Reserve",,"NS Environment and Climate Change","NS Environment and Climate Change","Designated",,,"278.61002701","7164.477874802566","2786100.27013209"
"46","Diligent River Nature Reserve","Nature Reserve",,"NS Environment and Climate Change","NS Environment and Climate Change","Designated",,,"112.39185691","6063.02955392983","1123918.5691273378"
"47","Dochertys Brook Nature Reserve","Nature Reserve",,"NS Environment and Climate Change","NS Environment and Climate Change","Designated",,,"12.00695954","1605.7905372241555","120069.59541217724"
"48","Kejimkujik National Park And National Historic Site Of Canada","National Park",,"Parks Canada Agency. Environment and Climate Change Canada","Parks Canada Agency. Environment and Climate Change Canada","Designated",,,"38121.34476784","80892.39890210833","381213447.67841864"
"49","Sable Island National Park Reserve Of Canada","National Park",,"Parks Canada Agency. Environment and Climate Change Canada","Parks Canada Agency. Environment and Climate Change Canada","Designated",,,"2.33716047","1252.981164400161","23371.60465612148"
"50","Sable Island National Park Reserve Of Canada/Sable Island Bird Sanctuary","National Park, Migratory Bird Sanctuary",,"Parks Canada Agency. Environment and Climate Change Canada","Parks Canada Agency. Environment and Climate Change Canada","Designated",,,"3102.17564314","93405.56900138682","31021756.431356892"
"51","Denis Lakes Wilderness Area","Wilderness Area",,"NS Environment and Climate Change","NS Environment and Climate Change","Designated",,,"487.66654231","10131.680117651731","4876665.423078841"
"52","Eastern Shore Islands Wilderness Area","Wilderness Area",,"NS Environment and Climate Change","NS Environment and Climate Change","Designated",,,"1852.5568112","305943.2725249223","18525568.112005275"
"53","Fossil Coast Nature Reserve","Nature Reserve",,"NS Environment and Climate Change","NS Environment and Climate Change","Designated",,,"277.32911905","18157.987749877713","2773291.1905416097"
"54","Tiddville Nature Reserve","Nature Reserve",,"NS Environment and Climate Change","NS Environment and Climate Change","Designated",,,"29.77387963","2988.9234546413913","297738.79631386325"
"55","Tusket River Wilderness Area","Wilderness Area",,"NS Environment and Climate Change","NS Environment and Climate Change","Designated",,,"1663.36292184","74887.34377335127","16633629.218446182"
"56","Ship Harbour Long Lake Wilderness Area","Wilderness Area",,"NS Environment and Climate Change","NS Environment and Climate Change","Designated",,,"929.35260802","55436.82583794628","9293526.080204552"
"57","Toadfish Lakes Wilderness Area","Wilderness Area",,"NS Environment and Climate Change","NS Environment and Climate Change","Designated",,,"6319.96872648","122108.16071813909","63199687.2648302"
"58","Twelve Mile Stream Wilderness Area","Wilderness Area",,"NS Environment and Climate Change","NS Environment and Climate Change","Designated",,,"1792.77438375","74994.18020555333","17927743.837479558"
"59","Boggy Lake Wilderness Area","Wilderness Area",,"NS Environment and Climate Change","NS Environment and Climate Change","Designated",,,"973.2512172","49739.48433590393","9732512.172012668"
"60","Chignecto National Wildlife Area/Amherst Point Bird Sanctuary","National Wildlife Area, Migratory Bird Sanctuary",,"Canadian Wildlife Service. Environment and Climate Change Canada","Canadian Wildlife Service. Environment and Climate Change Canada","Designated",,,"408.56112954","12903.971161200861","4085611.2953804727"
"61","John Lusby Marsh National Wildlife Area","National Wildlife Area",,"Canadian Wildlife Service. Environment and Climate Change Canada","Canadian Wildlife Service. Environment and Climate Change Canada","Designated",,,"14.44300851","2348.8080035491303","144430.0851180319"
"62","John Lusby Marsh National Wildlife Area","National Wildlife Area",,"Canadian Wildlife Service. Environment and Climate Change Canada","Canadian Wildlife Service. Environment and Climate Change Canada","Designated",,,"537.68908134","33407.76568312953","5376890.813384411"
"63","Margaree River Wilderness Area","Wilderness Area",,"NS Environment and Climate Change","NS Environment and Climate Change","Designated",,,"6831.5316112","233714.82140454516","68315316.11198308"
"64","McGill Lake Wilderness Area","Wilderness Area",,"NS Environment and Climate Change","NS Environment and Climate Change","Designated",,,"177.52872806","7034.007720960775","1775287.2805551405"
"65","McGill Lake Wilderness Area","Wilderness Area",,"NS Environment and Climate Change","NS Environment and Climate Change","Designated",,,"476.58324478","26670.78794626236","4765832.447780947"
"66","Middle River Framboise Wilderness Area","Wilderness Area",,"NS Environment and Climate Change","NS Environment and Climate Change","Designated",,,"5636.54652671","50155.001977177104","56365465.267100185"
"67","Middle River Wilderness Area","Wilderness Area",,"NS Environment and Climate Change","NS Environment and Climate Change","Designated",,,"5617.7171345","101106.37831998775","56177171.344966106"
"68","Kluscap Wilderness Area","Wilderness Area",,"NS Environment and Climate Change","NS Environment and Climate Change","Designated",,,"2776.89234372","33361.220525278055","27768923.437171504"
"69","Sea Wolf Island National Wildlife Area","National Wildlife Area",,"Canadian Wildlife Service. Environment and Climate Change Canada","Canadian Wildlife Service. Environment and Climate Change Canada","Designated",,,"75.60788641","4736.070213474583","756078.8640887457"
"70","Blandford Nature Reserve","Nature Reserve",,"NS Environment and Climate Change","NS Environment and Climate Change","Designated",,,"318.88831856","17704.543630624845","3188883.1855973573"
"71","Bornish Hill Nature Reserve","Nature Reserve",,"NS Environment and Climate Change","NS Environment and Climate Change","Designated",,,"954.73865579","15167.694650675247","9547386.557858324"
"72","Duncans Cove Nature Reserve","Nature Reserve",,"NS Environment and Climate Change","NS Environment and Climate Change","Designated",,,"369.10139423","15508.042002820548","3691013.942314254"
"73","Great Barren and Quinan Lakes Nature Reserve","Nature Reserve",,"NS Environment and Climate Change","NS Environment and Climate Change","Designated",,,"347.11471099","25245.83919209743","3471147.1098601655"
"74","North River Wilderness Area","Wilderness Area",,"NS Environment and Climate Change","NS Environment and Climate Change","Designated",,,"3986.93276123","71504.87003012402","39869327.61229122"
"75","North River Wilderness Area","Wilderness Area",,"NS Environment and Climate Change","NS Environment and Climate Change","Designated",,,"47.4724985","3155.6112014847126","474724.98498002876"
"76","Ogden Round Lake Wilderness Area","Wilderness Area",,"NS Environment and Climate Change","NS Environment and Climate Change","Designated",,,"5469.07989248","72604.99707240127","54690798.92483801"
"77","Polletts Cove - Aspy Fault Wilderness Area","Wilderness Area",,"NS Environment and Climate Change","NS Environment and Climate Change","Designated",,,"27226.65586413","157177.35009448283","272266558.6412498"
"78","Portapique River Wilderness Area","Wilderness Area",,"NS Environment and Climate Change","NS Environment and Climate Change","Designated",,,"2060.34389129","30511.128268187564","20603438.912920542"
"79","Raven Head Wilderness Area","Wilderness Area",,"NS Environment and Climate Change","NS Environment and Climate Change","Designated",,,"5257.14160947","91488.93068148076","52571416.09472637"
"80","Margaree River Wilderness Area","Wilderness Area",,"NS Environment and Climate Change","NS Environment and Climate Change","Designated",,,"2139.52469058","71339.33649529012","21395246.90578496"
"81","Roseway River Wilderness Area","Wilderness Area",,"NS Environment and Climate Change","NS Environment and Climate Change","Designated",,,"1691.03544954","47490.53592585442","16910354.49539933"
"82","Silver River Wilderness Area","Wilderness Area",,"NS Environment and Climate Change","NS Environment and Climate Change","Designated",,,"5293.91241865","114113.08970838283","52939124.18654935"
"83","Rogues Roost Wilderness Area","Wilderness Area",,"NS Environment and Climate Change","NS Environment and Climate Change","Designated",,,"1127.9620018","62399.56178268789","11279620.01803012"
"84","Indian Man Lake Nature Reserve","Nature Reserve",,"NS Environment and Climate Change","NS Environment and Climate Change","Designated",,,"125.90773954","4421.129495700084","1259077.3954280615"
"85","Long Lake Nature Reserve","Nature Reserve",,"NS Environment and Climate Change","NS Environment and Climate Change","Designated",,,"284.87863235","7537.883831132596","2848786.323521194"
"86","Martin Brook Nature Reserve","Nature Reserve",,"NS Environment and Climate Change","NS Environment and Climate Change","Designated",,,"59.30857624","4358.405726449863","593085.7624472271"
"87","Scatarie Island Wilderness Area","Wilderness Area",,"NS Environment and Climate Change","NS Environment and Climate Change","Designated",,,"1496.09228178","46412.23927580898","14960922.817825858"
"88","Shelburne River Wilderness Area","Wilderness Area",,"NS Environment and Climate Change","NS Environment and Climate Change","Designated",,,"2266.82420766","53223.97961139163","22668242.076597754"
"89","Ship Harbour Long Lake Wilderness Area","Wilderness Area",,"NS Environment and Climate Change","NS Environment and Climate Change","Designated",,,"14807.8416374","317176.37246223696","148078416.37398383"
"90","Ship Harbour Long Lake Wilderness Area","Wilderness Area",,"NS Environment and Climate Change","NS Environment and Climate Change","Designated",,,"331.77922393","25330.110987411175","3317792.2393146968"
"91","Sugarloaf Mountain Wilderness Area","Wilderness Area",,"NS Environment and Climate Change","NS Environment and Climate Change","Designated",,,"746.44902539","13660.65028902829","7464490.253928954"
"92","Tangier Grand Lake Wilderness Area","Wilderness Area",,"NS Environment and Climate Change","NS Environment and Climate Change","Designated",,,"16029.85893974","105566.01158458117","160298589.39739653"
"93","Devils Jaw Wilderness Area","Wilderness Area",,"NS Environment and Climate Change","NS Environment and Climate Change","Designated",,,"1940.41139728","68316.1283452092","19404113.97276557"
"94","Devils Jaw Wilderness Area","Wilderness Area",,"NS Environment and Climate Change","NS Environment and Climate Change","Designated",,,"725.95154307","15580.845544630543","7259515.430735385"
"95","Polly Brook Wilderness Area","Wilderness Area",,"NS Environment and Climate Change","NS Environment and Climate Change","Designated",,,"780.7412512","22543.129798020847","7807412.512003029"
"96","Mary Harper Nature Reserve","Nature Reserve, Land Trust",,"Bras d'Or Preservation Nature Trust","NS Environment and Climate Change, Bras d'Or Preservation Nature Trust","Designated",,,"26.47953997","2930.060425529353","264795.39972476894"
"97","Panuke Lake Nature Reserve","Nature Reserve",,"NS Environment and Climate Change","NS Environment and Climate Change","Designated",,,"148.17415258","6288.7080497440575","1481741.5257733448"
"98","Ponhook Lake Nature Reserve","Nature Reserve",,"NS Environment and Climate Change","NS Environment and Climate Change","Designated",,,"40.26364486","19422.8762795344","402636.4485970806"
"99","Tangier Grand Lake Wilderness Area","Wilderness Area",,"NS Environment and Climate Change","NS Environment and Climate Change","Designated",,,"137.9098154","9841.687470094967","1379098.1540466666"
"100","Terence Bay Wilderness Area","Wilderness Area",,"NS Environment and Climate Change","NS Environment and Climate Change","Designated",,,"4429.28477498","119835.64784770327","44292847.74978355"
"101","White Lake Wilderness Area","Wilderness Area",,"NS Environment and Climate Change","NS Environment and Climate Change","Designated",,,"568.13232133","30071.289778791408","5681323.213309324"
"102","Shelburne River Wilderness Area","Wilderness Area",,"NS Environment and Climate Change","NS Environment and Climate Change","Designated",,,"1177.79260959","50356.89596667642","11777926.095939785"
"103","Dunraven Bog Nature Reserve","Nature Reserve",,"NS Environment and Climate Change","NS Environment and Climate Change","Designated",,,"3464.25505618","30125.18146456874","34642550.561765246"
"104","Snowshoe Lakes Nature Reserve","Nature Reserve",,"NS Environment and Climate Change","NS Environment and Climate Change","Designated",,,"419.20588192","13310.163754863715","4192058.819208569"
"105","Quinns Meadow Nature Reserve","Nature Reserve",,"NS Environment and Climate Change","NS Environment and Climate Change","Designated",,,"341.88554872","10450.710766501674","3418855.487242942"
"106","River Inhabitants Nature Reserve","Nature Reserve",,"NS Environment and Climate Change","NS Environment and Climate Change","Designated",,,"360.96511667","11112.08151192074","3609651.1666998947"
"107","Roman Valley Nature Reserve","Nature Reserve",,"NS Environment and Climate Change","NS Environment and Climate Change","Designated",,,"56.8938321","2959.002241602616","568938.321032061"
"108","Sixth and Coades Lakes Nature Reserve","Nature Reserve",,"NS Environment and Climate Change","NS Environment and Climate Change","Designated",,,"54.9841863","5116.356397253692","549841.8629555014"
"109","Terence Bay Wilderness Area","Wilderness Area",,"NS Environment and Climate Change","NS Environment and Climate Change","Designated",,,"26.56418171","4463.2882279195455","265641.8170779192"
"110","The Big Bog Wilderness Area","Wilderness Area",,"NS Environment and Climate Change","NS Environment and Climate Change","Designated",,,"2707.51150086","27683.398200315874","27075115.00856242"
"111","Tidney River Wilderness Area","Wilderness Area",,"NS Environment and Climate Change","NS Environment and Climate Change","Designated",,,"17790.06627025","131319.20602465782","177900662.70252702"
"112","Tidney River Wilderness Area","Wilderness Area",,"NS Environment and Climate Change","NS Environment and Climate Change","Designated",,,"2613.56040767","48275.135573488355","26135604.07673666"
"113","Trout Brook Wilderness Area","Wilderness Area",,"NS Environment and Climate Change","NS Environment and Climate Change","Designated",,,"2861.14043859","24569.39476712177","28611404.385878954"
"114","Skull Bog Lake Nature Reserve","Nature Reserve",,"NS Environment and Climate Change","NS Environment and Climate Change","Designated",,,"524.1396589","14755.987610288928","5241396.588993031"
"115","Rogues Roost Wilderness Area","Wilderness Area",,"NS Environment and Climate Change","NS Environment and Climate Change","Designated",,,"63.40715891277654","3134.7034216772786","634071.5891277654"
"116","Toadfish Lakes Wilderness Area","Wilderness Area",,"NS Environment and Climate Change","NS Environment and Climate Change","Designated",,,"121.15120782","6316.977271300136","1211512.0781652594"
"117","Sixth and Coades Lakes Nature Reserve","Nature Reserve",,"NS Environment and Climate Change","NS Environment and Climate Change","Designated",,,"70.34162171","7197.509133648448","703416.2171482156"
"118","Spinneys Heath Nature Reserve","Nature Reserve",,"NS Environment and Climate Change","NS Environment and Climate Change","Designated",,,"642.36745409","15884.914396168453","6423674.540895675"
"119","Waverley - Salmon River Long Lake Wilderness Area","Wilderness Area",,"NS Environment and Climate Change","NS Environment and Climate Change","Designated",,,"8620.97129781","107880.19139302934","86209712.97807346"
"120","Waverley - Salmon River Long Lake Wilderness Area","Wilderness Area",,"NS Environment and Climate Change","NS Environment and Climate Change","Designated",,,"287.47921515","11436.078798620074","2874792.151451046"
"121","White Lake Wilderness Area","Wilderness Area",,"NS Environment and Climate Change","NS Environment and Climate Change","Designated",,,"4533.32382145","57322.25635798411","45333238.21451429"
"122","White Lake Wilderness Area","Wilderness Area",,"NS Environment and Climate Change","NS Environment and Climate Change","Designated",,,"20.73074596","2176.1693904470108","207307.4595973415"
"123","Blomidon Provincial Park","Provincial Park",,"NS Department of Natural Resources and Renewables","NS Department of Natural Resources and Renewables","Designated",,,"15.2016891","1726.156080739669","152016.89097690932"
"124","Toadfish Lakes Wilderness Area","Wilderness Area",,"NS Environment and Climate Change","NS Environment and Climate Change","Designated",,,"23.76396606","4268.831191666706","237639.66056740884"
"125","Toadfish Lakes Wilderness Area","Wilderness Area",,"NS Environment and Climate Change","NS Environment and Climate Change","Designated",,,"52.65476776","3775.1700303666557","526547.6776337185"
"126","Scrag Lake Wilderness Area","Wilderness Area",,"NS Environment and Climate Change","NS Environment and Climate Change","Designated",,,"1960.41313854","23702.218718881846","19604131.38542969"
"127","MacFarlane Woods Nature Reserve","Nature Reserve",,"NS Environment and Climate Change","NS Environment and Climate Change","Designated",,,"12.13278772","1397.783558353934","121327.87721906528"
"128","MacFarlane Woods Nature Reserve","Nature Reserve",,"NS Environment and Climate Change","NS Environment and Climate Change","Designated",,,"12.89645034","1547.3904734349894","128964.50342480648"
"129","Eigg Mountain - James River Wilderness Area","Wilderness Area",,"NS Environment and Climate Change","NS Environment and Climate Change","Designated",,,"2176.47309175","94624.09906598719","21764730.917526737"
"130","Black River Bog Conservation Lands","Land Trust or Conservation Easement",,"Nature Conservancy of Canada","Nature Conservancy of Canada","Considered protected",,,"1.96408805","916.8845052847395","19640.880497475122"
"131","Sporting Lake Nature Reserve","Nature Reserve, Wilderness Area",,"NS Environment and Climate Change","NS Environment and Climate Change","Designated",,,"23.2171075","3931.4175979473844","232171.07502042962"
"132","Tusket River Nature Reserve","Nature Reserve",,"NS Environment and Climate Change","NS Environment and Climate Change","Designated",,,"22.50784566","2152.828580739983","225078.45664342336"
"133","Tusket River Nature Reserve","Nature Reserve",,"NS Environment and Climate Change","NS Environment and Climate Change","Designated",,,"16.14508957","2006.2708639606635","161450.89573603618"
"134","Blomidon Provincial Park","Provincial Park",,"NS Department of Natural Resources and Renewables","NS Department of Natural Resources and Renewables","Designated",,,"558.13104881","10459.623583834295","5581310.488090338"
"135","Blomidon Provincial Park","Provincial Park",,"NS Department of Natural Resources and Renewables","NS Department of Natural Resources and Renewables","Designated",,,"840.96502103","20525.005082753636","8409650.210290853"
"136","Cape Chignecto Provincial Park","Provincial Park",,"NS Department of Natural Resources and Renewables","NS Department of Natural Resources and Renewables","Designated",,,"1722.80327529","21242.504888325304","17228032.7528562"
"137","Cape Chignecto Provincial Park","Provincial Park",,"NS Department of Natural Resources and Renewables","NS Department of Natural Resources and Renewables","Designated",,,"4232.76371114","82423.32970233286","42327637.11144992"
"138","Eigg Mountain - James River Wilderness Area","Wilderness Area",,"NS Environment and Climate Change","NS Environment and Climate Change","Designated",,,"4131.73039531","100824.53297730951","41317303.953063354"
"139","Black River Bog Conservation Lands","Land Trust or Conservation Easement",,"Nature Conservancy of Canada","Nature Conservancy of Canada","Considered protected",,,"2.34759348","951.9224193034512","23475.93483507493"
"140","Black River Bog Conservation Lands","Land Trust or Conservation Easement",,"Nature Conservancy of Canada","Nature Conservancy of Canada","Considered protected",,,"2.23430036","1003.201947276656","22343.003556447406"
"141","Washabuck River Nature Reserve","Nature Reserve, Land Trust",,"Nova Scotia Nature Trust","NS Environment and Climate Change, Nova Scotia Nature Trust","Designated",,,"67.59421849","4449.905994917492","675942.1849411881"
"142","West Branch Medway River Nature Reserve","Nature Reserve, Wilderness Area",,"NS Environment and Climate Change","NS Environment and Climate Change","Designated",,,"81.85272578","5099.071236830873","818527.2578111172"
"143","Cape Smokey Provincial Park","Provincial Park",,"NS Department of Natural Resources and Renewables","NS Department of Natural Resources and Renewables","Designated",,,"161.4485942","7607.560407159222","1614485.9420058134"
"144","Crystal Crescent Beach Provincial Park","Provincial Park",,"NS Department of Natural Resources and Renewables","NS Department of Natural Resources and Renewables","Designated",,,"498.93130081","19913.00622106166","4989313.008091806"
"145","Dollar Lake Provincial Park","Provincial Park",,"NS Department of Natural Resources and Renewables","NS Department of Natural Resources and Renewables","Designated",,,"395.16747796","16072.95538548347","3951674.779562949"
"146","Grassy Island Nature Reserve","Nature Reserve",,"NS Environment and Climate Change","NS Environment and Climate Change","Designated",,,"0.69066219","423.7024986533679","6906.621923521326"
"147","Cains Mountain Wilderness Area","Wilderness Area",,"NS Environment and Climate Change","NS Environment and Climate Change","Designated",,,"554.81431858","23734.470850641843","5548143.185843348"
"148","Blue Mountain - Birch Cove Lakes Wilderness Area","Wilderness Area",,"NS Environment and Climate Change","NS Environment and Climate Change","Designated",,,"1316.86707347","37993.91729402275","13168670.734677373"
"149","Boggy Lake Wilderness Area","Wilderness Area",,"NS Environment and Climate Change","NS Environment and Climate Change","Designated",,,"3708.44986141","39534.10131466746","37084498.61407958"
"150","Bonnet Lake Barrens Wilderness Area","Wilderness Area",,"NS Environment and Climate Change","NS Environment and Climate Change","Designated",,,"10366.99248578","98912.7474732036","103669924.85781859"
"151","Bonnet Lake Barrens Wilderness Area","Wilderness Area",,"NS Environment and Climate Change","NS Environment and Climate Change","Designated",,,"20.30352501","1886.7948293025968","203035.2501348576"
"152","Canso Coastal Barrens Wilderness Area","Wilderness Area",,"NS Environment and Climate Change","NS Environment and Climate Change","Designated",,,"8012.9706702","109348.43601604621","80129706.70198326"
"153","Shut-in Island Nature Reserve","Nature Reserve",,"NS Environment and Climate Change","NS Environment and Climate Change","Designated",,,"7.14025098","1620.506048780351","71402.50981762292"
"154","Baddeck River Wilderness Area","Wilderness Area",,"NS Environment and Climate Change","NS Environment and Climate Change","Designated",,,"2778.24392144","75853.1398056188","27782439.214412805"
"155","Lyons Marsh Nature Reserve","Nature Reserve",,"NS Environment and Climate Change","NS Environment and Climate Change","Designated",,,"59.68376889","4697.4645115581225","596837.6888531825"
"156","Blandford Nature Reserve","Nature Reserve",,"NS Environment and Climate Change","NS Environment and Climate Change","Designated",,,"20.40348613","1826.0878429230106","204034.8613095217"
"157","Calvary River Wilderness Area","Wilderness Area",,"NS Environment and Climate Change","NS Environment and Climate Change","Designated",,,"1174.39914599","45324.55375462561","11743991.459926033"
"158","French River Wilderness Area","Wilderness Area",,"NS Environment and Climate Change","NS Environment and Climate Change","Designated",,,"16417.98932247","160389.64141969715","164179893.22470057"
"159","French River Wilderness Area","Wilderness Area",,"NS Environment and Climate Change","NS Environment and Climate Change","Designated",,,"685.66952615","11789.985823914267","6856695.261532055"
"160","Johnstons Pond Conservation Lands","Land Trust or Conservation Easement",,"Nature Conservancy of Canada","Nature Conservancy of Canada","Considered protected",,,"28.23390039","6786.29118905891","282339.0039076681"
"161","Clattenburgh Brook Wilderness Area","Wilderness Area",,"NS Environment and Climate Change","NS Environment and Climate Change","Designated",,,"1912.50870166","25734.158283773697","19125087.016645346"
"162","Cloud Lake Wilderness Area","Wilderness Area",,"NS Environment and Climate Change","NS Environment and Climate Change","Designated",,,"10823.02341634","89482.3644902289","108230234.16337599"
"163","Cloud Lake Wilderness Area","Wilderness Area",,"NS Environment and Climate Change","NS Environment and Climate Change","Designated",,,"80.08149614","3688.031736716812","800814.9614459616"
"164","Cloud Lake Wilderness Area","Wilderness Area",,"NS Environment and Climate Change","NS Environment and Climate Change","Designated",,,"621.41743656","13023.672076062418","6214174.365610947"
"165","Caribou Rivers Nature Reserve","Nature Reserve",,"NS Environment and Climate Change","NS Environment and Climate Change","Designated",,,"32.36848939","2630.294672163461","323684.8938847803"
"166","Cowan Brook Nature Reserve","Nature Reserve",,"NS Environment and Climate Change","NS Environment and Climate Change","Designated",,,"56.42643631","3985.930651300769","564264.3631254144"
"167","Drug Brook Nature Reserve","Nature Reserve",,"NS Environment and Climate Change","NS Environment and Climate Change","Designated",,,"34.3002127","2923.6199228034225","343002.12702935084"
"168","Gabarus Wilderness Area","Wilderness Area",,"NS Environment and Climate Change","NS Environment and Climate Change","Designated",,,"132.21522642","11568.343204962504","1322152.2641602268"
"169","Ghost Antler Nature Reserve","Nature Reserve",,"NS Environment and Climate Change","NS Environment and Climate Change","Designated",,,"1007.29989461","32518.952369011236","10072998.946068384"
"170","Kelley River Wilderness Area","Wilderness Area",,"NS Environment and Climate Change","NS Environment and Climate Change","Designated",,,"86.68606048","7401.634860443119","866860.6048248208"
"171","Lake Rossignol Wilderness Area","Wilderness Area",,"NS Environment and Climate Change","NS Environment and Climate Change","Designated",,,"25.443991999999998","2563.2449140146527","254439.91998106518"
"172","Economy River Wilderness Area","Wilderness Area",,"NS Environment and Climate Change","NS Environment and Climate Change","Designated",,,"6040.70404996","73969.1918673645","60407040.49955841"
"173","Economy River Wilderness Area","Wilderness Area",,"NS Environment and Climate Change","NS Environment and Climate Change","Designated",,,"81.68459512","6257.453833925077","816845.9512395539"
"174","Five Bridge Lakes Wilderness Area","Wilderness Area",,"NS Environment and Climate Change","NS Environment and Climate Change","Designated",,,"8625.9184447","174499.79311354193","86259184.44702671"
"175","Eagles Nest Nature Reserve","Nature Reserve",,"NS Environment and Climate Change","NS Environment and Climate Change","Designated",,,"187.77906015","9941.06306182089","1877790.6014890014"
"176","The Stillwaters Wilderness Area","Wilderness Area",,"NS Environment and Climate Change","NS Environment and Climate Change","Designated",,,"2969.23992361","32324.956503694782","29692399.236140374"
"177","Humes River Wilderness Area","Wilderness Area",,"NS Environment and Climate Change","NS Environment and Climate Change","Designated",,,"3625.19890202","52510.61172510588","36251989.0201695"
"178","Lambs Lake Nature Reserve","Nature Reserve",,"NS Environment and Climate Change","NS Environment and Climate Change","Designated",,,"159.40262725","5974.725616747266","1594026.2724680682"
"179","Little Beaver Lakes Nature Reserve","Nature Reserve",,"NS Environment and Climate Change","NS Environment and Climate Change","Designated",,,"360.40491828","15371.652160900065","3604049.182849564"
"180","Long Lake Nature Reserve","Nature Reserve",,"NS Environment and Climate Change","NS Environment and Climate Change","Designated",,,"400.94972462","18402.56536211762","4009497.246214659"
"181","Zinck's Point Conservation Lands","Land Trust or Conservation Easement",,"Kingsburg Coastal Conservancy","Kingsburg Coastal Conservancy","Considered protected",,,"0.69628582","643.9681278846157","6962.858242618936"
"182","French River Wilderness Area","Wilderness Area",,"NS Environment and Climate Change","NS Environment and Climate Change","Designated",,,"7096.63363772","45704.677143739245","70966336.37724161"
"183","Gabarus Wilderness Area","Wilderness Area",,"NS Environment and Climate Change","NS Environment and Climate Change","Designated",,,"3749.26470666","43057.55422255778","37492647.066607326"
"184","Gully Lake Wilderness Area","Wilderness Area",,"NS Environment and Climate Change","NS Environment and Climate Change","Designated",,,"3815.94597463","47815.288093012095","38159459.74632303"
"185","Irish Cove Nature Reserve","Nature Reserve",,"NS Environment and Climate Change","NS Environment and Climate Change","Designated",,,"159.93036213","6626.254611815128","1599303.6213043004"
"186","Janvrin Island Nature Reserve","Nature Reserve",,"NS Environment and Climate Change","NS Environment and Climate Change","Designated",,,"120.98625546","19602.25809551685","1209862.554605077"
"187","MacKay Brook Nature Reserve","Nature Reserve",,"NS Environment and Climate Change","NS Environment and Climate Change","Designated",,,"20.0591581","1910.1126600033015","200591.58095214542"
"188","Loon Lake Nature Reserve","Nature Reserve",,"NS Environment and Climate Change","NS Environment and Climate Change","Designated",,,"384.36712011","13022.923710736455","3843671.201059789"
"189","North Mountain Wilderness Area","Wilderness Area",,"NS Environment and Climate Change","NS Environment and Climate Change","Designated",,,"1080.00691197","26341.90599975187","10800069.119661119"
"190","Pockwock Wilderness Area","Wilderness Area",,"NS Environment and Climate Change","NS Environment and Climate Change","Designated",,,"1899.95564103","58328.42343226784","18999556.410325162"
"191","Porcupine Lake Wilderness Area","Wilderness Area",,"NS Environment and Climate Change","NS Environment and Climate Change","Designated",,,"974.31430639","47093.53500738359","9743143.063932123"
"192","Tidney River Wilderness Area","Wilderness Area",,"NS Environment and Climate Change","NS Environment and Climate Change","Designated",,,"2306.65689322","60877.86452423263","23066568.932185594"
"193","Tidney River Wilderness Area","Wilderness Area",,"NS Environment and Climate Change","NS Environment and Climate Change","Designated",,,"113.08812992","6369.520670124761","1130881.2992001155"
"194","Chignecto Isthmus Conservation Lands","Land Trust or Conservation Easement",,"Nature Conservancy of Canada","Nature Conservancy of Canada","Considered protected",,,"2.09864609","561.7958298371627","20986.460900000555"
"195","Chignecto Isthmus Conservation Lands","Land Trust or Conservation Easement",,"Nature Conservancy of Canada","Nature Conservancy of Canada","Considered protected",,,"0.61810471","293.7398268367986","6181.047099999291"
"196","Chignecto Isthmus Conservation Lands","Land Trust or Conservation Easement",,"Nature Conservancy of Canada","Nature Conservancy of Canada","Considered protected",,,"1.66019555","504.777622694588","16601.95550002902"
"197","Musquodoboit Harbour Conservation Lands","Land Trust or Conservation Easement",,"Nature Conservancy of Canada","Nature Conservancy of Canada","Considered protected",,,"6.69371503","1725.7826551873106","66937.15025000206"
"198","Musquodoboit Harbour Conservation Lands","Land Trust or Conservation Easement",,"Nature Conservancy of Canada","Nature Conservancy of Canada","Considered protected",,,"24.22912281","3320.5927723073833","242291.22814997414"
"199","Musquodoboit Harbour Conservation Lands","Land Trust or Conservation Easement",,"Nature Conservancy of Canada","Nature Conservancy of Canada","Considered protected",,,"0.49253823","436.12271890977536","4925.382300036717"
"200","Musquodoboit Harbour Conservation Lands","Land Trust or Conservation Easement",,"Nature Conservancy of Canada","Nature Conservancy of Canada","Considered protected",,,"2.89411499","1027.7083257962727","28941.1498500306"
"201","Mabou Highlands Conservation Lands (3)","Land Trust or Conservation Easement",,"Nova Scotia Nature Trust","Nova Scotia Nature Trust","Considered protected",,,"4.79863806","1023.9826097309867","47986.38055006158"
"202","Mabou Highlands Conservation Lands (3)","Land Trust or Conservation Easement",,"Nova Scotia Nature Trust","Nova Scotia Nature Trust","Considered protected",,,"5.51925795","984.7911509685632","55192.579450002435"
"203","Mabou Highlands Conservation Lands (3)","Land Trust or Conservation Easement",,"Nova Scotia Nature Trust","Nova Scotia Nature Trust","Considered protected",,,"5.00840566","1013.6252984675788","50084.05664985605"
"204","Mabou Highlands Conservation Lands (3)","Land Trust or Conservation Easement",,"Nova Scotia Nature Trust","Nova Scotia Nature Trust","Considered protected",,,"36.78387562","4084.8852831382774","367838.75615080673"
"205","Mabou Highlands Conservation Lands (3)","Land Trust or Conservation Easement",,"Nova Scotia Nature Trust","Nova Scotia Nature Trust","Considered protected",,,"1.07912936","507.84370485901815","10791.293600005287"
"206","Port Joli Conservation Lands","Land Trust or Conservation Easement",,"Nature Conservancy of Canada","Nature Conservancy of Canada","Considered protected",,,"20.55845962","3711.0050649566315","205584.59624989444"
"207","Port Joli Conservation Lands","Land Trust or Conservation Easement",,"Nature Conservancy of Canada","Nature Conservancy of Canada","Considered protected",,,"73.83681845","6508.946280990211","738368.1844995407"
"208","Port Joli Conservation Lands","Land Trust or Conservation Easement",,"Nature Conservancy of Canada","Nature Conservancy of Canada","Considered protected",,,"2.33660909","815.0950053884641","23366.090899874813"
"209","Musquodoboit Harbour Conservation Lands","Land Trust or Conservation Easement",,"Nova Scotia Nature Trust","Nova Scotia Nature Trust","Considered protected",,,"49.46680203","3194.272492832766","494668.02025017014"
"210","Musquodoboit Harbour Conservation Lands","Land Trust or Conservation Easement",,"Nature Conservancy of Canada","Nature Conservancy of Canada","Considered protected",,,"4.45505414","1161.301565191795","44550.54135000636"
"211","Musquodoboit Harbour Conservation Lands","Land Trust or Conservation Easement",,"Nova Scotia Nature Trust","Nova Scotia Nature Trust","Considered protected",,,"19.78923739","2121.4466933292433","197892.37390001005"
"212","Musquodoboit Harbour Conservation Lands","Land Trust or Conservation Easement",,"Nova Scotia Nature Trust","Nova Scotia Nature Trust","Considered protected",,,"0.38537749","278.62563381188704","3853.774850041553"
"213","Musquodoboit Harbour Conservation Lands","Land Trust or Conservation Easement",,"Nova Scotia Nature Trust","Nova Scotia Nature Trust","Considered protected",,,"1.00316012","702.6859999511732","10031.601150250804"
"214","Musquodoboit Harbour Conservation Lands","Land Trust or Conservation Easement",,"Nova Scotia Nature Trust","Nova Scotia Nature Trust","Considered protected",,,"0.83002332","552.5562033952677","8300.23319995966"
"215","Musquodoboit Harbour Conservation Lands","Land Trust or Conservation Easement",,"Nova Scotia Nature Trust","Nova Scotia Nature Trust","Considered protected",,,"0.74675674","564.2290469692537","7467.567399994733"
"216","Ship Harbour Long Lake Wilderness Area","Wilderness Area, Land Trust",,"Nature Conservancy of Canada","NS Environment and Climate Change, Nature Conservancy of Canada","Designated",,,"48.09005059","4597.6013024153635","480900.5058501809"
"217","Ship Harbour Long Lake Wilderness Area","Wilderness Area, Land Trust",,"Nature Conservancy of Canada","NS Environment and Climate Change, Nature Conservancy of Canada","Designated",,,"43.1466123","5451.605242591263","431466.12300005765"
"218","Musquodoboit River Valley Conservation Lands","Land Trust or Conservation Easement",,"Nature Conservancy of Canada","Nature Conservancy of Canada","Considered protected",,,"7.31255065","1467.381779909301","73125.50650010338"
"219","Musquodoboit River Valley Conservation Lands","Land Trust or Conservation Easement",,"Nature Conservancy of Canada","Nature Conservancy of Canada","Considered protected",,,"20.34756256","1889.3617719514023","203475.62555050987"
"220","Musquodoboit River Valley Conservation Lands","Land Trust or Conservation Easement",,"Nature Conservancy of Canada","Nature Conservancy of Canada","Considered protected",,,"1.43941141","475.3171461194265","14394.11414997803"
"221","Mabou Highlands Conservation Lands (4)","Land Trust or Conservation Easement",,"Nova Scotia Nature Trust","Nova Scotia Nature Trust","Considered protected",,,"4.00624018","960.8184789562248","40062.40175002158"
"222","Mabou Highlands Conservation Lands (4)","Land Trust or Conservation Easement",,"Nova Scotia Nature Trust","Nova Scotia Nature Trust","Considered protected",,,"2.26554468","893.322157930945","22655.446800077774"
"223","Mabou Highlands Conservation Lands (4)","Land Trust or Conservation Easement",,"Nova Scotia Nature Trust","Nova Scotia Nature Trust","Considered protected",,,"22.04757013","2898.8752300229867","220475.70129987507"
"224","Mabou Highlands Conservation Lands (4)","Land Trust or Conservation Easement",,"Nova Scotia Nature Trust","Nova Scotia Nature Trust","Considered protected",,,"4.72621851","1334.8705282612839","47262.18509985869"
"225","Port Joli Conservation Lands","Land Trust or Conservation Easement",,"Nature Conservancy of Canada","Nature Conservancy of Canada","Considered protected",,,"18.73864871","3702.9388393468275","187386.48714925649"
"226","Port Joli Conservation Lands","Land Trust or Conservation Easement",,"Nature Conservancy of Canada","Nature Conservancy of Canada","Considered protected",,,"19.83432099","3955.056792489795","198343.20994997016"
"227","Port Joli Conservation Lands","Land Trust or Conservation Easement",,"Nature Conservancy of Canada","Nature Conservancy of Canada","Considered protected",,,"38.3328624","3864.030072431955","383328.62400014856"
"228","Port Joli Conservation Lands","Land Trust or Conservation Easement",,"Nature Conservancy of Canada","Nature Conservancy of Canada","Considered protected",,,"5.40162295","1619.4383520536624","54016.22949996995"
"229","Musquodoboit Harbour Conservation Lands","Land Trust or Conservation Easement",,"Nova Scotia Nature Trust","Nova Scotia Nature Trust","Considered protected",,,"0.50873566","296.12841785036625","5087.356599963272"
"230","Musquodoboit Harbour Conservation Lands","Land Trust or Conservation Easement",,"Nova Scotia Nature Trust","Nova Scotia Nature Trust","Considered protected",,,"0.07328364","102.08826107470166","732.836449997402"
"231","Musquodoboit Harbour Conservation Lands","Land Trust or Conservation Easement",,"Nature Conservancy of Canada","Nature Conservancy of Canada","Considered protected",,,"31.67616774","6892.2575088221465","316761.6773999597"
"232","Musquodoboit Harbour Conservation Lands","Land Trust or Conservation Easement",,"Nature Conservancy of Canada","Nature Conservancy of Canada","Considered protected",,,"54.83010364","6200.561003667248","548301.0364499473"
"233","Musquodoboit River Valley Conservation Lands","Land Trust or Conservation Easement",,"Nature Conservancy of Canada","Nature Conservancy of Canada","Considered protected",,,"2.45274484","1670.3243040991154","24527.448400066252"
"234","Musquodoboit River Valley Conservation Lands","Land Trust or Conservation Easement",,"Nature Conservancy of Canada","Nature Conservancy of Canada","Considered protected",,,"19.25925903","2940.535008154201","192592.5902503496"
"235","Musquodoboit River Valley Conservation Lands","Land Trust or Conservation Easement",,"Nature Conservancy of Canada","Nature Conservancy of Canada","Considered protected",,,"3.29650905","938.6057283349014","32965.090549880755"
"236","Ship Harbour Long Lake Wilderness Area","Wilderness Area, Land Trust",,"Nature Conservancy of Canada","NS Environment and Climate Change, Nature Conservancy of Canada","Designated",,,"15.39166072","1839.2686642797212","153916.607199988"
"237","Musquodoboit River Valley Conservation Lands","Land Trust or Conservation Easement",,"Nature Conservancy of Canada","Nature Conservancy of Canada","Considered protected",,,"19.26401222","1916.3350151919085","192640.12224979347"
"238","Musquodoboit River Valley Conservation Lands","Land Trust or Conservation Easement",,"Nature Conservancy of Canada","Nature Conservancy of Canada","Considered protected",,,"4.21772963","920.7364912593492","42177.29625005539"
"239","Sight Point Conservation Lands","Land Trust or Conservation Easement",,"Nature Conservancy of Canada","Nature Conservancy of Canada","Considered protected",,,"24.93606067","3480.9534086402177","249360.606700213"
"240","Mabou Highlands Conservation Lands (4)","Land Trust or Conservation Easement",,"Nova Scotia Nature Trust","Nova Scotia Nature Trust","Considered protected",,,"15.1357707","1857.5608749132878","151357.70695040523"
"241","Sight Point Conservation Lands","Land Trust or Conservation Easement",,"Nature Conservancy of Canada","Nature Conservancy of Canada","Considered protected",,,"19.14651845","3525.9856805445634","191465.18454990443"
"242","Port Joli Conservation Lands","Land Trust or Conservation Easement",,"Nature Conservancy of Canada","Nature Conservancy of Canada","Considered protected",,,"11.30509413","2437.882107795478","113050.94129993899"
"243","Port Joli Conservation Lands","Land Trust or Conservation Easement",,"Nature Conservancy of Canada","Nature Conservancy of Canada","Considered protected",,,"10.02185438","2220.6088660819723","100218.54384977982"
"244","Port Joli Conservation Lands","Land Trust or Conservation Easement",,"Nova Scotia Nature Trust","Nova Scotia Nature Trust","Considered protected",,,"4.1720703","1030.2927188978526","41720.70295005749"
"245","North Mountain Woodlands Conservation Lands","Land Trust or Conservation Easement",,"Nova Scotia Nature Trust","Nova Scotia Nature Trust","Considered protected",,,"18.58298539","1753.60817966176","185829.8538998919"
"246","North Mountain Woodlands Conservation Lands","Land Trust or Conservation Easement",,"Nova Scotia Nature Trust","Nova Scotia Nature Trust","Considered protected",,,"44.49660933","2907.6320314265968","444966.0933001149"
"247","North Mountain Woodlands Conservation Lands","Land Trust or Conservation Easement",,"Nova Scotia Nature Trust","Nova Scotia Nature Trust","Considered protected",,,"21.94232949","2032.7548222857597","219423.29494990007"
"248","North Mountain Woodlands Conservation Lands","Land Trust or Conservation Easement",,"Nova Scotia Nature Trust","Nova Scotia Nature Trust","Considered protected",,,"63.92609087","3426.137865965446","639260.9087494824"
"249","Wolfville Ridge Conservation Lands","Land Trust or Conservation Easement",,"Nova Scotia Nature Trust","Nova Scotia Nature Trust","Considered protected",,,"11.00593636","1742.565985710071","110059.36359970277"
"250","Musquodoboit River Valley Conservation Lands","Land Trust or Conservation Easement",,"Nature Conservancy of Canada","Nature Conservancy of Canada","Considered protected",,,"8.57078559","1484.9831185658718","85707.85594983857"
"251","Musquodoboit River Valley Conservation Lands","Land Trust or Conservation Easement",,"Nature Conservancy of Canada","Nature Conservancy of Canada","Considered protected",,,"7.1930908","1746.608670715275","71930.90795009091"
"252","Ship Harbour Long Lake Wilderness Area","Wilderness Area, Land Trust",,"Nature Conservancy of Canada","NS Environment and Climate Change, Nature Conservancy of Canada","Designated",,,"14.91999199","3200.1167033237257","149199.91989984972"
"253","Musquodoboit River Valley Conservation Lands","Land Trust or Conservation Easement",,"Nature Conservancy of Canada","Nature Conservancy of Canada","Considered protected",,,"2.67332337","1315.2383645160776","26733.233749915853"
"254","Musquodoboit River Valley Conservation Lands","Land Trust or Conservation Easement",,"Nature Conservancy of Canada","Nature Conservancy of Canada","Considered protected",,,"70.41169499","4631.0021202644775","704116.9499499302"
"255","Musquodoboit River Valley Conservation Lands","Land Trust or Conservation Easement",,"Nature Conservancy of Canada","Nature Conservancy of Canada","Considered protected",,,"44.82687082","3113.877664800175","448268.708249759"
"256","Gerard Island Conservation Lands","Land Trust or Conservation Easement",,"Nova Scotia Nature Trust","Nova Scotia Nature Trust","Considered protected",,,"21.24846014","2896.401872384827","212484.60140009926"
"257","Lake Annis Nature Reserve","Nature Reserve",,"Private owner(s)","NS Environment and Climate Change, private owner(s)","Designated",,,"30.2676443","2384.13145460733","302676.443000097"
"258","Lake Annis Nature Reserve","Nature Reserve",,"Private owner(s)","NS Environment and Climate Change, private owner(s)","Designated",,,"22.16133898","2244.259759643582","221613.3897998949"
"259","Wolfville Ridge Conservation Lands","Land Trust or Conservation Easement",,"Nova Scotia Nature Trust","Nova Scotia Nature Trust","Considered protected",,,"3.34164507","880.1204669256135","33416.45065009754"
"260","Wolfville Ridge Conservation Lands","Land Trust or Conservation Easement",,"Nova Scotia Nature Trust","Nova Scotia Nature Trust","Considered protected",,,"4.60767432","971.1468995690743","46076.74320002553"
"261","Wolfville Ridge Conservation Lands","Land Trust or Conservation Easement",,"Nova Scotia Nature Trust","Nova Scotia Nature Trust","Considered protected",,,"5.34536541","996.9078658160511","53453.654099996704"
"262","Wolfville Ridge Conservation Lands","Land Trust or Conservation Easement",,"Nova Scotia Nature Trust","Nova Scotia Nature Trust","Considered protected",,,"2.63163694","676.9059323424309","26316.369350022374"
"263","Wolfville Ridge Conservation Lands","Land Trust or Conservation Easement",,"Nova Scotia Nature Trust","Nova Scotia Nature Trust","Considered protected",,,"0.64200062","383.4082605363908","6420.0062000437465"
"264","Wolfville Ridge Conservation Lands","Land Trust or Conservation Easement",,"Nova Scotia Nature Trust","Nova Scotia Nature Trust","Considered protected",,,"0.63335439","324.71799306830667","6333.543900030318"
"265","Wolfville Ridge Conservation Lands","Land Trust or Conservation Easement",,"Nova Scotia Nature Trust","Nova Scotia Nature Trust","Considered protected",,,"8.62304092","1248.7655345730677","86230.4092499573"
"266","Wolfville Ridge Conservation Lands","Land Trust or Conservation Easement",,"Nova Scotia Nature Trust","Nova Scotia Nature Trust","Considered protected",,,"0.23941929","205.8265261370239","2394.1928999962615"
"267","Chignecto Isthmus Conservation Lands","Land Trust or Conservation Easement",,"Nature Conservancy of Canada","Nature Conservancy of Canada","Considered protected",,,"52.22896427","3333.2049310427283","522289.64265052014"
"268","Chignecto Isthmus Conservation Lands","Land Trust or Conservation Easement",,"Nature Conservancy of Canada","Nature Conservancy of Canada","Considered protected",,,"1.45510718","471.90925072984146","14551.071800012305"
"269","Chignecto Isthmus Conservation Lands","Land Trust or Conservation Easement",,"Nature Conservancy of Canada","Nature Conservancy of Canada","Considered protected",,,"2.22648487","785.2077632393576","22264.848650017182"
"270","Gerard Island Conservation Lands","Land Trust or Conservation Easement",,"Nova Scotia Nature Trust","Nova Scotia Nature Trust","Considered protected",,,"36.83753105","3718.2010826009678","368375.3104999799"
"271","Tangier River Conservation Lands","Land Trust or Conservation Easement",,"Nova Scotia Nature Trust","Nova Scotia Nature Trust","Considered protected",,,"3.46767865","1228.295682255247","34676.78650002484"
"272","Tangier River Conservation Lands","Land Trust or Conservation Easement",,"Nova Scotia Nature Trust","Nova Scotia Nature Trust","Considered protected",,,"3.19249122","714.0861819574009","31924.912199999664"
"273","Round Bay Conservation Lands","Land Trust or Conservation Easement",,"Nature Conservancy of Canada","Nature Conservancy of Canada","Considered protected",,,"1.87942918","568.6644936795307","18794.29184994555"
"274","Round Bay Conservation Lands","Land Trust or Conservation Easement",,"Nature Conservancy of Canada","Nature Conservancy of Canada","Considered protected",,,"3.03115327","743.768020481314","30311.532700100583"
"275","Round Bay Conservation Lands","Land Trust or Conservation Easement",,"Nature Conservancy of Canada","Nature Conservancy of Canada","Considered protected",,,"13.63724054","2234.0499634257008","136372.40544891902"
"276","Round Bay Conservation Lands","Land Trust or Conservation Easement",,"Nature Conservancy of Canada","Nature Conservancy of Canada","Considered protected",,,"1.93132194","664.5890494990683","19313.219449908538"
"277","Round Bay Conservation Lands","Land Trust or Conservation Easement",,"Nature Conservancy of Canada","Nature Conservancy of Canada","Considered protected",,,"2.87464221","696.0480048808357","28746.42205005703"
"278","Round Bay Conservation Lands","Land Trust or Conservation Easement",,"Nature Conservancy of Canada","Nature Conservancy of Canada","Considered protected",,,"20.09993952","3082.05310534273","200999.3951501318"
"279","Holden Lake Wilderness Area","Wilderness Area",,"Nova Scotia Power Inc.","NS Environment and Climate Change, Nova Scotia Power Inc.","Designated",,,"205.26248446","9539.447739662135","2052624.8445998747"
"280","Deep Cove Conservation Lands","Land Trust or Conservation Easement",,"Nature Conservancy of Canada","Nature Conservancy of Canada","Considered protected",,,"289.3227106","14040.034072171435","2893227.1060488503"
"281","Deep Cove Conservation Lands","Land Trust or Conservation Easement",,"Nature Conservancy of Canada","Nature Conservancy of Canada","Considered protected",,,"44.34929568","3042.4919679748164","443492.95675007475"
"282","Deep Cove Conservation Lands","Land Trust or Conservation Easement",,"Nature Conservancy of Canada","Nature Conservancy of Canada","Considered protected",,,"3.64956873","1342.597181972605","36495.68729998669"
"283","Chignecto Isthmus Conservation Lands","Land Trust or Conservation Easement",,"Nature Conservancy of Canada","Nature Conservancy of Canada","Considered protected",,,"0.71657507","339.85431120485197","7165.750699956141"
"284","Chignecto Isthmus Conservation Lands","Land Trust or Conservation Easement",,"Nature Conservancy of Canada","Nature Conservancy of Canada","Considered protected",,,"0.49460873","260.7313600610809","4946.087250013041"
"285","Chignecto Isthmus Conservation Lands","Land Trust or Conservation Easement",,"Nature Conservancy of Canada","Nature Conservancy of Canada","Considered protected",,,"0.81907192","362.43802736087804","8190.719249994441"
"286","Chignecto Isthmus Conservation Lands","Land Trust or Conservation Easement",,"Nature Conservancy of Canada","Nature Conservancy of Canada","Considered protected",,,"13.2657118","2054.6591653873675","132657.11804976943"
"287","Gerard Island Conservation Lands","Land Trust or Conservation Easement",,"Nova Scotia Nature Trust","Nova Scotia Nature Trust","Considered protected",,,"18.50823211","2112.9580231623363","185082.32109954013"
"288","Gerard Island Conservation Lands","Land Trust or Conservation Easement",,"Nova Scotia Nature Trust","Nova Scotia Nature Trust","Considered protected",,,"21.84043433","2714.7620629048793","218404.34334993054"
"289","Gerard Island Conservation Lands","Land Trust or Conservation Easement",,"Nova Scotia Nature Trust","Nova Scotia Nature Trust","Considered protected",,,"12.03195509","1688.5336369286515","120319.55085053542"
"290","Gerard Island Conservation Lands","Land Trust or Conservation Easement",,"Nova Scotia Nature Trust","Nova Scotia Nature Trust","Considered protected",,,"16.89728226","1805.6625115591057","168972.82260003852"
"291","Shelter Cove Wilderness Sanctuary","Land Trust or Conservation Easement",,"Nova Scotia Nature Trust","Nova Scotia Nature Trust","Considered protected",,,"18.48021172","2220.257640452052","184802.11720024166"
"292","Round Bay Conservation Lands","Land Trust or Conservation Easement",,"Nature Conservancy of Canada","Nature Conservancy of Canada","Considered protected",,,"1.65858831","566.1875752420414","16585.88314995872"
"293","Round Bay Conservation Lands","Land Trust or Conservation Easement",,"Nature Conservancy of Canada","Nature Conservancy of Canada","Considered protected",,,"16.48142571","3014.1736608094143","164814.2571000002"
"294","Round Bay Conservation Lands","Land Trust or Conservation Easement",,"Nature Conservancy of Canada","Nature Conservancy of Canada","Considered protected",,,"6.22932614","1527.1583847701095","62293.261449947975"
"295","Round Bay Conservation Lands","Land Trust or Conservation Easement",,"Nature Conservancy of Canada","Nature Conservancy of Canada","Considered protected",,,"1.10420752","554.4318343687412","11042.075199964536"
"296","Round Bay Conservation Lands","Land Trust or Conservation Easement",,"Nature Conservancy of Canada","Nature Conservancy of Canada","Considered protected",,,"8.62942167","1575.505102295422","86294.21669991117"
"297","Bowers Meadows Conservation Lands","Land Trust or Conservation Easement",,"Nature Conservancy of Canada","Nature Conservancy of Canada","Considered protected",,,"49.80299217","2974.5064208264025","498029.9217005015"
"298","Bowers Meadows Conservation Lands","Land Trust or Conservation Easement",,"Nature Conservancy of Canada","Nature Conservancy of Canada","Considered protected",,,"56.7348762","4065.844148141389","567348.761999984"
"299","Troop Island Conservation Lands","Land Trust or Conservation Easement",,"Nova Scotia Nature Trust","Nova Scotia Nature Trust","Considered protected",,,"2.35050115","728.9988236985446","23505.011549993844"
"300","Troop Island Conservation Lands","Land Trust or Conservation Easement",,"Nova Scotia Nature Trust","Nova Scotia Nature Trust","Considered protected",,,"0.77710776","355.0134614554923","7771.0776499872945"
"301","Troop Island Conservation Lands","Land Trust or Conservation Easement",,"Nova Scotia Nature Trust","Nova Scotia Nature Trust","Considered protected",,,"2.10929718","611.360212220666","21092.971750013876"
"302","Troop Island Conservation Lands","Land Trust or Conservation Easement",,"Nova Scotia Nature Trust","Nova Scotia Nature Trust","Considered protected",,,"3.10633975","892.8792188096427","31063.397549957288"
"303","Troop Island Conservation Lands","Land Trust or Conservation Easement",,"Nova Scotia Nature Trust","Nova Scotia Nature Trust","Considered protected",,,"0.90136775","380.10455050631367","9013.677499955926"
"304","Mahone Bay Conservation Lands","Land Trust or Conservation Easement",,"Nature Conservancy of Canada","Nature Conservancy of Canada","Considered protected",,,"1.74649115","835.8815133567663","17464.911500022117"
"305","Mahone Bay Conservation Lands","Land Trust or Conservation Easement",,"Nature Conservancy of Canada","Nature Conservancy of Canada","Considered protected",,,"0.64636055","413.7884460924956","6463.605499957281"
"306","Chignecto Isthmus Conservation Lands","Land Trust or Conservation Easement",,"Nature Conservancy of Canada","Nature Conservancy of Canada","Considered protected",,,"12.11421736","1788.5313284063657","121142.17355013492"
"307","Chignecto Isthmus Conservation Lands","Land Trust or Conservation Easement",,"Nature Conservancy of Canada","Nature Conservancy of Canada","Considered protected",,,"35.92747828","2626.4030375836905","359274.7827999376"
"308","Shelter Cove Wilderness Sanctuary","Land Trust or Conservation Easement",,"Nova Scotia Nature Trust","Nova Scotia Nature Trust","Considered protected",,,"28.60055319","5497.837133333216","286005.53189994895"
"309","Gerard Island Conservation Lands","Land Trust or Conservation Easement",,"Nova Scotia Nature Trust","Nova Scotia Nature Trust","Considered protected",,,"25.17509508","3450.3570627861945","251750.95075051198"
"310","Gerard Island Conservation Lands","Land Trust or Conservation Easement",,"Nova Scotia Nature Trust","Nova Scotia Nature Trust","Considered protected",,,"16.94315648","2262.3341653216794","169431.56484970753"
"311","Tangier River Conservation Lands","Land Trust or Conservation Easement",,"Nova Scotia Nature Trust","Nova Scotia Nature Trust","Considered protected",,,"48.32674838","6699.540638898357","483267.4837500042"
"312","Bowers Meadows Conservation Lands","Land Trust or Conservation Easement",,"Nature Conservancy of Canada","Nature Conservancy of Canada","Considered protected",,,"5.27643502","1237.813930225003","52764.35019994781"
"313","Bowers Meadows Conservation Lands","Land Trust or Conservation Easement",,"Nature Conservancy of Canada","Nature Conservancy of Canada","Considered protected",,,"43.01878576","4880.255247964913","430187.8575502473"
"314","Bowers Meadows Conservation Lands","Land Trust or Conservation Easement",,"Nature Conservancy of Canada","Nature Conservancy of Canada","Considered protected",,,"42.93635922","4555.663920001016","429363.5922495223"
"315","Round Bay Conservation Lands","Land Trust or Conservation Easement",,"Nature Conservancy of Canada","Nature Conservancy of Canada","Considered protected",,,"24.6853236","2920.7576034385","246853.2360499205"
"316","Round Bay Conservation Lands","Land Trust or Conservation Easement",,"Nature Conservancy of Canada","Nature Conservancy of Canada","Considered protected",,,"5.897011210000001","1102.9635688430371","58970.11214977581"
"317","Round Bay Conservation Lands","Land Trust or Conservation Easement",,"Nature Conservancy of Canada","Nature Conservancy of Canada","Considered protected",,,"28.74400287","3207.4102696288896","287440.0286502055"
"318","Mahone Bay Conservation Lands","Land Trust or Conservation Easement",,"Nature Conservancy of Canada","Nature Conservancy of Canada","Considered protected",,,"0.43265114","344.49203822469957","4326.511350015399"
"319","Mahone Bay Conservation Lands","Land Trust or Conservation Easement",,"Nature Conservancy of Canada","Nature Conservancy of Canada","Considered protected",,,"0.39270998","352.34206214829476","3927.0997999377405"
"320","Mahone Bay Conservation Lands","Land Trust or Conservation Easement",,"Nature Conservancy of Canada","Nature Conservancy of Canada","Considered protected",,,"0.35593047","285.7009574576529","3559.304650008281"
"321","Mahone Bay Conservation Lands","Land Trust or Conservation Easement",,"Nature Conservancy of Canada","Nature Conservancy of Canada","Considered protected",,,"0.40087287","302.59021558480333","4008.7286999472335"
"322","Mahone Bay Conservation Lands","Land Trust or Conservation Easement",,"Nature Conservancy of Canada","Nature Conservancy of Canada","Considered protected",,,"0.58681084","400.0544386832944","5868.108350020329"
"323","Mahone Bay Conservation Lands","Land Trust or Conservation Easement",,"Nature Conservancy of Canada","Nature Conservancy of Canada","Considered protected",,,"1.74846351","544.7384080190714","17484.63505000219"
"324","Chignecto Isthmus Conservation Lands","Land Trust or Conservation Easement",,"Nature Conservancy of Canada","Nature Conservancy of Canada","Considered protected",,,"2.73797397","789.9639544403074","27379.73970001042"
"325","Monks Head Conservation Lands","Land Trust or Conservation Easement",,"Nature Conservancy of Canada","Nature Conservancy of Canada","Considered protected",,,"27.76662376","2674.6806767183066","277666.23759987426"
"326","Monks Head Conservation Lands","Land Trust or Conservation Easement",,"Nature Conservancy of Canada","Nature Conservancy of Canada","Considered protected",,,"34.33817704","3294.070103384634","343381.7704002534"
"327","Monks Head Conservation Lands","Land Trust or Conservation Easement",,"Nature Conservancy of Canada","Nature Conservancy of Canada","Considered protected",,,"5.70043766","1326.7744796833515","57004.376600039766"
"328","Round Bay Conservation Lands","Land Trust or Conservation Easement",,"Nature Conservancy of Canada","Nature Conservancy of Canada","Considered protected",,,"65.92178289","8157.709156512575","659217.8289001887"
"329","Round Bay Conservation Lands","Land Trust or Conservation Easement",,"Nature Conservancy of Canada","Nature Conservancy of Canada","Considered protected",,,"27.65606541","3356.106166015009","276560.65410021273"
"330","Round Bay Conservation Lands","Land Trust or Conservation Easement",,"Nature Conservancy of Canada","Nature Conservancy of Canada","Considered protected",,,"7.96151163","1475.8407277993915","79615.11634962466"
"331","Round Bay Conservation Lands","Land Trust or Conservation Easement",,"Nature Conservancy of Canada","Nature Conservancy of Canada","Considered protected",,,"8.83592755","1929.4010597786923","88359.27550030986"
"332","Round Bay Conservation Lands","Land Trust or Conservation Easement",,"Nature Conservancy of Canada","Nature Conservancy of Canada","Considered protected",,,"14.25881903","1747.5286147165205","142588.19034997156"
"333","Dr. Bill Freedman Nature Reserve","Land Trust or Conservation Easement",,"Nature Conservancy of Canada","Nature Conservancy of Canada","Considered protected",,,"4.75454972","1156.3512507875553","47545.49724994615"
"334","Dr. Bill Freedman Nature Reserve","Land Trust or Conservation Easement",,"Nature Conservancy of Canada","Nature Conservancy of Canada","Considered protected",,,"102.27419767","7253.422154659312","1022741.9766505044"
"335","Dr. Bill Freedman Nature Reserve","Land Trust or Conservation Easement",,"Nature Conservancy of Canada","Nature Conservancy of Canada","Considered protected",,,"10.79628984","1680.3377544115249","107962.89844984878"
"336","Chignecto Isthmus Conservation Lands","Land Trust or Conservation Easement",,"Nature Conservancy of Canada","Nature Conservancy of Canada","Considered protected",,,"20.2180929","1879.3832492125389","202180.92899995757"
"337","Chignecto Isthmus Conservation Lands","Land Trust or Conservation Easement",,"Nature Conservancy of Canada","Nature Conservancy of Canada","Considered protected",,,"2.09136025","609.074526288851","20913.602500006637"
"338","Docherty's Brook Conservation Lands","Land Trust or Conservation Easement",,"Nature Conservancy of Canada","Nature Conservancy of Canada","Considered protected",,,"38.23559634","2651.404586885934","382355.96339897445"
"339","Monks Head Conservation Lands","Land Trust or Conservation Easement",,"Nature Conservancy of Canada","Nature Conservancy of Canada","Considered protected",,,"16.77517969","2285.0748761213626","167751.796900061"
"340","Hemlock Hill Conservation Lands","Land Trust or Conservation Easement",,"Nova Scotia Nature Trust","Nova Scotia Nature Trust","Considered protected",,,"0.08903796","146.9134291456553","890.3796499814264"
"341","Hemlock Hill Conservation Lands","Land Trust or Conservation Easement",,"Nova Scotia Nature Trust","Nova Scotia Nature Trust","Considered protected",,,"37.34610094","3992.292387704948","373461.0093502484"
"342","St. Marys River - Harrisons Pool Conservation Lands","Land Trust or Conservation Easement",,"Nova Scotia Nature Trust","Nova Scotia Nature Trust","Considered protected",,,"2.69852346","661.2000699624704","26985.23460001577"
"343","St. Marys River - Harrisons Pool Conservation Lands","Land Trust or Conservation Easement",,"Nova Scotia Nature Trust","Nova Scotia Nature Trust","Considered protected",,,"0.18407146","191.48236972065558","1840.714599982574"
"344","Round Bay Conservation Lands","Land Trust or Conservation Easement",,"Nature Conservancy of Canada","Nature Conservancy of Canada","Considered protected",,,"11.66602452","1519.245699975104","116660.24515007758"
"345","Round Bay Conservation Lands","Land Trust or Conservation Easement",,"Nature Conservancy of Canada","Nature Conservancy of Canada","Considered protected",,,"19.68895535","2529.0011155242673","196889.55345031875"
"346","Round Bay Conservation Lands","Land Trust or Conservation Easement",,"Nature Conservancy of Canada","Nature Conservancy of Canada","Considered protected",,,"6.5189598","1569.3341988935945","65189.597950028525"
"347","Round Bay Conservation Lands","Land Trust or Conservation Easement",,"Nature Conservancy of Canada","Nature Conservancy of Canada","Considered protected",,,"0.85224113","415.3221782828953","8522.41129990681"
"348","Pennant River Conservation Lands","Land Trust or Conservation Easement",,"Nova Scotia Nature Trust","Nova Scotia Nature Trust","Considered protected",,,"103.28834025","8919.798933960485","1032883.4024997952"
"349","Pennant River Conservation Lands","Land Trust or Conservation Easement",,"Nova Scotia Nature Trust","Nova Scotia Nature Trust","Considered protected",,,"26.42415035","4501.864187785193","264241.50349996117"
"350","Docherty's Brook Conservation Lands","Land Trust or Conservation Easement",,"Nature Conservancy of Canada","Nature Conservancy of Canada","Considered protected",,,"41.96231629","2847.007422716626","419623.1628505274"
"351","Docherty's Brook Conservation Lands","Land Trust or Conservation Easement",,"Nature Conservancy of Canada","Nature Conservancy of Canada","Considered protected",,,"9.66722637","1288.6045614119591","96672.26369984337"
"352","Docherty's Brook Conservation Lands","Land Trust or Conservation Easement",,"Nature Conservancy of Canada","Nature Conservancy of Canada","Considered protected",,,"0.26298712","253.46465559880906","2629.871249986473"
"353","Docherty's Brook Conservation Lands","Land Trust or Conservation Easement",,"Nature Conservancy of Canada","Nature Conservancy of Canada","Considered protected",,,"28.63670905","2168.6301416886895","286367.09054995695"
"354","Docherty's Brook Conservation Lands","Land Trust or Conservation Easement",,"Nature Conservancy of Canada","Nature Conservancy of Canada","Considered protected",,,"45.86903362","3047.5425540448896","458690.33619975345"
"355","Docherty's Brook Conservation Lands","Land Trust or Conservation Easement",,"Nature Conservancy of Canada","Nature Conservancy of Canada","Considered protected",,,"4.37461696","957.5063594250637","43746.169599734916"
"356","Pugwash River Estuary Conservation Lands","Land Trust or Conservation Easement",,"Nature Conservancy of Canada","Nature Conservancy of Canada","Considered protected",,,"12.49631117","1930.8390241129307","124963.1117000908"
"357","St. Marys River - Harrisons Pool Conservation Lands","Land Trust or Conservation Easement",,"Nova Scotia Nature Trust","Nova Scotia Nature Trust","Considered protected",,,"0.41753119","271.9614418577573","4175.311900037806"
"358","Mitchells Pool Consevation Lands","Land Trust or Conservation Easement",,"Nova Scotia Nature Trust","Nova Scotia Nature Trust","Considered protected",,,"19.53556192","2153.9631283173726","195355.61920012755"
"359","St. Marys River - Harrisons Pool Conservation Lands","Land Trust or Conservation Easement",,"Nova Scotia Nature Trust","Nova Scotia Nature Trust","Considered protected",,,"6.08671804","1023.3070747533077","60867.18035011899"
"360","Hemlock Hill Conservation Lands","Land Trust or Conservation Easement",,"Nova Scotia Nature Trust","Nova Scotia Nature Trust","Considered protected",,,"8.97800398","1402.893273911544","89780.03984999744"
"361","St. Marys River - Harrisons Pool Conservation Lands","Land Trust or Conservation Easement",,"Nova Scotia Nature Trust","Nova Scotia Nature Trust","Considered protected",,,"1.21753482","600.9036868907457","12175.34820001685"
"362","St. Marys River - Harrisons Pool Conservation Lands","Land Trust or Conservation Easement",,"Nova Scotia Nature Trust","Nova Scotia Nature Trust","Considered protected",,,"2.93378945","775.000939657567","29337.89454991292"
"363","Round Bay Conservation Lands","Land Trust or Conservation Easement",,"Nature Conservancy of Canada","Nature Conservancy of Canada","Considered protected",,,"0.19661476","204.77190551036634","1966.1476000190505"
"364","Round Bay Conservation Lands","Land Trust or Conservation Easement",,"Nature Conservancy of Canada","Nature Conservancy of Canada","Considered protected",,,"11.68535605","2561.7551049226904","116853.56049952038"
"365","Hemeon's Head Conservation Lands","Land Trust or Conservation Easement",,"Nova Scotia Nature Trust","Nova Scotia Nature Trust","Considered protected",,,"66.73657648","6385.319169241646","667365.76479977"
"366","Pennant River Conservation Lands","Land Trust or Conservation Easement",,"Nova Scotia Nature Trust","Nova Scotia Nature Trust","Considered protected",,,"0.12772305","515.7776047666644","1277.2304500258106"
"367","Pennant River Conservation Lands","Land Trust or Conservation Easement",,"Nova Scotia Nature Trust","Nova Scotia Nature Trust","Considered protected",,,"0.11047889","174.3090780968158","1104.7889000204125"
"368","Pennant River Conservation Lands","Land Trust or Conservation Easement",,"Nova Scotia Nature Trust","Nova Scotia Nature Trust","Considered protected",,,"0.0166067","70.06185784586812","166.06699999946358"
"369","Pugwash River Estuary Conservation Lands","Land Trust or Conservation Easement",,"Nature Conservancy of Canada","Nature Conservancy of Canada","Considered protected",,,"25.41241854","2130.2782044646515","254124.1853998038"
"370","Pugwash River Estuary Conservation Lands","Land Trust or Conservation Easement",,"Nature Conservancy of Canada","Nature Conservancy of Canada","Considered protected",,,"90.02174217","4807.09623491619","900217.4217494415"
"371","Pugwash River Estuary Conservation Lands","Land Trust or Conservation Easement",,"Nature Conservancy of Canada","Nature Conservancy of Canada","Considered protected",,,"2.01253858","679.3505893084018","20125.385750216836"
"372","Pugwash River Estuary Conservation Lands","Land Trust or Conservation Easement",,"Nature Conservancy of Canada","Nature Conservancy of Canada","Considered protected",,,"0.68136731","416.9560857951543","6813.673100023336"
"373","Pugwash River Estuary Conservation Lands","Land Trust or Conservation Easement",,"Nature Conservancy of Canada","Nature Conservancy of Canada","Considered protected",,,"3.06445877","766.3188119305358","30644.587650010537"
"374","Hemlock Hill Conservation Lands","Land Trust or Conservation Easement",,"Nova Scotia Nature Trust","Nova Scotia Nature Trust","Considered protected",,,"4.66221713","1010.2566458926043","46622.17130000855"
"375","St. Marys River - Crows Nest Conservation Lands","Land Trust or Conservation Easement",,"Nova Scotia Nature Trust","Nova Scotia Nature Trust","Considered protected",,,"58.00686035","6148.694234443341","580068.6034504293"
"376","Mitchells Pool Consevation Lands","Land Trust or Conservation Easement",,"Nova Scotia Nature Trust","Nova Scotia Nature Trust","Considered protected",,,"1.04134498","607.2680667285825","10413.449849993654"
"377","St. Marys River - Harrisons Pool Conservation Lands","Land Trust or Conservation Easement",,"Nova Scotia Nature Trust","Nova Scotia Nature Trust","Considered protected",,,"5.96991548","1170.8313919838001","59699.15484982922"
"378","Johnstons Pond Conservation Lands","Land Trust or Conservation Easement",,"Nature Conservancy of Canada","Nature Conservancy of Canada","Considered protected",,,"100.88652667","5697.473342897436","1008865.2667008595"
"379","Johnstons Pond Conservation Lands","Land Trust or Conservation Easement",,"Nature Conservancy of Canada","Nature Conservancy of Canada","Considered protected",,,"26.12347829","2450.671340998355","261234.7829499188"
"380","Johnstons Pond Conservation Lands","Land Trust or Conservation Easement",,"Nature Conservancy of Canada","Nature Conservancy of Canada","Considered protected",,,"12.91249028","3180.342428809293","129124.9027999842"
"381","Purcells Cove Conservation Lands","Land Trust or Conservation Easement",,"Nova Scotia Nature Trust","Nova Scotia Nature Trust","Considered protected",,,"11.67251533","3170.680068546921","116725.15325008522"
"382","Purcells Cove Conservation Lands","Land Trust or Conservation Easement",,"Nova Scotia Nature Trust","Nova Scotia Nature Trust","Considered protected",,,"8.71576098","2765.51168193203","87157.60980012413"
"383","Pugwash River Estuary Conservation Lands","Land Trust or Conservation Easement",,"Nature Conservancy of Canada","Nature Conservancy of Canada","Considered protected",,,"26.5726832","3034.732378998535","265726.8320498592"
"384","Pugwash River Estuary Conservation Lands","Land Trust or Conservation Easement",,"Nature Conservancy of Canada","Nature Conservancy of Canada","Considered protected",,,"30.99944971","2837.6452277914295","309994.49705067533"
"385","Pugwash River Estuary Conservation Lands","Land Trust or Conservation Easement",,"Nature Conservancy of Canada","Nature Conservancy of Canada","Considered protected",,,"10.59190207","1655.2446674023336","105919.0206500747"
"386","Pugwash River Estuary Conservation Lands","Land Trust or Conservation Easement",,"Nature Conservancy of Canada","Nature Conservancy of Canada","Considered protected",,,"12.70551132","2010.8928120265948","127055.11319990979"
"387","Pugwash River Estuary Conservation Lands","Land Trust or Conservation Easement",,"Nature Conservancy of Canada","Nature Conservancy of Canada","Considered protected",,,"11.94655402","2649.497118643577","119465.54015025122"
"388","St. Marys River - Harrisons Pool Conservation Lands","Land Trust or Conservation Easement",,"Nova Scotia Nature Trust","Nova Scotia Nature Trust","Considered protected",,,"13.00735592","1593.065003430819","130073.55915032713"
"389","St. Marys River Conservation Lands (1)","Land Trust or Conservation Easement",,"Nova Scotia Nature Trust","Nova Scotia Nature Trust","Considered protected",,,"0.93786228","465.4887992834881","9378.622750103179"
"390","Port Joli Conservation Lands","Land Trust or Conservation Easement",,"Nature Conservancy of Canada","Nature Conservancy of Canada","Considered protected",,,"62.21093896","7451.362462583765","622109.3896004969"
"391","Port Joli Conservation Lands","Land Trust or Conservation Easement",,"Nature Conservancy of Canada","Nature Conservancy of Canada","Considered protected",,,"9.83497563","2741.092346933474","98349.75630007552"
"392","Port Joli Conservation Lands","Land Trust or Conservation Easement",,"Nature Conservancy of Canada","Nature Conservancy of Canada","Considered protected",,,"102.7684295","4565.88479588113","1027684.29500137"
"393","Port Joli Conservation Lands","Land Trust or Conservation Easement",,"Nature Conservancy of Canada","Nature Conservancy of Canada","Considered protected",,,"11.87886402","1698.155526593463","118788.64024972387"
"394","Captain Arnell Conservation Lands","Land Trust or Conservation Easement",,"Nova Scotia Nature Trust","Nova Scotia Nature Trust","Considered protected",,,"11.24927532","3206.8473407944525","112492.75320003428"
"395","Minas Basin Conservation Lands","Land Trust or Conservation Easement",,"Nature Conservancy of Canada","Nature Conservancy of Canada","Considered protected",,,"42.61187204","4095.0302801963867","426118.7203998097"
"396","Minas Basin Conservation Lands","Land Trust or Conservation Easement",,"Nature Conservancy of Canada","Nature Conservancy of Canada","Considered protected",,,"13.78766828","2218.7759007473937","137876.68279987236"
"397","Pugwash River Estuary Conservation Lands","Land Trust or Conservation Easement",,"Nature Conservancy of Canada","Nature Conservancy of Canada","Considered protected",,,"23.44207993","3429.448612533178","234420.7992998295"
"398","Pugwash River Estuary Conservation Lands","Land Trust or Conservation Easement",,"Nature Conservancy of Canada","Nature Conservancy of Canada","Considered protected",,,"22.85177207","2512.0616765885243","228517.72069986592"
"399","Pugwash River Estuary Conservation Lands","Land Trust or Conservation Easement",,"Nature Conservancy of Canada","Nature Conservancy of Canada","Considered protected",,,"9.04632087","1561.2029551839455","90463.20869987647"
"400","Pugwash River Estuary Conservation Lands","Land Trust or Conservation Easement",,"Nature Conservancy of Canada","Nature Conservancy of Canada","Considered protected",,,"43.58580554","2809.750381004643","435858.0554003623"
"401","Pugwash River Estuary Conservation Lands","Land Trust or Conservation Easement",,"Nature Conservancy of Canada","Nature Conservancy of Canada","Considered protected",,,"27.99846285","2150.914482750674","279984.6284504601"
"402","St. Marys River Conservation Lands (1)","Land Trust or Conservation Easement",,"Nova Scotia Nature Trust","Nova Scotia Nature Trust","Considered protected",,,"44.97337059","4686.920039522165","449733.7058999501"
"403","St. Marys River Conservation Lands (1)","Land Trust or Conservation Easement",,"Nova Scotia Nature Trust","Nova Scotia Nature Trust","Considered protected",,,"57.68318912","5338.057726193124","576831.8911500542"
"404","St. Marys River Conservation Lands (1)","Land Trust or Conservation Easement",,"Nova Scotia Nature Trust","Nova Scotia Nature Trust","Considered protected",,,"0.10002109","141.63185156006938","1000.2108999980319"
"405","MacKenzie Cove Conservation Lands","Land Trust or Conservation Easement",,"Nova Scotia Nature Trust","Nova Scotia Nature Trust","Considered protected",,,"19.56217982","3215.406807176337","195621.79815012007"
"406","Port Joli Conservation Lands","Land Trust or Conservation Easement",,"Nature Conservancy of Canada","Nature Conservancy of Canada","Considered protected",,,"25.45328471","2690.2512170561495","254532.84709957318"
"407","Port Joli Conservation Lands","Land Trust or Conservation Easement",,"Nature Conservancy of Canada","Nature Conservancy of Canada","Considered protected",,,"14.64441027","2030.1811975278968","146444.10270008372"
"408","Port Joli Conservation Lands","Land Trust or Conservation Easement",,"Nature Conservancy of Canada","Nature Conservancy of Canada","Considered protected",,,"0.14615024","191.23361651137427","1461.5023999984446"
"409","Port Joli Conservation Lands","Land Trust or Conservation Easement",,"Nature Conservancy of Canada","Nature Conservancy of Canada","Considered protected",,,"7.96699311","1780.8450285705162","79669.9311004268"
"410","Port Joli Conservation Lands","Land Trust or Conservation Easement",,"Nature Conservancy of Canada","Nature Conservancy of Canada","Considered protected",,,"7.13875897","1583.8538288793304","71387.58969992868"
"411","Port Joli Conservation Lands","Land Trust or Conservation Easement",,"Nature Conservancy of Canada","Nature Conservancy of Canada","Considered protected",,,"5.39856863","1283.0421135960778","53985.686299859655"
"412","Minas Basin Conservation Lands","Land Trust or Conservation Easement",,"Nature Conservancy of Canada","Nature Conservancy of Canada","Considered protected",,,"16.93319408","2221.841042764331","169331.94075004876"
"413","Minas Basin Conservation Lands","Land Trust or Conservation Easement",,"Nature Conservancy of Canada","Nature Conservancy of Canada","Considered protected",,,"7.13227352","1522.283262870228","71322.735150067"
"414","Minas Basin Conservation Lands","Land Trust or Conservation Easement",,"Nature Conservancy of Canada","Nature Conservancy of Canada","Considered protected",,,"1.78730502","695.9954872933921","17873.05019995273"
"415","Chignecto Isthmus Conservation Lands","Land Trust or Conservation Easement",,"Nature Conservancy of Canada","Nature Conservancy of Canada","Considered protected",,,"40.02566885","2635.3886183922555","400256.6884998447"
"416","Chignecto Isthmus Conservation Lands","Land Trust or Conservation Easement",,"Nature Conservancy of Canada","Nature Conservancy of Canada","Considered protected",,,"28.13585812","3899.737833432671","281358.58115065563"
"417","Pugwash River Estuary Conservation Lands","Land Trust or Conservation Easement",,"Nature Conservancy of Canada","Nature Conservancy of Canada","Considered protected",,,"50.41856602","3742.9244915606273","504185.66019968165"
"418","Pugwash River Estuary Conservation Lands","Land Trust or Conservation Easement",,"Nature Conservancy of Canada","Nature Conservancy of Canada","Considered protected",,,"23.52609029","3893.8787035993105","235260.9028504198"
"419","Wentworth Conservation Lands (2)","Land Trust or Conservation Easement",,"Nova Scotia Nature Trust","Nova Scotia Nature Trust","Considered protected",,,"15.86650219","2012.0956745249543","158665.02189975075"
"420","Wentworth Conservation Lands (2)","Land Trust or Conservation Easement",,"Nova Scotia Nature Trust","Nova Scotia Nature Trust","Considered protected",,,"28.87405013","2230.850420427224","288740.50125001266"
"421","MacKenzie Cove Conservation Lands","Land Trust or Conservation Easement",,"Nova Scotia Nature Trust","Nova Scotia Nature Trust","Considered protected",,,"29.84169904","2820.0423644323278","298416.9904001154"
"422","MacKenzie Cove Conservation Lands","Land Trust or Conservation Easement",,"Nova Scotia Nature Trust","Nova Scotia Nature Trust","Considered protected",,,"31.0484695","2857.0857876854943","310484.6950498404"
"423","Marble Mountain Conservation Lands","Land Trust or Conservation Easement",,"Nature Conservancy of Canada","Nature Conservancy of Canada","Considered protected",,,"68.74403445","4514.909945539008","687440.3444502151"
"424","Little Narrows Conservation Lands","Land Trust or Conservation Easement",,"Nature Conservancy of Canada","Nature Conservancy of Canada","Considered protected",,,"25.1645589","2439.3829297794655","251645.58899976235"
"425","Port Joli Conservation Lands","Land Trust or Conservation Easement",,"Nature Conservancy of Canada","Nature Conservancy of Canada","Considered protected",,,"4.95434613","1136.5887447526597","49543.46130028578"
"426","Port Joli Conservation Lands","Land Trust or Conservation Easement",,"Nature Conservancy of Canada","Nature Conservancy of Canada","Considered protected",,,"66.678275","5355.307077795696","666782.750001321"
"427","Port Joli Conservation Lands","Land Trust or Conservation Easement",,"Nature Conservancy of Canada","Nature Conservancy of Canada","Considered protected",,,"1.4889282","545.6832874272573","14889.282000094732"
"428","Port Joli Conservation Lands","Land Trust or Conservation Easement",,"Nature Conservancy of Canada","Nature Conservancy of Canada","Considered protected",,,"17.55703919","3925.9903281664306","175570.3918996537"
"429","Port Joli Conservation Lands","Land Trust or Conservation Easement",,"Nature Conservancy of Canada","Nature Conservancy of Canada","Considered protected",,,"13.09717008","2859.253883483593","130971.70079967975"
"430","Chignecto Isthmus Conservation Lands","Land Trust or Conservation Easement",,"Nature Conservancy of Canada","Nature Conservancy of Canada","Considered protected",,,"12.82801287","1527.0807354939957","128280.12870011822"
"431","Chignecto Isthmus Conservation Lands","Land Trust or Conservation Easement",,"Nature Conservancy of Canada","Nature Conservancy of Canada","Considered protected",,,"30.55564506","2332.6244623530806","305556.45064973563"
"432","Chignecto Isthmus Conservation Lands","Land Trust or Conservation Easement",,"Nature Conservancy of Canada","Nature Conservancy of Canada","Considered protected",,,"16.95298615","2308.377256907193","169529.86150052733"
"433","Chignecto Isthmus Conservation Lands","Land Trust or Conservation Easement",,"Nature Conservancy of Canada","Nature Conservancy of Canada","Considered protected",,,"28.34610609","2097.591218058961","283461.06090009323"
"434","French River Conservation Lands","Land Trust or Conservation Easement",,"Nature Conservancy of Canada","Nature Conservancy of Canada","Considered protected",,,"267.31521676","12130.154189288483","2673152.167600522"
"435","Cook Conservation Lands","Land Trust or Conservation Easement",,"Nature Conservancy of Canada","Nature Conservancy of Canada","Considered protected",,,"42.70225428","3061.5408970866483","427022.5428003036"
"436","Cook Conservation Lands","Land Trust or Conservation Easement",,"Nature Conservancy of Canada","Nature Conservancy of Canada","Considered protected",,,"56.12884216","3763.5823860034416","561288.4215995944"
"437","Musquodoboit Harbour Conservation Lands","Land Trust or Conservation Easement",,"Nature Conservancy of Canada","Nature Conservancy of Canada","Considered protected",,,"35.55989174","4260.275577867961","355598.9174004922"
"438","Little Narrows Conservation Lands","Land Trust or Conservation Easement",,"Nature Conservancy of Canada","Nature Conservancy of Canada","Considered protected",,,"30.18320073","4139.1211910334905","301832.0072999223"
"439","Little Narrows Conservation Lands","Land Trust or Conservation Easement",,"Nature Conservancy of Canada","Nature Conservancy of Canada","Considered protected",,,"27.40063868","2853.13788545549","274006.3868001969"
"440","Little Narrows Conservation Lands","Land Trust or Conservation Easement",,"Nature Conservancy of Canada","Nature Conservancy of Canada","Considered protected",,,"25.80360509","2615.45400318332","258036.0508999697"
"441","Little Narrows Conservation Lands","Land Trust or Conservation Easement",,"Nature Conservancy of Canada","Nature Conservancy of Canada","Considered protected",,,"14.54456265","1829.071404464491","145445.62645032554"
"442","Port Joli Conservation Lands","Land Trust or Conservation Easement",,"Nature Conservancy of Canada","Nature Conservancy of Canada","Considered protected",,,"1.99088319","718.4444368619131","19908.83185002192"
"443","Port Joli Conservation Lands","Land Trust or Conservation Easement",,"Nature Conservancy of Canada","Nature Conservancy of Canada","Considered protected",,,"14.69579403","3060.140972371465","146957.94025053023"
"444","Port Joli Conservation Lands","Land Trust or Conservation Easement",,"Nature Conservancy of Canada","Nature Conservancy of Canada","Considered protected",,,"3.72187966","859.0715626060381","37218.79660007955"
"445","Port Joli Conservation Lands","Land Trust or Conservation Easement",,"Nature Conservancy of Canada","Nature Conservancy of Canada","Considered protected",,,"14.59894439","3344.377665973563","145989.4439004634"
"446","Port Joli Conservation Lands","Land Trust or Conservation Easement",,"Nature Conservancy of Canada","Nature Conservancy of Canada","Considered protected",,,"3.50388129","874.7757059651549","35038.81289993338"
"447","Port Joli Conservation Lands","Land Trust or Conservation Easement",,"Nature Conservancy of Canada","Nature Conservancy of Canada","Considered protected",,,"3.42006511","898.7837077262943","34200.65105008914"
"448","Chignecto Isthmus Conservation Lands","Land Trust or Conservation Easement",,"Nature Conservancy of Canada","Nature Conservancy of Canada","Considered protected",,,"31.10240903","3015.9045562894016","311024.09029942437"
"449","Chignecto Isthmus Conservation Lands","Land Trust or Conservation Easement",,"Nature Conservancy of Canada","Nature Conservancy of Canada","Considered protected",,,"30.29440107","3501.8281469671806","302944.01069984114"
"450","Chignecto Isthmus Conservation Lands","Land Trust or Conservation Easement",,"Nature Conservancy of Canada","Nature Conservancy of Canada","Considered protected",,,"13.88677816","1707.5870109923208","138867.7815999313"
"451","Chignecto Isthmus Conservation Lands","Land Trust or Conservation Easement",,"Nature Conservancy of Canada","Nature Conservancy of Canada","Considered protected",,,"27.41359503","2814.133860014024","274135.95029995596"
"452","Chignecto Isthmus Conservation Lands","Land Trust or Conservation Easement",,"Nature Conservancy of Canada","Nature Conservancy of Canada","Considered protected",,,"4.7672802","898.8898684064662","47672.80195003934"
"453","Musquodoboit Harbour Conservation Lands","Land Trust or Conservation Easement",,"Nature Conservancy of Canada","Nature Conservancy of Canada","Considered protected",,,"36.63796218","3292.041306999887","366379.62179997825"
"454","Musquodoboit Harbour Conservation Lands","Land Trust or Conservation Easement",,"Nature Conservancy of Canada","Nature Conservancy of Canada","Considered protected",,,"16.22456675","2030.6955348068102","162245.66745047807"
"455","Musquodoboit Harbour Conservation Lands","Land Trust or Conservation Easement",,"Nature Conservancy of Canada","Nature Conservancy of Canada","Considered protected",,,"1.17747672","531.153647938572","11774.76724998945"
"456","Little Narrows Conservation Lands","Land Trust or Conservation Easement",,"Nature Conservancy of Canada","Nature Conservancy of Canada","Considered protected",,,"3.93153875","1273.742618316994","39315.38745019404"
"457","Little Narrows Conservation Lands","Land Trust or Conservation Easement",,"Nature Conservancy of Canada","Nature Conservancy of Canada","Considered protected",,,"12.96309994","3024.2827256434225","129630.99944975672"
"458","Little Narrows Conservation Lands","Land Trust or Conservation Easement",,"Nature Conservancy of Canada","Nature Conservancy of Canada","Considered protected",,,"22.69686157","2084.896835218192","226968.6156501379"
"459","MacFarlane Woods Nature Reserve","Nature Reserve, Land Trust",,"Nature Conservancy of Canada","NS Environment and Climate Change, Nature Conservancy of Canada","Designated",,,"20.14597021","2128.9570656386686","201459.70210012022"
"460","MacFarlane Woods Nature Reserve","Nature Reserve, Land Trust",,"Nature Conservancy of Canada","NS Environment and Climate Change, Nature Conservancy of Canada","Designated",,,"10.65985984","1359.1700731520004","106598.59840012745"
"461","Lake Annis Nature Reserve","Nature Reserve",,"Private owner(s)","NS Environment and Climate Change, private owner(s)","Designated",,,"14.24226881","1643.0836692435798","142422.6881498144"
"462","Lake Annis Nature Reserve","Nature Reserve",,"Private owner(s)","NS Environment and Climate Change, private owner(s)","Designated",,,"35.39417553","3965.8466552521572","353941.75530049636"
"463","Lake Annis Nature Reserve","Nature Reserve",,"Private owner(s)","NS Environment and Climate Change, private owner(s)","Designated",,,"25.37104799","2495.229635508819","253710.47990023522"
"464","Tusket River Atlantic Coastal Plain Flora Conservation Lands","Land Trust or Conservation Easement",,"Nature Conservancy of Canada","Nature Conservancy of Canada","Considered protected",,,"41.04778093","2628.130675071062","410477.80925037054"
"465","Tusket River Atlantic Coastal Plain Flora Conservation Lands","Land Trust or Conservation Easement",,"Nature Conservancy of Canada","Nature Conservancy of Canada","Considered protected",,,"34.16841787","3020.7855962474196","341684.17870019434"
"466","Tusket River Wilderness Area","Wilderness Area, Conservation Easement",,"NS Environment and Climate Change","NS Environment and Climate Change, Nova Scotia Nature Trust","Designated",,,"28.52185755","4031.362641524281","285218.57552090415"
"467","Hardwood Lake Conservation Lands","Land Trust or Conservation Easement",,"Nova Scotia Nature Trust","Nova Scotia Nature Trust","Considered protected",,,"133.05104183","8095.118886666222","1330510.4183331304"
"468","Hopewell Conservation Lands","Land Trust or Conservation Easement",,"Nature Conservancy of Canada","Nature Conservancy of Canada","Considered protected",,,"5.03554598","1015.152210688854","50355.45982372986"
"469","Molega Lake Conservation Lands","Land Trust or Conservation Easement",,"Nova Scotia Nature Trust","Nova Scotia Nature Trust","Considered protected",,,"14.305650870000001","2261.725577080319","143056.50871224958"
"470","Crows Neck Nature Reserve","Nature Reserve",,"NS Environment and Climate Change","NS Environment and Climate Change","Designated",,,"22.36303404","5101.378436151723","223630.34037556936"
"471","Holden Lake Wilderness Area","Wilderness Area",,"NS Environment and Climate Change","NS Environment and Climate Change","Designated",,,"1490.85347512","38688.07217741345","14908534.75120654"
"472","Blue Mountain Wilderness Connector","Land Trust or Conservation Easement",,"Nova Scotia Nature Trust","Nova Scotia Nature Trust","Considered protected",,,"12.20182489","3056.3411093557556","122018.24889990561"
"473","Blue Mountain Wilderness Connector","Land Trust or Conservation Easement",,"Nova Scotia Nature Trust","Nova Scotia Nature Trust","Considered protected",,,"177.50751906","10849.640307192896","1775075.1905999149"
"474","Blue Mountain Wilderness Connector","Land Trust or Conservation Easement",,"Nova Scotia Nature Trust","Nova Scotia Nature Trust","Considered protected",,,"25.49512743","3028.7061331761574","254951.2743005668"
"475","Tusket River Atlantic Coastal Plain Flora Conservation Lands","Land Trust or Conservation Easement",,"Nature Conservancy of Canada","Nature Conservancy of Canada","Considered protected",,,"407.03763862","9899.093923327753","4070376.3862495134"
"476","Tusket River Atlantic Coastal Plain Flora Conservation Lands","Land Trust or Conservation Easement",,"Nature Conservancy of Canada","Nature Conservancy of Canada","Considered protected",,,"0.26278613","230.2503066856057","2627.8612500307568"
"477","Third Lake Conservation Lands","Land Trust or Conservation Easement",,"Nature Conservancy of Canada","Nature Conservancy of Canada","Considered protected",,,"252.67279131","10134.614167143945","2526727.913116173"
"478","Gillfillan Lake Conservation Lands","Land Trust or Conservation Easement",,"Nova Scotia Nature Trust","Nova Scotia Nature Trust","Considered protected",,,"7.70944468","1657.3219275850804","77094.44684963663"
"479","Lobster Bay Conservation Lands","Land Trust or Conservation Easement",,"Nature Conservancy of Canada","Nature Conservancy of Canada","Considered protected",,,"17.42988984","2754.9717734831706","174298.89844965178"
"480","North East Bay Conservation Lands","Land Trust or Conservation Easement",,"NS Department of Natural Resources and Renewables","NS Department of Natural Resources and Renewables, Nature Conservancy of Canada","Considered protected",,,"202.78521823","14650.045367718065","2027852.182252008"
"481","Long Cove Conservation Lands","Land Trust or Conservation Easement",,"Nova Scotia Nature Trust","Nova Scotia Nature Trust","Considered protected",,,"24.68677839","4917.715600742072","246867.78394181642"
"482","Middle River Wilderness Area","Wilderness Area",,"NS Environment and Climate Change","NS Environment and Climate Change","Designated",,,"660.70178028","21750.636702029646","6607017.802832779"
"483","Ragged Harbour Nature Reserve","Nature Reserve",,"NS Environment and Climate Change","NS Environment and Climate Change","Designated",,,"37.51124709","8378.825185775733","375112.47087079217"
"484","Tusket River Wilderness Area","Wilderness Area",,"NS Environment and Climate Change","NS Environment and Climate Change","Designated",,,"83.40397621","11350.281056124071","834039.7620790114"
"485","St. Croix Conservation Lands","Land Trust or Conservation Easement",,"Nova Scotia Nature Trust","Nova Scotia Nature Trust","Considered protected",,,"67.95721716","4276.498611830798","679572.1716499721"
"486","Atlantic Coastal Plain Flora Conservation Lands","Land Trust or Conservation Easement",,"Nature Conservancy of Canada","Nature Conservancy of Canada","Considered protected",,,"96.43381964","6498.94959684337","964338.1963500832"
"487","Atlantic Coastal Plain Flora Conservation Lands","Land Trust or Conservation Easement",,"Nature Conservancy of Canada","Nature Conservancy of Canada","Considered protected",,,"32.55374829","2608.7175621375072","325537.4828502239"
"488","Atlantic Coastal Plain Flora Conservation Lands","Land Trust or Conservation Easement",,"Nature Conservancy of Canada","Nature Conservancy of Canada","Considered protected",,,"93.53804826","5267.29124385919","935380.4826484548"
"489","Atlantic Coastal Plain Flora Conservation Lands","Land Trust or Conservation Easement",,"Nature Conservancy of Canada","Nature Conservancy of Canada","Considered protected",,,"39.15178752","2901.2587364641477","391517.8751997064"
"490","Boar's Head Conservation Lands","Land Trust or Conservation Easement",,"Nature Conservancy of Canada","Nature Conservancy of Canada","Considered protected",,,"35.29768443","3232.5362122572965","352976.8443408298"
"491","McLures Brook Conservation Lands","Land Trust or Conservation Easement",,"Nature Conservancy of Canada","Nature Conservancy of Canada","Considered protected",,,"6.93754118","1577.2195861871307","69375.41178620004"
"492","Crystal Crescent Beach Provincial Park","Provincial Park",,"NS Department of Natural Resources and Renewables","NS Department of Natural Resources and Renewables","Designated",,,"44.06825887","7060.830487312734","440682.5887217355"
"493","Cape Split Provincial Park","Provincial Park",,"NS Department of Natural Resources and Renewables","NS Department of Natural Resources and Renewables","Designated",,,"448.56131171","16592.013744723303","4485613.117062743"
"494","Economy Point Nature Reserve","Nature Reserve",,"NS Environment and Climate Change","NS Environment and Climate Change","Designated",,,"120.69754238","12037.319357509898","1206975.4238365085"
"495","Fourchu Coast Wilderness Area","Wilderness Area",,"NS Environment and Climate Change","NS Environment and Climate Change","Designated",,,"4810.54687503","157657.79941283286","48105468.75030332"
"496","Harrison Woods Nature Reserve","Nature Reserve",,"NS Environment and Climate Change","NS Environment and Climate Change","Designated",,,"93.9738361","3955.73166439524","939738.3610425056"
"497","Indian Man Lake Nature Reserve","Nature Reserve",,"NS Environment and Climate Change","NS Environment and Climate Change","Designated",,,"404.73608419","17150.092601890712","4047360.841896936"
"498","Liscomb River Wilderness Area","Wilderness Area",,"NS Environment and Climate Change","NS Environment and Climate Change","Designated",,,"3357.24241787","99909.23845371263","33572424.17872805"
"499","Medway Lakes Wilderness Area","Wilderness Area",,"NS Environment and Climate Change","NS Environment and Climate Change","Designated",,,"19582.99530108","294936.43776262045","195829953.01075503"
"500","Toby Island Conservation Lands","Land Trust or Conservation Easement",,"Nature Conservancy of Canada","Nature Conservancy of Canada","Considered protected",,,"7.46011927","2302.3573596167485","74601.19271956348"
"501","Pleasant River Woodlands Conservation Lands","Land Trust or Conservation Easement",,"Nova Scotia Nature Trust","Nova Scotia Nature Trust","Considered protected",,,"6.82694883","1432.9400885614596","68269.488290917"
"502","Pomquet Island Conservation Lands","Land Trust or Conservation Easement",,"Nature Conservancy of Canada","Nature Conservancy of Canada","Considered protected",,,"11.31211313","1637.0416001038468","113121.1312875386"
"503","Quinns Meadow Conservation Lands","Land Trust or Conservation Easement",,"Nature Conservancy of Canada","Nature Conservancy of Canada","Considered protected",,,"404.65091944","9786.284506576005","4046509.1944353376"
"504","Barren Meadow 2 Conservation Lands","Land Trust or Conservation Easement",,"Nova Scotia Nature Trust","Nova Scotia Nature Trust","Considered protected",,,"46.38946621","2922.8517281363156","463894.6621252311"
"505","Barren Meadow 1 Conservation Lands","Land Trust or Conservation Easement",,"Nova Scotia Nature Trust","Nova Scotia Nature Trust","Considered protected",,,"13.92013669","1855.1461702713532","139201.36690033376"
"506","Barra Forest and MacNeils Vale Provincial Park","Provincial Park",,"NS Department of Natural Resources and Renewables","NS Department of Natural Resources and Renewables","Designated",,,"733.28114418","43587.46112319408","7332811.441833969"
"507","St. Marys River Provincial Park","Provincial Park",,"NS Department of Natural Resources and Renewables","NS Department of Natural Resources and Renewables","Designated",,,"3213.98787314","195980.87588821963","32139878.731446248"
"508","Silver River - Long Tusket Lake Conservation Lands","Land Trust or Conservation Easement",,"Nature Conservancy of Canada","Nature Conservancy of Canada","Considered protected",,,"99.80363184","5009.217138586561","998036.3184498773"
"509","Silver River - Long Tusket Lake Conservation Lands","Land Trust or Conservation Easement",,"Nature Conservancy of Canada","Nature Conservancy of Canada","Considered protected",,,"28.01634888","3448.561169550139","280163.48880133394"
"510","Silver River - Long Tusket Lake Conservation Lands","Land Trust or Conservation Easement",,"Nature Conservancy of Canada","Nature Conservancy of Canada","Considered protected",,,"32.30580675","2441.6450658311924","323058.0675489423"
"511","Pugwash River Estuary Conservation Lands","Land Trust or Conservation Easement",,"Nature Conservancy of Canada","Nature Conservancy of Canada","Considered protected",,,"44.71730201","3028.416968678461","447173.0200994738"
"512","Pugwash River Estuary Conservation Lands","Land Trust or Conservation Easement",,"Nature Conservancy of Canada","Nature Conservancy of Canada","Considered protected",,,"16.20999484","1674.4642417764421","162099.94835041085"
"513","Pugwash River Estuary Conservation Lands","Land Trust or Conservation Easement",,"Nature Conservancy of Canada","Nature Conservancy of Canada","Considered protected",,,"37.19558725","3622.95164396404","371955.8725428813"
"514","Chignecto Isthmus Conservation Lands","Land Trust or Conservation Easement",,"Nature Conservancy of Canada","Nature Conservancy of Canada","Considered protected",,,"389.24023431","12012.76036773315","3892402.3430998265"
"515","Northwest Brook Nature Reserve","Nature Reserve",,"NS Environment and Climate Change","NS Environment and Climate Change","Designated",,,"129.641584","5825.132251109609","1296415.8400184272"
"516","Northwest Brook Nature Reserve","Nature Reserve",,"NS Environment and Climate Change","NS Environment and Climate Change","Designated",,,"270.84974403","10585.664594855294","2708497.4402975445"
"517","Polletts Cove - Aspy Fault Wilderness Area","Wilderness Area",,"NS Environment and Climate Change","NS Environment and Climate Change","Designated",,,"89.34464183","16643.7688271152","893446.4182830926"
"518","Port L'Hebert Nature Reserve","Nature Reserve",,"NS Environment and Climate Change","NS Environment and Climate Change","Designated",,,"691.3081061","43170.8454829434","6913081.061033728"
"519","Port La Tour Bogs Wilderness Area","Wilderness Area",,"NS Environment and Climate Change","NS Environment and Climate Change","Designated",,,"1022.63381959","40180.983844440976","10226338.195857052"
"520","Rawdon River Nature Reserve","Nature Reserve",,"NS Environment and Climate Change","NS Environment and Climate Change","Designated",,,"115.86108037","11092.719229785263","1158610.8037285402"
"521","Rines Creek Conservation Lands","Land Trust or Conservation Easement",,"Nova Scotia Nature Trust","Nova Scotia Nature Trust","Considered protected",,,"1.13503165","479.4500212456816","11350.31646350488"
"522","River Denys Nature Reserve","Nature Reserve, Land Trust",,"Nature Conservancy of Canada","NS Environment and Climate Change, Nature Conservancy of Canada","Designated",,,"69.79005839","4126.621307725814","697900.5838749498"
"523","Rose Bay Conservation Lands","Land Trust or Conservation Easement",,"Kingsburg Coastal Conservancy","Kingsburg Coastal Conservancy","Considered protected",,,"0.2223883","204.84168803805593","2223.8829815053164"
"524","Rose Point Conservation Lands","Land Trust or Conservation Easement",,"Kingsburg Coastal Conservancy","Kingsburg Coastal Conservancy","Considered protected",,,"1.85606539","1526.2257504849752","18560.653850125396"
"525","Sawmill Brook Conservation Lands","Land Trust or Conservation Easement",,"Nature Conservancy of Canada","Nature Conservancy of Canada","Considered protected",,,"3.64064784","1353.71881241892","36406.47841651105"
"526","Selig Island Conservation Lands","Land Trust or Conservation Easement",,"Nova Scotia Nature Trust","Nova Scotia Nature Trust","Considered protected",,,"20.21613065","5102.208980840327","202161.3065205323"
"527","Dollar Lake Provincial Park","Provincial Park",,"NS Department of Natural Resources and Renewables","NS Department of Natural Resources and Renewables","Designated",,,"770.74684588","25739.53601231934","7707468.458847621"
"528","Terence Bay Wilderness Area","Wilderness Area",,"NS Environment and Climate Change","NS Environment and Climate Change","Designated",,,"38.83913441","3951.2402841865523","388391.34414186864"
"529","Katewe'katik","Wilderness Area",,"NS Environment and Climate Change","NS Environment and Climate Change","Designated",,,"1256.87172113","62025.654583656","12568717.21128019"
"530","Silver River Wilderness Area","Wilderness Area, Conservation Easement",,"NS Environment and Climate Change","NS Environment and Climate Change, Nature Conservancy of Canada","Designated",,,"1180.16999037","31318.735720025732","11801699.903650638"
"531","Ship Harbour Long Lake Wilderness Area","Wilderness Area, Conservation Easement",,"NS Environment and Climate Change","NS Environment and Climate Change","Designated",,,"266.18722302","13230.378845536176","2661872.230203904"
"532","Ship Harbour Long Lake Wilderness Area","Wilderness Area",,"NS Environment and Climate Change","NS Environment and Climate Change","Designated",,,"128.21406971","19130.017996516362","1282140.6970848232"
"533","Chignecto Isthmus Conservation Lands","Land Trust or Conservation Easement",,"Nature Conservancy of Canada","Nature Conservancy of Canada","Considered protected",,,"8.09269288","1409.9575384028058","80926.92880024399"
"534","Sloans Lake Nature Reserve","Nature Reserve",,"NS Environment and Climate Change","NS Environment and Climate Change","Designated",,,"141.20745748","7399.347640675928","1412074.5748069775"
"535","Smith Lake Nature Reserve","Nature Reserve",,"NS Environment and Climate Change","NS Environment and Climate Change","Designated",,,"645.24565181","21596.117594106","6452456.518084817"
"536","South Panuke Wilderness Area","Wilderness Area",,"NS Environment and Climate Change","NS Environment and Climate Change","Designated",,,"6842.52087426","132091.59830882293","68425208.74263269"
"537","Tangier Grand Lake Wilderness Area","Wilderness Area",,"NS Environment and Climate Change","NS Environment and Climate Change","Designated",,,"169.36509463","14269.426617468514","1693650.946329746"
"538","Tupper Lake Nature Reserve","Nature Reserve",,"NS Environment and Climate Change","NS Environment and Climate Change","Designated",,,"166.88034673","10134.736171574914","1668803.4672852077"
"539","Spencer's Island Conservation Lands","Land Trust or Conservation Easement",,"Nature Conservancy of Canada","Nature Conservancy of Canada","Considered protected",,,"9.36026893","1185.3306601074987","93602.68925057424"
"540","St. Croix Cove Conservation Lands","Land Trust or Conservation Easement",,"Nature Conservancy of Canada","Nature Conservancy of Canada","Considered protected",,,"49.07807408","3775.0742719934137","490780.7407871772"
"541","Tidney River Conservation Lands","Land Trust or Conservation Easement",,"NS Department of Natural Resources and Renewables","NS Department of Natural Resources and Renewables, Nature Conservancy of Canada","Considered protected",,,"946.85164189","17635.112982464612","9468516.418882601"
"542","Twin Lakes Conservation Lands","Land Trust or Conservation Easement",,"Nature Conservancy of Canada","Nature Conservancy of Canada","Considered protected",,,"163.87616067","15992.646651962319","1638761.6066944757"
"543","River Denys Nature Reserve","Nature Reserve",,"NS Environment and Climate Change","NS Environment and Climate Change","Designated",,,"17.70871172","1750.044078108695","177087.11718064695"
"544","Upper Ohio Conservation Lands","Land Trust or Conservation Easement",,"Nature Conservancy of Canada","Nature Conservancy of Canada","Considered protected",,,"23.64866775","2171.637280778433","236486.67750021548"
"545","Upper Ohio Conservation Lands","Land Trust or Conservation Easement",,"Nature Conservancy of Canada","Nature Conservancy of Canada","Considered protected",,,"43.25838872","3212.191642567222","432583.88719981414"
"546","Upper Ohio Conservation Lands","Land Trust or Conservation Easement",,"Nature Conservancy of Canada","Nature Conservancy of Canada","Considered protected",,,"72.55190411","7967.06803899403","725519.0410501596"
"547","Barren Brook Conservation Lands","Land Trust or Conservation Easement",,"Nova Scotia Nature Trust","Nova Scotia Nature Trust","Considered protected",,,"26.726211759999998","2687.060824722189","267262.1176000167"
"548","Barren Brook Conservation Lands","Land Trust or Conservation Easement",,"Nova Scotia Nature Trust","Nova Scotia Nature Trust","Considered protected",,,"2.25744209","780.7491533311287","22574.42085003042"
"549","The Bend Conservation Lands","Land Trust or Conservation Easement",,"Nova Scotia Nature Trust","Nova Scotia Nature Trust","Considered protected",,,"36.31939307","5712.076130008537","363193.9306999024"
"550","Taylor Head Provincial Park","Provincial Park",,"NS Department of Natural Resources and Renewables","NS Department of Natural Resources and Renewables","Designated",,,"56.72444093","4142.784519860572","567244.4093268501"
"551","Taylor Head Provincial Park","Provincial Park",,"NS Department of Natural Resources and Renewables","NS Department of Natural Resources and Renewables","Designated",,,"799.64447258","33256.28680204724","7996444.725840147"
"552","West Dover Provincial Park","Provincial Park",,"NS Department of Natural Resources and Renewables","NS Department of Natural Resources and Renewables","Designated",,,"1036.41384799","51883.26470740596","10364138.4798644"
"553","Indian Fields Provincial Park","Provincial Park",,"NS Department of Natural Resources and Renewables","NS Department of Natural Resources and Renewables","Designated",,,"1565.23294705","47865.31325363584","15652329.47050946"
"554","Voglers Cove Conservation Lands","Land Trust or Conservation Easement",,"Nova Scotia Nature Trust","Nova Scotia Nature Trust","Considered protected",,,"10.63417234","1841.7720181184875","106341.72343421889"
"555","Hertford Island Conservation Lands","Land Trust or Conservation Easement",,"Nova Scotia Nature Trust","Nova Scotia Nature Trust","Considered protected",,,"9.769784","2741.0731610575394","97697.83996306466"
"556","West River Conservation Lands","Land Trust or Conservation Easement",,"Nova Scotia Nature Trust","Nova Scotia Nature Trust","Considered protected",,,"6.09272209","1517.835348048432","60927.22086657656"
"557","Upper Ohio Conservation Lands","Land Trust or Conservation Easement",,"Nature Conservancy of Canada","Nature Conservancy of Canada","Considered protected",,,"35.99661859","3134.631986278004","359966.18589987117"
"558","Upper Ohio Conservation Lands","Land Trust or Conservation Easement",,"Nature Conservancy of Canada","Nature Conservancy of Canada","Considered protected",,,"142.09676753","5840.766452701336","1420967.675251292"
"559","Upper Ohio Conservation Lands","Land Trust or Conservation Easement",,"Nature Conservancy of Canada","Nature Conservancy of Canada","Considered protected",,,"60.14522616","3752.1552314479377","601452.2615995642"
"560","Upper Ohio Conservation Lands","Land Trust or Conservation Easement",,"Nature Conservancy of Canada","Nature Conservancy of Canada","Considered protected",,,"31.88362316","2347.177268069738","318836.2315501937"
"561","Upper Ohio Conservation Lands","Land Trust or Conservation Easement",,"Nature Conservancy of Canada","Nature Conservancy of Canada","Considered protected",,,"43.45899656","2693.749243060845","434589.96560003055"
"562","Upper Ohio Conservation Lands","Land Trust or Conservation Easement",,"Nature Conservancy of Canada","Nature Conservancy of Canada","Considered protected",,,"13.83139057","1739.1499205147575","138313.90569996403"
"563","The Bend Conservation Lands","Land Trust or Conservation Easement",,"Nova Scotia Nature Trust","Nova Scotia Nature Trust","Considered protected",,,"19.11736021","4044.3925946371887","191173.6020506589"
"564","McDonald Mill Brook Conservation Lands","Land Trust or Conservation Easement",,"Nova Scotia Nature Trust","Nova Scotia Nature Trust","Considered protected",,,"18.75888837","2111.7570761778375","187588.88374998048"
"565","Oxbow Conservation Lands","Land Trust or Conservation Easement",,"Nova Scotia Nature Trust","Nova Scotia Nature Trust","Considered protected",,,"7.528290970000001","1192.0431557891234","75282.90965000623"
"566","Cape Smokey Provincial Park","Provincial Park",,"NS Department of Natural Resources and Renewables","NS Department of Natural Resources and Renewables","Designated",,,"539.14423194","12028.981764083188","5391442.319371151"
"567","Indian Island Conservation Lands","Land Trust or Conservation Easement",,"Nova Scotia Nature Trust","Nova Scotia Nature Trust","Considered protected",,,"15.92776972","2143.774011644949","159277.6972285825"
"568","Zinck's Point Conservation Lands","Land Trust or Conservation Easement",,"Kingsburg Coastal Conservancy","Kingsburg Coastal Conservancy","Considered protected",,,"4.89105495","1260.2017896356265","48910.54952414176"
"569","Wilson's Lake Conservation Lands","Land Trust or Conservation Easement",,"Nova Scotia Nature Trust","Nova Scotia Nature Trust","Considered protected",,,"124.3183554","8418.40210928733","1243183.5539533645"
"570","Peter's Island Conservation Lands","Land Trust or Conservation Easement",,"Nova Scotia Nature Trust","Nova Scotia Nature Trust","Considered protected",,,"3.10094237","1018.639167475728","31009.423723982683"
"571","Marble Mountain Conservation Lands","Land Trust or Conservation Easement",,"Nova Scotia Nature Trust","Nova Scotia Nature Trust","Considered protected",,,"26.78035982","3402.6084027198185","267803.59818826435"
"572","Upper Ohio Conservation Lands","Land Trust or Conservation Easement",,"Nature Conservancy of Canada","Nature Conservancy of Canada","Considered protected",,,"19.81305906","1955.0484717201555","198130.590599851"
"573","Upper Ohio Conservation Lands","Land Trust or Conservation Easement",,"Nature Conservancy of Canada","Nature Conservancy of Canada","Considered protected",,,"49.3855768","3078.0628072035456","493855.76799994"
"574","Upper Ohio Conservation Lands","Land Trust or Conservation Easement",,"Nature Conservancy of Canada","Nature Conservancy of Canada","Considered protected",,,"17.67466254","1764.2967408445415","176746.62535035913"
"575","Upper Ohio Conservation Lands","Land Trust or Conservation Easement",,"Nature Conservancy of Canada","Nature Conservancy of Canada","Considered protected",,,"35.40742724","2838.8904507234715","354074.27235010115"
"576","Upper Ohio Conservation Lands","Land Trust or Conservation Easement",,"Nature Conservancy of Canada","Nature Conservancy of Canada","Considered protected",,,"80.55809083","3902.3274324875083","805580.9083002455"
"577","Lime Hill Conservation Lands","Land Trust or Conservation Easement",,"Nova Scotia Nature Trust","Nova Scotia Nature Trust","Considered protected",,,"37.67633752","3901.186274684596","376763.37515018694"
"578","Lime Hill Conservation Lands","Land Trust or Conservation Easement",,"Nova Scotia Nature Trust","Nova Scotia Nature Trust","Considered protected",,,"16.05067687","2127.2864700018968","160506.76865022085"
"579","Lime Hill Conservation Lands","Land Trust or Conservation Easement",,"Nova Scotia Nature Trust","Nova Scotia Nature Trust","Considered protected",,,"79.14100394","4631.265445671404","791410.0394482393"
"580","Lime Hill Conservation Lands","Land Trust or Conservation Easement",,"Nova Scotia Nature Trust","Nova Scotia Nature Trust","Considered protected",,,"20.4916582","4032.253548748091","204916.58199977913"
"581","Five Islands Provincial Park","Provincial Park",,"NS Department of Natural Resources and Renewables","NS Department of Natural Resources and Renewables","Designated",,,"352.91393084","20154.21237456985","3529139.3084215433"
"582","Five Islands Provincial Park","Provincial Park",,"NS Department of Natural Resources and Renewables","NS Department of Natural Resources and Renewables","Designated",,,"157.38731957","10019.745854150708","1573873.1957450772"
"583","MacRae's Island Conservation Lands","Land Trust or Conservation Easement",,"Nova Scotia Nature Trust","Nova Scotia Nature Trust","Considered protected",,,"44.90798886","3445.2793758208263","449079.8886236227"
"584","Lime Hill Conservation Lands","Land Trust or Conservation Easement",,"Nova Scotia Nature Trust","Nova Scotia Nature Trust","Considered protected",,,"44.80616488","4937.285175114977","448061.64880155976"
"585","Farley's Ark Conservation Lands","Land Trust or Conservation Easement",,"Nova Scotia Nature Trust","Nova Scotia Nature Trust","Considered protected",,,"46.47496666","3542.138170729433","464749.6666163302"
"586","Farley's Ark Conservation Lands","Land Trust or Conservation Easement",,"Nova Scotia Nature Trust","Nova Scotia Nature Trust","Considered protected",,,"0.80302326","377.29223418156965","8030.232619518968"
"587","Upper Ohio Conservation Lands","Land Trust or Conservation Easement",,"Nature Conservancy of Canada","Nature Conservancy of Canada","Considered protected",,,"70.32190155","4309.531203257471","703219.0154500476"
"588","Upper Ohio Conservation Lands","Land Trust or Conservation Easement",,"Nature Conservancy of Canada","Nature Conservancy of Canada","Considered protected",,,"60.35910772","4358.942601795157","603591.0772004056"
"589","Upper Ohio Conservation Lands","Land Trust or Conservation Easement",,"Nature Conservancy of Canada","Nature Conservancy of Canada","Considered protected",,,"11.21753101","1341.009269985965","112175.31009977568"
"590","Lime Hill Conservation Lands","Land Trust or Conservation Easement",,"Nova Scotia Nature Trust","Nova Scotia Nature Trust","Considered protected",,,"39.40594003","4105.0305695790885","394059.40029868315"
"591","Little Narrows Conservation Lands","Land Trust or Conservation Easement",,"Nature Conservancy of Canada","Nature Conservancy of Canada","Considered protected",,,"11.03396282","3765.573232875105","110339.62824942898"
"592","Little Narrows Conservation Lands","Land Trust or Conservation Easement",,"Nature Conservancy of Canada","Nature Conservancy of Canada","Considered protected",,,"49.05963186","3306.0331420319408","490596.31859992916"
"593","Little Narrows Conservation Lands","Land Trust or Conservation Easement",,"Nature Conservancy of Canada","Nature Conservancy of Canada","Considered protected",,,"20.32650743","2394.519021873038","203265.07429953152"
"594","Lake Charlotte Provincial Park","Provincial Park",,"NS Department of Natural Resources and Renewables","NS Department of Natural Resources and Renewables","Designated",,,"878.43335102","44600.44129498635","8784333.51021461"
"595","Tracadie River Wilderness Area","Wilderness Area",,"NS Environment and Climate Change","NS Environment and Climate Change","Designated",,,"2525.82510716","56075.459796698364","25258251.071587507"
"596","Johnson Lake Nature Reserve","Nature Reserve",,"NS Environment and Climate Change","NS Environment and Climate Change","Designated",,,"174.40474528","11830.840357217881","1744047.452802461"
"597","Basque Islands Nature Reserve","Nature Reserve",,"NS Environment and Climate Change","NS Environment and Climate Change","Designated",,,"6.0502236","2587.256360201844","60502.23599760755"
"598","Carleton River Wilderness Area","Wilderness Area",,"NS Environment and Climate Change","NS Environment and Climate Change","Designated",,,"919.2091351","27296.650488955784","9192091.351009937"
"599","Long Island Conservation Lands","Land Trust or Conservation Easement",,"Nova Scotia Nature Trust","Nova Scotia Nature Trust","Considered protected",,,"8.5958794","1979.7306795344164","85958.794003508"
"600","Harbour Island Conservation Lands","Land Trust or Conservation Easement",,"Nova Scotia Nature Trust","Nova Scotia Nature Trust","Considered protected",,,"9.87183714","2112.0295120634637","98718.37136353455"
"601","Middle Islands Conservation Lands","Land Trust or Conservation Easement",,"Nova Scotia Nature Trust","Nova Scotia Nature Trust","Considered protected",,,"3.52060618","1486.7277035740437","35206.06183903688"
"602","Outer Island Conservation Lands","Land Trust or Conservation Easement",,"Nova Scotia Nature Trust","Nova Scotia Nature Trust","Considered protected",,,"6.88499461","1788.252305208786","68849.94610954382"
"603","Upper Ohio Conservation Lands","Land Trust or Conservation Easement",,"Nature Conservancy of Canada","Nature Conservancy of Canada","Considered protected",,,"77.30532285","4807.317948815999","773053.2285004855"
"604","Upper Ohio Conservation Lands","Land Trust or Conservation Easement",,"Nature Conservancy of Canada","Nature Conservancy of Canada","Considered protected",,,"25.03460101","2031.2982669182975","250346.01005035944"
"605","Upper Ohio Conservation Lands","Land Trust or Conservation Easement",,"Nature Conservancy of Canada","Nature Conservancy of Canada","Considered protected",,,"19.02597402","1885.7616542435842","190259.74015043848"
"606","Upper Ohio Conservation Lands","Land Trust or Conservation Easement",,"Nature Conservancy of Canada","Nature Conservancy of Canada","Considered protected",,,"29.23863417","2167.8897132593456","292386.34170013876"
"607","Upper Ohio Conservation Lands","Land Trust or Conservation Easement",,"Nature Conservancy of Canada","Nature Conservancy of Canada","Considered protected",,,"67.52625703","3172.224928757526","675262.5703498856"
"608","Upper Ohio Conservation Lands","Land Trust or Conservation Easement",,"Nature Conservancy of Canada","Nature Conservancy of Canada","Considered protected",,,"26.63093912","2260.5635879367132","266309.39124993334"
"609","Little Narrows Conservation Lands","Land Trust or Conservation Easement",,"Nature Conservancy of Canada","Nature Conservancy of Canada","Considered protected",,,"91.48362572","5137.6573376498945","914836.2571500085"
"610","Little Narrows Conservation Lands","Land Trust or Conservation Easement",,"Nature Conservancy of Canada","Nature Conservancy of Canada","Considered protected",,,"11.62746891","1548.2619229056963","116274.68910006991"
"611","Little Narrows Conservation Lands","Land Trust or Conservation Easement",,"Nature Conservancy of Canada","Nature Conservancy of Canada","Considered protected",,,"39.30493766","3985.1269979859553","393049.3765999664"
"612","Little Narrows Conservation Lands","Land Trust or Conservation Easement",,"Nature Conservancy of Canada","Nature Conservancy of Canada","Considered protected",,,"35.04409809","2698.891007313581","350440.98094976996"
"613","Chignecto Isthmus Wilderness Area","Wilderness Area",,"NS Environment and Climate Change","NS Environment and Climate Change","Designated",,,"2784.98738363","123436.99885353792","27849873.836266078"
"614","Green Island Nature Reserve","Nature Reserve",,"NS Environment and Climate Change","NS Environment and Climate Change","Designated",,,"11.23928113","2090.8688277463816","112392.81132536494"
"615","MacDonalds Pond Nature Reserve","Nature Reserve",,"NS Environment and Climate Change","NS Environment and Climate Change","Designated",,,"36.90556235","3765.4161637524467","369055.62352046906"
"616","MacLeod Brook Nature Reserve","Nature Reserve",,"NS Environment and Climate Change","NS Environment and Climate Change","Designated",,,"120.90179593","5629.766191756657","1209017.9592681483"
"617","Laybolt Island Conservation Lands","Land Trust or Conservation Easement",,"Nova Scotia Nature Trust","Nova Scotia Nature Trust","Considered protected",,,"55.62315291","9519.755958459944","556231.5290913881"
"618","Gaff Point Conservation Lands","Land Trust or Conservation Easement",,"Kingsburg Coastal Conservancy","Kingsburg Coastal Conservancy","Considered protected",,,"3.46429186","875.093463022254","34642.918648173385"
"619","Hog Lake Conservation Lands","Land Trust or Conservation Easement",,"Nova Scotia Nature Trust","Nova Scotia Nature Trust","Considered protected",,,"23.27942318","3854.051254517044","232794.2317691514"
"620","Pu'tlaqne'katik","Wilderness Area, Conservation Easement",,"NS Environment and Climate Change","NS Environment and Climate Change","Designated",,,"30.52090786","2466.6853616210665","305209.07856160915"
"621","Upper Ohio Conservation Lands","Land Trust or Conservation Easement",,"Nature Conservancy of Canada","Nature Conservancy of Canada","Considered protected",,,"37.57304531","2822.265261734161","375730.4530501232"
"622","Port LaTour Conservation Lands","Land Trust or Conservation Easement",,"Nova Scotia Nature Trust","Nova Scotia Nature Trust","Considered protected",,,"106.56599897","8033.860067613014","1065659.9896993423"
"623","Port LaTour Conservation Lands","Land Trust or Conservation Easement",,"Nova Scotia Nature Trust","Nova Scotia Nature Trust","Considered protected",,,"11.06036211","1611.0105877473673","110603.62110036462"
"624","Port LaTour Conservation Lands","Land Trust or Conservation Easement",,"Nova Scotia Nature Trust","Nova Scotia Nature Trust","Considered protected",,,"21.19165228","2028.3552928205843","211916.52284993712"
"625","Lobster Bay Conservation Lands","Land Trust or Conservation Easement",,"Nature Conservancy of Canada","Nature Conservancy of Canada","Considered protected",,,"13.99122314","1759.584054637579","139912.2314007562"
"626","Lobster Bay Conservation Lands","Land Trust or Conservation Easement",,"Nature Conservancy of Canada","Nature Conservancy of Canada","Considered protected",,,"7.25798401","1497.0814374140884","72579.84009928523"
"627","Mabou Highlands Conservation Lands","Land Trust or Conservation Easement",,"Nova Scotia Nature Trust","Nova Scotia Nature Trust","Considered protected",,,"39.0227185","2741.656453164015","390227.1849997688"
"628","Mabou Highlands Conservation Lands","Land Trust or Conservation Easement",,"Nova Scotia Nature Trust","Nova Scotia Nature Trust","Considered protected",,,"53.58881045","2991.2388931514743","535888.1044998528"
"629","Mabou Highlands Conservation Lands","Land Trust or Conservation Easement",,"Nova Scotia Nature Trust","Nova Scotia Nature Trust","Considered protected",,,"1.36713358","707.0978608102448","13671.335799979783"
"630","Mabou Highlands Conservation Lands","Land Trust or Conservation Easement",,"Nova Scotia Nature Trust","Nova Scotia Nature Trust","Considered protected",,,"3.85444386","1363.30905530775","38544.438550100276"
"631","Marble Mountain Conservation Lands","Land Trust or Conservation Easement",,"Nova Scotia Nature Trust","Nova Scotia Nature Trust","Considered protected",,,"14.37229731","4021.283491880175","143722.97305015195"
"632","MacRitchies Brook Nature Reserve","Nature Reserve",,"NS Environment and Climate Change","NS Environment and Climate Change","Designated",,,"50.12308001","4456.958669838943","501230.80009240145"
"633","Margaree Brook Nature Reserve","Nature Reserve",,"NS Environment and Climate Change","NS Environment and Climate Change","Designated",,,"297.75877688","11668.593706119591","2977587.7687564595"
"634","Ohio River Nature Reserve","Nature Reserve",,"NS Environment and Climate Change","NS Environment and Climate Change","Designated",,,"28.16128704","2226.419439424875","281612.8704282527"
"635","Seal Cove Nature Reserve","Nature Reserve",,"NS Environment and Climate Change","NS Environment and Climate Change","Designated",,,"81.54032518","3758.6844555478415","815403.2518243431"
"636","Pleasant River Conservation Lands","Land Trust or Conservation Easement",,"Nova Scotia Nature Trust","Nova Scotia Nature Trust","Considered protected",,,"7.17523413","1683.0947565735837","71752.34129900433"
"637","Long Lake Bog Conservation Lands","Land Trust or Conservation Easement",,"Nature Conservancy of Canada","Nature Conservancy of Canada","Considered protected",,,"209.04704979","11443.204455277057","2090470.4979076886"
"638","Shingle Mill Bog Conservation Lands","Land Trust or Conservation Easement",,"Nature Conservancy of Canada","Nature Conservancy of Canada","Considered protected",,,"82.3416267","6056.612434097452","823416.2670485519"
"639","Devils Jaw Wilderness Area","Wilderness Area, Conservation Easement",,"NS Environment and Climate Change","NS Environment and Climate Change","Designated",,,"120.95703161","7050.88880650175","1209570.316134242"
"640","Lobster Bay Conservation Lands","Land Trust or Conservation Easement",,"Nature Conservancy of Canada","Nature Conservancy of Canada","Considered protected",,,"30.30558503","3967.345474845265","303055.85029984923"
"641","Carleton River Conservation Lands","Land Trust or Conservation Easement",,"Nature Conservancy of Canada","Nature Conservancy of Canada","Considered protected",,,"93.61783491","4702.5410653674835","936178.3491009477"
"642","Plaister Cliffs Conservation Lands","Land Trust or Conservation Easement",,"Nova Scotia Nature Trust","Nova Scotia Nature Trust","Considered protected",,,"17.29651441","1967.6434317492024","172965.14405004456"
"643","Plaister Cliffs Conservation Lands","Land Trust or Conservation Easement",,"Nova Scotia Nature Trust","Nova Scotia Nature Trust","Considered protected",,,"17.99923514","1976.8080173006006","179992.3514496753"
"644","Plaister Cliffs Conservation Lands","Land Trust or Conservation Easement",,"Nova Scotia Nature Trust","Nova Scotia Nature Trust","Considered protected",,,"58.39967569","3351.8116928254444","583996.7569000798"
"645","South River Nature Reserve","Nature Reserve",,"NS Environment and Climate Change","NS Environment and Climate Change","Designated",,,"15.16582865","3380.4541976305754","151658.2865236248"
"646","Southwest Mabou River Nature Reserve","Nature Reserve",,"NS Environment and Climate Change","NS Environment and Climate Change","Designated",,,"93.23207326","8045.737357495986","932320.7325843656"
"647","Torbrook Nature Reserve","Nature Reserve",,"NS Environment and Climate Change","NS Environment and Climate Change","Designated",,,"143.82525308","6367.443558763478","1438252.5308044164"
"648","Port La Tour Bogs Wilderness Area","Wilderness Area, Conservation Easement",,"NS Environment and Climate Change","NS Environment and Climate Change","Designated",,,"9.83879792","1508.6797123335323","98387.9792287824"
"649","Crows Neck Nature Reserve","Nature Reserve, Conservation Easement",,"NS Environment and Climate Change","NS Environment and Climate Change, NS Department of Natural Resources and Renewables, Nature Conservancy of Canada","Designated",,,"2.79402167","1485.2164101611443","27940.216679411693"
"650","Chase Lake Wilderness Area","Wilderness Area",,"NS Environment and Climate Change","NS Environment and Climate Change","Designated",,,"873.56277708","23164.019756346377","8735627.770769212"
"651","Steepbank Brook Nature Reserve","Nature Reserve",,"NS Environment and Climate Change","NS Environment and Climate Change, NS Department of Natural Resources and Renewables","Designated",,,"202.19861338","10620.879204606572","2021986.133823881"
"652","Port Joli Conservation Lands","Land Trust or Conservation Easement",,"Nature Conservancy of Canada","Nature Conservancy of Canada","Considered protected",,,"47.16293217","3383.8136076367605","471629.321700138"
"653","Port Joli Conservation Lands","Land Trust or Conservation Easement",,"Nature Conservancy of Canada","Nature Conservancy of Canada","Considered protected",,,"59.26755751","3671.7151439425115","592675.5751497053"
"654","Sand Beach Conservation Lands","Land Trust or Conservation Easement",,"Nova Scotia Nature Trust","Nova Scotia Nature Trust","Considered protected",,,"61.23781014","7269.009736933579","612378.1014000188"
"655","Sand Beach Conservation Lands","Land Trust or Conservation Easement",,"Nova Scotia Nature Trust","Nova Scotia Nature Trust","Considered protected",,,"1.70959745","658.0405660126648","17095.97454994431"
"656","St. Mary Bay Conservation Lands","Land Trust or Conservation Easement",,"Nova Scotia Nature Trust","Nova Scotia Nature Trust","Considered protected",,,"17.36975437","1867.937621984056","173697.5436997584"
"657","Barren Meadow 3 Conservation Lands","Land Trust or Conservation Easement",,"Nova Scotia Nature Trust","Nova Scotia Nature Trust","Considered protected",,,"55.66249077","3148.1809542197057","556624.9076502165"
"658","Brier Island Conservation Lands","Land Trust or Conservation Easement",,"Nature Conservancy of Canada","Nature Conservancy of Canada","Considered protected",,,"38.03057352","2835.154271332506","380305.73519985215"
"659","Brier Island Conservation Lands","Land Trust or Conservation Easement",,"Nature Conservancy of Canada","Nature Conservancy of Canada","Considered protected",,,"26.70479366","2569.910754247151","267047.93655028613"
"660","Brier Island Conservation Lands","Land Trust or Conservation Easement",,"Nature Conservancy of Canada","Nature Conservancy of Canada","Considered protected",,,"31.1556657","5496.875829519889","311556.6570486215"
"661","Walton River Wilderness Area","Wilderness Area",,"NS Environment and Climate Change","NS Environment and Climate Change","Designated",,,"2245.79383767","37490.40773362747","22457938.37670548"
"662","Bowers Meadows Wilderness Area","Wilderness Area",,"NS Environment and Climate Change","NS Environment and Climate Change","Designated",,,"4014.28070527","60461.543800028114","40142807.05266886"
"663","Rogues Roost Wilderness Area","Wilderness Area, Conservation Easement",,"NS Environment and Climate Change","NS Environment and Climate Change","Designated",,,"11.76437797","1582.1968503086832","117643.77966636702"
"664","Kelley River Wilderness Area","Wilderness Area",,"NS Environment and Climate Change","NS Environment and Climate Change","Designated",,,"20925.38491917","222945.22650484313","209253849.19171473"
"665","Wentworth Valley Wilderness Area","Wilderness Area",,"NS Environment and Climate Change","NS Environment and Climate Change","Designated",,,"1954.23054179","28411.55210753978","19542305.417863"
"666","River Inhabitants Nature Reserve","Nature Reserve",,"NS Environment and Climate Change","NS Environment and Climate Change","Designated",,,"436.45600282","22570.14372151225","4364560.028175745"
"667","Hectanooga Cedar Swamp Nature Reserve","Nature Reserve",,"NS Environment and Climate Change","NS Environment and Climate Change","Designated",,,"107.59749886","10757.6505303824","1075974.9885672668"
"668","North Mountain Woodlands Conservation Lands","Land Trust or Conservation Easement",,"Nova Scotia Nature Trust","Nova Scotia Nature Trust","Considered protected",,,"3.01796764","863.5517898775823","30179.676399987402"
"669","Selig Island Conservation Lands","Land Trust or Conservation Easement",,"Nova Scotia Nature Trust","Nova Scotia Nature Trust","Considered protected",,,"0.12648178","201.51075021603165","1264.817799992955"
"670","Selig Island Conservation Lands","Land Trust or Conservation Easement",,"Nova Scotia Nature Trust","Nova Scotia Nature Trust","Considered protected",,,"0.17965665","177.49990898691746","1796.5664999890364"
"671","Mosher's Bay Conservation Lands","Land Trust or Conservation Easement",,"Kingsburg Coastal Conservancy","Kingsburg Coastal Conservancy","Considered protected",,,"7.90758813","1394.1013739144573","79075.88134985427"
"672","Mosher's Bay Conservation Lands","Land Trust or Conservation Easement",,"Kingsburg Coastal Conservancy","Kingsburg Coastal Conservancy","Considered protected",,,"4.08198419","1329.405805321205","40819.84185012406"
"673","Mosher's Bay Conservation Lands","Land Trust or Conservation Easement",,"Kingsburg Coastal Conservancy","Kingsburg Coastal Conservancy","Considered protected",,,"1.41265366","998.2063369900003","14126.536649907983"
"674","Brier Island Conservation Lands","Land Trust or Conservation Easement",,"Nature Conservancy of Canada","Nature Conservancy of Canada","Considered protected",,,"41.06353405","3751.0633123204366","410635.34049986955"
"675","Brier Island Conservation Lands","Land Trust or Conservation Easement",,"Nature Conservancy of Canada","Nature Conservancy of Canada","Considered protected",,,"231.45035767","11973.345355752444","2314503.5766505734"
"676","Brier Island Conservation Lands","Land Trust or Conservation Easement",,"Nature Conservancy of Canada","Nature Conservancy of Canada","Considered protected",,,"0.83300016","571.9874648068093","8330.001550132203"
"677","Brier Island Conservation Lands","Land Trust or Conservation Easement",,"Nature Conservancy of Canada","Nature Conservancy of Canada","Considered protected",,,"8.08629275","2895.9475968669894","80862.92750007115"
"678","Jack & Darlene Stone Conservation Lands","Land Trust or Conservation Easement",,"Nova Scotia Nature Trust","Nova Scotia Nature Trust","Considered protected",,,"125.68623382","5978.615385392169","1256862.3381622334"
"679","Borgles Island Conservation Lands","Land Trust or Conservation Easement",,"Nova Scotia Nature Trust","Nova Scotia Nature Trust","Considered protected",,,"215.64529733","14690.904896473126","2156452.9732804745"
"680","C.W. Anderson Conservation Lands","Land Trust or Conservation Easement",,"Nova Scotia Nature Trust","Nova Scotia Nature Trust","Considered protected",,,"41.95098899","2864.058020170806","419509.88992262643"
"681","Cape Mabou Wilderness Area","Wilderness Area",,"NS Environment and Climate Change","NS Environment and Climate Change","Designated",,,"1457.45261693","41062.18969812847","14574526.169331694"
"682","Brier Island Conservation Lands","Land Trust or Conservation Easement",,"Nature Conservancy of Canada","Nature Conservancy of Canada","Considered protected",,,"1.88759494","738.9224216700123","18875.94935005597"
"683","Brier Island Conservation Lands","Land Trust or Conservation Easement",,"Nature Conservancy of Canada","Nature Conservancy of Canada","Considered protected",,,"2.61623268","1073.640942916447","26162.326799988045"
"684","Belliveau Lake - La Grande Ile Conservation Lands","Land Trust or Conservation Easement",,"Nova Scotia Nature Trust","Nova Scotia Nature Trust","Considered protected",,,"0.01420962","69.80814463209667","142.0961500090988"
"685","Belliveau Lake - La Grande Ile Conservation Lands","Land Trust or Conservation Easement",,"Nova Scotia Nature Trust","Nova Scotia Nature Trust","Considered protected",,,"0.008258","48.26639205964548","82.58000000508503"
"686","Belliveau Lake - La Grande Ile Conservation Lands","Land Trust or Conservation Easement",,"Nova Scotia Nature Trust","Nova Scotia Nature Trust","Considered protected",,,"0.02917451","115.31461703964331","291.7451499670943"
"687","Cameron Lake Conservation Lands","Land Trust or Conservation Easement",,"Nova Scotia Nature Trust","Nova Scotia Nature Trust","Considered protected",,,"25.01953899","4001.6350405096623","250195.38990114647"
"688","Deep Brook Bog Conservation Lands","Land Trust or Conservation Easement",,"Nova Scotia Nature Trust","Nova Scotia Nature Trust","Considered protected",,,"3.94838624","1329.8692796623973","39483.86238288865"
"689","Gaspereau Mountain Conservation Lands","Land Trust or Conservation Easement",,"Nova Scotia Nature Trust","Nova Scotia Nature Trust","Considered protected",,,"7.56236043","1142.3335988370293","75623.60429558896"
"690","River Denys Nature Reserve","Nature Reserve",,"NS Environment and Climate Change","NS Environment and Climate Change","Designated",,,"163.23110621","13809.360182588669","1632311.0620672624"
"691","Catalone Lake Nature Reserve","Nature Reserve",,"NS Environment and Climate Change","NS Environment and Climate Change","Designated",,,"16.98050748","3050.7402854930624","169805.07475851287"
"692","Blue Mountain Wilderness Connector","Land Trust or Conservation Easement",,"Nova Scotia Nature Trust","Nova Scotia Nature Trust","Considered protected",,,"13.0374883","2891.104175270988","130374.88304917484"
"693","Belliveau Lake - La Grande Ile Conservation Lands","Land Trust or Conservation Easement",,"Nova Scotia Nature Trust","Nova Scotia Nature Trust","Considered protected",,,"16.9728144","2557.534014616178","169728.14399994098"
"694","Belliveau Lake - La Grande Ile Conservation Lands","Land Trust or Conservation Easement",,"Nova Scotia Nature Trust","Nova Scotia Nature Trust","Considered protected",,,"0.62389819","345.98675849672725","6238.9818999977915"
"695","Lake Annis Nature Reserve","Nature Reserve",,"Private owner(s)","NS Environment and Climate Change, private owner(s)","Designated",,,"18.5501646","1797.855202276777","185501.64604474773"
"696","Lake Annis Nature Reserve","Nature Reserve",,"Private owner(s)","NS Environment and Climate Change, private owner(s)","Designated",,,"43.8075485","2899.4839690729073","438075.4850499283"
"697","Lake Annis Nature Reserve","Nature Reserve",,"Private owner(s)","NS Environment and Climate Change, private owner(s)","Designated",,,"0.1056002","129.72827012697817","1056.0020000011957"
"698","Purcells Cove Conservation Lands","Land Trust or Conservation Easement",,"Nova Scotia Nature Trust","Nova Scotia Nature Trust","Considered protected",,,"11.10679717","3193.270980833946","111067.9716979139"
"699","Musquodoboit River Valley Conservation Lands","Land Trust or Conservation Easement",,"Nature Conservancy of Canada","The Nature Conservancy of Canada","Considered protected",,,"21.95214605","2412.625037121357","219521.46053285542"
"700","Musquodoboit River Valley Conservation Lands","Land Trust or Conservation Easement",,"Nature Conservancy of Canada","The Nature Conservancy of Canada","Considered protected",,,"17.29311461","2620.8518423849587","172931.14614823088"
"701","Kejimkujik National Park And National Historic Site Of Canada","National Park",,"Parks Canada Agency. Environment and Climate Change Canada","Parks Canada Agency. Environment and Climate Change Canada","Designated",,,"129.67655275","9461.413841066804","1296765.5275348318"
"702","Kejimkujik National Park And National Historic Site Of Canada","National Park",,"Parks Canada Agency. Environment and Climate Change Canada","Parks Canada Agency. Environment and Climate Change Canada","Designated",,,"2158.90413048","41558.16088998887","21589041.304757632"
"703","Mabou Highlands Conservation Lands","Land Trust or Conservation Easement",,"Nova Scotia Nature Trust","Nova Scotia Nature Trust","Considered protected",,,"27.78307779","2465.6885520965634","277830.77794294246"
"704","Mabou Highlands Conservation Lands","Land Trust or Conservation Easement",,"Nova Scotia Nature Trust","Nova Scotia Nature Trust","Considered protected",,,"6.35010518","1282.1563294154657","63501.0518303417"
"705","Mabou Highlands Conservation Lands","Land Trust or Conservation Easement",,"Nova Scotia Nature Trust","Nova Scotia Nature Trust","Considered protected",,,"20.1991986","1834.878212788046","201991.98597918285"
"706","Middle Islands Conservation Lands","Land Trust or Conservation Easement",,"Nova Scotia Nature Trust","Nova Scotia Nature Trust","Considered protected",,,"9.5424792","2121.1264669297343","95424.79199446752"
"707","Tobeatic Wilderness Area","Wilderness Area",,"NS Environment and Climate Change","NS Environment and Climate Change","Designated",,,"222.83343047","16577.02408112349","2228334.3047217485"
"708","Lowland Cove Conservation Lands","Land Trust or Conservation Easement",,"Nova Scotia Nature Trust","Nova Scotia Nature Trust","Considered protected",,,"44.77930681","3924.5458501984504","447793.0681482907"
"709","Mosher's Bay Conservation Lands","Land Trust or Conservation Easement",,"Kingsburg Coastal Conservancy","Kingsburg Coastal Conservancy","Considered protected",,,"5.80133996","1174.2161055009344","58013.39960765664"
"710","Hectanooga Conservation Lands","Land Trust or Conservation Easement",,"Nova Scotia Nature Trust","Nova Scotia Nature Trust","Considered protected",,,"8.6765784","1266.0586887513123","86765.78397847338"
"711","Hectanooga Conservation Lands","Land Trust or Conservation Easement",,"Nova Scotia Nature Trust","Nova Scotia Nature Trust","Considered protected",,,"14.42704062","1703.304171311631","144270.4061919312"
"712","Barren Meadow 4 Conservation Lands","Land Trust or Conservation Easement",,"Nova Scotia Nature Trust","Nova Scotia Nature Trust","Considered protected",,,"22.2969696","2645.1657737952","222969.6960380104"
"713","Pleasant River Conservation Lands","Land Trust or Conservation Easement",,"Nova Scotia Nature Trust","Nova Scotia Nature Trust","Considered protected",,,"50.93680135","3503.4767172467896","509368.01349517045"
"714","Upper Pleasant River Conservation Lands","Land Trust or Conservation Easement",,"Nova Scotia Nature Trust","Nova Scotia Nature Trust","Considered protected",,,"14.3095788","2609.28950904281","143095.78802214458"
"715","Brier Island Conservation Lands","Land Trust or Conservation Easement",,"Nature Conservancy of Canada","The Nature Conservancy of Canada","Considered protected",,,"0.26792843","235.78567747749318","2679.284268514175"
"716","Timberlea Conservation Lands","Land Trust or Conservation Easement",,"Nova Scotia Nature Trust","Nova Scotia Nature Trust","Considered protected",,,"3.44363779","853.3295652086186","34436.37786297053"
"717","St. Croix Conservation Lands","Land Trust or Conservation Easement",,"Nova Scotia Nature Trust","Nova Scotia Nature Trust","Considered protected",,,"60.6781809","4922.730116844401","606781.8090170281"
"718","Skudiak Lake Conservation Lands","Land Trust or Conservation Easement",,"Nature Conservancy of Canada","The Nature Conservancy of Canada","Considered protected",,,"6.07947979","1231.9417365927848","60794.79790401835"
"719","Middle Island Conservation Lands","Land Trust or Conservation Easement",,"Nova Scotia Nature Trust","Nova Scotia Nature Trust","Considered protected",,,"15.25445239","3118.5146004605817","152544.52385497247"
"720","Old Annapolis Road Nature Reserve","Nature Reserve",,"NS Environment and Climate Change","NS Environment and Climate Change","Designated",,,"367.37236168","10725.946625689578","3673723.616828662"
"721","Old Annapolis Road Nature Reserve","Nature Reserve",,"NS Environment and Climate Change","NS Environment and Climate Change","Designated",,,"66.6184225","4439.861289984469","666184.2249581038"
"722","Glendyer Nature Reserve","Nature Reserve",,"NS Environment and Climate Change","NS Environment and Climate Change","Designated",,,"276.22231447","11039.211222332757","2762223.1447058846"
"723","Porcupine Brook Nature Reserve","Nature Reserve",,"NS Environment and Climate Change","NS Environment and Climate Change","Designated",,,"237.61482648","7993.842483163839","2376148.264818447"
"724","Cherry Hill Beach Nature Reserve","Nature Reserve",,"NS Environment and Climate Change","NS Environment and Climate Change","Designated",,,"29.15777805","5985.173194783723","291577.7804528432"
"725","Middle River Framboise Wilderness Area","Wilderness Area",,"NS Environment and Climate Change","NS Environment and Climate Change","Designation decision made",,,"21.26045439","1858.867458735255","212604.54389455382"
"726","Jack & Darlene Stone Conservation Lands","Land Trust or Conservation Easement",,"Nova Scotia Nature Trust","Nova Scotia Nature Trust","Considered protected",,,"61.1834354","4879.622643653494","611834.3539959647"
"727","McGowan Lake Conservation Lands","Land Trust or Conservation Easement",,"Nova Scotia Nature Trust","Nova Scotia Nature Trust","Considered protected",,,"4.06672658","3319.838377824222","40667.265799986475"
"728","McGowan Lake Conservation Lands","Land Trust or Conservation Easement",,"Nova Scotia Nature Trust","Nova Scotia Nature Trust","Considered protected",,,"3.11461465","821.9409107284954","31146.146450125067"
"729","Brookdale Conservation Lands","Land Trust or Conservation Easement",,"Nature Conservancy of Canada","Nature Conservancy of Canada","Considered protected",,,"55.68906174","3313.382554105637","556890.6173500251"
"730","Boot Island National Wildlife Area","National Wildlife Area",,"Canadian Wildlife Service. Environment and Climate Change Canada","Canadian Wildlife Service. Environment and Climate Change Canada","Designated",,,"17.69804813","2215.139983202291","176980.4812626513"
"731","Boot Island National Wildlife Area","National Wildlife Area",,"Canadian Wildlife Service. Environment and Climate Change Canada","Canadian Wildlife Service. Environment and Climate Change Canada","Designated",,,"88.88993076","11503.038829782308","888899.3075919196"
"732","Sand Pond National Wildlife Area","National Wildlife Area",,"Canadian Wildlife Service. Environment and Climate Change Canada","Canadian Wildlife Service. Environment and Climate Change Canada","Designated",,,"492.40053164","18085.84259380524","4924005.316448993"
"733","Portapique River Wilderness Area","Wilderness Area",,"NS Environment and Climate Change","NS Environment and Climate Change","Designation decision made",,,"973.75090062","32515.07031346609","9737509.006224126"
"734","Wentworth Valley Wilderness Area","Wilderness Area",,"NS Environment and Climate Change","NS Environment and Climate Change","Designation decision made",,,"69.81555023","4663.795977058342","698155.5023041774"
"735","Sackville River Wilderness Area","Wilderness Area",,"NS Environment and Climate Change","NS Environment and Climate Change","Designation decision made",,,"804.27206024","30737.290376388533","8042720.602350456"
"736","Owls Head Provincial Park","Provincial Park",,"NS Department of Natural Resources and Renewables","NS Department of Natural Resources and Renewables","Designated",,,"267.38884085","17500.866878914498","2673888.408493369"
"737","McGowan Lake Conservation Lands","Land Trust or Conservation Easement",,"Nova Scotia Nature Trust","Nova Scotia Nature Trust","Considered protected",,,"18.55906435","2164.254539593271","185590.6435499866"
"738","John Forbes Thompson Conservation Lands","Land Trust or Conservation Easement",,"Nova Scotia Nature Trust","Nova Scotia Nature Trust","Considered protected",,,"36.9715396","4175.511705181915","369715.396000011"
"739","John Forbes Thompson Conservation Lands","Land Trust or Conservation Easement",,"Nova Scotia Nature Trust","Nova Scotia Nature Trust","Considered protected",,,"11.18766057","2346.2456745804584","111876.60570010425"
"740","Sand Pond National Wildlife Area","National Wildlife Area",,"Canadian Wildlife Service. Environment and Climate Change Canada","Canadian Wildlife Service. Environment and Climate Change Canada","Designated",,,"39.29564248","8819.347322388996","392956.4247662605"
"741","Wallace Bay National Wildlife Area","National Wildlife Area",,"Canadian Wildlife Service. Environment and Climate Change Canada","Canadian Wildlife Service. Environment and Climate Change Canada","Designated",,,"419.09639946","32394.003577812033","4190963.9946173583"
"742","Dr. Bill Freedman Nature Reserve","Land Trust or Conservation Easement",,"Nature Conservancy of Canada","The Nature Conservancy of Canada","Considered protected",,,"13.15017183","1622.5045855604799","131501.71828408554"
"743","Brier Island Conservation Lands","Land Trust or Conservation Easement",,"Nature Conservancy of Canada","The Nature Conservancy of Canada","Considered protected",,,"10.62557046","1343.5655480854232","106255.7046249844"
"744","McDonald Mill Brook Conservation Lands","Land Trust or Conservation Easement",,"Nova Scotia Nature Trust","Nova Scotia Nature Trust","Considered protected",,,"0.03038758","150.89994919621117","303.87583499211246"
"745","Sheep Island Conservation Lands","Land Trust or Conservation Easement",,"Nature Conservancy of Canada","Nature Conservancy of Canada","Considered protected",,,"2.88601419","653.8042486485155","28860.141949939094"
"746","Mahone Bay Conservation Lands","Land Trust or Conservation Easement",,"Nature Conservancy of Canada","Nature Conservancy of Canada","Considered protected",,,"8.67138635","1169.3440376110032","86713.86354990881"
"747","Mahone Bay Conservation Lands","Land Trust or Conservation Easement",,"Nature Conservancy of Canada","Nature Conservancy of Canada","Considered protected",,,"15.10493127","2216.6194425730473","151049.31270001025"
"748","Mahone Bay Conservation Lands","Land Trust or Conservation Easement",,"Nature Conservancy of Canada","Nature Conservancy of Canada","Considered protected",,,"2.90774199","701.7327876790181","29077.41994995189"
"749","Eastern Shore Islands Wilderness Area","Wilderness Area",,"NS Environment and Climate Change","NS Environment and Climate Change","Designation decision made",,,"95.5761483","6475.879963637999","955761.4829626405"
"750","Economy River Wilderness Area","Wilderness Area",,"NS Environment and Climate Change","NS Environment and Climate Change","Designation decision made",,,"5495.31253005","122834.07786013401","54953125.30050985"
"751","Wallace Bay National Wildlife Area","National Wildlife Area",,"Canadian Wildlife Service. Environment and Climate Change Canada","Canadian Wildlife Service. Environment and Climate Change Canada","Designated",,,"281.39227052","19905.7317098953","2813922.705199934"
"752","Tobeatic Wilderness Area","Wilderness Area",,"NS Environment and Climate Change","NS Environment and Climate Change","Designated",,,"103645.76633492","556877.3905852397","1036457663.3491783"
"753","Tobeatic Wilderness Area","Wilderness Area",,"NS Environment and Climate Change","NS Environment and Climate Change","Designated",,,"506.25335999","27882.786033213415","5062533.5999482265"
"754","Mabou Highlands Conservation Lands (4)","Land Trust or Conservation Easement",,"Nova Scotia Nature Trust","Nova Scotia Nature Trust","Considered protected",,,"47.30749515","3149.6091449381615","473074.95154958375"
"755","Mabou Highlands Conservation Lands (4)","Land Trust or Conservation Easement",,"Nova Scotia Nature Trust","Nova Scotia Nature Trust","Considered protected",,,"47.13287446","4437.390559383991","471328.7445507201"
"756","Mabou Highlands Conservation Lands (4)","Land Trust or Conservation Easement",,"Nova Scotia Nature Trust","Nova Scotia Nature Trust","Considered protected",,,"8.02651746","1140.6052884719047","80265.17455021615"
"757","Mabou Highlands Conservation Lands (4)","Land Trust or Conservation Easement",,"Nova Scotia Nature Trust","Nova Scotia Nature Trust","Considered protected",,,"81.29588105","4718.233502083626","812958.8105493521"
"758","Mabou Highlands Conservation Lands (4)","Land Trust or Conservation Easement",,"Nova Scotia Nature Trust","Nova Scotia Nature Trust","Considered protected",,,"4.74082539","950.7815507024998","47408.25389989334"
"759","Mabou Highlands Conservation Lands (4)","Land Trust or Conservation Easement",,"Nova Scotia Nature Trust","Nova Scotia Nature Trust","Considered protected",,,"27.1243676","4044.0535035533376","271243.67604975885"
"760","Musquodoboit River Valley Conservation Lands","Land Trust or Conservation Easement",,"Nature Conservancy of Canada","Nature Conservancy of Canada","Considered protected",,,"2.9945586","909.7051499789347","29945.586000009178"
"761","Plaister Cliffs Conservation Lands","Land Trust or Conservation Easement",,"Nova Scotia Nature Trust","Nova Scotia Nature Trust","Considered protected",,,"1.12741217","562.654792202426","11274.121650001709"
"762","McKinnons Harbour Conservation Lands","Land Trust or Conservation Easement",,"Bras d'Or Preservation Nature Trust","Bras d'Or Preservation Nature Trust","Considered protected",,,"0.97092083","808.0902428235881","9709.208300026175"
"763","McKinnons Harbour Conservation Lands","Land Trust or Conservation Easement",,"Bras d'Or Preservation Nature Trust","Bras d'Or Preservation Nature Trust","Considered protected",,,"17.09371646","2811.6540977574687","170937.16464978812"
"764","River Inhabitants Nature Reserve","Nature Reserve",,"Private owner(s)","NS Environment and Climate Change, private owner(s)","Designated",,,"1.64721369","1332.217291342209","16472.13688698196"
"765","Eigg Mountain - James River Wilderness Area","Wilderness Area",,"NS Environment and Climate Change","NS Environment and Climate Change","Designation decision made",,,"69.92009837","6011.691191443601","699200.9837457088"
"766","Medway Lakes Wilderness Area","Wilderness Area",,"NS Environment and Climate Change","NS Environment and Climate Change","Designation decision made",,,"430.18582479","22081.665154105813","4301858.247915297"
"767","Tobeatic Wilderness Area","Wilderness Area",,"NS Environment and Climate Change","NS Environment and Climate Change","Designated",,,"892.09191234","24572.207817012863","8920919.123381466"
"768","Baddeck Bay Consevation Lands","Land Trust or Conservation Easement",,"Private owner(s)","Bras d'Or Preservation Nature Trust and private owner(s)","Considered protected",,,"22.51268584","2801.9989110514357","225126.858400129"
"769","Baddeck Bay Consevation Lands","Land Trust or Conservation Easement",,"Private owner(s)","Bras d'Or Preservation Nature Trust and private owner(s)","Considered protected",,,"16.11968394","1774.4860827731281","161196.83944995844"
"770","Black River Bog Conservation Lands","Land Trust or Conservation Easement",,"Nature Conservancy of Canada","Nature Conservancy of Canada","Considered protected",,,"13.10332044","2432.2473980428226","131033.20440000652"
"771","Black River Bog Conservation Lands","Land Trust or Conservation Easement",,"Nature Conservancy of Canada","Nature Conservancy of Canada","Considered protected",,,"18.00685463","3068.8161051488905","180068.54630013462"
"772","River Inhabitants Nature Reserve","Nature Reserve",,"Private owner(s)","NS Environment and Climate Change, private owner(s)","Designated",,,"37.78185399","2913.9358001149767","377818.5399144762"
"773","River Inhabitants Nature Reserve","Nature Reserve",,"Private owner(s)","NS Environment and Climate Change, private owner(s)","Designated",,,"4.40795512","1058.8221035173656","44079.551231984755"
"774","River Inhabitants Nature Reserve","Nature Reserve",,"Private owner(s)","NS Environment and Climate Change, private owner(s)","Designated",,,"2.70502127","779.0907845570667","27050.2127053772"
"775","River Inhabitants Nature Reserve","Nature Reserve",,"Private owner(s)","NS Environment and Climate Change, private owner(s)","Designated",,,"3.94307327","1493.8256649158895","39430.732674748106"
"776","River Inhabitants Nature Reserve","Nature Reserve",,"Private owner(s)","NS Environment and Climate Change, private owner(s)","Designated",,,"14.49364916","2001.3051354928498","144936.49164870707"
"777","River Inhabitants Nature Reserve","Nature Reserve",,"Private owner(s)","NS Environment and Climate Change, private owner(s)","Designated",,,"13.85175632","1940.3367547098635","138517.5631996423"
"778","Mosher's Bay Conservation Lands","Land Trust or Conservation Easement",,"Kingsburg Coastal Conservancy","Kingsburg Coastal Conservancy","Considered protected",,,"3.41159332","1147.9995111328567","34115.93317396531"
"779","Mosher's Bay Conservation Lands","Land Trust or Conservation Easement",,"Kingsburg Coastal Conservancy","Kingsburg Coastal Conservancy","Considered protected",,,"7.953685670000001","1366.1259294899226","79536.85673169378"
"780","Mosher's Bay Conservation Lands","Land Trust or Conservation Easement",,"Kingsburg Coastal Conservancy","Kingsburg Coastal Conservancy","Considered protected",,,"0.76430578","385.5202647224705","7643.057827119234"
"781","Mosher's Bay Conservation Lands","Land Trust or Conservation Easement",,"Kingsburg Coastal Conservancy","Kingsburg Coastal Conservancy","Considered protected",,,"4.70862306","1360.2698346270865","47086.2306429074"
"782","Pugwash Victoria Island Easement","Land Trust or Conservation Easement",,"Seagull Foundation","Nature Conservancy of Canada and Seagull Foundation","Considered protected",,,"12.76763156","2168.841493248404","127676.31555006104"
"783","Gerard Island Conservation Lands","Land Trust or Conservation Easement",,"Nova Scotia Nature Trust and private owner(s)","Nova Scotia Nature Trust and private owner(s)","Considered protected",,,"5.22784519","1394.4784036544793","52278.45191712045"
"784","Pu'tlaqne'katik","Wilderness Area",,"NS Environment and Climate Change","NS Environment and Climate Change","Designated",,,"2641.78146612","123136.77870612498","26417814.661178816"
"785","Purgatory Point Conservation Lands","Land Trust or Conservation Easement",,"Private owner(s)","Nova Scotia Nature Trust and private owner(s)","Considered protected",,,"2.26839086","771.2680767979086","22683.908599965685"
"786","Black River Bog Conservation Lands","Land Trust or Conservation Easement",,"Nature Conservancy of Canada","Nature Conservancy of Canada","Considered protected",,,"32.16488804","2951.958728533134","321648.8803998175"
"787","Black River Bog Conservation Lands","Land Trust or Conservation Easement",,"Nature Conservancy of Canada","Nature Conservancy of Canada","Considered protected",,,"19.67096097","2368.555662910496","196709.60969994223"
"788","Baddeck River Conservation Lands","Land Trust or Conservation Easement",,"Nova Scotia Nature Trust","Nova Scotia Nature Trust","Considered protected",,,"40.11961727","2969.2384442521497","401196.17274960014"
"789","Baddeck River Conservation Lands","Land Trust or Conservation Easement",,"Nova Scotia Nature Trust","Nova Scotia Nature Trust","Considered protected",,,"2.26304558","622.757558329742","22630.4557999066"
"790","River Inhabitants Nature Reserve","Nature Reserve",,"Private owner(s)","NS Environment and Climate Change, private owner(s)","Designated",,,"12.56971514","2046.3960059193719","125697.15136927909"
"791","MacFarlane Woods Nature Reserve","Nature Reserve",,"Private owner(s)","NS Environment and Climate Change, private owner(s)","Designated",,,"49.40695188","4080.6535496603815","494069.5188177657"
"792","MacFarlane Woods Nature Reserve","Nature Reserve",,"Private owner(s)","NS Environment and Climate Change, private owner(s)","Designated",,,"5.777789110000001","1306.5250585653305","57777.891142692366"
"793","MacFarlane Woods Nature Reserve","Nature Reserve",,"Private owner(s)","NS Environment and Climate Change, private owner(s)","Designated",,,"4.47725429","1140.881414305618","44772.542870884194"
"794","MacFarlane Woods Nature Reserve","Nature Reserve",,"Private owner(s)","NS Environment and Climate Change, private owner(s)","Designated",,,"3.11195431","835.4388978466062","31119.543064010773"
"795","MacFarlane Woods Nature Reserve","Nature Reserve",,"Private owner(s)","NS Environment and Climate Change, private owner(s)","Designated",,,"3.91819408","1011.5040688012646","39181.94078485586"
"796","MacFarlane Woods Nature Reserve","Nature Reserve",,"Private owner(s)","NS Environment and Climate Change, private owner(s)","Designated",,,"10.53606886","1626.50633979013","105360.6885604421"
"797","Ponhook Lake Conservation Lands","Land Trust or Conservation Easement",,"Nova Scotia Nature Trust","Nova Scotia Nature Trust","Considered protected",,,"5.10298391","1343.8929449902478","51029.839146968276"
"798","Ponhook Lake Conservation Lands","Land Trust or Conservation Easement",,"Nova Scotia Nature Trust","Nova Scotia Nature Trust","Considered protected",,,"57.07251517","3900.4210599323465","570725.1516622516"
"799","Salmon Lake Conservation Lands","Land Trust or Conservation Easement",,"Nova Scotia Nature Trust","Nova Scotia Nature Trust","Considered protected",,,"17.76540503","3439.2725908900384","177654.05034730115"
"800","Salmon Lake Conservation Lands","Land Trust or Conservation Easement",,"Nova Scotia Nature Trust","Nova Scotia Nature Trust","Considered protected",,,"16.48183739","3423.3787498546894","164818.37390556783"
"801","Salmon Lake Conservation Lands","Land Trust or Conservation Easement",,"Nova Scotia Nature Trust","Nova Scotia Nature Trust","Considered protected",,,"15.1427546","1989.8955912164479","151427.54597694846"
"802","Salmon Lake Conservation Lands","Land Trust or Conservation Easement",,"Nova Scotia Nature Trust","Nova Scotia Nature Trust","Considered protected",,,"4.46497371","1149.6409394767827","44649.73709479768"
"803","Salmon Lake Conservation Lands","Land Trust or Conservation Easement",,"Nova Scotia Nature Trust","Nova Scotia Nature Trust","Considered protected",,,"41.83089218","3155.8192248373066","418308.92176998645"
"804","Purgatory Point Conservation Lands","Land Trust or Conservation Easement",,"Private owner(s)","Nova Scotia Nature Trust and private owner(s)","Considered protected",,,"41.65033094","5480.170392464696","416503.3093996199"
"805","Purgatory Point Conservation Lands","Land Trust or Conservation Easement",,"Private owner(s)","Nova Scotia Nature Trust and private owner(s)","Considered protected",,,"1.6180994","1637.0780938612577","16180.993950364566"
"806","Purgatory Point Conservation Lands","Land Trust or Conservation Easement",,"Private owner(s)","Nova Scotia Nature Trust and private owner(s)","Considered protected",,,"0.1204137","182.4494465876524","1204.136950020425"
"807","Port Joli Conservation Lands","Land Trust or Conservation Easement",,"Nature Conservancy of Canada","Nature Conservancy of Canada","Considered protected",,,"14.23895706","3179.4445291926195","142389.57059944217"
"808","Baddeck River Conservation Lands","Land Trust or Conservation Easement",,"Nova Scotia Nature Trust","Nova Scotia Nature Trust","Considered protected",,,"3.7587679","828.7941144904096","37587.67904990693"
"809","Baddeck River Conservation Lands","Land Trust or Conservation Easement",,"Nova Scotia Nature Trust","Nova Scotia Nature Trust","Considered protected",,,"2.34599416","624.800202436965","23459.941599969094"
"810","Yellow Head Conservation Lands","Land Trust or Conservation Easement",,"Nova Scotia Nature Trust","Nova Scotia Nature Trust","Considered protected",,,"9.61685158","1369.4071915536692","96168.51580032388"
"811","Yellow Head Conservation Lands","Land Trust or Conservation Easement",,"Nova Scotia Nature Trust","Nova Scotia Nature Trust","Considered protected",,,"5.14253515","2385.139139747475","51425.35145010138"
"812","Yellow Head Conservation Lands","Land Trust or Conservation Easement",,"Nova Scotia Nature Trust","Nova Scotia Nature Trust","Considered protected",,,"0.60582096","462.05738867705026","6058.209599993806"
"813","Salmon Lake Conservation Lands","Land Trust or Conservation Easement",,"Nova Scotia Nature Trust","Nova Scotia Nature Trust","Considered protected",,,"27.573613860000002","2573.3204256260838","275736.138590289"
"814","Blanche Island Conservation Lands","Land Trust or Conservation Easement",,"Nova Scotia Nature Trust","Nova Scotia Nature Trust","Considered protected",,,"14.43120938","2926.522668786674","144312.09375548497"
"815","Gold River Lake Conservation Lands","Land Trust or Conservation Easement",,"Private owner(s)","Nova Scotia Nature Trust and private owner(s)","Considered protected",,,"178.74430459","12817.768787116596","1787443.0458996177"
"816","Gold River Lake Conservation Lands","Land Trust or Conservation Easement",,"Private owner(s)","Nova Scotia Nature Trust and private owner(s)","Considered protected",,,"22.93426353","2238.1495742054653","229342.6353499665"
"817","Gold River Lake Conservation Lands","Land Trust or Conservation Easement",,"Private owner(s)","Nova Scotia Nature Trust and private owner(s)","Considered protected",,,"10.79626689","1849.2837511457637","107962.66885047429"
"818","Gold River Lake Conservation Lands","Land Trust or Conservation Easement",,"Private owner(s)","Nova Scotia Nature Trust and private owner(s)","Considered protected",,,"10.43050369","1714.8208073987732","104305.03694948425"
"819","Gold River Lake Conservation Lands","Land Trust or Conservation Easement",,"Private owner(s)","Nova Scotia Nature Trust and private owner(s)","Considered protected",,,"10.46751911","1695.1723833870174","104675.19110001359"
"820","Farley's Ark Conservation Lands","Land Trust or Conservation Easement",,"Nova Scotia Nature Trust","Nova Scotia Nature Trust","Considered protected",,,"15.99357512","1840.2659078816446","159935.75120006737"
"821","Farley's Ark Conservation Lands","Land Trust or Conservation Easement",,"Nova Scotia Nature Trust","Nova Scotia Nature Trust","Considered protected",,,"0.18140824","225.1874023877645","1814.0824499908613"
"822","Farley's Ark Conservation Lands","Land Trust or Conservation Easement",,"Nova Scotia Nature Trust","Nova Scotia Nature Trust","Considered protected",,,"1.5076916","772.0137149839143","15076.916000097175"
"823","Farley's Ark Conservation Lands","Land Trust or Conservation Easement",,"Nova Scotia Nature Trust","Nova Scotia Nature Trust","Considered protected",,,"16.82891819","2235.9881559565006","168289.18190008344"
"824","Bald Islands Conservation Lands","Land Trust or Conservation Easement",,"Nova Scotia Nature Trust","Nova Scotia Nature Trust","Considered protected",,,"1.14692198","425.5083646999286","11469.219849979807"
"825","Little Narrows Conservation Lands","Land Trust or Conservation Easement",,"Nature Conservancy of Canada","The Nature Conservancy of Canada","Considered protected",,,"60.09620867","5285.972904026924","600962.0867187922"
"826","Little Narrows Conservation Lands","Land Trust or Conservation Easement",,"Nature Conservancy of Canada","The Nature Conservancy of Canada","Considered protected",,,"1.62110659","697.0566339656347","16211.065947057978"
"827","Little Narrows Conservation Lands","Land Trust or Conservation Easement",,"Nature Conservancy of Canada","The Nature Conservancy of Canada","Considered protected",,,"3.50883355","868.2865020827609","35088.3355015128"
"828","Port Joli Conservation Lands","Land Trust or Conservation Easement",,"Nature Conservancy of Canada","The Nature Conservancy of Canada","Considered protected",,,"9.493200269999999","1272.2515115990211","94932.00268864386"
"829","Gold River Lake Conservation Lands","Land Trust or Conservation Easement",,"Private owner(s)","Nova Scotia Nature Trust and private owner(s)","Considered protected",,,"11.14949512","1709.744867057561","111494.95115019724"
"830","Great Island Conservation Lands","Land Trust or Conservation Easement",,"Private owner(s)","Nova Scotia Nature Trust and private owner(s)","Considered protected",,,"118.60376957","9024.28248689246","1186037.695749931"
"831","Great Island Conservation Lands","Land Trust or Conservation Easement",,"Private owner(s)","Nova Scotia Nature Trust and private owner(s)","Considered protected",,,"3.00178837","879.7453679462152","30017.883749993565"
"832","Meander River Conservation Lands","Land Trust or Conservation Easement",,"Private owner(s)","Nova Scotia Nature Trust and private owner(s)","Considered protected",,,"3.43447022","927.189189741342","34344.70217433561"
"833","Meander River Conservation Lands","Land Trust or Conservation Easement",,"Private owner(s)","Nova Scotia Nature Trust and private owner(s)","Considered protected",,,"6.27484634","1791.782781122369","62748.46343428351"
"834","Bald Islands Conservation Lands","Land Trust or Conservation Easement",,"Nova Scotia Nature Trust","Nova Scotia Nature Trust","Considered protected",,,"0.82711962","429.3765193211014","8271.19615000725"
"835","Bald Islands Conservation Lands","Land Trust or Conservation Easement",,"Nova Scotia Nature Trust","Nova Scotia Nature Trust","Considered protected",,,"3.32192235","791.4502851857965","33219.22345006569"
"836","Bald Islands Conservation Lands","Land Trust or Conservation Easement",,"Nova Scotia Nature Trust","Nova Scotia Nature Trust","Considered protected",,,"3.64018301","757.13887668923","36401.83005019274"
"837","Lobster Bay Conservation Lands","Land Trust or Conservation Easement",,"Nature Conservancy of Canada","Nature Conservancy of Canada","Considered protected",,,"24.77453403","2383.286107523043","247745.340300031"
"838","Lobster Bay Conservation Lands","Land Trust or Conservation Easement",,"Nature Conservancy of Canada","Nature Conservancy of Canada","Considered protected",,,"1.28671279","491.35092221098046","12867.127949985404"
"839","Port Joli Conservation Lands","Land Trust or Conservation Easement",,"Nature Conservancy of Canada","The Nature Conservancy of Canada","Considered protected",,,"27.97693229","3176.127459660267","279769.3228511908"
"840","Port Joli Conservation Lands","Land Trust or Conservation Easement",,"Nature Conservancy of Canada","The Nature Conservancy of Canada","Considered protected",,,"4.92636591","1069.3066494436357","49263.659118643394"
"841","Port Joli Conservation Lands","Land Trust or Conservation Easement",,"Nature Conservancy of Canada","The Nature Conservancy of Canada","Considered protected",,,"13.71192635","1710.3029435675157","137119.2634669549"
"842","Lac de l'Ecole Conservation Lands","Land Trust or Conservation Easement",,"Nova Scotia Nature Trust","Nova Scotia Nature Trust","Considered protected",,,"75.30067948","4484.549428870925","753006.7948304677"
"843","Herbert River Conservation Lands","Land Trust or Conservation Easement",,"Private owner(s)","Nova Scotia Nature Trust and private owner(s)","Considered protected",,,"28.18120512","3448.78809038585","281812.05115039315"
"844","Stoney Island Conservation Easement","Land Trust or Conservation Easement",,"Private owner(s)","Nova Scotia Nature Trust and private owner(s)","Considered protected",,,"25.6244217","2614.614841651193","256244.21704999244"
"845","Tuff Island Conservation Lands","Land Trust or Conservation Easement",,"Private owner(s)","Nova Scotia Nature Trust and private owner(s)","Considered protected",,,"7.96317032","1269.5292777543275","79631.70315006128"
"846","Lobster Bay Conservation Lands","Land Trust or Conservation Easement",,"Nature Conservancy of Canada","Nature Conservancy of Canada","Considered protected",,,"4.25860986","1205.878938591557","42586.098550182236"
"847","Lobster Bay Conservation Lands","Land Trust or Conservation Easement",,"Nature Conservancy of Canada","Nature Conservancy of Canada","Considered protected",,,"0.55994461","330.43616394704407","5599.446100002782"
"848","Lobster Bay Conservation Lands","Land Trust or Conservation Easement",,"Nature Conservancy of Canada","Nature Conservancy of Canada","Considered protected",,,"17.42211291","1951.9844251849918","174221.1290997656"
"849","Johnstons Pond Conservation Lands","Land Trust or Conservation Easement",,"Nature Conservancy of Canada","Nature Conservancy of Canada","Considered protected",,,"17.30817364","2536.6861051186333","173081.73639974772"
"850","Johnstons Pond Conservation Lands","Land Trust or Conservation Easement",,"Nature Conservancy of Canada","Nature Conservancy of Canada","Considered protected",,,"0.30119992","216.83909160256917","3011.999150023959"
"851","Gaff Point Conservation Lands","Land Trust or Conservation Easement",,"Nature Conservancy of Canada","Nature Conservancy of Canada","Considered protected",,,"2.43485111","752.5495831116955","24348.511068717457"
"852","Gaff Point Conservation Lands","Land Trust or Conservation Easement",,"Nature Conservancy of Canada","Nature Conservancy of Canada","Considered protected",,,"1.63391507","555.285362770944","16339.150672041624"
"853","Gaff Point Conservation Lands","Land Trust or Conservation Easement",,"Nature Conservancy of Canada","Nature Conservancy of Canada","Considered protected",,,"2.78606259","991.9118508317349","27860.625926341716"
"854","Gaff Point Conservation Lands","Land Trust or Conservation Easement",,"Nature Conservancy of Canada","Nature Conservancy of Canada","Considered protected",,,"2.52566762","822.7863400017047","25256.676197654484"
"855","Skudiak Lake Conservation Lands","Land Trust or Conservation Easement",,"Nature Conservancy of Canada","The Nature Conservancy of Canada","Considered protected",,,"49.61194592","4840.946582742868","496119.45918627165"
"856","Skudiak Lake Conservation Lands","Land Trust or Conservation Easement",,"Nature Conservancy of Canada","The Nature Conservancy of Canada","Considered protected",,,"0.18027269","261.9326694560855","1802.726887000134"
"857","Skudiak Lake Conservation Lands","Land Trust or Conservation Easement",,"Nature Conservancy of Canada","The Nature Conservancy of Canada","Considered protected",,,"32.66754638","3687.7956803996694","326675.46384566353"
"858","Ship Rock Islands Conservation Lands","Land Trust or Conservation Easement",,"Private owner(s)","Nova Scotia Nature Trust and private owner(s)","Considered protected",,,"0.4757977","344.0813232748217","4757.976999992898"
"859","Ship Rock Islands Conservation Lands","Land Trust or Conservation Easement",,"Private owner(s)","Nova Scotia Nature Trust and private owner(s)","Considered protected",,,"6.7276241","1304.6468777947366","67276.24099999826"
"860","Ship Rock Islands Conservation Lands","Land Trust or Conservation Easement",,"Private owner(s)","Nova Scotia Nature Trust and private owner(s)","Considered protected",,,"3.47535169","1138.931527141371","34753.516850022344"
"861","Ship Rock Islands Conservation Lands","Land Trust or Conservation Easement",,"Private owner(s)","Nova Scotia Nature Trust and private owner(s)","Considered protected",,,"5.93014878","1554.2281409918626","59301.48784996162"
"862","Plaister Cliffs Conservation Lands","Land Trust or Conservation Easement",,"Nova Scotia Nature Trust","Nova Scotia Nature Trust","Considered protected",,,"115.43456705","7478.296599089671","1154345.670450143"
"863","Bull Moose Meadow Conservation Lands","Land Trust or Conservation Easement",,"Nova Scotia Nature Trust","Nova Scotia Nature Trust","Considered protected",,,"15.89402146","2140.8054349124627","158940.21460005388"
"864","Luxton Meadows Conservation Lands","Land Trust or Conservation Easement",,"Nova Scotia Nature Trust","Nova Scotia Nature Trust","Considered protected",,,"95.40498353","7861.067709123808","954049.8352997334"
"865","Luxton Meadows Conservation Lands","Land Trust or Conservation Easement",,"Nova Scotia Nature Trust","Nova Scotia Nature Trust","Considered protected",,,"4.75726335","964.2704547659823","47572.633549943435"
"866","Gaff Point Conservation Lands","Land Trust or Conservation Easement",,"Nature Conservancy of Canada","Nature Conservancy of Canada","Considered protected",,,"1.46874193","537.9378371053693","14687.419290304104"
"867","Gaff Point Conservation Lands","Land Trust or Conservation Easement",,"Nature Conservancy of Canada","Nature Conservancy of Canada","Considered protected",,,"1.42050722","531.0490584709213","14205.072240460055"
"868","Gaff Point Conservation Lands","Land Trust or Conservation Easement",,"Nature Conservancy of Canada","Nature Conservancy of Canada","Considered protected",,,"1.90249113","599.0125059143429","19024.911320058483"
"869","Gaff Point Conservation Lands","Land Trust or Conservation Easement",,"Nature Conservancy of Canada","Nature Conservancy of Canada","Considered protected",,,"1.95709726","774.0058633885844","19570.97259898174"
"870","Gaff Point Conservation Lands","Land Trust or Conservation Easement",,"Nature Conservancy of Canada","Nature Conservancy of Canada","Considered protected",,,"1.40482071","499.2179524698276","14048.207063461809"
"871","Gaff Point Conservation Lands","Land Trust or Conservation Easement",,"Nature Conservancy of Canada","Nature Conservancy of Canada","Considered protected",,,"1.29610837","576.0129054833865","12961.083658773772"
"872","Gaff Point Conservation Lands","Land Trust or Conservation Easement",,"Nature Conservancy of Canada","Nature Conservancy of Canada","Considered protected",,,"1.93506882","566.074859187374","19350.688162607716"
"873","Skudiak Lake Conservation Lands","Land Trust or Conservation Easement",,"Nature Conservancy of Canada","The Nature Conservancy of Canada","Considered protected",,,"86.38946829","4872.5017124415135","863894.6828956008"
"874","Skudiak Lake Conservation Lands","Land Trust or Conservation Easement",,"Nature Conservancy of Canada","The Nature Conservancy of Canada","Considered protected",,,"58.72979444","4055.793691190837","587297.9443629758"
"875","Springhaven Duck Lake Conservation Lands","Land Trust or Conservation Easement",,"Nova Scotia Nature Trust","Nova Scotia Nature Trust","Considered protected",,,"46.19159656","4136.228712329189","461915.96561212244"
"876","Skudiak Lake Conservation Lands","Land Trust or Conservation Easement",,"Nature Conservancy of Canada","The Nature Conservancy of Canada","Considered protected",,,"61.84011442","3458.11146769128","618401.1441952132"
"877","Waternish Conservation Lands","Land Trust or Conservation Easement",,"Private owner(s)","Nova Scotia Nature Trust and private owner(s)","Considered protected",,,"14.24411464","2188.334652365195","142441.14635002826"
"878","Waternish Conservation Lands","Land Trust or Conservation Easement",,"Private owner(s)","Nova Scotia Nature Trust and private owner(s)","Considered protected",,,"46.25283454","3437.790731691166","462528.3453500976"
"879","Mabou Highlands Conservation Lands","Land Trust or Conservation Easement",,"Private owner(s)","Nova Scotia Nature Trust and private owner(s)","Considered protected",,,"39.76451779","2857.7709200078725","397645.17789989116"
"880","Mabou Highlands Conservation Lands","Land Trust or Conservation Easement",,"Private owner(s)","Nova Scotia Nature Trust and private owner(s)","Considered protected",,,"6.0672451","1589.0469037260827","60672.45099971268"
"881","Johnstons Pond Conservation Lands","Land Trust or Conservation Easement",,"Nature Conservancy of Canada","Nature Conservancy of Canada","Considered protected",,,"29.10742349","3433.096375676842","291074.2349316329"
"882","Medway River Conservation Lands","Land Trust or Conservation Easement",,"Nova Scotia Nature Trust","Nova Scotia Nature Trust","Considered protected",,,"2.12368619","1369.251386400115","21236.86190010476"
"883","Medway River Conservation Lands","Land Trust or Conservation Easement",,"Nova Scotia Nature Trust","Nova Scotia Nature Trust","Considered protected",,,"13.65282931","2716.449258714537","136528.29304999975"
"884","Gaff Point Conservation Lands","Land Trust or Conservation Easement",,"Nature Conservancy of Canada","Nature Conservancy of Canada","Considered protected",,,"2.23003946","774.3413140414718","22300.39462717322"
"885","Gaff Point Conservation Lands","Land Trust or Conservation Easement",,"Nature Conservancy of Canada","Nature Conservancy of Canada","Considered protected",,,"3.34455884","1058.9077889526804","33445.58838768653"
"886","Gaff Point Conservation Lands","Land Trust or Conservation Easement",,"Nature Conservancy of Canada","Nature Conservancy of Canada","Considered protected",,,"2.23003308","610.9540635293031","22300.330788167266"
"887","Gaff Point Conservation Lands","Land Trust or Conservation Easement",,"Nature Conservancy of Canada","Nature Conservancy of Canada","Considered protected",,,"2.17826048","655.2187484412912","21782.604752803327"
"888","Gaff Point Conservation Lands","Land Trust or Conservation Easement",,"Nature Conservancy of Canada","Nature Conservancy of Canada","Considered protected",,,"2.82881845","874.7181543368879","28288.184533171996"
"889","Gaff Point Conservation Lands","Land Trust or Conservation Easement",,"Nova Scotia Nature Trust","Nova Scotia Nature Trust","Considered protected",,,"3.80821236","902.5607325542641","38082.123634638134"
"890","Gaff Point Conservation Lands","Land Trust or Conservation Easement",,"Nova Scotia Nature Trust","Nova Scotia Nature Trust","Considered protected",,,"2.57932569","839.1800468920094","25793.25691411765"
"891","Hectanooga Conservation Lands","Land Trust or Conservation Easement",,"Nova Scotia Nature Trust","Nova Scotia Nature Trust","Considered protected",,,"8.59264631","2938.056968569585","85926.46312821837"
"892","Hectanooga Conservation Lands","Land Trust or Conservation Easement",,"Nova Scotia Nature Trust","Nova Scotia Nature Trust","Considered protected",,,"4.54971797","1149.0595756586392","45497.179745805806"
"893","Hectanooga Conservation Lands","Land Trust or Conservation Easement",,"Nova Scotia Nature Trust","Nova Scotia Nature Trust","Considered protected",,,"0.23751661","188.375893883619","2375.166116501712"
"894","Hectanooga Conservation Lands","Land Trust or Conservation Easement",,"Nova Scotia Nature Trust","Nova Scotia Nature Trust","Considered protected",,,"24.37055093","3194.3072882467345","243705.50934952998"
"895","Mabou Highlands Conservation Lands","Land Trust or Conservation Easement",,"Private owner(s)","Nova Scotia Nature Trust and private owner(s)","Considered protected",,,"35.19784733","3265.0519156720775","351978.47330038017"
"896","Mabou Highlands Conservation Lands","Land Trust or Conservation Easement",,"Private owner(s)","Nova Scotia Nature Trust and private owner(s)","Considered protected",,,"0.02263264","77.84487117181614","226.32639998760206"
"897","Mabou Highlands Conservation Lands","Land Trust or Conservation Easement",,"Private owner(s)","Nova Scotia Nature Trust and private owner(s)","Considered protected",,,"8.8133638","1550.4661082271653","88133.6380000882"
"898","Mabou Highlands Conservation Lands","Land Trust or Conservation Easement",,"Private owner(s)","Nova Scotia Nature Trust and private owner(s)","Considered protected",,,"74.1294361","5186.714527612277","741294.3609993603"
"899","Mabou Highlands Conservation Lands","Land Trust or Conservation Easement",,"Private owner(s)","Nova Scotia Nature Trust and private owner(s)","Considered protected",,,"27.06862175","3729.9248302013148","270686.2175008547"
"900","Medway River Conservation Lands","Land Trust or Conservation Easement",,"Nova Scotia Nature Trust","Nova Scotia Nature Trust","Considered protected",,,"9.44064369","1760.4556945512343","94406.43689996749"
"901","Brier Island Conservation Lands","Land Trust or Conservation Easement",,"Nature Conservancy of Canada","Nature Conservancy of Canada","Considered protected",,,"19.0441537","3982.0295460755","190441.53700031588"
"902","Gaff Point Conservation Lands","Land Trust or Conservation Easement",,"Nature Conservancy of Canada","Nature Conservancy of Canada","Considered protected",,,"4.60478924","1098.0226386168963","46047.89238994163"
"903","Gaff Point Conservation Lands","Land Trust or Conservation Easement",,"Nature Conservancy of Canada","Nature Conservancy of Canada","Considered protected",,,"1.76812863","563.2008685828914","17681.28625227277"
"904","Gaff Point Conservation Lands","Land Trust or Conservation Easement",,"Nature Conservancy of Canada","Nature Conservancy of Canada","Considered protected",,,"4.22351343","974.8606982662792","42235.1343203535"
"905","Mosher's Bay Conservation Lands","Land Trust or Conservation Easement",,"Kingsburg Coastal Conservancy","Kingsburg Coastal Conservancy","Considered protected",,,"4.31641111","1304.251149077629","43164.11105025366"
"906","Mosher's Bay Conservation Lands","Land Trust or Conservation Easement",,"Kingsburg Coastal Conservancy","Kingsburg Coastal Conservancy","Considered protected",,,"1.54734117","1030.2572233128358","15473.411699955463"
"907","Mosher's Bay Conservation Lands","Land Trust or Conservation Easement",,"Kingsburg Coastal Conservancy","Kingsburg Coastal Conservancy","Considered protected",,,"1.27666355","1020.7245911804123","12766.635499746015"
"908","Mosher's Bay Conservation Lands","Land Trust or Conservation Easement",,"Kingsburg Coastal Conservancy","Kingsburg Coastal Conservancy","Considered protected",,,"1.08581161","1068.0452064902904","10858.11610004667"
"909","Mosher's Bay Conservation Lands","Land Trust or Conservation Easement",,"Kingsburg Coastal Conservancy","Kingsburg Coastal Conservancy","Considered protected",,,"0.67210269","1035.3287944186982","6721.026899845157"
"910","Plaister Mines Conservation Lands","Land Trust or Conservation Easement",,"Nature Conservancy of Canada","Nature Conservancy of Canada","Considered protected",,,"26.27066122","2304.6988974817264","262706.6121836459"
"911","Mabou Highlands Conservation Lands","Land Trust or Conservation Easement",,"Private owner(s)","Nova Scotia Nature Trust and private owner(s)","Considered protected",,,"6.75972491","1217.298430889586","67597.24914997436"
"912","Mabou Highlands Conservation Lands","Land Trust or Conservation Easement",,"Private owner(s)","Nova Scotia Nature Trust and private owner(s)","Considered protected",,,"68.1334361","4579.665724853537","681334.3610491119"
"913","North Harbour Conservation Lands","Land Trust or Conservation Easement",,"Private owner(s)","Nova Scotia Nature Trust and private owner(s)","Considered protected",,,"17.69309206","2283.2698233661363","176930.9205501484"
"914","North Harbour Conservation Lands","Land Trust or Conservation Easement",,"Private owner(s)","Nova Scotia Nature Trust and private owner(s)","Considered protected",,,"3.87478654","964.4883285362963","38747.865449831355"
"915","North Harbour Conservation Lands","Land Trust or Conservation Easement",,"Private owner(s)","Nova Scotia Nature Trust and private owner(s)","Considered protected",,,"12.57287003","1761.8765230139613","125728.70025018511"
"916","Bennetts Lake Conservation Lands","Land Trust or Conservation Easement",,"Nature Conservancy of Canada","Nature Conservancy of Canada","Considered protected",,,"118.15925152","7592.232371244366","1181592.5152000752"
"917","Brothers Islands Conservation Lands","Land Trust or Conservation Easement",,"Nova Scotia Nature Trust","Nova Scotia Nature Trust","Considered protected",,,"7.95713695","1245.22659285332","79571.36949998036"
"918","Mosher's Bay Conservation Lands","Land Trust or Conservation Easement",,"Kingsburg Coastal Conservancy","Kingsburg Coastal Conservancy","Considered protected",,,"1.54526853","830.8339588000983","15452.685250120694"
"919","Mosher's Bay Conservation Lands","Land Trust or Conservation Easement",,"Kingsburg Coastal Conservancy","Kingsburg Coastal Conservancy","Considered protected",,,"1.13618636","636.8193803935479","11361.8635500634"
"920","Zinck's Point Conservation Lands","Land Trust or Conservation Easement",,"Kingsburg Coastal Conservancy","Kingsburg Coastal Conservancy","Considered protected",,,"8.21350436","1803.2923145311493","82135.04359979987"
"921","Kingsburg Pond Conservation Lands","Land Trust or Conservation Easement",,"Kingsburg Coastal Conservancy","Kingsburg Coastal Conservancy","Considered protected",,,"0.29274847","358.39934888792266","2927.4846501116763"
"922","Kingsburg Pond Conservation Lands","Land Trust or Conservation Easement",,"Kingsburg Coastal Conservancy","Kingsburg Coastal Conservancy","Considered protected",,,"0.24634213","219.23554973103597","2463.4213499630687"
"923","Kingsburg Pond Conservation Lands","Land Trust or Conservation Easement",,"Kingsburg Coastal Conservancy","Kingsburg Coastal Conservancy","Considered protected",,,"0.08650209","187.7232936178277","865.0209000082579"
"924","Kingsburg Pond Conservation Lands","Land Trust or Conservation Easement",,"Kingsburg Coastal Conservancy","Kingsburg Coastal Conservancy","Considered protected",,,"0.30361009","355.24867010860737","3036.1008500295643"
"925","Kingsburg Pond Conservation Lands","Land Trust or Conservation Easement",,"Kingsburg Coastal Conservancy","Kingsburg Coastal Conservancy","Considered protected",,,"0.30218651","325.8311716907713","3021.865100084848"
"926","Little Annapolis Lake Conservation Lands","Land Trust or Conservation Easement",,"Private owner(s)","Nova Scotia Nature Trust and private owner(s)","Considered protected",,,"16.22904692","2403.3659625790074","162290.46920073405"
"927","Little Annapolis Lake Conservation Lands","Land Trust or Conservation Easement",,"Private owner(s)","Nova Scotia Nature Trust and private owner(s)","Considered protected",,,"12.171911680000001","1593.958183113502","121719.1168498654"
"928","Little Annapolis Lake Conservation Lands","Land Trust or Conservation Easement",,"Private owner(s)","Nova Scotia Nature Trust and private owner(s)","Considered protected",,,"24.22842552","2185.7430940127106","242284.2552499369"
"929","Little Annapolis Lake Conservation Lands","Land Trust or Conservation Easement",,"Private owner(s)","Nova Scotia Nature Trust and private owner(s)","Considered protected",,,"0.71211296","344.1441897869907","7121.129550004085"
"930","Little Annapolis Lake Conservation Lands","Land Trust or Conservation Easement",,"Private owner(s)","Nova Scotia Nature Trust and private owner(s)","Considered protected",,,"4.67850994","1272.5263511590006","46785.09944982225"
"931","Hemeon's Head Conservation Lands","Land Trust or Conservation Easement",,"Private owner(s)","Nova Scotia Nature Trust and private owner(s)","Considered protected",,,"60.13032353","10298.905945196006","601303.2352501083"
"932","Brothers Islands Conservation Lands","Land Trust or Conservation Easement",,"Nova Scotia Nature Trust","Nova Scotia Nature Trust","Considered protected",,,"2.29737203","765.2574454072329","22973.720349990945"
"933","Mabou Highlands Conservation Lands (3)","Land Trust or Conservation Easement",,"Nova Scotia Nature Trust","Nova Scotia Nature Trust","Considered protected",,,"37.49287787","4143.651533483218","374928.77865082613"
"934","Silver River Wilderness Area","Wilderness Area, Land Trust",,"Nature Conservancy of Canada","NS Environment and Climate Change, Nature Conservancy of Canada","Designated",,,"804.22634632","13746.11671202219","8042263.4632301545"
"935","Kingsburg Pond Conservation Lands","Land Trust or Conservation Easement",,"Kingsburg Coastal Conservancy","Kingsburg Coastal Conservancy","Considered protected",,,"0.86706334","400.35045427992924","8670.633399945627"
"936","Kingsburg Pond Conservation Lands","Land Trust or Conservation Easement",,"Kingsburg Coastal Conservancy","Kingsburg Coastal Conservancy","Considered protected",,,"0.2274898","233.19510135243095","2274.8980499347454"
"937","Kingsburg Pond Conservation Lands","Land Trust or Conservation Easement",,"Kingsburg Coastal Conservancy","Kingsburg Coastal Conservancy","Considered protected",,,"0.16966775","199.80622761530321","1696.6774500001513"
"938","Kingsburg Pond Conservation Lands","Land Trust or Conservation Easement",,"Kingsburg Coastal Conservancy","Kingsburg Coastal Conservancy","Considered protected",,,"0.41157967","284.20898909295374","4115.796699999077"
"939","Kingsburg Pond Conservation Lands","Land Trust or Conservation Easement",,"Kingsburg Coastal Conservancy","Kingsburg Coastal Conservancy","Considered protected",,,"0.61305389","532.1985089898071","6130.5388999365005"
"940","Kingsburg Pond Conservation Lands","Land Trust or Conservation Easement",,"Kingsburg Coastal Conservancy","Kingsburg Coastal Conservancy","Considered protected",,,"0.26818191","316.54085574845544","2681.8191000069555"
"941","Kingsburg Pond Conservation Lands","Land Trust or Conservation Easement",,"Kingsburg Coastal Conservancy","Kingsburg Coastal Conservancy","Considered protected",,,"7.41921568","1232.7330040238212","74192.1567500185"
"942","Kingsburg Pond Conservation Lands","Land Trust or Conservation Easement",,"Kingsburg Coastal Conservancy","Kingsburg Coastal Conservancy","Considered protected",,,"0.40144508","433.14572445244283","4014.450800033445"
"943","Port Joli Conservation Lands","Land Trust or Conservation Easement",,"Nature Conservancy of Canada","Nature Conservancy of Canada","Considered protected",,,"1.50064436","1042.0278702120954","15006.443600070837"
"944","Port Joli Conservation Lands","Land Trust or Conservation Easement",,"Nature Conservancy of Canada","Nature Conservancy of Canada","Considered protected",,,"19.35528551","1867.6339335075636","193552.8550504368"
"945","Marble Mountain Conservation Lands","Land Trust or Conservation Easement",,"Nature Conservancy of Canada","Nature Conservancy of Canada","Considered protected",,,"42.6972364","3063.833801004909","426972.36395023315"
"946","Gaff Point Conservation Lands","Land Trust or Conservation Easement",,"Nature Conservancy of Canada and private owners","Nature Conservancy of Canada and private owners","Considered protected",,,"0.35924802","265.47150480946095","3592.4802426887345"
"947","Silver River Wilderness Area","Wilderness Area",,"NS Environment and Climate Change","NS Environment and Climate Change","Designated",,,"0.39568633","239.2832304154338","3956.86330321898"
"948","Silver River Wilderness Area","Wilderness Area",,"NS Environment and Climate Change","NS Environment and Climate Change","Designated",,,"0.16165595","181.5938191192393","1616.5594850871512"
"949","Silver River Wilderness Area","Wilderness Area, Land Trust",,"Nature Conservancy of Canada","NS Environment and Climate Change, Nature Conservancy of Canada","Designated",,,"221.25245981","11900.984547939106","2212524.5980841657"
"950","Carleton River Conservation Lands","Land Trust or Conservation Easement",,"Nature Conservancy of Canada","Nature Conservancy of Canada","Considered protected",,,"27.85168811","3180.549124822746","278516.8811012888"
"951","CRK Allen Conservation Lands","Land Trust or Conservation Easement",,"Tusket River Environmental Protection Association","Tusket River Environmental Protection Association","Considered protected",,,"11.78878888","2227.4355282491906","117887.88880018213"
"952","Kingsburg Pond Conservation Lands","Land Trust or Conservation Easement",,"Kingsburg Coastal Conservancy","Kingsburg Coastal Conservancy","Considered protected",,,"0.38275132","403.2173119396101","3827.5132001301768"
"953","Kingsburg Pond Conservation Lands","Land Trust or Conservation Easement",,"Kingsburg Coastal Conservancy","Kingsburg Coastal Conservancy","Considered protected",,,"0.95994238","461.9348229603462","9599.423750025426"
"954","Kingsburg Pond Conservation Lands","Land Trust or Conservation Easement",,"Kingsburg Coastal Conservancy","Kingsburg Coastal Conservancy","Considered protected",,,"0.62489823","393.76148080776824","6248.982349936756"
"955","Kingsburg Pond Conservation Lands","Land Trust or Conservation Easement",,"Kingsburg Coastal Conservancy","Kingsburg Coastal Conservancy","Considered protected",,,"0.35674877","353.08154674374026","3567.487700013705"
"956","Kingsburg Pond Conservation Lands","Land Trust or Conservation Easement",,"Kingsburg Coastal Conservancy","Kingsburg Coastal Conservancy","Considered protected",,,"0.14794077","235.64554826067217","1479.4076999777976"
"957","Kingsburg Pond Conservation Lands","Land Trust or Conservation Easement",,"Kingsburg Coastal Conservancy","Kingsburg Coastal Conservancy","Considered protected",,,"0.82828721","496.9873136268336","8282.872099943184"
"958","Kingsburg Pond Conservation Lands","Land Trust or Conservation Easement",,"Kingsburg Coastal Conservancy","Kingsburg Coastal Conservancy","Considered protected",,,"0.08601713","275.8401826174629","860.1713499995858"
"959","Lime Hill Conservation Lands","Land Trust or Conservation Easement",,"Nova Scotia Nature Trust","Nova Scotia Nature Trust","Considered protected",,,"3.79913874","1043.4178806165996","37991.38740005141"
"960","Barneys River Nature Reserve","Nature Reserve",,"NS Environment and Climate Change","NS Environment and Climate Change","Designated",,,"566.88350177","19522.879614957244","5668835.017677819"
"961","Big Meadow Brook Nature Reserve","Nature Reserve",,"NS Environment and Climate Change","NS Environment and Climate Change","Designated",,,"283.59647195","14753.402509774078","2835964.7194670397"
"962","Les Caps Nature Reserve","Nature Reserve",,"NS Environment and Climate Change","NS Environment and Climate Change","Designated",,,"21.91609941","3293.40909704625","219160.99413305748"
"963","Chignecto Isthmus Wilderness Area","Wilderness Area",,"Town of Amherst","NS Environment and Climate Change, Town of Amherst","Designated",,,"963.27122641","23422.064545684796","9632712.264060244"
"964","Eigg Mountain - James River Wilderness Area","Wilderness Area",,"Town of Antigonish","NS Environment and Climate Change, Town of Antigonish","Designated",,,"1.16256381","658.1294419584565","11625.638123156496"
"965","Eigg Mountain - James River Wilderness Area","Wilderness Area",,"Town of Antigonish","NS Environment and Climate Change, Town of Antigonish","Designated",,,"1333.92704234","63156.039986250114","13339270.423438577"
"966","Alder Ground Wilderness Area","Wilderness Area",,"NS Environment and Climate Change","NS Environment and Climate Change","Designated",,,"753.6877957","23288.314248026585","7536877.9569504"
"967","Alder Ground Wilderness Area","Wilderness Area",,"NS Environment and Climate Change","NS Environment and Climate Change","Designated",,,"489.07870987","9026.848790697779","4890787.098660367"
"968","Angevine Lake Nature Reserve","Nature Reserve",,"NS Environment and Climate Change","NS Environment and Climate Change","Designated",,,"270.78133168","15469.022901774317","2707813.3168431586"
"969","Archibald Conservation Lands","Land Trust or Conservation Easement",,"Nova Scotia Nature Trust","Nova Scotia Nature Trust","Considered protected",,,"5.88370181","1272.1067890067013","58837.01810327366"
"970","Ashfield Nature Reserve","Nature Reserve",,"NS Environment and Climate Change","NS Environment and Climate Change","Designated",,,"40.30915289","2613.7144049723","403091.5289228553"
"971","Atlantic Coastal Plain Flora Conservation Lands","Land Trust or Conservation Easement",,"Nature Conservancy of Canada","Nature Conservancy of Canada","Considered protected",,,"29.3186572","2222.6264445375546","293186.5719505656"
"972","Abraham Lake Nature Reserve","Nature Reserve, Land Trust",,"Nature Conservancy of Canada","NS Environment and Climate Change, Nature Conservancy of Canada","Designated",,,"182.3004926","16442.111003784543","1823004.9260019604"
"973","Abraham Lake Nature Reserve","Nature Reserve, Land Trust",,"Nature Conservancy of Canada","NS Environment and Climate Change, Nature Conservancy of Canada","Designated",,,"138.40530026","5645.280480832858","1384053.002644624"
"974","A.M. Sandy Cameron Conservation Lands","Land Trust or Conservation Easement",,"Nova Scotia Nature Trust","Nova Scotia Nature Trust","Considered protected",,,"9.47053628","1390.3853370769898","94705.36284997183"
"975","A.M. Sandy Cameron Conservation Lands","Land Trust or Conservation Easement",,"Nova Scotia Nature Trust","Nova Scotia Nature Trust","Considered protected",,,"5.18005066","1065.1810334478819","51800.506550239166"
"976","A.M. Sandy Cameron Conservation Lands","Land Trust or Conservation Easement",,"Nova Scotia Nature Trust","Nova Scotia Nature Trust","Considered protected",,,"4.3605172","982.4653684105257","43605.17200004721"
"977","A.M. Sandy Cameron Conservation Lands","Land Trust or Conservation Easement",,"Nova Scotia Nature Trust","Nova Scotia Nature Trust","Considered protected",,,"0.04519876","191.89629600107517","451.98760001471044"
"978","A.M. Sandy Cameron Conservation Lands","Land Trust or Conservation Easement",,"Nova Scotia Nature Trust","Nova Scotia Nature Trust","Considered protected",,,"1.62569958","559.8178100542302","16256.995849980683"
"979","A.M. Sandy Cameron Conservation Lands","Land Trust or Conservation Easement",,"Nova Scotia Nature Trust","Nova Scotia Nature Trust","Considered protected",,,"16.91012335","1715.0762419542987","169101.23349987846"
"980","Abraham Lake Nature Reserve","Nature Reserve",,"NS Environment and Climate Change","NS Environment and Climate Change","Designated",,,"62.59505527","5311.822104753097","625950.5527000398"
"981","Archibald Lake Wilderness Area","Wilderness Area",,"NS Environment and Climate Change","NS Environment and Climate Change","Designation decision made",,,"687.409553","15018.019206199555","6874095.530027899"
"982","Summerville Conservation Lands","Land Trust or Conservation Easement",,"Ducks Unlimited Canada","Ducks Unlimited Canada","Considered protected",,,"10.795319","1804.574979436505","107953.19004969546"
"983","Athol Conservation Lands","Land Trust or Conservation Easement",,"Ducks Unlimited Canada","Ducks Unlimited Canada","Considered protected",,,"13.57469354","1808.8680780749617","135746.93537742307"
"984","Upper Granville Conservation Lands","Land Trust or Conservation Easement",,"Ducks Unlimited Canada","Ducks Unlimited Canada","Considered protected",,,"16.47436053","1868.1886878796481","164743.605300138"
"985","Upper Granville Conservation Lands","Land Trust or Conservation Easement",,"Ducks Unlimited Canada","Ducks Unlimited Canada","Considered protected",,,"12.91575745","1631.7038629346112","129157.57450042121"
"986","Victoria Vale Conservation Lands","Land Trust or Conservation Easement",,"Ducks Unlimited Canada","Ducks Unlimited Canada","Considered protected",,,"4.28706492","934.4854772689365","42870.64919994147"
"987","Tidnish Conservation Lands","Land Trust or Conservation Easement",,"Ducks Unlimited Canada","Ducks Unlimited Canada","Considered protected",,,"2.99755993","1272.8832825231225","29975.599250007"
"988","Barronsfield Conservation Lands","Land Trust or Conservation Easement",,"Ducks Unlimited Canada","Ducks Unlimited Canada","Considered protected",,,"18.71501732","2628.00652959995","187150.17324973954"
"989","Amherst Point Conservation Lands","Land Trust or Conservation Easement",,"Ducks Unlimited Canada","Ducks Unlimited Canada","Considered protected",,,"26.53482842","2779.5984081515953","265348.28419999825"
"990","Tidal View Marsh Conservation Lands","Land Trust or Conservation Easement",,"Ducks Unlimited Canada","Ducks Unlimited Canada","Considered protected",,,"1.10390282","598.9557493481375","11039.028200013916"
"991","Sullivan Marsh Conservation Lands","Land Trust or Conservation Easement",,"Ducks Unlimited Canada","Ducks Unlimited Canada","Considered protected",,,"3.22495458","1052.7143123427281","32249.545750133053"
"992","Sullivan Marsh Conservation Lands","Land Trust or Conservation Easement",,"Ducks Unlimited Canada","Ducks Unlimited Canada","Considered protected",,,"4.38343664","1044.6886744057965","43834.36639986319"
"993","Morrison Lake Conservation Lands","Land Trust or Conservation Easement",,"Ducks Unlimited Canada","Ducks Unlimited Canada","Considered protected",,,"10.96714781","2214.3591690631665","109671.47809990846"
"994","Morrison Lake Conservation Lands","Land Trust or Conservation Easement",,"Ducks Unlimited Canada","Ducks Unlimited Canada","Considered protected",,,"12.63550351","2172.8746766610134","126355.03510014687"
"995","Morrison Lake Conservation Lands","Land Trust or Conservation Easement",,"Ducks Unlimited Canada","Ducks Unlimited Canada","Considered protected",,,"33.6848336","3018.739343187618","336848.33604995976"
"996","Wallace Bay Conservation Lands","Land Trust or Conservation Easement",,"Ducks Unlimited Canada","Ducks Unlimited Canada","Considered protected",,,"5.48218781","1187.1729903462528","54821.87805003776"
"997","Athol Conservation Lands","Land Trust or Conservation Easement",,"Ducks Unlimited Canada","Ducks Unlimited Canada","Considered protected",,,"14.59743223","3311.10891312189","145974.3223039306"
"998","Welsh Road Conservation Lands","Land Trust or Conservation Easement",,"Ducks Unlimited Canada","Ducks Unlimited Canada","Considered protected",,,"72.94448353","4910.980668329788","729444.8352984696"
"999","Conrod Beach Road Conservation Lands","Land Trust or Conservation Easement",,"Ducks Unlimited Canada","Ducks Unlimited Canada","Considered protected",,,"3.68260793","955.8688778242918","36826.07931833318"
"1000","West Petpeswick Conservation Lands","Land Trust or Conservation Easement",,"Ducks Unlimited Canada","Ducks Unlimited Canada","Considered protected",,,"2.69319999","1002.6845429115442","26931.999856534316"
"1001","West Petpeswick Conservation Lands","Land Trust or Conservation Easement",,"Ducks Unlimited Canada","Ducks Unlimited Canada","Considered protected",,,"3.2864146","1084.1516957305164","32864.14604283869"
"1002","West Petpeswick Conservation Lands","Land Trust or Conservation Easement",,"Ducks Unlimited Canada","Ducks Unlimited Canada","Considered protected",,,"2.47686502","864.6109250537519","24768.65019406077"
"1003","West Petpeswick Conservation Lands","Land Trust or Conservation Easement",,"Ducks Unlimited Canada","Ducks Unlimited Canada","Considered protected",,,"0.50061224","288.0613879863867","5006.122425516197"
"1004","West Petpeswick Conservation Lands","Land Trust or Conservation Easement",,"Ducks Unlimited Canada","Ducks Unlimited Canada","Considered protected",,,"1.07732144","476.8406173634307","10773.214365603257"
"1005","Melbourne Conservation Lands","Land Trust or Conservation Easement",,"Ducks Unlimited Canada","Ducks Unlimited Canada","Considered protected",,,"27.34651195","2633.2100778725016","273465.1195251222"
"1006","Upper Port LaTour Conservation Lands","Land Trust or Conservation Easement",,"Ducks Unlimited Canada","Ducks Unlimited Canada","Considered protected",,,"9.37610283","2061.1815213318637","93761.02831482948"
"1007","Argyle Head Conservation Lands","Land Trust or Conservation Easement",,"Ducks Unlimited Canada","Ducks Unlimited Canada","Considered protected",,,"13.77543251","1936.6752195426393","137754.32506210587"
"1008","Argyle Head Conservation Lands","Land Trust or Conservation Easement",,"Ducks Unlimited Canada","Ducks Unlimited Canada","Considered protected",,,"100.79684673","5686.302872804388","1007968.4673014162"
"1009","Argyle Head Conservation Lands","Land Trust or Conservation Easement",,"Ducks Unlimited Canada","Ducks Unlimited Canada","Considered protected",,,"13.34869169","1795.316829882667","133486.9168973789"
"1010","Argyle Head Conservation Lands","Land Trust or Conservation Easement",,"Ducks Unlimited Canada","Ducks Unlimited Canada","Considered protected",,,"1.56989631","1427.122596339455","15698.963122795572"
"1011","Argyle Head Conservation Lands","Land Trust or Conservation Easement",,"Ducks Unlimited Canada","Ducks Unlimited Canada","Considered protected",,,"20.17583629","2796.855510775412","201758.3628913591"
"1012","Argyle Head Conservation Lands","Land Trust or Conservation Easement",,"Ducks Unlimited Canada","Ducks Unlimited Canada","Considered protected",,,"13.34881657","2040.7700469864926","133488.16568740152"
"1013","Argyle Head Conservation Lands","Land Trust or Conservation Easement",,"Ducks Unlimited Canada","Ducks Unlimited Canada","Considered protected",,,"4.72510847","1065.7464902551756","47251.0846897846"
"1014","Argyle Head Conservation Lands","Land Trust or Conservation Easement",,"Ducks Unlimited Canada","Ducks Unlimited Canada","Considered protected",,,"13.11482694","1977.6643811779813","131148.2693975086"
"1015","Argyle Conservation Lands","Land Trust or Conservation Easement",,"Ducks Unlimited Canada","Ducks Unlimited Canada","Considered protected",,,"30.0093944","2663.114800605889","300093.9440402127"
"1016","Centreville Conservation Lands","Land Trust or Conservation Easement",,"Ducks Unlimited Canada","Ducks Unlimited Canada","Considered protected",,,"18.51006662","4991.995114990166","185100.6662408543"
"1017","Cheverie Conservation Lands","Land Trust or Conservation Easement",,"Ducks Unlimited Canada","Ducks Unlimited Canada","Considered protected",,,"6.52913347","1379.687302929536","65291.334699627754"
"1018","Fort Lawrence Conservation Lands","Land Trust or Conservation Easement",,"Ducks Unlimited Canada","Ducks Unlimited Canada","Considered protected",,,"2.14145123","625.4182130507087","21414.512298119687"
"1019","Fort Lawrence Conservation Lands","Land Trust or Conservation Easement",,"Ducks Unlimited Canada","Ducks Unlimited Canada","Considered protected",,,"3.47100775","830.4420196701109","34710.0775116254"
"1020","Fort Lawrence Conservation Lands","Land Trust or Conservation Easement",,"Ducks Unlimited Canada","Ducks Unlimited Canada","Considered protected",,,"13.46847696","2667.3463431842306","134684.76956530477"
"1021","Fort Lawrence Conservation Lands","Land Trust or Conservation Easement",,"Ducks Unlimited Canada","Ducks Unlimited Canada","Considered protected",,,"3.16051672","829.911927166552","31605.16724535853"
"1022","Fort Lawrence Conservation Lands","Land Trust or Conservation Easement",,"Ducks Unlimited Canada","Ducks Unlimited Canada","Considered protected",,,"9.98356447","1403.0100280053703","99835.64471638358"
"1023","Fort Lawrence Conservation Lands","Land Trust or Conservation Easement",,"Ducks Unlimited Canada","Ducks Unlimited Canada","Considered protected",,,"61.99470023","6414.67336560109","619947.002293007"
"1024","Lower Burlington Conservation Lands","Land Trust or Conservation Easement",,"Ducks Unlimited Canada","Ducks Unlimited Canada","Considered protected",,,"3.44246208","867.7502706293519","34424.620763578154"
"1025","Melbourne Conservation Lands","Land Trust or Conservation Easement",,"Ducks Unlimited Canada","Ducks Unlimited Canada","Considered protected",,,"6.75761513","2225.0548389930273","67576.15134458877"
"1026","Otter Brook Conservation Lands","Land Trust or Conservation Easement",,"Ducks Unlimited Canada","Ducks Unlimited Canada","Considered protected",,,"82.19349812","6646.286232147054","821934.9811810558"
"1027","Stillwater Conservation Lands","Land Trust or Conservation Easement",,"Ducks Unlimited Canada","Ducks Unlimited Canada","Considered protected",,,"16.50483471","1806.3449786712836","165048.3471277915"
"1028","Stillwater Conservation Lands","Land Trust or Conservation Easement",,"Ducks Unlimited Canada","Ducks Unlimited Canada","Considered protected",,,"7.89725165","1179.155632180389","78972.51652608256"
"1029","Summerville Conservation Lands","Land Trust or Conservation Easement",,"Ducks Unlimited Canada","Ducks Unlimited Canada","Considered protected",,,"14.42535958","1894.8048651143163","144253.59580635937"
"1030","St. Margarets Bay Islands Nature Reserve","Nature Reserve, Conservation Easement",,"NS Environment and Climate Change","Nova Scotia Environment and Climate Change, Nova Scotia Nature Trust","Designated",,,"2.42449203","781.3979912262848","24244.920256082154"
"1031","St. Margarets Bay Islands Nature Reserve","Nature Reserve",,"NS Environment and Climate Change","Nova Scotia Environment and Climate Change","Designated",,,"55.40447686","8083.0557666589275","554044.7685939113"
"1032","Little Harbour Conservation Lands","Land Trust or Conservation Easement",,"Nova Scotia Nature Trust","Nova Scotia Nature Trust","Considered protected",,,"50.98970219","6024.7815681655675","509897.02189992537"
"1033","Little Harbour Conservation Lands","Land Trust or Conservation Easement",,"Nova Scotia Nature Trust","Nova Scotia Nature Trust","Considered protected",,,"117.92321115","5191.684809565259","1179232.1114505127"
"1034","Acaciaville Conservation Lands","Land Trust or Conservation Easement",,"Nova Scotia Nature Trust","Nova Scotia Nature Trust","Considered protected",,,"41.40588721","5330.825371045954","414058.8721499494"
"1035","Acaciaville Conservation Lands","Land Trust or Conservation Easement",,"Nova Scotia Nature Trust","Nova Scotia Nature Trust","Considered protected",,,"0.54652079","304.9018832376259","5465.207949956175"
"1036","Prices Island Conservation Lands","Land Trust or Conservation Easement",,"Nova Scotia Nature Trust","Nova Scotia Nature Trust","Considered protected",,,"20.82759038","2114.4236118060144","208275.903750073"
"1037","Prices Island Conservation Lands","Land Trust or Conservation Easement",,"Nova Scotia Nature Trust","Nova Scotia Nature Trust","Considered protected",,,"55.36166106","8087.6430144820715","553616.6105998008"
"1038","Harbour Island Conservation Lands","Land Trust or Conservation Easement",,"Nova Scotia Nature Trust","Nova Scotia Nature Trust","Considered protected",,,"79.01010486","6486.63583876875","790101.0485500308"
"1039","North Highlands Conservation Lands","Land Trust or Conservation Easement",,"Nova Scotia Nature Trust","Nova Scotia Nature Trust","Considered protected",,,"6.18218279","1331.359317791616","61821.827900098535"
"1040","North Highlands Conservation Lands","Land Trust or Conservation Easement",,"Nova Scotia Nature Trust","Nova Scotia Nature Trust","Considered protected",,,"56.39497033","3612.7230129035984","563949.7032998418"
"1041","North Highlands Conservation Lands","Land Trust or Conservation Easement",,"Nova Scotia Nature Trust","Nova Scotia Nature Trust","Considered protected",,,"28.44391058","2164.730964866234","284439.105799974"
"1042","North Highlands Conservation Lands","Land Trust or Conservation Easement",,"Nova Scotia Nature Trust","Nova Scotia Nature Trust","Considered protected",,,"12.14708814","1485.2494134804515","121470.88139989533"
"1043","North Highlands Conservation Lands","Land Trust or Conservation Easement",,"Nova Scotia Nature Trust","Nova Scotia Nature Trust","Considered protected",,,"27.62298153","2267.915893546515","276229.8153496326"
"1044","Green Island Conservation Lands","Land Trust or Conservation Easement",,"Nova Scotia Nature Trust","Nova Scotia Nature Trust","Considered protected",,,"0.40663918","264.7141796856385","4066.3917500022453"
"1045","Sheep Islands Conservation Lands","Land Trust or Conservation Easement",,"Nova Scotia Nature Trust","Nova Scotia Nature Trust","Considered protected",,,"5.88586507","1120.8769483264693","58858.650749998225"
"1046","Sheep Islands Conservation Lands","Land Trust or Conservation Easement",,"Nova Scotia Nature Trust","Nova Scotia Nature Trust","Considered protected",,,"1.10297506","417.0355154316658","11029.750599979554"
"1047","Sheep Islands Conservation Lands","Land Trust or Conservation Easement",,"Nova Scotia Nature Trust","Nova Scotia Nature Trust","Considered protected",,,"1.90802975","569.1182269319875","19080.297549980358"
"1048","Spectacle Islands Conservation Lands","Land Trust or Conservation Easement",,"Nova Scotia Nature Trust","Nova Scotia Nature Trust","Considered protected",,,"9.95395986","2084.6816615147964","99539.59855011497"
"1049","Peases Island Conservation Lands","Land Trust or Conservation Easement",,"Nova Scotia Nature Trust","Nova Scotia Nature Trust","Considered protected",,,"10.90087822","3066.0317281836556","109008.7821999459"
"1050","Spectacle Islands Conservation Lands","Land Trust or Conservation Easement",,"Nova Scotia Nature Trust","Nova Scotia Nature Trust","Considered protected",,,"14.67752759","1666.14025302497","146775.2759000075"
"1051","Cape Negro Island Conservation Lands","Land Trust or Conservation Easement",,"Nova Scotia Nature Trust","Nova Scotia Nature Trust","Considered protected",,,"316.67613912","13084.624642565144","3166761.3911506734"
"1052","Acaciaville Conservation Lands","Land Trust or Conservation Easement",,"Nova Scotia Nature Trust","Nova Scotia Nature Trust","Considered protected",,,"16.65566418","1804.68589250294","166556.64179991776"
"1053","Purcells Cove Conservation Lands","Land Trust or Conservation Easement",,"Nova Scotia Nature Trust","Nova Scotia Nature Trust","Considered protected",,,"2.39142912","2193.393811250042","23914.29119946626"
"1054","Deep Brook Bog Conservation Lands","Land Trust or Conservation Easement",,"Nova Scotia Nature Trust","Nova Scotia Nature Trust","Considered protected",,,"0.02354734","77.61403648291468","235.47344998135904"
"1055","Maskells Harbour Conservation Lands","Land Trust or Conservation Easement",,"Nova Scotia Nature Trust","Nova Scotia Nature Trust","Considered protected",,,"2.05487449","635.4280362652177","20548.744899930545"
"1056","Deep Brook Bog Conservation Lands","Land Trust or Conservation Easement",,"Nova Scotia Nature Trust","Nova Scotia Nature Trust","Considered protected",,,"16.23770874","2240.80128183361","162377.08735012554"
"1057","Knob and Round Islands Conservation Lands","Land Trust or Conservation Easement",,"Nova Scotia Nature Trust","Nova Scotia Nature Trust","Considered protected",,,"1.31745728","472.41022405146816","13174.572750036017"
"1058","Knob and Round Islands Conservation Lands","Land Trust or Conservation Easement",,"Nova Scotia Nature Trust","Nova Scotia Nature Trust","Considered protected",,,"2.43833613","584.8190496520167","24383.36130002567"
"1059","Haley Lake Conservation Lands","Land Trust or Conservation Easement",,"Nature Conservancy of Canada","Nature Conservancy of Canada","Considered protected",,,"115.5489494","5928.892201549606","1155489.4939509253"
"1060","Haley Lake Conservation Lands","Land Trust or Conservation Easement",,"Nature Conservancy of Canada","Nature Conservancy of Canada","Considered protected",,,"176.70354358","6873.2389042195055","1767035.4358002048"
"1061","Haley Lake Conservation Lands","Land Trust or Conservation Easement",,"Nature Conservancy of Canada","Nature Conservancy of Canada","Considered protected",,,"117.42834887","6931.989677588583","1174283.4886976727"
"1062","Haley Lake Conservation Lands","Land Trust or Conservation Easement",,"Nature Conservancy of Canada","Nature Conservancy of Canada","Considered protected",,,"141.96664668","7326.716273028096","1419666.4668030404"
"1063","Haley Lake Conservation Lands","Land Trust or Conservation Easement",,"Nature Conservancy of Canada","Nature Conservancy of Canada","Considered protected",,,"22.12514147","3407.0188476466205","221251.41465120303"
"1064","Haley Lake Conservation Lands","Land Trust or Conservation Easement",,"Nature Conservancy of Canada","Nature Conservancy of Canada","Considered protected",,,"0.84019006","516.6512188852654","8401.900599990926"
"1065","Haley Lake Conservation Lands","Land Trust or Conservation Easement",,"Nature Conservancy of Canada","Nature Conservancy of Canada","Considered protected",,,"31.19024921","3375.808226761421","311902.49209907954"
"1066","Haley Lake Conservation Lands","Land Trust or Conservation Easement",,"Nature Conservancy of Canada","Nature Conservancy of Canada","Considered protected",,,"0.13663929","272.5681183151946","1366.3928999855045"
"1067","Upper Ohio Conservation Lands","Land Trust or Conservation Easement",,"Nature Conservancy of Canada","Nature Conservancy of Canada","Considered protected",,,"27.25513756","2544.137548510004","272551.37559978093"
"1068","Carleton River Conservation Lands","Land Trust or Conservation Easement",,"Nature Conservancy of Canada","Nature Conservancy of Canada","Considered protected",,,"86.79963583","4779.0167261372","867996.3582993761"
"1069","Chignecto Isthmus Conservation Lands","Land Trust or Conservation Easement",,"Nature Conservancy of Canada","Nature Conservancy of Canada","Considered protected",,,"28.65438373","2181.0961833129522","286543.8373495278"
"1070","Chignecto Isthmus Conservation Lands","Land Trust or Conservation Easement",,"Nature Conservancy of Canada","Nature Conservancy of Canada","Considered protected",,,"53.55057835","4563.458308660152","535505.783450419"
"1071","Chignecto Isthmus Conservation Lands","Land Trust or Conservation Easement",,"Nature Conservancy of Canada","Nature Conservancy of Canada","Considered protected",,,"22.12897566","1921.7144722525773","221289.75655011946"
"1072","Mattatall Lake Conservation Lands","Land Trust or Conservation Easement",,"Nature Conservancy of Canada","Nature Conservancy of Canada","Considered protected",,,"37.0983106","4091.782043124303","370983.1059999129"
"1073","Chimney Corner Conservation Lands","Land Trust or Conservation Easement",,"Nature Conservancy of Canada","Nature Conservancy of Canada","Considered protected",,,"43.35669368","3216.419934152332","433566.93675016705"
"1074","Chimney Corner Conservation Lands","Land Trust or Conservation Easement",,"Nature Conservancy of Canada","Nature Conservancy of Canada","Considered protected",,,"55.10350212","3158.704392935702","551035.0212499193"
"1075","Beinn Scalpie Conservation Lands","Land Trust or Conservation Easement",,"Nature Conservancy of Canada","Nature Conservancy of Canada","Considered protected",,,"5.17616197","1194.811286889211","51761.619749727906"
"1076","Beinn Scalpie Conservation Lands","Land Trust or Conservation Easement",,"Nature Conservancy of Canada","Nature Conservancy of Canada","Considered protected",,,"5.65859511","1265.041225681704","56585.95105020341"
"1077","Clyde River Conservation Lands","Land Trust or Conservation Easement",,"Nature Conservancy of Canada","Nature Conservancy of Canada","Considered protected",,,"415.95603541","14187.022059786086","4159560.3540992197"
"1078","Allain River Marsh Conservation Lands","Land Trust or Conservation Easement",,"Ducks Unlimited Canada","Ducks Unlimited Canada","Considered protected",,,"1.22285935","527.0291612658258","12228.593450074393"
"1079","Charlesville Conservation Lands","Land Trust or Conservation Easement",,"Ducks Unlimited Canada","Ducks Unlimited Canada","Considered protected",,,"27.80786909","2563.7807609791716","278078.69089988805"
"1080","Allain River Marsh Conservation Lands","Land Trust or Conservation Easement",,"Ducks Unlimited Canada","Ducks Unlimited Canada","Considered protected",,,"2.20550527","637.8118408174995","22055.05274996766"
"1081","McLeans Lake Conservation Lands","Land Trust or Conservation Easement",,"Ducks Unlimited Canada","Ducks Unlimited Canada","Considered protected",,,"161.35408171","7483.379637720465","1613540.8171011594"
"1082","Black Brook Conservation Lands","Land Trust or Conservation Easement",,"Ducks Unlimited Canada","Ducks Unlimited Canada","Considered protected",,,"20.54420098","2450.8739592825286","205442.0098498764"
"1083","Stanley Conservation Lands","Land Trust or Conservation Easement",,"Ducks Unlimited Canada","Ducks Unlimited Canada","Considered protected",,,"8.54212802","2131.9306988903772","85421.28015004651"
"1084","Gaetz Conservation Lands","Land Trust or Conservation Easement",,"Ducks Unlimited Canada","Ducks Unlimited Canada","Considered protected",,,"123.67431359","5131.647118592681","1236743.1358509895"
"1085","Stanley Conservation Lands","Land Trust or Conservation Easement",,"Ducks Unlimited Canada","Ducks Unlimited Canada","Considered protected",,,"61.95176392","3557.832076829218","619517.6391504854"
"1086","Simsons Corner Conservation Lands","Land Trust or Conservation Easement",,"Ducks Unlimited Canada","Ducks Unlimited Canada","Considered protected",,,"78.5833587","5015.024837381354","785833.5870003244"
"1087","Simsons Corner Conservation Lands","Land Trust or Conservation Easement",,"Ducks Unlimited Canada","Ducks Unlimited Canada","Considered protected",,,"72.65431017","4383.218957270999","726543.1017499848"
"1088","Lime Hill Conservation Lands","Land Trust or Conservation Easement",,"Nova Scotia Nature Trust","Nova Scotia Nature Trust","Considered protected",,,"0.06397137","136.33656664844477","639.7136500228405"
"1089","Partridge Island Conservation Lands","Land Trust or Conservation Easement",,"Acadia University","Nova Scotia Nature Trust","Considered protected",,,"19.79705598","2417.4753694190185","197970.55980001247"
"1090","Bon Portage Conservation Lands","Land Trust or Conservation Easement",,"Acadia University","Nova Scotia Nature Trust","Considered protected",,,"136.2220783","10035.695328172033","1362220.7830499918"
"1091","Wolfville Watershed Nature Preserve","Land Trust or Conservation Easement",,"Town of Wolfville","Nova Scotia Nature Trust and Town of Wolfville","Considered protected",,,"237.94509662","8541.38377867094","2379450.9661659766"
"1092","Long Lake Bog Nature Reserve","Nature Reserve",,"NS Environment and Climate Change","Nova Scotia Environment and Climate Change","Designation decision made",,,"726.25786873","31319.278409111535","7262578.687317871"
"1093","Mulgrave Hills Nature Reserve","Nature Reserve",,"NS Environment and Climate Change","Nova Scotia Environment and Climate Change","Designation decision made",,,"247.48889338","6778.499026172021","2474888.933753303"
"1094","Fourchu Coast Wilderness Area","Wilderness Area",,"NS Environment and Climate Change","Nova Scotia Environment and Climate Change","Designation decision made",,,"10.66786086","2380.29800732586","106678.60855001338"
"1095","Point Michaud Nature Reserve","Nature Reserve",,"NS Environment and Climate Change","Nova Scotia Environment and Climate Change","Designation decision made",,,"309.2287771","12424.236882512752","3092287.7710093735"
"1096","Island Lake Wilderness Area","Wilderness Area",,"NS Environment and Climate Change","Nova Scotia Environment and Climate Change","Designation decision made",,,"3916.72891594","125158.53494833314","39167289.159377836"
"1097","Fourchu Coast Wilderness Area","Wilderness Area",,"NS Environment and Climate Change","Nova Scotia Environment and Climate Change","Designation decision made",,,"1.68722335","597.1897585833685","16872.233500140417"
"1098","Fourchu Coast Wilderness Area","Wilderness Area",,"NS Environment and Climate Change","Nova Scotia Environment and Climate Change","Designation decision made",,,"15.39197615","1645.8463927806247","153919.76149993058"
"1099","Ogden Round Lake Wilderness Area","Wilderness Area",,"NS Environment and Climate Change","Nova Scotia Environment and Climate Change","Designation decision made",,,"135.26351809","7908.774217871139","1352635.180944122"
"1100","Tobacco Island Nature Reserve","Nature Reserve",,"NS Environment and Climate Change","Nova Scotia Environment and Climate Change","Designation decision made",,,"9.28879698","2672.9414195173936","92887.9697994227"
"1101","Big Plains Wilderness Area","Wilderness Area",,"NS Environment and Climate Change","Nova Scotia Environment and Climate Change","Designation decision made",,,"2118.24536825","32928.6927476702","21182453.68249538"
"1102","Fourchu Coast Wilderness Area","Wilderness Area",,"NS Environment and Climate Change","Nova Scotia Environment and Climate Change","Designation decision made",,,"26.20497228","3750.855282672529","262049.72276789637"
"1103","Fourchu Coast Wilderness Area","Wilderness Area",,"NS Environment and Climate Change","Nova Scotia Environment and Climate Change","Designation decision made",,,"21.9331456","2032.9969663187169","219331.45604965056"
"1104","Guysborough Headlands Wilderness Area","Wilderness Area",,"NS Environment and Climate Change","Nova Scotia Environment and Climate Change","Designation decision made",,,"3012.55245526","94588.46508821785","30125524.55256715"
"1105","Cap La Ronde Nature Reserve","Nature Reserve",,"NS Environment and Climate Change","Nova Scotia Environment and Climate Change","Designation decision made",,,"72.98575187","14529.224200092109","729857.5187223782"
"1106","Fourchu Coast Wilderness Area","Wilderness Area",,"NS Environment and Climate Change","Nova Scotia Environment and Climate Change","Designation decision made",,,"16.80411829","5789.331502060866","168041.1828759267"
"1107","Fourchu Coast Wilderness Area","Wilderness Area",,"NS Environment and Climate Change","Nova Scotia Environment and Climate Change","Designation decision made",,,"29.42334357","2256.44754781542","294233.43565008754"
"1108","Fourchu Coast Wilderness Area","Wilderness Area",,"NS Environment and Climate Change","Nova Scotia Environment and Climate Change","Designation decision made",,,"31.21286061","2719.1205125812885","312128.606050058"
"1109","Douglas Meadow Brook Wilderness Area","Wilderness Area",,"NS Environment and Climate Change","Nova Scotia Environment and Climate Change","Designation decision made",,,"638.31395454","19926.41754509038","6383139.545397479"
"1110","Devils Jaw Wilderness Area","Wilderness Area",,"NS Environment and Climate Change","Nova Scotia Environment and Climate Change","Designation decision made",,,"37.57244889","2490.8774083500866","375724.4889133574"
"1111","Harpers Lake Nature Reserve","Nature Reserve",,"NS Environment and Climate Change","Nova Scotia Environment and Climate Change","Designation decision made",,,"395.80084659","30724.156741545412","3958008.4659059476"
"1112","Minard Brook Nature Reserve","Nature Reserve",,"NS Environment and Climate Change","Nova Scotia Environment and Climate Change","Designation decision made",,,"83.51367139","4149.420928382103","835136.7139183319"
"1113","South Panuke Wilderness Area","Wilderness Area",,"NS Environment and Climate Change","Nova Scotia Environment and Climate Change","Designation decision made",,,"348.57777576","16125.232084059608","3485777.757649945"
"1114","Fourchu Coast Wilderness Area","Wilderness Area",,"NS Environment and Climate Change","Nova Scotia Environment and Climate Change","Designation decision made",,,"46.48043859","3582.8398105510314","464804.3859498375"
"1115","Gully Lake Wilderness Area","Wilderness Area",,"NS Environment and Climate Change","Nova Scotia Environment and Climate Change","Designation decision made",,,"174.29827989","8025.856610334595","1742982.7989173832"
"1116","Liscomb River Wilderness Area","Wilderness Area",,"NS Environment and Climate Change","Nova Scotia Environment and Climate Change","Designation decision made",,,"143.87480972","8249.843450019225","1438748.0972095076"
"1117","East River St. Marys Nature Reserve","Nature Reserve",,"NS Environment and Climate Change","Nova Scotia Environment and Climate Change","Designation decision made",,,"36.34946949","1486.1364730105606","52387.212698795105"
"1118","Sugar Harbour Islands Nature Reserve","Nature Reserve",,"NS Environment and Climate Change","Nova Scotia Environment and Climate Change","Designation decision made",,,"38.0828922","9926.00751837921","363494.69490080385"
"1119","Fourchu Coast Wilderness Area","Wilderness Area",,"NS Environment and Climate Change","Nova Scotia Environment and Climate Change","Designation decision made",,,"15.06340471","4724.805897990975","380828.9220040375"
"1120","Blue Mountain - Birch Cove Lakes Wilderness Area","Wilderness Area",,"NS Environment and Climate Change","Nova Scotia Environment and Climate Change","Designation decision made",,,"1037.08962912","1991.8725928053343","150634.04712634676"
"1121","Nine Mile Woods Wilderness Area","Wilderness Area",,"NS Environment and Climate Change","Nova Scotia Environment and Climate Change","Designation decision made",,,"42.45083229","27035.519232271028","10370896.291174173"
"1122","Trout Brook Wilderness Area Addition","Wilderness Area",,"NS Environment and Climate Change","Nova Scotia Environment and Climate Change","Designation decision made",,,"5.23872127","4109.235468306957","424508.3228750844"
"1123","Old Annapolis Road Nature Reserve","Nature Reserve, Wilderness Area",,"NS Environment and Climate Change","Nova Scotia Environment and Climate Change","Designated",,,"20.07625312","2995.9388423049395","200762.53120929646"
"1124","Eighteen Mile Brook Nature Reserve","Nature Reserve",,"NS Environment and Climate Change","Nova Scotia Environment and Climate Change","Designated",,,"66.19563346","3498.862708221037","661956.334582272"
"1125","McNabs & Lawlor Island Provincial Park","Provincial Park",,"NS Department of Natural Resources and Renewables","NS Department of Natural Resources and Renewables","Designated",,,"58.23766915","4562.790683126741","582376.6914988339"
"1126","Dunns Beach Provincial Park","Provincial Park",,"NS Department of Natural Resources and Renewables","NS Department of Natural Resources and Renewables","Designated",,,"16.8","3544.916793590227","208732.1418857819"
"1127","Ponys Point Conservation Lands","Land Trust or Conservation Easement",,"Nova Scotia Nature Trust","Nova Scotia Nature Trust","Considered protected",,,"134.22525","12537.258433806885","1342252.5000003548"
"1128","Ponys Point Conservation Lands","Land Trust or Conservation Easement",,"Nova Scotia Nature Trust","Nova Scotia Nature Trust","Considered protected",,,"3.20760172","868.6334384770664","32076.017150092073"
"1129","Ponys Point Conservation Lands","Land Trust or Conservation Easement",,"Nova Scotia Nature Trust","Nova Scotia Nature Trust","Considered protected",,,"1.98852342","603.7064085908089","19885.23419981044"
"1130","Ponys Point Conservation Lands","Land Trust or Conservation Easement",,"Nova Scotia Nature Trust","Nova Scotia Nature Trust","Considered protected",,,"1.820276","560.259170013357","18202.76000016492"
"1131","St. Marys River Conservation Lands","Land Trust or Conservation Easement",,"Nova Scotia Nature Trust","Nova Scotia Nature Trust","Considered protected",,,"3.28296431","777.4468475402512","32829.64309995552"
"1132","Ponys Point Conservation Lands","Land Trust or Conservation Easement",,"Nova Scotia Nature Trust","Nova Scotia Nature Trust","Considered protected",,,"5.98475739","1337.8864977288288","59847.573949876554"
"1133","Ponys Point Conservation Lands","Land Trust or Conservation Easement",,"Nova Scotia Nature Trust","Nova Scotia Nature Trust","Considered protected",,,"5.88296024","1453.6714730534964","58829.60244997412"
"1134","Ponys Point Conservation Lands","Land Trust or Conservation Easement",,"Nova Scotia Nature Trust","Nova Scotia Nature Trust","Considered protected",,,"2.7209967","891.0640449289108","27209.966950062688"
"1135","Ponys Point Conservation Lands","Land Trust or Conservation Easement",,"Nova Scotia Nature Trust","Nova Scotia Nature Trust","Considered protected",,,"3.76600886","960.8023383651336","37660.088649844816"
"1136","Ponys Point Conservation Lands","Land Trust or Conservation Easement",,"Nova Scotia Nature Trust","Nova Scotia Nature Trust","Considered protected",,,"3.69705582","1059.897120898223","36970.55815002374"
"1137","St. Marys River East Conservation Lands","Land Trust or Conservation Easement",,"Nova Scotia Nature Trust","Nova Scotia Nature Trust","Considered protected",,,"9.54974251","1608.0888851502177","95497.42505013979"
"1138","St. Marys River Crows Nest Conservation Lands","Land Trust or Conservation Easement",,"Nova Scotia Nature Trust","Nova Scotia Nature Trust","Considered protected",,,"184.31870662","6600.387541350556","1843187.066200246"
"1139","St. Marys River East Conservation Lands","Land Trust or Conservation Easement",,"Nova Scotia Nature Trust","Nova Scotia Nature Trust","Considered protected",,,"16.70861984","1824.9971457306294","167086.19839989825"
"1140","St. Marys River East Conservation Lands","Land Trust or Conservation Easement",,"Nova Scotia Nature Trust","Nova Scotia Nature Trust","Considered protected",,,"1.96092515","587.4434872657355","19609.251500032035"
"1141","Ponys Point Conservation Lands","Land Trust or Conservation Easement",,"Nova Scotia Nature Trust","Nova Scotia Nature Trust","Considered protected",,,"4.04132152","971.69981786551","40413.215249814704"
"1142","Ponys Point Conservation Lands","Land Trust or Conservation Easement",,"Nova Scotia Nature Trust","Nova Scotia Nature Trust","Considered protected",,,"2.54039919","981.9855530699349","25403.99185023829"
"1143","Ponys Point Conservation Lands","Land Trust or Conservation Easement",,"Nova Scotia Nature Trust","Nova Scotia Nature Trust","Considered protected",,,"2.11882725","706.8417941515942","21188.2725001461"
"1144","Ponys Point Conservation Lands","Land Trust or Conservation Easement",,"Nova Scotia Nature Trust","Nova Scotia Nature Trust","Considered protected",,,"0.4677611","339.41257340253844","4677.610950036624"
"1145","Toymakers Marsh Conservation Lands","Land Trust or Conservation Easement",,"Ducks Unlimited Canada","Ducks Unlimited Canada","Considered protected",,,"16.84336918","1940.8359062581635","168433.6918499756"
"1146","Toymakers Marsh Conservation Lands","Land Trust or Conservation Easement",,"Ducks Unlimited Canada","Ducks Unlimited Canada","Considered protected",,,"1.06950219","546.4581504817451","10695.021903012186"
"1147","Toymakers Marsh Conservation Lands","Land Trust or Conservation Easement",,"Ducks Unlimited Canada","Ducks Unlimited Canada","Considered protected",,,"1.07279604","449.252711862616","10727.960399976117"
"1148","Toymakers Marsh Conservation Lands","Land Trust or Conservation Easement",,"Ducks Unlimited Canada","Ducks Unlimited Canada","Considered protected",,,"0.61412059","359.1312680186477","6141.205854529289"
"1149","Toymakers Marsh Conservation Lands","Land Trust or Conservation Easement",,"Ducks Unlimited Canada","Ducks Unlimited Canada","Considered protected",,,"0.70070224","592.6101486491109","7007.0224321009655"
"1150","Toymakers Marsh Conservation Lands","Land Trust or Conservation Easement",,"Ducks Unlimited Canada","Ducks Unlimited Canada","Considered protected",,,"0.79631654","366.15224688774816","7963.165403973708"
"1151","Toymakers Marsh Conservation Lands","Land Trust or Conservation Easement",,"Ducks Unlimited Canada","Ducks Unlimited Canada","Considered protected",,,"3.46252945","1004.3762377195931","34625.29451446649"
"1152","Toymakers Marsh Conservation Lands","Land Trust or Conservation Easement",,"Ducks Unlimited Canada","Ducks Unlimited Canada","Considered protected",,,"1.21255185","649.3626347052628","12125.518498610163"
"1153","Toymakers Marsh Conservation Lands","Land Trust or Conservation Easement",,"Ducks Unlimited Canada","Ducks Unlimited Canada","Considered protected",,,"0.80910925","683.7232772028502","8091.092500186343"
"1154","Toymakers Marsh Conservation Lands","Land Trust or Conservation Easement",,"Ducks Unlimited Canada","Ducks Unlimited Canada","Considered protected",,,"1.27237004","510.4114408873751","12723.700400000733"
"1155","Toymakers Marsh Conservation Lands","Land Trust or Conservation Easement",,"Ducks Unlimited Canada","Ducks Unlimited Canada","Considered protected",,,"0.77182371","495.89772028900575","7718.237099998007"
"1156","St. Andrews River Conservation Lands","Land Trust or Conservation Easement",,"Ducks Unlimited Canada","Ducks Unlimited Canada","Considered protected",,,"25.87726146","2369.9359716455842","258772.6146001765"
"1157","St. Andrews River Conservation Lands","Land Trust or Conservation Easement",,"Ducks Unlimited Canada","Ducks Unlimited Canada","Considered protected",,,"32.86159169","3227.6402161858928","328615.9169001908"
"1158","Acaciaville Conservation Lands","Land Trust or Conservation Easement",,"Nova Scotia Nature Trust","Nova Scotia Nature Trust","Considered protected",,,"8.64992683","1463.9509932273697","86499.26830007236"
"1159","Porters Lake Conservation Lands","Land Trust or Conservation Easement",,"Nature Conservancy of Canada","Nature Conservancy of Canada","Considered protected",,,"97.12433084","5365.75271608267","971243.3084001994"
"1160","Ponhook Lake Nature Reserve","Nature Reserve",,"NS Environment and Climate Change","Nova Scotia Environment and Climate Change","Designation decision made",,,"156.41322967","27058.201930949817","1564132.2967390053"
"1161","Peppered Moon Nature Reserve","Nature Reserve, Conservation Easement",,"NS Environment and Climate Change","NS Environment and Climate Change","Designated",,,"155.41688181","6055.217391675956","1554168.8180594316"
