object_id,fiscal_year,fiscal_year_start,nsbi_sector,nsbi_county,county_is_geographic,deal_type,account_name,place_name,postalcode,nsbi_financial_contribution,has_contribution,latitude,longitude,is_mappable,in_ns_bounds
1,2018-2019,2018,ICT (includes Digital Media),Halifax,1,Business Development Program,Northern Business Intelligence,Dartmouth,B3B1T4,10850.00,1,44.70609,-63.59236,1,1
2,2018-2019,2018,Energy,Halifax,1,Business Development Program,Fourth State Energy Incorporated,Halifax,B3J2L4,3750.00,1,44.654755,-63.632286,1,1
3,2018-2019,2018,Advanced Manufacturing,Halifax,1,Business Development Program,Skinfix Inc,Halifax,B3J1R9,8100.00,1,44.645084,-63.570552,1,1
4,2018-2019,2018,ICT (includes Digital Media),Lunenburg,1,Business Development Program,Singolar Inc,Bridgewater,B4V6Y1,15000.00,1,44.4261574,-64.6186263,1,1
5,2018-2019,2018,Life Sciences,Colchester,1,Business Development Program,Truro Herbal Co.,Truro,B2N1M8,15000.00,1,45.371086,-63.298648,1,1
6,2018-2019,2018,ICT (includes Digital Media),Halifax,1,Business Development Program,SimplyCast Interactive Marketing LTD.,Dartmouth,B2W6E2,12500.00,1,44.681461,-63.535262,1,1
7,2018-2019,2018,ICT (includes Digital Media),Halifax,1,Business Development Program,En Point Inc,Halifax,B3J3M8,2520.00,1,44.647395,-63.5727,1,1
8,2018-2019,2018,Life Sciences,Halifax,1,Business Development Program,BlueLight Analytics Inc,Halifax,B3L4G4,25000.00,1,44.642071,-63.620539,1,1
9,2018-2019,2018,Agri-food,Halifax,1,Business Development Program,Ednaturals Bar,Halifax,B3P1H5,2450.00,1,44.617409,-63.610642,1,1
10,2018-2019,2018,Fish & Seafood Processing,Victoria,1,Business Development Program,Victoria Co-Operative Fisheries Ltd,Neils Harbour,B0C1N0,15000.00,1,46.762745,-60.343878,1,1
11,2018-2019,2018,Oceans Technology,Halifax,1,Business Development Program,Focal Technologies Corporation,Dartmouth,B3B1Z4,4775.00,1,44.711855,-63.587502,1,1
12,2018-2019,2018,Agri-food,Halifax,1,Business Development Program,Cove Kombucha,Halifax,B3J2J9,8400.00,1,44.640981,-63.576924,1,1
13,2018-2019,2018,Advanced Manufacturing,Halifax,1,Business Development Program,Dormie Golf Workshop Inc.,Halifax,B3K2Y3,14950.00,1,44.660963,-63.590301,1,1
14,2018-2019,2018,ICT (includes Digital Media),Halifax,1,Business Development Program,B4Checkin Limited,Halifax,B3J3S9,19000.00,1,44.640361,-63.586911,1,1
15,2018-2019,2018,Agri-food,Kings,1,Business Development Program,Barrelling Tide Distillery,Port Williams,B0P1T0,6875.00,1,45.159695,-64.362715,1,1
16,2018-2019,2018,ICT (includes Digital Media),Halifax,1,Business Development Program,Fundmetric Incorporated,Halifax,B3J3K3,7500.00,1,44.64335495,-63.57813098,1,1
17,2018-2019,2018,Advanced Manufacturing,Shelburne,1,Business Development Program,Ven-Rez Products Ltd,Shelburne,B0T1W0,16832.00,1,43.66134,-65.41816,1,1
18,2018-2019,2018,Fish & Seafood Processing,Digby,1,Business Development Program,Riverside Lobster International Inc,Meteghan,B0W2J0,15000.00,1,44.158134,-66.258852,1,1
19,2018-2019,2018,Life Sciences,Halifax,1,Business Development Program,Precision BioLogic Incorporated,Dartmouth,B3B0A9,4750.00,1,44.695212,-63.573165,1,1
20,2018-2019,2018,Advanced Manufacturing,Halifax,1,Business Development Program,Duckish Natural Skin Care Limited,Halifax,B3L1K1,9375.00,1,44.649822,-63.595101,1,1
21,2018-2019,2018,ICT (includes Digital Media),Halifax,1,Business Development Program,GeoNavo Positioning Systems Inc,Hammonds Plains,B4B2B8,15000.00,1,44.734087,-63.800164,1,1
22,2018-2019,2018,ICT (includes Digital Media),Halifax,1,Business Development Program,Eyeread Inc.,Dartmouth,B3B1E8,15000.00,1,44.694128,-63.613528,1,1
23,2018-2019,2018,ICT (includes Digital Media),Halifax,1,Business Development Program,WarrierTech Inc,Halifax,B3H1Y1,13336.00,1,44.640901,-63.5849,1,1
24,2018-2019,2018,Travel & Accommodation,Halifax,1,Business Development Program,Unleash Surf Inc.,Halifax,B3K3S3,5000.00,1,44.655797,-63.590597,1,1
25,2018-2019,2018,ICT (includes Digital Media),Halifax,1,Business Development Program,THE WELL - CREATIVE CONSULTANTS INC.,Upper Tantallon,B3Z4R3,15000.00,1,44.69243,-63.86772,1,1
26,2018-2019,2018,Fish & Seafood Processing,Digby,1,Business Development Program,BMC Seafoods Ltd,Meteghan,B0W2J0,3200.00,1,44.158134,-66.258852,1,1
27,2018-2019,2018,Life Sciences,Halifax,1,Business Development Program,Atlantic Institute for Resilience Inc.,Halifax,B3H1Y4,13750.00,1,44.640827,-63.585161,1,1
28,2018-2019,2018,ICT (includes Digital Media),Halifax,1,Business Development Program,Cribcut,Halifax,B3J3R7,7500.00,1,44.65208895,-63.57614729,1,1
29,2018-2019,2018,Advanced Manufacturing,Halifax,1,Business Development Program,Sealand Building Group Inc,Halifax,B4B1G2,22500.00,1,44.724533,-63.741086,1,1
30,2018-2019,2018,ICT (includes Digital Media),Halifax,1,Business Development Program,Keeping Roads Safe Technologies Inc,Bedford,B4B1H1,2850.00,1,44.722456,-63.710231,1,1
31,2018-2019,2018,Agri-food,Antigonish,1,Business Development Program,Tony's Meats Ltd,Antigonish,B2G2L2,5980.00,1,45.654903,-61.944846,1,1
32,2018-2019,2018,Energy,Pictou,1,Business Development Program,Stark International Inc,New Glasgow,B2H2T3,7500.00,1,45.58895964,-62.6438518,1,1
33,2018-2019,2018,Agri-food,Halifax,1,Business Development Program,Made With Local Snack Foods Inc.,Dartmouth,B2Y2V9,15750.00,1,44.669949,-63.568797,1,1
34,2018-2019,2018,Life Sciences,Hants,1,Business Development Program,BioMedica Diagnostics Inc,Windsor,B0N2T0,13500.00,1,44.819594,-64.318054,1,1
35,2018-2019,2018,ICT (includes Digital Media),Halifax,1,Business Development Program,InterTalk Critical Information Systems Inc,Dartmouth,B3B1J4,14850.00,1,44.704132,-63.611144,1,1
36,2018-2019,2018,Life Sciences,Halifax,1,Business Development Program,Bend Beauty Inc.,Halifax,B3J1C7,10000.00,1,44.639639,-63.577291,1,1
37,2018-2019,2018,Agri-food,Antigonish,1,Business Development Program,Peace By Chocolate Inc.,Antigonish,B2G2G8,15000.00,1,45.62856001,-61.97936724,1,1
38,2018-2019,2018,ICT (includes Digital Media),Halifax,1,Business Development Program,Hanatech IOT Inc.,Bedford,B4A1E8,15000.00,1,44.733116,-63.655971,1,1
39,2018-2019,2018,Agri-food,Halifax,1,Business Development Program,Made With Local Snack Foods Inc.,Dartmouth,B2Y2V9,2100.00,1,44.669949,-63.568797,1,1
40,2018-2019,2018,Agri-food,Halifax,1,Business Development Program,Chocolate Hackers,Halifax,B3K2H7,375.00,1,44.665088,-63.604915,1,1
41,2018-2019,2018,Agri-food,Lunenburg,1,Business Development Program,Terra Beata,Bridgewater,B0J2C0,5500.00,1,44.37635,-64.309889,1,1
42,2018-2019,2018,Business Services,Halifax,1,Business Development Program,DBR Resources LTD.,Waverley,B2R1T3,7469.00,1,44.785742,-63.598026,1,1
43,2018-2019,2018,ICT (includes Digital Media),Halifax,1,Business Development Program,Grey Lit Matters Inc,Halifax,B3P1A8,7560.00,1,44.630968,-63.608219,1,1
44,2018-2019,2018,Advanced Manufacturing,Halifax,1,Business Development Program,DynaGen Technologies Incorporated,Dartmouth,B3B1W8,14775.00,1,44.70058,-63.579683,1,1
45,2018-2019,2018,Agri-food,Cape Breton,1,Business Development Program,Classic Fine Foods,Edwardsville,B2A4S6,4597.00,1,46.15678026,-60.22160264,1,1
46,2018-2019,2018,Business Services,Antigonish,1,Business Development Program,Spark Engagement Inc,Antigonish,B2G2L2,15000.00,1,45.654903,-61.944846,1,1
47,2018-2019,2018,ICT (includes Digital Media),Cape Breton,1,Business Development Program,Marcato Digital Solutions Inc,Sydney,B1P6J1,9975.00,1,46.083533,-60.224927,1,1
48,2018-2019,2018,Business Services,Halifax,1,Business Development Program,EfficiencyOne Services Inc,Dartmouth,B3B1G5,2875.00,1,44.69816,-63.605171,1,1
49,2018-2019,2018,Fish & Seafood Processing,Halifax,1,Business Development Program,3231974 NOVA SCOTIA LIMITED o/a Do Lobster,Eastern Passage,B3G1M4,7250.00,1,44.612474,-63.494322,1,1
50,2018-2019,2018,ICT (includes Digital Media),Halifax,1,Business Development Program,Bereda Training Inc.,Halifax,B3J3K5,15000.00,1,44.644489,-63.572554,1,1
51,2018-2019,2018,Business Services,Halifax,1,Business Development Program,Iris Booth Incorporated,Halifax,B3K2Z8,8000.00,1,44.651755,-63.581653,1,1
52,2018-2019,2018,ICT (includes Digital Media),Halifax,1,Business Development Program,Densitas Inc,Halifax,B3H3Z1,15000.00,1,44.637136,-63.59645,1,1
53,2018-2019,2018,Fish & Seafood Processing,Halifax,1,Business Development Program,Atlantic Sea Cucumber Ltd,Hacketts Cove,B3Z3K7,15000.00,1,44.662435,-63.757708,1,1
54,2018-2019,2018,Advanced Manufacturing,Halifax,1,Business Development Program,Rx Security Inc.,Bedford,B4A2T3,15000.00,1,44.737949,-63.646705,1,1
55,2018-2019,2018,Agri-food,Kings,1,Business Development Program,Tangled Garden,Grand Pre,B0P1M0,5700.00,1,45.095031,-64.285653,1,1
56,2018-2019,2018,Advanced Manufacturing,Cape Breton,1,Business Development Program,Advanced Glazings Ltd,Sydney,B1P6R7,15000.00,1,46.143671,-60.19332,1,1
57,2018-2019,2018,Agri-food,Kings,1,Business Development Program,Benjamin Bridge Vineyards,Wolfville,B4P2R1,6000.00,1,45.013938,-64.403589,1,1
58,2018-2019,2018,Advanced Manufacturing,Cape Breton,1,Business Development Program,Rotofast Inc,Cape Breton,B1P4L8,9075.00,1,46.129316,-60.183097,1,1
59,2018-2019,2018,Engineering & Professional,Halifax,1,Business Development Program,Novate Systems Inc.,Dartmouth,B3B1P7,7000.00,1,44.70527104,-63.61637086,1,1
60,2018-2019,2018,Business Services,Pictou,1,Business Development Program,Safety Made Easy Basic Training,New Glasgow,B2H2B9,4250.00,1,45.58971,-62.655446,1,1
61,2018-2019,2018,Advanced Manufacturing,Shelburne,1,Business Development Program,Allendale Electronics Ltd,Lockeport,B0T1L0,12306.00,1,43.71839,-65.12347,1,1
62,2018-2019,2018,Life Sciences,Halifax,1,Business Development Program,Bend Beauty Inc.,Halifax,B3J1C7,15000.00,1,44.639639,-63.577291,1,1
63,2018-2019,2018,ICT (includes Digital Media),Halifax,1,Business Development Program,MindSea Development Incorporated,Halifax,B3J3M8,25000.00,1,44.647395,-63.5727,1,1
64,2018-2019,2018,Agri-food,Kings,1,Business Development Program,Just Us! Coffee Roasters Co-op Ltd,Wolfville,B4P2R3,2500.00,1,45.068884,-64.348807,1,1
65,2018-2019,2018,ICT (includes Digital Media),Halifax,1,Business Development Program,Site 2020 Inc.,Dartmouth,B3B1L3,25000.00,1,44.704755,-63.595664,1,1
66,2018-2019,2018,Life Sciences,Halifax,1,Business Development Program,Athletigen Technologies Inc,Halifax,B3J1G1,25000.00,1,44.64341829,-63.57539255,1,1
67,2018-2019,2018,Life Sciences,Halifax,1,Business Development Program,Spring Loaded Technology Incorporated,Halifax,B3K1P5,25000.00,1,44.653518,-63.596475,1,1
68,2021-2022,2021,Oceans Technology,Halifax,1,EDP2,Ashored Inc.,Bedford,B4A 2T3,20000.00,1,44.737674,-63.647648,1,1
69,2018-2019,2018,ICT (includes Digital Media),Halifax,1,Business Development Program,Boondoc Technologies Inc (The Rounds),Halifax,B3K4X5,8063.00,1,44.662185,-63.611268,1,1
70,2018-2019,2018,ICT (includes Digital Media),Halifax,1,Business Development Program,Dragon Veterinary Canada Limited,Bedford,B4A1H4,15000.00,1,44.711731,-63.674559,1,1
71,2018-2019,2018,Advanced Manufacturing,Halifax,1,Business Development Program,The 7 Virtues Beauty Inc,Halifax,B3H1B1,15000.00,1,44.624597,-63.574296,1,1
72,2018-2019,2018,ICT (includes Digital Media),Halifax,1,Business Development Program,902HipHop Inc.,Halifax,B3K4N7,15000.00,1,44.654736,-63.594931,1,1
73,2018-2019,2018,ICT (includes Digital Media),Lunenburg,1,Business Development Program,Sales Beacon,Brooklyn,B0J1H0,6000.00,1,44.055473,-64.710851,1,1
74,2018-2019,2018,Oceans Technology,Halifax,1,Business Development Program,MetOcean Telematics Limited,Dartmouth,B3B1R9,24750.00,1,44.699403,-63.595049,1,1
75,2018-2019,2018,Agri-food,Halifax,1,Business Development Program,Blue Harbour Cheese Incorporated,Halifax,B3K4S7,3750.00,1,44.665687,-63.611255,1,1
76,2018-2019,2018,Energy,Halifax,1,Business Development Program,Novonix Battery Testing Services Inc,Bedford,B4B1H1,15000.00,1,44.722456,-63.710231,1,1
77,2018-2019,2018,ICT (includes Digital Media),Halifax,1,Business Development Program,InnovaSea Marine Systems Canada Inc DBA Vemco,Hammonds Plains,B4B1L9,15000.00,1,44.700635,-63.754376,1,1
78,2018-2019,2018,ICT (includes Digital Media),Halifax,1,Export Growth Program,Current Studios Inc,Halifax,B3J3X8,8713.00,1,44.64669,-63.576767,1,1
79,2018-2019,2018,Business Services,Cape Breton,1,Export Growth Program,Live Stor Sydney Limited,Sydney,B1L1B8,1730.00,1,46.12185596,-60.23984215,1,1
80,2018-2019,2018,Business Services,Halifax,1,Export Growth Program,R&G Strategic Inc,Halifax,B3K5J7,3375.00,1,44.64722055,-63.59056367,1,1
81,2018-2019,2018,Film Production,Antigonish,1,Export Growth Program,Scope Digital Media,Antigonish,B2G2K8,1718.00,1,45.551584,-62.101446,1,1
82,2018-2019,2018,Film Production,Pictou,1,Export Growth Program,Skye Larke Productions Limited,River John,B0K1N0,5175.00,1,45.747988,-63.041939,1,1
83,2018-2019,2018,Life Sciences,Cape Breton,1,Export Growth Program,Talem Health Analytics Inc,Sydney,B1R1L8,4150.00,1,46.14076562,-60.218301,1,1
84,2018-2019,2018,Film Production,Halifax,1,Export Growth Program,Digital Cinema Labs Inc.,Halifax,B3H2V1,1600.00,1,44.632871,-63.573651,1,1
85,2018-2019,2018,ICT (includes Digital Media),Halifax,1,Export Growth Program,Grey Lit Matters Inc,Halifax,B3P1A8,875.00,1,44.630968,-63.608219,1,1
86,2018-2019,2018,Energy,Halifax,1,Export Growth Program,Roswall Development Incorporated,Halifax,B3M2L3,9200.00,1,44.683287,-63.66099,1,1
87,2018-2019,2018,Engineering & Professional,Halifax,1,Export Growth Program,EcoPilot Canada Inc.,Halifax,B3J3L7,5520.00,1,44.649083,-63.575048,1,1
88,2018-2019,2018,Agri-food,Halifax,1,Export Growth Program,Made With Local Snack Foods Inc.,Dartmouth,B2Y2V9,500.00,1,44.669949,-63.568797,1,1
89,2018-2019,2018,Film Production,Halifax,1,Export Growth Program,"Accomplice Content Supply Co., Inc.",Halifax,B3K4C6,5418.00,1,44.655027,-63.593146,1,1
90,2018-2019,2018,Agri-food,Halifax,1,Export Growth Program,Beyond Food Inc.,Dartmouth,B3B1W2,4717.00,1,44.698469,-63.580528,1,1
91,2018-2019,2018,Agri-food,Halifax,1,Export Growth Program,Chain-Yard Cider Inc,Halifax,B3K4C8,2209.00,1,44.655519,-63.593851,1,1
92,2018-2019,2018,ICT (includes Digital Media),Halifax,1,Export Growth Program,Content Bloom Inc,Bedford,B4A1C6,2105.00,1,44.724611,-63.669301,1,1
93,2018-2019,2018,Business Services,Halifax,1,Export Growth Program,East Coast School of Languages (ECSL),Halifax,B3J1V6,7206.00,1,44.646015,-63.571891,1,1
94,2018-2019,2018,ICT (includes Digital Media),Halifax,1,Export Growth Program,Eli Technology,Halifax,B3H2R9,15000.00,1,44.636975,-63.573015,1,1
95,2018-2019,2018,ICT (includes Digital Media),Halifax,1,Export Growth Program,GeoNavo Positioning Systems Inc,Hammonds Plains,B4B2B8,7350.00,1,44.734087,-63.800164,1,1
96,2018-2019,2018,ICT (includes Digital Media),Halifax,1,Export Growth Program,InterTalk Critical Information Systems Inc,Dartmouth,B3B1J4,15939.00,1,44.704132,-63.611144,1,1
97,2018-2019,2018,Energy,Halifax,1,Export Growth Program,Jaza Energy Inc.,Halifax,B3L1Y9,15650.00,1,44.655819,-63.606168,1,1
98,2018-2019,2018,Agri-food,Kings,1,Export Growth Program,Just Us! Coffee Roasters Co-op Ltd,Wolfville,B4P2R3,4051.00,1,45.068884,-64.348807,1,1
99,2018-2019,2018,Business Services,Halifax,1,Export Growth Program,Kula Partners Inc.,Halifax,B3J3X8,1665.00,1,44.64669,-63.576767,1,1
100,2018-2019,2018,Creative Industries,Cape Breton,1,Export Growth Program,Lisa Young Lee Inc.,North Sydney,B2A2S1,3350.00,1,46.208616,-60.251151,1,1
101,2018-2019,2018,Agri-food,Cape Breton,1,Export Growth Program,McFadgen's Bakery Limited,Glace Bay,B1A3V6,507.00,1,46.20367769,-59.95500857,1,1
102,2018-2019,2018,Mining & Mineral Products,Halifax,1,Export Growth Program,Mercator Geological Services Limited,Dartmouth,B2Y1G4,2187.00,1,44.666973,-63.566451,1,1
103,2018-2019,2018,ICT (includes Digital Media),Halifax,1,Export Growth Program,Mobia Technology Innovations,Dartmouth,B3B0B3,25000.00,1,44.7091,-63.591479,1,1
104,2018-2019,2018,Film Production,Halifax,1,Export Growth Program,Pictou Twist Pictures Inc,Halifax,B3J1J7,5575.00,1,44.645217,-63.573178,1,1
105,2018-2019,2018,ICT (includes Digital Media),Halifax,1,Export Growth Program,PitchPerfect Software Inc. operating as Proposify,Halifax,B3J2A2,25000.00,1,44.646512,-63.573726,1,1
106,2018-2019,2018,ICT (includes Digital Media),Halifax,1,Export Growth Program,RIMOT.IO Inc,Dartmouth,B2Y4M9,2533.00,1,44.660305,-63.542698,1,1
107,2018-2019,2018,Film Production,Halifax,1,Export Growth Program,Sand To Sky Productions,Blind Bay,B3Z1M2,3287.00,1,44.662427,-63.757708,1,1
108,2018-2019,2018,Agri-food,Pictou,1,Export Growth Program,Seafoam Lavender Company,River John,B0K1N0,1240.00,1,45.747988,-63.041939,1,1
109,2018-2019,2018,Business Services,Halifax,1,Export Growth Program,Shift,Head Of St Margarets Bay,B3Z1X8,1300.00,1,44.680846,-63.919943,1,1
110,2018-2019,2018,ICT (includes Digital Media),Halifax,1,Export Growth Program,Site 2020 Inc.,Dartmouth,B3B1L3,7050.00,1,44.704755,-63.595664,1,1
111,2018-2019,2018,Agri-food,Antigonish,1,Export Growth Program,Steinhart Distillery Limited,Antigonish,B2G2L1,5550.00,1,45.566847,-62.155396,1,1
112,2018-2019,2018,ICT (includes Digital Media),Cape Breton,1,Export Growth Program,Synclavier Digital Corporation Ltd.,D'Escousse,B0E1K0,2382.00,1,45.53269,-61.010749,1,1
113,2018-2019,2018,Advanced Manufacturing,Halifax,1,Export Growth Program,Ultra Electronics Maritime Systems,Dartmouth,B2Y4N2,1662.00,1,44.649583,-63.545652,1,1
114,2018-2019,2018,Film Production,Halifax,1,Export Growth Program,Waterstar Entertainment Inc.,Halifax,B3H2V2,3412.00,1,44.632873,-63.573653,1,1
115,2018-2019,2018,Fish & Seafood Processing,Inverness,1,Export Growth Program,Waycobah Contracting Incorporated,Whycocomagh,B0E3M0,1730.00,1,46.081461,-60.965235,1,1
116,2018-2019,2018,Fish & Seafood Processing,Halifax,1,Export Growth Program,Afishionado Fish Mongers Inc,Bedford,B4A4J8,6132.00,1,44.723596,-63.653467,1,1
117,2018-2019,2018,Aerospace & Defence,Halifax,1,Export Growth Program,Bluedrop Training & Simulation Inc.,Halifax,B3S1N2,2192.00,1,44.656068,-63.669584,1,1
118,2018-2019,2018,Agri-food,Halifax,1,Export Growth Program,Compass Distillers,Halifax,B3K4C4,1027.00,1,44.654497,-63.592367,1,1
119,2018-2019,2018,Energy,Halifax,1,Export Growth Program,Fourth State Energy Incorporated,Halifax,B3J2L4,15000.00,1,44.654755,-63.632286,1,1
120,2018-2019,2018,Business Services,Halifax,1,Export Growth Program,Iris Booth Incorporated,Halifax,B3K2Z8,7100.00,1,44.651755,-63.581653,1,1
121,2018-2019,2018,ICT (includes Digital Media),Halifax,1,Export Growth Program,Keeping Roads Safe Technologies Inc,Bedford,B4B1H1,6400.00,1,44.722456,-63.710231,1,1
122,2018-2019,2018,Agri-food,Lunenburg,1,Export Growth Program,Muwin Estate Wines Ltd,New Ross,B0J2M0,4850.00,1,44.706544,-63.916747,1,1
123,2018-2019,2018,Advanced Manufacturing,Guysborough,1,Export Growth Program,The Soap Company of Nova Scotia Ltd,Sherbrooke,B0J3C0,1800.00,1,45.193706,-62.026841,1,1
124,2018-2019,2018,Film Production,Halifax,1,Export Growth Program,Topsail Productions Ltd.,Halifax,B3J1J7,2500.00,1,44.645217,-63.573178,1,1
125,2018-2019,2018,Agri-food,Halifax,1,Export Growth Program,2 Crows Brewing Ltd,Halifax,B3J2G7,2775.00,1,44.649349,-63.578146,1,1
126,2018-2019,2018,Agri-food,Halifax,1,Export Growth Program,Baie Run Pet Products Inc,Halifax,B3J3N2,5212.00,1,44.65201157,-63.57606155,1,1
127,2018-2019,2018,ICT (includes Digital Media),Halifax,1,Export Growth Program,Cartoon Conrad Productions Inc,Beaver Bank,B4G1C5,8411.00,1,44.853799,-63.691467,1,1
128,2018-2019,2018,Business Services,Halifax,1,Export Growth Program,Fit First Holdings Inc.,Dartmouth,B3B1X2,5050.00,1,44.710189,-63.595848,1,1
129,2018-2019,2018,Engineering & Professional,Halifax,1,Export Growth Program,Imaginal Ventures Inc.,Halifax,B3K5T9,794.00,1,44.662753,-63.590281,1,1
130,2018-2019,2018,Agri-food,Halifax,1,Export Growth Program,JusNova Agriculture Ltd,Halifax,B3M1N1,3550.00,1,44.66397,-63.641789,1,1
131,2018-2019,2018,Advanced Manufacturing,Halifax,1,Export Growth Program,Skinfix Inc,Halifax,B3J1R9,15000.00,1,44.645084,-63.570552,1,1
132,2018-2019,2018,Energy,Pictou,1,Export Growth Program,Stark International Inc,New Glasgow,B2H2T3,2000.00,1,45.58895964,-62.6438518,1,1
133,2018-2019,2018,Business Services,Digby,1,Export Growth Program,Stratigro Business Consulting,Meteghan,B0W2J0,2775.00,1,44.158134,-66.258852,1,1
134,2018-2019,2018,Oceans Technology,Halifax,1,Export Growth Program,4Deep Inwater Imaging,Halifax,B4B1G2,1800.00,1,44.724533,-63.741086,1,1
135,2018-2019,2018,Fish & Seafood Processing,Halifax,1,Export Growth Program,Blois Fish Processing Automation Limited,Dartmouth,B2V2S7,850.00,1,44.653288,-63.476576,1,1
136,2018-2019,2018,Agri-food,Halifax,1,Export Growth Program,Maritime Gourmet Mushrooms Inc,Halifax,B3M3Y8,2202.00,1,44.676453,-63.667551,1,1
137,2018-2019,2018,Agri-food,Antigonish,1,Export Growth Program,Steinhart Distillery Limited,Antigonish,B2G2L1,1175.00,1,45.566847,-62.155396,1,1
138,2018-2019,2018,Advanced Manufacturing,Shelburne,1,Export Growth Program,Ven-Rez Products Ltd,Shelburne,B0T1W0,3492.00,1,43.66134,-65.41816,1,1
139,2018-2019,2018,Business Services,Halifax,1,Export Growth Program,Atlantic Flight Attendant Academy,Halifax,B3H3Y4,3000.00,1,44.632239,-63.593557,1,1
140,2018-2019,2018,Agri-food,Cape Breton,1,Export Growth Program,Breton Brewing Co,Sydney,B1R1V7,3000.00,1,46.116106,-60.229829,1,1
141,2018-2019,2018,Advanced Manufacturing,Lunenburg,1,Export Growth Program,Lunenburg County Shipwrights Inc.,Bridgewater,B0J2C0,2278.00,1,44.37635,-64.309889,1,1
142,2018-2019,2018,Business Services,Halifax,1,Export Growth Program,Raised Performance Media Inc.,Halifax,B3J2A4,3662.00,1,44.647278,-63.574131,1,1
143,2018-2019,2018,ICT (includes Digital Media),Halifax,1,Export Growth Program,SalesRight Technologies Inc,Halifax,B3J3K5,750.00,1,44.644489,-63.572554,1,1
144,2018-2019,2018,Business Services,Halifax,1,Export Growth Program,Sayle Group Inc,Hammonds Plains,B4B1W8,4925.00,1,44.757498,-63.777975,1,1
145,2018-2019,2018,ICT (includes Digital Media),Halifax,1,Export Growth Program,Youx Systems Inc.,Halifax,B3S1N5,512.00,1,44.66025623,-63.67319911,1,1
146,2018-2019,2018,ICT (includes Digital Media),Halifax,1,Export Growth Program,6 Joe's Software Inc.,Halifax,B3J3K5,11000.00,1,44.644489,-63.572554,1,1
147,2018-2019,2018,Agri-food,Kings,1,Export Growth Program,Barrelling Tide Distillery,Port Williams,B0P1T0,1700.00,1,45.159695,-64.362715,1,1
148,2018-2019,2018,Business Services,Halifax,1,Export Growth Program,Downeast Entertainment & Meeting Specialists Limited,Halifax,B3J3K8,7359.00,1,44.648408,-63.57472,1,1
149,2018-2019,2018,Clothing & Textiles,Halifax,1,Export Growth Program,Hand Maiden Fine Yarn Inc.,Halifax,B3K4E8,3551.00,1,44.659252,-63.598985,1,1
150,2018-2019,2018,Oceans Technology,Halifax,1,Export Growth Program,Maritime bioLoggers Inc.,Dartmouth,B2Y2W1,2318.00,1,44.667535,-63.56358,1,1
151,2018-2019,2018,ICT (includes Digital Media),Halifax,1,Export Growth Program,Momentum IT Group,Halifax,B3J1Y2,4572.00,1,44.64012,-63.570421,1,1
152,2018-2019,2018,Energy,Halifax,1,Export Growth Program,New Colliers Ltd,Waverley,B2R1H2,545.00,1,44.77831405,-63.58709433,1,1
153,2018-2019,2018,Oceans Technology,Cape Breton,1,Export Growth Program,Pelagis Data Solutions,Point Edward,B2A4R2,1050.00,1,46.162688,-60.276693,1,1
154,2018-2019,2018,Energy,Halifax,1,Export Growth Program,Roswall Development Incorporated,Halifax,B3M2L3,3100.00,1,44.683287,-63.66099,1,1
155,2018-2019,2018,Film Production,Halifax,1,Export Growth Program,Ziah Frost Media Inc.,Halifax,B3M1B9,4315.00,1,44.652447,-63.650476,1,1
156,2018-2019,2018,Fish & Seafood Processing,Halifax,1,Export Growth Program,Breakers Fish Co Ltd,Halifax,B3L2C2,3500.00,1,44.653612,-63.627898,1,1
157,2018-2019,2018,ICT (includes Digital Media),Kings,1,Export Growth Program,FoodByte Inc,Wolfville,B4P2R6,850.00,1,45.0890494,-64.36820119,1,1
158,2018-2019,2018,Business Services,Halifax,1,Export Growth Program,Foundation Marketing Services Inc.,Halifax,B3M4C5,5605.00,1,44.661222,-63.635894,1,1
159,2018-2019,2018,Advanced Manufacturing,Halifax,1,Export Growth Program,Graphite Innovation and Technologies Inc.,Dartmouth,B2Y4M9,2900.00,1,44.660305,-63.542698,1,1
160,2018-2019,2018,ICT (includes Digital Media),Cape Breton,1,Export Growth Program,Mimir Networks Corporation,Sydney,B1P1V2,9475.00,1,46.1362829,-60.19056497,1,1
161,2018-2019,2018,Film Production,Halifax,1,Export Growth Program,Portara Pictures Incorporated,Duncan Cove,B3V1K4,4983.00,1,44.713309,-63.788549,1,1
162,2018-2019,2018,ICT (includes Digital Media),Cape Breton,1,Export Growth Program,Securicy Data Solutions Ltd,Sydney,B1P1C6,3114.00,1,46.13911828,-60.19501343,1,1
163,2018-2019,2018,Oceans Technology,Halifax,1,Export Growth Program,Sedna Tech,Dartmouth,B2Y2W1,2750.00,1,44.667535,-63.56358,1,1
164,2018-2019,2018,Agri-food,Antigonish,1,Export Growth Program,Steinhart Distillery Limited,Antigonish,B2G2L1,2100.00,1,45.566847,-62.155396,1,1
165,2018-2019,2018,Business Services,Halifax,1,Export Growth Program,Strongest Families Institute,Lower Sackville,B4C4E6,3423.00,1,44.7606098,-63.65843038,1,1
166,2018-2019,2018,Business Services,Halifax,1,Export Growth Program,Success Through Trust Inc,Halifax,B3L2H3,3125.00,1,44.648102,-63.626126,1,1
167,2018-2019,2018,ICT (includes Digital Media),Halifax,1,Export Growth Program,Deprolabs Technology Inc.,Halifax,B3S1G5,2800.00,1,44.672237,-63.673695,1,1
168,2018-2019,2018,Oceans Technology,Halifax,1,Export Growth Program,Dominion Diving Limited,Dartmouth,B2Y2W1,8650.00,1,44.667535,-63.56358,1,1
169,2018-2019,2018,Film Production,Lunenburg,1,Export Growth Program,Festina Lente Productions Inc.,Chester,B0J1J0,900.00,1,44.560562,-64.225079,1,1
170,2018-2019,2018,Business Services,Halifax,1,Export Growth Program,Focal Research Consultants Limited,Halifax,B3L2C2,8629.00,1,44.653612,-63.627898,1,1
171,2018-2019,2018,ICT (includes Digital Media),Halifax,1,Export Growth Program,Harbr Inc.,Halifax,B3J3K5,15000.00,1,44.644489,-63.572554,1,1
172,2018-2019,2018,Oceans Technology,Halifax,1,Export Growth Program,Leeway Yachts Ltd.,Dartmouth,B2Y4T5,2367.00,1,44.661861,-63.556475,1,1
173,2018-2019,2018,ICT (includes Digital Media),Halifax,1,Export Growth Program,NS Sports Media Pros Ltd,Halifax,B3S0B9,7125.00,1,44.658753,-63.6851302,1,1
174,2018-2019,2018,Business Services,Halifax,1,Export Growth Program,Prosaris Consulting Ltd.,Hammonds Plains,B4B1P4,10452.00,1,44.731435,-63.756573,1,1
175,2018-2019,2018,ICT (includes Digital Media),Halifax,1,Export Growth Program,QRA Corp,Halifax,B3K5L2,4425.00,1,44.659309,-63.602819,1,1
176,2018-2019,2018,Fish & Seafood Processing,Digby,1,Export Growth Program,Riverside Lobster International Inc,Meteghan,B0W2J0,4535.00,1,44.158134,-66.258852,1,1
177,2018-2019,2018,ICT (includes Digital Media),Halifax,1,Export Growth Program,SalesRight Technologies Inc,Halifax,B3J3K5,2650.00,1,44.644489,-63.572554,1,1
178,2018-2019,2018,ICT (includes Digital Media),Halifax,1,Export Growth Program,Peer Ledger Inc,Halifax,B3H4P3,12118.00,1,44.63221,-63.572337,1,1
179,2018-2019,2018,Oceans Technology,Halifax,1,Export Growth Program,Acoubit Communications,Dartmouth,B2Y2W1,1390.00,1,44.667535,-63.56358,1,1
180,2018-2019,2018,Agri-food,Cape Breton,1,Export Growth Program,Classic Fine Foods,Edwardsville,B2A4S6,1790.00,1,46.15678026,-60.22160264,1,1
181,2018-2019,2018,ICT (includes Digital Media),Halifax,1,Export Growth Program,Site 2020 Inc.,Dartmouth,B3B1L3,10025.00,1,44.704755,-63.595664,1,1
182,2018-2019,2018,Business Services,Halifax,1,Export Growth Program,Meghan Martin Incorporated,Dartmouth,B3A2L3,10800.00,1,44.674896,-63.563871,1,1
183,2018-2019,2018,Energy,Halifax,1,Export Growth Program,MRE Industries Limited,Dartmouth,B3B1N7,520.00,1,44.716471,-63.601539,1,1
184,2018-2019,2018,Oceans Technology,Halifax,1,Export Growth Program,Nova Graphene,Dartmouth,B2Y4T5,6038.00,1,44.661861,-63.556475,1,1
185,2018-2019,2018,Business Services,Halifax,1,Export Growth Program,PeopleCan Training & Development,Lower Sackville,B4C2S3,829.00,1,44.76785324,-63.68483351,1,1
186,2018-2019,2018,Business Services,Antigonish,1,Export Growth Program,Spark Engagement Inc,Antigonish,B2G2L2,12941.00,1,45.654903,-61.944846,1,1
187,2018-2019,2018,Fish & Seafood Processing,Halifax,1,Export Growth Program,World Link Food Distributors Inc,Enfield,B2T1K3,14125.00,1,44.8796973,-63.52380855,1,1
188,2018-2019,2018,Business Services,Halifax,1,Export Growth Program,CacheFlo Inc.,Halifax,B3J3J8,6687.00,1,44.65095794,-63.57894264,1,1
189,2018-2019,2018,Agri-food,Halifax,1,Export Growth Program,Cove Kombucha,Halifax,B3J2J9,1500.00,1,44.640981,-63.576924,1,1
190,2018-2019,2018,Advanced Manufacturing,Halifax,1,Export Growth Program,Dormie Golf Workshop Inc.,Halifax,B3K2Y3,13800.00,1,44.660963,-63.590301,1,1
191,2018-2019,2018,Business Services,Halifax,1,Export Growth Program,Guild Software Inc,Bedford,B4A1E6,3290.00,1,44.731599,-63.657959,1,1
192,2018-2019,2018,ICT (includes Digital Media),Halifax,1,Export Growth Program,Nodalblock Canada Holdings Inc.,Halifax,B3J3N2,7100.00,1,44.65201157,-63.57606155,1,1
193,2018-2019,2018,Engineering & Professional,Halifax,1,Export Growth Program,Novate Systems Inc.,Dartmouth,B3B1P7,4213.00,1,44.70527104,-63.61637086,1,1
194,2018-2019,2018,Life Sciences,Halifax,1,Export Growth Program,Panag Pharma Inc.,Halifax,B3J3R7,1621.00,1,44.65208895,-63.57614729,1,1
195,2018-2019,2018,Business Services,Digby,1,Export Growth Program,Stratigro Business Consulting,Meteghan,B0W2J0,1000.00,1,44.158134,-66.258852,1,1
196,2018-2019,2018,ICT (includes Digital Media),Cape Breton,1,Export Growth Program,Ubique Networks Inc,Sydney,B1P1J7,12975.00,1,46.14157268,-60.19367434,1,1
197,2018-2019,2018,Film Production,Halifax,1,Export Growth Program,Clerisy Management Group Limited,Dartmouth,B3B1W9,7352.00,1,44.69696,-63.579685,1,1
198,2018-2019,2018,ICT (includes Digital Media),Halifax,1,Export Growth Program,Dadavan Systems Inc,Waverley,B2R1R7,710.00,1,44.78239155,-63.60008607,1,1
199,2018-2019,2018,Oceans Technology,Halifax,1,Export Growth Program,Dominion Diving Limited,Dartmouth,B2Y2W1,4200.00,1,44.667535,-63.56358,1,1
200,2018-2019,2018,Business Services,Halifax,1,Export Growth Program,East Coast Varsity,Dartmouth,B2W6L4,7185.00,1,44.670365,-63.532147,1,1
201,2018-2019,2018,Agri-food,Halifax,1,Export Growth Program,Hivetronics Limited,Dartmouth,B2W4Z3,450.00,1,44.686741,-63.503976,1,1
202,2018-2019,2018,Oceans Technology,Halifax,1,Export Growth Program,MetOcean Telematics Limited,Dartmouth,B3B1R9,25000.00,1,44.699403,-63.595049,1,1
203,2018-2019,2018,Business Services,Halifax,1,Export Growth Program,More In Store Marketing Solutions Inc,Fall River,B2T1J6,605.00,1,44.805489,-63.599837,1,1
204,2018-2019,2018,Aerospace & Defence,Halifax,1,Export Growth Program,NewAE Technology Inc.,Halifax,B3H2R8,7465.00,1,44.637045,-63.572766,1,1
205,2018-2019,2018,Energy,Halifax,1,Export Growth Program,Novonix Battery Testing Services Inc,Bedford,B4B1H1,16572.00,1,44.722456,-63.710231,1,1
206,2018-2019,2018,ICT (includes Digital Media),Halifax,1,Export Growth Program,RIMOT.IO Inc,Dartmouth,B2Y4M9,10999.00,1,44.660305,-63.542698,1,1
207,2018-2019,2018,ICT (includes Digital Media),Halifax,1,Export Growth Program,SolutionInc Ltd,Halifax,B3K1T2,5255.00,1,44.658385,-63.595928,1,1
208,2018-2019,2018,Agri-food,Cumberland,1,Export Growth Program,Chase's Lobster Pound Ltd,Port Howe,B0K1K0,14000.00,1,45.810472,-63.849946,1,1
209,2018-2019,2018,ICT (includes Digital Media),Halifax,1,Export Growth Program,Eyeread Inc.,Dartmouth,B3B1E8,11275.00,1,44.694128,-63.613528,1,1
210,2018-2019,2018,Oceans Technology,Halifax,1,Export Growth Program,Sedna Tech,Dartmouth,B2Y2W1,6000.00,1,44.667535,-63.56358,1,1
211,2018-2019,2018,Oceans Technology,Halifax,1,Export Growth Program,Survival Systems Ltd,Dartmouth,B2Y4W6,5319.00,1,44.6562,-63.539046,1,1
212,2018-2019,2018,Film Production,Halifax,1,Export Growth Program,Two East Productions Inc.,Chester,B0J1J0,647.00,1,44.560562,-64.225079,1,1
213,2018-2019,2018,ICT (includes Digital Media),Halifax,1,Export Growth Program,Deep Vision Inc,Dartmouth,B2Y4P5,2967.00,1,44.665864,-63.569266,1,1
214,2018-2019,2018,Life Sciences,Halifax,1,Export Growth Program,DGI Clinical Inc.,Halifax,B3J2E3,2092.00,1,44.646813,-63.576047,1,1
215,2018-2019,2018,Advanced Manufacturing,Halifax,1,Export Growth Program,Du Nord Skin Care,Ketch Harbour,B3V1K6,7981.00,1,44.486785,-63.543553,1,1
216,2018-2019,2018,ICT (includes Digital Media),Halifax,1,Export Growth Program,GeoNavo Positioning Systems Inc,Hammonds Plains,B4B2B8,10700.00,1,44.734087,-63.800164,1,1
217,2018-2019,2018,Business Services,Halifax,1,Export Growth Program,Halifax Language Institute of Canada,Halifax,B3J3M7,14976.00,1,44.642749,-63.577974,1,1
218,2018-2019,2018,Business Services,Halifax,1,Export Growth Program,Meghan Martin Incorporated,Dartmouth,B3A2L3,4167.00,1,44.674896,-63.563871,1,1
219,2018-2019,2018,Oceans Technology,Halifax,1,Export Growth Program,Nova Graphene,Dartmouth,B2Y4T5,8925.00,1,44.661861,-63.556475,1,1
220,2018-2019,2018,Business Services,Halifax,1,Export Growth Program,Proven Marketing for Lawyers Inc.,Halifax,B3H4K6,500.00,1,44.637258,-63.578788,1,1
221,2018-2019,2018,Business Services,Halifax,1,Export Growth Program,Sassy Solutions Consulting Limited,Halifax,B3M3C8,970.00,1,44.657547,-63.652605,1,1
222,2018-2019,2018,Advanced Manufacturing,Halifax,1,Export Growth Program,Sealand Building Group Inc,Halifax,B4B1G2,8875.00,1,44.724533,-63.741086,1,1
223,2018-2019,2018,ICT (includes Digital Media),Cape Breton,1,Export Growth Program,Securicy Data Solutions Ltd,Sydney,B1P1C6,9924.00,1,46.13911828,-60.19501343,1,1
224,2018-2019,2018,ICT (includes Digital Media),Halifax,1,Export Growth Program,Trip Ninja,Halifax,B3J2V1,6039.00,1,44.648416,-63.645986,1,1
225,2018-2019,2018,Advanced Manufacturing,Yarmouth,1,Export Growth Program,Tri-Star Industries Limited,Yarmouth,B5A4B4,6600.00,1,43.842674,-66.118319,1,1
226,2018-2019,2018,Business Services,Halifax,1,Export Growth Program,Uprise Consulting,Halifax,B3L4T7,4118.00,1,44.653673,-63.631058,1,1
227,2018-2019,2018,ICT (includes Digital Media),Halifax,1,Export Growth Program,USP-LAB N.A. Ltd.,Halifax,B3J3K5,2475.00,1,44.644489,-63.572554,1,1
228,2018-2019,2018,Fish & Seafood Processing,Shelburne,1,Export Growth Program,AC Live Lobster Inc,Clarks Harbour,B0W1P0,15000.00,1,43.462969,-65.650454,1,1
229,2018-2019,2018,Life Sciences,Halifax,1,Export Growth Program,Beta Glucan Company of Canada Inc.,Halifax,B3H4N3,2300.00,1,44.629216,-63.578083,1,1
230,2018-2019,2018,Business Services,Halifax,1,Export Growth Program,CacheFlo Inc.,Halifax,B3J3J8,2900.00,1,44.65095794,-63.57894264,1,1
231,2018-2019,2018,Energy,Halifax,1,Export Growth Program,CarbonCure Technologies Inc,Dartmouth,B3B1R6,13500.00,1,44.704092,-63.597081,1,1
232,2018-2019,2018,ICT (includes Digital Media),Halifax,1,Export Growth Program,Current Studios Inc,Halifax,B3J3X8,3000.00,1,44.64669,-63.576767,1,1
233,2018-2019,2018,Agri-food,Halifax,1,Export Growth Program,Giffin Technologies Inc.,Halifax,B3N1X9,901.00,1,44.645863,-63.628608,1,1
234,2018-2019,2018,ICT (includes Digital Media),Halifax,1,Export Growth Program,Huminah Huminah Animation,Dartmouth,B2Y3P2,15000.00,1,44.669345,-63.562672,1,1
235,2018-2019,2018,Business Services,Halifax,1,Export Growth Program,Oyster Promo Inc,Halifax,B3H3X9,2000.00,1,44.630259,-63.587154,1,1
236,2019-2020,2019,Agri-food,Digby,1,PIVP,Basil Kings Farm Inc.,Salmon River,B5A 5B2,15000.00,1,44.051386,-66.161256,1,1
237,2018-2019,2018,Film Production,Lunenburg,1,Export Growth Program,Picture Plant Ltd.,Bridgewater,B0J2C0,7787.00,1,44.37635,-64.309889,1,1
238,2018-2019,2018,Business Services,Halifax,1,Export Growth Program,Strongest Families Institute,Lower Sackville,B4C4E6,5588.00,1,44.7606098,-63.65843038,1,1
239,2018-2019,2018,Business Services,Halifax,1,Export Growth Program,The Instratify Group Inc.,Halifax,B3J4A2,3250.00,1,44.642783,-63.577842,1,1
240,2018-2019,2018,Advanced Manufacturing,Cumberland,1,Export Growth Program,Access Labels,Amherst,B4H4E2,1879.00,1,45.777062,-63.89274,1,1
241,2018-2019,2018,ICT (includes Digital Media),Kings,1,Export Growth Program,FoodByte Inc,Wolfville,B4P2R6,4320.00,1,45.0890494,-64.36820119,1,1
242,2018-2019,2018,Transportation & Logistics,Halifax,1,Export Growth Program,Iron Apple,Dartmouth,B3B1V2,12100.00,1,44.692403,-63.588236,1,1
243,2018-2019,2018,ICT (includes Digital Media),Halifax,1,Export Growth Program,SailTimer Inc.,Tantallon,B3Z2R9,10343.00,1,44.644713,-63.911447,1,1
244,2018-2019,2018,ICT (includes Digital Media),Halifax,1,Export Growth Program,Skyline (Refer to Orgrimmar Tech. Inc.),Dartmouth,B2Y1E1,4847.00,1,44.6699,-63.564563,1,1
245,2018-2019,2018,Oceans Technology,Halifax,1,Export Growth Program,Survival Systems Training Limited,Dartmouth,B2Y4K9,13425.00,1,44.655836,-63.542555,1,1
246,2018-2019,2018,Advanced Manufacturing,Halifax,1,Export Growth Program,Ultra Electronics Maritime Systems,Dartmouth,B2Y4N2,14995.00,1,44.649583,-63.545652,1,1
247,2018-2019,2018,Business Services,Halifax,1,Export Growth Program,East Coast School of Languages (ECSL),Halifax,B3J1V6,4780.00,1,44.646015,-63.571891,1,1
248,2018-2019,2018,ICT (includes Digital Media),Halifax,1,Export Growth Program,Nodalblock Canada Holdings Inc.,Halifax,B3J3N2,5400.00,1,44.65201157,-63.57606155,1,1
249,2018-2019,2018,Film Production,Halifax,1,Export Growth Program,Pictou Twist Pictures Inc,Halifax,B3J1J7,5725.00,1,44.645217,-63.573178,1,1
250,2018-2019,2018,Business Services,Halifax,1,Export Growth Program,Proven Marketing for Lawyers Inc.,Halifax,B3H4K6,995.00,1,44.637258,-63.578788,1,1
251,2018-2019,2018,Business Services,Halifax,1,Export Growth Program,Shift,Head Of St Margarets Bay,B3Z1X8,1633.00,1,44.680846,-63.919943,1,1
252,2018-2019,2018,ICT (includes Digital Media),Halifax,1,Export Growth Program,SolutionInc Ltd,Halifax,B3K1T2,1000.00,1,44.658385,-63.595928,1,1
253,2018-2019,2018,Fish & Seafood Processing,Victoria,1,Export Growth Program,Victoria Co-Operative Fisheries Ltd,Neils Harbour,B0C1N0,5675.00,1,46.762745,-60.343878,1,1
254,2018-2019,2018,Life Sciences,Halifax,1,Export Growth Program,Athletigen Technologies Inc,Halifax,B3J1G1,11925.00,1,44.64341829,-63.57539255,1,1
255,2018-2019,2018,Agri-food,Halifax,1,Export Growth Program,Chocolate Hackers,Halifax,B3K2H7,2285.00,1,44.665088,-63.604915,1,1
256,2018-2019,2018,ICT (includes Digital Media),Halifax,1,Export Growth Program,Dugo Systems Inc,Halifax,B3J3K5,7600.00,1,44.644489,-63.572554,1,1
257,2018-2019,2018,Business Services,Halifax,1,Export Growth Program,Fit First Holdings Inc.,Dartmouth,B3B1X2,6775.00,1,44.710189,-63.595848,1,1
258,2018-2019,2018,ICT (includes Digital Media),Halifax,1,Export Growth Program,Journeyman Film Company Ltd.,Dartmouth,B2Y2S6,10375.00,1,44.666248,-63.566107,1,1
259,2018-2019,2018,Oceans Technology,Halifax,1,Export Growth Program,Survival Systems Ltd,Dartmouth,B2Y4W6,3808.00,1,44.6562,-63.539046,1,1
260,2018-2019,2018,Agri-food,Kings,1,Export Growth Program,TapRoot Fibre Lab Inc,Port Williams,B0P1T0,2050.00,1,45.159695,-64.362715,1,1
261,2018-2019,2018,ICT (includes Digital Media),Halifax,1,Export Growth Program,Densitas Inc,Halifax,B3H3Z1,7499.00,1,44.637136,-63.59645,1,1
262,2018-2019,2018,Fish & Seafood Processing,Yarmouth,1,Export Growth Program,Eel Lake Oyster Farm,Ste-Anne-Du-Ruisseau,B0W2X0,2400.00,1,43.81874,-65.951742,1,1
263,2018-2019,2018,Advanced Manufacturing,Pictou,1,Export Growth Program,MacGregors Industrial Group,New Glasgow,B2H5C7,2309.00,1,45.586891,-62.643478,1,1
264,2018-2019,2018,Business Services,Halifax,1,Export Growth Program,Pivotal Coaching,Halifax,B3K1G7,4845.00,1,44.653612,-63.588554,1,1
265,2018-2019,2018,Business Services,Halifax,1,Export Growth Program,Raised Performance Media Inc.,Halifax,B3J2A4,11325.00,1,44.647278,-63.574131,1,1
266,2018-2019,2018,Film Production,Halifax,1,Export Growth Program,Arcadia Entertainment Inc.,Halifax,B3L1A9,7698.00,1,44.644087,-63.601752,1,1
267,2018-2019,2018,ICT (includes Digital Media),Halifax,1,Export Growth Program,Boondoc Technologies Inc (The Rounds),Halifax,B3K4X5,10687.00,1,44.662185,-63.611268,1,1
268,2018-2019,2018,Advanced Manufacturing,Kings,1,Export Growth Program,Burnt Out Solutions Inc,New Minas,B4N3N2,17100.00,1,45.068558,-64.453388,1,1
269,2018-2019,2018,Agri-food,Halifax,1,Export Growth Program,Cove Kombucha,Halifax,B3J2J9,3350.00,1,44.640981,-63.576924,1,1
270,2019-2020,2019,Business Services,Halifax,1,EGP,Dillon Consulting Ltd.,Halifax,B3S 1B3,3089.00,1,44.6423613,-63.665839,1,1
271,2018-2019,2018,Business Services,Halifax,1,Export Growth Program,EcoAdvisors Inc,Halifax,B3H3K6,17475.00,1,44.6435245,-63.590845,1,1
272,2018-2019,2018,Engineering & Professional,Halifax,1,Export Growth Program,Stantec,Dartmouth,B3A0A4,12784.00,1,44.689132,-63.561484,1,1
273,2018-2019,2018,Business Services,Halifax,1,Export Growth Program,The Instratify Group Inc.,Halifax,B3J4A2,2500.00,1,44.642783,-63.577842,1,1
274,2018-2019,2018,ICT (includes Digital Media),Halifax,1,Export Growth Program,Cartoon Conrad Productions Inc,Beaver Bank,B4G1C5,2855.00,1,44.853799,-63.691467,1,1
275,2018-2019,2018,ICT (includes Digital Media),Halifax,1,Export Growth Program,Cartoon Conrad Productions Inc,Beaver Bank,B4G1C5,1400.00,1,44.853799,-63.691467,1,1
276,2018-2019,2018,Business Services,Halifax,1,Export Growth Program,Dillon Consulting Ltd,Halifax,B3S1B3,4335.00,1,44.637971,-63.663711,1,1
277,2018-2019,2018,Fish & Seafood Processing,Hants,1,Export Growth Program,McGlone Sales and Consulting,Windsor,B0N2T0,2275.00,1,44.819594,-64.318054,1,1
278,2018-2019,2018,Energy,Halifax,1,Export Growth Program,Novonix Battery Testing Services Inc,Bedford,B4B1H1,5475.00,1,44.722456,-63.710231,1,1
279,2018-2019,2018,Business Services,Halifax,1,Export Growth Program,Sassy Solutions Consulting Limited,Halifax,B3M3C8,1665.00,1,44.657547,-63.652605,1,1
280,2018-2019,2018,Business Services,Pictou,1,Export Growth Program,Stright-MacKay Ltd,New Glasgow,B2H5E1,2265.00,1,45.604452,-62.638714,1,1
281,2018-2019,2018,Advanced Manufacturing,Lunenburg,1,Export Growth Program,AGL Group Holding Limited,Bridgewater,B0J2C0,1609.00,1,44.37635,-64.309889,1,1
282,2018-2019,2018,Business Services,Halifax,1,Export Growth Program,Arrivals + Departures Communications Limited,Halifax,B3J1S9,3445.00,1,44.652261,-63.576866,1,1
283,2018-2019,2018,ICT (includes Digital Media),Cape Breton,1,Export Growth Program,Breton SmarTek Inc,Sydney,B1P6H1,3737.00,1,46.083532,-60.224927,1,1
284,2018-2019,2018,Agri-food,Halifax,1,Export Growth Program,Chocolate Hackers,Halifax,B3K2H7,2430.00,1,44.665088,-63.604915,1,1
285,2018-2019,2018,Advanced Manufacturing,Halifax,1,Export Growth Program,DynaGen Technologies Incorporated,Dartmouth,B3B1W8,9050.00,1,44.70058,-63.579683,1,1
286,2018-2019,2018,Energy,Halifax,1,Export Growth Program,Eosense Inc,Dartmouth,B3B1E8,6780.00,1,44.694128,-63.613528,1,1
287,2018-2019,2018,Advanced Manufacturing,Halifax,1,Export Growth Program,Fossil Power Systems Inc.,Beaver Bank,B4G1E2,6700.00,1,44.870831,-63.68541,1,1
288,2018-2019,2018,ICT (includes Digital Media),Halifax,1,Export Growth Program,InterTalk Critical Information Systems Inc,Dartmouth,B3B1J4,5284.00,1,44.704132,-63.611144,1,1
289,2018-2019,2018,ICT (includes Digital Media),Cape Breton,1,Export Growth Program,LearnCorp International,Sydney,B1P6L2,13500.00,1,46.14367,-60.19332,1,1
290,2018-2019,2018,Business Services,Victoria,1,Export Growth Program,Sailing CBI Inc,Baddeck,B0E1B0,4618.00,1,46.073988,-60.8321268,1,1
291,2018-2019,2018,Film Production,Colchester,1,Export Growth Program,Bad Fem Productions Inc.,Truro,B2N1C1,3417.00,1,45.363579,-63.29626,1,1
292,2018-2019,2018,ICT (includes Digital Media),Kings,1,Export Growth Program,Colibri Software,Wolfville,B4P2R6,1483.00,1,45.0890494,-64.36820119,1,1
293,2018-2019,2018,Film Production,Lunenburg,1,Export Growth Program,Festina Lente Productions Inc.,Chester,B0J1J0,3285.00,1,44.560562,-64.225079,1,1
294,2018-2019,2018,Advanced Manufacturing,Halifax,1,Export Growth Program,Halifax Glassworks Limited,Halifax,B3J1M4,1800.00,1,44.648963,-63.572203,1,1
295,2018-2019,2018,ICT (includes Digital Media),Halifax,1,Export Growth Program,Modest Tree Media Inc,Halifax,B3K2R6,7250.00,1,44.665253,-63.613967,1,1
296,2018-2019,2018,Business Services,Halifax,1,Export Growth Program,SEG Consulting Inc.,Halifax,B3J3J8,2312.00,1,44.65095794,-63.57894264,1,1
297,2018-2019,2018,Film Production,Halifax,1,Export Growth Program,Shut Up & Colour Pictures Inc,Halifax,B3K1P6,13796.00,1,44.658346,-63.592883,1,1
298,2018-2019,2018,ICT (includes Digital Media),Halifax,1,Export Growth Program,SolutionInc Ltd,Halifax,B3K1T2,4750.00,1,44.658385,-63.595928,1,1
299,2018-2019,2018,ICT (includes Digital Media),Halifax,1,Export Growth Program,Swept Technologies Inc.,Halifax,B3J0A7,5800.00,1,44.6450065,-63.5746568,1,1
300,2018-2019,2018,Advanced Manufacturing,Halifax,1,Export Growth Program,WoodChaCallIt Toy and Wood Crafters,Hatchet Lake,B3T1P7,7177.00,1,44.56335,-63.729792,1,1
301,2018-2019,2018,Business Services,Halifax,1,Export Growth Program,EfficiencyOne Services Inc,Dartmouth,B3B1G5,12701.00,1,44.69816,-63.605171,1,1
302,2018-2019,2018,Oceans Technology,Shelburne,1,Export Growth Program,ProNova Marine Products Limited,Lower Woods Harbour,B0W2E0,2042.00,1,43.506113,-65.718791,1,1
303,2018-2019,2018,ICT (includes Digital Media),Halifax,1,Export Growth Program,QRA Corp,Halifax,B3K5L2,9487.00,1,44.659309,-63.602819,1,1
304,2018-2019,2018,Life Sciences,Halifax,1,Export Growth Program,VitaMed Inc,Bedford,B4A1G5,15000.00,1,44.709158,-63.670275,1,1
305,2018-2019,2018,Business Services,Halifax,1,Export Growth Program,Core Elements Advisors Inc.,Halifax,B3H3K1,1575.00,1,44.639667,-63.588845,1,1
306,2018-2019,2018,ICT (includes Digital Media),Halifax,1,Export Growth Program,Keeping Roads Safe Technologies Inc,Bedford,B4B1H1,12750.00,1,44.722456,-63.710231,1,1
307,2018-2019,2018,Film Production,Halifax,1,Export Growth Program,Andrew MacCormack,Dartmouth,B3A3R7,513.00,1,44.679054,-63.563906,1,1
308,2018-2019,2018,Advanced Manufacturing,Pictou,1,Export Growth Program,Aqua Production Systems Incorporated,New Glasgow,B2H5C4,14980.00,1,45.576852,-62.58817,1,1
309,2018-2019,2018,ICT (includes Digital Media),Halifax,1,Export Growth Program,InnovaSea Marine Systems Canada Inc DBA Vemco,Hammonds Plains,B4B1L9,5725.00,1,44.700635,-63.754376,1,1
310,2018-2019,2018,Engineering & Professional,Halifax,1,Export Growth Program,Nexus Coastal Resource Management,Hubley,B3Z1B8,6700.00,1,44.672015,-63.795244,1,1
311,2018-2019,2018,ICT (includes Digital Media),Halifax,1,Export Growth Program,NS Sports Media Pros Ltd,Halifax,B3S0B9,17875.00,1,44.658753,-63.6851302,1,1
312,2018-2019,2018,Business Services,Halifax,1,Export Growth Program,Over The Edge (Canada) Inc,Halifax,B3P1K9,5000.00,1,44.624443,-63.617374,1,1
313,2018-2019,2018,Oceans Technology,Lunenburg,1,Export Growth Program,Pro-Oceanus Systems Inc,Bridgewater,B4V1N1,14925.00,1,44.379736,-64.52322,1,1
314,2018-2019,2018,ICT (includes Digital Media),Lunenburg,1,Export Growth Program,Sales Beacon,Brooklyn,B0J1H0,10352.00,1,44.055473,-64.710851,1,1
315,2018-2019,2018,Fish & Seafood Processing,Halifax,1,Export Growth Program,Sober Island Oysters Limited,Sheet Harbour,B0J3B0,7800.00,1,44.883146,-62.441121,1,1
316,2018-2019,2018,Oceans Technology,Halifax,1,Export Growth Program,Survival Systems Ltd,Dartmouth,B2Y4W6,6850.00,1,44.6562,-63.539046,1,1
317,2018-2019,2018,Fish & Seafood Processing,Victoria,1,Export Growth Program,Victoria Co-Operative Fisheries Ltd,Neils Harbour,B0C1N0,15304.00,1,46.762745,-60.343878,1,1
318,2018-2019,2018,Advanced Manufacturing,Guysborough,1,Export Growth Program,The Soap Company of Nova Scotia Ltd,Sherbrooke,B0J3C0,1350.00,1,45.193706,-62.026841,1,1
319,2018-2019,2018,Advanced Manufacturing,Colchester,1,Export Growth Program,My Home Apparel,Truro,B2N2K5,7400.00,1,45.363155,-63.27507,1,1
320,2018-2019,2018,ICT (includes Digital Media),Halifax,1,Export Growth Program,QRA Corp,Halifax,B3K5L2,10438.00,1,44.659309,-63.602819,1,1
321,2018-2019,2018,ICT (includes Digital Media),Halifax,1,Export Growth Program,RIMOT.IO Inc,Dartmouth,B2Y4M9,1547.00,1,44.660305,-63.542698,1,1
322,2018-2019,2018,ICT (includes Digital Media),Halifax,1,Export Growth Program,Site 2020 Inc.,Dartmouth,B3B1L3,23625.00,1,44.704755,-63.595664,1,1
323,2018-2019,2018,ICT (includes Digital Media),Halifax,1,Export Growth Program,Social Navigator Inc,Halifax,B3S0B9,25000.00,1,44.658753,-63.6851302,1,1
324,2018-2019,2018,Agri-food,Kings,1,Export Growth Program,Benjamin Bridge Vineyards,Wolfville,B4P2R1,14263.00,1,45.013938,-64.403589,1,1
325,2018-2019,2018,Advanced Manufacturing,Halifax,1,Export Growth Program,Eye Catch Signs Limited,Halifax,B3K3V4,15000.00,1,44.654665,-63.590323,1,1
326,2018-2019,2018,ICT (includes Digital Media),Halifax,1,Export Growth Program,Flo Digital Inc,Halifax,B3J2X2,3232.00,1,44.648416,-63.645986,1,1
327,2018-2019,2018,Business Services,Halifax,1,Export Growth Program,Focal Research Consultants Limited,Halifax,B3L2C2,7300.00,1,44.653612,-63.627898,1,1
328,2018-2019,2018,ICT (includes Digital Media),Halifax,1,Export Growth Program,Journeyman Film Company Ltd.,Dartmouth,B2Y2S6,4565.00,1,44.666248,-63.566107,1,1
329,2018-2019,2018,Film Production,Halifax,1,Export Growth Program,Sea to Sea Productions Ltd.,Boutiliers Point,B3Z1R3,2700.00,1,44.6653421,-63.95209554,1,1
330,2018-2019,2018,Business Services,Halifax,1,Export Growth Program,Shift,Head Of St Margarets Bay,B3Z1X8,4700.00,1,44.680846,-63.919943,1,1
331,2018-2019,2018,Oceans Technology,Halifax,1,Export Growth Program,Turbulent Research Inc,Beechville,B3T1A2,15000.00,1,44.636774,-63.690551,1,1
332,2018-2019,2018,Advanced Manufacturing,Shelburne,1,Export Growth Program,Ven-Rez Products Ltd,Shelburne,B0T1W0,4915.00,1,43.66134,-65.41816,1,1
333,2018-2019,2018,Oceans Technology,Halifax,1,Export Growth Program,Xeos Technologies Inc,Dartmouth,B3B1L6,15000.00,1,44.715039,-63.604817,1,1
334,2018-2019,2018,Life Sciences,Halifax,1,Export Growth Program,APPILI Therapeutics,Halifax,B3H1A8,15000.00,1,44.624478,-63.573789,1,1
335,2018-2019,2018,ICT (includes Digital Media),Halifax,1,Export Growth Program,Bereda Training Inc.,Halifax,B3J3K5,927.00,1,44.644489,-63.572554,1,1
336,2018-2019,2018,Business Services,Halifax,1,Export Growth Program,Black Star Wealth Partners,Halifax,B3L1K9,6125.00,1,44.649413,-63.599571,1,1
337,2018-2019,2018,Agri-food,Halifax,1,Export Growth Program,Cabbage Patch Kimchi,Halifax,B3H2S9,800.00,1,44.634901,-63.573625,1,1
338,2018-2019,2018,Film Production,Halifax,1,Export Growth Program,Gorgeous Mistake Productions,Dartmouth,B3A2Y3,6962.00,1,44.673505,-63.574093,1,1
339,2018-2019,2018,Advanced Manufacturing,Halifax,1,Export Growth Program,Graphite Innovation and Technologies Inc.,Dartmouth,B2Y4M9,7425.00,1,44.660305,-63.542698,1,1
340,2020-2021,2020,Life Sciences,Victoria,1,PIVP,Stones Pharmasave,Baddeck,B0E1B0,15000.00,1,46.234036,-61.299174,1,1
341,2018-2019,2018,Advanced Manufacturing,Halifax,1,Export Growth Program,Nautics Group Inc.,Bedford,B4A1E2,12925.00,1,44.728037,-63.66463,1,1
342,2018-2019,2018,Advanced Manufacturing,Hants,1,Export Growth Program,Nu-Air Ventilation Systems Inc,Windsor,B0N2T0,12415.00,1,44.819594,-64.318054,1,1
343,2018-2019,2018,Oceans Technology,Colchester,1,Export Growth Program,Ocean Sonics Ltd,Great Village,B0M1L0,15000.00,1,45.369405,-63.662186,1,1
344,2018-2019,2018,ICT (includes Digital Media),Halifax,1,Export Growth Program,Retail Deep,Halifax,B3J3K5,900.00,1,44.644489,-63.572554,1,1
345,2018-2019,2018,Film Production,Antigonish,1,Export Growth Program,Rebel Road Films,Antigonish,B2G2L3,500.00,1,45.562152,-62.100393,1,1
346,2018-2019,2018,Agri-food,Kings,1,Export Growth Program,Benjamin Bridge Vineyards,Wolfville,B4P2R1,525.00,1,45.013938,-64.403589,1,1
347,2018-2019,2018,Life Sciences,Halifax,1,Export Growth Program,BlueLight Analytics Inc,Halifax,B3L4G4,25000.00,1,44.642071,-63.620539,1,1
348,2018-2019,2018,Life Sciences,Halifax,1,Export Growth Program,DGI Clinical Inc.,Halifax,B3J2E3,12908.00,1,44.646813,-63.576047,1,1
349,2018-2019,2018,Engineering & Professional,Halifax,1,Export Growth Program,EcoPilot Canada Inc.,Halifax,B3J3L7,8137.00,1,44.649083,-63.575048,1,1
350,2018-2019,2018,ICT (includes Digital Media),Halifax,1,Export Growth Program,Nodalblock Canada Holdings Inc.,Halifax,B3J3N2,2500.00,1,44.65201157,-63.57606155,1,1
351,2018-2019,2018,Energy,Halifax,1,Export Growth Program,Novonix Battery Testing Services Inc,Bedford,B4B1H1,4550.00,1,44.722456,-63.710231,1,1
352,2018-2019,2018,Life Sciences,Halifax,1,Export Growth Program,Precision BioLogic Incorporated,Dartmouth,B3B0A9,15000.00,1,44.695212,-63.573165,1,1
353,2018-2019,2018,Advanced Manufacturing,Yarmouth,1,Export Growth Program,Tri-Star Industries Limited,Yarmouth,B5A4B4,4675.00,1,43.842674,-66.118319,1,1
354,2018-2019,2018,Fish & Seafood Processing,Halifax,1,Export Growth Program,World Link Food Distributors Inc,Enfield,B2T1K3,2450.00,1,44.8796973,-63.52380855,1,1
355,2018-2019,2018,Advanced Manufacturing,Halifax,1,Export Growth Program,Climate Technical Gear,Dartmouth,B3B1S2,12275.00,1,44.695586,-63.592089,1,1
356,2018-2019,2018,Advanced Manufacturing,Halifax,1,Export Growth Program,DynaGen Technologies Incorporated,Dartmouth,B3B1W8,5800.00,1,44.70058,-63.579683,1,1
357,2018-2019,2018,Advanced Manufacturing,Kings,1,Export Growth Program,Freshify Inc,Wolfville,B4P1P8,7494.00,1,45.08579837,-64.37466729,1,1
358,2018-2019,2018,Agri-food,Halifax,1,Export Growth Program,Midgard Insect Farm Inc,Halifax,B3L1V1,13555.00,1,44.654196,-63.602803,1,1
359,2018-2019,2018,Fish & Seafood Processing,Yarmouth,1,Export Growth Program,Ocean Pride Fisheries Limited (Atlantic Treasure Limited),Lower Wedgeport,B0W2B0,5927.00,1,43.717172,-65.97528,1,1
360,2018-2019,2018,Business Services,Halifax,1,Export Growth Program,Proven Marketing for Lawyers Inc.,Halifax,B3H4K6,3246.00,1,44.637258,-63.578788,1,1
361,2018-2019,2018,ICT (includes Digital Media),Halifax,1,Export Growth Program,Vesuvius Media Ltd.,Halifax,B3M1W8,12808.00,1,44.676671,-63.650445,1,1
362,2018-2019,2018,Oceans Technology,Halifax,1,Export Growth Program,EOceans Research and Consulting Inc.,Dartmouth,B2Y1T7,2800.00,1,44.674503,-63.555147,1,1
363,2018-2019,2018,Advanced Manufacturing,Pictou,1,Export Growth Program,I Matheson & Company (IMC) Ltd,New Glasgow,B2H5E5,2100.00,1,45.601704,-62.612365,1,1
364,2018-2019,2018,Agri-food,Halifax,1,Export Growth Program,JusNova Agriculture Ltd,Halifax,B3M1N1,12850.00,1,44.66397,-63.641789,1,1
365,2018-2019,2018,ICT (includes Digital Media),Halifax,1,Export Growth Program,MindSea Development Incorporated,Halifax,B3J3M8,25000.00,1,44.647395,-63.5727,1,1
366,2018-2019,2018,Fish & Seafood Processing,Halifax,1,Export Growth Program,Blois Fish Processing Automation Limited,Dartmouth,B2V2S7,13825.00,1,44.653288,-63.476576,1,1
367,2018-2019,2018,Business Services,Halifax,1,Export Growth Program,Enginuity Inc.,Halifax,B3P1M1,10315.00,1,44.619123,-63.615546,1,1
368,2018-2019,2018,Business Services,Halifax,1,Export Growth Program,Fourth Wave Strategy Inc,Dartmouth,B2X3G1,14901.00,1,44.69860475,-63.5417345,1,1
369,2018-2019,2018,Advanced Manufacturing,Shelburne,1,Export Growth Program,Allendale Electronics Ltd,Lockeport,B0T1L0,14000.00,1,43.71839,-65.12347,1,1
370,2018-2019,2018,ICT (includes Digital Media),Halifax,1,Export Growth Program,Dragon Veterinary Canada Limited,Bedford,B4A1H4,15000.00,1,44.711731,-63.674559,1,1
371,2018-2019,2018,Advanced Manufacturing,Halifax,1,Export Growth Program,Duckish Natural Skin Care Limited,Halifax,B3L1K1,5047.00,1,44.649822,-63.595101,1,1
372,2018-2019,2018,Oceans Technology,Hants,1,Export Growth Program,Romor Ocean Solutions,Mount Uniacke,B0N1Z0,13697.00,1,45.034086,-63.870954,1,1
373,2018-2019,2018,Agri-food,Lunenburg,1,Export Growth Program,Schoolhouse Gluten Free Gourmet Ltd.,Mahone Bay,B0J2E0,2185.00,1,44.308292,-64.307402,1,1
374,2018-2019,2018,ICT (includes Digital Media),Halifax,1,Export Growth Program,Spritely Technologies Inc,Halifax,B3S1E5,7900.00,1,44.662523,-63.665971,1,1
375,2018-2019,2018,Energy,Halifax,1,Export Growth Program,Green Power Labs Inc,Dartmouth,B2Y4M9,15000.00,1,44.660305,-63.542698,1,1
376,2018-2019,2018,Business Services,Halifax,1,Export Growth Program,Andrea Janzen Professional Coaching,Halifax,B3L2S7,801.00,1,44.644887,-63.599408,1,1
377,2018-2019,2018,Business Services,Halifax,1,Export Growth Program,Atlantic Ambassatours Ltd.,Halifax,B3K2V6,3737.00,1,44.666131,-63.619767,1,1
378,2018-2019,2018,Agri-food,Halifax,1,Export Growth Program,Baie Run Pet Products Inc,Halifax,B3J3N2,14998.00,1,44.65201157,-63.57606155,1,1
379,2018-2019,2018,Agri-food,Kings,1,Export Growth Program,Benjamin Bridge Vineyards,Wolfville,B4P2R1,16350.00,1,45.013938,-64.403589,1,1
380,2018-2019,2018,ICT (includes Digital Media),Halifax,1,Export Growth Program,Left Meets Right Creative Co,Halifax,B3K5V4,500.00,1,44.665139,-63.614427,1,1
381,2018-2019,2018,Advanced Manufacturing,Lunenburg,1,Export Growth Program,RPS Composites Inc,Mahone Bay,B0J2E0,7500.00,1,44.308292,-64.307402,1,1
382,2018-2019,2018,Film Production,Halifax,1,Export Growth Program,Ruby Tree Films Inc.,Halifax,B3J2A1,4698.00,1,44.646552,-63.573748,1,1
383,2018-2019,2018,Business Services,Halifax,1,Export Growth Program,Success Through Trust Inc,Halifax,B3L2H3,4748.00,1,44.648102,-63.626126,1,1
384,2018-2019,2018,Agri-food,Lunenburg,1,Export Growth Program,Muwin Estate Wines Ltd,New Ross,B0J2M0,15000.00,1,44.706544,-63.916747,1,1
385,2018-2019,2018,Film Production,Halifax,1,Export Growth Program,Black Dog Films / The Monster Productions Inc,Halifax,B3L1P4,21119.00,1,44.652126,-63.598415,1,1
386,2018-2019,2018,Advanced Manufacturing,Lunenburg,1,Export Growth Program,GN Plastics Company Ltd.,Chester,B0J1J0,14525.00,1,44.560562,-64.225079,1,1
387,2018-2019,2018,ICT (includes Digital Media),Halifax,1,Export Growth Program,Keeping Roads Safe Technologies Inc,Bedford,B4B1H1,3000.00,1,44.722456,-63.710231,1,1
388,2018-2019,2018,Advanced Manufacturing,Halifax,1,Export Growth Program,Nautel Limited,Hacketts Cove,B3Z3J4,15000.00,1,44.686573,-63.852091,1,1
389,2018-2019,2018,ICT (includes Digital Media),Halifax,1,Export Growth Program,Efficiency Properties,Halifax,B3K3P2,6600.00,1,44.668481,-63.605039,1,1
390,2018-2019,2018,Aerospace & Defence,Halifax,1,Export Growth Program,Aerovision Canada,Beechville,B3T1A2,3935.00,1,44.636774,-63.690551,1,1
391,2018-2019,2018,Fish & Seafood Processing,Halifax,1,Export Growth Program,Atlantic Sea Cucumber Ltd,Hacketts Cove,B3Z3K7,14952.00,1,44.662435,-63.757708,1,1
392,2018-2019,2018,Oceans Technology,Halifax,1,Export Growth Program,Focal Technologies Corporation,Dartmouth,B3B1Z4,15000.00,1,44.711855,-63.587502,1,1
393,2018-2019,2018,Energy,Halifax,1,Export Growth Program,Glas Ocean Electric Inc,Halifax,B3P2H3,14250.00,1,44.615051,-63.577884,1,1
394,2018-2019,2018,Film Production,Lunenburg,1,Export Growth Program,Picture Plant Ltd.,Bridgewater,B0J2C0,4089.00,1,44.37635,-64.309889,1,1
395,2018-2019,2018,Business Services,Hants,1,Export Growth Program,Red Dragon Marketing,Windsor,B0N2T0,8180.00,1,44.819594,-64.318054,1,1
396,2018-2019,2018,Energy,Halifax,1,Export Growth Program,Roswall Development Incorporated,Halifax,B3M2L3,1000.00,1,44.683287,-63.66099,1,1
397,2018-2019,2018,Business Services,Halifax,1,Export Growth Program,Strongest Families Institute,Lower Sackville,B4C4E6,8925.00,1,44.7606098,-63.65843038,1,1
398,2018-2019,2018,Agri-food,Halifax,1,Export Growth Program,2 Crows Brewing Ltd,Halifax,B3J2G7,4675.00,1,44.649349,-63.578146,1,1
399,2018-2019,2018,ICT (includes Digital Media),Halifax,1,Export Growth Program,902HipHop Inc.,Halifax,B3K4N7,14868.00,1,44.654736,-63.594931,1,1
400,2018-2019,2018,Advanced Manufacturing,Halifax,1,Export Growth Program,Canada Rope & Twine Limited,Bedford,B4B1H1,13675.00,1,44.722456,-63.710231,1,1
401,2018-2019,2018,ICT (includes Digital Media),Halifax,1,Export Growth Program,GeoNavo Positioning Systems Inc,Hammonds Plains,B4B2B8,13750.00,1,44.734087,-63.800164,1,1
402,2018-2019,2018,Advanced Manufacturing,Digby,1,Export Growth Program,Hoppy's Safety Hook Enterprise,Saulnierville,B0W2Z0,1640.00,1,43.730094,-65.974666,1,1
403,2018-2019,2018,Energy,Halifax,1,Export Growth Program,Lorax Systems Inc,Dartmouth,B3B1S8,4178.00,1,44.700833,-63.588536,1,1
404,2018-2019,2018,ICT (includes Digital Media),Halifax,1,Export Growth Program,Manage Your Spend,Halifax,B3J3Z2,3322.00,1,44.643446,-63.569364,1,1
405,2018-2019,2018,Advanced Manufacturing,Halifax,1,Export Growth Program,Outdoor-Fit Exercise Systems,Dartmouth,B3B1M3,7000.00,1,44.703405,-63.611768,1,1
406,2018-2019,2018,Oceans Technology,Cape Breton,1,Export Growth Program,Pelagis Data Solutions,Point Edward,B2A4R2,5475.00,1,46.162688,-60.276693,1,1
407,2018-2019,2018,Film Production,Halifax,1,Export Growth Program,Pictou Twist Pictures Inc,Halifax,B3J1J7,7037.00,1,44.645217,-63.573178,1,1
408,2018-2019,2018,ICT (includes Digital Media),Lunenburg,1,Export Growth Program,Sales Beacon,Brooklyn,B0J1H0,4648.00,1,44.055473,-64.710851,1,1
409,2018-2019,2018,ICT (includes Digital Media),Halifax,1,Export Growth Program,Side Door Access Inc,Halifax,B3K1H1,1375.00,1,44.6524635,-63.588243,1,1
410,2018-2019,2018,Business Services,Halifax,1,Export Growth Program,Smarter Spaces Inc,Halifax,B3K5M4,3349.00,1,44.662737,-63.590281,1,1
411,2018-2019,2018,ICT (includes Digital Media),Halifax,1,Export Growth Program,WarrierTech Inc,Halifax,B3H1Y1,14979.00,1,44.640901,-63.5849,1,1
412,2018-2019,2018,ICT (includes Digital Media),Halifax,1,Export Growth Program,SimplyCast Interactive Marketing LTD.,Dartmouth,B2W6E2,2625.00,1,44.681461,-63.535262,1,1
413,2018-2019,2018,Oceans Technology,Halifax,1,Export Growth Program,Omnitech Electronics Inc,Dartmouth,B3B1J4,12500.00,1,44.704132,-63.611144,1,1
414,2018-2019,2018,ICT (includes Digital Media),Halifax,1,Export Growth Program,TerraProForma (FORMERLY - Play the Field),Halifax,B3H3W5,15000.00,1,44.632894,-63.593067,1,1
415,2018-2019,2018,Business Services,Halifax,1,Export Growth Program,Javitech Atlantic Ltd,Halifax,B3M2L8,3081.00,1,44.693973,-63.660842,1,1
416,2018-2019,2018,Oceans Technology,Halifax,1,Export Growth Program,Allswater Marine Consultants Ltd,Bedford,B4A1B9,5300.00,1,44.719376,-63.673227,1,1
417,2018-2019,2018,ICT (includes Digital Media),Halifax,1,Export Growth Program,Atlantic Prepaid,Lower Sackville,B4C2R3,24207.00,1,44.7542213,-63.66590854,1,1
418,2018-2019,2018,Business Services,Halifax,1,Export Growth Program,Blue Ocean Contact Centers,Halifax,B3L4V2,15000.00,1,44.653361,-63.623858,1,1
419,2018-2019,2018,Agri-food,Cape Breton,1,Export Growth Program,Classic Fine Foods,Edwardsville,B2A4S6,1700.00,1,46.15678026,-60.22160264,1,1
420,2018-2019,2018,Film Production,Halifax,1,Export Growth Program,Cut/Off/Tail Pictures,Halifax,B3V1M4,1500.00,1,44.471319,-63.653534,1,1
421,2018-2019,2018,Fish & Seafood Processing,Hants,1,Export Growth Program,First Catch Fisheries Co. Ltd,Enfield,B2T1E4,14250.00,1,44.886106,-63.5174,1,1
422,2018-2019,2018,Fish & Seafood Processing,Halifax,1,Export Growth Program,Ocean Perfect North America Inc.,Enfield,B2T1K3,4325.00,1,44.8796973,-63.52380855,1,1
423,2018-2019,2018,Film Production,Lunenburg,1,Export Growth Program,Picture Plant Ltd.,Bridgewater,B0J2C0,2275.00,1,44.37635,-64.309889,1,1
424,2018-2019,2018,Film Production,Pictou,1,Export Growth Program,Skye Larke Productions Limited,River John,B0K1N0,12020.00,1,45.747988,-63.041939,1,1
425,2018-2019,2018,Life Sciences,Digby,1,Export Growth Program,SOHMA Naturals,Digby,B0V1A0,4500.00,1,44.536344,-65.84642,1,1
426,2018-2019,2018,Business Services,Halifax,1,Export Growth Program,The Discovery Centre International Inc.,Halifax,B3J3S8,15000.00,1,44.64141,-63.568235,1,1
427,2018-2019,2018,Business Services,Halifax,1,Export Growth Program,The Family Knife Marketing Consultancy Inc.,Halifax,B3L3G5,5150.00,1,44.643919,-63.613647,1,1
428,2018-2019,2018,Business Services,Halifax,1,Export Growth Program,Twirp Communications,Hammonds Plains,B4B1M2,6600.00,1,44.69567657,-63.75765119,1,1
429,2018-2019,2018,Advanced Manufacturing,Shelburne,1,Export Growth Program,Ven-Rez Products Ltd,Shelburne,B0T1W0,2386.00,1,43.66134,-65.41816,1,1
430,2018-2019,2018,Film Production,Halifax,1,Export Growth Program,Vertical Productions Inc.,Head Of St Margarets Bay,B3Z2G5,5870.00,1,44.68497759,-63.90069908,1,1
431,2018-2019,2018,ICT (includes Digital Media),Halifax,1,Export Growth Program,B4Checkin Limited,Halifax,B3J3S9,4546.00,1,44.640361,-63.586911,1,1
432,2018-2019,2018,Business Services,Halifax,1,Export Growth Program,Guild Software Inc,Bedford,B4A1E6,11350.00,1,44.731599,-63.657959,1,1
433,2018-2019,2018,Advanced Manufacturing,Halifax,1,Export Growth Program,Atlantex Limited,Head Of Chezzetcook,B0J1N0,2482.00,1,44.375846,-64.326325,1,1
434,2018-2019,2018,Agri-food,Halifax,1,Export Growth Program,Bandha Nutrition Products,Halifax,B3J1Z2,2295.00,1,44.643044,-63.571931,1,1
435,2018-2019,2018,Advanced Manufacturing,Shelburne,1,Export Growth Program,Boxing Rock Brewing Co,Shelburne,B0T1W0,13720.00,1,43.66134,-65.41816,1,1
436,2018-2019,2018,ICT (includes Digital Media),Cape Breton,1,Export Growth Program,Breton SmarTek Inc,Sydney,B1P6H1,9108.00,1,46.083532,-60.224927,1,1
437,2018-2019,2018,Advanced Manufacturing,Halifax,1,Export Growth Program,Dormie Golf Workshop Inc.,Halifax,B3K2Y3,8568.00,1,44.660963,-63.590301,1,1
438,2018-2019,2018,Oceans Technology,Halifax,1,Export Growth Program,Dynamic Systems Analysis Ltd.,Halifax,B3K4X8,6725.00,1,44.661614,-63.614939,1,1
439,2018-2019,2018,Agri-food,Halifax,1,Export Growth Program,Ednaturals Bar,Halifax,B3P1H5,4620.00,1,44.617409,-63.610642,1,1
440,2018-2019,2018,ICT (includes Digital Media),Halifax,1,Export Growth Program,InterTalk Critical Information Systems Inc,Dartmouth,B3B1J4,5800.00,1,44.704132,-63.611144,1,1
441,2018-2019,2018,Film Production,Halifax,1,Export Growth Program,Magic Rock Productions,Halifax,B3J1K9,5000.00,1,44.645676,-63.575676,1,1
442,2018-2019,2018,ICT (includes Digital Media),Cape Breton,1,Export Growth Program,Marcato Digital Solutions Inc,Sydney,B1P6J1,8175.00,1,46.083533,-60.224927,1,1
443,2018-2019,2018,Energy,Halifax,1,Export Growth Program,Mersey Consulting Ltd,Shad Bay,B3T2B5,10025.00,1,44.52367796,-63.78345074,1,1
444,2018-2019,2018,Advanced Manufacturing,Halifax,1,Export Growth Program,Mil-Aero Electronics Atlantic Inc,Dartmouth,B2Y4V9,2660.00,1,44.657211,-63.540249,1,1
445,2018-2019,2018,Business Services,Halifax,1,Export Growth Program,Partner International Inc,Dartmouth,B2Y4T6,15000.00,1,44.661923,-63.544976,1,1
446,2018-2019,2018,Energy,Pictou,1,Export Growth Program,Stark International Inc,New Glasgow,B2H2T3,13703.00,1,45.58895964,-62.6438518,1,1
447,2018-2019,2018,Fish & Seafood Processing,Halifax,1,Export Growth Program,Capital Seafood International Incorporated,Eastern Passage,B3G1M5,15000.00,1,44.61556,-63.492851,1,1
448,2018-2019,2018,Fish & Seafood Processing,Halifax,1,Export Growth Program,3231974 NOVA SCOTIA LIMITED o/a Do Lobster,Eastern Passage,B3G1M4,6151.00,1,44.612474,-63.494322,1,1
449,2018-2019,2018,Advanced Manufacturing,Halifax,1,Export Growth Program,Aerotec Engines Limited,Beaver Bank,B4G1A6,12700.00,1,44.821286,-63.696482,1,1
450,2018-2019,2018,Energy,Halifax,1,Export Growth Program,CBCL Limited,Halifax,B3J2R7,14820.00,1,44.651581,-63.572435,1,1
451,2018-2019,2018,Film Production,Halifax,1,Export Growth Program,Clerisy Management Group Limited,Dartmouth,B3B1W9,5500.00,1,44.69696,-63.579685,1,1
452,2018-2019,2018,ICT (includes Digital Media),Halifax,1,Export Growth Program,Cribcut,Halifax,B3J3R7,9375.00,1,44.65208895,-63.57614729,1,1
453,2018-2019,2018,ICT (includes Digital Media),Halifax,1,Export Growth Program,Current Studios Inc,Halifax,B3J3X8,15768.00,1,44.64669,-63.576767,1,1
454,2018-2019,2018,ICT (includes Digital Media),Halifax,1,Export Growth Program,Dugo Systems Inc,Halifax,B3J3K5,3600.00,1,44.644489,-63.572554,1,1
455,2018-2019,2018,Business Services,Halifax,1,Export Growth Program,East Coast School of Languages (ECSL),Halifax,B3J1V6,4519.00,1,44.646015,-63.571891,1,1
456,2018-2019,2018,Business Services,Halifax,1,Export Growth Program,Fit First Holdings Inc.,Dartmouth,B3B1X2,4400.00,1,44.710189,-63.595848,1,1
457,2018-2019,2018,Business Services,Halifax,1,Export Growth Program,Iris Booth Incorporated,Halifax,B3K2Z8,11041.00,1,44.651755,-63.581653,1,1
458,2018-2019,2018,Energy,Halifax,1,Export Growth Program,Lorax Systems Inc,Dartmouth,B3B1S8,10024.00,1,44.700833,-63.588536,1,1
459,2018-2019,2018,ICT (includes Digital Media),Halifax,1,Export Growth Program,Retail Deep,Halifax,B3J3K5,3675.00,1,44.644489,-63.572554,1,1
460,2018-2019,2018,Agri-food,Halifax,1,Export Growth Program,Tucan Olive Oil Company Ltd,Dartmouth,B2W2P8,2699.00,1,44.672757,-63.519127,1,1
461,2018-2019,2018,Oceans Technology,Halifax,1,Export Growth Program,4Deep Inwater Imaging,Halifax,B4B1G2,15000.00,1,44.724533,-63.741086,1,1
462,2018-2019,2018,Film Production,Halifax,1,Export Growth Program,Arcadia Entertainment Inc.,Halifax,B3L1A9,10109.00,1,44.644087,-63.601752,1,1
463,2018-2019,2018,Life Sciences,Halifax,1,Export Growth Program,Bend Beauty Inc.,Halifax,B3J1C7,9500.00,1,44.639639,-63.577291,1,1
464,2018-2019,2018,Life Sciences,Halifax,1,Export Growth Program,Beta Glucan Company of Canada Inc.,Halifax,B3H4N3,2150.00,1,44.629216,-63.578083,1,1
465,2018-2019,2018,ICT (includes Digital Media),Halifax,1,Export Growth Program,BlockCrushr Inc.,Halifax,B3L2W4,9200.00,1,44.653374,-63.608409,1,1
466,2018-2019,2018,ICT (includes Digital Media),Halifax,1,Export Growth Program,Boondoc Technologies Inc (The Rounds),Halifax,B3K4X5,18220.00,1,44.662185,-63.611268,1,1
467,2018-2019,2018,Engineering & Professional,Halifax,1,Export Growth Program,C Squared Project Management Services Ltd.,Bedford,B4A0B4,5275.00,1,44.710595,-63.681376,1,1
468,2018-2019,2018,ICT (includes Digital Media),Halifax,1,Export Growth Program,Copernicus Labs Inc,Halifax,B3J3P1,13201.00,1,44.674409,-63.616146,1,1
469,2018-2019,2018,Energy,Halifax,1,Export Growth Program,Eosense Inc,Dartmouth,B3B1E8,5460.00,1,44.694128,-63.613528,1,1
470,2018-2019,2018,Fish & Seafood Processing,Digby,1,Export Growth Program,Innovative Fishery Products Inc,Belliveau Cove,B0W1J0,1515.00,1,44.357602,-66.072105,1,1
471,2018-2019,2018,Fish & Seafood Processing,Halifax,1,Export Growth Program,ITO Seafoods Ltd,Halifax,B3J3R3,7400.00,1,44.64269727,-63.56899455,1,1
472,2018-2019,2018,ICT (includes Digital Media),Halifax,1,Export Growth Program,Momentum IT Group,Halifax,B3J1Y2,10566.00,1,44.64012,-63.570421,1,1
473,2018-2019,2018,Fish & Seafood Processing,Annapolis,1,Export Growth Program,Nautical Seafoods Ltd,Clementsport,B0S1K0,1950.00,1,44.705351,-65.744945,1,1
474,2018-2019,2018,Advanced Manufacturing,Halifax,1,Export Growth Program,Prism Tradeshow Products Inc.,Dartmouth,B2Y4M9,14625.00,1,44.660305,-63.542698,1,1
475,2018-2019,2018,ICT (includes Digital Media),Halifax,1,Export Growth Program,"Sufata Software Solutions, Inc",Hammonds Plains,B4B1E4,14537.00,1,44.725204,-63.740718,1,1
476,2018-2019,2018,ICT (includes Digital Media),Halifax,1,Export Growth Program,Trip Ninja,Halifax,B3J2V1,3750.00,1,44.648416,-63.645986,1,1
477,2018-2019,2018,ICT (includes Digital Media),Halifax,1,Export Growth Program,Uplift Content Inc,Dartmouth,B2Y2G6,5750.00,1,44.661883,-63.553251,1,1
478,2018-2019,2018,Business Services,Halifax,1,Export Growth Program,Verb Interactive Inc.,Halifax,B3J2A2,14970.00,1,44.646512,-63.573726,1,1
479,2018-2019,2018,Business Services,Halifax,1,Export Growth Program,Wired Flare Inc,Dartmouth,B2V1N4,9412.00,1,44.681162,-63.456788,1,1
480,2018-2019,2018,Film Production,Halifax,1,Export Growth Program,Ocean Entertainment Ltd.,Halifax,B3K4T9,15000.00,1,44.650817,-63.593521,1,1
481,2018-2019,2018,Business Services,Halifax,1,Export Growth Program,Pisces Research Project Management Inc,Halifax,B3K2L9,2065.00,1,44.669255,-63.603725,1,1
482,2018-2019,2018,Oceans Technology,Halifax,1,Export Growth Program,Survival Systems Ltd,Dartmouth,B2Y4W6,7390.00,1,44.6562,-63.539046,1,1
483,2018-2019,2018,ICT (includes Digital Media),Pictou,1,Export Growth Program,Web Builders Group Inc,New Glasgow,B2H2P6,10350.00,1,45.587924,-62.644931,1,1
484,2018-2019,2018,ICT (includes Digital Media),Lunenburg,1,Export Growth Program,HB Studios Multimedia Ltd,New Germany,B0R1E0,15000.00,1,44.469069,-64.620343,1,1
485,2018-2019,2018,Advanced Manufacturing,Halifax,1,Innovation Rebate Program,Dartmouth Metals and Bottle Limited,Dartmouth,B3B1H9,596613.00,1,44.702958,-63.607766,1,1
486,2018-2019,2018,Advanced Manufacturing,Shelburne,1,Innovation Rebate Program,"Kenney & Ross, Limited",Shelburne,B0T1W0,636884.00,1,43.66134,-65.41816,1,1
487,2018-2019,2018,Agri-food,Kings,1,Innovation Rebate Program,Ocean Crisp Apple Company Incorporated,Kentville,B4N3V7,1168766.00,1,45.067163,-64.547804,1,1
488,2018-2019,2018,Advanced Manufacturing,Cumberland,1,Innovation Rebate Program,Surrette Battery Company Limited,Springhill,B0M1X0,1200248.00,1,45.664595,-64.034548,1,1
489,2018-2019,2018,Agri-food,Kings,1,Innovation Rebate Program,Benjamin Bridge Vineyards,Wolfville,B4P2R1,1317375.00,1,45.013938,-64.403589,1,1
490,2018-2019,2018,Advanced Manufacturing,Halifax,1,Innovation Rebate Program,John Ross & Sons Ltd.,Halifax,B3S1B3,1070296.00,1,44.637971,-63.663711,1,1
491,2018-2019,2018,Advanced Manufacturing,Halifax,1,Innovation Rebate Program,Maritime Labels & Packaging,Bedford,B4B1G7,540335.00,1,44.725286,-63.707864,1,1
492,2018-2019,2018,Advanced Manufacturing,Colchester,1,Innovation Rebate Program,Kohltech International Ltd,Debert,B0M1G0,843388.00,1,45.468637,-63.531392,1,1
493,2018-2019,2018,Agri-food,Colchester,1,Innovation Rebate Program,Agropur Cooperative,Truro,B2N6W9,1843776.00,1,45.34069389,-63.28926512,1,1
494,2018-2019,2018,Agri-food,Kings,1,Innovation Rebate Program,Scotian Gold Cooperative Ltd,Coldbrook,B4R1A6,477333.00,1,45.0650474,-64.5855291,1,1
495,2018-2019,2018,Agri-food,Cumberland,1,Innovation Rebate Program,Oxford Frozen Foods Ltd,Oxford,B0M1P0,702205.00,1,45.810473,-63.849946,1,1
496,2018-2019,2018,Advanced Manufacturing,Pictou,1,Innovation Rebate Program,Michelin North America (Canada) Inc - Granton,New Glasgow,B2H5E6,3569500.00,1,45.609213,-62.639785,1,1
497,2018-2019,2018,Advanced Manufacturing,Digby,1,Innovation Rebate Program,AF Theriault & Son Ltd.,Meteghan River,B0W2L0,1536878.00,1,44.221552,-66.119502,1,1
498,2018-2019,2018,ICT (includes Digital Media),Halifax,1,P&I Voucher,Kilo Communications Inc,Halifax,B3K1N1,15000.00,1,44.656647,-63.592032,1,1
499,2018-2019,2018,Oceans Technology,Yarmouth,1,P&I Voucher,The Lobster Trap Company Limited,Yarmouth,B5A4B4,25000.00,1,43.842674,-66.118319,1,1
500,2018-2019,2018,Chemicals & Plastics,Cape Breton,1,P&I Voucher,Airesun Global Limited,Glace Bay,B1A4S6,15000.00,1,46.206353,-59.991669,1,1
501,2018-2019,2018,Agri-food,Halifax,1,P&I Voucher,Hivetronics Limited,Dartmouth,B2W4Z3,15000.00,1,44.686741,-63.503976,1,1
502,2018-2019,2018,Life Sciences,Halifax,1,P&I Voucher,Photodynamic Incorporated,Halifax,B3H1A8,25000.00,1,44.624478,-63.573789,1,1
503,2018-2019,2018,Energy,Lunenburg,1,P&I Voucher,NeoThermal Energy Storage Inc,Bridgewater,B4V1P4,15000.00,1,44.378324,-64.523942,1,1
504,2018-2019,2018,Fish & Seafood Processing,Yarmouth,1,P&I Voucher,Scotia Garden Seafoods Inc,Yarmouth,B5A4B1,15000.00,1,43.816747,-66.121483,1,1
505,2018-2019,2018,Life Sciences,Halifax,1,P&I Voucher,Axem Neurotechnology Inc.,Halifax,B3J3K5,15000.00,1,44.644489,-63.572554,1,1
506,2018-2019,2018,Business Services,Halifax,1,P&I Voucher,Focal Research Consultants Limited,Halifax,B3L2C2,25000.00,1,44.653612,-63.627898,1,1
507,2018-2019,2018,Advanced Manufacturing,Halifax,1,P&I Voucher,Nova Aquaponics Incorporated,Halifax,B3M3Y8,25000.00,1,44.676453,-63.667551,1,1
508,2018-2019,2018,ICT (includes Digital Media),Kings,1,P&I Voucher,FoodByte Inc,Wolfville,B4P2R6,15000.00,1,45.0890494,-64.36820119,1,1
509,2018-2019,2018,Fish & Seafood Processing,Cape Breton,1,P&I Voucher,Louisbourg Seafoods Ltd,Louisbourg,B1C1B5,15000.00,1,45.91905461,-59.97144562,1,1
510,2018-2019,2018,Agri-food,Halifax,1,P&I Voucher,Baie Run Pet Products Inc,Halifax,B3J3N2,15000.00,1,44.65201157,-63.57606155,1,1
511,2018-2019,2018,ICT (includes Digital Media),Halifax,1,P&I Voucher,Dugo Systems Inc,Halifax,B3J3K5,25000.00,1,44.644489,-63.572554,1,1
512,2018-2019,2018,Energy,Halifax,1,P&I Voucher,Aurea Technologies Inc,Glen Haven,B3Z2V7,15000.00,1,44.657359,-63.740414,1,1
513,2018-2019,2018,Oceans Technology,Halifax,1,P&I Voucher,D.M.R. Boat Design Limited,Whites Lake,B3T1X3,15000.00,1,44.507267,-63.737267,1,1
514,2018-2019,2018,Fish & Seafood Processing,Cape Breton,1,P&I Voucher,Cape Breton Bivalve Inc,Louisbourg,B1C2L8,15000.00,1,45.918232,-59.976684,1,1
515,2018-2019,2018,ICT (includes Digital Media),Pictou,1,P&I Voucher,Velsoft Training Materials Inc,New Glasgow,B2H2P8,15000.00,1,45.587057,-62.64523,1,1
516,2018-2019,2018,ICT (includes Digital Media),Halifax,1,P&I Voucher,Grey Lit Matters Inc,Halifax,B3P1A8,15000.00,1,44.630968,-63.608219,1,1
517,2018-2019,2018,Advanced Manufacturing,Yarmouth,1,P&I Voucher,F L Action/Reaction Sports,Arcadia,B0W1B0,25000.00,1,43.749188,-65.994395,1,1
518,2018-2019,2018,Agri-food,Hants,1,P&I Voucher,Heritage Memorials Limited,Windsor,B0N2T0,25000.00,1,44.819594,-64.318054,1,1
519,2018-2019,2018,Advanced Manufacturing,Shelburne,1,P&I Voucher,Boxing Rock Brewing Co,Shelburne,B0T1W0,15000.00,1,43.66134,-65.41816,1,1
520,2018-2019,2018,Advanced Manufacturing,Halifax,1,P&I Voucher,The 7 Virtues Beauty Inc,Halifax,B3H1B1,25000.00,1,44.624597,-63.574296,1,1
521,2018-2019,2018,Advanced Manufacturing,Halifax,1,P&I Voucher,Duckish Natural Skin Care Limited,Halifax,B3L1K1,25000.00,1,44.649822,-63.595101,1,1
522,2018-2019,2018,Life Sciences,Halifax,1,P&I Voucher,Chelation Partners Incorporated,Halifax,B3H3Z1,25000.00,1,44.637136,-63.59645,1,1
523,2018-2019,2018,Agri-food,Kings,1,P&I Voucher,Dykeview Farms Limited,Centreville,B0P1J0,15000.00,1,45.195976,-64.680474,1,1
524,2018-2019,2018,Agri-food,Kings,1,P&I Voucher,Fundy Hops,Waterville,B0P1V0,15000.00,1,45.149172,-64.689373,1,1
525,2018-2019,2018,Chemicals & Plastics,Lunenburg,1,P&I Voucher,Atlantick Repellent Products Inc.,Mahone Bay,B0J2E0,25000.00,1,44.308292,-64.307402,1,1
526,2018-2019,2018,Agri-food,Lunenburg,1,P&I Voucher,Saltbox Brewing Company,Mahone Bay,B0J2E0,25000.00,1,44.308292,-64.307402,1,1
527,2018-2019,2018,Agri-food,Cape Breton,1,P&I Voucher,Sea-Pur Seaweed Products,Sydney,B1S3S4,15000.00,1,46.110635,-60.18298,1,1
528,2018-2019,2018,Energy,Halifax,1,P&I Voucher,Alto Solar,Halifax,B3L1P9,15000.00,1,44.652427,-63.599844,1,1
529,2018-2019,2018,ICT (includes Digital Media),Halifax,1,P&I Voucher,Natural Ocean Products Inc.,Halifax,B3V1L9,25000.00,1,44.469104,-63.62997,1,1
530,2018-2019,2018,Advanced Manufacturing,Cape Breton,1,P&I Voucher,RGI Logistics & Technology Inc.,New Waterford,B1H3R7,15000.00,1,46.2412227,-60.09051595,1,1
531,2018-2019,2018,Agri-food,Kings,1,P&I Voucher,L'Acadie Vineyards,Wolfville,B4P2R1,15000.00,1,45.013938,-64.403589,1,1
532,2018-2019,2018,Advanced Manufacturing,Lunenburg,1,P&I Voucher,Stevens Solutions & Design Inc,Mahone Bay,B0J2E0,15000.00,1,44.308292,-64.307402,1,1
533,2018-2019,2018,Agri-food,Digby,1,P&I Voucher,Bear River Vineyards Ltd.,Bear River,B0S1B0,15000.00,1,44.554357,-65.610454,1,1
534,2018-2019,2018,ICT (includes Digital Media),Halifax,1,P&I Voucher,Deprolabs Technology Inc.,Halifax,B3S1G5,15000.00,1,44.672237,-63.673695,1,1
535,2018-2019,2018,Oceans Technology,Halifax,1,P&I Voucher,EOceans Research and Consulting Inc.,Dartmouth,B2Y1T7,15000.00,1,44.674503,-63.555147,1,1
536,2018-2019,2018,Agri-food,Halifax,1,P&I Voucher,Mermaid Fare Inc,Dartmouth,B2Y2W1,15000.00,1,44.667535,-63.56358,1,1
537,2018-2019,2018,Life Sciences,Halifax,1,P&I Voucher,ColorSmith,Halifax,B3H1T1,15000.00,1,44.636159,-63.58619,1,1
538,2018-2019,2018,Advanced Manufacturing,Lunenburg,1,P&I Voucher,Bear Cove Resources,Brooklyn,B0J1H0,15000.00,1,44.055473,-64.710851,1,1
539,2018-2019,2018,Life Sciences,Halifax,1,P&I Voucher,Defenzall Therapeutics Inc.,Fletchers Lake,B2T1A5,15000.00,1,44.8481452,-63.60358426,1,1
540,2018-2019,2018,Agri-food,Halifax,1,P&I Voucher,Finleaf Technologies Inc.,Bedford,B4A1E6,15000.00,1,44.731599,-63.657959,1,1
541,2018-2019,2018,Life Sciences,Victoria,1,P&I Voucher,Stones Pharmacy,Baddeck,B0E1B0,25000.00,1,46.100472,-60.751528,1,1
542,2018-2019,2018,Energy,Halifax,1,P&I Voucher,Propel BioEnergy LTD.,Dartmouth,B2X2A5,15000.00,1,44.693342,-63.536483,1,1
543,2018-2019,2018,Advanced Manufacturing,Halifax,1,P&I Voucher,Graphite Innovation and Technologies Inc.,Dartmouth,B2Y4M9,25000.00,1,44.660305,-63.542698,1,1
544,2018-2019,2018,Fish & Seafood Processing,Richmond,1,P&I Voucher,Apaqtaukewaq Fishery Co-op,St Peters,B0E3B0,15000.00,1,45.620463,-60.957559,1,1
545,2018-2019,2018,ICT (includes Digital Media),Halifax,1,P&I Voucher,PPT Labs Inc.,Halifax,B3K3T7,25000.00,1,44.652558,-63.58727,1,1
546,2018-2019,2018,Advanced Manufacturing,Cumberland,1,P&I Voucher,Surrette Battery Company Limited,Springhill,B0M1X0,25000.00,1,45.664595,-64.034548,1,1
547,2018-2019,2018,Advanced Manufacturing,Guysborough,1,P&I Voucher,The Soap Company of Nova Scotia Ltd,Sherbrooke,B0J3C0,15000.00,1,45.193706,-62.026841,1,1
548,2018-2019,2018,Agri-food,Antigonish,1,P&I Voucher,Tony's Meats Ltd,Antigonish,B2G2L2,15000.00,1,45.654903,-61.944846,1,1
549,2018-2019,2018,ICT (includes Digital Media),Halifax,1,P&I Voucher,NovaResp Technologies Inc.,Halifax,B3H4R4,15000.00,1,44.63642004,-63.56954723,1,1
550,2018-2019,2018,Energy,Halifax,1,P&I Voucher,Elcora Advanced Materials Corp,Bedford,B4A2T3,25000.00,1,44.737949,-63.646705,1,1
551,2018-2019,2018,Fish & Seafood Processing,Yarmouth,1,P&I Voucher,Yarmouth Bar Fisheries Limited,Yarmouth,B5A4A7,15000.00,1,43.83244,-66.13783,1,1
552,2018-2019,2018,Agri-food,Halifax,1,P&I Voucher,Midgard Insect Farm Inc,Halifax,B3L1V1,25000.00,1,44.654196,-63.602803,1,1
553,2018-2019,2018,Energy,Halifax,1,P&I Voucher,Green Power Labs Inc,Dartmouth,B2Y4M9,25000.00,1,44.660305,-63.542698,1,1
554,2018-2019,2018,ICT (includes Digital Media),Halifax,1,P&I Voucher,Spritely Technologies Inc,Halifax,B3S1E5,25000.00,1,44.662523,-63.665971,1,1
555,2018-2019,2018,Advanced Manufacturing,Halifax,1,P&I Voucher,LED Roadway Lighting Ltd,Halifax,B3S1B3,15000.00,1,44.637971,-63.663711,1,1
556,2018-2019,2018,Advanced Manufacturing,Cape Breton,1,P&I Voucher,Copol International Ltd.,North Sydney,B2A3M4,15000.00,1,46.237929,-60.24105,1,1
557,2018-2019,2018,ICT (includes Digital Media),Halifax,1,Payroll Rebate,PitchPerfect Software Inc. operating as Proposify,Halifax,B3J2A2,1057400.00,1,44.646512,-63.573726,1,1
558,2018-2019,2018,ICT (includes Digital Media),Halifax,1,Payroll Rebate,Introhive Services (NS) Inc.,Timberlea,B3T1C4,691800.00,1,44.64997307,-63.72337595,1,1
559,2018-2019,2018,ICT (includes Digital Media),Halifax,1,Payroll Rebate,The Sydney Call Centre Inc.,Sydney,B1P1W8,2475000.00,1,46.14405113,-60.18146341,1,1
560,2018-2019,2018,ICT (includes Digital Media),Halifax,1,Payroll Rebate,REDspace Inc,Bedford,B4A1E5,1497500.00,1,44.731123,-63.66024,1,1
561,2018-2019,2018,ICT (includes Digital Media),Halifax,1,Payroll Rebate,Savormetrics Inc.,Halifax,B3J2X2,619650.00,1,44.648416,-63.645986,1,1
562,2018-2019,2018,ICT (includes Digital Media),Halifax,1,Payroll Rebate,Monkedia LLC,Dartmouth,B2Y4J2,610350.00,1,44.678941,-63.552011,1,1
563,2018-2019,2018,Finance & Insurance,Halifax,1,Payroll Rebate,Manulife Financial,Halifax,B3L4G6,0.00,1,44.643294,-63.623007,1,1
564,2018-2019,2018,ICT (includes Digital Media),Halifax,1,Payroll Rebate,Dilytics,Dartmouth,B3B1N1,0.00,1,44.709923,-63.604559,1,1
565,2018-2019,2018,ICT (includes Digital Media),Halifax,1,Payroll Rebate,BeyondTrust Software Inc.,Halifax,B3J3N4,3120563.00,1,44.64895408,-63.57347352,1,1
566,2018-2019,2018,ICT (includes Digital Media),Halifax,1,Payroll Rebate,10380008 Canada Inc dba MobSquad,Halifax,B3K5T8,2084800.00,1,44.652525,-63.581038,1,1
567,2018-2019,2018,Oceans Technology,Halifax,1,Project Management,Gael Force Group,East Bay,B0A1H0,0.00,1,45.850577,-60.446479,1,1
568,2018-2019,2018,Oceans Technology,Halifax,1,Project Management,Sensor Technology Ltd,Dartmouth,B2Y4T5,0.00,1,44.661861,-63.556475,1,1
569,2018-2019,2018,ICT (includes Digital Media),Halifax,1,Project Management,Accenture Canada,Halifax,B3J3k5,0.00,1,44.644489,-63.572554,1,1
570,2018-2019,2018,Oceans Technology,Halifax,1,Project Management,Propipe UK,Halifax,B3J3N4,0.00,1,44.64895408,-63.57347352,1,1
571,2018-2019,2018,ICT (includes Digital Media),Halifax,1,Project Management,Invisible Agents,Halifax,B3J3N2,0.00,1,44.65201157,-63.57606155,1,1
572,2018-2019,2018,Energy,Halifax,1,Project Management,Nova Innovation,Halifax,B3L2C1,0.00,1,44.653361,-63.623858,1,1
573,2018-2019,2018,Fish & Seafood Processing,Halifax,1,Trade Mission (Incoming),Sea Harvest Seafood (2019) Ltd,Hubley,B3Z0A2,0.00,1,44.663635,-63.789083,1,1
574,2018-2019,2018,Business Services,Halifax,1,Trade Mission (Incoming),Adadem Import and Export,Halifax,B3N1B9,0.00,1,44.634023,-63.620793,1,1
575,2018-2019,2018,Fish & Seafood Processing,Halifax,1,Trade Mission (Incoming),Amos And Andy Fisheries Limited,Sambro Head,B3V1L2,0.00,1,44.4838879,-63.5834154,1,1
576,2018-2019,2018,Agri-food,Pictou,1,Trade Mission (Incoming),Caldera Distilling Inc.,River John,B0K1N0,0.00,1,45.747988,-63.041939,1,1
577,2018-2019,2018,Not Coded,Halifax,1,Trade Mission (Incoming),Clever Fruit Products,Antigonish,B2G2P9,0.00,1,45.546171,-61.909827,1,1
578,2018-2019,2018,Not Coded,Not Applicable / Unknown,0,Trade Mission (Incoming),Fair Grant Writing,Richmond Hill,L4C3C7,0.00,1,43.885336,-79.440467,1,0
579,2018-2019,2018,Business Services,Halifax,1,Trade Mission (Incoming),Famolex Integrated Consult Limited,Halifax,B3M3Y7,0.00,1,44.66328,-63.653935,1,1
580,2018-2019,2018,Business Services,Halifax,1,Trade Mission (Incoming),Globiz Innovation Inc.,Halifax,B3M1G9,0.00,1,44.654692,-63.647579,1,1
581,2018-2019,2018,ICT (includes Digital Media),Halifax,1,Trade Mission (Incoming),InnovaSea Marine Systems Canada Inc DBA Vemco,Hammonds Plains,B4B1L9,0.00,1,44.700635,-63.754376,1,1
582,2018-2019,2018,Fish & Seafood Processing,Cape Breton,1,Trade Mission (Incoming),Louisbourg Seafoods Ltd,Louisbourg,B1C1B5,0.00,1,45.91905461,-59.97144562,1,1
583,2018-2019,2018,Not Coded,Halifax,1,Trade Mission (Incoming),McInnes Cooper,Halifax,B3J2V1,0.00,1,44.648416,-63.645986,1,1
584,2018-2019,2018,Agri-food,Lunenburg,1,Trade Mission (Incoming),Muwin Estate Wines Ltd,New Ross,B0J2M0,0.00,1,44.706544,-63.916747,1,1
585,2018-2019,2018,Fish & Seafood Processing,Shelburne,1,Trade Mission (Incoming),Sea Star Seafoods Limited,Clarks Harbour,B0W1P0,0.00,1,43.462969,-65.650454,1,1
586,2018-2019,2018,ICT (includes Digital Media),Pictou,1,Trade Mission (Incoming),Velsoft Training Materials Inc,New Glasgow,B2H2P8,0.00,1,45.587057,-62.64523,1,1
587,2018-2019,2018,Life Sciences,Halifax,1,Trade Mission (Incoming),VitaMed Inc,Bedford,B4A1G5,0.00,1,44.709158,-63.670275,1,1
588,2018-2019,2018,Oceans Technology,Halifax,1,Trade Mission (Incoming),GeoSpectrum Technologies Incorporated,Dartmouth,B3B1J4,0.00,1,44.704132,-63.611144,1,1
589,2018-2019,2018,Not Coded,Halifax,1,Trade Mission (Incoming),Institute for Big Data Analytics,Halifax,B3H4R2,0.00,1,44.63705044,-63.59641358,1,1
590,2018-2019,2018,Oceans Technology,Halifax,1,Trade Mission (Incoming),Jasco Applied Sciences (Canada) Ltd,Dartmouth,B3B1Z1,0.00,1,44.709741,-63.584818,1,1
591,2018-2019,2018,Aerospace & Defence,Halifax,1,Trade Mission (Incoming),Kraken Robotics Inc.,Dartmouth,B3B1T3,0.00,1,44.703069,-63.610623,1,1
592,2018-2019,2018,Advanced Manufacturing,Halifax,1,Trade Mission (Incoming),Metamaterial Technologies Inc,Dartmouth,B2Y4M9,0.00,1,44.660305,-63.542698,1,1
593,2018-2019,2018,Oceans Technology,Halifax,1,Trade Mission (Incoming),MetOcean Telematics Limited,Dartmouth,B3B1R9,0.00,1,44.699403,-63.595049,1,1
594,2018-2019,2018,ICT (includes Digital Media),Halifax,1,Trade Mission (Incoming),Modest Tree Media Inc,Halifax,B3K2R6,0.00,1,44.665253,-63.613967,1,1
595,2018-2019,2018,Agri-food,Halifax,1,Trade Mission (Incoming),Acadian Maple Products Ltd,Upper Tantallon,B3Z2J2,0.00,1,44.684635,-63.887556,1,1
596,2018-2019,2018,Life Sciences,Halifax,1,Trade Mission (Incoming),Acadian Seaplants Limited / Les Algues Acadiennes Limitee,Dartmouth,B3B1X8,0.00,1,44.696321,-63.596395,1,1
597,2018-2019,2018,Agri-food,Halifax,1,Trade Mission (Incoming),Baie Run Pet Products Inc,Halifax,B3J3N2,0.00,1,44.65201157,-63.57606155,1,1
598,2018-2019,2018,Advanced Manufacturing,Shelburne,1,Trade Mission (Incoming),Boxing Rock Brewing Co,Shelburne,B0T1W0,0.00,1,43.66134,-65.41816,1,1
599,2018-2019,2018,Agri-food,Pictou,1,Trade Mission (Incoming),Caldera Distilling Inc.,River John,B0K1N0,0.00,1,45.747988,-63.041939,1,1
600,2018-2019,2018,Fish & Seafood Processing,Lunenburg,1,Trade Mission (Incoming),Cedar Bay Grilling Company,Hubbards,B0J1T0,0.00,1,44.643217,-64.05186,1,1
601,2018-2019,2018,Agri-food,Cape Breton,1,Trade Mission (Incoming),Classic Fine Foods,Edwardsville,B2A4S6,0.00,1,46.15678026,-60.22160264,1,1
602,2018-2019,2018,Agri-food,Inverness,1,Trade Mission (Incoming),Galloping Cows Fine Foods,Port Hood,B0E2W0,0.00,1,46.01684,-61.53185,1,1
603,2018-2019,2018,Fish & Seafood Processing,Shelburne,1,Trade Mission (Incoming),Hailmar Investments Limited,Lockeport,B0T1L0,0.00,1,43.71839,-65.12347,1,1
604,2018-2019,2018,Agri-food,Kings,1,Trade Mission (Incoming),Hutchinson Maple (Hutchinson Acres Inc) (Pure Infused Maple Syrup),Aylesford,B0P1C0,0.00,1,45.066995,-64.800737,1,1
605,2018-2019,2018,Fish & Seafood Processing,Cape Breton,1,Trade Mission (Incoming),Louisbourg Seafoods Ltd,Louisbourg,B1C1B5,0.00,1,45.91905461,-59.97144562,1,1
606,2018-2019,2018,Agri-food,Lunenburg,1,Trade Mission (Incoming),Muwin Estate Wines Ltd,New Ross,B0J2M0,0.00,1,44.706544,-63.916747,1,1
607,2018-2019,2018,Agri-food,Antigonish,1,Trade Mission (Incoming),Peace By Chocolate Inc.,Antigonish,B2G2G8,0.00,1,45.62856001,-61.97936724,1,1
608,2018-2019,2018,Fish & Seafood Processing,Shelburne,1,Trade Mission (Incoming),Sea Star Seafoods Limited,Clarks Harbour,B0W1P0,0.00,1,43.462969,-65.650454,1,1
609,2018-2019,2018,Agri-food,Lunenburg,1,Trade Mission (Incoming),The Tea Brewery,Mahone Bay,B0J2E0,0.00,1,44.308292,-64.307402,1,1
610,2018-2019,2018,Advanced Manufacturing,Queens,1,Trade Mission (Incoming),Van Dyk's Health Juice Products Ltd,Caledonia,B0T1B0,0.00,1,44.378101,-65.019781,1,1
611,2018-2019,2018,Life Sciences,Halifax,1,Trade Mission (Incoming),VitaMed Inc,Bedford,B4A1G5,0.00,1,44.709158,-63.670275,1,1
612,2018-2019,2018,Agri-food,Kings,1,Trade Mission (Incoming),Luckett Vineyards (Luckett Farms Limited),Wolfville,B4P2R3,0.00,1,45.068884,-64.348807,1,1
613,2018-2019,2018,Oceans Technology,Halifax,1,Trade Mission (Incoming),GeoSpectrum Technologies Incorporated,Dartmouth,B3B1J4,0.00,1,44.704132,-63.611144,1,1
614,2018-2019,2018,Agri-food,Kings,1,Trade Mission (Incoming),Benjamin Bridge Vineyards,Wolfville,B4P2R1,0.00,1,45.013938,-64.403589,1,1
615,2018-2019,2018,Agri-food,Kings,1,Trade Mission (Incoming),Blomidon Estate Winery,Canning,B0P1H0,0.00,1,45.026806,-64.165254,1,1
616,2018-2019,2018,Agri-food,Cumberland,1,Trade Mission (Incoming),Devonian Coast Wineries Ltd (DCW),Malagash,B0K1E0,0.00,1,45.794472,-63.453043,1,1
617,2018-2019,2018,Agri-food,Kings,1,Trade Mission (Incoming),Domaine de Grand Pre,Grand Pre,B0P1M0,0.00,1,45.095031,-64.285653,1,1
618,2018-2019,2018,Agri-food,Kings,1,Trade Mission (Incoming),L'Acadie Vineyards,Wolfville,B4P2R1,0.00,1,45.013938,-64.403589,1,1
619,2018-2019,2018,Advanced Manufacturing,Halifax,1,Trade Mission (Outgoing),Mother Hubbard's Kitchens,Dartmouth,B3B1T5,0.00,1,44.699529,-63.581229,1,1
620,2018-2019,2018,Fish & Seafood Processing,Shelburne,1,Trade Mission (Outgoing),AC Live Lobster Inc,Clarks Harbour,B0W1P0,0.00,1,43.462969,-65.650454,1,1
621,2018-2019,2018,Fish & Seafood Processing,Shelburne,1,Trade Mission (Outgoing),AC Live Lobster Inc,Clarks Harbour,B0W1P0,0.00,1,43.462969,-65.650454,1,1
622,2018-2019,2018,Fish & Seafood Processing,Halifax,1,Trade Mission (Outgoing),Bluenose Frozen Seafood Incorporated,Prospect Bay,B3V1L5,0.00,1,44.482335,-63.598276,1,1
623,2018-2019,2018,Fish & Seafood Processing,Queens,1,Trade Mission (Outgoing),Captain Little Seafood Ltd.,Port Mouton,B0T1T0,0.00,1,43.775345,-65.313433,1,1
624,2018-2019,2018,Fish & Seafood Processing,Queens,1,Trade Mission (Outgoing),Captain Little Seafood Ltd.,Port Mouton,B0T1T0,0.00,1,43.775345,-65.313433,1,1
625,2018-2019,2018,Oceans Technology,Halifax,1,Trade Mission (Outgoing),Acoubit Communications,Dartmouth,B2Y2W1,0.00,1,44.667535,-63.56358,1,1
626,2018-2019,2018,Oceans Technology,Halifax,1,Trade Mission (Outgoing),Marimetrics Technologies,Dartmouth,B2Y4A5,0.00,1,44.663211,-63.556376,1,1
627,2018-2019,2018,Transportation & Logistics,Halifax,1,Trade Mission (Outgoing),Ocean Data Science,Halifax,B3H1W5,0.00,1,44.637694,-63.586966,1,1
628,2018-2019,2018,ICT (includes Digital Media),Halifax,1,Trade Mission (Outgoing),Prosaris Solutions Ltd.,Hammonds Plains,B4B1P4,0.00,1,44.731435,-63.756573,1,1
629,2018-2019,2018,Oceans Technology,Halifax,1,Trade Mission (Outgoing),ReelData,Dartmouth,B2Y4T5,0.00,1,44.661861,-63.556475,1,1
630,2018-2019,2018,Oceans Technology,Halifax,1,Trade Mission (Outgoing),Wittaya Aqua,Dartmouth,B2Y4T5,0.00,1,44.661861,-63.556475,1,1
631,2018-2019,2018,Oceans Technology,Halifax,1,Trade Mission (Outgoing),Geoforce Group Limited,Dartmouth,B3B1J4,0.00,1,44.704132,-63.611144,1,1
632,2018-2019,2018,Oceans Technology,Halifax,1,Trade Mission (Outgoing),GeoSpectrum Technologies Incorporated,Dartmouth,B3B1J4,0.00,1,44.704132,-63.611144,1,1
633,2018-2019,2018,Oceans Technology,Halifax,1,Trade Mission (Outgoing),Jasco Applied Sciences (Canada) Ltd,Dartmouth,B3B1Z1,0.00,1,44.709741,-63.584818,1,1
634,2018-2019,2018,Oceans Technology,Halifax,1,Trade Mission (Outgoing),MacArtney Canada Ltd,Dartmouth,B2Y2W1,0.00,1,44.667535,-63.56358,1,1
635,2018-2019,2018,Oceans Technology,Halifax,1,Trade Mission (Outgoing),MetOcean Telematics Limited,Dartmouth,B3B1R9,0.00,1,44.699403,-63.595049,1,1
636,2018-2019,2018,Oceans Technology,Halifax,1,Trade Mission (Outgoing),Sensor Technology Ltd,Dartmouth,B2Y4T5,0.00,1,44.661861,-63.556475,1,1
637,2018-2019,2018,Oceans Technology,Halifax,1,Trade Mission (Outgoing),Xeos Technologies Inc,Dartmouth,B3B1L6,0.00,1,44.715039,-63.604817,1,1
638,2018-2019,2018,Fish & Seafood Processing,Halifax,1,Trade Mission (Outgoing),Clearwater Seafoods Ltd Partnership,Bedford,B4A3Z7,0.00,1,44.707624,-63.665571,1,1
639,2018-2019,2018,Agri-food,Kings,1,Trade Mission (Outgoing),Domaine de Grand Pre,Grand Pre,B0P1M0,0.00,1,45.095031,-64.285653,1,1
640,2018-2019,2018,Fish & Seafood Processing,Digby,1,Trade Mission (Outgoing),Gidney Fisheries Limited,Digby,B0V1A0,0.00,1,44.536344,-65.84642,1,1
641,2018-2019,2018,Agri-food,Colchester,1,Trade Mission (Outgoing),Natural Hues Inc,Halifax,B3L2H5,0.00,1,44.645626,-63.615373,1,1
642,2018-2019,2018,Agri-food,Cumberland,1,Trade Mission (Outgoing),Oxford Frozen Foods Ltd,Oxford,B0M1P0,0.00,1,45.810473,-63.849946,1,1
643,2018-2019,2018,Agri-food,Antigonish,1,Trade Mission (Outgoing),Steinhart Distillery Limited,Antigonish,B2G2L1,0.00,1,45.566847,-62.155396,1,1
644,2018-2019,2018,Agri-food,Halifax,1,Trade Mission (Outgoing),JusNova Agriculture Ltd,Halifax,B3M1N1,0.00,1,44.66397,-63.641789,1,1
645,2018-2019,2018,Oceans Technology,Colchester,1,Trade Mission (Outgoing),Ashored Innovations,Dartmouth,B2Y2W1,0.00,1,44.667535,-63.56358,1,1
646,2018-2019,2018,Advanced Manufacturing,Shelburne,1,Trade Mission (Outgoing),Allendale Electronics Ltd,Lockeport,B0T1L0,0.00,1,43.71839,-65.12347,1,1
647,2018-2019,2018,Chemicals & Plastics,Lunenburg,1,Trade Mission (Outgoing),Atlantick Repellent Products Inc.,Mahone Bay,B0J2E0,0.00,1,44.308292,-64.307402,1,1
648,2018-2019,2018,Oceans Technology,Cape Breton,1,Trade Mission (Outgoing),Pelagis Data Solutions,Point Edward,B2A4R2,0.00,1,46.162688,-60.276693,1,1
649,2018-2019,2018,Agri-food,Halifax,1,Trade Mission (Outgoing),Baie Run Pet Products Inc,Halifax,B3J3N2,0.00,1,44.65201157,-63.57606155,1,1
650,2018-2019,2018,Life Sciences,Halifax,1,Trade Mission (Outgoing),Chelation Partners Incorporated,Halifax,B3H3Z1,0.00,1,44.637136,-63.59645,1,1
651,2018-2019,2018,Agri-food,Cumberland,1,Trade Mission (Outgoing),Devonian Coast Wineries Ltd (DCW),Malagash,B0K1E0,0.00,1,45.794472,-63.453043,1,1
652,2018-2019,2018,Business Services,Antigonish,1,Trade Mission (Outgoing),Spark Engagement Inc,Antigonish,B2G2L2,0.00,1,45.654903,-61.944846,1,1
653,2018-2019,2018,Agri-food,Halifax,1,Trade Mission (Outgoing),2 Crows Brewing Ltd,Halifax,B3J2G7,0.00,1,44.649349,-63.578146,1,1
654,2018-2019,2018,Advanced Manufacturing,Shelburne,1,Trade Mission (Outgoing),Allendale Electronics Ltd,Lockeport,B0T1L0,0.00,1,43.71839,-65.12347,1,1
655,2018-2019,2018,Not Coded,Annapolis,1,Trade Mission (Outgoing),Annapolis Brewing Company,Annapolis Royal,B0S1A0,0.00,1,44.74364,-65.51801,1,1
656,2018-2019,2018,Agri-food,Guysborough,1,Trade Mission (Outgoing),Authentic Seacoast Company Ltd,Guysborough,B0H1N0,0.00,1,45.320843,-61.132467,1,1
657,2018-2019,2018,Agri-food,Kings,1,Trade Mission (Outgoing),Barrelling Tide Distillery,Port Williams,B0P1T0,0.00,1,45.159695,-64.362715,1,1
658,2018-2019,2018,Agri-food,Cape Breton,1,Trade Mission (Outgoing),Breton Brewing Co,Sydney,B1R1V7,0.00,1,46.116106,-60.229829,1,1
659,2018-2019,2018,Agri-food,Halifax,1,Trade Mission (Outgoing),Compass Distillers,Halifax,B3K4C4,0.00,1,44.654497,-63.592367,1,1
660,2018-2019,2018,Agri-food,Cape Breton,1,Trade Mission (Outgoing),Island_ Folk_ Cider_ House,Port Morien,B1B1E7,0.00,1,46.145213,-59.866593,1,1
661,2018-2019,2018,Agri-food,Halifax,1,Trade Mission (Outgoing),The Propeller Brewing Company,Dartmouth,B3B1B6,0.00,1,44.696904,-63.602778,1,1
662,2018-2019,2018,ICT (includes Digital Media),Halifax,1,Trade Mission (Outgoing),WarrierTech Inc,Halifax,B3H1Y1,0.00,1,44.640901,-63.5849,1,1
663,2018-2019,2018,Oceans Technology,Halifax,1,Trade Mission (Outgoing),GeoSpectrum Technologies Incorporated,Dartmouth,B3B1J4,0.00,1,44.704132,-63.611144,1,1
664,2018-2019,2018,ICT (includes Digital Media),Halifax,1,Trade Mission (Outgoing),IBM Canada Ltd,Bedford,B4B1G4,0.00,1,44.723448,-63.740337,1,1
665,2018-2019,2018,Aerospace & Defence,Halifax,1,Trade Mission (Outgoing),Kraken Robotics Inc.,Dartmouth,B3B1T3,0.00,1,44.703069,-63.610623,1,1
666,2018-2019,2018,Not Coded,Halifax,1,Trade Mission (Outgoing),McInnes Cooper,Halifax,B3J2V1,0.00,1,44.648416,-63.645986,1,1
667,2018-2019,2018,ICT (includes Digital Media),Halifax,1,Trade Mission (Outgoing),RIMOT.IO Inc,Dartmouth,B2Y4M9,0.00,1,44.660305,-63.542698,1,1
668,2018-2019,2018,Oceans Technology,Halifax,1,Trade Mission (Outgoing),Sensor Technology Ltd,Dartmouth,B2Y4T5,0.00,1,44.661861,-63.556475,1,1
669,2018-2019,2018,Oceans Technology,Halifax,1,Trade Mission (Outgoing),Xeos Technologies Inc,Dartmouth,B3B1L6,0.00,1,44.715039,-63.604817,1,1
670,2018-2019,2018,Business Services,Halifax,1,Trade Mission (Outgoing),Atlantic Flight Attendant Academy,Halifax,B3H3Y4,0.00,1,44.632239,-63.593557,1,1
671,2018-2019,2018,Agri-food,Guysborough,1,Trade Mission (Outgoing),Authentic Seacoast Company Ltd,Guysborough,B0H1N0,0.00,1,45.320843,-61.132467,1,1
672,2018-2019,2018,Agri-food,Kings,1,Trade Mission (Outgoing),Benjamin Bridge Vineyards,Wolfville,B4P2R1,0.00,1,45.013938,-64.403589,1,1
673,2018-2019,2018,Agri-food,Kings,1,Trade Mission (Outgoing),Domaine de Grand Pre,Grand Pre,B0P1M0,0.00,1,45.095031,-64.285653,1,1
674,2018-2019,2018,Business Services,Halifax,1,Trade Mission (Outgoing),Easypass Immigration & Education Consulting Inc,Halifax,B3J3K3,0.00,1,44.64335495,-63.57813098,1,1
675,2018-2019,2018,Agri-food,Kings,1,Trade Mission (Outgoing),Fundy Drinks LTD,Halifax,B3J2G7,0.00,1,44.649349,-63.578146,1,1
676,2018-2019,2018,Agri-food,Halifax,1,Trade Mission (Outgoing),JusNova Agriculture Ltd,Halifax,B3M1N1,0.00,1,44.66397,-63.641789,1,1
677,2018-2019,2018,Agri-food,Cumberland,1,Trade Mission (Outgoing),Oxford Frozen Foods Ltd,Oxford,B0M1P0,0.00,1,45.810473,-63.849946,1,1
678,2018-2019,2018,Agri-food,Hants,1,Trade Mission (Outgoing),Sainte-Famille Wines Ltd,West Hants,B0P1L0,0.00,1,44.997485,-64.160143,1,1
679,2018-2019,2018,Fish & Seafood Processing,Victoria,1,Trade Mission (Outgoing),Victoria Co-Operative Fisheries Ltd,Neils Harbour,B0C1N0,0.00,1,46.762745,-60.343878,1,1
680,2018-2019,2018,Not Coded,Halifax,1,Trade Mission (Outgoing),Atlantic Resources Partnership Inc,Bedford,B4A4H4,0.00,1,44.705663,-63.687758,1,1
681,2018-2019,2018,Fish & Seafood Processing,Halifax,1,Trade Mission (Outgoing),Atlantic Sea Cucumber Ltd,Hacketts Cove,B3Z3K7,0.00,1,44.662435,-63.757708,1,1
682,2018-2019,2018,Fish & Seafood Processing,Halifax,1,Trade Mission (Outgoing),Fisher King Seafoods Ltd,Lower Sackville,B4C4E6,0.00,1,44.7606098,-63.65843038,1,1
683,2018-2019,2018,Fish & Seafood Processing,Digby,1,Trade Mission (Outgoing),Gidney Fisheries Limited,Digby,B0V1A0,0.00,1,44.536344,-65.84642,1,1
684,2018-2019,2018,Fish & Seafood Processing,Cape Breton,1,Trade Mission (Outgoing),Louisbourg Seafoods Ltd,Louisbourg,B1C1B5,0.00,1,45.91905461,-59.97144562,1,1
685,2018-2019,2018,Fish & Seafood Processing,Cape Breton,1,Trade Mission (Outgoing),Louisbourg Seafoods Ltd,Louisbourg,B1C1B5,0.00,1,45.91905461,-59.97144562,1,1
686,2018-2019,2018,Fish & Seafood Processing,Cape Breton,1,Trade Mission (Outgoing),Louisbourg Seafoods Ltd,Louisbourg,B1C1B5,0.00,1,45.91905461,-59.97144562,1,1
687,2018-2019,2018,Fish & Seafood Processing,Annapolis,1,Trade Mission (Outgoing),Nautical Seafoods Ltd,Clementsport,B0S1K0,0.00,1,44.705351,-65.744945,1,1
688,2018-2019,2018,Fish & Seafood Processing,Halifax,1,Trade Mission (Outgoing),Right Source Group Limited,Dartmouth,B3B1N4,0.00,1,44.713636,-63.601486,1,1
689,2018-2019,2018,Fish & Seafood Processing,Halifax,1,Trade Mission (Outgoing),Rio Import & Export Limited,Dartmouth,B3B1W7,0.00,1,44.716433,-63.60125,1,1
690,2018-2019,2018,Fish & Seafood Processing,Shelburne,1,Trade Mission (Outgoing),Top Claw Lobster & Seafood Company,Clarks Harbour,B0W1P0,0.00,1,43.462969,-65.650454,1,1
691,2018-2019,2018,Fish & Seafood Processing,Shelburne,1,Trade Mission (Outgoing),Top Claw Lobster & Seafood Company,Clarks Harbour,B0W1P0,0.00,1,43.462969,-65.650454,1,1
692,2018-2019,2018,Fish & Seafood Processing,Shelburne,1,Trade Mission (Outgoing),Top Claw Lobster & Seafood Company,Clarks Harbour,B0W1P0,0.00,1,43.462969,-65.650454,1,1
693,2018-2019,2018,Fish & Seafood Processing,Victoria,1,Trade Mission (Outgoing),Victoria Co-Operative Fisheries Ltd,Neils Harbour,B0C1N0,0.00,1,46.762745,-60.343878,1,1
694,2018-2019,2018,Fish & Seafood Processing,Halifax,1,Trade Mission (Outgoing),World Link Food Distributors Inc,Enfield,B2T1K3,0.00,1,44.8796973,-63.52380855,1,1
695,2018-2019,2018,Fish & Seafood Processing,Halifax,1,Trade Mission (Outgoing),World Link Food Distributors Inc,Enfield,B2T1K3,0.00,1,44.8796973,-63.52380855,1,1
696,2018-2019,2018,Agri-food,Guysborough,1,Trade Mission (Outgoing),Authentic Seacoast Company Ltd,Guysborough,B0H1N0,0.00,1,45.320843,-61.132467,1,1
697,2018-2019,2018,Agri-food,Guysborough,1,Trade Mission (Outgoing),Authentic Seacoast Company Ltd,Guysborough,B0H1N0,0.00,1,45.320843,-61.132467,1,1
698,2018-2019,2018,Oceans Technology,Lunenburg,1,Trade Mission (Outgoing),Hawboldt Industries (1989) Ltd,Chester,B0J1J0,0.00,1,44.560562,-64.225079,1,1
699,2018-2019,2018,Not Coded,Halifax,1,Trade Mission (Outgoing),Ocean Technology Council of Nova Scotia (OTCNS),Halifax,B3J3N2,0.00,1,44.65201157,-63.57606155,1,1
700,2018-2019,2018,Business Services,Halifax,1,Trade Mission (Outgoing),Taste of Nova Scotia Quality Food,Dartmouth,B2Y4P5,0.00,1,44.665864,-63.569266,1,1
701,2018-2019,2018,Agri-food,Halifax,1,Trade Mission (Outgoing),Blue Harbour Cheese Incorporated,Halifax,B3K4S7,0.00,1,44.665687,-63.611255,1,1
702,2018-2019,2018,Agri-food,Halifax,1,Trade Mission (Outgoing),Blue Harbour Cheese Incorporated,Halifax,B3K4S7,0.00,1,44.665687,-63.611255,1,1
703,2018-2019,2018,Agri-food,Halifax,1,Trade Mission (Outgoing),Blue Harbour Cheese Incorporated,Halifax,B3K4S7,0.00,1,44.665687,-63.611255,1,1
704,2018-2019,2018,Agri-food,Halifax,1,Trade Mission (Outgoing),Chocolate Hackers,Halifax,B3K2H7,0.00,1,44.665088,-63.604915,1,1
705,2018-2019,2018,Agri-food,Halifax,1,Trade Mission (Outgoing),Chocolate Hackers,Halifax,B3K2H7,0.00,1,44.665088,-63.604915,1,1
706,2018-2019,2018,Agri-food,Cape Breton,1,Trade Mission (Outgoing),Classic Fine Foods,Edwardsville,B2A4S6,0.00,1,46.15678026,-60.22160264,1,1
707,2018-2019,2018,Agri-food,Cape Breton,1,Trade Mission (Outgoing),Classic Fine Foods,Edwardsville,B2A4S6,0.00,1,46.15678026,-60.22160264,1,1
708,2018-2019,2018,Business Services,Halifax,1,Trade Mission (Outgoing),More In Store Marketing Solutions Inc,Fall River,B2T1J6,0.00,1,44.805489,-63.599837,1,1
709,2018-2019,2018,Business Services,Halifax,1,Trade Mission (Outgoing),Oyster Promo Inc,Halifax,B3H3X9,0.00,1,44.630259,-63.587154,1,1
710,2018-2019,2018,Agri-food,Antigonish,1,Trade Mission (Outgoing),Peace By Chocolate Inc.,Antigonish,B2G2G8,0.00,1,45.62856001,-61.97936724,1,1
711,2018-2019,2018,Business Services,Halifax,1,Trade Mission (Outgoing),Penny Doherty Literacy Consultants Incorporated,Halifax,B3H2J5,0.00,1,44.643695,-63.592084,1,1
712,2019-2020,2019,Business Services,Halifax,1,EGP,Dillon Consulting Ltd.,Halifax,B3S 1B3,1200.00,1,44.6423613,-63.665839,1,1
713,2018-2019,2018,Business Services,Halifax,1,Trade Mission (Outgoing),PeopleCan Training & Development,Lower Sackville,B4C2S3,0.00,1,44.76785324,-63.68483351,1,1
714,2018-2019,2018,Business Services,Halifax,1,Trade Mission (Outgoing),Sassy Solutions Consulting Limited,Halifax,B3M3C8,0.00,1,44.657547,-63.652605,1,1
715,2018-2019,2018,Business Services,Antigonish,1,Trade Mission (Outgoing),Spark Engagement Inc,Antigonish,B2G2L2,0.00,1,45.654903,-61.944846,1,1
716,2018-2019,2018,Business Services,Halifax,1,Trade Mission (Outgoing),Uprise Consulting,Halifax,B3L4T7,0.00,1,44.653673,-63.631058,1,1
717,2018-2019,2018,Business Services,Halifax,1,Trade Mission (Outgoing),Uprise Consulting,Halifax,B3L4T7,0.00,1,44.653673,-63.631058,1,1
718,2018-2019,2018,Fish & Seafood Processing,Cape Breton,1,Trade Mission (Outgoing),Louisbourg Seafoods Ltd,Louisbourg,B1C1B5,0.00,1,45.91905461,-59.97144562,1,1
719,2018-2019,2018,Agri-food,Halifax,1,Trade Mission (Outgoing),Haskapa,Dartmouth,B3B1M3,0.00,1,44.703405,-63.611768,1,1
720,2018-2019,2018,Fish & Seafood Processing,Halifax,1,Trade Mission (Outgoing),ITO Seafoods Ltd,Halifax,B3J3R3,0.00,1,44.64269727,-63.56899455,1,1
721,2018-2019,2018,Advanced Manufacturing,Lunenburg,1,Trade Mission (Outgoing),AGL Group Holding Limited,Bridgewater,B0J2C0,0.00,1,44.37635,-64.309889,1,1
722,2018-2019,2018,Advanced Manufacturing,Halifax,1,Trade Mission (Outgoing),Atlantica Mechanical Contractors Inc,Dartmouth,B3B1H5,0.00,1,44.701133,-63.606634,1,1
723,2018-2019,2018,Fish & Seafood Processing,Halifax,1,Trade Mission (Outgoing),Biscay Seafoods Canada Ltd,Halifax,B3L2C1,0.00,1,44.653361,-63.623858,1,1
724,2018-2019,2018,Business Services,Halifax,1,Trade Mission (Outgoing),Oyster Promo Inc,Halifax,B3H3X9,0.00,1,44.630259,-63.587154,1,1
725,2018-2019,2018,Not Coded,Kings,1,Trade Mission (Outgoing),Pearlmark Foods - NS Division,Canning,B0P1H0,0.00,1,45.026806,-64.165254,1,1
726,2018-2019,2018,Engineering & Professional,Halifax,1,Trade Mission (Outgoing),Stantec,Dartmouth,B3A0A4,0.00,1,44.689132,-63.561484,1,1
727,2018-2019,2018,Fish & Seafood Processing,Halifax,1,Trade Mission (Outgoing),Zeus Seafood Inc,Lake Charlotte,B0J1Y0,0.00,1,44.7843,-62.845748,1,1
728,2018-2019,2018,Business Services,Halifax,1,Trade Mission (Outgoing),Dillon Consulting Ltd,Halifax,B3S1B3,0.00,1,44.637971,-63.663711,1,1
729,2018-2019,2018,Advanced Manufacturing,Pictou,1,Trade Mission (Outgoing),MacGregors Industrial Group,New Glasgow,B2H5C7,0.00,1,45.586891,-62.643478,1,1
730,2018-2019,2018,Engineering & Professional,Halifax,1,Trade Mission (Outgoing),Nexus Coastal Resource Management,Hubley,B3Z1B8,0.00,1,44.672015,-63.795244,1,1
731,2018-2019,2018,Business Services,Halifax,1,Trade Mission (Outgoing),Shift,Head Of St Margarets Bay,B3Z1X8,0.00,1,44.680846,-63.919943,1,1
732,2018-2019,2018,Business Services,Pictou,1,Trade Mission (Outgoing),Stright-MacKay Ltd,New Glasgow,B2H5E1,0.00,1,45.604452,-62.638714,1,1
733,2018-2019,2018,Business Services,Halifax,1,Trade Mission (Outgoing),TriNav Fisheries Consultants Inc,Dartmouth,B3B1N3,0.00,1,44.706327,-63.592554,1,1
734,2018-2019,2018,ICT (includes Digital Media),Halifax,1,Trade Mission (Outgoing),Deep Vision Inc,Dartmouth,B2Y4P5,0.00,1,44.665864,-63.569266,1,1
735,2018-2019,2018,ICT (includes Digital Media),Halifax,1,Trade Mission (Outgoing),QRA Corp,Halifax,B3K5L2,0.00,1,44.659309,-63.602819,1,1
736,2018-2019,2018,Oceans Technology,Halifax,1,Trade Mission (Outgoing),Realtime Aquaculture,Hammonds Plains,B4B1L9,0.00,1,44.700635,-63.754376,1,1
737,2018-2019,2018,Oceans Technology,Halifax,1,Trade Mission (Outgoing),Xeos Technologies Inc,Dartmouth,B3B1L6,0.00,1,44.715039,-63.604817,1,1
738,2018-2019,2018,ICT (includes Digital Media),Halifax,1,Trade Mission (Outgoing),Deep Vision Inc,Dartmouth,B2Y4P5,0.00,1,44.665864,-63.569266,1,1
739,2018-2019,2018,ICT (includes Digital Media),Halifax,1,Trade Mission (Outgoing),Modest Tree Media Inc,Halifax,B3K2R6,0.00,1,44.665253,-63.613967,1,1
740,2018-2019,2018,Not Coded,Halifax,1,Trade Mission (Outgoing),Ocean Technology Council of Nova Scotia (OTCNS),Halifax,B3J3N2,0.00,1,44.65201157,-63.57606155,1,1
741,2018-2019,2018,ICT (includes Digital Media),Halifax,1,Trade Mission (Outgoing),QRA Corp,Halifax,B3K5L2,0.00,1,44.659309,-63.602819,1,1
742,2018-2019,2018,Oceans Technology,Halifax,1,Trade Mission (Outgoing),Xeos Technologies Inc,Dartmouth,B3B1L6,0.00,1,44.715039,-63.604817,1,1
743,2018-2019,2018,Fish & Seafood Processing,Halifax,1,Trade Mission (Outgoing),3231974 NOVA SCOTIA LIMITED o/a Do Lobster,Eastern Passage,B3G1M4,0.00,1,44.612474,-63.494322,1,1
744,2018-2019,2018,Fish & Seafood Processing,Halifax,1,Trade Mission (Outgoing),3231974 NOVA SCOTIA LIMITED o/a Do Lobster,Eastern Passage,B3G1M4,0.00,1,44.612474,-63.494322,1,1
745,2018-2019,2018,Fish & Seafood Processing,Halifax,1,Trade Mission (Outgoing),Amos And Andy Fisheries Limited,Sambro Head,B3V1L2,0.00,1,44.4838879,-63.5834154,1,1
746,2018-2019,2018,Agri-food,Kings,1,Trade Mission (Outgoing),Benjamin Bridge Vineyards,Wolfville,B4P2R1,0.00,1,45.013938,-64.403589,1,1
747,2018-2019,2018,Fish & Seafood Processing,Digby,1,Trade Mission (Outgoing),Gidney Fisheries Limited,Digby,B0V1A0,0.00,1,44.536344,-65.84642,1,1
748,2018-2019,2018,Not Coded,Kings,1,Trade Mission (Outgoing),Bezanson & Chase Cranberry Co Ltd,Aylesford,B0P1C0,0.00,1,45.066995,-64.800737,1,1
749,2018-2019,2018,Agri-food,Kings,1,Trade Mission (Outgoing),Kings Produce Processing Limited,Canning,B0P1H0,0.00,1,45.026806,-64.165254,1,1
750,2018-2019,2018,Agri-food,Kings,1,Trade Mission (Outgoing),Scotian Gold Cooperative Ltd,Coldbrook,B4R1A6,0.00,1,45.0650474,-64.5855291,1,1
751,2018-2019,2018,Agri-food,Kings,1,Trade Mission (Outgoing),TAPROOT FARMS,Port Williams,B0P1T0,0.00,1,45.159695,-64.362715,1,1
752,2018-2019,2018,Advanced Manufacturing,Queens,1,Trade Mission (Outgoing),The Nova Agri Group,Centreville,B0P1J0,0.00,1,45.195976,-64.680474,1,1
753,2018-2019,2018,Agri-food,Kings,1,Trade Mission (Outgoing),Van Meekeren Farms Ltd,Kentville,B4N3V7,0.00,1,45.067163,-64.547804,1,1
754,2018-2019,2018,ICT (includes Digital Media),Halifax,1,Trade Mission (Outgoing),Addvocacy ADHD & Life Skills Coaching Ltd,Eastern Passage,B3G1J1,0.00,1,44.606948,-63.468074,1,1
755,2018-2019,2018,ICT (includes Digital Media),Halifax,1,Trade Mission (Outgoing),Clockk.Com Inc,Halifax,B3J3K5,0.00,1,44.644489,-63.572554,1,1
756,2018-2019,2018,Business Services,Cape Breton,1,Trade Mission (Outgoing),Ethical Swag Inc,Dartmouth,B2W6G2,0.00,1,44.690176,-63.483946,1,1
757,2018-2019,2018,ICT (includes Digital Media),Halifax,1,Trade Mission (Outgoing),GeoNavo Positioning Systems Inc,Hammonds Plains,B4B2B8,0.00,1,44.734087,-63.800164,1,1
758,2018-2019,2018,Not Coded,Halifax,1,Trade Mission (Outgoing),OnBook - Port Tack Media (10527602 Canada Inc),Timberlea,B3T1E8,0.00,1,44.65413118,-63.73890326,1,1
759,2018-2019,2018,Oceans Technology,Cape Breton,1,Trade Mission (Outgoing),Pelagis Data Solutions,Point Edward,B2A4R2,0.00,1,46.162688,-60.276693,1,1
760,2018-2019,2018,ICT (includes Digital Media),Cape Breton,1,Trade Mission (Outgoing),Securicy Data Solutions Ltd,Sydney,B1P1C6,0.00,1,46.13911828,-60.19501343,1,1
761,2018-2019,2018,ICT (includes Digital Media),Halifax,1,Trade Mission (Outgoing),Side Door Access Inc,Halifax,B3K1H1,0.00,1,44.6524635,-63.588243,1,1
762,2018-2019,2018,ICT (includes Digital Media),Halifax,1,Trade Mission (Outgoing),Spritely Technologies Inc,Halifax,B3S1E5,0.00,1,44.662523,-63.665971,1,1
763,2018-2019,2018,Life Sciences,Cape Breton,1,Trade Mission (Outgoing),Talem Health Analytics Inc,Sydney,B1R1L8,0.00,1,46.14076562,-60.218301,1,1
764,2018-2019,2018,Fish & Seafood Processing,Halifax,1,Trade Mission (Outgoing),3231974 NOVA SCOTIA LIMITED o/a Do Lobster,Eastern Passage,B3G1M4,0.00,1,44.612474,-63.494322,1,1
765,2018-2019,2018,Fish & Seafood Processing,Halifax,1,Trade Mission (Outgoing),Atlantic Sea Cucumber Ltd,Hacketts Cove,B3Z3K7,0.00,1,44.662435,-63.757708,1,1
766,2018-2019,2018,Fish & Seafood Processing,Halifax,1,Trade Mission (Outgoing),Biscay Seafoods Canada Ltd,Halifax,B3L2C1,0.00,1,44.653361,-63.623858,1,1
767,2018-2019,2018,Fish & Seafood Processing,Halifax,1,Trade Mission (Outgoing),Breakers Fish Co Ltd,Halifax,B3L2C2,0.00,1,44.653612,-63.627898,1,1
768,2018-2019,2018,Fish & Seafood Processing,Hants,1,Trade Mission (Outgoing),First Catch Fisheries Co. Ltd,Enfield,B2T1E4,0.00,1,44.886106,-63.5174,1,1
769,2018-2019,2018,Fish & Seafood Processing,Halifax,1,Trade Mission (Outgoing),Fisher King Seafoods Ltd,Lower Sackville,B4C4E6,0.00,1,44.7606098,-63.65843038,1,1
770,2018-2019,2018,Fish & Seafood Processing,Shelburne,1,Trade Mission (Outgoing),Fishermen's Premium Atlantic Lobster Inc,North East Point,B0W2P0,0.00,1,43.490149,-65.613993,1,1
771,2018-2019,2018,Fish & Seafood Processing,Digby,1,Trade Mission (Outgoing),Gidney Fisheries Limited,Digby,B0V1A0,0.00,1,44.536344,-65.84642,1,1
772,2018-2019,2018,Fish & Seafood Processing,Halifax,1,Trade Mission (Outgoing),Golden Alliance Canada Inc,Dartmouth,B2Y3G8,0.00,1,44.679086,-63.550996,1,1
773,2018-2019,2018,Fish & Seafood Processing,Yarmouth,1,Trade Mission (Outgoing),IMO Foods Limited,Yarmouth,B5A4B2,0.00,1,43.829792,-66.120556,1,1
774,2018-2019,2018,Fish & Seafood Processing,Cape Breton,1,Trade Mission (Outgoing),Louisbourg Seafoods Ltd,Louisbourg,B1C1B5,0.00,1,45.91905461,-59.97144562,1,1
775,2018-2019,2018,Fish & Seafood Processing,Annapolis,1,Trade Mission (Outgoing),Nautical Seafoods Ltd,Clementsport,B0S1K0,0.00,1,44.705351,-65.744945,1,1
776,2018-2019,2018,Not Coded,Kings,1,Trade Mission (Outgoing),Pearlmark Foods - NS Division,Canning,B0P1H0,0.00,1,45.026806,-64.165254,1,1
777,2018-2019,2018,Fish & Seafood Processing,Halifax,1,Trade Mission (Outgoing),Rio Import & Export Limited,Dartmouth,B3B1W7,0.00,1,44.716433,-63.60125,1,1
778,2018-2019,2018,Fish & Seafood Processing,Shelburne,1,Trade Mission (Outgoing),Sea Star Seafoods Limited,Clarks Harbour,B0W1P0,0.00,1,43.462969,-65.650454,1,1
779,2018-2019,2018,Fish & Seafood Processing,Shelburne,1,Trade Mission (Outgoing),Top Claw Lobster & Seafood Company,Clarks Harbour,B0W1P0,0.00,1,43.462969,-65.650454,1,1
780,2018-2019,2018,Fish & Seafood Processing,Victoria,1,Trade Mission (Outgoing),Victoria Co-Operative Fisheries Ltd,Neils Harbour,B0C1N0,0.00,1,46.762745,-60.343878,1,1
781,2018-2019,2018,Fish & Seafood Processing,Halifax,1,Trade Mission (Outgoing),West Fish Canada Limited,Dartmouth,B2Y2X5,0.00,1,44.670912,-63.561974,1,1
782,2018-2019,2018,Fish & Seafood Processing,Halifax,1,Trade Mission (Outgoing),World Link Food Distributors Inc,Enfield,B2T1K3,0.00,1,44.8796973,-63.52380855,1,1
783,2018-2019,2018,Agri-food,Kings,1,Trade Mission (Outgoing),Luckett Vineyards (Luckett Farms Limited),Wolfville,B4P2R3,0.00,1,45.068884,-64.348807,1,1
784,2018-2019,2018,Fish & Seafood Processing,Lunenburg,1,Trade Show,Cedar Bay Grilling Company,Hubbards,B0J1T0,0.00,1,44.643217,-64.05186,1,1
785,2018-2019,2018,Fish & Seafood Processing,Halifax,1,Trade Show,Fisher King Seafoods Ltd,Lower Sackville,B4C4E6,0.00,1,44.7606098,-63.65843038,1,1
786,2018-2019,2018,Fish & Seafood Processing,Digby,1,Trade Show,Gidney Fisheries Limited,Digby,B0V1A0,0.00,1,44.536344,-65.84642,1,1
787,2018-2019,2018,Fish & Seafood Processing,Cape Breton,1,Trade Show,Louisbourg Seafoods Ltd,Louisbourg,B1C1B5,0.00,1,45.91905461,-59.97144562,1,1
788,2018-2019,2018,Fish & Seafood Processing,Halifax,1,Trade Show,ITO Seafoods Ltd,Halifax,B3J3R3,0.00,1,44.64269727,-63.56899455,1,1
789,2018-2019,2018,Fish & Seafood Processing,Cape Breton,1,Trade Show,Louisbourg Seafoods Ltd,Louisbourg,B1C1B5,0.00,1,45.91905461,-59.97144562,1,1
790,2018-2019,2018,Fish & Seafood Processing,Annapolis,1,Trade Show,Nautical Seafoods Ltd,Clementsport,B0S1K0,0.00,1,44.705351,-65.744945,1,1
791,2018-2019,2018,Fish & Seafood Processing,Victoria,1,Trade Show,Victoria Co-Operative Fisheries Ltd,Neils Harbour,B0C1N0,0.00,1,46.762745,-60.343878,1,1
792,2018-2019,2018,Fish & Seafood Processing,Halifax,1,Trade Show,World Link Food Distributors Inc,Enfield,B2T1K3,0.00,1,44.8796973,-63.52380855,1,1
793,2018-2019,2018,Engineering & Professional,Halifax,1,Trade Show,EcoPilot Canada Inc.,Halifax,B3J3L7,0.00,1,44.649083,-63.575048,1,1
794,2018-2019,2018,Advanced Manufacturing,Colchester,1,Trade Show,Marwood Limited,Brookfield,B0N1C0,0.00,1,45.263092,-63.097746,1,1
795,2018-2019,2018,Advanced Manufacturing,Hants,1,Trade Show,Nu-Air Ventilation Systems Inc,Windsor,B0N2T0,0.00,1,44.819594,-64.318054,1,1
796,2018-2019,2018,Agri-food,Kings,1,Trade Show,Domaine de Grand Pre,Grand Pre,B0P1M0,0.00,1,45.095031,-64.285653,1,1
797,2018-2019,2018,Agri-food,Hants,1,Trade Show,Sainte-Famille Wines Ltd,West Hants,B0P1L0,0.00,1,44.997485,-64.160143,1,1
798,2018-2019,2018,Agri-food,Antigonish,1,Trade Show,Steinhart Distillery Limited,Antigonish,B2G2L1,0.00,1,45.566847,-62.155396,1,1
799,2018-2019,2018,Fish & Seafood Processing,Halifax,1,Trade Show,Atlantic Sea Cucumber Ltd,Hacketts Cove,B3Z3K7,0.00,1,44.662435,-63.757708,1,1
800,2018-2019,2018,Agri-food,Cape Breton,1,Trade Show,Classic Fine Foods,Edwardsville,B2A4S6,0.00,1,46.15678026,-60.22160264,1,1
801,2018-2019,2018,Agri-food,Inverness,1,Trade Show,Galloping Cows Fine Foods,Port Hood,B0E2W0,0.00,1,46.01684,-61.53185,1,1
802,2018-2019,2018,Fish & Seafood Processing,Digby,1,Trade Show,Gidney Fisheries Limited,Digby,B0V1A0,0.00,1,44.536344,-65.84642,1,1
803,2018-2019,2018,Agri-food,Antigonish,1,Trade Show,Tony's Meats Ltd,Antigonish,B2G2L2,0.00,1,45.654903,-61.944846,1,1
804,2018-2019,2018,Advanced Manufacturing,Queens,1,Trade Show,Van Dyk's Health Juice Products Ltd,Caledonia,B0T1B0,0.00,1,44.378101,-65.019781,1,1
805,2018-2019,2018,Agri-food,Kings,1,Trade Show,Benjamin Bridge Vineyards,Wolfville,B4P2R1,0.00,1,45.013938,-64.403589,1,1
806,2018-2019,2018,Agri-food,Kings,1,Trade Show,Blomidon Estate Winery,Canning,B0P1H0,0.00,1,45.026806,-64.165254,1,1
807,2018-2019,2018,Agri-food,Cumberland,1,Trade Show,Devonian Coast Wineries Ltd (DCW),Malagash,B0K1E0,0.00,1,45.794472,-63.453043,1,1
808,2019-2020,2019,ICT (includes Digital Media),Halifax,1,Payroll Rebate,"NorthBay Solutions, LLC",Bedford,B4B 0V1,2492800.00,1,44.752712,-63.794197,1,1
809,2019-2020,2019,Clothing & Textiles,Halifax,1,EGP,Botantical Fibres,Eastern Passage,B3G 1P1,1037.00,1,44.612933,-63.464331,1,1
810,2019-2020,2019,Energy,Lunenburg,1,PIVP,Neothermal Energy Storage,Bridgewater,B4V 1P4,25000.00,1,44.645084,-63.570552,1,1
811,2019-2020,2019,Agri-food,Shelburne,1,PIVP,Boxing Rock Brewing Co,Shelburne,B0T 1W0,25000.00,1,43.7684442,-65.3256113,1,1
812,2019-2020,2019,Advanced Manufacturing,Richmond,1,IRP,Cabot Manufacturing ULC,Point Tupper,B9A 1Y8,1633750.00,1,45.621435,-61.346873,1,1
813,2019-2020,2019,Advanced Manufacturing,Richmond,1,EGP,Cabot Manufacturing ULC,Point Tupper,B9A 1Y8,4054.00,1,45.621435,-61.346873,1,1
814,2019-2020,2019,Advanced Manufacturing,Colchester,1,SBDP,All For Knot Rope Weaving,Lower Onslow,B6L 5E6,585.00,1,45.37865,-63.386037,1,1
815,2019-2020,2019,Advanced Manufacturing,Yarmouth,1,EGP,Tri-Star Industries Limited,yarmouth,B5A 4B4,3648.00,1,43.836111,-66.1175,1,1
816,2019-2020,2019,Advanced Manufacturing,Yarmouth,1,PIVP,BatterUp Sports Tech Ltd.,Yarmouth,B5A 4B3,25000.00,1,43.836111,-66.1175,1,1
817,2019-2020,2019,Fish & Seafood Processing,Yarmouth,1,PIVP,Scotia Garden Seafoods Inc.,yarmouth,B5A 4B1,25000.00,1,43.836111,-66.1175,1,1
818,2019-2020,2019,ICT (includes Digital Media),Yarmouth,1,PIVP,Blackwatch.Tech Inc.,yarmouth,B5A 1E9,15000.00,1,43.836111,-66.1175,1,1
819,2019-2020,2019,ICT (includes Digital Media),Yarmouth,1,PIVP,Blackwatch.Tech Inc.,yarmouth,B5A 1E9,25000.00,1,43.836111,-66.1175,1,1
820,2019-2020,2019,Oceans Technology,Yarmouth,1,PIVP,Sun Aquasystems Limited,Yarmouth,B5A 1A1,15000.00,1,43.836111,-66.1175,1,1
821,2019-2020,2019,Chemicals & Plastics,Lunenburg,1,SBDP,AquaMedia Inc.,Bridgewater,B4V 7P7,12500.00,1,44.645084,-63.570552,1,1
822,2019-2020,2019,Business Services,Lunenburg,1,EGP,Mind's Eye Creative Consulting,Upper Northfield,B4V 5B1,1700.00,1,44.512834,-64.6012766,1,1
823,2019-2020,2019,Advanced Manufacturing,Lunenburg,1,SBDP,Nourished Magnesium Inc.,Bridgewater,B4V 2L8,5850.00,1,44.3795454,-64.5219467,1,1
824,2019-2020,2019,Advanced Manufacturing,Lunenburg,1,EGP,Nourished Magnesium Inc.,Bridgewater,B4V 2L8,1315.00,1,44.3795454,-64.5219467,1,1
825,2019-2020,2019,Oceans Technology,Lunenburg,1,EGP,Pro-Oceanus Systems Inc.,Bridgewater,B4V 1N1,11431.00,1,44.3776569,-64.5222951,1,1
826,2019-2020,2019,ICT (includes Digital Media),Kings,1,PIVP,FoodByte Inc.,Wolfville,B4P 2R6,25000.00,1,45.0885733,-64.3690057,1,1
827,2019-2020,2019,ICT (includes Digital Media),Kings,1,SBDP,FoodByte Inc.,Wolfville,B4P 2R6,15000.00,1,45.0885733,-64.3690057,1,1
828,2019-2020,2019,ICT (includes Digital Media),Kings,1,EGP,FoodByte Inc.,Wolfville,B4P 2R6,7000.00,1,45.0885733,-64.3690057,1,1
829,2019-2020,2019,ICT (includes Digital Media),Kings,1,EGP,FoodByte Inc.,Wolfville,B4P 2R6,2450.00,1,45.0885733,-64.3690057,1,1
830,2019-2020,2019,Agri-food,Kings,1,SBDP,Just Us! Coffee Roasters Co-op Ltd.,Wolfville,B4P 2R3,4250.00,1,45.1052474,-64.2956609,1,1
831,2019-2020,2019,Agri-food,Kings,1,EGP,Just Us! Coffee Roasters Co-op Ltd.,Wolfville,B4P 2R3,6114.00,1,45.1052474,-64.2956609,1,1
832,2019-2020,2019,Agri-food,Kings,1,EGP,Luckett Vineyards (Luckett Farms Limited),Wolfville,B4P 2R3,847.00,1,45.072155,-64.2980387,1,1
833,2019-2020,2019,Agri-food,Kings,1,EGP,Luckett Vineyards (Luckett Farms Limited),Wolfville,B4P 2R3,702.00,1,45.072155,-64.2980387,1,1
834,2019-2020,2019,Agri-food,Kings,1,EMGP,Lightfoot & Wolfville Vineyards Ltd.,Wolfville,B4P 2R1,45000.00,1,45.0960113,-64.3336589,1,1
835,2019-2020,2019,Agri-food,Kings,1,PIVP,L'Acadie Vineyards,Wolfville,B4P 2R1,15000.00,1,45.0664241,-64.3349274,1,1
836,2019-2020,2019,Agri-food,Kings,1,EGP,McConnell Gordon Estates Limited operating as Benjamin Bridge Vineyards,Wolfville,B4P 2R1,10200.00,1,45.0639943,-64.3832931,1,1
837,2019-2020,2019,Agri-food,Kings,1,EGP,McConnell Gordon Estates Limited operating as Benjamin Bridge Vineyards,Wolfville,B4P 2R1,9537.00,1,45.0639943,-64.3832931,1,1
838,2019-2020,2019,Agri-food,Kings,1,EGP,McConnell Gordon Estates Limited operating as Benjamin Bridge Vineyards,Wolfville,B4P 2R1,9495.00,1,45.0639943,-64.3832931,1,1
839,2019-2020,2019,Business Services,Kings,1,EGP,Finnessiam Holistic Health,White Rock,B4P 2R1,1114.00,1,45.0591461,-64.3970078,1,1
840,2019-2020,2019,Advanced Manufacturing,Kings,1,IRP,Xerium Canada Inc.**,Kentville,B4N 3W6,709250.00,1,45.0755419,-64.541556,1,1
841,2019-2020,2019,Agri-food,Kings,1,IRP,Van Meekeren Farms Limited,Kentville,B4N 3V7,2158955.00,1,45.135307,-64.6070867,1,1
842,2019-2020,2019,Agri-food,Kings,1,SBDP,Apple Valley Foods,Kentville,B4N 3V7,15000.00,1,45.066398,-64.5513537,1,1
843,2019-2020,2019,Advanced Manufacturing,Kings,1,SBDP,Burnt Out Solutions Inc.,New Minas,B4N 3N2,3000.00,1,45.067781,-64.4523868,1,1
844,2019-2020,2019,Advanced Manufacturing,Kings,1,EGP,Burnt Out Solutions Inc.,New Minas,B4N 3N2,15000.00,1,45.067781,-64.4523868,1,1
845,2019-2020,2019,Agri-food,Kings,1,PIVP,Vitis Vine Services,Kentville,B4N 1N7,15000.00,1,45.0767198,-64.5200157,1,1
846,2019-2020,2019,Agri-food,Cumberland,1,EGP,G E Collins and Sons Limited,Amherst,B4H 3Z2,14640.00,1,45.8234832,-64.2234486,1,1
847,2019-2020,2019,Business Services,Halifax,1,SBDP,Blender Networks Inc.,Bedford,B4H 0H4,8560.00,1,44.7167416,-63.6844763,1,1
848,2019-2020,2019,Business Services,Halifax,1,EGP,Blender Networks Inc.,Bedford,B4H 0H4,3460.00,1,44.7167416,-63.6844763,1,1
849,2019-2020,2019,ICT (includes Digital Media),Halifax,1,PIVP,Cartoon Conrad Productions Inc.,Beaverbank,B4G 1C5,15000.00,1,44.8448867,-63.6848471,1,1
850,2019-2020,2019,ICT (includes Digital Media),Halifax,1,PIVP,Cartoon Conrad Productions Inc.,Beaverbank,B4G 1C5,25000.00,1,44.8448867,-63.6848471,1,1
851,2019-2020,2019,Business Services,Halifax,1,EGP,Elegant Productions Inc.,Sackville,B4E 0E7,6292.00,1,44.7972885,-63.7133048,1,1
852,2019-2020,2019,Business Services,Halifax,1,EGP,Meridian DLT,Halifax,B4C 4E7,1700.00,1,44.7649885,-63.653883,1,1
853,2019-2020,2019,Business Services,Halifax,1,EGP,PeopleCan Training & Development,Beaverbank,B4C 2S3,1079.00,1,44.798765,-63.6906084,1,1
854,2019-2020,2019,ICT (includes Digital Media),Halifax,1,EGP,Atlantic Prepaid Incorporated,Lower Sackville,B4C 2R3,14997.00,1,44.7542457,-63.6675301,1,1
855,2019-2020,2019,ICT (includes Digital Media),Halifax,1,EGP,Keeping Roads Safe Technologies Inc.,Halifax,B4B1H1,9925.00,1,44.6622378,-63.6675301,1,1
856,2019-2020,2019,ICT (includes Digital Media),Halifax,1,EGP,Keeping Roads Safe Technologies Inc.,Halifax,B4B1H1,5175.00,1,44.6622378,-63.6675301,1,1
857,2019-2020,2019,ICT (includes Digital Media),Halifax,1,EGP,Keeping Roads Safe Technologies Inc.,Halifax,B4B1H1,4950.00,1,44.6622378,-63.6675301,1,1
858,2019-2020,2019,Business Services,Halifax,1,SBDP,Big Leap Leadership Inc.,Bedford,B4B0T2,15000.00,1,44.7078938,-63.7218816,1,1
859,2019-2020,2019,Business Services,Halifax,1,EGP,Big Leap Leadership Inc.,Bedford,B4B0T2,4540.00,1,44.7078938,-63.7218816,1,1
860,2019-2020,2019,ICT (includes Digital Media),Halifax,1,EGP,GeoNavo Positioning Systems Inc. (Tenera),Hammonds Plains,B4B 2B8,12418.00,1,44.7269996,-63.7060233,1,1
861,2019-2020,2019,Energy,Halifax,1,EGP,Sayle Group Inc.,Hammonds Plains,B4B 1W8,9075.00,1,44.7404942,-63.7765705,1,1
862,2019-2020,2019,Advanced Manufacturing,Halifax,1,EGP,Bailly Cosmetics Inc.,Upper Hammonds Plains,B4B 1N8,3048.00,1,44.7526143,-63.8303216,1,1
863,2019-2020,2019,ICT (includes Digital Media),Halifax,1,EGP,LDX Inc.,Halifax,B4B 1M1,8488.00,1,44.7124675,-63.7471587,1,1
864,2019-2020,2019,Advanced Manufacturing,Halifax,1,EGP,Coastline Cordage Group Ltd.,Bedford,B4B 1H1,11852.00,1,44.7219956,-63.714671,1,1
865,2019-2020,2019,Advanced Manufacturing,Halifax,1,EGP,Coastline Cordage Group Ltd.,Bedford,B4B 1H1,6162.00,1,44.7219956,-63.714671,1,1
866,2019-2020,2019,Energy,Halifax,1,EGP,NOVONIX Battery Testing Services Inc.,Bedford,B4B 1H1,19550.00,1,44.7215073,-63.7157441,1,1
867,2019-2020,2019,Energy,Halifax,1,EGP,NOVONIX Battery Testing Services Inc.,Bedford,B4B 1H1,3048.00,1,44.7215073,-63.7157441,1,1
868,2019-2020,2019,Fish & Seafood Processing,Shelburne,1,EGP,Captain Atlantic International Trade Co. Limited,Bear Point,b4b 0r3,6750.00,1,43.4961945,-65.6725352,1,1
869,2019-2020,2019,Business Services,Halifax,1,EGP,Prosaris Consulting Ltd.,Hammonds Plains,B4B 0P4,18389.00,1,44.7131266,-63.7489345,1,1
870,2019-2020,2019,Oceans Technology,Halifax,1,EGP,InnovaSea Marine Systems Canada Inc. DBA Vemco,Bedford,B4B 0L9,2317.00,1,44.724646,-63.7008188,1,1
871,2019-2020,2019,Oceans Technology,Halifax,1,PIVP,4Deep Inwater Imaging,Hammonds Plains,B4B 0G2,15000.00,1,44.6476082,-63.6097199,1,1
872,2019-2020,2019,Oceans Technology,Halifax,1,EGP,4Deep Inwater Imaging,Hammonds Plains,B4B 0G2,13300.00,1,44.6476082,-63.6097199,1,1
873,2019-2020,2019,ICT (includes Digital Media),Halifax,1,PIVP,Hanatech IOT Inc.,Halifax,B4A1E8,15000.00,1,44.733446,-63.658506,1,1
874,2019-2020,2019,Agri-food,Colchester,1,EGP,North 45 Orchards,Stewiack,B4A 4M1,3394.00,1,45.1378331,-63.3493508,1,1
875,2019-2020,2019,Agri-food,Halifax,1,EGP,Atlantic Resources Partnership Inc.,Bedford,B4A 4H4,6985.00,1,44.7010498,-63.6881885,1,1
876,2019-2020,2019,Life Sciences,Halifax,1,SBDP,Ring Rescue Incorporated,Dartmouth,B4A 3X9,10000.00,1,44.6564682,-63.5422889,1,1
877,2019-2020,2019,Life Sciences,Halifax,1,EGP,Ring Rescue Incorporated,Dartmouth,B4A 3X9,10501.00,1,44.6564682,-63.5422889,1,1
878,2019-2020,2019,Life Sciences,Halifax,1,EGP,Ring Rescue Incorporated,Dartmouth,B4A 3X9,4489.00,1,44.6564682,-63.5422889,1,1
879,2019-2020,2019,Engineering & Professional,Halifax,1,SBDP,GRF Structural Engineering Ltd.,Bedford,B4A 3N2,13750.00,1,44.727959,-63.6788267,1,1
880,2019-2020,2019,Advanced Manufacturing,Halifax,1,SBDP,Rx Security Inc.,Bedford,B4A 2T3,15000.00,1,44.7370534,-63.649464,1,1
881,2019-2020,2019,Advanced Manufacturing,Queens,1,PIVP,Aqualitas Inc.,Brooklyn,B4A 1E6,15000.00,1,44.0514957,-64.6986866,1,1
882,2019-2020,2019,Business Services,Halifax,1,EGP,Guild Software Inc.,Bedford,B4A 1E6,14152.00,1,44.7321531,-63.6598073,1,1
883,2019-2020,2019,Advanced Manufacturing,Halifax,1,EGP,Nautics Group Inc.,Bedford,B4A 1E2,15000.00,1,44.7361944,-63.659234,1,1
884,2019-2020,2019,Oceans Technology,Halifax,1,EGP,Allswater Marine Consultants Ltd.,Halifax,B4A 1B9,6530.00,1,44.7196106,-63.6744682,1,1
885,2019-2020,2019,Oceans Technology,Halifax,1,EGP,Allswater Marine Consultants Ltd.,Halifax,B4A 1B9,1965.00,1,44.7196106,-63.6744682,1,1
886,2019-2020,2019,ICT (includes Digital Media),Halifax,1,EGP,Dragon Veterinary Canada Limited,Bedford,B4A 0H4,16421.00,1,44.7270792,-63.8155911,1,1
887,2019-2020,2019,ICT (includes Digital Media),Halifax,1,EGP,Dragon Veterinary Canada Limited,Bedford,B4A 0H4,8579.00,1,44.7270792,-63.8155911,1,1
888,2019-2020,2019,Life Sciences,Halifax,1,EGP,VitaMed Inc.,Bedford,B4A 0G5,14950.00,1,44.6844877,-63.5802877,1,1
889,2019-2020,2019,Film Production,Halifax,1,EGP,Connections Productions Inc.,Bedford,B4A 0C1,9761.00,1,44.7499035,-63.6492011,1,1
890,2019-2020,2019,Creative Industries,Halifax,1,EGP,Genius Premium Craft Boxes,Bedford,B4A 0A7,2214.00,1,44.7048052,-63.6710741,1,1
891,2019-2020,2019,ICT (includes Digital Media),Halifax,1,EGP,The Well - Creative Consultants,Upper Tantallon,B3Z4R3,8175.00,1,44.7289615,-63.7359397,1,1
892,2019-2020,2019,Fish & Seafood Processing,Halifax,1,EGP,Atlantic Sea Cucumber Ltd.,Hackets Cove,B3Z 3K7,11270.00,1,44.5706903,-63.9336552,1,1
893,2019-2020,2019,Fish & Seafood Processing,Halifax,1,EGP,Atlantic Sea Cucumber Ltd.,Hackets Cove,B3Z 3K7,795.00,1,44.5706903,-63.9336552,1,1
894,2019-2020,2019,Life Sciences,Halifax,1,SBDP,AKSO Marine Biotech Inc.,Hackets Cove,B3Z 3K7,15000.00,1,44.5706903,-63.9336552,1,1
895,2019-2020,2019,Life Sciences,Halifax,1,EGP,AKSO Marine Biotech Inc.,Hackets Cove,B3Z 3K7,6534.00,1,44.5706903,-63.9336552,1,1
896,2019-2020,2019,Life Sciences,Halifax,1,EGP,AKSO Marine Biotech Inc.,Hackets Cove,B3Z 3K7,5702.00,1,44.5706903,-63.9336552,1,1
897,2019-2020,2019,Life Sciences,Halifax,1,EGP,AKSO Marine Biotech Inc.,Hackets Cove,B3Z 3K7,3300.00,1,44.5706903,-63.9336552,1,1
898,2019-2020,2019,Advanced Manufacturing,Halifax,1,EMGP,Nautel Limited,Hackets Cove,B3Z 3J4,50000.00,1,44.5711785,-63.919618,1,1
899,2019-2020,2019,Advanced Manufacturing,Halifax,1,EGP,Nautel Limited,Hackets Cove,B3Z 3J4,15000.00,1,44.5711785,-63.919618,1,1
900,2019-2020,2019,Energy,Halifax,1,PIVP,Aurea Technologies Inc.,Glen Haven,B3Z 2V7,25000.00,1,44.6379076,-63.9202838,1,1
901,2019-2020,2019,Mining & Mineral Products,Halifax,1,PIVP,Pure Carbon Capture,Glen Haven,B3Z 2V7,15000.00,1,44.6379076,-63.9202838,1,1
902,2019-2020,2019,Business Services,Halifax,1,EGP,Shift,Head of St. Margarets,B3Z 1X8,5750.00,1,44.6640753,-63.9330842,1,1
903,2019-2020,2019,Advanced Manufacturing,Halifax,1,EGP,Laughing Panda Hobbies & Toys,Upper Tantallon,B3Z 1H6,5725.00,1,44.708149,-63.8546321,1,1
904,2019-2020,2019,Business Services,Halifax,1,EGP,Elemental Talent Assessment Centre,Stillwater Lake,B3Z 1G5,12550.00,1,44.708149,-63.8546321,1,1
905,2019-2020,2019,Engineering & Professional,Halifax,1,EGP,Nexus Coastal Resource Management,Hubley,B3Z 1B8,7036.00,1,44.7031742,-63.84246,1,1
906,2019-2020,2019,Engineering & Professional,Halifax,1,EGP,Nexus Coastal Resource Management,Hubley,B3Z 1B8,4502.00,1,44.6732524,-63.8230231,1,1
907,2019-2020,2019,Business Services,Halifax,1,EGP,Passive Design Solutions,Hubley,B3Z 1B5,1312.00,1,44.6560723,-63.7888132,1,1
908,2019-2020,2019,Film Production,Halifax,1,EGP,Boulevard Productions Inc.,Hubley,B3Z 1A7,2269.00,1,44.6652633,-63.7897208,1,1
909,2019-2020,2019,Fish & Seafood Processing,Halifax,1,EGP,Sea Harvest Seafood (2019) Ltd.,Hubley,B3Z 0A2,4600.00,1,44.6602093,-63.7903476,1,1
910,2019-2020,2019,ICT (includes Digital Media),Halifax,1,EGP,Genesis Technology Inc.,Dartmouth,B3W 2Y6,6532.00,1,44.6810281,-63.5401947,1,1
911,2019-2020,2019,ICT (includes Digital Media),Halifax,1,EGP,Genesis Technology Inc.,Dartmouth,B3W 2Y6,2935.00,1,44.6810281,-63.5401947,1,1
912,2019-2020,2019,ICT (includes Digital Media),Halifax,1,PIVP,Natural Ocean Products Inc.,East Pennant,B3V 1L9,15000.00,1,44.462933,-63.6387483,1,1
913,2019-2020,2019,Fish & Seafood Processing,Halifax,1,EGP,Bluenose Seafood Inc.,Sambro,B3V 1L5,2138.00,1,44.4796274,-63.6010265,1,1
914,2019-2020,2019,Advanced Manufacturing,Halifax,1,SBDP,Du Nord Skin Care,Ketch Harbour,B3V 1K6,3600.00,1,44.4853458,-63.5447942,1,1
915,2019-2020,2019,Advanced Manufacturing,Halifax,1,EGP,Du Nord Skin Care,Ketch Harbour,B3V 1K6,4750.00,1,44.4853458,-63.5447942,1,1
916,2019-2020,2019,Film Production,Halifax,1,EGP,Portara Pictures Incorporated,Duncans Cove,B3V 1K4,2695.00,1,44.4992483,-63.5284172,1,1
917,2019-2020,2019,Film Production,Halifax,1,EGP,Portara Pictures Incorporated,Duncans Cove,B3V 1K4,2075.00,1,44.4992483,-63.5284172,1,1
918,2019-2020,2019,Agri-food,Halifax,1,EGP,Mad Gringo Hot Sauce,Williamswood,B3V 1E8,800.00,1,44.4810158,-63.618611,1,1
919,2019-2020,2019,Energy,Halifax,1,EGP,Mersey Consulting Ltd.,Shad Bay,B3T 2B5,6600.00,1,44.5252263,-63.7837237,1,1
920,2019-2020,2019,Oceans Technology,Halifax,1,PIVP,D.M.R. Boat Design Limited,Terrence Bay,B3T 1X3,25000.00,1,44.4955414,-63.7309114,1,1
921,2019-2020,2019,Aerospace & Defence,Halifax,1,EGP,Aerovision Canada Inc.,Beechville,B3T 1A2,2650.00,1,44.6375237,-63.6906837,1,1
922,2019-2020,2019,Transportation & Logistics,Halifax,1,EGP,International Pre-Owned Barcode Ltd.,Halifax,B3S0B9,9271.00,1,44.6377888,-63.6740811,1,1
923,2019-2020,2019,Transportation & Logistics,Halifax,1,EGP,International Pre-Owned Barcode Ltd.,Halifax,B3S0B9,4126.00,1,44.6377888,-63.6740811,1,1
924,2019-2020,2019,Business Services,Halifax,1,EGP,InTouch Communications Inc.,Halifax,B3S 1P9,5636.00,1,44.6642468,-63.673635,1,1
925,2019-2020,2019,Aerospace & Defence,Halifax,1,EGP,Bluedrop Training & Simulation Inc.,Halifax,B3S 1N2,9828.00,1,44.6552672,-63.6722465,1,1
926,2019-2020,2019,Aerospace & Defence,Halifax,1,EGP,Bluedrop Training & Simulation Inc.,Halifax,B3S 1N2,6970.00,1,44.6552672,-63.6722465,1,1
927,2019-2020,2019,Aerospace & Defence,Halifax,1,EGP,Bluedrop Training & Simulation Inc.,Halfax,B3S 1N2,6475.00,1,44.6552672,-63.6722465,1,1
928,2019-2020,2019,Agri-food,Halifax,1,SBDP,Oberland Agriscience Inc.,Halifax,B3S 1C2,7818.00,1,44.6266728,-63.6687641,1,1
929,2019-2020,2019,Agri-food,Halifax,1,EGP,Oberland Agriscience Inc.,Halifax,B3S 1C2,715.00,1,44.6266728,-63.6687641,1,1
930,2019-2020,2019,Advanced Manufacturing,Halifax,1,PIVP,LED Roadway Lighting Ltd.,Halifax,B3S 1B3,25000.00,1,44.6395722,-63.6666819,1,1
931,2019-2020,2019,ICT (includes Digital Media),Halifax,1,EGP,Deprolabs Technology Inc.,Halifax,B3S 0G5,2226.00,1,44.6532783,-63.6734833,1,1
932,2019-2020,2019,ICT (includes Digital Media),Halifax,1,EGP,Deprolabs Technology Inc.,Halifax,B3S 0G5,650.00,1,44.6532783,-63.6734833,1,1
933,2019-2020,2019,Finance & Insurance,Halifax,1,Payroll Rebate,MUFG Fund Services (Halifax) Limited*,Halifax,B3S 0C9,2220000.00,1,44.6491545,-63.6565041,1,1
934,2019-2020,2019,ICT (includes Digital Media),Halifax,1,EGP,NS Sports Media Pros Ltd.,Halifax,B3S 0B9,21300.00,1,44.6406462,-63.6728245,1,1
935,2019-2020,2019,ICT (includes Digital Media),Halifax,1,EGP,Social Navigator Inc.,Halifax,B3S 0B9,25000.00,1,44.6406462,-63.6728245,1,1
936,2019-2020,2019,Film Production,Halifax,1,EGP,Alright Pictures Inc.,Halifax,B3P 2M5,1140.00,1,44.6187531,-63.6118801,1,1
937,2019-2020,2019,Energy,Halifax,1,EGP,Glas Ocean Electric Inc.,Halifax,B3P 2H3,14270.00,1,44.6146007,-63.5805338,1,1
938,2019-2020,2019,Business Services,Halifax,1,EMGP,Enginuity Inc.,Halifax,B3P 1M1,50000.00,1,44.6182511,-63.616651,1,1
939,2019-2020,2019,Agri-food,Halifax,1,EGP,Ednaturals Bar,Halifax,B3P 1H5,892.00,1,44.617402,-63.6123087,1,1
940,2019-2020,2019,ICT (includes Digital Media),Halifax,1,PIVP,Grey Lit Matters Inc.,Halifax,B3P 1A8,25000.00,1,44.6300731,-63.6080148,1,1
941,2019-2020,2019,Agri-food,Halifax,1,EGP,Ocean Fresh Seafood,Halifax,B3N 3M3,1871.00,1,44.6423948,-63.6351191,1,1
942,2019-2020,2019,Film Production,Halifax,1,EGP,No Fear Films,Halifax,B3N 2H5,1370.00,1,44.6424447,-63.6384989,1,1
943,2019-2020,2019,Agri-food,Halifax,1,EGP,Giffin Technologies Inc.,Halifax,B3N 1X9,1155.00,1,44.6424447,-63.6384989,1,1
944,2019-2020,2019,Agri-food,Halifax,1,EGP,Giffin Technologies Inc.,Halifax,B3N 1X9,635.00,1,44.6424447,-63.6384989,1,1
945,2019-2020,2019,Film Production,Halifax,1,EGP,Matriarch Productions Inc.,Halifax,B3N 1B7,1820.00,1,44.6424447,-63.6384989,1,1
946,2019-2020,2019,Advanced Manufacturing,Halifax,1,EGP,Global Precision Signage Inc.,Halifax,B3M2Y9,5025.00,1,44.7260551,-63.7090338,1,1
947,2019-2020,2019,Agri-food,Halifax,1,PIVP,SeaChange Biochemistry Inc.,Halifax,B3M 4R2,15000.00,1,44.6795222,-63.7062955,1,1
948,2019-2020,2019,Film Production,Halifax,1,EGP,Ubuntu Media,Halifax,B3M 4K2,7914.00,1,44.6795222,-63.7062955,1,1
949,2019-2020,2019,Business Services,Halifax,1,EGP,SHUMBA CONSULTING,Halifax,B3M 4H4,696.00,1,44.6795222,-63.7062955,1,1
950,2019-2020,2019,Business Services,Halifax,1,EGP,Dart Frog Events Inc.,Halifax,B3M 4C5,11524.00,1,44.6795222,-63.7062955,1,1
951,2019-2020,2019,Business Services,Halifax,1,EGP,Foundation Marketing Services Inc.,Halifax,B3M 4C5,4418.00,1,44.6795222,-63.7062955,1,1
952,2019-2020,2019,Fish & Seafood Processing,Halifax,1,EGP,Fathom Fish & Seafood Inc.,Halifax,B3M 3M6,3642.00,1,44.6137541,-63.6192708,1,1
953,2019-2020,2019,Energy,Halifax,1,EGP,RDA Atlantic Inc.,Halifax,B3M 2L9,14422.00,1,44.6936747,-63.7042465,1,1
954,2019-2020,2019,Business Services,Halifax,1,EGP,Proven Marketing for Professionals Inc.,Halifax,B3M 2L4,5600.00,1,44.6842047,-63.6625599,1,1
955,2019-2020,2019,Energy,Halifax,1,EGP,Roswall Development Incorporated,Halifax,B3M 2L3,10125.00,1,44.6842047,-63.6625599,1,1
956,2019-2020,2019,ICT (includes Digital Media),Halifax,1,EGP,Vesuvius Media Ltd.,Halifax,B3M 1W8,19712.00,1,44.6755102,-63.6534019,1,1
957,2019-2020,2019,ICT (includes Digital Media),Halifax,1,EGP,Vesuvius Media Ltd.,Halifax,B3M 1W8,3735.00,1,44.6755102,-63.6534019,1,1
958,2019-2020,2019,Agri-food,Halifax,1,EGP,JusNova Agriculture Ltd.,Halifax,B3M 1N1,14275.00,1,44.6647911,-63.6429132,1,1
959,2019-2020,2019,Agri-food,Halifax,1,EGP,JusNova Agriculture Ltd.,Halifax,B3M 1N1,9850.00,1,44.6647911,-63.6429132,1,1
960,2019-2020,2019,ICT (includes Digital Media),Halifax,1,SBDP,Content Bloom Inc.,Halifax,B3M 0N6,15000.00,1,44.7246482,-63.6721859,1,1
961,2019-2020,2019,Advanced Manufacturing,Halifax,1,EGP,Duckish Natural Skin Care Limited,Halifax,B3L1K1,6945.00,1,44.6226545,-63.6179519,1,1
962,2019-2020,2019,Business Services,Halifax,1,EGP,Uprise Consulting,Halifax,B3L 4T7,3312.00,1,44.6535608,-63.6299775,1,1
963,2019-2020,2019,Life Sciences,Halifax,1,SBDP,BlueLight Analytics Inc.,Halifax,B3L 4G4,13000.00,1,44.6425184,-63.6230288,1,1
964,2019-2020,2019,Life Sciences,Halifax,1,SBDP,BlueLight Analytics Inc.,Halifax,B3L 4G4,12000.00,1,44.6425184,-63.6230288,1,1
965,2019-2020,2019,Life Sciences,Halifax,1,EGP,BlueLight Analytics Inc.,Halifax,B3L 4G4,25000.00,1,44.6425184,-63.6230288,1,1
966,2019-2020,2019,ICT (includes Digital Media),Halifax,1,EGP,Trust Communications Inc.,Halifax,B3L 2Y8,4842.00,1,44.6457117,-63.6073849,1,1
967,2019-2020,2019,ICT (includes Digital Media),Halifax,1,EGP,Curv Labs Inc.,Halifax,B3L 2W6,11950.00,1,44.6543585,-63.6118692,1,1
968,2019-2020,2019,Business Services,Halifax,1,EGP,Ambition Theory,Halifax,B3L 2S7,2212.00,1,44.6462829,-63.6023369,1,1
969,2019-2020,2019,Business Services,Halifax,1,EGP,Ambition Theory,Halifax,B3L 2S7,1996.00,1,44.6462829,-63.6023369,1,1
970,2019-2020,2019,Business Services,Halifax,1,EGP,Success Through Trust Inc.,Halifax,B3L 2H3,3080.00,1,44.6481991,-63.6282027,1,1
971,2019-2020,2019,Business Services,Halifax,1,EGP,Focal Research Consultants Limited,Halifax,B3L 2C2,2050.00,1,44.6554659,-63.6288596,1,1
972,2019-2020,2019,Business Services,Halifax,1,EGP,Focal Research Consultants Limited,Halifax,B3L 2C2,1948.00,1,44.6554659,-63.6288596,1,1
973,2019-2020,2019,Energy,Halifax,1,EGP,Jaza Energy Inc.,Halifax,B3L 1Y9,9220.00,1,44.6533398,-63.6118355,1,1
974,2019-2020,2019,Energy,Halifax,1,EGP,Jaza Energy Inc.,Halifax,B3L 1Y9,2547.00,1,44.6533398,-63.6118355,1,1
975,2019-2020,2019,Film Production,Halifax,1,EGP,Black Dog Films / The Monster Productions Inc.,Halifax,B3L 1P4,11797.00,1,44.6537151,-63.5983931,1,1
976,2019-2020,2019,Agri-food,Halifax,1,PIVP,Nexus Robotics Inc.,Halifax,B3L 1E3,15000.00,1,44.652153,-63.5765057,1,1
977,2019-2020,2019,Film Production,Halifax,1,EGP,Arcadia Entertainment Inc.,Halifax,B3L 1A9,1874.00,1,44.6439187,-63.6039208,1,1
978,2019-2020,2019,ICT (includes Digital Media),Halifax,1,SBDP,902HipHop Inc.,Halifax,B3K4N7,15000.00,1,44.651908,-63.5952397,1,1
979,2019-2020,2019,ICT (includes Digital Media),Halifax,1,EGP,902HipHop Inc.,Halifax,B3K4N7,13202.00,1,44.651908,-63.5952397,1,1
980,2019-2020,2019,ICT (includes Digital Media),Halifax,1,EGP,902HipHop Inc.,Halifax,B3K4N7,1798.00,1,44.651908,-63.5952397,1,1
981,2019-2020,2019,Advanced Manufacturing,Halifax,1,PIVP,Rayleigh Solar Tech Inc.,Halifax,B3K2P5,15000.00,1,44.6701852,-63.6082181,1,1
982,2019-2020,2019,Advanced Manufacturing,Halifax,1,EGP,Rayleigh Solar Tech Inc.,Halifax,B3K2P5,2697.00,1,44.6701852,-63.6082181,1,1
983,2019-2020,2019,ICT (includes Digital Media),Halifax,1,EGP,Atlantic Blockchain Company Inc.,Halifax,B3K 6S2,994.00,1,44.6511052,-63.5943814,1,1
984,2019-2020,2019,Business Services,Halifax,1,EGP,Ryan Chute Group of Companies Inc.,Halifax,B3K 5V8,5401.00,1,44.6674771,-63.6084856,1,1
985,2019-2020,2019,Business Services,Halifax,1,EGP,Smarter Spaces Inc.,Halifax,B3K 5M4,6460.00,1,44.6445467,-63.5762701,1,1
986,2019-2020,2019,ICT (includes Digital Media),Halifax,1,SBDP,Liberated Networks Inc.,Halifax,B3K 5L9,25000.00,1,44.6554842,-63.6035092,1,1
987,2019-2020,2019,ICT (includes Digital Media),Halifax,1,EGP,QRA Corp,Halifax,B3K 5L2,11621.00,1,44.6583102,-63.6053356,1,1
988,2019-2020,2019,ICT (includes Digital Media),Halifax,1,EGP,QRA Corp,Halifax,B3K 5L2,3377.00,1,44.6583102,-63.6053356,1,1
989,2019-2020,2019,Business Services,Halifax,1,EGP,R&G Strategic Inc.,Halifax,B3K 5J7,7945.00,1,44.6474755,-63.5931818,1,1
990,2019-2020,2019,Business Services,Halifax,1,EGP,R&G Strategic Inc.,Halifax,B3K 5J7,4770.00,1,44.6474755,-63.5931818,1,1
991,2019-2020,2019,ICT (includes Digital Media),Halifax,1,EGP,Boondoc Technologies Inc. (The Rounds),Halifax,B3K 4X5,17922.00,1,44.6621997,-63.6126882,1,1
992,2019-2020,2019,ICT (includes Digital Media),Halifax,1,EGP,Boondoc Technologies Inc. (The Rounds),Halifax,B3K 4X5,6732.00,1,44.6621997,-63.6126882,1,1
993,2019-2020,2019,Film Production,Halifax,1,EGP,Ocean Entertainment Ltd.,Halifax,B3K 4T9,13875.00,1,44.6508892,-63.5955023,1,1
994,2019-2020,2019,Film Production,Halifax,1,EGP,Ocean Entertainment Ltd.,Halifax,B3K 4T9,13500.00,1,44.6508892,-63.5955023,1,1
995,2019-2020,2019,Agri-food,Halifax,1,SBDP,The Healthy Athlete,Halifax,B3K 4P6,8800.00,1,44.7263364,-63.7378569,1,1
996,2019-2020,2019,Agri-food,Halifax,1,EGP,The Healthy Athlete,Halifax,B3K 4P6,1630.00,1,44.7263364,-63.7378569,1,1
997,2019-2020,2019,Agri-food,Halifax,1,EGP,Wrought Iron Brewing Co. Ltd.,Halifax,B3K 4P2,1272.00,1,44.6565224,-63.6000243,1,1
998,2019-2020,2019,Agri-food,Halifax,1,EGP,Chain-Yard Cider Inc.,Halifax,B3K 4C8,1528.00,1,44.6555365,-63.5961796,1,1
999,2019-2020,2019,Film Production,Halifax,1,EGP,"Accomplice Content Supply Co., Inc.",Halifax,B3K 4C6,665.00,1,44.6551471,-63.5957575,1,1
1000,2019-2020,2019,Oceans Technology,Halifax,1,EGP,RBR Atlantic,Halifax,B3K 3W3,9765.00,1,44.661946,-63.5587822,1,1
1001,2019-2020,2019,Advanced Manufacturing,Halifax,1,EGP,Eye Catch Signs Limited,Halifax,B3K 3V4,9224.00,1,44.6546828,-63.5932681,1,1
1002,2019-2020,2019,Advanced Manufacturing,Halifax,1,EGP,Eye Catch Signs Limited,Halifax,B3K 3V4,4775.00,1,44.6546828,-63.5932681,1,1
1003,2019-2020,2019,Business Services,Halifax,1,EGP,Lightship Strategies Inc.,Halifax,B3K 3R4,925.00,1,44.6516565,-63.5868878,1,1
1004,2019-2020,2019,ICT (includes Digital Media),Halifax,1,PIVP,Efficiency Properties Inc.,Halifax,B3K 3P2,15000.00,1,44.6696518,-63.6086963,1,1
1005,2019-2020,2019,Business Services,Halifax,1,SBDP,Iris Booth Incorporated,Halifax,B3K 2Y4,10000.00,1,44.652261,-63.5828237,1,1
1006,2019-2020,2019,Business Services,Halifax,1,SBDP,Iris Booth Incorporated,Halifax,B3K 2Y4,10000.00,1,44.652261,-63.5828237,1,1
1007,2019-2020,2019,Business Services,Halifax,1,EGP,Iris Booth Incorporated,Halifax,B3K 2Y4,8045.00,1,44.652261,-63.5828237,1,1
1008,2019-2020,2019,Business Services,Halifax,1,EGP,Iris Booth Incorporated,Halifax,B3K 2Y4,7880.00,1,44.652261,-63.5828237,1,1
1009,2019-2020,2019,Business Services,Halifax,1,EGP,Iris Booth Incorporated,Halifax,B3K 2Y4,5302.00,1,44.652261,-63.5828237,1,1
1010,2019-2020,2019,Advanced Manufacturing,Halifax,1,EGP,Dormie Golf Workshop Inc.,Halifax,B3K 2Y3,15010.00,1,44.6728536,-63.6077762,1,1
1011,2019-2020,2019,Advanced Manufacturing,Halifax,1,EGP,Dormie Golf Workshop Inc.,Halifax,B3K 2Y3,4435.00,1,44.6728536,-63.6077762,1,1
1012,2019-2020,2019,Business Services,Halifax,1,EGP,Atlantic Ambassatours Ltd.,Halifax,B3K 2V6,2152.00,1,44.663951,-63.6258559,1,1
1013,2019-2020,2019,ICT (includes Digital Media),Halifax,1,EGP,Modest Tree Media Inc.,Halifax,B3K 2R6,2567.00,1,44.664448,-63.6192654,1,1
1014,2019-2020,2019,ICT (includes Digital Media),Halifax,1,EGP,Modest Tree Media Inc.,Halifax,B3K 2R6,1750.00,1,44.664448,-63.6192654,1,1
1015,2019-2020,2019,Business Services,Halifax,1,SBDP,Pisces Research Project Management Inc,Halifax,B3K 2L9,3750.00,1,44.6679038,-63.6077782,1,1
1016,2019-2020,2019,Business Services,Halifax,1,EGP,Pisces Research Project Management Inc.,Halifax,B3K 2L9,9928.00,1,44.6679038,-63.6077782,1,1
1017,2019-2020,2019,Business Services,Halifax,1,EGP,Power HR Inc.,Halifax,B3K 1Y5,2750.00,1,44.6616219,-63.6014075,1,1
1018,2019-2020,2019,ICT (includes Digital Media),Halifax,1,EGP,SolutionInc. Ltd.,Halifax,B3K 1T2,10427.00,1,44.6577848,-63.5986848,1,1
1019,2019-2020,2019,ICT (includes Digital Media),Halifax,1,EGP,SolutionInc. Ltd.,Halifax,B3K 1T2,4700.00,1,44.6577848,-63.5986848,1,1
1020,2019-2020,2019,ICT (includes Digital Media),Halifax,1,EGP,SolutionInc. Ltd.,Halifax,B3K 1T2,2700.00,1,44.6577848,-63.5986848,1,1
1021,2019-2020,2019,Film Production,Halifax,1,EGP,Shut Up & Colour Pictures Inc.,Halifax,B3K 1S8,11793.00,1,44.6586433,-63.5978095,1,1
1022,2019-2020,2019,Film Production,Halifax,1,EGP,Shut Up & Colour Pictures Inc.,Halifax,B3K 1S8,2350.00,1,44.6586433,-63.5978095,1,1
1023,2019-2020,2019,Life Sciences,Halifax,1,EMGP,Spring Loaded Technology Incorporated,Halifax,B3K 1P5,25875.00,1,44.7036356,-63.5921981,1,1
1024,2019-2020,2019,Life Sciences,Halifax,1,EGP,Spring Loaded Technology Incorporated,Halifax,B3K 1P5,14925.00,1,44.7036356,-63.5921981,1,1
1025,2019-2020,2019,ICT (includes Digital Media),Halifax,1,PIVP,Kilo Communications Inc.,Halifax,B3K 1N1,25000.00,1,44.6537151,-63.5983984,1,1
1026,2019-2020,2019,Energy,Halifax,1,PIVP,Arolytics Inc.,Halifax,"B3K 1H7,",15000.00,1,43.6386507,-65.7209915,1,1
1027,2019-2020,2019,Energy,Halifax,1,PIVP,Arolytics Inc.,Halifax,"B3K 1H7,",25000.00,1,43.6386507,-65.7209915,1,1
1028,2019-2020,2019,ICT (includes Digital Media),Halifax,1,EGP,Side Door Access Inc.,Halifax,B3K 1H1,9747.00,1,44.6524646,-63.5904482,1,1
1029,2019-2020,2019,ICT (includes Digital Media),Halifax,1,EGP,Social Enterprise Institute CCC Ltd.,Halifax,B3K 1C5,14772.00,1,44.6528063,-63.5887489,1,1
1030,2019-2020,2019,Film Production,Halifax,1,EGP,Tell Tale Productions Inc.,Halifax,B3K 1B4,12504.00,1,44.6515435,-63.5870391,1,1
1031,2019-2020,2019,Agri-food,Halifax,1,PIVP,Hope Blooms Youth Social Entrepreneurial Ventures Inc.,Halifax,B3K 1B3,15000.00,1,44.652136,-63.5866307,1,1
1032,2019-2020,2019,Agri-food,Halifax,1,PIVP,Hope Blooms Youth Social Entrepreneurial Ventures Inc.,Halifax,B3K 1B3,25000.00,1,44.652136,-63.5866307,1,1
1033,2019-2020,2019,Agri-food,Halifax,1,EGP,Hope Blooms Youth Social Entrepreneurial Ventures Inc.,Halifax,B3K 1B3,3719.00,1,44.652136,-63.5866307,1,1
1034,2019-2020,2019,Film Production,Halifax,1,EGP,Immersive Cinema Inc.,Halifax,B3K 0G9,11925.00,1,44.6594443,-63.6033403,1,1
1035,2019-2020,2019,ICT (includes Digital Media),Halifax,1,EGP,Kinduct Technologies Inc.,Halifax,B3J3R7,12657.00,1,44.6526567,-63.5767589,1,1
1036,2019-2020,2019,Life Sciences,Halifax,1,SBDP,Motryx Inc.,Halifax,B3J3K5,11250.00,1,44.6444057,-63.5741156,1,1
1037,2019-2020,2019,Life Sciences,Halifax,1,EGP,Motryx Inc.,Halifax,B3J3K5,14348.00,1,44.6444057,-63.5741156,1,1
1038,2019-2020,2019,Life Sciences,Halifax,1,EGP,Motryx Inc.,Halifax,B3J3K5,1175.00,1,44.6444057,-63.5741156,1,1
1039,2019-2020,2019,ICT (includes Digital Media),Halifax,1,EGP,Fundmetric Incorporated,Halifax,B3J3K3,15000.00,1,44.643325,-63.5804999,1,1
1040,2019-2020,2019,Film Production,Halifax,1,EGP,Pictou Twist Pictures Inc.,Halifax,B3J1J7,7950.00,1,44.6448856,-63.5762418,1,1
1041,2019-2020,2019,Film Production,Halifax,1,EGP,Pictou Twist Pictures Inc.,Halifax,B3J1J7,6300.00,1,44.6448856,-63.5762418,1,1
1042,2019-2020,2019,Business Services,Halifax,1,EGP,Recognize Your Potential by Floria,Halifax,B3J 3Z4,400.00,1,44.6442996,-63.5715127,1,1
1043,2019-2020,2019,Business Services,Halifax,1,EGP,Kula Partners Inc.,Halifax,B3J 3X8,2277.00,1,44.6472951,-63.5788837,1,1
1044,2019-2020,2019,Business Services,Halifax,1,EGP,Kula Partners Inc.,Halifax,B3J 3X8,1665.00,1,44.6472951,-63.5788837,1,1
1045,2019-2020,2019,ICT (includes Digital Media),Halifax,1,PIVP,Current Studios Inc.,Halifax,B3J 3X8,15000.00,1,44.6472951,-63.5788837,1,1
1046,2019-2020,2019,ICT (includes Digital Media),Halifax,1,EGP,Current Studios Inc.,Halifax,B3J 3X8,14950.00,1,44.6472951,-63.5788837,1,1
1047,2019-2020,2019,ICT (includes Digital Media),Halifax,1,SBDP,B4Checkin Limited,Halifax,B3J 3S9,14568.00,1,44.6591168,-63.5999114,1,1
1048,2019-2020,2019,ICT (includes Digital Media),Halifax,1,EGP,B4Checkin Limited,Halifax,B3J 3S9,16535.00,1,44.6591168,-63.5999114,1,1
1049,2019-2020,2019,ICT (includes Digital Media),Halifax,1,EGP,B4Checkin Limited,Halifax,B3J 3S9,13330.00,1,44.6591168,-63.5999114,1,1
1050,2019-2020,2019,Advanced Manufacturing,Halifax,1,EGP,SURU Inc.,Halifax,B3J 3R7,4329.00,1,44.6611613,-63.5448726,1,1
1051,2019-2020,2019,Agri-food,Halifax,1,PIVP,Orchestra Farms Entoculture Inc.,Halifax,B3J 3R7,15000.00,1,44.6526567,-63.5767589,1,1
1052,2019-2020,2019,ICT (includes Digital Media),Halifax,1,PMA,FarrPoint Inc.,Halifax,B3J 3R7,0.00,1,44.652724,-63.5763108,1,1
1053,2019-2020,2019,ICT (includes Digital Media),Halifax,1,SBDP,Cribcut,Halifax,B3J 3R7,12718.00,1,44.6526387,-63.576713,1,1
1054,2019-2020,2019,ICT (includes Digital Media),Halifax,1,EGP,Cribcut,Halifax,B3J 3R7,6450.00,1,44.6526387,-63.576713,1,1
1055,2019-2020,2019,Film Production,Halifax,1,EGP,IOM Media Ventures NS Inc.,Halifax,B3J 3R4,6600.00,1,44.6428374,-63.5808698,1,1
1056,2019-2020,2019,Film Production,Halifax,1,EGP,IOM Media Ventures NS Inc.,Halifax,B3J 3R4,5640.00,1,44.6428374,-63.5808698,1,1
1057,2019-2020,2019,Fish & Seafood Processing,Halifax,1,EGP,ITO Seafoods Ltd.,Halifax,B3J 3R3,7267.00,1,44.6426744,-63.5713427,1,1
1058,2019-2020,2019,Fish & Seafood Processing,Halifax,1,EGP,ITO Seafoods Ltd.,Halifax,B3J 3R3,6100.00,1,44.6426744,-63.5713427,1,1
1059,2019-2020,2019,ICT (includes Digital Media),Halifax,1,EGP,Copernicus Labs Inc.,Halifax,B3J 3P1,10415.00,1,44.6420969,-63.5727756,1,1
1060,2019-2020,2019,Business Services,Halifax,1,EGP,Cartenav Solutions Inc.,Halifax,B3J 3N2,15000.00,1,44.6489369,-63.5767589,1,1
1061,2019-2020,2019,ICT (includes Digital Media),Halifax,1,EGP,Mkit North America Inc.,Halifax,B3J 3N2,11397.00,1,44.6443343,-63.5740291,1,1
1062,2019-2020,2019,ICT (includes Digital Media),Halifax,1,EGP,Mkit North America Inc.,Halifax,B3J 3N2,3525.00,1,44.6443343,-63.5740291,1,1
1063,2019-2020,2019,ICT (includes Digital Media),Halifax,1,EGP,OARO,Halifax,B3J 3N2,10269.00,1,44.6517896,-63.5763881,1,1
1064,2019-2020,2019,ICT (includes Digital Media),Halifax,1,EGP,OARO,Halifax,B3J 3N2,4945.00,1,44.6517896,-63.5763881,1,1
1065,2019-2020,2019,Finance & Insurance,Halifax,1,Payroll Rebate,The Bank of N.T. Butterfield & Son Limited*,Halifax,B3J 3M8,557779.00,1,44.6472847,-63.5745851,1,1
1066,2019-2020,2019,ICT (includes Digital Media),Halifax,1,SBDP,En Point Inc.,Halifax,B3J 3M8,20025.00,1,44.6472847,-63.5745851,1,1
1067,2019-2020,2019,ICT (includes Digital Media),Halifax,1,SBDP,MindSea Development Incorporated,Halifax,B3J 3M8,10000.00,1,44.6472847,-63.5745851,1,1
1068,2019-2020,2019,ICT (includes Digital Media),Halifax,1,EGP,MindSea Development Incorporated,Halifax,B3J 3M8,2065.00,1,44.6472847,-63.5745851,1,1
1069,2019-2020,2019,ICT (includes Digital Media),Halifax,1,EGP,MindSea Development Incorporated,Halifax,B3J 3M8,750.00,1,44.6472847,-63.5745851,1,1
1070,2019-2020,2019,Engineering & Professional,Halifax,1,EGP,EcoPilot Canada Inc.,Halifax,B3J 3L7,6767.00,1,44.6502452,-63.5776707,1,1
1071,2019-2020,2019,ICT (includes Digital Media),Halifax,1,Payroll Rebate,Jonas Software Solutions Inc.,Halifax,B3J 3K9,1817200.00,1,44.6517896,-63.5763881,1,1
1072,2019-2020,2019,ICT (includes Digital Media),Halifax,1,PMA,Binogi Studios Ltd.,Halifax,B3J 3K5,0.00,1,44.6444057,-63.5741156,1,1
1073,2019-2020,2019,ICT (includes Digital Media),Halifax,1,SBDP,Swept Technologies Inc.,Halifax,B3J 3K5,15000.00,1,44.6384903,-63.577593,1,1
1074,2019-2020,2019,ICT (includes Digital Media),Halifax,1,EGP,B-Line Analytics,Halifax,B3J 3K5,11950.00,1,44.6384903,-63.577593,1,1
1075,2019-2020,2019,ICT (includes Digital Media),Halifax,1,EGP,B-Line Analytics,Halifax,B3J 3K5,1880.00,1,44.6384903,-63.577593,1,1
1076,2019-2020,2019,ICT (includes Digital Media),Halifax,1,EGP,Dugo Systems Inc.,Halifax,B3J 3K5,6650.00,1,44.6384903,-63.577593,1,1
1077,2019-2020,2019,ICT (includes Digital Media),Halifax,1,EGP,Harbr Inc.,Halifax,B3J 3K5,6573.00,1,44.6384903,-63.577593,1,1
1078,2019-2020,2019,ICT (includes Digital Media),Halifax,1,EGP,SalesRight Technologies Inc.,Halifax,B3J 3K5,2574.00,1,44.6384903,-63.577593,1,1
1079,2019-2020,2019,ICT (includes Digital Media),Halifax,1,EGP,Swell Advantage Ltd.,Halifax,B3J 3K5,7300.00,1,44.6384903,-63.577593,1,1
1080,2019-2020,2019,ICT (includes Digital Media),Halifax,1,EGP,USP-LAB N.A. Ltd.,Halifax,B3J 3K5,11080.00,1,44.6384903,-63.577593,1,1
1081,2019-2020,2019,ICT (includes Digital Media),Halifax,1,EGP,USP-LAB N.A. Ltd.,Halifax,B3J 3K5,7582.00,1,44.6384903,-63.577593,1,1
1082,2019-2020,2019,ICT (includes Digital Media),Halifax,1,EGP,USP-LAB N.A. Ltd.,Halifax,B3J 3K5,2235.00,1,44.6384903,-63.577593,1,1
1083,2019-2020,2019,Life Sciences,Halifax,1,SBDP,Gibli Innovations Inc. (Gibli Tech Incorporated),Halifax,B3J 3K5,6000.00,1,44.6384903,-63.577593,1,1
1084,2019-2020,2019,Life Sciences,Halifax,1,EGP,Gibli Innovations Inc. (Gibli Tech Incorporated),Halifax,B3J 3K5,7302.00,1,44.6384903,-63.577593,1,1
1085,2019-2020,2019,Life Sciences,Halifax,1,EGP,Gibli Innovations Inc. (Gibli Tech Incorporated),Halifax,B3J 3K5,1525.00,1,44.6384903,-63.577593,1,1
1086,2019-2020,2019,Business Services,Halifax,1,EGP,CacheFlo Inc.,Halifax,B3J 3J8,4526.00,1,44.6493346,-63.5806953,1,1
1087,2019-2020,2019,Business Services,Halifax,1,EGP,CacheFlo Inc.,Halifax,B3J 3J8,4039.00,1,44.6493346,-63.5806953,1,1
1088,2019-2020,2019,ICT (includes Digital Media),Halifax,1,EGP,Cloudkettle Inc.,Halifax,B3J 3J8,14985.00,1,44.6493346,-63.5806953,1,1
1089,2019-2020,2019,Transportation & Logistics,Halifax,1,EGP,Breton Air,Halifax,B3J 3C7,10225.00,1,44.646249,-63.57826,1,1
1090,2019-2020,2019,ICT (includes Digital Media),Halifax,1,EGP,Trip Ninja Inc.,Halifax,B3J 2V1,9095.00,1,44.6443314,-63.5740143,1,1
1091,2019-2020,2019,ICT (includes Digital Media),Halifax,1,EGP,Trip Ninja Inc.,Halifax,B3J 2V1,6553.00,1,44.6443314,-63.5740143,1,1
1092,2019-2020,2019,ICT (includes Digital Media),Halifax,1,PMA,Jam Filled Entertainment (Halifax) Inc.,Halifax,B3J 2T9,0.00,1,44.6472847,-63.5723964,1,1
1093,2019-2020,2019,Energy,Halifax,1,EGP,CBCL Limited,Halifax,B3J 2R7,14907.00,1,44.6444057,-63.5719269,1,1
1094,2019-2020,2019,Energy,Halifax,1,EGP,Fourth State Energy Incorporated,Halifax,B3J 2L4,14999.00,1,44.6456242,-63.5888016,1,1
1095,2019-2020,2019,ICT (includes Digital Media),Halifax,1,EGP,Beyond Ventures Group Business & Trade Development Inc.,Halifax,B3J 2L4,2471.00,1,44.6473552,-63.5745259,1,1
1096,2019-2020,2019,Agri-food,Halifax,1,SBDP,Cove Kombucha,Halifax,B3J 2J9,10000.00,1,44.640739,-63.5788147,1,1
1097,2019-2020,2019,Agri-food,Halifax,1,SBDP,Cove Kombucha,Halifax,B3J 2J9,15000.00,1,44.640739,-63.5788147,1,1
1098,2019-2020,2019,Agri-food,Halifax,1,EGP,Cove Kombucha,Halifax,B3J 2J9,12650.00,1,44.640739,-63.5788147,1,1
1099,2019-2020,2019,Agri-food,Halifax,1,EGP,Cove Kombucha,Halifax,B3J 2J9,10300.00,1,44.640739,-63.5788147,1,1
1100,2019-2020,2019,Agri-food,Halifax,1,EGP,Cove Kombucha,Halifax,B3J 2J9,8750.00,1,44.640739,-63.5788147,1,1
1101,2019-2020,2019,Agri-food,Halifax,1,EGP,2 Crows Brewing Ltd.,Halifax,B3J 2G7,7847.00,1,44.649938,-63.5786607,1,1
1102,2019-2020,2019,Agri-food,Halifax,1,EGP,2 Crows Brewing Ltd.,Halifax,B3J 2G7,3455.00,1,44.649938,-63.5786607,1,1
1103,2019-2020,2019,Agri-food,Halifax,1,EGP,2 Crows Brewing Ltd.,Halifax,B3J 2G7,2024.00,1,44.649938,-63.5786607,1,1
1104,2019-2020,2019,Agri-food,Halifax,1,EGP,Fundy Drinks Ltd.,Halifax,B3J 2G7,14475.00,1,44.6493384,-63.5806953,1,1
1105,2019-2020,2019,Agri-food,Halifax,1,EGP,Fundy Drinks Ltd.,Halifax,B3J 2G7,7330.00,1,44.6493384,-63.5806953,1,1
1106,2019-2020,2019,ICT (includes Digital Media),Halifax,1,EGP,Able Sense Media Limited,Halifax,B3J 2G1,2885.00,1,44.6441797,-63.6042663,1,1
1107,2019-2020,2019,Life Sciences,Halifax,1,EGP,DGI Clinical Inc.,Halifax,B3J 2E3,14988.00,1,44.6471031,-63.5785129,1,1
1108,2019-2020,2019,Business Services,Halifax,1,Payroll Rebate,Verb Interactive Inc.,Halifax,B3J 2A2,1458000.00,1,44.646564,-63.5739155,1,1
1109,2019-2020,2019,Business Services,Halifax,1,EGP,Verb Interactive Inc.,Halifax,B3J 2A2,13952.00,1,44.646564,-63.5739155,1,1
1110,2019-2020,2019,ICT (includes Digital Media),Halifax,1,Pitch Prep,PitchPerfect Software Inc. operating as Proposify,Halifax,B3J 2A2,15000.00,1,44.65011,-63.573835,1,1
1111,2019-2020,2019,ICT (includes Digital Media),Halifax,1,SBDP,PitchPerfect Software Inc. operating as Proposify,Halifax,B3J 2A2,15000.00,1,44.65011,-63.573835,1,1
1112,2019-2020,2019,ICT (includes Digital Media),Halifax,1,EGP,PitchPerfect Software Inc. operating as Proposify,Halifax,B3J 2A2,25000.00,1,44.65011,-63.573835,1,1
1113,2019-2020,2019,Agri-food,Halifax,1,EGP,Bandha Nutrition Products,Halifax,B3J 1Z2,2262.00,1,44.6538988,-63.6084781,1,1
1114,2019-2020,2019,ICT (includes Digital Media),Halifax,1,EGP,Momentum IT Group,Halifax,B3J 1Y2,13666.00,1,44.6411967,-63.5708162,1,1
1115,2019-2020,2019,ICT (includes Digital Media),Halifax,1,EGP,Momentum IT Group,Halifax,B3J 1Y2,1092.00,1,44.6411967,-63.5708162,1,1
1116,2019-2020,2019,Advanced Manufacturing,Halifax,1,SBDP,Skinfix Inc.,Halifax,B3J 1R9,10690.00,1,44.6443104,-63.572485,1,1
1117,2019-2020,2019,Advanced Manufacturing,Halifax,1,SBDP,Skinfix Inc.,Halifax,B3J 1R9,4310.00,1,44.6443104,-63.572485,1,1
1118,2019-2020,2019,Advanced Manufacturing,Halifax,1,EGP,Skinfix Inc.,Halifax,B3J 1R9,11050.00,1,44.6443104,-63.572485,1,1
1119,2019-2020,2019,Advanced Manufacturing,Halifax,1,EGP,Skinfix Inc.,Halifax,B3J 1R9,7792.00,1,44.6443104,-63.572485,1,1
1120,2019-2020,2019,Business Services,Halifax,1,EGP,For You Newcomer Counselling Agency Inc.,Halifax,B3J 1P3,9900.00,1,44.6494021,-63.5783023,1,1
1121,2019-2020,2019,Film Production,Halifax,1,EGP,Topsail Productions Ltd.,Halifax,B3J 1J7,4960.00,1,44.6448856,-63.5762418,1,1
1122,2019-2020,2019,Film Production,Halifax,1,EGP,Topsail Productions Ltd.,Halifax,B3J 1J7,1650.00,1,44.6448856,-63.5762418,1,1
1123,2019-2020,2019,Business Services,Halifax,1,SBDP,Venture 2 Impact Inc.,Halifax,B3J 1J3,15000.00,1,44.6438965,-63.5802656,1,1
1124,2019-2020,2019,Business Services,Halifax,1,SBDP,Venture 2 Impact Inc.,Halifax,B3J 1J3,15000.00,1,44.6438965,-63.5802656,1,1
1125,2019-2020,2019,Business Services,Halifax,1,EGP,Venture 2 Impact Inc.,Halifax,B3J 1J3,4300.00,1,44.6438965,-63.5802656,1,1
1126,2019-2020,2019,Business Services,Halifax,1,EGP,Venture 2 Impact Inc.,Halifax,B3J 1J3,3255.00,1,44.6438965,-63.5802656,1,1
1127,2019-2020,2019,ICT (includes Digital Media),Halifax,1,EGP,MagicLamp Software Solutions Inc.,Halifax,B3J 1H6,13508.00,1,44.6423287,-63.5809804,1,1
1128,2019-2020,2019,Aerospace & Defence,Halifax,1,EGP,Nova Crystals Ltd.,Halifax,B3J 1B6,15000.00,1,44.6414662,-63.5731209,1,1
1129,2019-2020,2019,ICT (includes Digital Media),Halifax,1,SBDP,Novalte,Halifax,B3J 1B6,8568.00,1,44.6420986,-63.5762294,1,1
1130,2019-2020,2019,ICT (includes Digital Media),Halifax,1,EGP,Novalte,Halifax,B3J 1B6,3414.00,1,44.6420986,-63.5762294,1,1
1131,2019-2020,2019,MedTech,Halifax,1,PMA,Novalte Inc.,Halifax,B3J 1B6,0.00,1,44.6420986,-63.5762294,1,1
1132,2019-2020,2019,Finance & Insurance,Halifax,1,Payroll Rebate,"AXIS SpecialtyÂ Canada Services, ULC",Halifax,B3J 0E8,3610000.00,1,44.6517528,-63.5764247,1,1
1133,2019-2020,2019,Life Sciences,Halifax,1,SBDP,Bend Beauty,Halifax,B3J 0C7,14841.00,1,44.6459668,-63.5757986,1,1
1134,2019-2020,2019,ICT (includes Digital Media),Halifax,1,EGP,Swept Technologies Inc.,Halifax,B3J 0A7,7025.00,1,44.6384903,-63.577593,1,1
1135,2019-2020,2019,Life Sciences,Halifax,1,PIVP,KataPilla Ltd.,Halifax,B3H3A7,15000.00,1,44.6457795,-63.5885803,1,1
1136,2019-2020,2019,Life Sciences,Halifax,1,PIVP,KataPilla Ltd.,Halifax,B3H3A7,25000.00,1,44.6457795,-63.5885803,1,1
1137,2019-2020,2019,Life Sciences,Halifax,1,PIVP,Colorsmith Labs Inc.,Halifax,B3H0A8,25000.00,1,44.6398172,-63.5853159,1,1
1138,2019-2020,2019,Life Sciences,Halifax,1,EGP,Photodynamic Incorporated,Halifax,B3H0A8,11099.00,1,44.6397731,-63.5853309,1,1
1139,2019-2020,2019,Life Sciences,Halifax,1,EGP,Photodynamic Incorporated,Halifax,B3H0A8,9626.00,1,44.6397731,-63.5853309,1,1
1140,2019-2020,2019,ICT (includes Digital Media),Halifax,1,PIVP,NovaResp Technologies Inc.,Halifax,B3H 4R4,25000.00,1,44.6363774,-63.571482,1,1
1141,2019-2020,2019,Agri-food,Halifax,1,EGP,Garrison Brewing Company Limited,Halifax,B3H 4P7,725.00,1,44.6398115,-63.5685722,1,1
1142,2019-2020,2019,Life Sciences,Halifax,1,EGP,Beta Glucan Company of Canada Inc.,Halifax,B3H 4N3,3700.00,1,44.646189,-63.6328975,1,1
1143,2019-2020,2019,ICT (includes Digital Media),Halifax,1,EGP,TerraProForma (FORMERLY - Play the Field),Halifax,B3H 3W5,11575.00,1,44.646189,-63.6328975,1,1
1144,2019-2020,2019,ICT (includes Digital Media),Halifax,1,EGP,Burcot Park Holdings Incorporated,Halifax,B3H 3R8,974.00,1,44.646189,-63.6328975,1,1
1145,2019-2020,2019,Business Services,Halifax,1,EGP,EcoAdvisors Inc.,Halifax,B3H 3K6,15000.00,1,44.646189,-63.6328975,1,1
1146,2019-2020,2019,Engineering & Professional,Halifax,1,EGP,Upswing Consulting Solutions,Halifax,B3H 2X1,2474.00,1,44.646189,-63.6328975,1,1
1147,2019-2020,2019,ICT (includes Digital Media),Halifax,1,PIVP,Tranquility Online Inc.,Halifax,B3H 2W7,25000.00,1,44.6395813,-63.5784014,1,1
1148,2019-2020,2019,ICT (includes Digital Media),Halifax,1,EGP,Eli Technology,Halifax,B3H 2R9,14800.00,1,44.6829351,-63.6636939,1,1
1149,2019-2020,2019,ICT (includes Digital Media),Halifax,1,EGP,Eli Technology,Halifax,B3H 2R9,4500.00,1,44.6829351,-63.6636939,1,1
1150,2019-2020,2019,ICT (includes Digital Media),Halifax,1,EGP,Eli Technology,Halifax,B3H 2R9,3097.00,1,44.6829351,-63.6636939,1,1
1151,2019-2020,2019,Aerospace & Defence,Halifax,1,EGP,NewAE Technology Inc.,Halifax,B3H 2R8,7614.00,1,44.6368165,-63.5747968,1,1
1152,2019-2020,2019,Aerospace & Defence,Halifax,1,EGP,NewAE Technology Inc.,Halifax,B3H 2R8,7198.00,1,44.6368165,-63.5747968,1,1
1153,2019-2020,2019,Aerospace & Defence,Halifax,1,EGP,NewAE Technology Inc.,Halifax,B3H 2R8,6738.00,1,44.6368165,-63.5747968,1,1
1154,2019-2020,2019,Advanced Manufacturing,Halifax,1,SBDP,The 7 Virtues Beauty Inc.,Bedford,B3H 0B1,25000.00,1,44.7264584,-63.7378573,1,1
1155,2019-2020,2019,Life Sciences,Halifax,1,EGP,Adaptiiv Medical Technologies Inc.,Halifax,B3H 0A8,4680.00,1,44.6397731,-63.5853309,1,1
1156,2019-2020,2019,Life Sciences,Halifax,1,EGP,Adaptiiv Medical Technologies Inc.,Halifax,B3H 0A8,3325.00,1,44.6397731,-63.5853309,1,1
1157,2019-2020,2019,Life Sciences,Halifax,1,EGP,DeCell Technologies,Halifax,B3H 0A8,11694.00,1,44.6397731,-63.5853309,1,1
1158,2019-2020,2019,Life Sciences,Halifax,1,EGP,IR Scientific Inc.,Halifax,B3H 0A8,6350.00,1,44.6397731,-63.5853309,1,1
1159,2019-2020,2019,Life Sciences,Halifax,1,EGP,Solid State Pharma Inc.,Halifax,B3H 0A8,16500.00,1,44.6397731,-63.5853309,1,1
1160,2019-2020,2019,Fish & Seafood Processing,Halifax,1,EGP,Capital Seafood International Incorporated,Halifax,B3G 1M5,13500.00,1,44.610597,-63.497889,1,1
1161,2019-2020,2019,ICT (includes Digital Media),Halifax,1,EGP,Media Mechanics Inc.,Halifax,B3E 1J7,12000.00,1,44.7433327,-63.2972222,1,1
1162,2019-2020,2019,Business Services,Halifax,1,EGP,Strongest Families Institute,Halifax,B3C 4E6,13850.00,1,44.7603275,-63.6569753,1,1
1163,2019-2020,2019,Business Services,Halifax,1,EGP,Strongest Families Institute,Halifax,B3C 4E6,9305.00,1,44.7603275,-63.6569753,1,1
1164,2019-2020,2019,Business Services,Halifax,1,EGP,Strongest Families Institute,Halifax,B3C 4E6,9048.00,1,44.7603275,-63.6569753,1,1
1165,2019-2020,2019,Business Services,Halifax,1,SBDP,Canadian Residential Inspection Services Limited,Halifax,B3B1M4,2100.00,1,44.7092815,-63.5985514,1,1
1166,2019-2020,2019,Business Services,Halifax,1,PMA,Northview Consulting Ltd.,Halifax,B3B1M2,0.00,1,44.6551137,-63.6317861,1,1
1167,2019-2020,2019,Agri-food,Halifax,1,SBDP,Nature's Way of Canada Limited,Halifax,B3B0A6,25000.00,1,44.7079029,-63.5837634,1,1
1168,2019-2020,2019,Agri-food,Halifax,1,EGP,Nature's Way of Canada Limited,Halifax,B3B0A6,15000.00,1,44.7079029,-63.5837634,1,1
1169,2019-2020,2019,Clothing & Textiles,Halifax,1,EGP,Vanity Fashions Limited,Halifax,B3B 1Z6,12759.00,1,44.7156161,-63.5852937,1,1
1170,2019-2020,2019,Clothing & Textiles,Halifax,1,EGP,Vanity Fashions Limited,Halifax,B3B 1Z6,1647.00,1,44.7156161,-63.5852937,1,1
1171,2019-2020,2019,Clothing & Textiles,Halifax,1,EGP,Vanity Fashions Limited,Halifax,B3B 1Z6,758.00,1,44.7156161,-63.5852937,1,1
1172,2019-2020,2019,Energy,Halifax,1,SBDP,CarbonCure Technologies Inc.,Halifax,B3B 1Z6,2184.00,1,44.7160251,-63.5843626,1,1
1173,2019-2020,2019,Energy,Halifax,1,EGP,CarbonCure Technologies Inc.,Halifax,B3B 1Z6,9900.00,1,44.7160251,-63.5843626,1,1
1174,2019-2020,2019,Oceans Technology,Halifax,1,EGP,Focal Technologies Corporation,Halifax,B3B 1Z4,25000.00,1,44.7150114,-63.5837964,1,1
1175,2019-2020,2019,Agri-food,Halifax,1,IRP,Totally Raw Natural Dog Food Inc.,Halifax,B3B 1Y5,322233.00,1,44.6958479,-63.596294,1,1
1176,2019-2020,2019,Agri-food,Halifax,1,SBDP,Totally Raw Natural Dog Food Inc.,Halifax,B3B 1Y5,25000.00,1,44.6958479,-63.596294,1,1
1177,2019-2020,2019,Life Sciences,Halifax,1,SBDP,Acadian Seaplants,Halifax,B3B 1X8,15000.00,1,44.6961946,-63.5977688,1,1
1178,2019-2020,2019,Life Sciences,Halifax,1,EGP,Acadian Seaplants Limited / Les Algues Acadiennes Limitee,Halifax,B3B 1X8,15000.00,1,44.6961946,-63.5977688,1,1
1179,2019-2020,2019,Business Services,Halifax,1,EGP,Fit First Technologies International Inc.,Halifax,B3B 1X2,17457.00,1,44.7092815,-63.5985514,1,1
1180,2019-2020,2019,Business Services,Halifax,1,EGP,Fit First Technologies International Inc.,Halifax,B3B 1X2,9050.00,1,44.7092815,-63.5985514,1,1
1181,2019-2020,2019,Film Production,Halifax,1,EGP,Clerisy Management Group Limited,Halifax,B3B 1W9,4380.00,1,44.6946304,-63.5796788,1,1
1182,2019-2020,2019,Advanced Manufacturing,Halifax,1,EGP,DynaGen Technologies Incorporated,Halifax,B3B 1W8,15000.00,1,44.7131785,-63.5987596,1,1
1183,2019-2020,2019,Advanced Manufacturing,Halifax,1,EGP,Dantra Specialty Products,Halifax,B3B 1W7,14974.00,1,44.7163925,-63.6021747,1,1
1184,2019-2020,2019,Agri-food,Halifax,1,Pitch Prep,Outcast Foods Inc.,Dartmouth,B3B 1W2,20000.00,1,44.6994272,-63.5824377,1,1
1185,2019-2020,2019,Agri-food,Halifax,1,EGP,Outcast Foods Inc.,Dartmouth,B3B 1W2,9009.00,1,44.6994272,-63.5824377,1,1
1186,2019-2020,2019,Agri-food,Halifax,1,EGP,Outcast Foods Inc.,Dartmouth,B3B 1W2,5945.00,1,44.6994272,-63.5824377,1,1
1187,2019-2020,2019,Agri-food,Halifax,1,EGP,Outcast Foods Inc.,Dartmouth,B3B 1W2,3400.00,1,44.6994272,-63.5824377,1,1
1188,2019-2020,2019,Advanced Manufacturing,Halifax,1,IRP,RKO Steel Limited,Dartmouth,B3B 1T8,725000.00,1,44.6929586,-63.5929351,1,1
1189,2019-2020,2019,Advanced Manufacturing,Halifax,1,SBDP,RKO Steel Limited,dartmouth,B3B 1T8,11105.00,1,44.6929586,-63.5929351,1,1
1190,2019-2020,2019,Advanced Manufacturing,Halifax,1,EGP,RKO Steel Limited,Dartmouth,B3B 1T8,11157.00,1,44.6929586,-63.5929351,1,1
1191,2019-2020,2019,Advanced Manufacturing,Halifax,1,EGP,RKO Steel Limited,Dartmouth,B3B 1T8,3843.00,1,44.6929586,-63.5929351,1,1
1192,2019-2020,2019,ICT (includes Digital Media),Halifax,1,EGP,Master Merchant Systems (MMS),Dartmouth,B3B 1T5,10984.00,1,44.697934,-63.5839216,1,1
1193,2019-2020,2019,ICT (includes Digital Media),Halifax,1,EGP,Northern Business Intelligence,Dartmouth,B3B 1T4,4750.00,1,44.7012869,-63.5884831,1,1
1194,2019-2020,2019,Life Sciences,Halifax,1,SBDP,Clinical Logistics,Dartmouth,B3B 1S8,13575.00,1,44.70054,-63.5891046,1,1
1195,2019-2020,2019,Oceans Technology,Halifax,1,EGP,AML Oceanographic Ltd.,Dartmouth,B3B 1S8,21995.00,1,44.70054,-63.5891046,1,1
1196,2019-2020,2019,Advanced Manufacturing,Cape Breton,1,IRP,Canadian Maritime Engineering Limited*,North Sydney,B3B 1S3,756473.00,1,46.2081982,-60.2517331,1,1
1197,2019-2020,2019,Business Services,Halifax,1,EGP,Dispension Industries,Dartmouth,B3B 1S1,5420.00,1,44.6985457,-63.5941447,1,1
1198,2019-2020,2019,Oceans Technology,Halifax,1,EGP,MetOcean Telematics Limited,Dartmouth,B3B 1R9,13511.00,1,44.7005741,-63.5969325,1,1
1199,2019-2020,2019,Fish & Seafood Processing,Halifax,1,EGP,Right Source Group Limited,Dartmouth,B3B 1N4,4300.00,1,44.7148296,-63.603536,1,1
1200,2019-2020,2019,Business Services,Halifax,1,EGP,Trinav Fisheries Consultants Inc.,Dartmouth,B3B 1N3,2750.00,1,44.7079482,-63.597167,1,1
1201,2019-2020,2019,ICT (includes Digital Media),Halifax,1,EGP,Dilytics,Halifax,B3B 1N1,1425.00,1,44.6517896,-63.5763881,1,1
1202,2019-2020,2019,Oceans Technology,Halifax,1,Pitch Prep,Xeos Technologies Inc.,Dartmouth,B3B 1L6,15000.00,1,44.7144533,-63.607179,1,1
1203,2019-2020,2019,Oceans Technology,Halifax,1,EGP,Xeos Technologies Inc.,Dartmouth,B3B 1L6,14050.00,1,44.7144533,-63.607179,1,1
1204,2019-2020,2019,Oceans Technology,Halifax,1,EGP,Xeos Technologies Inc.,Dartmouth,B3B 1L6,13325.00,1,44.7144533,-63.607179,1,1
1205,2019-2020,2019,Oceans Technology,Halifax,1,EGP,Xeos Technologies Inc.,Dartmouth,B3B 1L6,10950.00,1,44.7144533,-63.607179,1,1
1206,2019-2020,2019,Advanced Manufacturing,Halifax,1,EGP,Farnell Packaging Limited,Dartmouth,B3B 1L3,4127.00,1,44.7030559,-63.5954879,1,1
1207,2019-2020,2019,Advanced Manufacturing,Halifax,1,EGP,Mattatall Signs Limited,Dartmouth,B3B 1L3,4035.00,1,44.7003618,-63.5907541,1,1
1208,2019-2020,2019,Advanced Manufacturing,Halifax,1,EGP,Mattatall Signs Limited,Dartmouth,B3B 1L3,2535.00,1,44.7003618,-63.5907541,1,1
1209,2019-2020,2019,ICT (includes Digital Media),Halifax,1,EGP,Site 2020 Inc.,Dartmouth,B3B 1L3,25000.00,1,44.7041925,-63.5975664,1,1
1210,2019-2020,2019,Chemicals & Plastics,Halifax,1,EGP,Alpha Chemical Limited,Dartmouth,B3B 1K2,23165.00,1,44.711703,-63.6115741,1,1
1211,2019-2020,2019,Oceans Technology,Halifax,1,EGP,Geoforce Group Limited,Dartmouth,B3B 1J4,2954.00,1,44.7046157,-63.6108376,1,1
1212,2019-2020,2019,Oceans Technology,Halifax,1,EGP,Omnitech Electronics Inc.,Dartmouth,B3B 1J4,10500.00,1,44.7143877,-63.5935888,1,1
1213,2019-2020,2019,Advanced Manufacturing,Halifax,1,EGP,Atlantica Contractors Inc.,Dartmouth,B3B 1H5,10275.00,1,44.7026942,-63.6076266,1,1
1214,2019-2020,2019,Advanced Manufacturing,Halifax,1,PIVP,Bebbington Industries Incorporated,Dartmouth,B3B 1G6,15000.00,1,44.6997853,-63.6039159,1,1
1215,2019-2020,2019,Advanced Manufacturing,Halifax,1,IRP,Cherubini Metal Works Limited,Dartmouth,B3B 0J4,739657.00,1,44.7137992,-63.598752,1,1
1216,2019-2020,2019,ICT (includes Digital Media),Halifax,1,SBDP,Andra Motion Technologies Inc.,Dartmouth,B3B 0J4,11000.00,1,44.7184504,-63.5610101,1,1
1217,2019-2020,2019,Business Services,Halifax,1,SBDP,EfficiencyOne Services Inc.,Dartmouth,B3B 0G5,10000.00,1,44.6961113,-63.583142,1,1
1218,2019-2020,2019,Business Services,Halifax,1,EGP,EfficiencyOne Services Inc.,Dartmouth,B3B 0G5,5607.00,1,44.6961113,-63.583142,1,1
1219,2019-2020,2019,Energy,Halifax,1,EGP,Eosense Inc.,Dartmouth,B3B 0E8,7271.00,1,44.7081956,-63.580881,1,1
1220,2019-2020,2019,ICT (includes Digital Media),Halifax,1,PIVP,Eyeread Inc.,Dartmouth,B3B 0E8,15000.00,1,44.7081956,-63.580881,1,1
1221,2019-2020,2019,ICT (includes Digital Media),Halifax,1,PIVP,Eyeread Inc.,Dartmouth,B3B 0E8,25000.00,1,44.7081956,-63.580881,1,1
1222,2019-2020,2019,ICT (includes Digital Media),Halifax,1,SBDP,Eyeread Inc.,Dartmouth,B3B 0E8,3250.00,1,44.7081956,-63.580881,1,1
1223,2019-2020,2019,ICT (includes Digital Media),Halifax,1,EGP,Eyeread Inc.,Dartmouth,B3B 0E8,15000.00,1,44.7081956,-63.580881,1,1
1224,2019-2020,2019,ICT (includes Digital Media),Halifax,1,Payroll Rebate,Mobia Technology Innovations Incorporated,Dartmouth,B3B 0B3,1306800.00,1,44.7071499,-63.5869795,1,1
1225,2019-2020,2019,Life Sciences,Halifax,1,Pitch Prep,Precision BioLogic Incorporated,Dartmouth,B3B 0A9,15000.00,1,44.6962722,-63.574228,1,1
1226,2019-2020,2019,Life Sciences,Halifax,1,EGP,Precision BioLogic Incorporated,Dartmouth,B3B 0A9,15000.00,1,44.6962722,-63.574228,1,1
1227,2019-2020,2019,Advanced Manufacturing,Halifax,1,EGP,"ValuedOption, Inc.",Dartmouth,B3A 4S5,6762.00,1,44.6690534,-63.5787789,1,1
1228,2019-2020,2019,Film Production,Halifax,1,EGP,Gorgeous Mistake Productions,Dartmouth,B3A 2Y3,5980.00,1,44.6743094,-63.5753569,1,1
1229,2019-2020,2019,Film Production,Halifax,1,EGP,Lady Hammond Entertainment Inc.,Dartmouth,B3A 2Y1,1457.00,1,44.6434175,-63.6264312,1,1
1230,2019-2020,2019,Engineering & Professional,Halifax,1,EGP,Stantec,Dartmouth,B3A 0A3,5925.00,1,44.6841559,-63.5918173,1,1
1231,2019-2020,2019,Advanced Manufacturing,Colchester,1,EGP,My Home Apparel,Truro,B2Z 1A6,9366.00,1,45.3644052,-63.278915,1,1
1232,2019-2020,2019,Energy,Halifax,1,EGP,Green Power Labs Inc.,Dartmouth,B2Y4M9,14950.00,1,44.6611613,-63.5448726,1,1
1233,2019-2020,2019,Advanced Manufacturing,Halifax,1,EGP,NewStar Marine & Scooter Inc.,Dartmouth,B2Y4K7,2740.00,1,44.6545343,-63.5442536,1,1
1234,2019-2020,2019,ICT (includes Digital Media),Halifax,1,SBDP,Nxtgen Care,Dartmouth,B2Y4J2,15000.00,1,44.6793567,-63.5545842,1,1
1235,2019-2020,2019,Oceans Technology,Halifax,1,EGP,Survival Systems Ltd.,Dartmouth,B2Y 4W6,3299.00,1,44.6793567,-63.5545842,1,1
1236,2019-2020,2019,Advanced Manufacturing,Halifax,1,EGP,Mil-Aero Electronics Atlantic Inc.,Dartmouth,B2Y 4V9,5025.00,1,44.657868,-63.5422302,1,1
1237,2019-2020,2019,Advanced Manufacturing,Halifax,1,EGP,Mil-Aero Electronics Atlantic Inc.,Dartmouth,B2Y 4V9,2855.00,1,44.657868,-63.5422302,1,1
1238,2019-2020,2019,Advanced Manufacturing,Halifax,1,EGP,Mil-Aero Electronics Atlantic Inc.,Dartmouth,B2Y 4V9,319.00,1,44.657868,-63.5422302,1,1
1239,2019-2020,2019,Business Services,Halifax,1,EGP,Partner International Inc.,Dartmouth,B2Y 4T6,15000.00,1,44.6622587,-63.5464416,1,1
1240,2019-2020,2019,Oceans Technology,Halifax,1,SBDP,Ashored Innovations,Dartmouth,B2Y 4T5,10000.00,1,44.661946,-63.5587822,1,1
1241,2019-2020,2019,Oceans Technology,Halifax,1,EGP,Ashored Innovations,Dartmouth,B2Y 4T5,7456.00,1,44.661946,-63.5587822,1,1
1242,2019-2020,2019,Oceans Technology,Halifax,1,EGP,Dartmouth Ocean Technologies (DOT),Dartmouth,B2Y 4T5,12550.00,1,44.6619183,-63.5587822,1,1
1243,2019-2020,2019,Oceans Technology,Halifax,1,EGP,Leeway Yachts Ltd.,Dartmouth,B2Y 4T5,3260.00,1,44.6619183,-63.5587822,1,1
1244,2019-2020,2019,Oceans Technology,Halifax,1,EGP,Nova Graphene,Dartmouth,B2Y 4T5,14992.00,1,44.6619183,-63.5587822,1,1
1245,2019-2020,2019,Oceans Technology,Halifax,1,EGP,ReelData,Dartmouth,B2Y 4T5,4550.00,1,44.6619183,-63.5587822,1,1
1246,2019-2020,2019,Oceans Technology,Halifax,1,EGP,Sensor Technology Ltd.,Dartmouth,B2Y 4T5,13994.00,1,44.6619183,-63.5587822,1,1
1247,2019-2020,2019,Advanced Manufacturing,Halifax,1,Payroll Rebate,Ultra Electronics Maritime Systems Inc.,Dartmouth,B2Y 4N2,2495600.00,1,44.6525985,-63.5419257,1,1
1248,2019-2020,2019,Advanced Manufacturing,Halifax,1,EGP,Ultra Electronics Maritime Systems Inc.,Dartmouth,B2Y 4N2,11761.00,1,44.6525985,-63.5419257,1,1
1249,2019-2020,2019,Advanced Manufacturing,Halifax,1,EGP,Graphite Innovation and Technologies Inc.,Dartmouth,B2Y 4M9,10640.00,1,44.6611613,-63.5448726,1,1
1250,2019-2020,2019,Advanced Manufacturing,Halifax,1,EGP,Prism Tradeshow Products Inc.,Dartmouth,B2Y 4M9,17240.00,1,44.6611613,-63.5448726,1,1
1251,2019-2020,2019,ICT (includes Digital Media),Halifax,1,SBDP,Rimot.IO Inc.,Dartmouth,B2Y 4M9,15000.00,1,44.6611613,-63.5448726,1,1
1252,2019-2020,2019,ICT (includes Digital Media),Halifax,1,EGP,Rimot.IO Inc.,Dartmouth,B2Y 4M9,14985.00,1,44.6611613,-63.5448726,1,1
1253,2019-2020,2019,Life Sciences,Halifax,1,EGP,Clinical Logistics Inc.,Dartmouth,B2Y 4M9,8375.00,1,44.6611613,-63.5448726,1,1
1254,2019-2020,2019,Life Sciences,Halifax,1,EGP,Clinical Logistics Inc.,Dartmouth,B2Y 4M9,5075.00,1,44.6611613,-63.5448726,1,1
1255,2019-2020,2019,Life Sciences,Halifax,1,EGP,Clinical Logistics Inc.,Dartmouth,B2Y 4M9,1850.00,1,44.6611613,-63.5448726,1,1
1256,2019-2020,2019,Oceans Technology,Halifax,1,EGP,Survival Systems Training Limited,Dartmouth,B2Y 4K9,14976.00,1,44.656447,-63.5431417,1,1
1257,2019-2020,2019,Oceans Technology,Halifax,1,EGP,Survival Systems Training Limited,Dartmouth,B2Y 4K9,7275.00,1,44.656447,-63.5431417,1,1
1258,2019-2020,2019,Oceans Technology,Halifax,1,EGP,Marimetrics Technologies,Dartmouth,B2Y 4A5,8170.00,1,44.6627214,-63.5590146,1,1
1259,2019-2020,2019,Oceans Technology,Halifax,1,EGP,Marimetrics Technologies,Dartmouth,B2Y 4A5,4553.00,1,44.6627214,-63.5590146,1,1
1260,2019-2020,2019,ICT (includes Digital Media),Halifax,1,EGP,Huminah Huminah Animation Limited,Dartmouth,B2Y 3P2,15000.00,1,44.6506452,-63.5467546,1,1
1261,2019-2020,2019,ICT (includes Digital Media),Halifax,1,EGP,Huminah Huminah Animation Limited,Dartmouth,B2Y 3P2,3985.00,1,44.6506452,-63.5467546,1,1
1262,2019-2020,2019,Advanced Manufacturing,Halifax,1,PIVP,Spiri Robotics Inc.,Dartmouth,B2Y 2W1,15000.00,1,44.6619183,-63.5588011,1,1
1263,2019-2020,2019,Oceans Technology,Halifax,1,EGP,Acoubit Communications Inc.,Dartmouth,B2Y 2W1,3250.00,1,44.6619183,-63.5588011,1,1
1264,2019-2020,2019,Oceans Technology,Halifax,1,EGP,Marecomms Inc.,Dartmouth,B2Y 2W1,6223.00,1,44.6619183,-63.5588011,1,1
1265,2019-2020,2019,Oceans Technology,Halifax,1,EGP,Sedna Tech,Dartmouth,B2Y 2W1,10450.00,1,44.6619183,-63.5588011,1,1
1266,2019-2020,2019,Advanced Manufacturing,Halifax,1,EGP,Made With Local Snack Foods Inc.,Dartmouth,B2Y 2V9,5260.00,1,44.6650405,-63.5697606,1,1
1267,2019-2020,2019,ICT (includes Digital Media),Halifax,1,EGP,Journeyman Film Company Ltd.,Dartmouth,B2Y 2S6,4319.00,1,44.6661289,-63.5678702,1,1
1268,2019-2020,2019,ICT (includes Digital Media),Halifax,1,EGP,Uplift Content Inc.,Dartmouth,B2Y 2G6,1410.00,1,44.6624636,-63.5519522,1,1
1269,2019-2020,2019,Agri-food,Halifax,1,EGP,Brightwood Brewery Ltd.,Dartmouth,B2Y 1H1,1117.00,1,44.6649987,-63.5697117,1,1
1270,2019-2020,2019,Mining & Mineral Products,Halifax,1,EGP,Mercator Geological Services Limited,Dartmouth,B2Y 1G4,7701.00,1,44.6673001,-63.5684968,1,1
1271,2019-2020,2019,Mining & Mineral Products,Halifax,1,EGP,Mercator Geological Services Limited,Dartmouth,B2Y 1G4,1903.00,1,44.6673001,-63.5684968,1,1
1272,2019-2020,2019,Business Services,Halifax,1,EGP,Fourth Wave Strategy Inc.,Dartmouth,B2X 3G1,4842.00,1,44.702692,-63.543065,1,1
1273,2019-2020,2019,Film Production,Halifax,1,EGP,Stone Cold Productions Limited,Dartmouth,B2X 2Z7,2777.00,1,44.6933872,-63.5398011,1,1
1274,2019-2020,2019,Advanced Manufacturing,Halifax,1,PIVP,Greenlight Analytical Inc.,Dartmouth,B2W6C4,15000.00,1,44.6708897,-63.5281344,1,1
1275,2019-2020,2019,Agri-food,Halifax,1,EGP,Hivetronics Limited,Dartmouth,B2W4Z3,3825.00,1,44.686712,-63.5063457,1,1
1276,2019-2020,2019,Business Services,Cape Breton,1,EGP,Ethical Swag Inc.,Sydney,B2W 6G2,13533.00,1,46.1429596,-60.1987793,1,1
1277,2019-2020,2019,ICT (includes Digital Media),Halifax,1,SBDP,SimplyCast Interactive Marketing LTD.,Dartmouth,B2W 6E2,9762.00,1,44.6810281,-63.5401947,1,1
1278,2019-2020,2019,Film Production,Halifax,1,EGP,Nava Projects Inc.,Dartmouth,B2W 6A2,5460.00,1,44.66073,-63.5147045,1,1
1279,2019-2020,2019,Film Production,Halifax,1,EGP,Nava Projects Inc.,Dartmouth,B2W 6A2,4235.00,1,44.66073,-63.5147045,1,1
1280,2019-2020,2019,ICT (includes Digital Media),Halifax,1,PMA,Sprite Knights,Dartmouth,B2W 4E6,0.00,1,44.671535,-63.549722,1,1
1281,2019-2020,2019,Film Production,Halifax,1,EGP,Blac Op Films Incorporated,Dartmouth,B2V 2V9,3190.00,1,44.651747,-63.488061,1,1
1282,2019-2020,2019,Fish & Seafood Processing,Halifax,1,EGP,Blois Fish Processing Automation Limited,Dartmouth,B2V 2S7,10885.00,1,44.682061,-63.554156,1,1
1283,2019-2020,2019,Fish & Seafood Processing,Halifax,1,EGP,Blois Fish Processing Automation Limited,Dartmouth,B2V 2S7,3150.00,1,44.682061,-63.554156,1,1
1284,2019-2020,2019,Agri-food,Antigonish,1,SBDP,Tony's Meats Limited,Antigonish,B2T 2L2,8788.00,1,45.632402,-61.9627307,1,1
1285,2019-2020,2019,Advanced Manufacturing,Halifax,1,IRP,Pratt & Whitney Canada Corp./ Pratt & Whitney Canada CIE (Project 1),Goffs,B2T 1L1,1265000.00,1,44.8568101,-63.5426726,1,1
1286,2019-2020,2019,Advanced Manufacturing,Halifax,1,IRP,Pratt & Whitney Canada Corp./ Pratt & Whitney Canada CIE (Project 2),Goffs,B2T 1L1,2369562.00,1,44.8568101,-63.5426726,1,1
1287,2019-2020,2019,Aerospace & Defence,Halifax,1,Payroll Rebate,L3 Technologies MAS Inc.,Goffs,B2T 1K9,1327200.00,1,44.8565345,-63.5442798,1,1
1288,2019-2020,2019,Fish & Seafood Processing,Halifax,1,EGP,World Link Food Distributors Inc.,Goffs,B2T 1K3,11550.00,1,44.854757,-63.5485384,1,1
1289,2019-2020,2019,Fish & Seafood Processing,Halifax,1,EGP,World Link Food Distributors Inc.,Goffs,B2T 1K3,2175.00,1,44.854757,-63.5485384,1,1
1290,2019-2020,2019,Advanced Manufacturing,Halifax,1,EMGP,Marid Industries,Fall River,B2T 1G7,45000.00,1,44.8128694,-63.6115281,1,1
1291,2019-2020,2019,Life Sciences,Halifax,1,PIVP,Defenzall Therapeutics Inc.,Fletchers Lake,B2T 1A5,25000.00,1,44.8471935,-63.611361,1,1
1292,2019-2020,2019,Fish & Seafood Processing,Halifax,1,EGP,First Catch Fisheries Co. Ltd.,goffs,B2T 0H4,13250.00,1,43.762471,-65.3234684,1,1
1293,2019-2020,2019,Clothing & Textiles,Colchester,1,PIVP,Island Beach Company Clothing and Graphics Incorporated,Truro,B2N 5V2,15000.00,1,45.3488461,-63.2908623,1,1
1294,2019-2020,2019,Finance & Insurance,Colchester,1,EGP,Genrus Buying Group Inc.,Truro,B2N 3H7,2000.00,1,45.3802618,-63.2480079,1,1
1295,2019-2020,2019,Finance & Insurance,Colchester,1,EGP,Genrus Buying Group Inc.,Truro,B2N 3H7,1050.00,1,45.3802618,-63.2480079,1,1
1296,2019-2020,2019,Film Production,Colchester,1,EGP,Bad Fem Productions Inc.,Truro,B2N 1C1,389.00,1,45.3636787,-63.2971377,1,1
1297,2019-2020,2019,Advanced Manufacturing,Pictou,1,SBDP,Aqua Production Systems Incorporated,New Glasgow,B2H 5C4,2460.00,1,45.5353637,-62.6445294,1,1
1298,2019-2020,2019,Advanced Manufacturing,Pictou,1,SBDP,Aqua Production Systems Incorporated,New Glasgow,B2H 5C4,12540.00,1,45.5353637,-62.6445294,1,1
1299,2019-2020,2019,Advanced Manufacturing,Pictou,1,EGP,Aqua Production Systems Incorporated,New Glasgow,B2H 5C4,15000.00,1,45.5353637,-62.6445294,1,1
1300,2019-2020,2019,Energy,Pictou,1,EGP,Stark International Inc.,New Glasgow,B2H 2T3,11850.00,1,45.5880468,-62.6464652,1,1
1301,2019-2020,2019,Energy,Pictou,1,EGP,Stark International Inc.,New Glasgow,B2H 2T3,10008.00,1,45.5880468,-62.6464652,1,1
1302,2019-2020,2019,Energy,Pictou,1,EGP,Stark International Inc.,New Glasgow,B2H 2T3,7550.00,1,45.5880468,-62.6464652,1,1
1303,2019-2020,2019,ICT (includes Digital Media),Pictou,1,PIVP,Velsoft Training Materials Inc.,New Glasgow,B2H 2P8,25000.00,1,45.5865832,-62.6476871,1,1
1304,2019-2020,2019,ICT (includes Digital Media),Pictou,1,EGP,Corporate Training Materials,New Glasgow,B2H 2P6,13033.00,1,45.5880202,-62.6471371,1,1
1305,2019-2020,2019,ICT (includes Digital Media),Pictou,1,EGP,Web Builders Group Inc.,New Glasgow,B2H 2P6,1550.00,1,45.587644,-62.647423,1,1
1306,2019-2020,2019,Agri-food,Pictou,1,IRP,3284906 Nova Scotia LimitedÂ (Nova Scotia Spirit Co.)**,New Glasgow,B2H 2P5,848750.00,1,45.5890641,-62.6467646,1,1
1307,2019-2020,2019,Agri-food,Pictou,1,SBDP,Nova Scotia Spirit Company,New Glasgow,B2H 2P5,11049.00,1,45.5890641,-62.6467646,1,1
1308,2019-2020,2019,Agri-food,Pictou,1,EGP,3284906 Nova Scotia Limited operating as Nova Scotia Spirit Company,New Glasgow,B2H 2P5,8400.00,1,45.5890641,-62.6467646,1,1
1309,2019-2020,2019,Agri-food,Pictou,1,EGP,3284906 Nova Scotia Limited operating as Nova Scotia Spirit Company,New Glasgow,B2H 2P5,3900.00,1,45.5890641,-62.6467646,1,1
1310,2019-2020,2019,Agri-food,Antigonish,1,PIVP,Tony's Meats Ltd.,Antigonish,B2G 2L2,25000.00,1,45.632402,-61.9627307,1,1
1311,2019-2020,2019,Agri-food,Antigonish,1,EGP,Tony's Meats,Antigonish,B2G 2L2,3122.00,1,45.632402,-61.9627307,1,1
1312,2019-2020,2019,Agri-food,Antigonish,1,EGP,Steinhart Distillery Limited,Arisag,B2G 2L1,7126.00,1,45.7482096,-62.1815235,1,1
1313,2019-2020,2019,Agri-food,Antigonish,1,EGP,Peace By Chocolate Inc.,Antigonish,B2G 2G8,2502.00,1,45.6274396,-61.9823821,1,1
1314,2019-2020,2019,ICT (includes Digital Media),Antigonish,1,PIVP,Talkatoo Inc.,Antigonish,B2G 2C2,15000.00,1,45.6226026,-61.9929489,1,1
1315,2019-2020,2019,ICT (includes Digital Media),Antigonish,1,SBDP,Talkatoo Inc.,Antigonish,B2G 2C2,15000.00,1,45.6226026,-61.9929489,1,1
1316,2019-2020,2019,ICT (includes Digital Media),Antigonish,1,EGP,Talkatoo Inc.,Antigonish,B2G 2C2,12176.00,1,45.6226026,-61.9929489,1,1
1317,2019-2020,2019,ICT (includes Digital Media),Antigonish,1,EGP,Talkatoo Inc.,Antigonish,B2G 2C2,2822.00,1,45.6226026,-61.9929489,1,1
1318,2019-2020,2019,ICT (includes Digital Media),Antigonish,1,EGP,Talkatoo Inc.,Antigonish,B2G 2C2,1275.00,1,45.6226026,-61.9929489,1,1
1319,2019-2020,2019,Business Services,Antigonish,1,EGP,Spark Engagement Inc.,Antigonish,B2G 0C5,5090.00,1,45.6307863,-61.975346,1,1
1320,2019-2020,2019,Advanced Manufacturing,Cape Breton,1,Payroll Rebate,East Coast Metal Fabrication (2015) Inc.,Edwardsville,B2A 4S6,680400.00,1,46.1568275,-60.2235816,1,1
1321,2019-2020,2019,Advanced Manufacturing,Cape Breton,1,SBDP,Copol International Ltd.,North Sydney,B2A 3M4,9585.00,1,46.228461,-60.2484256,1,1
1322,2019-2020,2019,Fish & Seafood Processing,Cape Breton,1,EGP,Live Ship Limited,North Sydney,B2A 3M2,5762.00,1,46.219099,-60.2463337,1,1
1323,2019-2020,2019,Agri-food,Cape Breton,1,PIVP,Sea-Pur Seaweed Products,Membertou,B1S3S4,25000.00,1,46.1166481,-60.1978421,1,1
1324,2019-2020,2019,Customer Care Centre,Cape Breton,1,PMA,Metal Supermarkets Service Company Inc. (MSKS),Sydney,B1S 1E2,0.00,1,46.1382599,-60.1966502,1,1
1325,2019-2020,2019,Agri-food,Cape Breton,1,EGP,Breton Brewing Co,Sydney,B1R 1V7,4277.00,1,46.1193657,-60.2344136,1,1
1326,2019-2020,2019,Life Sciences,Cape Breton,1,SBDP,Talem Health Analytics Inc.,Sydney,B1R 1L8,9000.00,1,46.1384339,-60.2244547,1,1
1327,2019-2020,2019,Life Sciences,Cape Breton,1,EGP,Talem Health Analytics Inc.,Sydney,B1R 1L8,7894.00,1,46.1384339,-60.2244547,1,1
1328,2019-2020,2019,Life Sciences,Cape Breton,1,EGP,Talem Health Analytics Inc.,Sydney,B1R 1L8,2068.00,1,46.1384339,-60.2244547,1,1
1329,2019-2020,2019,Chemicals & Plastics,Cape Breton,1,PIVP,BIOP,Sydney,B1P1J7,15000.00,1,46.1399497,-60.1948489,1,1
1330,2019-2020,2019,ICT (includes Digital Media),Cape Breton,1,EGP,Breton Smartek Inc.,Sydney,B1P 6H1,8637.00,1,46.139009,-60.1970806,1,1
1331,2019-2020,2019,ICT (includes Digital Media),Cape Breton,1,EGP,Breton Smartek Inc.,Sydney,B1P 6H1,4175.00,1,46.139009,-60.1970806,1,1
1332,2019-2020,2019,ICT (includes Digital Media),Cape Breton,1,EGP,Breton Smartek Inc.,Sydney,B1P 6H1,1562.00,1,46.139009,-60.1970806,1,1
1333,2019-2020,2019,Clothing & Textiles,Cape Breton,1,EGP,Red Label Kilts & Tartan Design,Sydney,B1P 4N7,1371.00,1,46.1287165,-60.1867787,1,1
1334,2019-2020,2019,ICT (includes Digital Media),Cape Breton,1,EGP,Ubique Networks Inc.,Sydney,B1P 1J7,4150.00,1,46.1404656,-60.1949388,1,1
1335,2019-2020,2019,ICT (includes Digital Media),Cape Breton,1,EGP,PM Technology Canada Ltd.,Sydney,B1P 1J6,7775.00,1,46.140822,-60.1958317,1,1
1336,2019-2020,2019,ICT (includes Digital Media),Cape Breton,1,EGP,PM Technology Canada Ltd.,Sydney,B1P 1J6,7115.00,1,46.140822,-60.1958317,1,1
1337,2019-2020,2019,Life Sciences,Cape Breton,1,EGP,Cornerstone Research Group,Sydney,B1P 1C6,14924.00,1,46.1389574,-60.1968043,1,1
1338,2019-2020,2019,ICT (includes Digital Media),Cape Breton,1,SBDP,Securicy Data Solutions Ltd.,Sydney,B1P 1C6,3500.00,1,46.1382599,-60.1966502,1,1
1339,2019-2020,2019,ICT (includes Digital Media),Cape Breton,1,EGP,Securicy Data Solutions Ltd.,Sydney,B1P 1C6,19510.00,1,46.1382599,-60.1966502,1,1
1340,2019-2020,2019,ICT (includes Digital Media),Cape Breton,1,EGP,Securicy Data Solutions Ltd.,Sydney,B1P 1C6,4350.00,1,46.1382599,-60.1966502,1,1
1341,2019-2020,2019,Business Services,Cape Breton,1,PIVP,Easy Golf Tour Ltd.,Sydney,B1P 1C4,15000.00,1,46.1382599,-60.1966502,1,1
1342,2019-2020,2019,Advanced Manufacturing,Cape Breton,1,PIVP,Seatree Organic Charcoal Inc.,Sydney,B1L 1G9,15000.00,1,46.0658069,-60.2734308,1,1
1343,2019-2020,2019,Business Services,Cape Breton,1,EGP,Live Stor Sydney Limited,Sydney,B1L 1B8,2150.00,1,46.122406,-60.2409567,1,1
1344,2019-2020,2019,Advanced Manufacturing,Cape Breton,1,PIVP,RGI Logistics & Technology Inc.,New Waterford,B1H3R7,25000.00,1,46.2404988,-60.0928033,1,1
1345,2019-2020,2019,Advanced Manufacturing,Cape Breton,1,SBDP,RGI Logistics & Technology Inc.,New Waterford,B1H3R7,15000.00,1,46.2404988,-60.0928033,1,1
1346,2019-2020,2019,Life Sciences,Cape Breton,1,PIVP,Yin & Yang Wellness,New Waterford,B1H 3Y8,15000.00,1,46.2461522,-60.0861635,1,1
1347,2019-2020,2019,Fish & Seafood Processing,Cape Breton,1,EGP,Cape Breton Bivalve Inc.,Louisbourg,B1C 2L8,2450.00,1,45.918635,-59.9738957,1,1
1348,2019-2020,2019,Fish & Seafood Processing,Cape Breton,1,PIVP,Louisbourg Seafoods Ltd.,Louisbourg,B1C 1B5,25000.00,1,45.8917029,-59.9875935,1,1
1349,2019-2020,2019,Creative Industries,Cape Breton,1,EGP,Young Superstars Inc.,Glace Bay,B1A 5X2,1050.00,1,46.200314,-59.9884318,1,1
1350,2019-2020,2019,Chemicals & Plastics,Cape Breton,1,PIVP,Airesun Global Limited,Edwardsville,B1A 4S6,25000.00,1,46.1580725,-60.2300858,1,1
1351,2019-2020,2019,Chemicals & Plastics,Cape Breton,1,EGP,Airesun Global Limited,Edwardsville,B1A 4S6,5820.00,1,46.1580725,-60.2300858,1,1
1352,2019-2020,2019,Fish & Seafood Processing,Yarmouth,1,EGP,DEon Oyster Company Ltd.,Eel Brook,B0W 2X0,1850.00,1,43.8161794,-65.977203,1,1
1353,2019-2020,2019,Advanced Manufacturing,Digby,1,EGP,AF Theriault & Son Limited,Meteghan River,B0W 2L0,7488.00,1,44.2173875,-66.145227,1,1
1354,2019-2020,2019,Business Services,Digby,1,EGP,Stratigro Business Consulting,Clare,B0W 2J0,2925.00,1,44.1946363,-66.1523376,1,1
1355,2019-2020,2019,Business Services,Digby,1,EGP,Stratigro Business Consulting,Clare,B0W 2J0,1200.00,1,44.1946363,-66.1523376,1,1
1356,2019-2020,2019,Fish & Seafood Processing,Shelburne,1,SBDP,Ships Lobster Pound Ltd.,Woods Harbour,B0W 2E0,2300.00,1,43.5253942,-65.7459876,1,1
1357,2019-2020,2019,Fish & Seafood Processing,Shelburne,1,EGP,Ships Lobster Pound Ltd.,Woods Harbour,B0W 2E0,4837.00,1,43.5253942,-65.7459876,1,1
1358,2019-2020,2019,Oceans Technology,Shelburne,1,EGP,ProNova Marine Products Limited,Lower Woods Harbour,B0W 2E0,1325.00,1,43.5220374,-65.7366179,1,1
1359,2019-2020,2019,Fish & Seafood Processing,Yarmouth,1,SBDP,Alecster Fisheries Limited,Lower West Pubnico,B0W 2C0,2900.00,1,43.6238207,-65.7932282,1,1
1360,2019-2020,2019,Life Sciences,Yarmouth,1,EGP,Beche Nutraceutical Company,Lower Wedgeport,B0W 2B0,7125.00,1,43.7174301,-65.9880378,1,1
1361,2019-2020,2019,Fish & Seafood Processing,Digby,1,PIVP,Shore Cold Storage & Logistics Inc.,Little Brook,B0W 1Z0,15000.00,1,44.2998385,-66.1188005,1,1
1362,2019-2020,2019,Fish & Seafood Processing,Shelburne,1,EGP,AC Live Lobster Inc.,Clark's Harbour,B0W 1P0,15000.00,1,43.4878892,-65.6162718,1,1
1363,2019-2020,2019,Fish & Seafood Processing,Shelburne,1,EGP,Age Lobster Inc.,Clark's Harbour,B0W 1P0,2106.00,1,43.43453,-65.6265807,1,1
1364,2019-2020,2019,Fish & Seafood Processing,Digby,1,EGP,Innovative Fishery Products Inc.,Saint Bernard,B0W 1J0,2002.00,1,44.3998478,-66.0517854,1,1
1365,2019-2020,2019,Fish & Seafood Processing,Shelburne,1,EGP,Gerret Enterprises Incorporated,Clark's Harbour,B0W 1G0,3821.00,1,43.4571864,-65.6534439,1,1
1366,2019-2020,2019,Fish & Seafood Processing,Shelburne,1,EGP,I. Deveau Fisheries Limited,Barrington,B0W 1G0,4890.00,1,43.539446,-65.6191938,1,1
1367,2019-2020,2019,Fish & Seafood Processing,Yarmouth,1,EGP,Ocean Pride Fisheries Limited (Atlantic Treasure Limited),Lower Wedgeport,B0W 2B0,5000.00,1,43.7174301,-65.9880378,1,1
1368,2019-2020,2019,Aerospace & Defence,Digby,1,PIVP,Tactical Acuity Equipment Systems Limited,Digby,B0V 1A0,15000.00,1,44.6248764,-65.7638492,1,1
1369,2019-2020,2019,Agri-food,Digby,1,PIVP,Fundy Dulse,Gullivers Cove,B0V 1A0,15000.00,1,44.606904,-65.9350117,1,1
1370,2019-2020,2019,Agri-food,Digby,1,PIVP,Roof Hound Brewing Co. Limited,Digby,B0V 1A0,15000.00,1,44.556126,-65.8109009,1,1
1371,2019-2020,2019,Fish & Seafood Processing,Digby,1,IRP,Scotia Harvest Inc.,Digby,B0V 1A0,1863333.00,1,44.6266087,-65.7572504,1,1
1372,2019-2020,2019,Agri-food,Victoria,1,EGP,Bounty Bay Shellfish Incorporated,North River,B0T 1W0,2200.00,1,46.3057548,-60.629272,1,1
1373,2019-2020,2019,Advanced Manufacturing,Shelburne,1,IRP,"Kenney & Ross, Limited",Port Saxon,B0T 1W0,636884.00,1,43.591159,-65.4363067,1,1
1374,2019-2020,2019,Advanced Manufacturing,Shelburne,1,SBDP,Ven-Rez Products Ltd.,Shelburne,B0T 1W0,9900.00,1,43.7430991,-65.3150756,1,1
1375,2019-2020,2019,Advanced Manufacturing,Shelburne,1,EGP,Ven-Rez Products Ltd.,Shelburne,B0T 1W0,7447.00,1,43.7430991,-65.3150756,1,1
1376,2019-2020,2019,Advanced Manufacturing,Shelburne,1,EGP,Ven-Rez Products Ltd.,Shelburne,B0T 1W0,5623.00,1,43.7430991,-65.3150756,1,1
1377,2019-2020,2019,Advanced Manufacturing,Shelburne,1,SBDP,Allendale Technologies Limited,Lockeport,B0T 1L0,3075.00,1,43.6987556,-65.1148533,1,1
1378,2019-2020,2019,Advanced Manufacturing,Shelburne,1,SBDP,Allendale Technologies Limited,Lockeport,B0T 1L0,1450.00,1,43.6987556,-65.1148533,1,1
1379,2019-2020,2019,Advanced Manufacturing,Shelburne,1,SBDP,Allendale Technologies Limited,Lockeport,B0T 1L0,3262.00,1,43.6987556,-65.1148533,1,1
1380,2019-2020,2019,Advanced Manufacturing,Shelburne,1,EGP,Allendale Electronics Limited,Lockeport,B0T 1L0,7565.00,1,43.6987556,-65.1148533,1,1
1381,2019-2020,2019,Advanced Manufacturing,Shelburne,1,EGP,Allendale Electronics Limited,Lockeport,B0T 1L0,4785.00,1,43.6987556,-65.1148533,1,1
1382,2019-2020,2019,Agri-food,Queens,1,SBDP,Van Dyk's Health Juice Products Ltd.,Caledonia,B0T 1B0,10000.00,1,44.6704717,-63.5683279,1,1
1383,2019-2020,2019,Agri-food,Queens,1,EGP,Van Dyk Specialty Products Limited,Caledonia,B0T 1B0,9700.00,1,44.35852,-65.0893481,1,1
1384,2019-2020,2019,ICT (includes Digital Media),Annapolis,1,EGP,Cyber Smart Canada Inc.,Clementsvale,B0S IG0,6632.00,1,44.64148,-65.6042288,1,1
1385,2019-2020,2019,ICT (includes Digital Media),Annapolis,1,EGP,Cyber Smart Canada Inc.,Clementsvale,B0S IG0,1673.00,1,44.64148,-65.6042288,1,1
1386,2019-2020,2019,Advanced Manufacturing,Annapolis,1,EGP,Spa Springs Mineral Water Co. Ltd.,Middleton,B0S 1P0,2630.00,1,44.9438407,-65.0914404,1,1
1387,2019-2020,2019,Advanced Manufacturing,Annapolis,1,EGP,Spa Springs Mineral Water Co. Ltd.,Middleton,B0S 1P0,1768.00,1,44.9438407,-65.0914404,1,1
1388,2019-2020,2019,ICT (includes Digital Media),Annapolis,1,PIVP,Mainland Telecom Inc.,Middleton,B0S 1P0,15000.00,1,44.9438407,-65.0914404,1,1
1389,2019-2020,2019,Agri-food,Annapolis,1,PIVP,Bear River Vineyards Ltd.,Bear River,B0S 1B0,25000.00,1,44.584122,-65.7079588,1,1
1390,2019-2020,2019,Agri-food,Annapolis,1,IRP,denHaan Enterprises Limited,Lawrencetown,B0S 1M0,1403023.00,1,44.8835637,-65.1822218,1,1
1391,2019-2020,2019,Business Services,Lunenburg,1,EGP,New Voice Languages & Tutoring Inc.,Lunenburg,B0R 2C0,8780.00,1,44.380105,-64.3159187,1,1
1392,2019-2020,2019,Agri-food,Annapolis,1,PIVP,Spurr Brothers Farms Limited,Kingston,B0P1R0,15000.00,1,44.9803635,-64.9566595,1,1
1393,2019-2020,2019,Advanced Manufacturing,Hants,1,IRP,CKF Incorporated,Hantsport,B0P1P0,3505415.00,1,45.0649108,-64.174285,1,1
1394,2019-2020,2019,Agri-food,Kings,1,EGP,Randsland Farms Inc.,Canning,B0P1H0,1490.00,1,45.192744,-64.3971437,1,1
1395,2019-2020,2019,Agri-food,Kings,1,PIVP,Dykeview Farms Limited,Centreville,B0P 1J0,25000.00,1,45.1353549,-64.4756828,1,1
1396,2019-2020,2019,Agri-food,Kings,1,EGP,Blomidon Estate Winery,Canning,B0P 1H0,8380.00,1,45.1499981,-64.4175096,1,1
1397,2019-2020,2019,Agri-food,Kings,1,EGP,Hutchinson Maple (Hutchinson Acres Inc.) (Pure Infused Maple Syrup),Aylesford,B0P 1C0,7539.00,1,44.8686549,-64.6804788,1,1
1398,2019-2020,2019,Agri-food,Kings,1,EGP,Hutchinson Maple (Hutchinson Acres Inc.) (Pure Infused Maple Syrup),Aylesford,B0P 1C0,6980.00,1,44.8686549,-64.6804788,1,1
1399,2019-2020,2019,ICT (includes Digital Media),Hants,1,SBDP,Academic Edge Inc.,Windsor,B0N2TO,10500.00,1,44.991028,-64.1453747,1,1
1400,2019-2020,2019,Advanced Manufacturing,Hants,1,EGP,Nu-Air Ventilation Systems Inc.,Windsor,B0N 2T0,8475.00,1,44.9891427,-64.1071396,1,1
1401,2019-2020,2019,Agri-food,Hants,1,PIVP,Heritage Memorials Limited,Windsor,B0N 2T0,15000.00,1,44.995556,-64.1218997,1,1
1402,2019-2020,2019,Business Services,Hants,1,EGP,Brighter Community Planning and Consulting Ltd.,Windsor,B0N 2T0,1575.00,1,44.9948983,-64.1418465,1,1
1403,2019-2020,2019,ICT (includes Digital Media),Hants,1,EGP,Academic Edge Inc.,Windsor,B0N 2T0,14825.00,1,44.991028,-64.1453747,1,1
1404,2019-2020,2019,Agri-food,Hants,1,SBDP,The Station Food Company (2019) Ltd.,Newport Station,B0N 2B0,7379.00,1,44.96497,-64.0565457,1,1
1405,2019-2020,2019,Oceans Technology,Hants,1,SBDP,Romor Ocean Solutions,Mount Uniack,B0N 1Z0,4515.00,1,44.8599058,-63.8091147,1,1
1406,2019-2020,2019,Oceans Technology,Hants,1,EGP,Romor Ocean Solutions,Mount Uniack,B0N 1Z0,11087.00,1,44.8599058,-63.8091147,1,1
1407,2019-2020,2019,Travel & Accommodation,Hants,1,EGP,Wanderlust Excursions,Gore,B0N 1P0,7098.00,1,45.1185008,-63.7200115,1,1
1408,2019-2020,2019,Advanced Manufacturing,Cumberland,1,PIVP,Doug Bragg Enterprises,Collingwood,B0M1E0,15000.00,1,45.5771074,-64.0463727,1,1
1409,2019-2020,2019,Advanced Manufacturing,Cumberland,1,PIVP,Surrette Battery Company Limited,Springhill,B0M 1X0,15000.00,1,45.6412969,-64.0761333,1,1
1410,2019-2020,2019,Agri-food,Cumberland,1,IRP,Oxford Frozen Foods Limited (Project 2),Oxford,B0M 1P0,2135000.00,1,45.730868,-63.8789373,1,1
1411,2019-2020,2019,Oceans Technology,Colchester,1,EGP,Ocean Sonics Ltd.,Great Village,B0M 1L0,20139.00,1,45.417102,-63.6026407,1,1
1412,2019-2020,2019,Oceans Technology,Colchester,1,EGP,Ocean Sonics Ltd.,Great Village,B0M 1L0,5671.00,1,45.417102,-63.6026407,1,1
1413,2019-2020,2019,Advanced Manufacturing,Colchester,1,EMGP,Kohltech International Limited,Debert,B0M 1G0,34500.00,1,45.406841,-63.4289677,1,1
1414,2019-2020,2019,Agri-food,Pictou,1,EGP,Big Cove Foods,Thorburn,B0K 1W0,1150.00,1,45.599975,-62.5161647,1,1
1415,2019-2020,2019,Agri-food,Pictou,1,EGP,Caldera Distilling Inc.,River John,B0K 1N0,5250.00,1,45.7579062,-63.0467887,1,1
1416,2019-2020,2019,Agri-food,Pictou,1,EGP,Seafoam Lavender Company,Seafoam,B0K 1N0,1890.00,1,45.7579062,-63.0467887,1,1
1417,2019-2020,2019,Advanced Manufacturing,Lunenburg,1,PIVP,Lobster Made Easy Inc.,Mahone Bay,B0J2E0,15000.00,1,44.4557661,-64.381064,1,1
1418,2019-2020,2019,Advanced Manufacturing,Guysborough,1,PIVP,The Soap Company of Nova Scotia Ltd.,Port Hilford,B0J 3C0,25000.00,1,45.1190451,-61.8619562,1,1
1419,2019-2020,2019,Agri-food,Lunenburg,1,EGP,Muwin Estate Wines Ltd.,New Ross,B0J 2M0,3150.00,1,44.7459796,-64.7308163,1,1
1420,2019-2020,2019,Advanced Manufacturing,Halifax,1,IRP,Mackenzie Atlantic Tool and Die/Machining Ltd.,Musquodoboit Harbour,B0J 2L0,415992.00,1,44.7812333,-63.1754452,1,1
1421,2019-2020,2019,ICT (includes Digital Media),Halifax,1,EGP,Pique Innovations Inc.,Musquodoboit Harbour,B0J 2L0,2429.00,1,44.7201071,-63.0905985,1,1
1422,2019-2020,2019,Advanced Manufacturing,Lunenburg,1,PIVP,Stevens Solutions & Design Inc.,Mahone Bay,B0J 2E0,25000.00,1,44.4489301,-64.399787,1,1
1423,2019-2020,2019,Agri-food,Lunenburg,1,EGP,The Tea Brewery,Mahone Bay,B0J 2E0,1067.00,1,44.4491419,-64.3831942,1,1
1424,2019-2020,2019,Agri-food,Lunenburg,1,EGP,The Tea Brewery,Mahone Bay,B0J 2E0,1062.00,1,44.4491419,-64.3831942,1,1
1425,2019-2020,2019,Chemicals & Plastics,Lunenburg,1,PIVP,Atlantick Repellent Products Inc.,Mahone Bay,B0J 2E0,15000.00,1,44.4499128,-64.3974344,1,1
1426,2019-2020,2019,Chemicals & Plastics,Lunenburg,1,EGP,Atlantick Repellent Products Inc.,Mahone Bay,B0J 2E0,2890.00,1,44.4499128,-64.3974344,1,1
1427,2019-2020,2019,ICT (includes Digital Media),Lunenburg,1,PIVP,SeaSmart Technologies Inc.,Mahone Bay,B0J 2E0,15000.00,1,44.4557661,-64.381064,1,1
1428,2019-2020,2019,Advanced Manufacturing,Lunenburg,1,SBDP,STELIA Aerospace North America Inc.,Lunenburg,B0J 2C0,15000.00,1,44.373942,-64.3272837,1,1
1429,2019-2020,2019,Advanced Manufacturing,Halifax,1,EGP,Toy Maker of Lunenburg - WoodChaCallIt Toy and Wood Crafters,Hatchet Lake,B0J 2C0,6456.00,1,44.575515,-63.7097842,1,1
1430,2019-2020,2019,Film Production,Lunenburg,1,EGP,Picture Plant Ltd.,Lunenburg,B0J 2C0,6106.00,1,44.3765839,-64.3126437,1,1
1431,2019-2020,2019,Forest Products,Lunenburg,1,PIVP,Lunenburg Balsam Fir Cooperative Ltd.,Fauxburg,B0J 2C0,15000.00,1,44.418822,-64.3764377,1,1
1432,2019-2020,2019,Agri-food,Halifax,1,PIVP,Baie Run Pet Products Inc.,Halifax,B0J 1K0,25000.00,1,44.5645371,-64.3259446,1,1
1433,2019-2020,2019,Advanced Manufacturing,Lunenburg,1,EGP,GN Plastics Company Ltd.,Chester,B0J 1J0,25000.00,1,44.5498236,-64.2332113,1,1
1434,2019-2020,2019,Film Production,Lunenburg,1,EGP,Big Motion Pictures Ltd.,Chester,B0J 1J0,775.00,1,44.5381516,-64.2422314,1,1
1435,2019-2020,2019,Film Production,Lunenburg,1,EGP,Two East Productions Inc.,Chester,B0J 1J0,2213.00,1,44.5381516,-64.2422314,1,1
1436,2019-2020,2019,Film Production,Lunenburg,1,EGP,Two East Productions Inc.,Chester,B0J 1J0,646.00,1,44.5381516,-64.2422314,1,1
1437,2019-2020,2019,Film Production,Lunenburg,1,EGP,Workhorse Pictures Inc.,Chester,B0J 1J0,2900.00,1,44.5381246,-64.2413132,1,1
1438,2019-2020,2019,Forest Products,Lunenburg,1,EGP,Canadian Lumber Company,Chester,B0J 1J0,3900.00,1,44.539691,-64.232156,1,1
1439,2019-2020,2019,Forest Products,Lunenburg,1,EGP,Canadian Lumber Company,Chester,B0J 1J0,2956.00,1,44.539691,-64.232156,1,1
1440,2019-2020,2019,Forest Products,Lunenburg,1,EGP,Canadian Lumber Company,Chester,B0J 1J0,905.00,1,44.539691,-64.232156,1,1
1441,2019-2020,2019,Forest Products,Lunenburg,1,EGP,Canadian Lumber Company,Chester,B0J 1J0,506.00,1,44.539691,-64.232156,1,1
1442,2019-2020,2019,Oceans Technology,Lunenburg,1,EGP,Hawboldt Industries (1989) Ltd.,Chester,B0J 1J0,23148.00,1,44.5690612,-64.2618475,1,1
1443,2019-2020,2019,Advanced Manufacturing,Queens,1,EMGP,Lloyoll Custom Building Limited,Brooklyn,B0J 1H0,36499.00,1,44.0511659,-64.7029163,1,1
1444,2019-2020,2019,Advanced Manufacturing,Queens,1,SBDP,Lloyoll Custom Building Limited,Brooklyn,B0J 1H0,19540.00,1,44.0511659,-64.7029163,1,1
1445,2019-2020,2019,Advanced Manufacturing,Queens,1,SBDP,Lloyoll Custom Building Limited,Brooklyn,B0J 1H0,5460.00,1,44.0511659,-64.7029163,1,1
1446,2019-2020,2019,ICT (includes Digital Media),Lunenburg,1,EMGP,Sales Beacon Productivity Solutions Inc.,Chester,B0J 1H0,48562.00,1,44.5387591,-64.2414493,1,1
1447,2019-2020,2019,ICT (includes Digital Media),Lunenburg,1,SBDP,Sales Beacon Consulting Inc.,Chester,B0J 1H0,15000.00,1,44.5387591,-64.2414493,1,1
1448,2019-2020,2019,ICT (includes Digital Media),Lunenburg,1,EGP,Sales Beacon Productivity Solutions Inc.,Chester,B0J 1H0,15000.00,1,44.5387591,-64.2414493,1,1
1449,2019-2020,2019,Fish & Seafood Processing,Guysborough,1,PIVP,Canso Seafoods Limited,Canso,B0H1H0,15000.00,1,45.3386608,-60.9995468,1,1
1450,2019-2020,2019,Fish & Seafood Processing,Guysborough,1,SBDP,Bill and Stanley Oyster Company Ltd.,Lower Whitehead,B0H 1T0,6250.00,1,45.2230567,-61.1825277,1,1
1451,2019-2020,2019,Fish & Seafood Processing,Guysborough,1,EGP,Bill and Stanley Oyster Company,Lower Whitehead,B0H 1T0,10100.00,1,45.2230567,-61.1825277,1,1
1452,2019-2020,2019,Business Services,Antigonish,1,EGP,TURNING POINT CURLING SCHOOL,Antigonish,B0H 1A0,4125.00,1,45.632402,-61.9627307,1,1
1453,2019-2020,2019,Advanced Manufacturing,Inverness,1,EGP,BML Roofing Ltd.,Margaree,B0E3M0,3040.00,1,46.3205795,-60.9860869,1,1
1454,2019-2020,2019,Engineering & Professional,Richmond,1,PIVP,Marine Enhancement Partners Ltd.,Arichat,B0E1A0,15000.00,1,45.505227,-61.0109287,1,1
1455,2019-2020,2019,Agri-food,Inverness,1,EGP,Galloping Cows Fine Foods,Port Hood,B0E 2W0,11450.00,1,46.0239705,-61.4852942,1,1
1456,2019-2020,2019,Agri-food,Inverness,1,EGP,Galloping Cows Fine Foods,Port Hood,B0E 2W0,5840.00,1,46.0239705,-61.4852942,1,1
1457,2019-2020,2019,Advanced Manufacturing,Inverness,1,SBDP,Larch Wood Enterprises Inc.,Margaree,B0E 1Y0,9145.00,1,46.3975824,-61.0785582,1,1
1458,2019-2020,2019,Fish & Seafood Processing,Richmond,1,EGP,Premium Seafoods Ltd.,Arichat,B0E 1A0,4350.00,1,45.5124401,-61.0533069,1,1
1459,2019-2020,2019,Fish & Seafood Processing,Victoria,1,EGP,Victoria Co-Operative Fisheries Ltd.,Neils Harbour,B0C 1N0,14969.00,1,46.8106773,-60.322748,1,1
1460,2019-2020,2019,ICT (includes Digital Media),Halifax,1,Payroll Rebate,9626751 Canada Inc. (Bonsai),Halifax,B3J 3K5,2112500.00,1,44.418822,-64.3764377,1,1
1461,2019-2020,2019,Energy,Halifax,1,PIVP,Iformit Solutions Inc.,Halifax,B3K 2T3,15000.00,1,44.5985276,-63.6129532,1,1
1462,2019-2020,2019,Agri-food,Cape Breton,1,Payroll Rebate,Turtle Greens Ltd.,Sydney,B1P 6L2,846825.00,1,46.1382599,-60.1966502,1,1
1463,2019-2020,2019,ICT (includes Digital Media),Halifax,1,Scale-Up Hub Program,Northern Business Intelligence,Halifax,B3B 1T4,0.00,1,44.7012869,-63.5884831,1,1
1464,2019-2020,2019,Other,Halifax,1,Scale-Up Hub Program,EcoPilot Canada Inc.,Halifax,B3J 3L7,0.00,1,44.6920604,-63.6016582,1,1
1465,2019-2020,2019,Oceans Technology,Halifax,1,Scale-Up Hub Program,Leeway Marine,Halifax,B2Y 2W1,0.00,1,44.6627503,-63.559248,1,1
1466,2020-2021,2020,Life Sciences,Annapolis,1,PIVP,11858696 Canada Limited,Middleton,B0S1P0,15000.00,1,43.974255,-64.773786,1,1
1467,2020-2021,2020,Business Services,Halifax,1,DAP,247 SOFTWARE,Halifax,B3J1T8,1073.00,1,44.642177,-63.570008,1,1
1468,2020-2021,2020,ICT (includes Digital Media),Kings,1,PIVP,3226198 Nova Scotia Ltd,Centreville,B0P1J0,15000.00,1,45.195976,-64.680474,1,1
1469,2020-2021,2020,Other,Halifax,1,DAP,3238123 Nova Scotia Limited,Oakfield,B2T1E3,10000.00,1,44.915158,-63.557371,1,1
1470,2020-2021,2020,Business Services,Hants,1,BDP,3242287 NS Limited,Windsor,B0N2T0,5650.00,1,44.819594,-64.318054,1,1
1471,2020-2021,2020,Other,Halifax,1,DAP,3251499 NOVA SCOTIA LIMITED,Halifax,B3H1J3,5000.00,1,44.629877,-63.588656,1,1
1472,2020-2021,2020,Chemicals & Plastics,Halifax,1,DAP,3309594 Nova Scotia Limited,Bedford,B4A1J8,6250.00,1,44.71919,-63.684651,1,1
1473,2020-2021,2020,Transportation & Logistics,Lunenburg,1,DAP,3312858 Nova Scotia Limited,Bridgewater,B4V2S7,10000.00,1,44.38259759,-64.51750005,1,1
1474,2020-2021,2020,Other,Halifax,1,DAP,360 Fit Personal Training Ltd.,Dartmouth,B3B1L9,4994.00,1,44.711782,-63.600214,1,1
1475,2020-2021,2020,Advanced Manufacturing,Lunenburg,1,DAP,3-H ABCO Holdings Inc.,Bridgewater,B0J2C0,10000.00,1,44.37635,-64.309889,1,1
1476,2020-2021,2020,Advanced Manufacturing,Lunenburg,1,IRP,3-H ABCO Holdings Inc.,Bridgewater,B0J2C0,308070.00,1,44.37635,-64.309889,1,1
1477,2020-2021,2020,Business Services,Halifax,1,DAP,7801327 CANADA INC.,Halifax,B3N1M4,10000.00,1,44.640459,-63.619711,1,1
1478,2020-2021,2020,ICT (includes Digital Media),Halifax,1,DAP,902HipHop Inc.,Halifax,B3N1J4,10000.00,1,44.640251,-63.624488,1,1
1479,2020-2021,2020,ICT (includes Digital Media),Halifax,1,DAP,A & E MARITIME HOMEBUYERS ADVANTAGE,Timberlea,B3T2J5,7500.00,1,44.64811294,-63.72400227,1,1
1480,2020-2021,2020,Life Sciences,Annapolis,1,IRP,Acadian Seaplants Limited / Les Algues Acadiennes Limitee,Cornwallis Park,B0S 1H0,498675.00,1,44.653858,-65.63002,1,1
1481,2020-2021,2020,Other,Halifax,1,DAP,Ace Recreational Equipment and Services Limited,Beford,B4A0E3,10000.00,1,44.7044502,-63.6847742,1,1
1482,2020-2021,2020,Oceans Technology,Antigonish,1,PIVP,Acoustic Bait Technologies,Antigonish,B2B2L2,15000.00,1,45.7562549,-61.9052669,1,1
1483,2020-2021,2020,ICT (includes Digital Media),Halifax,1,DAP,ADDvocacy ADHD & Life Skills Coaching Ltd.,Bedford,B4A3S5,7800.00,1,44.733249,-63.645027,1,1
1484,2020-2021,2020,CleanTech,Halifax,1,PIVP,Adeco Bio-Resources Inc,Halifax,B3H3X4,15000.00,1,44.643259,-63.598176,1,1
1485,2020-2021,2020,Agri-food,Halifax,1,DAP,Advanced Genetics Supplements,Halifax,B3P2E1,10000.00,1,44.630396,-63.620706,1,1
1486,2020-2021,2020,Agri-food,Halifax,1,EGP,Advanced Genetics Supplements,Halifax,B3P2E1,5400.00,1,44.630396,-63.620706,1,1
1487,2020-2021,2020,Engineering & Professional,Halifax,1,BDP,Aethera Technologies Ltd,Halifax,B3S1B5,13050.00,1,44.639764,-63.667904,1,1
1488,2020-2021,2020,Fish & Seafood Processing,Halifax,1,DAP,Afishionado Fish Mongers Inc.,Bedford,B4A2T3,20000.00,1,44.737949,-63.646705,1,1
1489,2020-2021,2020,Business Services,Halifax,1,DAP,Agenda Managers Incorporated,Halifax,B3L2W3,4350.00,1,44.653415,-63.608462,1,1
1490,2020-2021,2020,ICT (includes Digital Media),Halifax,1,PRB,Ai-Media Canada Inc.,Halifax,M5V 2H2,496080.00,1,43.6485436,-79.3959928,1,0
1491,2020-2021,2020,CleanTech,Cape Breton,1,PIVP,Airesun Global Limited,Glace Bay,B1A3M6,15000.00,1,46.178712,-59.968441,1,1
1492,2020-2021,2020,Clothing & Textiles,Halifax,1,DAP,Akela Surf,Head Of Chezzetcook,B0J1N0,2750.00,1,44.375846,-64.326325,1,1
1493,2020-2021,2020,Life Sciences,Halifax,1,EGP,AKSO Marine Biotech Inc.,Halifax,B3J2G3,300.00,1,44.646455,-63.576648,1,1
1494,2020-2021,2020,Advanced Manufacturing,Colchester,1,BDP,All For Knot Rope Weaving,Debert,B0M1G0,3238.00,1,45.468637,-63.531392,1,1
1495,2020-2021,2020,Advanced Manufacturing,Colchester,1,DAP,All For Knot Rope Weaving,Debert,B0M1G0,6984.00,1,45.468637,-63.531392,1,1
1496,2020-2021,2020,Advanced Manufacturing,Shelburne,1,DAP,Allendale Electronics Limited,Lockeport,B0T1L0,7000.00,1,43.71839,-65.12347,1,1
1497,2020-2021,2020,Oceans Technology,Halifax,1,DAP,Allswater Marine Consultants Ltd.,Bedford,B4A1B9,10000.00,1,44.719376,-63.673227,1,1
1498,2020-2021,2020,CleanTech,Halifax,1,PIVP,Alto Solar Inc.,Halifax,B3L1P9,25000.00,1,44.652427,-63.599844,1,1
1499,2020-2021,2020,Business Services,Halifax,1,DAP,Ambition Theory,Halifax,B3L2S7,7570.00,1,44.644887,-63.599408,1,1
1500,2020-2021,2020,Agri-food,Halifax,1,DAP,Amin's Indian Food,Halifax,B3K5T8,2075.00,1,44.652525,-63.581038,1,1
1501,2020-2021,2020,Advanced Manufacturing,Lunenburg,1,DAP,Amos Pewter,Mahone Bay,B0J2E0,10000.00,1,44.308292,-64.307402,1,1
1502,2020-2021,2020,Finance & Insurance,Halifax,1,PRB,Analyze Re Incorporated,Halifax,B3J 2T9,509760.00,1,44.6472847,-63.5745851,1,1
1503,2020-2021,2020,Business Services,Halifax,1,DAP,Anchored in Safety Inc.,Head Of Chezzetcook,B0J1N0,10000.00,1,44.375846,-64.326325,1,1
1504,2020-2021,2020,Business Services,Halifax,1,DAP,Anne Berube Ltd.,Halifax,B3K2K6,5977.00,1,44.665971,-63.606251,1,1
1505,2020-2021,2020,Finance & Insurance,Halifax,1,BDP,"April Stroink, Money Coaching",Halifax,B3H2K3,6250.00,1,44.644878,-63.589419,1,1
1506,2020-2021,2020,Finance & Insurance,Halifax,1,DAP,"April Stroink, Money Coaching",Halifax,B3H2K3,5225.00,1,44.644878,-63.589419,1,1
1507,2020-2021,2020,Advanced Manufacturing,Pictou,1,BDP,Aqua Production Systems Incorporated,Westville,B0K2A0,14898.00,1,45.567253,-62.715905,1,1
1508,2020-2021,2020,Advanced Manufacturing,Pictou,1,DAP,Aqua Production Systems Incorporated,Westville,B0K2A0,4925.00,1,45.567253,-62.715905,1,1
1509,2020-2021,2020,Advanced Manufacturing,Halifax,1,BDP,Aqualitas Inc.,Bedford,B4A1E6,15000.00,1,44.731599,-63.657959,1,1
1510,2020-2021,2020,Advanced Manufacturing,Halifax,1,DAP,Aqualitas Inc.,Bedford,B4A1E6,10000.00,1,44.731599,-63.657959,1,1
1511,2020-2021,2020,Advanced Manufacturing,Halifax,1,PIVP,Aqualitas Inc.,Bedford,B4A1E6,25000.00,1,44.731599,-63.657959,1,1
1512,2020-2021,2020,Other,Halifax,1,BDP,AquaMedia Inc.,Bedford,B4A3N3,20922.00,1,44.729872,-63.675783,1,1
1513,2020-2021,2020,Other,Halifax,1,DAP,AquaMedia Inc.,Bedford,B4A3N3,10000.00,1,44.729872,-63.675783,1,1
1514,2020-2021,2020,ICT (includes Digital Media),Halifax,1,DAP,Arcturus Studios Inc.,Dartmouth,B2Y2S6,10000.00,1,44.666248,-63.566107,1,1
1515,2020-2021,2020,ICT (includes Digital Media),Halifax,1,PRB,Arcuve Inc.,Halifax,T2P 0H7,1264200.00,1,51.0501037,-114.0703658,1,0
1516,2020-2021,2020,Transportation & Logistics,Colchester,1,DAP,Asante Freight Lines & Exports Ltd.,Truro,B2N1B5,7782.00,1,45.356732,-63.293727,1,1
1517,2020-2021,2020,Oceans Technology,Colchester,1,BDP,Ashored Inc.,Bedford,B4A2T3,15000.00,1,44.737949,-63.646705,1,1
1518,2020-2021,2020,Agri-food,Colchester,1,DAP,Ashton's Garden Centre,Tatamagouche,B0K1V0,6000.00,1,45.608086,-62.634014,1,1
1519,2020-2021,2020,Business Services,Halifax,1,DAP,Atlantic Canada Business Network (Nova Scotia),Bedford,B4A1E4,10000.00,1,44.730187,-63.662555,1,1
1520,2020-2021,2020,Business Services,Halifax,1,DAP,Atlantic Digital Reproductions Incorporated,Dartmouth,B3B0G6,7500.00,1,44.7123927,-63.5755987,1,1
1521,2020-2021,2020,Agri-food,Halifax,1,DAP,Atlantic Resources Partnership Inc.,Bedford,B4A0H4,10000.00,1,44.7010498,-63.6881885,1,1
1522,2020-2021,2020,Fish & Seafood Processing,Halifax,1,DAP,Atlantic Sea Cucumber Ltd.,Hacketts Cove,B3Z3K7,10000.00,1,44.662435,-63.757708,1,1
1523,2020-2021,2020,Agri-food,Halifax,1,DAP,ATLANTICANN,Lower Sackville,B4C3Z2,10000.00,1,44.65636946,-63.48710506,1,1
1524,2020-2021,2020,Chemicals & Plastics,Lunenburg,1,PIVP,Atlantick Repellent Products Inc.,Block House,B0J1E0,25000.00,1,44.420909,-64.474461,1,1
1525,2020-2021,2020,CleanTech,Halifax,1,BDP,Aurea Technologies Inc.,Glen Haven,B3Z2V7,12500.00,1,44.657359,-63.740414,1,1
1526,2020-2021,2020,CleanTech,Halifax,1,DAP,Aurea Technologies Inc.,Glen Haven,B3Z2V7,5000.00,1,44.657359,-63.740414,1,1
1527,2020-2021,2020,CleanTech,Halifax,1,PIVP,Aurea Technologies Inc.,Glen Haven,B3Z2V7,15000.00,1,44.657359,-63.740414,1,1
1528,2020-2021,2020,Finance & Insurance,Halifax,1,PRB,"AXIS Specialty Canada Services, ULC",Halifax,B3J 1J6,2975280.00,1,44.6462272,-63.5769257,1,1
1529,2020-2021,2020,Life Sciences,Halifax,1,PIVP,Axtion Independence Mobility Inc.,Halifax,B3J1B6,15000.00,1,44.640812,-63.574697,1,1
1530,2020-2021,2020,Fish & Seafood Processing,Digby,1,DAP,B.C.D. Fisheries Limited,Church Point,B0W1M0,1495.00,1,44.110854,-66.164613,1,1
1531,2020-2021,2020,ICT (includes Digital Media),Halifax,1,BDP,B4Checkin Limited,Halifax,B3K1V7,28500.00,1,44.658545,-63.59841,1,1
1532,2020-2021,2020,ICT (includes Digital Media),Halifax,1,DAP,B4Checkin Limited,Halifax,B3K1V7,10000.00,1,44.658545,-63.59841,1,1
1533,2020-2021,2020,ICT (includes Digital Media),Halifax,1,EGP,B4Checkin Limited,Halifax,B3K1V7,3000.00,1,44.658545,-63.59841,1,1
1534,2020-2021,2020,Advanced Manufacturing,Halifax,1,EGP,Bailly Fragrance,Hammonds Plains,B4B1N8,2387.00,1,44.74400467,-63.80588088,1,1
1535,2020-2021,2020,Business Services,Halifax,1,DAP,BARA MANAGEMENT GROUP,Halifax,B3M4X8,4500.00,1,44.68047867,-63.67816691,1,1
1536,2020-2021,2020,Business Services,Halifax,1,DAP,Barn Raisers Strategic Inc.,Halifax,B3M0N8,9285.00,1,44.6743245,-63.6653863,1,1
1537,2020-2021,2020,Agri-food,Digby,1,PIVP,Basil Kings Farm Inc,Salmon River,B5A5B2,25000.00,1,43.838441,-66.114026,1,1
1538,2020-2021,2020,Advanced Manufacturing,Annapolis,1,DAP,Bear River Plastic Welding Inc.,Cornwallis,B0S1H0,3575.00,1,44.651815,-65.624302,1,1
1539,2020-2021,2020,Advanced Manufacturing,Halifax,1,PIVP,Bebbington Industries Incorporated,Dartmouth,B3B1G6,25000.00,1,44.698159,-63.605173,1,1
1540,2020-2021,2020,Life Sciences,Yarmouth,1,BDP,Beche Nutraceutical Company,Tusket,B0W3M0,10800.00,1,43.83593,-65.964741,1,1
1541,2020-2021,2020,Other,Halifax,1,DAP,Beech Street Health Center Inc.,Halifax,B3L2X9,6500.00,1,44.648114,-63.604178,1,1
1542,2020-2021,2020,Business Services,Halifax,1,DAP,Ben Bay Investments Inc.,Halifax,B3M4T5,10000.00,1,44.696743,-63.668357,1,1
1543,2020-2021,2020,Life Sciences,Halifax,1,BDP,Bend Beauty Inc.,Halifax,B3J0C7,15000.00,1,44.6459668,-63.5757986,1,1
1544,2020-2021,2020,Agri-food,Kings,1,DAP,Benjamin Bridge Vineyards,Wolfville,B4P2R1,7250.00,1,45.013938,-64.403589,1,1
1545,2020-2021,2020,Agri-food,Kings,1,EGP,Benjamin Bridge Vineyards,Wolfville,B4P2R1,4431.00,1,45.013938,-64.403589,1,1
1546,2020-2021,2020,ICT (includes Digital Media),Halifax,1,DAP,Beyond Ventures Group Business & Trade Development Inc,Hantsport,B0P1P0,6172.00,1,45.067011,-64.174361,1,1
1547,2020-2021,2020,Agri-food,Pictou,1,DAP,Big Cove Foods Inc.,Thorburn,B0K1W0,9750.00,1,45.552804,-62.51691,1,1
1548,2020-2021,2020,Business Services,Halifax,1,DAP,Big Leap Leadership Inc.,Bedford,B4B0T2,7625.00,1,44.7074759,-63.7067378,1,1
1549,2020-2021,2020,Fish & Seafood Processing,Guysborough,1,DAP,Bill and Stanley Oyster Company Ltd.,Larrys River,B0H1T0,10000.00,1,45.31573,-61.175579,1,1
1550,2020-2021,2020,Other,Halifax,1,DAP,BK Korean Food Ltd.,Halifax,B3J2J2,3500.00,1,44.641738,-63.576212,1,1
1551,2020-2021,2020,Business Services,Halifax,1,DAP,Black Star Wealth Partners,Halifax,B3K2R8,10000.00,1,44.665248,-63.612104,1,1
1552,2020-2021,2020,ICT (includes Digital Media),Yarmouth,1,PIVP,Blackwatch.Tech Inc.,Yarmouth,B5A4K4,15000.00,1,43.863197,-66.103942,1,1
1553,2020-2021,2020,Other,Halifax,1,DAP,Blaze Marketing Solutions Limited,Dartmouth,B3B1L7,4250.00,1,44.711038,-63.626674,1,1
1554,2020-2021,2020,Other,Halifax,1,BDP,Blended Athletics Incorporated,Dartmouth,B3B0H8,14950.00,1,44.7097417,-63.5730498,1,1
1555,2020-2021,2020,ICT (includes Digital Media),Halifax,1,DAP,Bloxo Inc.,Halifax,B3H2Z9,2450.00,1,44.6354226,-63.57983051,1,1
1556,2020-2021,2020,Agri-food,Halifax,1,DAP,Blue Harbour Cheese Incorporated,Dartmouth,B3A4C5,2500.00,1,44.681376,-63.58675,1,1
1557,2020-2021,2020,Business Services,Halifax,1,DAP,BLUE HOUSE ENERGY,Tantallon,B3Z2T5,10000.00,1,44.639156,-63.927314,1,1
1558,2020-2021,2020,Aerospace & Defence,Halifax,1,EGP,Bluedrop Training & Simulation Inc.,Halifax,B3S1N2,675.00,1,44.656068,-63.669584,1,1
1559,2020-2021,2020,Life Sciences,Halifax,1,BDP,BlueLight Analytics Inc.,Halifax,B3L4G4,30000.00,1,44.642071,-63.620539,1,1
1560,2020-2021,2020,Life Sciences,Halifax,1,PIVP,BlueLight Analytics Inc.,Halifax,B3L4G4,15000.00,1,44.642071,-63.620539,1,1
1561,2020-2021,2020,Finance & Insurance,Halifax,1,DAP,Bonfire Capital Inc.,Halifax,B3M4B9,10000.00,1,44.686854,-63.659838,1,1
1562,2020-2021,2020,Agri-food,Colchester,1,DAP,Bonnymans Wild Blueberries & Natural Products Ltd,Tatamagouche,B0K1V0,10000.00,1,45.608086,-62.634014,1,1
1563,2020-2021,2020,ICT (includes Digital Media),Halifax,1,BDP,Boondoc Technologies Inc. (The Rounds),Halifax,B3K4X5,30000.00,1,44.662185,-63.611268,1,1
1564,2020-2021,2020,ICT (includes Digital Media),Halifax,1,EGP,Boondoc Technologies Inc. (The Rounds),Halifax,B3K4X5,650.00,1,44.662185,-63.611268,1,1
1565,2020-2021,2020,Agri-food,Shelburne,1,DAP,Boxing Rock Brewing Co,Shelburne,BOT1WO,6400.00,1,43.7689912,-65.3543614,1,1
1566,2020-2021,2020,Agri-food,Cape Breton,1,PIVP,Breton Brewing Co,Sydney,B1R1V7,15000.00,1,46.116106,-60.229829,1,1
1567,2020-2021,2020,Other,Halifax,1,DAP,Bright,Halifax,B3J3K5,10000.00,1,44.644489,-63.572554,1,1
1568,2020-2021,2020,Advanced Manufacturing,Kings,1,BDP,Burnt Out Solutions Inc.,New Minas,B4N3N2,6000.00,1,45.068558,-64.453388,1,1
1569,2020-2021,2020,Other,Colchester,1,DAP,C M S SUPPLEMENTS AND WELLNESS,Truro,B2N5N6,2000.00,1,45.369671,-63.303467,1,1
1570,2020-2021,2020,Agri-food,Yarmouth,1,PIVP,C.S. Eliott Trading Ltd.,Yarmouth,B5A2A6,15000.00,1,43.831318,-66.116048,1,1
1571,2020-2021,2020,Agri-food,Halifax,1,BDP,Cabbage Patch Kimchi,Halifax,B3K5T9,3375.00,1,44.662753,-63.590281,1,1
1572,2020-2021,2020,Agri-food,Halifax,1,PIVP,Cabbage Patch Kimchi,Halifax,B3K5T9,15000.00,1,44.662753,-63.590281,1,1
1573,2020-2021,2020,Other,Antigonish,1,DAP,Canada East Immigration Consulting Limited,Antigonish,B2G2C4,6400.00,1,45.62248619,-61.99359425,1,1
1574,2020-2021,2020,Business Services,Halifax,1,DAP,Candace Carnaharn Motivational Speaking Inc.,Halifax,B3L2Y6,5000.00,1,44.643526,-63.603969,1,1
1575,2020-2021,2020,ICT (includes Digital Media),Halifax,1,DAP,CANNGAROO MARKETPLACE,Halifax,B3H1P8,10000.00,1,44.638044,-63.573478,1,1
1576,2020-2021,2020,Fish & Seafood Processing,Guysborough,1,IRP,Canso Seafoods Limited,Canso,B0H1H0,477609.00,1,45.332859,-60.985367,1,1
1577,2020-2021,2020,Fish & Seafood Processing,Guysborough,1,PIVP,Canso Seafoods Limited,Canso,B0H1H0,25000.00,1,45.332859,-60.985367,1,1
1578,2020-2021,2020,Business Services,Halifax,1,BDP,Capstone Project Solutions Inc.,Dartmouth,B3A4S5,6000.00,1,44.66838591,-63.5747546,1,1
1579,2020-2021,2020,Business Services,Halifax,1,DAP,Capstone Project Solutions Inc.,Dartmouth,B3A4S5,10000.00,1,44.66838591,-63.5747546,1,1
1580,2020-2021,2020,Fish & Seafood Processing,Shelburne,1,DAP,Captain Atlantic International Trade Co. Limited,Shag Harbour,B0W3B0,10000.00,1,43.506114,-65.718791,1,1
1581,2020-2021,2020,ICT (includes Digital Media),Antigonish,1,DAP,Carecrew Inc.,Antigonish,B2G1X8,4750.00,1,45.623481,-61.991824,1,1
1582,2020-2021,2020,Business Services,Halifax,1,DAP,Career Story Project Inc.,Halifax,B3M1Z8,2110.00,1,44.678356,-63.662373,1,1
1583,2020-2021,2020,Other,Cape Breton,1,DAP,Century 21 Island Gateway Realty Inc.,North Sydney,B2A2X1,9375.00,1,46.21198802,-60.25393936,1,1
1584,2020-2021,2020,Agri-food,Pictou,1,DAP,CHAPEL COVE CHOCOLATE,New Glasgow,B2H5C4,5500.00,1,45.576852,-62.58817,1,1
1585,2020-2021,2020,Agri-food,Halifax,1,DAP,CharBoyz - reg'd as Big Fella Safety Services Inc.,Halifax,B3N2E5,10000.00,1,44.651322,-63.635283,1,1
1586,2020-2021,2020,ICT (includes Digital Media),Halifax,1,BDP,Charcoal Marketing,Halifax,B3L1A4,15000.00,1,44.645526,-63.596843,1,1
1587,2020-2021,2020,ICT (includes Digital Media),Halifax,1,DAP,Charcoal Marketing,Halifax,B3L1A4,7714.00,1,44.645526,-63.596843,1,1
1588,2020-2021,2020,Business Services,Halifax,1,DAP,CHARISMA UNLIMITED CONSULTING & COACHING,Halifax,B3K2H9,4500.00,1,44.664845,-63.604961,1,1
1589,2020-2021,2020,Fish & Seafood Processing,Lunenburg,1,DAP,Chester Basin Seafoods Inc.,Mahone Bay,B0J2E0,10000.00,1,44.308292,-64.307402,1,1
1590,2020-2021,2020,Agri-food,Colchester,1,BDP,Clarence Farm Services Limited,Truro,B2N6V2,5400.00,1,45.354901,-63.290527,1,1
1591,2020-2021,2020,Agri-food,Colchester,1,DAP,Clarence Farm Services Limited,Truro,B2N6V2,10000.00,1,45.354901,-63.290527,1,1
1592,2020-2021,2020,CleanTech,Halifax,1,BDP,Clean Valley Bio-Filtration Technologies CIC,Dartmouth,B2Y1N8,7500.00,1,44.680989,-63.546363,1,1
1593,2020-2021,2020,Business Services,Halifax,1,DAP,C-Level Executive Solutions LP,Halifax,B3J3M8,5000.00,1,44.647395,-63.5727,1,1
1594,2020-2021,2020,Agri-food,Halifax,1,DAP,Clever Fruit Products Ltd.,Fall River,B2T1K6,6771.00,1,44.812477,-63.636248,1,1
1595,2020-2021,2020,ICT (includes Digital Media),Halifax,1,DAP,Clockk.Com Inc.,Halifax,B3J3K5,10000.00,1,44.644489,-63.572554,1,1
1596,2020-2021,2020,Advanced Manufacturing,Halifax,1,DAP,Coastline Cordage Group Ltd.,Bedford,B4B1J3,10000.00,1,44.714545,-63.716489,1,1
1597,2020-2021,2020,Advanced Manufacturing,Colchester,1,DAP,Cold Stream Clear Distillery Limited,Stewiacke,B0N2J0,10000.00,1,45.222316,-63.179708,1,1
1598,2020-2021,2020,Business Services,Inverness,1,DAP,COLINDALE BUSINESS SOLUTIONS,Port Hood,B0E2W0,2500.00,1,45.716593,-60.863531,1,1
1599,2020-2021,2020,Life Sciences,Halifax,1,DAP,COMFORTING COMPANIONS CARE PROVIDERS,Wellington,B2T0B6,3268.00,1,44.883656,-63.56398,1,1
1600,2020-2021,2020,ICT (includes Digital Media),Cape Breton,1,PIVP,Commlet Technologies Inc,Sydney,B1P6A7,15000.00,1,46.14261906,-60.19648282,1,1
1601,2020-2021,2020,Energy,Kings,1,PIVP,Community Biofuels Inc,Kingston,B0P1R0,15000.00,1,45.074551,-64.720682,1,1
1602,2020-2021,2020,ICT (includes Digital Media),Halifax,1,BDP,Content Bloom Inc.,Bedford,B3M0N6,30000.00,1,44.6977008,-63.6862143,1,1
1603,2020-2021,2020,Business Services,Halifax,1,DAP,Contingency Safety Solutions Inc.,Dartmouth,B2X3H8,10000.00,1,44.701094,-63.541663,1,1
1604,2020-2021,2020,Advanced Manufacturing,Cape Breton,1,DAP,Copol International Ltd.,North Sydney,B2A3M4,5750.00,1,46.237929,-60.24105,1,1
1605,2020-2021,2020,Advanced Manufacturing,Cape Breton,1,PIVP,Copol International Ltd.,North Sydney,B2A3M4,25000.00,1,46.237929,-60.24105,1,1
1606,2020-2021,2020,Advanced Manufacturing,Halifax,1,PIVP,Copsys Industries Inc.,Halifax,B3M4X4,15000.00,1,44.699464,-63.666001,1,1
1607,2020-2021,2020,Business Services,Halifax,1,DAP,Corrie Melanson Consulting Inc.,Halifax,B3K2M9,10000.00,1,44.664691,-63.610095,1,1
1608,2020-2021,2020,Business Services,Halifax,1,DAP,Cosgrove & Co. Strategy Consulting Ltd.,Halifax,B3N2T1,10000.00,1,44.657529,-63.63232,1,1
1609,2020-2021,2020,Agri-food,Halifax,1,BDP,Cove Kombucha,Halifax,B3J1Z4,30000.00,1,44.644785,-63.572806,1,1
1610,2020-2021,2020,Agri-food,Halifax,1,DAP,Cove Kombucha,Halifax,B3J1Z4,4925.00,1,44.644785,-63.572806,1,1
1611,2020-2021,2020,Other,Halifax,1,DAP,COVE SPORT THERAPY,Dartmouth,B2J4J2,8000.00,1,44.6793567,-63.5545842,1,1
1612,2020-2021,2020,Agri-food,Richmond,1,DAP,Creative Cooking Solutions,Arichat,B0E1A0,2250.00,1,45.514793,-60.966046,1,1
1613,2020-2021,2020,ICT (includes Digital Media),Halifax,1,BDP,Cribcut,Halifax,B3J3R7,15000.00,1,44.65208895,-63.57614729,1,1
1614,2020-2021,2020,Agri-food,Pictou,1,DAP,Cultivated Eco Systems Ltd.,Merigomish,B0K1G0,9000.00,1,45.714164,-62.213319,1,1
1615,2020-2021,2020,ICT (includes Digital Media),Cumberland,1,DAP,Cultureally Software Inc.,Pugwash,B0K1L0,10000.00,1,45.530504,-62.988908,1,1
1616,2020-2021,2020,ICT (includes Digital Media),Halifax,1,BDP,Curbza Inc.,Dartmouth,B2W3Y6,15000.00,1,44.680777,-63.538522,1,1
1617,2020-2021,2020,ICT (includes Digital Media),Halifax,1,BDP,Current Studios Inc.,Halifax,B3J3X8,7005.00,1,44.64669,-63.576767,1,1
1618,2020-2021,2020,ICT (includes Digital Media),Halifax,1,BDP,Curv Labs Inc.,Halifax,B3J3K5,8250.00,1,44.644489,-63.572554,1,1
1619,2020-2021,2020,ICT (includes Digital Media),Halifax,1,DAP,Curv Labs Inc.,Halifax,B3J3K5,9975.00,1,44.644489,-63.572554,1,1
1620,2020-2021,2020,ICT (includes Digital Media),Halifax,1,BDP,Dadavan Systems Inc.,Waverley,B2R1R7,8438.00,1,44.78239155,-63.60008607,1,1
1621,2020-2021,2020,ICT (includes Digital Media),Halifax,1,DAP,Dadavan Systems Inc.,Waverley,B2R1R7,4325.00,1,44.78239155,-63.60008607,1,1
1622,2020-2021,2020,Business Services,Halifax,1,DAP,Darlene Duggan International Marketing Services,Halifax,B3N2Y6,3798.00,1,44.659038,-63.63115,1,1
1623,2020-2021,2020,Business Services,Halifax,1,DAP,DASHBOARD LIVING TRAVEL AND APPAREL,Halifax,B3K0H5,2834.00,1,44.6644866,-63.5969236,1,1
1624,2020-2021,2020,Other,Halifax,1,DAP,Dasq Holdings Inc.,Halifax,B3L1A1,1795.00,1,44.646939,-63.591414,1,1
1625,2020-2021,2020,Other,Halifax,1,EGP,Dasq Holdings Inc.,Halifax,B3L1A1,5217.00,1,44.646939,-63.591414,1,1
1626,2020-2021,2020,Business Services,Halifax,1,DAP,Davis Pier Consulting,Halifax,B3J1R9,2315.00,1,44.645084,-63.570552,1,1
1627,2020-2021,2020,Life Sciences,Halifax,1,DAP,Daxsonics Ultrasound Inc.,Halifax,B3H0A2,10000.00,1,44.639415,-63.580434,1,1
1628,2020-2021,2020,Fish & Seafood Processing,Lunenburg,1,BDP,Deep Cove Aqua Farms Ltd,Blandford,B0J1C0,30000.00,1,44.520476,-64.067808,1,1
1629,2020-2021,2020,Advanced Manufacturing,Lunenburg,1,EGP,Deep Cryogenics International Inc.,Bridgewater,B0J2C0,7117.00,1,44.37635,-64.309889,1,1
1630,2020-2021,2020,Advanced Manufacturing,Lunenburg,1,PIVP,Deep Cryogenics International Inc.,Bridgewater,B0J2C0,15000.00,1,44.37635,-64.309889,1,1
1631,2020-2021,2020,ICT (includes Digital Media),Halifax,1,DAP,Deep Vision Inc.,Dartmouth,B2Y4P5,2650.00,1,44.665864,-63.569266,1,1
1632,2020-2021,2020,Oceans Technology,Halifax,1,DAP,DEEPSLOPE EXPLORATIONS,Dartmouth,B3A4P1,7000.00,1,44.666671,-63.572038,1,1
1633,2020-2021,2020,Other,Halifax,1,DAP,Denny Marketing Limited,Waverley,B2R1W7,4000.00,1,44.74793003,-63.56468603,1,1
1634,2020-2021,2020,ICT (includes Digital Media),Halifax,1,DAP,Densitas Inc.,Halifax,B3H0A8,4844.00,1,44.6551354,-63.570501,1,1
1635,2020-2021,2020,Fish & Seafood Processing,Yarmouth,1,DAP,DEon Oyster Company Ltd.,Ste-Anne-Du-Ruisseau,B0W2X0,1250.00,1,43.81874,-65.951742,1,1
1636,2020-2021,2020,Business Services,Halifax,1,DAP,DEVENOVA CONSULTING,Halifax,B3N3J4,3143.00,1,44.635398,-63.636849,1,1
1637,2020-2021,2020,Life Sciences,Halifax,1,BDP,DGI Clinical Inc.,Halifax,B3J3M8,7480.00,1,44.647395,-63.5727,1,1
1638,2020-2021,2020,Life Sciences,Halifax,1,EGP,DGI Clinical Inc.,Halifax,B3J3M8,6725.00,1,44.647395,-63.5727,1,1
1639,2020-2021,2020,Advanced Manufacturing,Halifax,1,BDP,Dispension Industries Incorporated,Dartmouth,B3B1S1,15000.00,1,44.699441,-63.595036,1,1
1640,2020-2021,2020,Advanced Manufacturing,Halifax,1,PIVP,Doobtool Inc,Halifax,B3K4Y2,15000.00,1,44.662394,-63.60826,1,1
1641,2020-2021,2020,Creative Industries,Halifax,1,BDP,Doodle Lovely Inc.,Hubbards,B0J1T0,7500.00,1,44.643217,-64.05186,1,1
1642,2020-2021,2020,Creative Industries,Halifax,1,DAP,Doodle Lovely Inc.,Hubbards,B0J1T0,4750.00,1,44.643217,-64.05186,1,1
1643,2020-2021,2020,Advanced Manufacturing,Cumberland,1,DAP,Doug Bragg Enterprises,Collingwood Corner,B0M1E0,10000.00,1,45.636927,-63.77345,1,1
1644,2020-2021,2020,Advanced Manufacturing,Cumberland,1,PIVP,Doug Bragg Enterprises,Collingwood Corner,B0M1E0,25000.00,1,45.636927,-63.77345,1,1
1645,2020-2021,2020,Advanced Manufacturing,Lunenburg,1,DAP,DPM Solutions,Hebbville,B4V6X9,1000.00,1,44.336257,-64.5516406,1,1
1646,2020-2021,2020,ICT (includes Digital Media),Halifax,1,BDP,DPP Golf,Halifax,B3K3G2,15000.00,1,44.669398,-63.608923,1,1
1647,2020-2021,2020,ICT (includes Digital Media),Halifax,1,DAP,DPP Golf,Halifax,B3K3G2,8259.00,1,44.669398,-63.608923,1,1
1648,2020-2021,2020,ICT (includes Digital Media),Halifax,1,EGP,DPP Golf,Halifax,B3K3G2,31625.00,1,44.669398,-63.608923,1,1
1649,2020-2021,2020,Other,Kings,1,PIVP,Dr. A.K. Gordon Inc.,Maitland,B0N1T0,15000.00,1,45.031888,-64.088081,1,1
1650,2020-2021,2020,ICT (includes Digital Media),Halifax,1,DAP,Dragon Veterinary Canada Limited,Bedford,B4A0H4,5835.00,1,44.7010498,-63.6881885,1,1
1651,2020-2021,2020,ICT (includes Digital Media),Halifax,1,DAP,DSM Telecommunications Inc.,Halifax,B3J3X8,4600.00,1,44.64669,-63.576767,1,1
1652,2020-2021,2020,Advanced Manufacturing,Halifax,1,BDP,Duckish Natural Skin Care Limited,Halifax,B3L1K1,15000.00,1,44.649822,-63.595101,1,1
1653,2020-2021,2020,Advanced Manufacturing,Halifax,1,DAP,Duckish Natural Skin Care Limited,Halifax,B3L1K1,5000.00,1,44.649822,-63.595101,1,1
1654,2020-2021,2020,Agri-food,Kings,1,PIVP,Dykeview Farms Limited,Centreville,B0P1J0,15000.00,1,45.195976,-64.680474,1,1
1655,2020-2021,2020,Advanced Manufacturing,Halifax,1,BDP,DynaGen Technologies Incorporated,Dartmouth,B3B1W8,14600.00,1,44.70058,-63.579683,1,1
1656,2020-2021,2020,Advanced Manufacturing,Halifax,1,PIVP,DynaGen Technologies Incorporated,Dartmouth,B3B1W8,15000.00,1,44.70058,-63.579683,1,1
1657,2020-2021,2020,Business Services,Halifax,1,DAP,Dynamic Learning Incorporated,Halifax,B3J3M8,5000.00,1,44.647395,-63.5727,1,1
1658,2020-2021,2020,Advanced Manufacturing,Colchester,1,DAP,Eascan Building Systems Limited,Truro,B2N2C6,10000.00,1,45.367255,-63.263578,1,1
1659,2020-2021,2020,Advanced Manufacturing,Cape Breton,1,IRP,East Coast Metal Fabrication Inc.,Edwardsville,B2A4S6,423750.00,1,46.15678026,-60.22160264,1,1
1660,2020-2021,2020,Business Services,Halifax,1,DAP,East Coast School of Languages (ECSL) Limited,Halifax,B3J1Y6,10000.00,1,44.64084,-63.570763,1,1
1661,2020-2021,2020,Business Services,Lunenburg,1,DAP,East River Marine Limited,Hubbards,B0J1T0,5000.00,1,44.643217,-64.05186,1,1
1662,2020-2021,2020,ICT (includes Digital Media),Halifax,1,DAP,Eastwood Design,Sambro,B3V1N9,2622.00,1,44.529731,-63.645201,1,1
1663,2020-2021,2020,Engineering & Professional,Halifax,1,DAP,EcoPilot Canada Inc.,Halifax,B3J3L7,5250.00,1,44.649083,-63.575048,1,1
1664,2020-2021,2020,Business Services,Halifax,1,DAP,Eddie LeMoine Consulting Inc.,Halifax,B3M0L8,5180.00,1,44.698245,-63.6779503,1,1
1665,2020-2021,2020,ICT (includes Digital Media),Halifax,1,DAP,Edge Energy Management & Consulting Inc.,Stillwater Lake,B3Z1G4,9100.00,1,44.69927531,-63.8421206,1,1
1666,2020-2021,2020,ICT (includes Digital Media),Halifax,1,PIVP,Efficiency Properties Inc,Halifax,B3K3P2,25000.00,1,44.668481,-63.605039,1,1
1667,2020-2021,2020,Advanced Manufacturing,Halifax,1,DAP,Elegant Flooring Ltd,Halifax,B3M2K3,7640.00,1,44.675858,-63.648061,1,1
1668,2020-2021,2020,ICT (includes Digital Media),Halifax,1,DAP,Eli Technology Inc.,Halifax,B3M2L4,10000.00,1,44.683403,-63.660986,1,1
1669,2020-2021,2020,ICT (includes Digital Media),Halifax,1,BDP,En Point Inc.,Enfield,B2T1J9,7500.00,1,44.951024,-63.530857,1,1
1670,2020-2021,2020,ICT (includes Digital Media),Halifax,1,DAP,En Point Inc.,Enfield,B2T1J9,8484.00,1,44.951024,-63.530857,1,1
1671,2020-2021,2020,Business Services,Halifax,1,DAP,ENERGY FOR TRANSFORMATION,Halifax,B3K3Y5,3750.00,1,44.663586,-63.602844,1,1
1672,2020-2021,2020,Engineering & Professional,Halifax,1,BDP,Enginuity Inc.,Halifax,B3P1M1,15000.00,1,44.619123,-63.615546,1,1
1673,2020-2021,2020,Energy,Halifax,1,BDP,Eosense Inc.,Dartmouth,B3B1S1,13050.00,1,44.699441,-63.595036,1,1
1674,2020-2021,2020,Business Services,Halifax,1,DAP,Erin Trafford Incorporated,Eastern Passage,B3G1E9,6750.00,1,44.60787,-63.483674,1,1
1675,2020-2021,2020,Clothing & Textiles,Cape Breton,1,DAP,Escape Outdoors Limited,North Sydney,B2A1B9,2505.00,1,46.20882416,-60.24897904,1,1
1676,2020-2021,2020,Business Services,Cape Breton,1,DAP,Ethical Swag Inc.,Sydney,B1P6A7,7000.00,1,46.14261906,-60.19648282,1,1
1677,2020-2021,2020,Other,Halifax,1,DAP,Exhibits + Displays and Graphics,Fall River,B2T1M9,9000.00,1,44.83018248,-63.62166783,1,1
1678,2020-2021,2020,ICT (includes Digital Media),Halifax,1,BDP,Eyeread Inc.,Lakeside,B3T1M6,13335.00,1,44.638225,-63.715254,1,1
1679,2020-2021,2020,Clothing & Textiles,Halifax,1,BDP,Faire Child Makewear Limited,Dartmouth,B2Y4V9,5600.00,1,44.657211,-63.540249,1,1
1680,2020-2021,2020,Clothing & Textiles,Halifax,1,DAP,Faire Child Makewear Limited,Dartmouth,B2Y4V9,4000.00,1,44.657211,-63.540249,1,1
1681,2020-2021,2020,Fish & Seafood Processing,Halifax,1,BDP,Fathom Fish & Seafood Inc,Halifax,B3S1N2,13500.00,1,44.656068,-63.669584,1,1
1682,2020-2021,2020,Fish & Seafood Processing,Halifax,1,DAP,Fathom Fish & Seafood Inc,Halifax,B3S1N2,10000.00,1,44.656068,-63.669584,1,1
1683,2020-2021,2020,Other,Kings,1,DAP,Fireworks FX Inc.,Grand Pre,B0P1M0,9000.00,1,45.095031,-64.285653,1,1
1684,2020-2021,2020,Business Services,Halifax,1,BDP,Fit First Technologies International Inc,Dartmouth,B3B0A1,22500.00,1,44.7109275,-63.5843455,1,1
1685,2020-2021,2020,Business Services,Halifax,1,DAP,Fit First Technologies International Inc,Dartmouth,B3B0A1,9250.00,1,44.7109275,-63.5843455,1,1
1686,2020-2021,2020,Agri-food,Cape Breton,1,DAP,Flavors Catering & Fine Foods LTD.,Sydney,B1P5X3,20000.00,1,46.211724,-60.016684,1,1
1687,2020-2021,2020,ICT (includes Digital Media),Pictou,1,DAP,Fleet Harmony Inc.,Trenton,B0K1X0,10000.00,1,45.620417,-62.684167,1,1
1688,2020-2021,2020,Business Services,Cape Breton,1,DAP,Flourish Management Consulting Inc.,Sydney Mines,B1V1A1,7250.00,1,46.217336,-60.235399,1,1
1689,2020-2021,2020,ICT (includes Digital Media),Antigonish,1,DAP,Food For Thought Software Solutions Limited,Antigonish,B2G1X7,10000.00,1,45.62251,-61.991452,1,1
1690,2020-2021,2020,Business Services,Halifax,1,DAP,Formula Consulting Inc.,Halifax,B3J0A1,10000.00,1,44.645158,-63.570947,1,1
1691,2020-2021,2020,Other,Halifax,1,DAP,FREE RANGE THERAPY,Halifax,B3L2V6,2500.00,1,44.651761,-63.606373,1,1
1692,2020-2021,2020,Agri-food,Halifax,1,BDP,Fundy Drinks Ltd.,Halifax,B3J3J8,15000.00,1,44.65095794,-63.57894264,1,1
1693,2020-2021,2020,Business Services,Halifax,1,DAP,FUTURE ACCOUNTING,Dartmouth,B3A4S5,10000.00,1,44.66838591,-63.5747546,1,1
1694,2020-2021,2020,Agri-food,Inverness,1,DAP,Galloping Cows Fine Foods,Port Hood,B0E2W0,5000.00,1,45.716593,-60.863531,1,1
1695,2020-2021,2020,Agri-food,Inverness,1,PIVP,Galloping Cows Fine Foods,Port Hood,B0E2W0,15000.00,1,45.716593,-60.863531,1,1
1696,2020-2021,2020,Business Services,Lunenburg,1,DAP,Gameplan Success Consultants,Bridgewater,B4V2L2,7290.00,1,44.373469,-64.529071,1,1
1697,2020-2021,2020,Other,Kings,1,DAP,Gametronics Inc.,New Minas,B4N5A4,9950.00,1,45.06889,-64.4568,1,1
1698,2020-2021,2020,Business Services,Halifax,1,BDP,Gateway Business Brokers,Middle Sackville,B4E0M8,6500.00,1,44.7768859,-63.7447561,1,1
1699,2020-2021,2020,Finance & Insurance,Colchester,1,BDP,Genrus Buying Group Inc.,Truro,B2N2S7,15000.00,1,45.37686481,-63.2550718,1,1
1700,2020-2021,2020,Finance & Insurance,Colchester,1,DAP,Genrus Buying Group Inc.,Truro,B2N2S7,10000.00,1,45.37686481,-63.2550718,1,1
1701,2020-2021,2020,ICT (includes Digital Media),Halifax,1,BDP,GeoNavo Positioning Systems Inc (Tenera),Hammonds Plains,B4B2B8,15000.00,1,44.734087,-63.800164,1,1
1702,2020-2021,2020,ICT (includes Digital Media),Halifax,1,DAP,GeoNavo Positioning Systems Inc (Tenera),Hammonds Plains,B4B2B8,10000.00,1,44.734087,-63.800164,1,1
1703,2020-2021,2020,Oceans Technology,Halifax,1,DAP,GeoSpectrum Technologies Incorporated,Dartmouth,B3B1J4,10000.00,1,44.704132,-63.611144,1,1
1704,2020-2021,2020,Agri-food,Halifax,1,DAP,Getaway Butchers Inc.,Bedford,B4A1E3,10000.00,1,44.732846,-63.656159,1,1
1705,2020-2021,2020,Life Sciences,Halifax,1,BDP,Gibli Innovations Inc (Gibli Tech Incorporated),Halifax,B3J3K5,15000.00,1,44.644489,-63.572554,1,1
1706,2020-2021,2020,Fish & Seafood Processing,Digby,1,DAP,Gidney Fisheries Limited,Digby,B0V1A0,5500.00,1,44.536344,-65.84642,1,1
1707,2020-2021,2020,Agri-food,Lunenburg,1,PIVP,Golden Quail Eco Farm Inc.,Pine Grove,B4V7Z4,15000.00,1,44.402426,-64.5296337,1,1
1708,2020-2021,2020,Business Services,Halifax,1,DAP,Goodi Marketing Consulting Inc.,Halifax,B3J3T3,10000.00,1,44.64215056,-63.57852866,1,1
1709,2020-2021,2020,Business Services,Halifax,1,DAP,Gorveatte Consulting Inc.,Dartmouth,B2X3P9,1974.00,1,44.703889,-63.537112,1,1
1710,2020-2021,2020,Advanced Manufacturing,Halifax,1,BDP,Graphite Innovation and Technologies Inc,Dartmouth,B2Y4M9,7340.00,1,44.660305,-63.542698,1,1
1711,2020-2021,2020,Advanced Manufacturing,Halifax,1,PIVP,Graphite Innovation and Technologies Inc,Dartmouth,B2Y4M9,15000.00,1,44.660305,-63.542698,1,1
1712,2020-2021,2020,ICT (includes Digital Media),Halifax,1,DAP,Great Women Productions,Halifax,B3H1H8,10000.00,1,44.630115,-63.584506,1,1
1713,2020-2021,2020,Energy,Halifax,1,BDP,Green Power Labs Inc,Dartmouth,B2Y4M9,14600.00,1,44.660305,-63.542698,1,1
1714,2020-2021,2020,ICT (includes Digital Media),Halifax,1,DAP,Greenii Inc.,Halifax,B3M3M9,10000.00,1,44.658883,-63.654124,1,1
1715,2020-2021,2020,ICT (includes Digital Media),Halifax,1,PIVP,Greenlight Analytical Inc.,Dartmouth,B2W6C4,25000.00,1,44.664269,-63.568142,1,1
1716,2020-2021,2020,Engineering & Professional,Halifax,1,BDP,GRF Structural Engineering Ltd,Bedford,B4A3N2,14000.00,1,44.729747,-63.675884,1,1
1717,2020-2021,2020,Agri-food,Halifax,1,BDP,H.R.D.A. Enterprises Limited,Halifax,B3L2C2,7500.00,1,44.653612,-63.627898,1,1
1718,2020-2021,2020,ICT (includes Digital Media),Halifax,1,DAP,Habit Forming Technologies Inc.,Halifax,B3P2A2,10000.00,1,44.628521,-63.611521,1,1
1719,2020-2021,2020,Business Services,Halifax,1,DAP,Halifax Learning,Halifax,B3L2V9,5500.00,1,44.65246,-63.6072745,1,1
1720,2020-2021,2020,Agri-food,Halifax,1,DAP,HaskaPower Inc.,Bedford,B4A1E5,10000.00,1,44.731123,-63.66024,1,1
1721,2020-2021,2020,Other,Halifax,1,DAP,Haystacks Media Productions Limited,Lakeside,B3T1M3,10000.00,1,44.64154559,-63.68597333,1,1
1722,2020-2021,2020,Business Services,Halifax,1,DAP,Healing Tree Communications,Lower Sackville,B4E1S6,3246.00,1,44.77469161,-63.70194699,1,1
1723,2020-2021,2020,Agri-food,Hants,1,PIVP,Heritage Memorials Limited,Windsor,B0N2T0,25000.00,1,44.819594,-64.318054,1,1
1724,2020-2021,2020,Creative Industries,Colchester,1,DAP,HESTABAND THERAPEUTICS,Kemptown,B6L2J6,9750.00,1,45.4704958,-63.0746312,1,1
1725,2020-2021,2020,Life Sciences,Halifax,1,DAP,High Flyer Consulting Limited,Halifax,B3L2E3,10000.00,1,44.648478,-63.616087,1,1
1726,2020-2021,2020,Agri-food,Halifax,1,DAP,Hivetronics Limited,Dartmouth,B2W4Z3,1625.00,1,44.686741,-63.503976,1,1
1727,2020-2021,2020,Business Services,Cumberland,1,DAP,Holmes and Maltby Cleaners Amherst Limitedt,Amherst,B4H2X2,4500.00,1,45.813436,-64.209092,1,1
1728,2020-2021,2020,ICT (includes Digital Media),Halifax,1,PRB,HuMetis Technologies Inc.,Bedford,B4A 1E6,1864200.00,1,44.7321792,-63.659841,1,1
1729,2020-2021,2020,Engineering & Professional,Halifax,1,DAP,Imaginal Ventures Inc.,Halifax,B3N1E4,10000.00,1,44.637041,-63.621405,1,1
1730,2020-2021,2020,Life Sciences,Halifax,1,PIVP,Innovative Massage Solutions,Halifax,B3H2P1,15000.00,1,44.645623,-63.593612,1,1
1731,2020-2021,2020,Transportation & Logistics,Halifax,1,DAP,International Pre-Owned Barcode Ltd.,Halifax,B3S0B9,10000.00,1,44.658753,-63.6851302,1,1
1732,2020-2021,2020,ICT (includes Digital Media),Halifax,1,PRB,InterTalk Critical Information Systems Inc.,Dartmouth,B3B 0J5,646550.00,1,44.7201044,-63.5613839,1,1
1733,2020-2021,2020,Film Production,Halifax,1,EGP,Interwoven Films Inc.,Halifax,B3L3E4,68.00,1,44.645401,-63.610285,1,1
1734,2020-2021,2020,Business Services,Halifax,1,DAP,InTouch Communications Inc.,Halifax,B3S1P9,6170.00,1,44.67182,-63.676146,1,1
1735,2020-2021,2020,Agri-food,Lunenburg,1,DAP,Ironworks Distillery Inc.,Bridgewater,B0J2C0,4795.00,1,44.37635,-64.309889,1,1
1736,2020-2021,2020,Agri-food,Halifax,1,DAP,Java Blend Coffee Limited,Halifax,B3K1N9,7250.00,1,44.65467,-63.594836,1,1
1737,2020-2021,2020,Fish & Seafood Processing,Cape Breton,1,DAP,JK Marine Services Limited,Sydney,B1S1A2,10000.00,1,46.06175,-60.301547,1,1
1738,2020-2021,2020,ICT (includes Digital Media),Halifax,1,PRB,Jonas Software Solutions Inc.,Halifax,B3J 032,970200.00,1,44.6486525,-63.5739612,1,1
1739,2020-2021,2020,Agri-food,Halifax,1,BDP,JusNova Agriculture Ltd.,Halifax,B3S0H9,30000.00,1,44.6409963,-63.677213,1,1
1740,2020-2021,2020,Agri-food,Halifax,1,EGP,JusNova Agriculture Ltd.,Halifax,B3S0H9,14300.00,1,44.6409963,-63.677213,1,1
1741,2020-2021,2020,Agri-food,Halifax,1,DAP,JusNova Agriculture Ltd.,Halifax,B3S0H9,10000.00,1,44.6409963,-63.677213,1,1
1742,2020-2021,2020,Agri-food,Kings,1,BDP,Just Us! Coffee Roasters Co-op Ltd.,Wolfville,B4P2R3,9740.00,1,45.068884,-64.348807,1,1
1743,2020-2021,2020,Business Services,Halifax,1,DAP,KA SOCIAL MEDIA CONSULTING,East Preston,B2Z1E9,2925.00,1,44.704539,-63.444416,1,1
1744,2020-2021,2020,ICT (includes Digital Media),Halifax,1,DAP,Kangaroo,Halifax,B3J1M5,10000.00,1,44.64854614,-63.57307997,1,1
1745,2020-2021,2020,ICT (includes Digital Media),Halifax,1,BDP,Kinduct Technologies Inc.,Halifax,B3J3R7,30000.00,1,44.65208895,-63.57614729,1,1
1746,2020-2021,2020,ICT (includes Digital Media),Halifax,1,DAP,Krava Inc.,Halifax,B3M1P5,10000.00,1,44.669701,-63.64097,1,1
1747,2020-2021,2020,Advanced Manufacturing,Halifax,1,DAP,Laughing Panda Hobbies and Toys,Upper Tantallon,B3Z1H6,1509.00,1,44.678462,-63.991062,1,1
1748,2020-2021,2020,Business Services,Cape Breton,1,DAP,LEARNABILITY CAPE BRETON,Sydney,B1S1C7,5162.00,1,46.111287,-60.219852,1,1
1749,2020-2021,2020,ICT (includes Digital Media),Cape Breton,1,DAP,LearnCorp International,Sydney,B1P6L2,10000.00,1,46.14367,-60.19332,1,1
1750,2020-2021,2020,Advanced Manufacturing,Digby,1,BDP,Lewis Mouldings & Wood Specialties Limited,Weymouth,B0W3T0,15000.00,1,44.338324,-65.875315,1,1
1751,2020-2021,2020,ICT (includes Digital Media),Halifax,1,DAP,LifeRaft Inc.,Halifax,B3S1B3,4273.00,1,44.637971,-63.663711,1,1
1752,2020-2021,2020,Transportation & Logistics,Halifax,1,DAP,Lighthouse Transportation Inc.,Lakeside,B3T1M4,10000.00,1,44.64270673,-63.68750228,1,1
1753,2020-2021,2020,Advanced Manufacturing,Queens,1,DAP,Lloyoll Custom Building Limited,Brooklyn,B0J1H0,10000.00,1,44.055473,-64.710851,1,1
1754,2020-2021,2020,Fish & Seafood Processing,Digby,1,DAP,Lobster Hub Inc.,Meteghan Centre,B0W2K0,9500.00,1,44.142532,-66.131239,1,1
1755,2020-2021,2020,Advanced Manufacturing,Lunenburg,1,DAP,Lobster Made Easy Inc.,Mahone Bay,B0J2E0,7250.00,1,44.308292,-64.307402,1,1
1756,2020-2021,2020,Business Services,Halifax,1,EGP,LOUIS BUHRMANN ACCOUNTING SERVICES,Bedford,B4B0J4,300.00,1,44.7206555,-63.7077187,1,1
1757,2020-2021,2020,Business Services,Halifax,1,DAP,LOUIS BUHRMANN ACCOUNTING SERVICES,Bedford,B4B0J4,2500.00,1,44.7206555,-63.7077187,1,1
1758,2020-2021,2020,Business Services,Yarmouth,1,DAP,Lower East Product Distributors Inc.,South Ohio,B5A5J3,2400.00,1,43.8857866,-66.0632137,1,1
1759,2020-2021,2020,Other,Halifax,1,EGP,LT BestForHome Inc.,Dartmouth,B2Y4C3,1233.00,1,44.675291,-63.548054,1,1
1760,2020-2021,2020,Other,Halifax,1,DAP,LT BestForHome Inc.,Dartmouth,B2Y4C3,6500.00,1,44.675291,-63.548054,1,1
1761,2020-2021,2020,Finance & Insurance,Halifax,1,DAP,LT CPA Inc.,Halifax,B3H0B8,8750.00,1,44.646174,-63.595542,1,1
1762,2020-2021,2020,Fish & Seafood Processing,Cape Breton,1,PIVP,M.V. Osprey Ltd.,North Sydney,B2A3M3,15000.00,1,46.237928,-60.24105,1,1
1763,2020-2021,2020,Advanced Manufacturing,Pictou,1,DAP,MacGregors Industrial Group,New Glasgow,B2H5C7,10000.00,1,45.586891,-62.643478,1,1
1764,2020-2021,2020,Agri-food,Halifax,1,BDP,Made With Local Snack Foods Inc.,Dartmouth,B2Y1H1,30000.00,1,44.664389,-63.568006,1,1
1765,2020-2021,2020,Agri-food,Halifax,1,DAP,Made With Local Snack Foods Inc.,Dartmouth,B2Y1H1,10000.00,1,44.664389,-63.568006,1,1
1766,2020-2021,2020,Other,Halifax,1,DAP,MAMBEC (Martial Art Mind Body Education Center) Inc.,Dartmouth,B2W6C6,1561.00,1,44.6815991,-63.49128433,1,1
1767,2020-2021,2020,Advanced Manufacturing,Halifax,1,DAP,Maritime Composite Imports,Halifax,B3S0C5,10000.00,1,44.6622557,-63.635224,1,1
1768,2020-2021,2020,ICT (includes Digital Media),Halifax,1,DAP,Maritime Digital Art and Design Ltd.,Dartmouth,B2W2S7,10000.00,1,44.6731965,-63.5301455,1,1
1769,2020-2021,2020,Agri-food,Colchester,1,DAP,Maritime Gourmet Mushrooms Inc.,Great Village,B0M1L0,10000.00,1,45.369405,-63.662186,1,1
1770,2020-2021,2020,Business Services,Halifax,1,DAP,Maritimes Immigration Consulting Inc.,Bedford,B4A3N4,2500.00,1,44.731661,-63.675211,1,1
1771,2020-2021,2020,Business Services,Halifax,1,DAP,Market Pursuits Business Development Incorporated,Hammonds Plains,B4B1M2,4245.00,1,44.69567657,-63.75765119,1,1
1772,2020-2021,2020,Life Sciences,Halifax,1,DAP,Master's Dental Lab Limited,Halifax,B3M2K6,10000.00,1,44.677652,-63.649537,1,1
1773,2020-2021,2020,Engineering & Professional,Halifax,1,DAP,MAYNARD REECE,Halifax,B3N1N7,10000.00,1,44.639604,-63.626019,1,1
1774,2020-2021,2020,ICT (includes Digital Media),Halifax,1,DAP,Meghan Martin Incorporated,Dartmouth,B3A2L3,2940.00,1,44.674896,-63.563871,1,1
1775,2020-2021,2020,Mining & Mineral Products,Halifax,1,EGP,Mercator Geological Services Limited,Dartmouth,B2Y1G4,1566.00,1,44.666973,-63.566451,1,1
1776,2020-2021,2020,ICT (includes Digital Media),Halifax,1,BDP,Meridian DLT,Lower Sackville,B4C4E7,15000.00,1,44.765076,-63.650658,1,1
1777,2020-2021,2020,Advanced Manufacturing,Halifax,1,DAP,Metamaterial Technologies Inc.,Dartmouth,B2Y4M9,8850.00,1,44.660305,-63.542698,1,1
1778,2020-2021,2020,Clothing & Textiles,Kings,1,DAP,Mike's Clothing Limited,Kentville,B4N1H7,5004.00,1,45.078062,-64.498624,1,1
1779,2020-2021,2020,ICT (includes Digital Media),Halifax,1,BDP,Milk Moovement,Halifax,B3J3K5,4750.00,1,44.644489,-63.572554,1,1
1780,2020-2021,2020,ICT (includes Digital Media),Halifax,1,DAP,Milk Moovement,Halifax,B3J3K5,10000.00,1,44.644489,-63.572554,1,1
1781,2020-2021,2020,Other,Halifax,1,DAP,Mill Supply,Dartmouth,B3B1Z1,9475.00,1,44.709741,-63.584818,1,1
1782,2020-2021,2020,Business Services,Lunenburg,1,PRB,"Millennium Process Group, Inc. - Bridgewater",Bridgewater,B4V 2G9,739200.00,1,44.3706157,-64.5235097,1,1
1783,2020-2021,2020,Business Services,Yarmouth,1,PRB,"Millennium Process Group, Inc. - Yarmouth",Yarmouth,B5A 4A8,3780000.00,1,43.8775405,-66.0809937,1,1
1784,2020-2021,2020,ICT (includes Digital Media),Halifax,1,DAP,Modest Tree Media Inc.,Halifax,B3K2R6,3500.00,1,44.665253,-63.613967,1,1
1785,2020-2021,2020,Business Services,Halifax,1,DAP,More In Store Marketing Solutions Inc.,Fall River,B2T1J6,9563.00,1,44.805489,-63.599837,1,1
1786,2020-2021,2020,Life Sciences,Halifax,1,BDP,Motryx Inc.,Halifax,B3J3K5,12495.00,1,44.644489,-63.572554,1,1
1787,2020-2021,2020,Life Sciences,Halifax,1,DAP,Motryx Inc.,Halifax,B3J3K5,3865.00,1,44.644489,-63.572554,1,1
1788,2020-2021,2020,Energy,Halifax,1,DAP,MRE Industries Limited,Dartmouth,B3B1N7,1025.00,1,44.716471,-63.601539,1,1
1789,2020-2021,2020,Agri-food,Lunenburg,1,DAP,Muwin Estate Wines Ltd.,New Ross,B0J2M0,10000.00,1,44.706544,-63.916747,1,1
1790,2020-2021,2020,Business Services,Annapolis,1,DAP,MVR Business Solutions,Clementsvale,B0S1G0,4745.00,1,44.58943,-65.589217,1,1
1791,2020-2021,2020,ICT (includes Digital Media),Halifax,1,DAP,Nanuk VR Technologies Incorporated,Halifax,B3N2Z7,5350.00,1,44.642415,-63.629466,1,1
1792,2020-2021,2020,Business Services,Halifax,1,DAP,Narrative Research,Halifax,B3L2C2,10000.00,1,44.653612,-63.627898,1,1
1793,2020-2021,2020,Agri-food,Halifax,1,DAP,Natural Hues Inc.,Bedford,B4A0H4,10000.00,1,44.7010498,-63.6881885,1,1
1794,2020-2021,2020,Other,Lunenburg,1,PIVP,Nature's Pet Natural Pet Care Products,Bridgewater,B4V8W3,15000.00,1,44.383338,-64.5035306,1,1
1795,2020-2021,2020,Aerospace & Defence,Halifax,1,DAP,Nautics Group Inc.,Bedford,B4A2X9,9000.00,1,44.735219,-63.655089,1,1
1796,2020-2021,2020,ICT (includes Digital Media),Halifax,1,DAP,Neontrain Inc.,Halifax,B3H4P4,10000.00,1,44.629756,-63.574075,1,1
1797,2020-2021,2020,Energy,Lunenburg,1,PIVP,Neothermal Energy Storage Inc.,Bridgewater,B4V2M8,15000.00,1,44.375263,-64.530516,1,1
1798,2020-2021,2020,Business Services,Lunenburg,1,DAP,New Voice Languages & Tutoring Inc.,Conquerall Bank,B0R2C0,10000.00,1,44.3689763,-64.5042945,1,1
1799,2020-2021,2020,ICT (includes Digital Media),Halifax,1,DAP,North American I-Gaming Group Limited,Bedford,B4B0T2,7500.00,1,44.7074759,-63.7067378,1,1
1800,2020-2021,2020,Advanced Manufacturing,Lunenburg,1,DAP,Nourished Magnesium Inc.,Bridgewater,B4V2L8,1000.00,1,44.375327,-64.527174,1,1
1801,2020-2021,2020,Agri-food,Halifax,1,DAP,Nova Momoya Sushi and Asian Cuisine Limited,Halifax,B3J3S4,9853.00,1,44.64098924,-63.56939902,1,1
1802,2020-2021,2020,Agri-food,Pictou,1,DAP,Nova Scotia Spirit Company,New Glasgow,B2H2P5,10000.00,1,45.589237,-62.644523,1,1
1803,2020-2021,2020,Other,Halifax,1,DAP,Nova Spinal Care Inc.,Bedford,B4B0P9,10000.00,1,44.7253317,-63.7050066,1,1
1804,2020-2021,2020,Agri-food,Halifax,1,DAP,Novagevity,Halifax,B3H0A8,9600.00,1,44.6397731,-63.5853309,1,1
1805,2020-2021,2020,Agri-food,Halifax,1,PIVP,Novagevity,Halifax,B3H0A8,15000.00,1,44.6397731,-63.5853309,1,1
1806,2020-2021,2020,ICT (includes Digital Media),Halifax,1,BDP,Novalte,Dartmouth,B3A4S5,15000.00,1,44.66838591,-63.5747546,1,1
1807,2020-2021,2020,ICT (includes Digital Media),Halifax,1,DAP,Novalte,Dartmouth,B3A4S5,10000.00,1,44.66838591,-63.5747546,1,1
1808,2020-2021,2020,Advanced Manufacturing,Yarmouth,1,DAP,Novatec Braids Ltd.,Yarmouth,B5A4P8,8300.00,1,43.844169,-66.118866,1,1
1809,2020-2021,2020,Other,Halifax,1,DAP,NRG2 PROPERTY MAINTENANCE,Halifax,B2Z1B1,4500.00,1,44.707257,-63.470835,1,1
1810,2020-2021,2020,Advanced Manufacturing,Hants,1,DAP,Nu-Air Ventilation Systems Inc.,Windsor,B0N2T0,10000.00,1,44.819594,-64.318054,1,1
1811,2020-2021,2020,ICT (includes Digital Media),Halifax,1,BDP,Nxtgen Care,Dartmouth,B2Y4J2,28688.00,1,44.678941,-63.552011,1,1
1812,2020-2021,2020,Advanced Manufacturing,Digby,1,PIVP,Oakleaf Crane & Inspection Services Ltd,Church Point,B0W1M0,15000.00,1,44.110854,-66.164613,1,1
1813,2020-2021,2020,Agri-food,Halifax,1,PIVP,Oberland Agriscience Inc.,Halifax,B3S1C2,15000.00,1,44.627839,-63.668234,1,1
1814,2020-2021,2020,Fish & Seafood Processing,Yarmouth,1,BDP,Ocean Pride Fisheries Ltd.,Lower Wedgeport,B0W2B0,15000.00,1,43.717172,-65.97528,1,1
1815,2020-2021,2020,Fish & Seafood Processing,Yarmouth,1,DAP,Ocean Pride Fisheries Ltd.,Lower Wedgeport,B0W2B0,10000.00,1,43.717172,-65.97528,1,1
1816,2020-2021,2020,Clothing & Textiles,Halifax,1,DAP,ONCE AND AGAIN APPAREL,Annapolis Royal,B0S1A0,1975.00,1,44.74364,-65.51801,1,1
1817,2020-2021,2020,Business Services,Halifax,1,DAP,ORGANIZE ANYTHING.,Halifax,B3K2C3,4875.00,1,44.661877,-63.603283,1,1
1818,2020-2021,2020,Other,Halifax,1,DAP,ORSO Pub & Grill,Halifax,B3J2G8,8250.00,1,44.648691,-63.5778,1,1
1819,2020-2021,2020,Agri-food,Halifax,1,BDP,Outcast Foods Inc.,Dartmouth,B3B1W2,30000.00,1,44.698469,-63.580528,1,1
1820,2020-2021,2020,Agri-food,Halifax,1,IRP,Outcast Foods Inc.,Dartmouth,B3B1W2,500000.00,1,44.698469,-63.580528,1,1
1821,2020-2021,2020,Advanced Manufacturing,Halifax,1,BDP,Outdoor-Fit Exercise Systems,Dartmouth,B3B1S1,14862.00,1,44.699441,-63.595036,1,1
1822,2020-2021,2020,Business Services,Halifax,1,DAP,Outside! Planning & Design Studio,Halifax,B3K4B7,10000.00,1,44.652133,-63.588884,1,1
1823,2020-2021,2020,Business Services,Halifax,1,EGP,Partner International Inc.,Dartmouth,B2Y4T6,3800.00,1,44.661923,-63.544976,1,1
1824,2020-2021,2020,Agri-food,Antigonish,1,BDP,Peace By Chocolate Inc.,Antigonish,B2G2G8,9900.00,1,45.62856001,-61.97936724,1,1
1825,2020-2021,2020,Agri-food,Antigonish,1,DAP,Peace By Chocolate Inc.,Antigonish,B2G2G8,6375.00,1,45.62856001,-61.97936724,1,1
1826,2020-2021,2020,Business Services,Halifax,1,DAP,PeopleCan Training & Development,Lower Sackville,B4E1K2,4784.00,1,44.79563956,-63.69072665,1,1
1827,2020-2021,2020,Life Sciences,Halifax,1,PIVP,Photodynamic Incorporated,Halifax,B3H0A8,15000.00,1,44.6397731,-63.5853309,1,1
1828,2020-2021,2020,ICT (includes Digital Media),Halifax,1,DAP,Pique Innovations Inc.,Musquodoboit Harbour,B0J2L0,2706.00,1,44.787808,-63.148726,1,1
1829,2020-2021,2020,Business Services,Halifax,1,DAP,Pivotal Coaching Inc.,Halifax,B3K0G7,3000.00,1,44.6621893,-63.5998088,1,1
1830,2020-2021,2020,ICT (includes Digital Media),Halifax,1,DAP,PLAYGROUND CREATIVE AGENCY,Hacketts Cove,B3Z3K3,9649.00,1,44.662295,-63.749341,1,1
1831,2020-2021,2020,Other,Hants,1,DAP,PNL Furniture Ltd.,Upper Kennetcook,B0N2L0,5000.00,1,45.170635,-63.6224,1,1
1832,2020-2021,2020,Business Services,Halifax,1,DAP,Pono Consultants International Inc.,Dartmouth,B2X2C6,2400.00,1,44.698177,-63.547651,1,1
1833,2020-2021,2020,Business Services,Halifax,1,DAP,Power HR Inc.,Halifax,B3M4R2,5000.00,1,44.677845,-63.660556,1,1
1834,2020-2021,2020,Business Services,Halifax,1,EGP,Power HR Inc.,Halifax,B3M4R2,1475.00,1,44.677845,-63.660556,1,1
1835,2020-2021,2020,ICT (includes Digital Media),Halifax,1,DAP,POWR MEDIA,Halifax,B3J1S7,8985.00,1,44.65254,-63.577008,1,1
1836,2020-2021,2020,Other,Halifax,1,DAP,Premiere Entertainment Group Limited,Halifax,B3H1J3,8000.00,1,44.629877,-63.588656,1,1
1837,2020-2021,2020,Business Services,Halifax,1,DAP,Priority Learning & Development Incorporated,Halifax,B3M4G9,9000.00,1,44.674095,-63.670101,1,1
1838,2020-2021,2020,Advanced Manufacturing,Halifax,1,EGP,Prism Tradeshow Products Inc.,Dartmouth,B2Y4M9,498.00,1,44.660305,-63.542698,1,1
1839,2020-2021,2020,Other,Halifax,1,DAP,Process & Controls Industrial (N.S.) Limited,Halifax,B3S1C4,10000.00,1,44.639805,-63.667164,1,1
1840,2020-2021,2020,ICT (includes Digital Media),Halifax,1,DAP,Proposify Inc.,Halifax,B3J1W5,10000.00,1,44.649569,-63.573798,1,1
1841,2020-2021,2020,CleanTech,Halifax,1,PIVP,Pure Carbon Capture,Prospect,B3T2K3,25000.00,1,44.562671,-63.731131,1,1
1842,2020-2021,2020,ICT (includes Digital Media),Halifax,1,PIVP,Quantum Link Inc.,Halifax,B3J3K5,15000.00,1,44.644489,-63.572554,1,1
1843,2020-2021,2020,Other,Halifax,1,DAP,Queensberry Rules Boxing Studio Inc.,Dartmouth,B2Y2N4,6750.00,1,44.667359,-63.573884,1,1
1844,2020-2021,2020,CleanTech,Halifax,1,PIVP,Rayleigh Solar Tech Inc,Halifax,B3K2P5,25000.00,1,44.669459,-63.607042,1,1
1845,2020-2021,2020,ICT (includes Digital Media),Kings,1,PRB,Real World Retail Limited,Kentville,D12ET20,702000.00,1,53.312241,-6.3498587,1,0
1846,2020-2021,2020,Business Services,Halifax,1,BDP,RedRiot Communications Incorporated,Halifax,B3N2E5,4000.00,1,44.651322,-63.635283,1,1
1847,2020-2021,2020,Business Services,Halifax,1,DAP,RedRiot Communications Incorporated,Halifax,B3N2E5,8250.00,1,44.651322,-63.635283,1,1
1848,2020-2021,2020,Oceans Technology,Halifax,1,BDP,ReelData,Halifax,B3N1J3,15000.00,1,44.640779,-63.623975,1,1
1849,2020-2021,2020,Oceans Technology,Halifax,1,DAP,ReelData,Halifax,B3N1J3,7500.00,1,44.640779,-63.623975,1,1
1850,2020-2021,2020,Business Services,Hants,1,PIVP,Reshaping Our World Inc.,Ellershouse,B0N1L0,15000.00,1,44.945888,-63.95347,1,1
1851,2020-2021,2020,Business Services,Halifax,1,DAP,Revolve,Bedford,B4A4J4,10000.00,1,44.719322,-63.671757,1,1
1852,2020-2021,2020,Fish & Seafood Processing,Halifax,1,BDP,Right Source Group Limited,Dartmouth,B3B1N4,30000.00,1,44.713636,-63.601486,1,1
1853,2020-2021,2020,Fish & Seafood Processing,Halifax,1,DAP,Right Source Group Limited,Dartmouth,B3B1N4,10000.00,1,44.713636,-63.601486,1,1
1854,2020-2021,2020,Fish & Seafood Processing,Halifax,1,EGP,Right Source Group Limited,Dartmouth,B3B1N4,14920.00,1,44.713636,-63.601486,1,1
1855,2020-2021,2020,ICT (includes Digital Media),Halifax,1,BDP,Rimot.IO Inc.,Dartmouth,B2Y4M9,15000.00,1,44.660305,-63.542698,1,1
1856,2020-2021,2020,ICT (includes Digital Media),Halifax,1,DAP,Rimot.IO Inc.,Dartmouth,B2Y4M9,10000.00,1,44.660305,-63.542698,1,1
1857,2020-2021,2020,Life Sciences,Halifax,1,BDP,Ring Rescue Incorporated,Dartmouth,B2Y4W6,15000.00,1,44.6562,-63.539046,1,1
1858,2020-2021,2020,Life Sciences,Halifax,1,DAP,Ring Rescue Incorporated,Dartmouth,B2Y4W6,8067.00,1,44.6562,-63.539046,1,1
1859,2020-2021,2020,Life Sciences,Halifax,1,EGP,Ring Rescue Incorporated,Dartmouth,B2Y4W6,4311.00,1,44.6562,-63.539046,1,1
1860,2020-2021,2020,Other,Halifax,1,DAP,Rock in Opposition Studio Inc.,Halifax,B3N2H3,6250.00,1,44.65416,-63.633285,1,1
1861,2020-2021,2020,Fish & Seafood Processing,Digby,1,DAP,Rocky Coast Seafood Ltd.,Saulnierville,B0W2Z0,5000.00,1,43.730094,-65.974666,1,1
1862,2020-2021,2020,Forest Products,Lunenburg,1,PIVP,ROCKY TOP FARM,New Ross,B0J2M0,15000.00,1,44.706544,-63.916747,1,1
1863,2020-2021,2020,Oceans Technology,Hants,1,DAP,Romor Ocean Solutions,Mount Uniacke,B0N1Z0,9825.00,1,45.034086,-63.870954,1,1
1864,2020-2021,2020,Business Services,Halifax,1,DAP,RON HUNTLEY LEADERSHIP COACHING,Stillwater Lake,B3Z1G3,9928.00,1,44.698879,-63.842755,1,1
1865,2020-2021,2020,Business Services,Halifax,1,DAP,Root and Branch Workplace Conflict Resolutions Inc.,Dartmouth,B2X1G5,3850.00,1,44.687019,-63.537317,1,1
1866,2020-2021,2020,Agri-food,Inverness,1,DAP,Route 19 Brewing Inc.,Inverness,B0E1N0,6000.00,1,46.207819,-61.185472,1,1
1867,2020-2021,2020,Advanced Manufacturing,Lunenburg,1,DAP,RPS Composites Inc.,Mahone Bay,B0J2E0,10000.00,1,44.308292,-64.307402,1,1
1868,2020-2021,2020,Advanced Manufacturing,Halifax,1,BDP,Rx Security Inc.,Bedford,B4A2T3,15000.00,1,44.737949,-63.646705,1,1
1869,2020-2021,2020,Business Services,Cape Breton,1,BDP,Safety Check Inspections Limited,Sydney,B1P0B9,13500.00,1,46.1459284,-60.18746,1,1
1870,2020-2021,2020,Travel & Accommodation,Victoria,1,EGP,Sailing CBI Inc.,Baddeck,B0E1B0,460.00,1,46.234036,-61.299174,1,1
1871,2020-2021,2020,ICT (includes Digital Media),Lunenburg,1,DAP,Sandbox Platform,Mahone Bay,B0J2E0,4100.00,1,44.308292,-64.307402,1,1
1872,2020-2021,2020,Business Services,Halifax,1,BDP,SANDLER CONSULTANCY,Halifax,B3K4T9,3020.00,1,44.650817,-63.593521,1,1
1873,2020-2021,2020,ICT (includes Digital Media),Inverness,1,DAP,Sara Rankin Creative Co,Mabou,B0E1X0,6146.00,1,46.060943,-61.2045,1,1
1874,2020-2021,2020,Other,Halifax,1,DAP,Sawlutions Inc.,Dartmouth,B3B1Z1,5875.00,1,44.709741,-63.584818,1,1
1875,2020-2021,2020,Agri-food,Lunenburg,1,BDP,Schoolhouse Gluten Free Gourmet Ltd.,Mahone Bay,B0J2E0,7500.00,1,44.308292,-64.307402,1,1
1876,2020-2021,2020,Fish & Seafood Processing,Yarmouth,1,PIVP,Scotia Garden Seafoods Inc,Yarmouth,B5A4B1,15000.00,1,43.816747,-66.121483,1,1
1877,2020-2021,2020,Agri-food,Kings,1,DAP,Scotian Gold Co-operative Limited,Coldbrook,B4R1A6,9880.00,1,45.0650474,-64.5855291,1,1
1878,2020-2021,2020,Agri-food,Kings,1,IRP,Scotian Gold Co-operative Limited,Coldbrook,B4R1A6,404499.00,1,45.0650474,-64.5855291,1,1
1879,2020-2021,2020,Agri-food,Halifax,1,PIVP,SeaChange Biochemistry Inc.,Halifax,B3M4R2,25000.00,1,44.677845,-63.660556,1,1
1880,2020-2021,2020,Agri-food,Halifax,1,DAP,SeaLife SeaPlants Ltd.,Lower Sackville,B4C1P2,10000.00,1,44.76760732,-63.67448496,1,1
1881,2020-2021,2020,ICT (includes Digital Media),Lunenburg,1,PIVP,SeaSmart Technologies Inc.,Mahone Bay,B0J2E0,25000.00,1,44.308292,-64.307402,1,1
1882,2020-2021,2020,ICT (includes Digital Media),Cape Breton,1,BDP,Securicy Data Solutions Ltd,Sydney,B1R1V2,30000.00,1,46.1143476,-60.2359385,1,1
1883,2020-2021,2020,Oceans Technology,Halifax,1,DAP,Sensor Technology Ltd.,Dartmouth,B2Y4T5,3000.00,1,44.661861,-63.556475,1,1
1884,2020-2021,2020,Oceans Technology,Halifax,1,IRP,Sensor Technology Ltd.,Dartmouth,B2Y4T5,150923.00,1,44.661861,-63.556475,1,1
1885,2020-2021,2020,Other,Lunenburg,1,DAP,Seven Feathers Healing Arts,Mahone Bay,B0J2E0,2344.00,1,44.308292,-64.307402,1,1
1886,2020-2021,2020,Business Services,Halifax,1,DAP,Shape Shift Strategies Inc.,Bedford,B4A1J8,7600.00,1,44.71919,-63.684651,1,1
1887,2020-2021,2020,Engineering & Professional,Halifax,1,DAP,ShiftED Academy Inc.,Bayside,B3Z1L4,2400.00,1,44.53513274,-63.7944147,1,1
1888,2020-2021,2020,Other,Annapolis,1,DAP,SHILOH MINOR COACHING,Annapolis Royal,B0S1A0,1070.00,1,44.74364,-65.51801,1,1
1889,2020-2021,2020,Agri-food,Halifax,1,BDP,Shivani's Kitchen,Windsor,B0N2T0,2500.00,1,44.819594,-64.318054,1,1
1890,2020-2021,2020,Agri-food,Halifax,1,DAP,Shivani's Kitchen,Windsor,B0N2T0,5250.00,1,44.819594,-64.318054,1,1
1891,2020-2021,2020,Other,Lunenburg,1,DAP,Shore Club,Hubbards,B0J1T0,9625.00,1,44.643217,-64.05186,1,1
1892,2020-2021,2020,Business Services,Halifax,1,DAP,SHUMBA CONSULTING,Halifax,B3M0M4,2340.00,1,44.6729867,-63.6629789,1,1
1893,2020-2021,2020,ICT (includes Digital Media),Halifax,1,DAP,Side Door Access Inc.,Halifax,B3J3K5,4308.00,1,44.644489,-63.572554,1,1
1894,2020-2021,2020,Life Sciences,Halifax,1,BDP,Signature Supplements,Dartmouth,B3B0M7,30000.00,1,44.6988863,-63.5815873,1,1
1895,2020-2021,2020,ICT (includes Digital Media),Halifax,1,DAP,Silverback Productions Inc.,Halifax,B3K2Z8,10000.00,1,44.651755,-63.581653,1,1
1896,2020-2021,2020,ICT (includes Digital Media),Halifax,1,BDP,SimplyCast Interactive Marketing LTD.,Dartmouth,B2W6L4,15000.00,1,44.670365,-63.532147,1,1
1897,2020-2021,2020,ICT (includes Digital Media),Halifax,1,DAP,SimplyCast Interactive Marketing LTD.,Dartmouth,B2W6L4,10000.00,1,44.670365,-63.532147,1,1
1898,2020-2021,2020,Agri-food,Annapolis,1,DAP,Sissiboo Coffee Roaster Ltd.,Bear River,B0S1B0,1500.00,1,44.554357,-65.610454,1,1
1899,2020-2021,2020,ICT (includes Digital Media),Halifax,1,DAP,Site 2020 Inc.,Dartmouth,B3B1J3,10000.00,1,44.705924,-63.6092805,1,1
1900,2020-2021,2020,ICT (includes Digital Media),Halifax,1,EGP,Site 2020 Inc.,Dartmouth,B3B1J3,14201.00,1,44.705924,-63.6092805,1,1
1901,2020-2021,2020,Advanced Manufacturing,Halifax,1,BDP,Skinfix Inc.,Halifax,B3H1B3,15000.00,1,44.625488,-63.577791,1,1
1902,2020-2021,2020,Business Services,Halifax,1,DAP,SKY'S THE LIMIT EVENTS,Fall River,B2T1W2,3500.00,1,44.801737,-63.605319,1,1
1903,2020-2021,2020,Other,Colchester,1,DAP,SMART CHRISTMAS TREE RESEARCH COOPERATIVE LTD.,Tatamagouche,B0K1V0,10000.00,1,45.608086,-62.634014,1,1
1904,2020-2021,2020,Business Services,Halifax,1,DAP,SMART INCOME,Halifax,B3P2S8,2505.00,1,44.611671,-63.609092,1,1
1905,2020-2021,2020,Agri-food,Halifax,1,DAP,SNAPPY TOMATO BAYERS LAKE LTD.,Halifax,B3S1C9,8250.00,1,44.651141,-63.675971,1,1
1906,2020-2021,2020,Agri-food,Halifax,1,BDP,Sober Island Brewing Company Ltd.,Sheet Harbour,B0J3B0,4500.00,1,44.883146,-62.441121,1,1
1907,2020-2021,2020,Agri-food,Halifax,1,DAP,Sober Island Brewing Company Ltd.,Sheet Harbour,B0J3B0,4000.00,1,44.883146,-62.441121,1,1
1908,2020-2021,2020,ICT (includes Digital Media),Halifax,1,BDP,Social Navigator Inc.,Halifax,B3S1B3,10000.00,1,44.637971,-63.663711,1,1
1909,2020-2021,2020,ICT (includes Digital Media),Halifax,1,PIVP,Social Navigator Inc.,Halifax,B3S1B3,15000.00,1,44.637971,-63.663711,1,1
1910,2020-2021,2020,ICT (includes Digital Media),Halifax,1,PRB,Social Navigator Inc.,Halifax,B3S 1A2,994500.00,1,44.6372955,-63.6738919,1,1
1911,2020-2021,2020,Business Services,Halifax,1,DAP,SOUL TRIBE MASTERCLASS,Halifax,B3K2K6,9971.00,1,44.665971,-63.606251,1,1
1912,2020-2021,2020,Other,Shelburne,1,DAP,SOUND BEINGS WELLNESS CONSULTING,Shelburne,B0T1W0,2602.00,1,43.66134,-65.41816,1,1
1913,2020-2021,2020,Agri-food,Halifax,1,BDP,Sourwood Cider Company Inc.,Halifax,B3K3R9,9950.00,1,44.653363,-63.587056,1,1
1914,2020-2021,2020,Agri-food,Halifax,1,DAP,Sourwood Cider Company Inc.,Halifax,B3K3R9,9610.00,1,44.653363,-63.587056,1,1
1915,2020-2021,2020,Business Services,Antigonish,1,DAP,Spark Engagement Inc.,Antigonish,B2G0C5,10000.00,1,45.6307863,-61.96878,1,1
1916,2020-2021,2020,Advanced Manufacturing,Halifax,1,DAP,Spiri Robotics Inc.,Dartmouth,B2Y4T5,10000.00,1,44.661861,-63.556475,1,1
1917,2020-2021,2020,Energy,Pictou,1,BDP,Stark International Inc.,New Glasgow,B2H2T3,29138.00,1,45.58895964,-62.6438518,1,1
1918,2020-2021,2020,Energy,Pictou,1,DAP,Stark International Inc.,New Glasgow,B2H2T3,9375.00,1,45.58895964,-62.6438518,1,1
1919,2020-2021,2020,Advanced Manufacturing,Lunenburg,1,BDP,STELIA Aerospace North America Inc.,Bridgewater,B0J2C0,14040.00,1,44.37635,-64.309889,1,1
1920,2020-2021,2020,Business Services,Halifax,1,DAP,STEPHANIE LUMMIS UX CONSULTING,Halifax,B3M4G8,4872.00,1,44.668315,-63.66525,1,1
1921,2020-2021,2020,Advanced Manufacturing,Lunenburg,1,DAP,Stevens Solutions & Design Inc.,Mahone Bay,B0J2E0,2750.00,1,44.308292,-64.307402,1,1
1922,2020-2021,2020,Other,Halifax,1,DAP,Stujoy Enterprises Inc.,Halifax,B3L4P1,10000.00,1,44.64651,-63.617539,1,1
1923,2020-2021,2020,Business Services,Halifax,1,BDP,Sturgewood Industries Ltd,Halifax,B3K0G7,5750.00,1,44.6587993,-63.6052278,1,1
1924,2020-2021,2020,Business Services,Halifax,1,BDP,Success Through Trust Inc.,Halifax,B3L2H3,6000.00,1,44.648102,-63.626126,1,1
1925,2020-2021,2020,Business Services,Halifax,1,DAP,Success Through Trust Inc.,Halifax,B3L2H3,4100.00,1,44.648102,-63.626126,1,1
1926,2020-2021,2020,Agri-food,Colchester,1,DAP,Sugar Moon Farm,Tatamagouche,B0K1V0,4750.00,1,45.608086,-62.634014,1,1
1927,2020-2021,2020,Other,Lunenburg,1,DAP,Sunday Silence Coffee Co. Artisan Coffee Roaster & Espresso Inc.,Mahone Bay,B0J2E0,10000.00,1,44.308292,-64.307402,1,1
1928,2020-2021,2020,Advanced Manufacturing,Halifax,1,IRP,SureShot Solutions,Lower Sackville,B4C4H2,349250.00,1,44.75522879,-63.65557277,1,1
1929,2020-2021,2020,Fish & Seafood Processing,Hants,1,BDP,Sustainable Fish Farming Canada Ltd.,Dartmouth,B3B1C5,11482.00,1,44.701538,-63.600063,1,1
1930,2020-2021,2020,Finance & Insurance,Lunenburg,1,BDP,Swain Chartered Professional Accountants Inc.,Bridgewater,B4V2S7,15000.00,1,44.38259759,-64.51750005,1,1
1931,2020-2021,2020,Finance & Insurance,Lunenburg,1,DAP,Swain Chartered Professional Accountants Inc.,Bridgewater,B4V2S7,10000.00,1,44.38259759,-64.51750005,1,1
1932,2020-2021,2020,Agri-food,Colchester,1,DAP,SWEET EARTH FARM,Tatamagouche,B0K1V0,2250.00,1,45.608086,-62.634014,1,1
1933,2020-2021,2020,Agri-food,Hants,1,DAP,SWEETWOOD FARM,Block House,B0J1E0,8750.00,1,44.420909,-64.474461,1,1
1934,2020-2021,2020,ICT (includes Digital Media),Halifax,1,BDP,Swept Technologies Inc.,Halifax,B3H1B2,15000.00,1,44.624316,-63.575502,1,1
1935,2020-2021,2020,Business Services,Halifax,1,DAP,Symplicity Organizational Designs,Bedford,B4A1G1,10000.00,1,44.73461,-63.655361,1,1
1936,2020-2021,2020,Other,Halifax,1,DAP,Synergy Physio Pilates Ltd.,Bedford,B4A3Z4,10000.00,1,44.711115,-63.689293,1,1
1937,2020-2021,2020,Life Sciences,Halifax,1,BDP,Takaya Technology Inc.,Halifax,B3K0B9,15000.00,1,44.6514333,-63.5923843,1,1
1938,2020-2021,2020,Life Sciences,Cape Breton,1,PIVP,Talem Health Analytics Inc,Sydney,B1P1E1,15000.00,1,46.13814776,-60.19471637,1,1
1939,2020-2021,2020,ICT (includes Digital Media),Halifax,1,BDP,Talkatoo Inc.,Halifax,B3J3K5,15000.00,1,44.644489,-63.572554,1,1
1940,2020-2021,2020,ICT (includes Digital Media),Halifax,1,DAP,Talkatoo Inc.,Halifax,B3J3K5,10000.00,1,44.644489,-63.572554,1,1
1941,2020-2021,2020,ICT (includes Digital Media),Halifax,1,EGP,Talkatoo Inc.,Halifax,B3J3K5,6926.00,1,44.644489,-63.572554,1,1
1942,2020-2021,2020,Clothing & Textiles,Annapolis,1,DAP,TALLULAH FREELOVE,Bridgetown,B0S1C0,5500.00,1,44.764216,-65.44272,1,1
1943,2020-2021,2020,ICT (includes Digital Media),Cape Breton,1,DAP,Tapnbe Inc.,Dominion,B1G1W3,5000.00,1,46.20876,-60.023941,1,1
1944,2020-2021,2020,Engineering & Professional,Halifax,1,DAP,Tate Engineering Incorporated,Fall River,B2T0T4,1465.00,1,44.8155077,-63.6163578,1,1
1945,2020-2021,2020,ICT (includes Digital Media),Halifax,1,DAP,Telcovision Group Ltd.,Halifax,B3S1P2,4650.00,1,44.65855259,-63.67048201,1,1
1946,2020-2021,2020,Clothing & Textiles,Lunenburg,1,DAP,THAI STYLE FASHION,Bridgewater,B4V1K6,3000.00,1,44.362957,-64.5129,1,1
1947,2020-2021,2020,Advanced Manufacturing,Halifax,1,BDP,The 7 Virtues Beauty Inc.,Bedford,B4B0R8,30000.00,1,44.7027634,-63.6993116,1,1
1948,2020-2021,2020,Advanced Manufacturing,Halifax,1,DAP,The 7 Virtues Beauty Inc.,Bedford,B4B0R8,10000.00,1,44.7027634,-63.6993116,1,1
1949,2020-2021,2020,Business Services,Halifax,1,DAP,THE 7 VIRTUES COMMUNICATIONS GROUP,Bedford,B4B0R8,10000.00,1,44.7027634,-63.6993116,1,1
1950,2020-2021,2020,Other,Halifax,1,DAP,The Allen Print,Dartmouth,B3B1R8,10000.00,1,44.711032,-63.601274,1,1
1951,2020-2021,2020,Creative Industries,Inverness,1,DAP,THE CURIOUS COLLECTOR,River Denys,B0E2Y0,3250.00,1,45.804503,-61.012528,1,1
1952,2020-2021,2020,Other,Halifax,1,DAP,The Fitness Room,Halifax,B3P2R3,1059.00,1,44.628708,-63.616512,1,1
1953,2020-2021,2020,Business Services,Halifax,1,DAP,THE FRENCH DOCTOR FRENCH LANGUAGE CENTRE,Halifax,B3L1M3,1900.00,1,44.645752,-63.612701,1,1
1954,2020-2021,2020,Other,Cape Breton,1,DAP,The Golden Girl's Private Homecare Services Ltd.,Glace Bay,B1A6L2,5500.00,1,46.19324383,-59.94994247,1,1
1955,2020-2021,2020,Business Services,Halifax,1,DAP,THE PERFORMANCE VIEW BUSINESS SOLUTIONS,Dartmouth,B2Y3M8,2555.00,1,44.665125,-63.556026,1,1
1956,2020-2021,2020,Advanced Manufacturing,Hants,1,IRP,The Shaw Group Limited,Lantz,B2S1M9,265500.00,1,44.98739372,-63.48261499,1,1
1957,2020-2021,2020,Advanced Manufacturing,Guysborough,1,DAP,The Soap Company of Nova Scotia Ltd.,Sherbrooke,B0J3C0,9472.00,1,45.193706,-62.026841,1,1
1958,2020-2021,2020,Agri-food,Halifax,1,BDP,The Spindrift Brewing Company Limited,Dartmouth,B3B1Z4,5000.00,1,44.711855,-63.587502,1,1
1959,2020-2021,2020,Clothing & Textiles,Halifax,1,DAP,The Suitor Clothing Company Limited,Halifax,B3J3R4,10000.00,1,44.642715,-63.578668,1,1
1960,2020-2021,2020,Agri-food,Lunenburg,1,DAP,The Tea Brewery,Mahone Bay,B0J2E0,3665.00,1,44.308292,-64.307402,1,1
1961,2020-2021,2020,ICT (includes Digital Media),Halifax,1,BDP,The Tema Foundation,Halifax,B3H1E3,15000.00,1,44.626684,-63.577982,1,1
1962,2020-2021,2020,ICT (includes Digital Media),Halifax,1,DAP,Tidal League Incorporated,Halifax,B3J0E4,7500.00,1,44.6463114,-63.5740431,1,1
1963,2020-2021,2020,ICT (includes Digital Media),Halifax,1,EGP,Tidal League Incorporated,Halifax,B3J0E4,7000.00,1,44.6463114,-63.5740431,1,1
1964,2020-2021,2020,Advanced Manufacturing,Antigonish,1,BDP,Tightline Anchor Inc.,Antigonish,B2G2S6,8862.00,1,45.627898,-62.003471,1,1
1965,2020-2021,2020,Advanced Manufacturing,Antigonish,1,DAP,Tightline Anchor Inc.,Antigonish,B2G2S6,3050.00,1,45.627898,-62.003471,1,1
1966,2020-2021,2020,Transportation & Logistics,Lunenburg,1,BDP,Titan Maritime Ltd.,Mahone Bay,B0J2E0,9200.00,1,44.308292,-64.307402,1,1
1967,2020-2021,2020,Agri-food,Antigonish,1,BDP,Tony's Meats Ltd.,Antigonish,B2G2L2,2500.00,1,45.654903,-61.944846,1,1
1968,2020-2021,2020,Agri-food,Antigonish,1,DAP,Tony's Meats Ltd.,Antigonish,B2G2L2,6500.00,1,45.654903,-61.944846,1,1
1969,2020-2021,2020,Agri-food,Halifax,1,BDP,Totally Raw Natural Dog Food Inc.,Dartmouth,B3B1Y5,15000.00,1,44.696467,-63.596434,1,1
1970,2020-2021,2020,ICT (includes Digital Media),Halifax,1,DAP,TOWN STUDIO,Halifax,B3J3L8,10000.00,1,44.648999,-63.577962,1,1
1971,2020-2021,2020,Advanced Manufacturing,Halifax,1,DAP,Toy Maker of Lunenburg - WoodChaCallIt Toy and Wood Crafters,Hatchet Lake,B3T1P7,3125.00,1,44.56335,-63.729792,1,1
1972,2020-2021,2020,Business Services,Halifax,1,DAP,TRAINING FIRST CONSULTING,Fall River,B2T1J5,1035.00,1,44.808796,-63.605941,1,1
1973,2020-2021,2020,ICT (includes Digital Media),Halifax,1,BDP,Tranquility Online Inc.,Halifax,B3J3K5,15000.00,1,44.644489,-63.572554,1,1
1974,2020-2021,2020,ICT (includes Digital Media),Halifax,1,DAP,Tranquility Online Inc.,Halifax,B3J3K5,10000.00,1,44.644489,-63.572554,1,1
1975,2020-2021,2020,Advanced Manufacturing,Yarmouth,1,BDP,Tri-Star Industries Limited,Yarmouth,B5A4B4,7500.00,1,43.842674,-66.118319,1,1
1976,2020-2021,2020,ICT (includes Digital Media),Halifax,1,DAP,Trust Communications Inc.,Halifax,B3L2Y8,6250.00,1,44.645781,-63.605235,1,1
1977,2020-2021,2020,Oceans Technology,Halifax,1,BDP,Turbulent Research Inc,Dartmouth,B2Y4T5,13950.00,1,44.661861,-63.556475,1,1
1978,2020-2021,2020,Business Services,Antigonish,1,DAP,TURNING POINT CURLING SCHOOL,Afton Station,B0H1A0,2800.00,1,45.60221,-61.744775,1,1
1979,2020-2021,2020,Business Services,Halifax,1,DAP,Twirp Communications Inc.,Bedford,B4A2Y9,10000.00,1,44.739871,-63.650099,1,1
1980,2020-2021,2020,Clothing & Textiles,Halifax,1,DAP,Umame Inc.,Halifax,B3M2M1,4585.00,1,44.706693,-63.664574,1,1
1981,2020-2021,2020,Clothing & Textiles,Halifax,1,DAP,Vanity Fashions Limited,Dartmouth,B3B1Z6,6071.00,1,44.715106,-63.585928,1,1
1982,2020-2021,2020,ICT (includes Digital Media),Pictou,1,DAP,Velsoft Training Materials Inc.,New Glasgow,B2H2P8,9792.00,1,45.587057,-62.64523,1,1
1983,2020-2021,2020,Business Services,Halifax,1,DAP,Venor Recruitment Limited,Halifax,B3J3M8,7943.00,1,44.647395,-63.5727,1,1
1984,2020-2021,2020,Business Services,Halifax,1,EGP,Venor Recruitment Limited,Halifax,B3J3M8,4605.00,1,44.647395,-63.5727,1,1
1985,2020-2021,2020,ICT (includes Digital Media),Halifax,1,BDP,Verge Technologies Inc.,Dartmouth,B3B 1K8,9520.00,1,44.7072312,-63.6131384,1,1
1986,2020-2021,2020,Business Services,Halifax,1,DAP,VIBRANT LEADERS,Stillwater Lake,B3Z1R1,2475.00,1,44.684477,-63.810954,1,1
1987,2020-2021,2020,ICT (includes Digital Media),Lunenburg,1,BDP,Virtira Consulting Inc.,Chester,B0J1J0,29850.00,1,44.560562,-64.225079,1,1
1988,2020-2021,2020,Business Services,Halifax,1,DAP,VIRTUALLY CONNECTED SOLUTIONS NS,Halifax,B3M3Y7,1000.00,1,44.66328,-63.653935,1,1
1989,2020-2021,2020,Agri-food,Kings,1,PIVP,Vitis Vine Services,Kentville,B4N1N7,25000.00,1,45.075225,-64.519341,1,1
1990,2020-2021,2020,ICT (includes Digital Media),Halifax,1,DAP,WarrierTech Inc.,Bedford,B4B0H8,10000.00,1,44.7211244,-63.7074635,1,1
1991,2020-2021,2020,ICT (includes Digital Media),Halifax,1,PRB,Wattpad Corp.,Halifax,B3J 3K5,1310540.00,1,44.64437,-63.5740723,1,1
1992,2020-2021,2020,Other,Pictou,1,DAP,WAXTHATTAT INC.,New Glasgow,B2H3S4,10000.00,1,45.576426,-62.641997,1,1
1993,2020-2021,2020,Business Services,Halifax,1,DAP,Westgate Executive Branding and Career Consulting,Dartmouth,B2Y3V9,3350.00,1,44.665079,-63.542523,1,1
1994,2020-2021,2020,ICT (includes Digital Media),Halifax,1,DAP,Whalesong Group Inc.,Dartmouth,B2X3T2,10000.00,1,44.704266,-63.540177,1,1
1995,2020-2021,2020,Agri-food,Kings,1,DAP,Wild Wines & Spirits,Kingston,B0P1R0,8500.00,1,45.074551,-64.720682,1,1
1996,2020-2021,2020,Business Services,Halifax,1,PIVP,Winstorm Presents Inc,Dartmouth,B2Y4M9,15000.00,1,44.660305,-63.542698,1,1
1997,2020-2021,2020,Fish & Seafood Processing,Halifax,1,DAP,World Link Food Distributors Inc.,Enfield,B2T1K3,10000.00,1,44.8796973,-63.52380855,1,1
1998,2020-2021,2020,Agri-food,Halifax,1,BDP,Wrought Iron Brewing Company Limited (Operating as Good Robot),Halifax,B3K4P2,22500.00,1,44.656466,-63.597489,1,1
1999,2020-2021,2020,Agri-food,Halifax,1,DAP,Wrought Iron Brewing Company Limited (Operating as Good Robot),Halifax,B3K4P2,5000.00,1,44.656466,-63.597489,1,1
2000,2020-2021,2020,Agri-food,Hants,1,IRP,Wrought Iron Brewing Company Limited (Operating as Good Robot),Elmsdale,B3K4P2,499824.00,1,44.97591,-63.51102,1,1
2001,2020-2021,2020,Business Services,Halifax,1,DAP,XK Holdings Inc.,Bedford,B4A0H4,7226.00,1,44.7010498,-63.6881885,1,1
2002,2020-2021,2020,Other,Halifax,1,DAP,YOUR BRILLIANT MIND,Cole Harbour,B2V2V6,1814.00,1,44.664563,-63.472627,1,1
2003,2020-2021,2020,Business Services,Halifax,1,DAP,Your Restoration Coach Ltd.,Bedford,B4B0T7,10000.00,1,44.704511,-63.7021389,1,1
2004,2020-2021,2020,Other,Lunenburg,1,DAP,Zenith Physio Pilates Ltd.,Mahone Bay,B0J2E0,10000.00,1,44.308292,-64.307402,1,1
2005,2020-2021,2020,ICT (includes Digital Media),Halifax,1,BDP,Zmely Inc.,Halifax,B3J0C5,15000.00,1,44.649618,-63.5806877,1,1
2006,2020-2021,2020,ICT (includes Digital Media),Halifax,1,DAP,Zmely Inc.,Halifax,B3J0C5,10000.00,1,44.649618,-63.5806877,1,1
2007,2020-2021,2020,Other,Halifax,1,DAP,Zoomers Physiotherapy and Health Solutions,Halifax,B3S0B9,4250.00,1,44.658753,-63.6851302,1,1
2008,2021-2022,2021,Oceans Technology,Halifax,1,EDP 1,Ashored Inc.,Bedford,B4A 2T3,7935.00,1,44.737674,-63.647648,1,1
2009,2021-2022,2021,ICT (includes Digital Media),Halifax,1,PRB,10380008 Canada Inc. (operating as MobSquad),Halifax,B3J 0J2,1060200.00,1,44.648659,-63.572012,1,1
2010,2021-2022,2021,ICT (includes Digital Media),Halifax,1,EDP2,10432423 Canada Limited,Halifax,B3J 3M8,10900.00,1,44.647197,-63.572656,1,1
2011,2021-2022,2021,ICT (includes Digital Media),Halifax,1,EDP3,10432423 Canada Limited,Halifax,B3J 3M8,9035.00,1,44.647197,-63.572656,1,1
2012,2021-2022,2021,ICT (includes Digital Media),Halifax,1,EDP2,10432423 Canada Limited,Halifax,B3J 3M8,9600.00,1,44.647197,-63.572656,1,1
2013,2021-2022,2021,ICT (includes Digital Media),Halifax,1,EDP 1,11746847 Canada Limited,Halifax,B3S 1E4,5600.00,1,44.663368,-63.665882,1,1
2014,2021-2022,2021,Life Sciences,Annapolis,1,PIVP,11858696 Canada Limited,Middleton,B0S1P0,25000.00,1,46.186489,-59.943222,1,1
2015,2021-2022,2021,Life Sciences,Cape Breton,1,PIVP,11979787 Canada Inc.,Sydney,B1S3L8,15000.00,1,46.095624,-60.217476,1,1
2016,2021-2022,2021,Business Services,Inverness,1,EDP2,1250657 BC Ltd.,Port Hood,B0E 2W0,2531.00,1,46.030975,-61.49343049,1,1
2017,2021-2022,2021,Business Services,Inverness,1,EDP3,1250657 BC Ltd.,Port Hood,B0E 2W0,18414.00,1,46.030975,-61.49343049,1,1
2018,2021-2022,2021,ICT (includes Digital Media),Halifax,1,PRB,1924345 Ontario Inc. (doing business as FreshBooks),Province-wide,B3J3K8,888000.00,1,44.6489,-63.574968,1,1
2019,2021-2022,2021,ICT (includes Digital Media),Halifax,1,EDP 1,3043176 Nova Scotia Limited,Dartmouth,B3B 0K4,2245.00,1,44.709007,-63.606128,1,1
2020,2021-2022,2021,ICT (includes Digital Media),Halifax,1,EDP2,3043176 Nova Scotia Limited,Dartmouth,B3B 0K4,3750.00,1,44.709007,-63.606128,1,1
2021,2021-2022,2021,Business Services,Colchester,1,EDP3,3131891 Nova Scotia Limited,truro,B2N 1X6,8500.00,1,45.361017,-63.285488,1,1
2022,2021-2022,2021,Business Services,Halifax,1,EDP3,3186232 Nova Scotia Limited,Halifax,B3K2R8,12750.00,1,44.665233,-63.613109,1,1
2023,2021-2022,2021,Business Services,Halifax,1,EDP2,3186232 Nova Scotia Limited,Halifax,B3K2R8,9760.00,1,44.665233,-63.613109,1,1
2024,2021-2022,2021,Fish & Seafood Processing,Halifax,1,EDP2,3231974 Nova Scotia Limited,Eastern Passage,B3G 1M4,6600.00,1,44.617576,-63.501262,1,1
2025,2021-2022,2021,Advanced Manufacturing,Hants,1,EDP2,3264640 Nova Scotia Limited operating as Pure and Natural Paint Coatings,Windsor,B0N2T0,22012.00,1,44.961737,-64.109657,1,1
2026,2021-2022,2021,Advanced Manufacturing,Hants,1,EDP3,3264640 Nova Scotia Limited operating as Pure and Natural Paint Coatings,Windsor,B0N2T0,7164.00,1,44.961737,-64.109657,1,1
2027,2021-2022,2021,Other,Halifax,1,EDP2,3268114 Nova Scotia Limited,Halifax,B3S 0B9,24500.00,1,44.638546,-63.671556,1,1
2028,2021-2022,2021,Other,Halifax,1,EDP3,3268114 Nova Scotia Limited,Halifax,B3S 0B9,5500.00,1,44.638546,-63.671556,1,1
2029,2021-2022,2021,Agri-food,Pictou,1,EDP3,3284906 Nova Scotia Limited,New Glasgow,B2H 2P5,14225.00,1,45.589099,-62.644484,1,1
2030,2021-2022,2021,Agri-food,Pictou,1,EDP3,3284906 Nova Scotia Limited,New Glasgow,B2H 2P5,15000.00,1,45.589099,-62.644484,1,1
2031,2021-2022,2021,Advanced Manufacturing,Halifax,1,EDP3,3289092 Nova Scotia Limited,Dartmouth,B3B 1G6,15000.00,1,44.699057,-63.603171,1,1
2032,2021-2022,2021,Life Sciences,Yarmouth,1,EDP 1,3316791 Nova Scotia Limited,Tusket,B0W 3M0,8625.00,1,43.864091,-65.971539,1,1
2033,2021-2022,2021,Life Sciences,Yarmouth,1,EDP2,3316791 Nova Scotia Limited,Tusket,B0W 3M0,16800.00,1,43.864091,-65.971539,1,1
2034,2021-2022,2021,Life Sciences,Yarmouth,1,EDP3,3316791 Nova Scotia Limited,Tusket,B0W 3M0,6575.00,1,43.864091,-65.971539,1,1
2035,2021-2022,2021,Life Sciences,Yarmouth,1,EDP2,3316791 Nova Scotia Limited,Tusket,B0W 3M0,13200.00,1,43.864091,-65.971539,1,1
2036,2021-2022,2021,ICT (includes Digital Media),Halifax,1,EDP 1,3RDI Laboratory Incorporated,Halifax,B3J 3K5,9200.00,1,44.64422,-63.572526,1,1
2037,2021-2022,2021,ICT (includes Digital Media),Halifax,1,EDP 1,3RDI Laboratory Incorporated,Halifax,B3J 3K5,5050.00,1,44.64422,-63.572526,1,1
2038,2021-2022,2021,ICT (includes Digital Media),Halifax,1,EDP3,3RDI Laboratory Incorporated,Halifax,B3J 3K5,15500.00,1,44.64422,-63.572526,1,1
2039,2021-2022,2021,Finance & Insurance,Halifax,1,EDP 1,4316005 Nova Scotia Limited,Halifax,B3P 1V5,3400.00,1,44.628623,-63.606111,1,1
2040,2021-2022,2021,Business Services,Halifax,1,EDP2,4349078 Nova Scotia Limited,Middle Sackville,B2Y 4B8,30000.00,1,44.776835,-63.744778,1,1
2041,2021-2022,2021,Clothing & Textiles,Halifax,1,EDP2,9909460 Canada Ltd.,Halifax,B3H 1P2,5000.00,1,44.633217,-63.590313,1,1
2042,2021-2022,2021,Clothing & Textiles,Halifax,1,EDP3,9909460 Canada Ltd.,Halifax,B3H 1P2,20112.00,1,44.633217,-63.590313,1,1
2043,2021-2022,2021,Clothing & Textiles,Halifax,1,EDP 1,9909460 Canada Ltd.,Halifax,B3H 1P2,900.00,1,44.633217,-63.590313,1,1
2044,2021-2022,2021,Advanced Manufacturing,Halifax,1,EDP 1,A. C. Dispensing Equipment Incorporated,Lower Sackville,B4C 4H2,9500.00,1,44.757768,-63.651915,1,1
2045,2021-2022,2021,Advanced Manufacturing,Halifax,1,EDP 1,A. C. Dispensing Equipment Incorporated,Lower Sackville,B4C 4H2,1900.00,1,44.757768,-63.651915,1,1
2046,2021-2022,2021,Advanced Manufacturing,Halifax,1,EDP 1,A. C. Dispensing Equipment Incorporated,Lower Sackville,B4C 4H2,1100.00,1,44.757768,-63.651915,1,1
2047,2021-2022,2021,Business Services,Digby,1,EDP3,Abbott Wealth Education,Smith Cove,B0S 1S0,3554.00,1,45.747612,-63.154987,1,1
2048,2021-2022,2021,ICT (includes Digital Media),Hants,1,EDP3,Academic Edge Inc.,Windsor,B0N 2T0,9250.00,1,44.991102,-64.143083,1,1
2049,2021-2022,2021,ICT (includes Digital Media),Hants,1,EDP 1,Academic Edge Inc.,Windsor,B0N 2T0,6800.00,1,44.991102,-64.143083,1,1
2050,2021-2022,2021,ICT (includes Digital Media),Hants,1,EDP2,Academic Edge Inc.,Windsor,B0N 2T0,10144.00,1,44.991102,-64.143083,1,1
2051,2021-2022,2021,Advanced Manufacturing,Halifax,1,EDP3,Ace Machining Limited,Dartmouth,B2Y 4W6,30000.00,1,44.656145,-63.53891,1,1
2052,2021-2022,2021,Advanced Manufacturing,Cape Breton,1,EDP2,Advanced Glazings Ltd.,Sydney,B1P 6R7,16250.00,1,46.116055,-60.212187,1,1
2053,2021-2022,2021,Fish & Seafood Processing,Halifax,1,EDP2,Afishionado Fish Mongers Inc.,Bedford,B4A 2T3,9395.00,1,46.175561,-59.955865,1,1
2054,2021-2022,2021,CleanTech,Cape Breton,1,PIVP,Airesun Global Limited,Glace Bay,B1A3M6,25000.00,1,46.211575,-60.022864,1,1
2055,2021-2022,2021,Transportation Equipment,Halifax,1,EDP 1,Airscoot Inc.,Halifax,B3R 1Y9,7700.00,1,44.584943,-63.588444,1,1
2056,2021-2022,2021,Transportation Equipment,Halifax,1,EDP2,Airscoot Inc.,Halifax,B3R 1Y9,5250.00,1,44.584943,-63.588444,1,1
2057,2021-2022,2021,Transportation Equipment,Halifax,1,EDP 1,Airscoot Inc.,Halifax,B3R 1Y9,3209.00,1,44.584943,-63.588444,1,1
2058,2021-2022,2021,Life Sciences,Halifax,1,EDP2,AKSO Marine Biotech Inc.,Halifax,B3J 2G3,28320.00,1,44.5706903,-63.9336552,1,1
2059,2021-2022,2021,Life Sciences,Halifax,1,EDP2,AKSO Marine Biotech Inc.,Halifax,B3J 2G3,6750.00,1,44.5706903,-63.9336552,1,1
2060,2021-2022,2021,Life Sciences,Halifax,1,EDP2,AKSO Marine Biotech Inc.,Halifax,B3J 2G3,4000.00,1,44.5706903,-63.9336552,1,1
2061,2021-2022,2021,Life Sciences,Halifax,1,EDP2,AKSO Marine Biotech Inc.,Halifax,B3J 2G3,13766.00,1,44.646455,-63.576648,1,1
2062,2021-2022,2021,Energy,Halifax,1,EDP3,All EV Canada Inc.,Dartmouth,B3B 1R6,30000.00,1,44.709067,-63.591026,1,1
2063,2021-2022,2021,Business Services,Halifax,1,EDP3,Ambition Theory Inc.,Halifax,B3L 2S7,6422.00,1,44.645301,-63.599693,1,1
2064,2021-2022,2021,Business Services,Halifax,1,EDP 1,Ambition Theory Inc.,Halifax,B3L 2S7,5100.00,1,44.645301,-63.599693,1,1
2065,2021-2022,2021,Business Services,Halifax,1,EDP2,Ambition Theory Inc.,Halifax,B3L 2S7,15750.00,1,44.645301,-63.599693,1,1
2066,2021-2022,2021,Advanced Manufacturing,Pictou,1,EDP 1,Aqua Production Systems Incorporated,Union Centre,B0K 2A0,4860.00,1,45.530367,-62.755085,1,1
2067,2021-2022,2021,Advanced Manufacturing,Pictou,1,EDP3,Aqua Production Systems Incorporated,Union Centre,B0K 2A0,5969.00,1,45.530367,-62.755085,1,1
2068,2021-2022,2021,Advanced Manufacturing,Pictou,1,EDP 1,Aqua Production Systems Incorporated,Union Centre,B0K 2A0,1291.00,1,45.530367,-62.755085,1,1
2069,2021-2022,2021,Advanced Manufacturing,Pictou,1,EDP 1,Aqua Production Systems Incorporated,Union Centre,B0K 2A0,3946.00,1,45.530367,-62.755085,1,1
2070,2021-2022,2021,Advanced Manufacturing,Pictou,1,EDP 1,Aqua Production Systems Incorporated,Union Centre,B0K 2A0,2850.00,1,45.530367,-62.755085,1,1
2071,2021-2022,2021,Advanced Manufacturing,Pictou,1,EDP 1,Aqua Production Systems Incorporated,Union Centre,B0K 2A0,2060.00,1,45.530367,-62.755085,1,1
2072,2021-2022,2021,Other,Halifax,1,EDP2,AquaMedia Inc.,Bedford,B4A 3N3,2500.00,1,44.729382,-63.676207,1,1
2073,2021-2022,2021,Other,Halifax,1,EDP2,AquaMedia Inc.,Bedford,B4A 3N3,6665.00,1,44.729382,-63.676207,1,1
2074,2021-2022,2021,Other,Halifax,1,EDP2,AquaMedia Inc.,Bedford,B4A 3N3,12000.00,1,44.729382,-63.676207,1,1
2075,2021-2022,2021,Other,Halifax,1,EDP3,AquaMedia Inc.,Bedford,B4A 3N3,9310.00,1,44.729382,-63.676207,1,1
2076,2021-2022,2021,ICT (includes Digital Media),Halifax,1,PRB,Arcturus Studios Inc.,Dartmouth,B2Y 2S6,1372000.00,1,46.136899,-60.194758,1,1
2077,2021-2022,2021,ICT (includes Digital Media),Halifax,1,EDP2,Arcturus Studios Inc.,Dartmouth,B2Y 2S6,16466.00,1,46.136899,-60.194758,1,1
2078,2021-2022,2021,ICT (includes Digital Media),Halifax,1,EDP2,Arcturus Studios Inc.,Dartmouth,B2Y 2S6,13000.00,1,46.136899,-60.194758,1,1
2079,2021-2022,2021,Transportation & Logistics,Colchester,1,EDP2,Asante Logistic Group Inc.,Truro,B2N 1B5,10375.00,1,44.685935,-63.851455,1,1
2080,2021-2022,2021,Transportation & Logistics,Colchester,1,PIVP,Asante Logistic Group Inc.,truro,B2N 1B5,15000.00,1,44.685935,-63.851455,1,1
2081,2021-2022,2021,Transportation & Logistics,Colchester,1,EDP 1,Asante Logistic Group Inc.,Truro,B2N 1B5,11800.00,1,44.685935,-63.851455,1,1
2082,2021-2022,2021,Oceans Technology,Halifax,1,EDP 1,Ashored Inc.,Bedford,B4A 2T3,725.00,1,44.737674,-63.647648,1,1
2083,2021-2022,2021,Business Services,Halifax,1,EDP 1,Atlantic Canada Business Network Ltd.,Halifax,B4A 1E4,2232.00,1,44.731316,-63.659321,1,1
2084,2021-2022,2021,Business Services,Halifax,1,EDP 1,Atlantic Canada Business Network Ltd.,Halifax,B4A 1E4,2668.00,1,44.731316,-63.659321,1,1
2085,2021-2022,2021,Business Services,Halifax,1,EDP2,Atlantic Canada Business Network Ltd.,Halifax,B4A 1E4,10000.00,1,44.731316,-63.659321,1,1
2086,2021-2022,2021,Business Services,Halifax,1,EDP3,Atlantic Canada Business Network Ltd.,Halifax,B4A 1E4,15000.00,1,44.731316,-63.659321,1,1
2087,2021-2022,2021,CleanTech,Halifax,1,PIVP,Atlantic Energy Storage Inc.,Halifax,B3P 1K9,15000.00,1,44.624015,-63.617462,1,1
2088,2021-2022,2021,Fish & Seafood Processing,Halifax,1,EDP2,Atlantic Sea Cucumber Ltd.,Hacketts Cove,B3Z 3K7,22500.00,1,44.662435,-63.757708,1,1
2089,2021-2022,2021,Chemicals & Plastics,Lunenburg,1,EDP2,Atlantick Repellent Products Inc.,Blockhouse,B0J 1E0,10530.00,1,44.438195,-64.43241,1,1
2090,2021-2022,2021,Chemicals & Plastics,Lunenburg,1,EDP2,Atlantick Repellent Products Inc.,Blockhouse,B0J 1E0,4534.00,1,44.438195,-64.43241,1,1
2091,2021-2022,2021,Chemicals & Plastics,Lunenburg,1,EDP2,Atlantick Repellent Products Inc.,Blockhouse,B0J 1E0,3235.00,1,44.438195,-64.43241,1,1
2092,2021-2022,2021,CleanTech,Halifax,1,PIVP,Aurea Technologies Inc.,Prospect,B3T 2K3,25000.00,1,44.478909,-63.782508,1,1
2093,2021-2022,2021,CleanTech,Halifax,1,EDP2,Aurea Technologies Inc.,Dartmouth,B3T 2K3,30000.00,1,44.716201,-63.582833,1,1
2094,2021-2022,2021,Life Sciences,Halifax,1,PIVP,Axtion Independence Mobility Inc.,Halifax,B3J 1B6,25000.00,1,44.640812,-63.574697,1,1
2095,2021-2022,2021,Life Sciences,Halifax,1,EDP2,Aycoutay Technologies Inc.,Halifax,B3J 0C7,29000.00,1,44.646003,-63.573435,1,1
2096,2021-2022,2021,ICT (includes Digital Media),Halifax,1,EDP 1,B4Checkin Limited,Halifax,B3K 1V7,13355.00,1,44.658198,-63.598975,1,1
2097,2021-2022,2021,Business Services,Halifax,1,PRB,BDO Canada LLP Ã¢â‚¬â€œ Lixar Fuelled by BDO,Halifax,B3L 0B7,645400.00,1,44.646445,-63.617091,1,1
2098,2021-2022,2021,Business Services,Halifax,1,EDP2,Be Responsive Media Inc.,Bedford,B4B 2E6,8500.00,1,44.70731791,-63.70870774,1,1
2099,2021-2022,2021,Business Services,Halifax,1,EDP3,Be Responsive Media Inc.,Bedford,B4B 2E6,6490.00,1,44.70731791,-63.70870774,1,1
2100,2021-2022,2021,Life Sciences,Halifax,1,EDP 1,Bend Beauty Inc.,Halifax,B3J 0C7,5172.00,1,44.646003,-63.573435,1,1
2101,2021-2022,2021,Agri-food,Pictou,1,EDP2,Big Cove Foods Inc.,Thorburn,B0K 1W0,3555.00,1,45.599792,-62.515155,1,1
2102,2021-2022,2021,Business Services,Halifax,1,EDP3,Big Leap Leadership Inc.,Bedford,B4B 0T2,15000.00,1,44.707511,-63.704296,1,1
2103,2021-2022,2021,Business Services,Halifax,1,EDP2,Big Leap Leadership Inc.,Bedford,B4B 0T2,15000.00,1,44.707511,-63.704296,1,1
2104,2021-2022,2021,Business Services,Halifax,1,EDP2,Big Waves Consulting,Halifax,B3K 2E2,2500.00,1,44.66191,-63.604612,1,1
2105,2021-2022,2021,Fish & Seafood Processing,Guysborough,1,EDP 1,Bill & Stanley Oyster Company Ltd.,Whitehead,C0A 2E0,3600.00,1,45.221773,-61.17888,1,1
2106,2021-2022,2021,Fish & Seafood Processing,Guysborough,1,EDP2,Bill & Stanley Oyster Company Ltd.,Whitehead,C0A 2E0,16788.00,1,45.221773,-61.17888,1,1
2107,2021-2022,2021,ICT (includes Digital Media),Yarmouth,1,PIVP,Blackwatch.Tech Inc.,Yarmouth,B5A 4K4,25000.00,1,43.852343,-66.103728,1,1
2108,2021-2022,2021,Fish & Seafood Processing,Pictou,1,EDP 1,Blois Fish Processing Automation Limited,River John,B0K 1N0,3650.00,1,45.751144,-63.143743,1,1
2109,2021-2022,2021,Fish & Seafood Processing,Pictou,1,EDP 1,Blois Fish Processing Automation Limited,River John,B0K 1N0,12292.00,1,45.751144,-63.143743,1,1
2110,2021-2022,2021,ICT (includes Digital Media),Halifax,1,EDP2,Bloqs4Good Canada Inc.,Halifax,B3J 0E4,30000.00,1,44.645954,-63.572018,1,1
2111,2021-2022,2021,Agri-food,Halifax,1,EDP2,Blue Harbour Cheese Incorporated,Dartmouth,B3A 4C5,23500.00,1,44.681376,-63.58675,1,1
2112,2021-2022,2021,Agri-food,Halifax,1,EDP2,Blue Harbour Cheese Incorporated,Dartmouth,B3A 4C5,5000.00,1,44.681376,-63.58675,1,1
2113,2021-2022,2021,Business Services,Halifax,1,EDP3,Blue House Energy Retrofit and Training Inc.,Glen Haven,B3Z 2T5,14775.00,1,44.636731,-63.93059,1,1
2114,2021-2022,2021,Life Sciences,Halifax,1,EDP2,BlueLight Analytics Inc.,Halifax,B3L 4G4,30000.00,1,44.642071,-63.620539,1,1
2115,2021-2022,2021,Life Sciences,Halifax,1,PIVP,BlueLight Analytics Inc.,Halifax,B3L 4G4,25000.00,1,44.642314,-63.620961,1,1
2116,2021-2022,2021,ICT (includes Digital Media),Halifax,1,PRB,Bomgar Canada Limited (operating as BeyondTrust),Halifax,B3J 3N4,3630000.00,1,44.64929,-63.573692,1,1
2117,2021-2022,2021,Finance & Insurance,Halifax,1,EDP3,Bonfire Capital Inc.,Halifax,B3M 4B9,14400.00,1,44.685846,-63.662206,1,1
2118,2021-2022,2021,Finance & Insurance,Halifax,1,EDP2,Bonfire Capital Inc.,Halifax,B3M 4B9,6000.00,1,44.685846,-63.662206,1,1
2119,2021-2022,2021,Finance & Insurance,Halifax,1,EDP3,Bonfire Capital Inc.,Halifax,B3M 4B9,12600.00,1,44.685846,-63.662206,1,1
2120,2021-2022,2021,ICT (includes Digital Media),Halifax,1,EDP3,Boondoc Technologies Incorporated,Halifax,B3K 4X5,4250.00,1,44.66188,-63.61073,1,1
2121,2021-2022,2021,ICT (includes Digital Media),Halifax,1,EDP 1,Boondoc Technologies Incorporated,Halifax,B3K 4X5,1050.00,1,44.66188,-63.61073,1,1
2122,2021-2022,2021,ICT (includes Digital Media),Halifax,1,EDP2,Boondoc Technologies Incorporated,Halifax,B3K 4X5,14250.00,1,44.66188,-63.61073,1,1
2123,2021-2022,2021,ICT (includes Digital Media),Halifax,1,EDP 1,Boondoc Technologies Incorporated,Halifax,B3K 4X5,862.00,1,44.66188,-63.61073,1,1
2124,2021-2022,2021,ICT (includes Digital Media),Halifax,1,EDP 1,Boondoc Technologies Incorporated,Halifax,B3K 4X5,700.00,1,44.66188,-63.61073,1,1
2125,2021-2022,2021,ICT (includes Digital Media),Halifax,1,EDP 1,Boondoc Technologies Incorporated,Halifax,B3K 4X5,3496.00,1,44.66188,-63.61073,1,1
2126,2021-2022,2021,ICT (includes Digital Media),Halifax,1,EDP 1,Boondoc Technologies Incorporated,Halifax,B3K 4X5,1625.00,1,44.66188,-63.61073,1,1
2127,2021-2022,2021,Other,Halifax,1,EDP2,Breathing Space Yoga Studio Inc.,Halifax,B3P 1S4,5700.00,1,44.963585,-64.053301,1,1
2128,2021-2022,2021,Advanced Manufacturing,Kings,1,EDP2,Burnt Out Solutions Incorporated,New Minas,B4N 3N2,5425.00,1,45.067747,-64.44981,1,1
2129,2021-2022,2021,Finance & Insurance,Halifax,1,PRB,Butterfield Support Services (Halifax) Limited,Halifax,B3J 3M8,1138800.00,1,44.647197,-63.572656,1,1
2130,2021-2022,2021,Business Services,Halifax,1,EDP2,Candace Carnahan Motivational Speaking Inc.,Halifax,B3L2Y6,3991.00,1,44.645424,-63.605094,1,1
2131,2021-2022,2021,Energy,Halifax,1,EDP2,CarbonCure Technologies Inc.,Dartmouth,B3B 1Z6,6000.00,1,44.716326,-63.582456,1,1
2132,2021-2022,2021,Business Services,Halifax,1,EDP2,Career Story Project Inc.,Halifax,B3M 1Z8,10500.00,1,44.67946,-63.661795,1,1
2133,2021-2022,2021,Business Services,Halifax,1,EDP2,Career Story Project Inc.,Halifax,B3M 1Z8,5500.00,1,44.67946,-63.661795,1,1
2134,2021-2022,2021,Business Services,Halifax,1,EDP3,Career Story Project Inc.,Halifax,B3M 1Z8,13625.00,1,44.67946,-63.661795,1,1
2135,2021-2022,2021,ICT (includes Digital Media),Halifax,1,EDP2,Cartoon Conrad Productions Incorporated,Beaverbank,B4G 1C5,7012.00,1,44.844779,-63.682222,1,1
2136,2021-2022,2021,ICT (includes Digital Media),Halifax,1,PRB,CGI Information Systems and Management Consultants Inc.,Halifax,B3L 2C2,4556250.00,1,44.653682,-63.627016,1,1
2137,2021-2022,2021,ICT (includes Digital Media),Halifax,1,PIVP,Checkin Innovative Care Technologies Inc.,Dartmouth,B2Y 4J2,15000.00,1,44.67888,-63.552251,1,1
2138,2021-2022,2021,ICT (includes Digital Media),Halifax,1,EDP2,Checkin Innovative Care Technologies Inc.,Dartmouth,B2Y 4J2,17500.00,1,44.67888,-63.552251,1,1
2139,2021-2022,2021,Advanced Manufacturing,Digby,1,PIVP,Clare Machine Works Limited,Meteghan,B0W 2L0,15000.00,1,44.202205,-66.14258,1,1
2140,2021-2022,2021,Transportation & Logistics,Halifax,1,EDP2,Classic Freight Systems (2011) Limited,Halifax,B3B 1N8,7500.00,1,44.706764,-63.592902,1,1
2141,2021-2022,2021,CleanTech,Halifax,1,PIVP,Clean Valley Bio-Filtration Technologies CIC,Dartmouth,B2Y 1N8,15000.00,1,44.681221,-63.545935,1,1
2142,2021-2022,2021,CleanTech,Halifax,1,EDP 1,Clean Valley Bio-Filtration Technologies CIC,Dartmouth,B2Y 1N8,1831.00,1,44.681221,-63.545935,1,1
2143,2021-2022,2021,CleanTech,Halifax,1,EDP 1,Clean Valley Bio-Filtration Technologies CIC,Dartmouth,B2Y 1N8,1954.00,1,44.681221,-63.545935,1,1
2144,2021-2022,2021,CleanTech,Halifax,1,EDP 1,Clean Valley Bio-Filtration Technologies CIC,Dartmouth,B2Y 1N8,2221.00,1,44.681221,-63.545935,1,1
2145,2021-2022,2021,CleanTech,Halifax,1,EDP3,Clean Valley Bio-Filtration Technologies CIC,Dartmouth,B2Y 1N8,2573.00,1,44.681221,-63.545935,1,1
2146,2021-2022,2021,CleanTech,Halifax,1,EDP 1,Clean Valley Bio-Filtration Technologies CIC,Dartmouth,B2Y 1N8,4128.00,1,44.681221,-63.545935,1,1
2147,2021-2022,2021,Agri-food,Halifax,1,PIVP,Clever Fruits Products Ltd.,Bridgewater,B2T 1K6,15000.00,1,44.3902989,-64.52030248,1,1
2148,2021-2022,2021,Agri-food,Lunenburg,1,EDP 1,Clever Fruits Products Ltd.,Bridgewater,B2T 1K6,5000.00,1,44.379313,-64.522024,1,1
2149,2021-2022,2021,Life Sciences,Halifax,1,EDP 1,"Clinical Logistics, Inc.",Dartmouth,B3B 1S8,8600.00,1,44.728198,-63.646223,1,1
2150,2021-2022,2021,Life Sciences,Halifax,1,EDP3,"Clinical Logistics, Inc.",Dartmouth,B3B 1S8,17600.00,1,44.728198,-63.646223,1,1
2151,2021-2022,2021,ICT (includes Digital Media),Halifax,1,PRB,Cloudlogic Technologies Pvt Ltd.,Halifax,B3J 1M5,574860.00,1,44.648636,-63.57306,1,1
2152,2021-2022,2021,ICT (includes Digital Media),Halifax,1,PRB,Cognizant Technology Solutions Corporation,Halifax,B3L 0B7,24979500.00,1,44.646445,-63.617091,1,1
2153,2021-2022,2021,ICT (includes Digital Media),Halifax,1,PRB,Cognizant Technology Solutions Corporation,Halifax,B3L 0B7,2031315.00,1,44.646445,-63.617091,1,1
2154,2021-2022,2021,Life Sciences,Halifax,1,EDP2,Coloursmith Labs Inc.,Halifax,B3H0A8,7900.00,1,44.639784,-63.582559,1,1
2155,2021-2022,2021,Business Services,Halifax,1,EDP2,Contingency Safety Solutions Inc.,Dartmouth,B2X 3H8,15000.00,1,44.701194,-63.541526,1,1
2156,2021-2022,2021,Advanced Manufacturing,Cape Breton,1,EDP3,Copol International Ltd. - Packaging Films,North Sydney,B2A 3M4,9130.00,1,46.227551,-60.246199,1,1
2157,2021-2022,2021,Business Services,Halifax,1,EDP2,Cosgrove & Co. Strategy Consulting Ltd.,Halifax,B3K 4C5,21800.00,1,44.654514,-63.592398,1,1
2158,2021-2022,2021,Agri-food,Halifax,1,EDP2,Cove Kombucha Inc.,Halifax,B3J 1Z4,7500.00,1,44.644805,-63.572794,1,1
2159,2021-2022,2021,Agri-food,Halifax,1,EDP2,Cove Kombucha Inc.,Halifax,B3J 1Z4,22500.00,1,44.644805,-63.572794,1,1
2160,2021-2022,2021,Finance & Insurance,Halifax,1,PRB,CPQi Canada Limited,Halifax,B3J 3N2,1911000.00,1,44.65118,-63.574897,1,1
2161,2021-2022,2021,ICT (includes Digital Media),Halifax,1,EDP3,Creative Curve Media Group Inc.,Halifax,B3L 2A3,5500.00,1,44.653604,-63.610639,1,1
2162,2021-2022,2021,Agri-food,Pictou,1,EDP2,Cultivated Eco Systems Ltd.,Egerton,B0K 1G0,4000.00,1,45.606141,-62.47712,1,1
2163,2021-2022,2021,ICT (includes Digital Media),Cumberland,1,EDP3,Cultureally Software Inc.,Pugwash,B0K1L0,14986.00,1,45.872766,-63.568301,1,1
2164,2021-2022,2021,ICT (includes Digital Media),Cumberland,1,EDP2,Cultureally Software Inc.,Pugwash,B0K1L0,15014.00,1,45.872766,-63.568301,1,1
2165,2021-2022,2021,Advanced Manufacturing,Halifax,1,PRB,"DAMO Technology Corporation, Ltd.",Halifax,B3J 3R7,4985000.00,1,44.651839,-63.575819,1,1
2166,2021-2022,2021,Other,Halifax,1,EDP3,Dandelion Digital,Beaverbank,B4E 0A2,2458.00,1,44.811617,-63.671653,1,1
2167,2021-2022,2021,Business Services,Halifax,1,EDP3,Davis Pierrynowski Limited,Halifax,B3J 1R9,4750.00,1,44.644436,-63.569933,1,1
2168,2021-2022,2021,Fish & Seafood Processing,Lunenburg,1,EDP2,Deep Cove Aqua Farms Limited,Blandford,B0J 1C0,27000.00,1,44.504049,-64.117161,1,1
2169,2021-2022,2021,Fish & Seafood Processing,Lunenburg,1,EDP2,Deep Cove Aqua Farms Limited,Blandford,B0J 1C0,3000.00,1,44.504049,-64.117161,1,1
2170,2021-2022,2021,Advanced Manufacturing,Lunenburg,1,EDP3,Deep Cryogenics International Inc.,Lunenburg,B0J 2C0,30000.00,1,44.37635,-64.309889,1,1
2171,2021-2022,2021,Advanced Manufacturing,Lunenburg,1,EDP2,DeMone Monuments and Granite Products Limited,Lunenburg,B0J 2C0,18250.00,1,44.376128,-64.328225,1,1
2172,2021-2022,2021,Life Sciences,Halifax,1,PIVP,Denova Inc.,Halifax,B3K 1S7,15000.00,1,44.658713,-63.595459,1,1
2173,2021-2022,2021,ICT (includes Digital Media),Halifax,1,EDP 1,Densitas Incorporated,Halifax,B3H 0A8,5312.00,1,44.6551354,-63.570501,1,1
2174,2021-2022,2021,Advanced Manufacturing,Halifax,1,EDP 1,Dispension Industries Incorporated,Dartmouth,B3Y2W3,2550.00,1,44.666682,-63.563098,1,1
2175,2021-2022,2021,Advanced Manufacturing,Halifax,1,EDP 1,Dispension Industries Incorporated,Dartmouth,B3Y2W3,4173.00,1,44.666682,-63.563098,1,1
2176,2021-2022,2021,Advanced Manufacturing,Halifax,1,PIVP,Dispension Industries Incorporated,Dartmouth,B3Y2W3,15000.00,1,44.666682,-63.563098,1,1
2177,2021-2022,2021,Clothing & Textiles,Halifax,1,EDP2,Distributions Akela Surf Inc.,Chezzetcook,B0J 1N0,7640.00,1,44.646914,-63.293214,1,1
2178,2021-2022,2021,Clothing & Textiles,Halifax,1,EDP3,Distributions Akela Surf Inc.,Chezzetcook,B0J 1N0,2375.00,1,44.646914,-63.293214,1,1
2179,2021-2022,2021,Clothing & Textiles,Halifax,1,EDP 1,Distributions Akela Surf Inc.,Head of Chezzetcook,B0J 1N0,1550.00,1,44.646914,-63.293214,1,1
2180,2021-2022,2021,Advanced Manufacturing,Colchester,1,EDP2,Ditch Doctor Atlantic Limited,Glenholme,B0M 1G0,14332.00,1,45.4249,-63.532571,1,1
2181,2021-2022,2021,Creative Industries,Halifax,1,EDP3,Doodlelovely Incorporated,Hubbards,B0J 1T0,9750.00,1,44.627527,-64.038096,1,1
2182,2021-2022,2021,Creative Industries,Halifax,1,EDP2,Doodlelovely Incorporated,Hubbards,B0J 1T0,5250.00,1,44.627527,-64.038096,1,1
2183,2021-2022,2021,Advanced Manufacturing,Halifax,1,EDP 1,Dormie Golf Workshop Inc.,Halifax,B3K 5A5,3931.00,1,44.664436,-63.619407,1,1
2184,2021-2022,2021,Advanced Manufacturing,Halifax,1,EDP3,Dormie Golf Workshop Inc.,Halifax,B3K 5A5,19650.00,1,44.664436,-63.619407,1,1
2185,2021-2022,2021,Advanced Manufacturing,Halifax,1,EDP 1,Dormie Golf Workshop Inc.,Halifax,B3K 5A5,6350.00,1,44.664436,-63.619407,1,1
2186,2021-2022,2021,ICT (includes Digital Media),Halifax,1,EDP2,DPP Golf Inc.,Halifax,B3J 2V1,3000.00,1,44.651839,-63.575819,1,1
2187,2021-2022,2021,ICT (includes Digital Media),Halifax,1,EDP2,DPP Golf Inc.,Halifax,B3J 2V1,21562.00,1,44.651839,-63.575819,1,1
2188,2021-2022,2021,ICT (includes Digital Media),Halifax,1,EDP 1,DPP Golf Inc.,Halifax,B3J 2V1,14400.00,1,44.651839,-63.575819,1,1
2189,2021-2022,2021,ICT (includes Digital Media),Halifax,1,EDP 1,DPP Golf Inc.,Halifax,B3J 2V1,1232.00,1,44.651839,-63.575819,1,1
2190,2021-2022,2021,ICT (includes Digital Media),Halifax,1,EDP2,DPP Golf Inc.,Halifax,B3J 2V1,5000.00,1,44.651839,-63.575819,1,1
2191,2021-2022,2021,Advanced Manufacturing,Halifax,1,EDP2,Duckish Natural Skin Care Limited,Halifax,B3L 1K1,7938.00,1,44.649644,-63.595864,1,1
2192,2021-2022,2021,Advanced Manufacturing,Halifax,1,EDP2,Duckish Natural Skin Care Limited,Halifax,B3L 1K1,17750.00,1,44.649644,-63.595864,1,1
2193,2021-2022,2021,Advanced Manufacturing,Halifax,1,EDP3,Duckish Natural Skin Care Limited,Halifax,B3L 1K1,1092.00,1,44.649644,-63.595864,1,1
2194,2021-2022,2021,Agri-food,Kings,1,PIVP,Dykeview Farms Limited,Centreville,B0P 1J0,25000.00,1,45.135585,-64.47253,1,1
2195,2021-2022,2021,Agri-food,Halifax,1,EDP2,Earthli Plant-Powered Superfoods Inc.,Halifax,B0N 2T0,2500.00,1,44.64408,-63.601889,1,1
2196,2021-2022,2021,Advanced Manufacturing,Halifax,1,EDP2,Eastern Slopes Directional Drilling Incorporated,Tantallon,B3T 1P3,11600.00,1,44.604133,-63.673236,1,1
2197,2021-2022,2021,Fish & Seafood Processing,Halifax,1,EDP2,E-Avigator Commerce Limited,Halifax,B3M 2L8,30000.00,1,44.604668,-63.60221,1,1
2198,2021-2022,2021,Advanced Manufacturing,Kings,1,EDP3,Eden Valley Poultry Incorporated,Berwick,B0P 1E0,8640.00,1,45.622524,-61.993002,1,1
2199,2021-2022,2021,ICT (includes Digital Media),Lunenburg,1,EDP 1,Electric Puppets Incorporated,Chester,B0J 1J0,1806.00,1,44.681191,-64.290397,1,1
2200,2021-2022,2021,ICT (includes Digital Media),Lunenburg,1,EDP 1,Electric Puppets Incorporated,Chester,B0J 1J0,1350.00,1,44.681191,-64.290397,1,1
2201,2021-2022,2021,ICT (includes Digital Media),Halifax,1,EDP2,Eli Technology Inc.,Halifax,B3M 2L4,30000.00,1,44.67976,-63.652145,1,1
2202,2021-2022,2021,ICT (includes Digital Media),Hants,1,EDP2,En Point Inc.,Enfield,B2T 1J9,7500.00,1,44.951024,-63.530857,1,1
2203,2021-2022,2021,Agri-food,Halifax,1,EDP2,Eness Inc.,Halifax,B3N 0C3,5814.00,1,44.632062,-63.632014,1,1
2204,2021-2022,2021,Engineering & Professional,Halifax,1,EDP 1,Enginuity Inc.,Halifax,B3P 1M1,7431.00,1,44.61825,-63.614924,1,1
2205,2021-2022,2021,Oceans Technology,Halifax,1,PIVP,EOceans Research and Consulting Inc.,Dartmouth,B2Y1T7,25000.00,1,44.674359,-63.555929,1,1
2206,2021-2022,2021,Energy,Halifax,1,PIVP,Eosense Inc.,Dartmouth,B3B 1S1,15000.00,1,44.700116,-63.594455,1,1
2207,2021-2022,2021,Energy,Halifax,1,EDP 1,Eosense Inc.,Dartmouth,B3B 1S1,2638.00,1,44.700116,-63.594455,1,1
2208,2021-2022,2021,Energy,Halifax,1,EDP 1,Eosense Inc.,Dartmouth,B3B 1S1,8600.00,1,44.700116,-63.594455,1,1
2209,2021-2022,2021,ICT (includes Digital Media),Halifax,1,EDP 1,Erebor Management Ltd.,Hubley,B3Z 1A7,11100.00,1,44.66521,-63.794029,1,1
2210,2021-2022,2021,ICT (includes Digital Media),Halifax,1,EDP2,Esti-Mateonline.Com Limited,Halifax,B3K5A8,8520.00,1,44.661867,-63.619799,1,1
2211,2021-2022,2021,Business Services,Cape Breton,1,EDP3,Ethical Swag Inc.,Sydney,B1P 6A7,15375.00,1,46.142689,-60.196187,1,1
2212,2021-2022,2021,Finance & Insurance,Halifax,1,PRB,EUI Limited doing business as Admiral Insurance Services,Halifax,B3L 0B7,2400000.00,1,44.64471131,-63.6181733,1,1
2213,2021-2022,2021,Advanced Manufacturing,Halifax,1,EDP 1,Eye Catch Signs Limited,Dartmouth,B3M 1M3,14225.00,1,44.711171,-63.601235,1,1
2214,2021-2022,2021,Advanced Manufacturing,Halifax,1,EDP 1,Eyecandy Signs Inc.,Halifax,B3K 4C7,3892.00,1,44.656978,-63.595676,1,1
2215,2021-2022,2021,ICT (includes Digital Media),Halifax,1,EDP2,Eyeread Inc.,Lakeside,B3K 3A9,30000.00,1,44.651282,-63.582299,1,1
2216,2021-2022,2021,Clothing & Textiles,Halifax,1,PIVP,Fairechild Inc.,Dartmouth,B2Y 4V9,15000.00,1,44.657159,-63.540412,1,1
2217,2021-2022,2021,Fish & Seafood Processing,Halifax,1,EDP 1,Fathom Fish & Seafood Inc.,Halifax,B3S 1N2,1714.00,1,44.655727,-63.670804,1,1
2218,2021-2022,2021,Engineering & Professional,Halifax,1,EDP3,Fathom Studio Inc.,Dartmouth,B2Y 4V7,24444.00,1,44.670234,-63.562759,1,1
2219,2021-2022,2021,Creative Industries,Halifax,1,EDP2,Fibres Of Life Inc.,Halifax,B3K4R7,6646.00,1,44.662347,-63.606336,1,1
2220,2021-2022,2021,Life Sciences,Halifax,1,EDP2,FIVAmed Inc.,Halifax,B3B 1M1,10000.00,1,44.61825,-63.614924,1,1
2221,2021-2022,2021,Other,Halifax,1,EDP 1,Fleur de Leaf Cannabis Corporation,Bedford,B3B 1C6,2577.00,1,44.700127,-63.597513,1,1
2222,2021-2022,2021,ICT (includes Digital Media),Halifax,1,EDP2,Flolab Data Services Inc.,Bedford,B4B0Z8,12500.00,1,44.790336,-63.664513,1,1
2223,2021-2022,2021,Business Services,Cape Breton,1,EDP3,Flourish Management Consulting Inc.,Sydney Mines,B1V 1A1,7649.00,1,46.217336,-60.235399,1,1
2224,2021-2022,2021,Business Services,Halifax,1,EDP2,Formula Consulting Inc.,Halifax,B3J 0A1,30000.00,1,44.645078,-63.57133,1,1
2225,2021-2022,2021,Business Services,Halifax,1,EDP2,Foundation Marketing Services Inc.,Dartmouth,B3A3S9,22750.00,1,44.679494,-63.564944,1,1
2226,2021-2022,2021,Creative Industries,Lunenburg,1,EDP3,Full Frequency Recording Studio,Bridgewater,B4V 2M1,5625.00,1,44.375854,-64.52672,1,1
2227,2021-2022,2021,Other,Halifax,1,EDP2,Fumes Rolling Papers Inc.,Dartmouth,B3K 2W9,2818.00,1,44.72742,-63.6447,1,1
2228,2021-2022,2021,Other,Halifax,1,EDP 1,Fumes Rolling Papers Inc.,Dartmouth,B3K 2W9,3175.00,1,44.72742,-63.6447,1,1
2229,2021-2022,2021,ICT (includes Digital Media),Halifax,1,EDP2,Fundmetric Incorporated,Halifax,B3J3K3,15000.00,1,44.64338,-63.578136,1,1
2230,2021-2022,2021,Agri-food,Halifax,1,EDP2,Fundy Drinks Ltd.,Halifax,B3J 3J8,18200.00,1,44.649361,-63.578141,1,1
2231,2021-2022,2021,Agri-food,Halifax,1,EDP2,Fundy Drinks Ltd.,Halifax,B3J 3J8,11800.00,1,44.649361,-63.578141,1,1
2232,2021-2022,2021,Business Services,Halifax,1,EDP2,FUTURE ACCOUNTING,Halifax,B3L 2C1,20000.00,1,44.653637,-63.627413,1,1
2233,2021-2022,2021,Aerospace & Defence,Halifax,1,EDP 1,Galaxia Mission Systems Inc.,Halifax,B3P 0A1,2946.00,1,44.65028336,-63.57319027,1,1
2234,2021-2022,2021,Aerospace & Defence,Halifax,1,EDP2,Galaxia Mission Systems Inc.,Halifax,B3P 0A1,5000.00,1,44.65028336,-63.57319027,1,1
2235,2021-2022,2021,Agri-food,Inverness,1,PIVP,Galloping Cows Farm Market and Fine Foods,Port Hood,B0E 2W0,25000.00,1,46.018256,-61.486338,1,1
2236,2021-2022,2021,Energy,Antigonish,1,EDP2,GeoHazard Integrity AI Inc.,Havre Boucher,B0H 1P0,9000.00,1,45.652512,-61.534065,1,1
2237,2021-2022,2021,Advanced Manufacturing,Halifax,1,EDP2,Global Precision Signage Inc.,Bedford,B3M 2Y9,2750.00,1,44.726163,-63.707516,1,1
2238,2021-2022,2021,Aerospace & Defence,Halifax,1,EDP 1,Global Spatial Technology Solutions Inc.,Dartmouth,B2Y 4M9,10892.00,1,44.660581,-63.543154,1,1
2239,2021-2022,2021,Fish & Seafood Processing,Halifax,1,EDP3,Golden Alliance Canada Inc.,Dartmouth,B2Y 3G6,15000.00,1,44.677957,-63.552215,1,1
2240,2021-2022,2021,Advanced Manufacturing,Halifax,1,PIVP,Graphite Innovation and Technologies Inc.,Dartmouth,B2Y 4M9,25000.00,1,44.660581,-63.543154,1,1
2241,2021-2022,2021,Energy,Halifax,1,EDP2,Green Power Labs Inc.,Dartmouth,B2Y 4M9,28300.00,1,44.660581,-63.543154,1,1
2242,2021-2022,2021,ICT (includes Digital Media),Halifax,1,EDP3,Greenii Inc.,Halifax,B3M 3M9,3672.00,1,44.66026,-63.654756,1,1
2243,2021-2022,2021,ICT (includes Digital Media),Halifax,1,EDP2,Greenii Inc.,Halifax,B3M 3M9,6000.00,1,44.66026,-63.654756,1,1
2244,2021-2022,2021,Business Services,Pictou,1,EDP 1,Greenoil Solutions Limited,New Glasgow,B2H 5C4,2341.00,1,45.601411,-62.576078,1,1
2245,2021-2022,2021,ICT (includes Digital Media),Halifax,1,EDP2,Grey Lit Matters Inc.,Halifax,B3P 1A8,30000.00,1,44.63024,-63.605803,1,1
2246,2021-2022,2021,Business Services,Hants,1,PIVP,Happy Community Project Limited,Ellershouse,B0N 1L0,15000.00,1,44.971177,-64.017193,1,1
2247,2021-2022,2021,Oceans Technology,Halifax,1,EDP 1,Happy Fish Technologies Inc.,Dartmouth,B2Y 4T5,5950.00,1,44.661853,-63.556396,1,1
2248,2021-2022,2021,ICT (includes Digital Media),Halifax,1,EDP2,Harbr Inc.,Halifax,B3J 3K5,30000.00,1,44.64422,-63.572526,1,1
2249,2021-2022,2021,Agri-food,Halifax,1,EDP2,HaskaPower Inc.,Bedford,B4A 1E5,6000.00,1,44.731316,-63.659321,1,1
2250,2021-2022,2021,Business Services,Lunenburg,1,PIVP,Helping Nature Heal Inc.,Bridgewater,B4V 2V2,15000.00,1,44.383782,-64.523332,1,1
2251,2021-2022,2021,Business Services,Lunenburg,1,EDP2,Helping Nature Heal Inc.,Bridgewater,B4V 2V2,4860.00,1,44.383782,-64.523332,1,1
2252,2021-2022,2021,Business Services,Halifax,1,EDP2,HFX. Learning Centres Inc.,Halifax,B3L 2V9,20000.00,1,44.652653,-63.607507,1,1
2253,2021-2022,2021,Business Services,Halifax,1,EDP2,HFX. Learning Centres Inc.,Halifax,B3L 2V9,8684.00,1,44.652653,-63.607507,1,1
2254,2021-2022,2021,Business Services,Halifax,1,EDP2,Hiyou Global Inc.,Halifax,B3H 2V9,14800.00,1,44.634163,-63.575787,1,1
2255,2021-2022,2021,Business Services,Halifax,1,EDP3,Hiyou Global Inc.,Halifax,B3H 2V9,10000.00,1,44.634163,-63.575787,1,1
2256,2021-2022,2021,Advanced Manufacturing,Halifax,1,EDP2,"Hook, Line & Tinker Embroidery Kits Inc.",Ketch Harbour,B3R1Y9,3448.00,1,44.486828,-63.558678,1,1
2257,2021-2022,2021,ICT (includes Digital Media),Halifax,1,EDP 1,Huminah Huminah Animation Limited,Dartmouth,B2Y 3P2,5600.00,1,45.64803,-64.052602,1,1
2258,2021-2022,2021,ICT (includes Digital Media),Halifax,1,EDP 1,Huminah Huminah Animation Limited,Dartmouth,B2Y 3P2,2156.00,1,45.64803,-64.052602,1,1
2259,2021-2022,2021,Agri-food,Halifax,1,EDP2,I C Shore Halifax Distilling Company Inc.,Halifax,B3J 1S4,30000.00,1,44.647216,-63.571168,1,1
2260,2021-2022,2021,ICT (includes Digital Media),Halifax,1,PRB,IBM Canada Limited/IBM Canada LimitÃƒÂ©e,Bedford,B4B 0G4,9397440.00,1,44.724531,-63.696779,1,1
2261,2021-2022,2021,Engineering & Professional,Halifax,1,EDP2,Imaginal Ventures Inc.,Halifax,B3N 1E4,30000.00,1,44.637162,-63.625824,1,1
2262,2021-2022,2021,Fish & Seafood Processing,Halifax,1,PIVP,Impact SantÃƒÂ© Recherche et Developpement Inc. /Impactful Health Research and Development Inc.,Dartmouth,B2Y 4T6,15000.00,1,44.661823,-63.545083,1,1
2263,2021-2022,2021,Fish & Seafood Processing,Shelburne,1,EDP3,Independent Fisheries Limited,Sable River,B0T1V0,15000.00,1,43.717086,-65.029488,1,1
2264,2021-2022,2021,Fish & Seafood Processing,Shelburne,1,EDP2,Independent Fisheries Limited,Sable River,B0T1V0,14800.00,1,43.717086,-65.029488,1,1
2265,2021-2022,2021,Transportation & Logistics,Halifax,1,EDP2,International Pre-Owned Barcode Ltd.,Bedford,B4B1G7,5562.00,1,44.726163,-63.707516,1,1
2266,2021-2022,2021,Transportation & Logistics,Halifax,1,EDP2,International Pre-Owned Barcode Ltd.,Bedford,B4B1G7,10375.00,1,44.726163,-63.707516,1,1
2267,2021-2022,2021,ICT (includes Digital Media),Halifax,1,EDP 1,InterTalk Critical Information Systems Inc.,Dartmouth,B3B 0J5,7050.00,1,44.720152,-63.559554,1,1
2268,2021-2022,2021,ICT (includes Digital Media),Halifax,1,EDP2,JackHabbit Inc.,Halifax,B3P 2A2,22500.00,1,44.629283,-63.611312,1,1
2269,2021-2022,2021,Agri-food,Halifax,1,EDP 1,Java Blend Coffee Limited,Dartmouth,B3K 1N9,2620.00,1,44.704083,-63.603137,1,1
2270,2021-2022,2021,Agri-food,Halifax,1,EDP3,Java Blend Coffee Limited,Dartmouth,B3K 1N9,5945.00,1,44.704083,-63.603137,1,1
2271,2021-2022,2021,CleanTech,Halifax,1,EDP2,Jaza Energy Inc.,Halifax,B3L 1Y9,30000.00,1,44.65536,-63.606765,1,1
2272,2021-2022,2021,Other,Halifax,1,EDP2,Jazz Cabbage Gardens Inc.,Halifax,B0N 1Z0,27150.00,1,44.651354,-63.593793,1,1
2273,2021-2022,2021,Business Services,Halifax,1,EDP3,Jordi Morgan Communications,Halifax,B3N 0C6,4250.00,1,44.64314,-63.624058,1,1
2274,2021-2022,2021,Agri-food,Halifax,1,EDP3,JusNova Agriculture Ltd.,Halifax,B3M 1N1,30000.00,1,44.663876,-63.641962,1,1
2275,2021-2022,2021,Agri-food,Kings,1,EDP2,Just Us! Coffee Roasters Co-Operative Limited,Wolfville,B4P 2R3,3312.00,1,45.104887,-64.293648,1,1
2276,2021-2022,2021,ICT (includes Digital Media),Halifax,1,EDP2,Kangaroo Solutions Inc.,Halifax,B3J 1M5,17500.00,1,44.648636,-63.57306,1,1
2277,2021-2022,2021,ICT (includes Digital Media),Halifax,1,EDP2,Kangaroo Solutions Inc.,Halifax,B3J 1M5,3750.00,1,44.648636,-63.57306,1,1
2278,2021-2022,2021,ICT (includes Digital Media),Halifax,1,EDP2,Kangaroo Solutions Inc.,Halifax,B3J 1M5,12500.00,1,44.648636,-63.57306,1,1
2279,2021-2022,2021,ICT (includes Digital Media),Halifax,1,EDP3,Krava Inc.,Sherbrooke,B3M 1P5,30000.00,1,44.668803,-63.645637,1,1
2280,2021-2022,2021,Advanced Manufacturing,Inverness,1,EDP2,Larch Wood Enterprises Inc.,East Margaree,B0E 1Y0,4126.00,1,46.100882,-60.760344,1,1
2281,2021-2022,2021,Advanced Manufacturing,Halifax,1,EDP3,Laughing Panda Hobbies and Toys,Tantallon,B3Z 1H6,2958.00,1,44.70805,-63.852235,1,1
2282,2021-2022,2021,CleanTech,Halifax,1,EDP2,LED Roadway Lighting Ltd.,Halifax,B3S 1A2,10270.00,1,44.637702,-63.670608,1,1
2283,2021-2022,2021,CleanTech,Halifax,1,EDP2,LED Roadway Lighting Ltd.,Halifax,B3S 1A2,10676.00,1,44.637702,-63.670608,1,1
2284,2021-2022,2021,CleanTech,Halifax,1,EDP2,LED Roadway Lighting Ltd.,Halifax,B3S 1A2,9054.00,1,44.637702,-63.670608,1,1
2285,2021-2022,2021,Agri-food,Annapolis,1,EDP2,Lequille Country Store Limited,Annapolis Royal,B0S 1A0,30000.00,1,44.729987,-65.491189,1,1
2286,2021-2022,2021,Transportation & Logistics,Halifax,1,EDP2,Lighthouse Transportation Inc.,Lakeside,B3T1M4,15000.00,1,44.643568,-63.686939,1,1
2287,2021-2022,2021,Fish & Seafood Processing,Pictou,1,EDP2,Lismore Seafoods Company,Merigomish,B0K 1G0,6307.00,1,45.706595,-62.27185,1,1
2288,2021-2022,2021,Advanced Manufacturing,Queens,1,EDP2,Lloyoll Custom Building Limited,Hunts Point,B0J1H0,30000.00,1,44.055473,-64.710851,1,1
2289,2021-2022,2021,Advanced Manufacturing,Lunenburg,1,EDP 1,Lobster Made Easy Inc.,Mahone Bay,B0J2E0,4043.00,1,44.455593,-64.378808,1,1
2290,2021-2022,2021,Energy,Halifax,1,EDP 1,Lorax Systems Inc.,Dartmouth,B3B 1S8,11300.00,1,45.66005,-64.061566,1,1
2291,2021-2022,2021,Business Services,Halifax,1,EDP2,LOUIS BUHRMANN ACCOUNTING SERVICES,Bedford,B4B 0J4,2500.00,1,44.720551,-63.705734,1,1
2292,2021-2022,2021,Other,Halifax,1,EDP 1,LT BestForHome Inc.,Dartmouth,B2Y 4C3,2700.00,1,44.673266,-63.546145,1,1
2293,2021-2022,2021,Forest Products,Lunenburg,1,PIVP,Lunenburg Balsam Fir Cooperative Ltd.,Lunenburg,B0J 2C0,25000.00,1,44.418836,-64.373246,1,1
2294,2021-2022,2021,Advanced Manufacturing,Lunenburg,1,PIVP,Lunenburg Foundry & Engineering Ltd.,Lunenburg,B0J 2C0,15000.00,1,44.376897,-64.318895,1,1
2295,2021-2022,2021,Advanced Manufacturing,Lunenburg,1,EDP2,Lunenburg Foundry & Engineering Ltd.,Lunenburg,B0J 2C0,5050.00,1,44.376897,-64.318895,1,1
2296,2021-2022,2021,Advanced Manufacturing,Lunenburg,1,EDP 1,Lunenburg Foundry & Engineering Ltd.,Lunenburg,B0J 2C0,3900.00,1,44.376897,-64.318895,1,1
2297,2021-2022,2021,Advanced Manufacturing,Lunenburg,1,EDP2,Lunenburg Foundry & Engineering Ltd.,Lunenburg,B0J 2C0,20000.00,1,44.376897,-64.318895,1,1
2298,2021-2022,2021,Advanced Manufacturing,Pictou,1,EDP2,MacGregors Custom Machining Limited,New Glasgow,B2H 5C7,16060.00,1,45.551224,-62.603763,1,1
2299,2021-2022,2021,Agri-food,Halifax,1,EDP2,Made With Local Snack Foods Inc.,Dartmouth,B2Y 1H1,13000.00,1,44.664928,-63.567436,1,1
2300,2021-2022,2021,Agri-food,Halifax,1,EDP3,Made With Local Snack Foods Inc.,Dartmouth,B2Y 1H1,4500.00,1,44.664928,-63.567436,1,1
2301,2021-2022,2021,Agri-food,Halifax,1,EDP2,Made With Local Snack Foods Inc.,Dartmouth,B2Y 1H1,12000.00,1,44.664928,-63.567436,1,1
2302,2021-2022,2021,Other,Halifax,1,EDP3,MAMBEC (Martial Art Mind Body Education Center) Inc.,Cole Harbour,B2W 6G7,4500.00,1,44.67252,-63.490401,1,1
2303,2021-2022,2021,Life Sciences,Halifax,1,PIVP,Mara Renewables Corporation,Dartmouth,B2Y 4T6,15000.00,1,44.661823,-63.545083,1,1
2304,2021-2022,2021,Advanced Manufacturing,Halifax,1,EDP3,Maritime Composite Imports Ltd.,Halifax,B3S 0C5,15300.00,1,44.647411,-63.65423,1,1
2305,2021-2022,2021,Agri-food,Halifax,1,EDP2,Maritime Natural Food Co. Inc.,Halifax,B3L 1Z2,19750.00,1,44.65395,-63.608709,1,1
2306,2021-2022,2021,Advanced Manufacturing,Halifax,1,EDP2,Maritime Paper Products Limited Partnership,Dartmouth,B3B 1C7,15000.00,1,45.158088,-64.363464,1,1
2307,2021-2022,2021,CleanTech,Halifax,1,PIVP,Maritime Reused Plastic Products Limited,Halifax,B3K5N8,15000.00,1,44.65311,-63.582799,1,1
2308,2021-2022,2021,Business Services,Halifax,1,EDP2,Maritimes Immigration Consulting Inc.,Bedford,B4A 3N4,4000.00,1,44.731661,-63.675211,1,1
2309,2021-2022,2021,ICT (includes Digital Media),Halifax,1,EDP3,MARS VR Lab Inc.,Halifax,B3S 1A2,1250.00,1,44.637702,-63.670608,1,1
2310,2021-2022,2021,ICT (includes Digital Media),Halifax,1,EDP 1,MARS VR Lab Inc.,Halifax,B3S 1A2,9688.00,1,44.637702,-63.670608,1,1
2311,2021-2022,2021,ICT (includes Digital Media),Halifax,1,EDP2,MARS VR Lab Inc.,Halifax,B3S 1A2,10000.00,1,44.637702,-63.670608,1,1
2312,2021-2022,2021,Finance & Insurance,Halifax,1,PRB,Marsh Canada Limited / Marsh Canada LimitÃƒÂ©e,Halifax,B3J 3N4,1108800.00,1,44.64929,-63.573692,1,1
2313,2021-2022,2021,Life Sciences,Halifax,1,EDP3,Master's Dental Lab Limited,Halifax,B3M 2K6,4150.00,1,44.678418,-63.650159,1,1
2314,2021-2022,2021,Life Sciences,Halifax,1,EDP 1,Master's Dental Lab Limited,Halifax,B3M 2K6,600.00,1,44.678418,-63.650159,1,1
2315,2021-2022,2021,Life Sciences,Halifax,1,EDP 1,Master's Dental Lab Limited,Halifax,B3M 2K6,3627.00,1,44.678418,-63.650159,1,1
2316,2021-2022,2021,Life Sciences,Halifax,1,EDP2,Master's Dental Lab Limited,Halifax,B3M 2K6,4448.00,1,44.678418,-63.650159,1,1
2317,2021-2022,2021,Advanced Manufacturing,Halifax,1,EDP 1,Mattatall Signs Limited,Dartmouth,B3B 1L3,1565.00,1,44.700672,-63.588144,1,1
2318,2021-2022,2021,Agri-food,Kings,1,EDP2,McConnell Gordon Estates Limited,Gaspereau,B4P 2R1,21000.00,1,45.064086,-64.38191,1,1
2319,2021-2022,2021,Agri-food,Kings,1,EDP3,McConnell Gordon Estates Limited,Gaspereau,B4P 2R1,9000.00,1,45.064086,-64.38191,1,1
2320,2021-2022,2021,Engineering & Professional,Annapolis,1,EDP3,McGowan Marine Design Inc.,Moschelle,B0S 1A0,2955.00,1,44.75702,-65.454648,1,1
2321,2021-2022,2021,Life Sciences,Halifax,1,PIVP,Medmira Inc.,Halifax,B3S 1B3,15000.00,1,44.644636,-63.666197,1,1
2322,2021-2022,2021,ICT (includes Digital Media),Cape Breton,1,EDP2,MEDtag Incorporated,Sydney,B1P6B5,12600.00,1,46.144273,-60.195632,1,1
2323,2021-2022,2021,Energy,Halifax,1,EDP 1,Mersey Consulting Ltd.,Shad Bay,B3T 2B5,5925.00,1,44.525096,-63.780987,1,1
2324,2021-2022,2021,Advanced Manufacturing,Halifax,1,EDP 1,Metamaterial Technologies Canada Inc.,Dartmouth,B2Y 4M9,30000.00,1,44.660581,-63.543154,1,1
2325,2021-2022,2021,Business Services,Halifax,1,EDP2,Michael MacMillan Consulting Inc.,Halifax,B3P 2C4,14375.00,1,44.625758,-63.618244,1,1
2326,2021-2022,2021,Advanced Manufacturing,Halifax,1,EDP3,Mil-Aero Electronics Atlantic Inc.,Dartmouth,B2Y 4V9,1600.00,1,44.65757,-63.539734,1,1
2327,2021-2022,2021,Advanced Manufacturing,Halifax,1,EDP 1,Mil-Aero Electronics Atlantic Inc.,Dartmouth,B2Y 4V9,555.00,1,44.65757,-63.539734,1,1
2328,2021-2022,2021,ICT (includes Digital Media),Halifax,1,EDP 1,Milk Moovement Inc.,Halifax,B3J 3K5,5152.00,1,44.64422,-63.572526,1,1
2329,2021-2022,2021,ICT (includes Digital Media),Halifax,1,EDP2,Milk Moovement Inc.,Halifax,B3J 3K5,15750.00,1,44.64422,-63.572526,1,1
2330,2021-2022,2021,Business Services,Lunenburg,1,EDP2,MindÃ¢â‚¬â„¢s Eye Creative Consulting,Upper Northfield,B4V 5B1,4000.00,1,44.513004,-64.60098,1,1
2331,2021-2022,2021,ICT (includes Digital Media),Halifax,1,EDP2,MindSea Development Incorporated,Halifax,B3J 3M8,30000.00,1,44.647197,-63.572656,1,1
2332,2021-2022,2021,ICT (includes Digital Media),Halifax,1,EDP 1,Modest Tree Media Inc.,Halifax,B3K 2R6,6800.00,1,44.6647,-63.617369,1,1
2333,2021-2022,2021,ICT (includes Digital Media),Halifax,1,PIVP,Modest Tree Media Inc.,Halifax,B3K 2R6,15000.00,1,44.6647,-63.617369,1,1
2334,2021-2022,2021,ICT (includes Digital Media),Halifax,1,EDP 1,Moonshot Rights Inc.,Halifax,B3J 0J2,9183.00,1,44.6491535,-63.57180667,1,1
2335,2021-2022,2021,Life Sciences,Halifax,1,EDP2,Motryx Inc.,Halifax,B3J 3K5,10000.00,1,44.64422,-63.572526,1,1
2336,2021-2022,2021,Life Sciences,Halifax,1,EDP3,Motryx Inc.,Halifax,B3J 3K5,1150.00,1,44.64422,-63.572526,1,1
2337,2021-2022,2021,Life Sciences,Halifax,1,EDP2,Motryx Inc.,Halifax,B3J 3K5,11000.00,1,44.64422,-63.572526,1,1
2338,2021-2022,2021,Energy,Halifax,1,EDP 1,MRE Industries Limited,Dartmouth,B3B 1N7,1825.00,1,44.716756,-63.601221,1,1
2339,2021-2022,2021,Agri-food,Lunenburg,1,EDP2,Muwin Estate Wines Ltd.,New Ross,B0J 2M0,10750.00,1,44.830152,-64.511088,1,1
2340,2021-2022,2021,Life Sciences,Halifax,1,PIVP,Myomar Molecular Inc.,Halifax,B4B 0X6,15000.00,1,44.710213,-63.700607,1,1
2341,2021-2022,2021,Advanced Manufacturing,Halifax,1,EDP2,Mypaq Inc.,Halifax,B3B 1E4,7500.00,1,44.647404,-63.593833,1,1
2342,2021-2022,2021,Clothing & Textiles,Halifax,1,EDP2,N.S.K.D. Clothing Inc.,Halifax,B3J 1W6,15000.00,1,44.649964,-63.574052,1,1
2343,2021-2022,2021,ICT (includes Digital Media),Halifax,1,EDP3,National Wealth Management Inc.,Halifax,B3J 3N2,10000.00,1,44.65118,-63.574897,1,1
2344,2021-2022,2021,Other,Halifax,1,PIVP,Natural Butter Bar Cosmetics,Dartmouth,B3A0B1,15000.00,1,44.683131,-63.592346,1,1
2345,2021-2022,2021,Other,Halifax,1,EDP3,Natural Butter Bar Cosmetics,Dartmouth,B3A0B1,1250.00,1,44.683131,-63.592346,1,1
2346,2021-2022,2021,Other,Halifax,1,EDP2,Natural Butter Bar Cosmetics,Dartmouth,B3A0B1,2250.00,1,44.683131,-63.592346,1,1
2347,2021-2022,2021,Aerospace & Defence,Halifax,1,EDP2,Nautics Technical Surveillance Corporation,Bedford,B4A 2X9,30000.00,1,44.735967,-63.654777,1,1
2348,2021-2022,2021,Business Services,Inverness,1,EDP3,Navigate Canada Legal Services,Margaree Valley,B0E 2C0,4318.00,1,46.37202504,-60.96848073,1,1
2349,2021-2022,2021,ICT (includes Digital Media),Halifax,1,EDP2,Neontrain Inc.,Halifax,B3J 2G3,15000.00,1,44.646414,-63.576655,1,1
2350,2021-2022,2021,Energy,Lunenburg,1,EDP3,Neothermal Energy Storage Inc.,Bridgewater,B4V 2M8,6500.00,1,44.375426,-64.530429,1,1
2351,2021-2022,2021,Life Sciences,Halifax,1,EDP2,Nikki 's Acupuncture And Beauty Clinic Limited,Halifax,B3H 1Y6,16900.00,1,44.640489,-63.586438,1,1
2352,2021-2022,2021,Life Sciences,Halifax,1,EDP3,Nikki 's Acupuncture And Beauty Clinic Limited,Halifax,B3H 1Y6,12150.00,1,44.640489,-63.586438,1,1
2353,2021-2022,2021,Agri-food,Halifax,1,EDP2,Nine Locks Brewing Company Limited,Dartmouth,B2X 2T5,11438.00,1,44.694989,-63.547304,1,1
2354,2021-2022,2021,Fish & Seafood Processing,Colchester,1,PIVP,North River Fish Farm Limited,North River,B2N 5H4,15000.00,1,45.500432,-63.199323,1,1
2355,2021-2022,2021,Advanced Manufacturing,Lunenburg,1,EDP2,Nourished Magnesium Inc.,Bridgewater,B4V 2L8,2500.00,1,44.377254,-64.525293,1,1
2356,2021-2022,2021,Advanced Manufacturing,Lunenburg,1,EDP3,Nourished Magnesium Inc.,Bridgewater,B4V 2L8,2000.00,1,44.377254,-64.525293,1,1
2357,2021-2022,2021,Agri-food,Halifax,1,EDP2,Nova Momoya Food Limited,Halifax,B3J 3S4,14953.00,1,44.641549,-63.569732,1,1
2358,2021-2022,2021,Agri-food,Halifax,1,PIVP,Novagevity Incorporated,Halifax,B3H 0A8,25000.00,1,44.639784,-63.582559,1,1
2359,2021-2022,2021,Agri-food,Halifax,1,EDP2,Novagevity Incorporated,Halifax,B3H 0A8,8750.00,1,44.639784,-63.582559,1,1
2360,2021-2022,2021,ICT (includes Digital Media),Halifax,1,EDP 1,NovaResp Technologies Inc.,Halifax,B3H 0A8,2100.00,1,44.639784,-63.582559,1,1
2361,2021-2022,2021,CleanTech,Halifax,1,PRB,NOVONIX Battery Testing Services Inc.,Bedford,B4B 1H1,1281819.00,1,44.721204,-63.713226,1,1
2362,2021-2022,2021,Advanced Manufacturing,Hants,1,EDP3,Nu-Air Ventilation Systems Incorporated,Windsor,B0N 2T0,11700.00,1,44.989078,-64.105571,1,1
2363,2021-2022,2021,Advanced Manufacturing,Hants,1,PIVP,Nu-Air Ventilation Systems Incorporated,Windsor,B0N 2T0,15000.00,1,44.989078,-64.105571,1,1
2364,2021-2022,2021,Agri-food,Halifax,1,PIVP,Oberland Agriscience Inc.,Halifax,B3S 1C2,25000.00,1,44.627495,-63.666522,1,1
2365,2021-2022,2021,Agri-food,Lunenburg,1,PRB,Ocean Choice International Halifax Inc.,Riverport,B0J 2W0,1412200.00,1,44.288757,-64.344688,1,1
2366,2021-2022,2021,Film Production,Halifax,1,EDP 1,Ocean Entertainment Limited,Halifax,B3K 4T9,10000.00,1,44.650753,-63.593473,1,1
2367,2021-2022,2021,Fish & Seafood Processing,Yarmouth,1,EDP2,Ocean Pride Fisheries Limited,Lower Wedgeport,B0W 2B0,20000.00,1,43.717172,-65.97528,1,1
2368,2021-2022,2021,Oceans Technology,Colchester,1,EDP3,Ocean Sonics Ltd.,truro,B6L 1N8,5500.00,1,45.430243,-63.252045,1,1
2369,2021-2022,2021,Advanced Manufacturing,Halifax,1,EDP3,Outdoor-Fit Exercise Systems Inc.,fall river,B3B 1S1,6500.00,1,44.832946,-63.604066,1,1
2370,2021-2022,2021,Advanced Manufacturing,Queens,1,EDP2,Parlee Manufacturing Company Limited,Milton,B0T 1K0,7305.00,1,44.052393,-64.712639,1,1
2371,2021-2022,2021,Business Services,Halifax,1,EDP 1,Partner International Incorporated,Dartmouth,B2Y 4T6,2650.00,1,44.661823,-63.545083,1,1
2372,2021-2022,2021,ICT (includes Digital Media),Halifax,1,PRB,Payment Rails Inc.,Halifax,B3J 0J2,449800.00,1,44.648659,-63.572012,1,1
2373,2021-2022,2021,Agri-food,Antigonish,1,EDP2,Peace By Chocolate Inc.,Antigonih,B2G 2G8,9300.00,1,45.653703,-61.997673,1,1
2374,2021-2022,2021,Agri-food,Antigonish,1,EDP2,Peace By Chocolate Inc.,Antigonih,B2G 2G8,8250.00,1,45.653703,-61.997673,1,1
2375,2021-2022,2021,Agri-food,Antigonish,1,EDP2,Peace By Chocolate Inc.,Antigonih,B2G 2G8,4476.00,1,45.653703,-61.997673,1,1
2376,2021-2022,2021,Agri-food,Antigonish,1,EDP3,Peace By Chocolate Inc.,Antigonish,B2G 2G8,2372.00,1,45.653703,-61.997673,1,1
2377,2021-2022,2021,Agri-food,Antigonish,1,EDP 1,Peace By Chocolate Inc.,Antigonish,B2G 2G8,5100.00,1,45.653703,-61.997673,1,1
2378,2021-2022,2021,Life Sciences,Halifax,1,EDP 1,Photodynamic Incorporated,Halifax,B3H0A8,5402.00,1,44.639784,-63.582559,1,1
2379,2021-2022,2021,Chemicals & Plastics,Cape Breton,1,PIVP,Phycus Biotechnologies Inc.,Sydney,B1M1A2,15000.00,1,46.171263,-60.09417,1,1
2380,2021-2022,2021,Business Services,Halifax,1,EDP2,Pisces Research Project Management Inc.,Halifax,B3K 2L9,30000.00,1,44.668914,-63.604147,1,1
2381,2021-2022,2021,Business Services,Halifax,1,EDP2,Pivotal Growth Inc.,Halifax,B3K 0G7,9480.00,1,44.66221,-63.597729,1,1
2382,2021-2022,2021,CleanTech,Halifax,1,PIVP,Planetary Hydrogen Inc.,Dartmouth,B2Y 4T5,15000.00,1,44.661853,-63.556396,1,1
2383,2021-2022,2021,Business Services,Halifax,1,EDP3,Power HR Inc.,Halifax,B3M 4R2,10890.00,1,44.67801,-63.660086,1,1
2384,2021-2022,2021,Business Services,Halifax,1,EDP3,Power HR Inc.,Halifax,B3M 4R2,4720.00,1,44.67801,-63.660086,1,1
2385,2021-2022,2021,Life Sciences,Halifax,1,EDP2,Precision BioLogic Incorporated,Dartmouth,B3B 0A9,10300.00,1,44.696042,-63.573672,1,1
2386,2021-2022,2021,Business Services,Halifax,1,EDP3,Pretty Much Entertainment Inc.,Halifax,B3J 3R3,3125.00,1,44.642812,-63.569005,1,1
2387,2021-2022,2021,Transportation Equipment,Halifax,1,EDP3,Prime Lift Limited,Dartmouth,B2Y 2W1,30000.00,1,44.665523,-63.562602,1,1
2388,2021-2022,2021,Business Services,Halifax,1,EDP2,Priority Learning and Development Incorporated,Halifax,B3M 4G9,30000.00,1,44.674133,-63.670619,1,1
2389,2021-2022,2021,Oceans Technology,Lunenburg,1,EDP 1,Pro-Oceanus Systems Incorporated,Bridgewater,B4V 1N1,11247.00,1,44.377492,-64.520265,1,1
2390,2021-2022,2021,Oceans Technology,Lunenburg,1,PIVP,Pro-Oceanus Systems Incorporated,Bridgewater,B4V 1N1,15000.00,1,44.377492,-64.520265,1,1
2391,2021-2022,2021,ICT (includes Digital Media),Halifax,1,EDP2,Proposify Inc.,Halifax,B3J 1W5,19200.00,1,44.650044,-63.574091,1,1
2392,2021-2022,2021,ICT (includes Digital Media),Halifax,1,EDP3,Prosaris Solutions Ltd.,Bedford,B4B 1K5,5270.00,1,44.723841,-63.710875,1,1
2393,2021-2022,2021,ICT (includes Digital Media),Halifax,1,EDP 1,Prosaris Solutions Ltd.,Bedford,B4B 1K5,12880.00,1,44.723841,-63.710875,1,1
2394,2021-2022,2021,ICT (includes Digital Media),Halifax,1,EDP2,Prosaris Solutions Ltd.,Bedford,B4B 1K5,11850.00,1,44.723841,-63.710875,1,1
2395,2021-2022,2021,ICT (includes Digital Media),Halifax,1,EDP 1,Prosaris Solutions Ltd.,Bedford,B4B 1K5,2800.00,1,44.723841,-63.710875,1,1
2396,2021-2022,2021,CleanTech,Halifax,1,PIVP,Pure Carbon Capture Inc.,Prospect,B3T 2K3,15000.00,1,44.478909,-63.782508,1,1
2397,2021-2022,2021,ICT (includes Digital Media),Halifax,1,PIVP,Quantum Link Inc.,Halifax,B3J 3K5,25000.00,1,44.64422,-63.572526,1,1
2398,2021-2022,2021,Business Services,Richmond,1,EDP2,R. M. Landry and Son Limited,St. Peters,B0E 3B0,7710.00,1,45.630283,-60.84346,1,1
2399,2021-2022,2021,ICT (includes Digital Media),Halifax,1,EDP3,Rafflebox Technologies Inc.,Halifax,B3J2A4,14851.00,1,44.647528,-63.574272,1,1
2400,2021-2022,2021,ICT (includes Digital Media),Halifax,1,EDP 1,Rafflebox Technologies Inc.,Halifax,B3J2A4,2550.00,1,44.647528,-63.574272,1,1
2401,2021-2022,2021,CleanTech,Halifax,1,PIVP,Rayleigh Solar Tech Inc,Halifax,B3K2P5,15000.00,1,44.669091,-63.607458,1,1
2402,2021-2022,2021,Life Sciences,Halifax,1,PIVP,Reazent Inc.,Halifax,B3J 3R7,15000.00,1,44.651839,-63.575819,1,1
2403,2021-2022,2021,ICT (includes Digital Media),Halifax,1,EDP 1,Red Meat Games Inc.,Halifax,B3J2G3,4800.00,1,44.646414,-63.576655,1,1
2404,2021-2022,2021,ICT (includes Digital Media),Halifax,1,EDP2,Red Meat Games Inc.,Halifax,B3J2G3,5000.00,1,44.646414,-63.576655,1,1
2405,2021-2022,2021,Oceans Technology,Halifax,1,EDP2,Reeldata Inc.,Halifax,B3K 2Z8,25312.00,1,44.651759,-63.581635,1,1
2406,2021-2022,2021,Oceans Technology,Halifax,1,EDP 1,Reeldata Inc.,Halifax,B3K 2Z8,4082.00,1,44.651759,-63.581635,1,1
2407,2021-2022,2021,Advanced Manufacturing,Halifax,1,EDP 1,Reftek Systems Inc.,Dartmouth,B3B 1T8,14678.00,1,44.695118,-63.586649,1,1
2408,2021-2022,2021,Energy,Queens,1,PIVP,Remote Energy Systems Ltd.,Brooklyn,B0J 1H0,15000.00,1,44.054198,-64.690147,1,1
2409,2021-2022,2021,ICT (includes Digital Media),Halifax,1,EDP 1,Renderator Technologies Labs Inc.,Halifax,B3M 5H0,6950.00,1,44.70078,-63.666394,1,1
2410,2021-2022,2021,Fish & Seafood Processing,Halifax,1,EDP3,Right Source Group Limited,Bedford,B4B 1J7,10000.00,1,44.712323,-63.717829,1,1
2411,2021-2022,2021,Fish & Seafood Processing,Halifax,1,EDP2,Right Source Group Limited,Bedford,B4B 1J7,20000.00,1,44.712323,-63.717829,1,1
2412,2021-2022,2021,ICT (includes Digital Media),Halifax,1,EDP3,Rimot.IO Inc.,Dartmouth,B2Y 4M9,6305.00,1,44.660581,-63.543154,1,1
2413,2021-2022,2021,ICT (includes Digital Media),Halifax,1,EDP2,Rimot.IO Inc.,Dartmouth,B2Y 4M9,7500.00,1,44.660581,-63.543154,1,1
2414,2021-2022,2021,Life Sciences,Halifax,1,EDP 1,Ring Rescue Incorporated,Dartmouth,B2Y 4W6,4499.00,1,44.656466,-63.539353,1,1
2415,2021-2022,2021,Life Sciences,Halifax,1,EDP2,Ring Rescue Incorporated,Dartmouth,B2Y 4W6,19000.00,1,44.656466,-63.539353,1,1
2416,2021-2022,2021,Life Sciences,Halifax,1,EDP 1,Ring Rescue Incorporated,Dartmouth,B2Y 4W6,4325.00,1,44.656466,-63.539353,1,1
2417,2021-2022,2021,Other,Halifax,1,EDP2,Rise East Investments Limited operating as Maritime Household Outlet,Dartmouth,B2W 3E5,20000.00,1,44.680778,-63.538111,1,1
2418,2021-2022,2021,CleanTech,Halifax,1,EDP 1,ROCarbon Labs Limited,Bedford,B3H 4P8,4115.00,1,45.673912,-63.52693,1,1
2419,2021-2022,2021,Advanced Manufacturing,Halifax,1,EDP3,RSI Projects Incorporated,Halifax,B3L 1J7,13003.00,1,44.649001,-63.595679,1,1
2420,2021-2022,2021,Film Production,Kings,1,EDP 1,Rusty Tractor Productions Inc.,Wolfville,B4P 2J9,2000.00,1,45.091019,-64.348399,1,1
2421,2021-2022,2021,Advanced Manufacturing,Halifax,1,PIVP,RX Security Inc. / SÃƒÂ©curitÃƒÂ© RX Inc.,Bedford,B4A 2T3,15000.00,1,44.737674,-63.647648,1,1
2422,2021-2022,2021,Advanced Manufacturing,Halifax,1,EDP2,RX Security Inc. / SÃƒÂ©curitÃƒÂ© RX Inc.,Bedford,B4A 2T3,15000.00,1,44.737674,-63.647648,1,1
2423,2021-2022,2021,ICT (includes Digital Media),Halifax,1,EDP 1,Safer Roads International Inc.,Halifax,B4B 1K9,2850.00,1,44.720959,-63.713441,1,1
2424,2021-2022,2021,ICT (includes Digital Media),Halifax,1,EDP2,Sauceware Audio Inc.,Halifax,B3R 0A5,21000.00,1,44.603038,-63.623361,1,1
2425,2021-2022,2021,ICT (includes Digital Media),Cape Breton,1,EDP2,Scotia Logic - IT & Development Inc.,Sydney,B1P 1C4,9275.00,1,46.140001,-60.19529,1,1
2426,2021-2022,2021,ICT (includes Digital Media),Cape Breton,1,EDP2,Scotia Logic - IT & Development Inc.,Sydney,B1P 1C4,20725.00,1,46.140001,-60.19529,1,1
2427,2021-2022,2021,Other,Kings,1,EDP2,Scotiaderm Inc.,Port Williams,B0P 1T0,15000.00,1,45.105388,-64.444385,1,1
2428,2021-2022,2021,Agri-food,Kings,1,EDP2,Scotian Gold Cooperative Ltd.,Coldbrook,B4R 1A6,6500.00,1,45.067641,-64.582922,1,1
2429,2021-2022,2021,Business Services,Halifax,1,EDP3,Sea Change Colab Consulting Inc.,Halifax,B3K 2M9,30000.00,1,44.664157,-63.610761,1,1
2430,2021-2022,2021,Agri-food,Halifax,1,EDP2,SeaChange Biochemistry Inc.,Dartmouth,B2X 2C2,13000.00,1,44.690688,-63.546323,1,1
2431,2021-2022,2021,Agri-food,Halifax,1,EDP 1,SeaChange Biochemistry Inc.,Dartmouth,B2X 2C2,2600.00,1,44.690688,-63.546323,1,1
2432,2021-2022,2021,Agri-food,Halifax,1,PIVP,SeaChange Biochemistry Inc.,Dartmouth,B2X 2C2,15000.00,1,44.690688,-63.546323,1,1
2433,2021-2022,2021,Agri-food,Halifax,1,EDP2,SeaChange Biochemistry Inc.,Dartmouth,B2X 2C2,9375.00,1,44.690688,-63.546323,1,1
2434,2021-2022,2021,Advanced Manufacturing,Halifax,1,EDP 1,Sealand Building Group Inc.,Bedford,B4C 0A7,13537.00,1,44.759605,-63.6508,1,1
2435,2021-2022,2021,Oceans Technology,Halifax,1,EDP 1,Sensor Technology Ltd.,Dartmouth,B2Y 4T5,19450.00,1,44.661861,-63.556475,1,1
2436,2021-2022,2021,Oceans Technology,Halifax,1,EDP 1,Sensor Technology Ltd.,Dartmouth,B2Y 4T5,2000.00,1,44.661861,-63.556475,1,1
2437,2021-2022,2021,Clothing & Textiles,Halifax,1,EDP 1,Sevaen Workwear Limited,Dartmouth,B3B 1L2,12213.00,1,44.705657,-63.593812,1,1
2438,2021-2022,2021,Business Services,Halifax,1,EDP2,Shape Shift Strategies Inc.,Bedford,B4A 1J8,12500.00,1,44.720644,-63.684058,1,1
2439,2021-2022,2021,Engineering & Professional,Halifax,1,EDP2,ShiftED Academy Inc.,Bayside,B3Z 1L4,7228.00,1,44.53513274,-63.7944147,1,1
2440,2021-2022,2021,Engineering & Professional,Halifax,1,EDP3,ShiftED Academy Inc.,Bayside,B3Z 1L4,8475.00,1,44.53513274,-63.7944147,1,1
2441,2021-2022,2021,Agri-food,Halifax,1,EDP3,Shivani's Kitchen Ltd.,Halifax,B0N 2T0,6500.00,1,44.670618,-63.674086,1,1
2442,2021-2022,2021,Agri-food,Halifax,1,EDP2,Shivani's Kitchen Ltd.,Halifax,B0N 2T0,3000.00,1,44.670618,-63.674086,1,1
2443,2021-2022,2021,Agri-food,Halifax,1,EDP2,Shivani's Kitchen Ltd.,Halifax,B0N 2T0,3525.00,1,44.670618,-63.674086,1,1
2444,2021-2022,2021,Other,Lunenburg,1,EDP2,Shree Ganesh Ltd.,Bridgewater,B4V 2S7,9062.00,1,44.382984,-64.517006,1,1
2445,2021-2022,2021,Business Services,Halifax,1,EDP3,Simply Good Form Consultancy,Halifax,B3K 3Y7,5050.00,1,44.664572,-63.604332,1,1
2446,2021-2022,2021,Business Services,Halifax,1,EDP2,Simply Good Form Consultancy,Halifax,B3K 3Y7,7500.00,1,44.664572,-63.604332,1,1
2447,2021-2022,2021,ICT (includes Digital Media),Halifax,1,EDP3,SimplyCast Interactive Marketing LTD.,Dartmouth,B2W 6L4,15000.00,1,44.65634,-63.528856,1,1
2448,2021-2022,2021,ICT (includes Digital Media),Halifax,1,EDP2,Site 2020 Incorporated,Dartmouth,B3B 1J3,30000.00,1,44.7076,-63.607608,1,1
2449,2021-2022,2021,Advanced Manufacturing,Halifax,1,EDP 1,Skinfix Inc.,Fall River,B3H 1B3,12525.00,1,44.625488,-63.577791,1,1
2450,2021-2022,2021,Advanced Manufacturing,Halifax,1,EDP2,Skinfix Inc.,Fall River,B3H 1B3,9273.00,1,44.625488,-63.577791,1,1
2451,2021-2022,2021,Film Production,Pictou,1,EDP2,Skye Larke Productions Limited,River John,B0K 1N0,12500.00,1,45.750598,-63.057664,1,1
2452,2021-2022,2021,Business Services,Annapolis,1,EDP2,Skyrocket Your Success Inc. operating as MVR Business Solutions,Clementsvale,B0S1G0,6860.00,1,44.641277,-65.534138,1,1
2453,2021-2022,2021,Business Services,Annapolis,1,EDP2,Skyrocket Your Success Inc. operating as MVR Business Solutions,Clementsvale,B0S1G0,6500.00,1,44.641277,-65.534138,1,1
2454,2021-2022,2021,Agri-food,Halifax,1,PIVP,Smallfood Inc.,Halifax,B3J 0C7,15000.00,1,44.646003,-63.573435,1,1
2455,2021-2022,2021,Business Services,Halifax,1,EDP2,Smarter Spaces Inc.,Halifax,B3K 5M4,5250.00,1,44.651359,-63.602173,1,1
2456,2021-2022,2021,ICT (includes Digital Media),Halifax,1,EDP2,Social Navigator Inc.,Halifax,B3S 1B3,2500.00,1,44.638167,-63.671553,1,1
2457,2021-2022,2021,ICT (includes Digital Media),Halifax,1,EDP3,Social Navigator Inc.,Halifax,B3S 1B3,6801.00,1,44.638167,-63.671553,1,1
2458,2021-2022,2021,ICT (includes Digital Media),Halifax,1,EDP2,Sonapay Inc.,Bedford,B4B 0S9,10000.00,1,44.702277,-63.702543,1,1
2459,2021-2022,2021,Agri-food,Halifax,1,EDP2,Sourwood Cider Inc.,Halifax,B3K 3R9,23500.00,1,44.653228,-63.586803,1,1
2460,2021-2022,2021,Advanced Manufacturing,Annapolis,1,EDP3,Spa Springs Mineral Water Company Limited,Middleton,B0S 1P0,30000.00,1,44.9438407,-65.0914404,1,1
2461,2021-2022,2021,Business Services,Antigonish,1,EDP2,Spark Engagement Inc.,Antigonih,B2G 0C5,25000.00,1,45.630949,-61.966488,1,1
2462,2021-2022,2021,Advanced Manufacturing,Halifax,1,EDP 1,"Spiri Robotics, Inc.",Dartmouth,B2Y 4T5,2000.00,1,44.661861,-63.556475,1,1
2463,2021-2022,2021,Advanced Manufacturing,Halifax,1,EDP2,"Spiri Robotics, Inc.",Dartmouth,B2Y 4T5,7605.00,1,44.661861,-63.556475,1,1
2464,2021-2022,2021,Advanced Manufacturing,Halifax,1,EDP2,"Spiri Robotics, Inc.",Dartmouth,B2Y 4T5,3250.00,1,44.661861,-63.556475,1,1
2465,2021-2022,2021,Advanced Manufacturing,Halifax,1,EDP2,"Spiri Robotics, Inc.",Dartmouth,B2Y 4T5,2600.00,1,44.661861,-63.556475,1,1
2466,2021-2022,2021,Agri-food,Kings,1,PIVP,Spurr Brothers Farms Limited,Melvern Square,B0P1R0,25000.00,1,44.986127,-64.988156,1,1
2467,2021-2022,2021,Energy,Pictou,1,EDP 1,Stark International Inc.,New Glasgow,B2H 2T3,9300.00,1,45.588105,-62.644094,1,1
2468,2021-2022,2021,Advanced Manufacturing,Lunenburg,1,EDP2,Stelia Aerospace North America Inc./Stelia Aeronautique Amerique Du Nord Inc.,Lunenburg,B0J 2C0,18900.00,1,44.374392,-64.325696,1,1
2469,2021-2022,2021,Advanced Manufacturing,Lunenburg,1,EDP3,Stevens Solutions & Design Inc.,Mahone Bay,B0J 2E0,2500.00,1,44.308292,-64.307402,1,1
2470,2021-2022,2021,Business Services,Halifax,1,EDP 1,Strongest Families Institute / L'Institut des Familles Solides,Lower Sackville,B3C 4E6,1500.00,1,44.760093,-63.671174,1,1
2471,2021-2022,2021,Business Services,Halifax,1,EDP 1,Strongest Families Institute / L'Institut des Familles Solides,Lower Sackville,B3C 4E6,2577.00,1,44.760093,-63.671174,1,1
2472,2021-2022,2021,Fish & Seafood Processing,Halifax,1,PIVP,Subait Inc.,Dartmouth,B2W 6K4,15000.00,1,44.665528,-63.520263,1,1
2473,2021-2022,2021,Agri-food,Lunenburg,1,EDP 1,Sun Under The Sea Nutrition Inc.,Chester Basin,B0J 1K0,4050.00,1,44.540518,-64.316631,1,1
2474,2021-2022,2021,Fish & Seafood Processing,Hants,1,PIVP,Sustainable Fish Farming (Canada) Limited,Dartmouth,B3B 1C5,15000.00,1,45.832373,-64.196511,1,1
2475,2021-2022,2021,Life Sciences,Halifax,1,EDP2,Sweetspot Labs (Canada) Inc.,Halifax,B3J 1R9,30000.00,1,44.644436,-63.569933,1,1
2476,2021-2022,2021,ICT (includes Digital Media),Halifax,1,EDP2,Swept Technologies Inc.,Halifax,B3H 1B2,30000.00,1,44.624141,-63.575296,1,1
2477,2021-2022,2021,Life Sciences,Halifax,1,EDP2,Takaya Technology Inc.,Halifax,B3K 0B9,15000.00,1,44.651186,-63.590578,1,1
2478,2021-2022,2021,Life Sciences,Cape Breton,1,PIVP,Talem Health Analytics Incorporated,Sydney,B1P 1E1,25000.00,1,46.137976,-60.194639,1,1
2479,2021-2022,2021,Life Sciences,Cape Breton,1,EDP2,Talem Health Analytics Incorporated,Sydney,B1P 1E1,30000.00,1,46.137976,-60.194639,1,1
2480,2021-2022,2021,ICT (includes Digital Media),Halifax,1,EDP 1,Talkatoo Inc.,Halifax,B3J 3K5,14450.00,1,44.64422,-63.572526,1,1
2481,2021-2022,2021,ICT (includes Digital Media),Halifax,1,EDP2,Talkatoo Inc.,Halifax,B3J 3K5,3125.00,1,44.64422,-63.572526,1,1
2482,2021-2022,2021,ICT (includes Digital Media),Halifax,1,EDP2,Talkatoo Inc.,Halifax,B3J 3K5,12424.00,1,44.64422,-63.572526,1,1
2483,2021-2022,2021,Advanced Manufacturing,Halifax,1,EDP2,The 7 Virtues Beauty Inc.,Bedford,B4B 0R8,15000.00,1,44.702557,-63.696994,1,1
2484,2021-2022,2021,Advanced Manufacturing,Halifax,1,EDP2,The 7 Virtues Beauty Inc.,Bedford,B4B 0R8,15000.00,1,44.702557,-63.696994,1,1
2485,2021-2022,2021,Business Services,Halifax,1,EDP3,THE 7 VIRTUES COMMUNICATIONS GROUP,Bedford,B4B0R8,30000.00,1,44.702557,-63.696994,1,1
2486,2021-2022,2021,Business Services,Halifax,1,EDP 1,The Archival Agent,Halifax,B3M 1A3,1825.00,1,44.660716,-63.631571,1,1
2487,2021-2022,2021,Creative Industries,Halifax,1,EDP2,The Arts Firm Inc.,Dartmouth,B2Y 0C1,10750.00,1,44.66432853,-63.56362759,1,1
2488,2021-2022,2021,Agri-food,Halifax,1,EDP3,The Brew Guys Limited operating as Noble Grape Urban Winery,Dartmouth,B3B 1S3,30000.00,1,44.605728,-63.615146,1,1
2489,2021-2022,2021,Advanced Manufacturing,Guysborough,1,EDP2,The Soap Company Of Nova Scotia (SCONS) Ltd.,Sherbrooke,B0J 3C0,18000.00,1,45.144573,-61.990906,1,1
2490,2021-2022,2021,Advanced Manufacturing,Guysborough,1,EDP 1,The Soap Company Of Nova Scotia (SCONS) Ltd.,Sherbrooke,B0J 3C0,2083.00,1,45.144573,-61.990906,1,1
2491,2021-2022,2021,Advanced Manufacturing,Guysborough,1,EDP 1,The Soap Company Of Nova Scotia (SCONS) Ltd.,Sherbrooke,B0J 3C0,1253.00,1,45.144573,-61.990906,1,1
2492,2021-2022,2021,Agri-food,Hants,1,EDP2,The Station Food Company (2019) Ltd.,Newport Station,B0N 2B0,4436.00,1,44.965507,-64.056315,1,1
2493,2021-2022,2021,ICT (includes Digital Media),Halifax,1,EDP3,Tidal League Incorporated,Halifax,B3J 1V1,8270.00,1,44.643732,-63.57082,1,1
2494,2021-2022,2021,Advanced Manufacturing,Antigonish,1,EDP2,Tightline Anchor Inc.,Antigonih,B2G 2S6,2538.00,1,45.627982,-62.003569,1,1
2495,2021-2022,2021,Agri-food,Antigonish,1,SME IRP,Tony's Meats Ltd.,Antigonish,B2G 2L2,100338.00,1,45.632758,-61.961563,1,1
2496,2021-2022,2021,Agri-food,Antigonish,1,EDP3,Tony's Meats Ltd.,Antigonish,B2G 2L2,29418.00,1,45.632758,-61.961563,1,1
2497,2021-2022,2021,Agri-food,Halifax,1,EDP2,Totally Raw Natural Dog Food Inc.,Dartmouth,B3B 1Y5,3988.00,1,44.696149,-63.594261,1,1
2498,2021-2022,2021,Agri-food,Halifax,1,EDP2,Totally Raw Natural Dog Food Inc.,Dartmouth,B3B 1Y5,13250.00,1,44.696149,-63.594261,1,1
2499,2021-2022,2021,ICT (includes Digital Media),Cape Breton,1,EDP 1,Tracker Inventory Systems Inc.,Sydney,B1P 1P9,3000.00,1,46.145894,-60.197142,1,1
2500,2021-2022,2021,Advanced Manufacturing,Halifax,1,EDP2,Trecan Combustion Limited,Hubley,B3Z 1C2,17500.00,1,44.676811,-63.822903,1,1
2501,2021-2022,2021,Creative Industries,Halifax,1,EDP3,Twigg & Feather Sweaters,Dartmouth,B3A2R1,15080.00,1,44.681099,-63.560918,1,1
2502,2021-2022,2021,Film Production,Lunenburg,1,EDP2,Two East Productions Inc.,Chester,B0J 1J0,3500.00,1,44.5381516,-64.2422314,1,1
2503,2021-2022,2021,Film Production,Halifax,1,EDP 1,Ubuntu Media Limited,Halifax,B3M 4K2,5300.00,1,44.665195,-63.664383,1,1
2504,2021-2022,2021,ICT (includes Digital Media),Halifax,1,EDP2,Union.Dev Software Inc.,Halifax,B3S 1A2,19000.00,1,44.637702,-63.670608,1,1
2505,2021-2022,2021,ICT (includes Digital Media),Halifax,1,EDP 1,Union.Dev Software Inc.,Halifax,B3S 1A2,6922.00,1,44.637702,-63.670608,1,1
2506,2021-2022,2021,Engineering & Professional,Halifax,1,EDP2,Upswing Solutions Inc.,Halifax,B3H 2X1,7200.00,1,44.632389,-63.575847,1,1
2507,2021-2022,2021,Advanced Manufacturing,Lunenburg,1,EDP3,Vale Packaging Limited,Hubbards,B0J 1T0,30000.00,1,44.589377,-64.069302,1,1
2508,2021-2022,2021,Agri-food,Annapolis,1,EDP2,Valley Flaxflour Ltd.,Middleton,B0S 1P0,6250.00,1,44.64314,-63.624058,1,1
2509,2021-2022,2021,Clothing & Textiles,Halifax,1,EDP2,Vanity Fashions Limited,Dartmouth,B3B 1Z6,4725.00,1,44.716045,-63.583306,1,1
2510,2021-2022,2021,Clothing & Textiles,Halifax,1,EDP 1,Vanity Fashions Limited,Dartmouth,B3B 1Z6,14850.00,1,44.716045,-63.583306,1,1
2511,2021-2022,2021,Clothing & Textiles,Halifax,1,EDP3,Vanity Fashions Limited,Dartmouth,B3B 1Z6,9412.00,1,44.716045,-63.583306,1,1
2512,2021-2022,2021,Business Services,Halifax,1,EDP3,Venor Recruitment Limited,Halifax,B3J 3M8,9000.00,1,44.647197,-63.572656,1,1
2513,2021-2022,2021,Business Services,Halifax,1,EDP 1,Venture 2 Impact Inc.,Halifax,B3K 1Y8,950.00,1,44.660293,-63.602806,1,1
2514,2021-2022,2021,Business Services,Halifax,1,EDP2,Venture 2 Impact Inc.,Halifax,B3K 1Y8,8835.00,1,44.660293,-63.602806,1,1
2515,2021-2022,2021,Business Services,Halifax,1,EDP2,Venture 2 Impact Inc.,Halifax,B3K 1Y8,2500.00,1,44.660293,-63.602806,1,1
2516,2021-2022,2021,Business Services,Halifax,1,PIVP,Venture 2 Impact Inc.,Halifax,B3K 1Y8,15000.00,1,44.660293,-63.602806,1,1
2517,2021-2022,2021,ICT (includes Digital Media),Halifax,1,EDP 1,Vesuvius Media Ltd.,Halifax,B3M 1W8,10000.00,1,44.675532,-63.651165,1,1
2518,2021-2022,2021,Fish & Seafood Processing,Victoria,1,EDP2,Victoria Co-operative Fisheries Limited,Neil's Harbour,B0C 1N0,21500.00,1,46.8106773,-60.322748,1,1
2519,2021-2022,2021,Fish & Seafood Processing,Victoria,1,EDP3,Victoria Co-operative Fisheries Limited,Neil's Harbour,B0C 1N0,8500.00,1,46.8106773,-60.322748,1,1
2520,2021-2022,2021,Agri-food,Digby,1,PIVP,Vignoble De La Baie,Comeauville,B0W 2Z0,15000.00,1,44.294032,-66.124877,1,1
2521,2021-2022,2021,ICT (includes Digital Media),Halifax,1,EDP3,Virtual Hallway Consults Inc.,Halifax,B3H 3J9,23557.00,1,44.641052,-63.589579,1,1
2522,2021-2022,2021,ICT (includes Digital Media),Halifax,1,PRB,Virtusa Corporation,Halifax,B2V 2L6,2457000.00,1,44.647197,-63.572656,1,1
2523,2021-2022,2021,Agri-food,Kings,1,PIVP,Vitis Vine Services,Kentville,B4N 1N7,15000.00,1,46.14616,-60.198912,1,1
2524,2021-2022,2021,ICT (includes Digital Media),Halifax,1,EDP2,WarrierTech Inc.,Bedford,B4B0H8,27314.00,1,44.721426,-63.705095,1,1
2525,2021-2022,2021,Clothing & Textiles,Pictou,1,EDP3,Wearwell Garments Limited,Stellarton,B0K 1S0,22050.00,1,45.555879,-62.681456,1,1
2526,2021-2022,2021,Business Services,Halifax,1,EDP3,Westgate Executive Branding & Career Consulting Inc.,Dartmouth,B2Y 3V9,1544.00,1,44.664817,-63.542513,1,1
2527,2021-2022,2021,Business Services,Halifax,1,EDP2,Westgate Executive Branding & Career Consulting Inc.,Dartmouth,B2Y 3V9,4968.00,1,44.664817,-63.542513,1,1
2528,2022-2023,2022,Advanced Manufacturing,Lunenburg,1,EDP1,Vale Packaging Limited,Hubbards,B0J 1T0,4162.50,1,44.58884001,-64.06880904,1,1
2529,2021-2022,2021,Business Services,Halifax,1,EDP2,Westgate Executive Branding & Career Consulting Inc.,Dartmouth,B2Y 3V9,2840.00,1,44.664817,-63.542513,1,1
2530,2021-2022,2021,Advanced Manufacturing,Kings,1,PIVP,Willow Box Manufacturing Limited,Berwick,B0P 1E0,15000.00,1,45.054504,-64.724411,1,1
2531,2021-2022,2021,Clothing & Textiles,Inverness,1,EDP3,Windswept Farm,Inverness,BOE 1NO,7500.00,1,45.730237,-61.358842,1,1
2532,2021-2022,2021,Business Services,Halifax,1,EDP2,Winstorm Presents Inc.,Dartmouth,B2Y 4M9,26000.00,1,44.660581,-63.543154,1,1
2533,2021-2022,2021,Agri-food,Halifax,1,EDP2,Wrought Iron Brewing Company Limited,Halifax,B3K 4P2,29500.00,1,44.65662,-63.597711,1,1
2534,2021-2022,2021,Oceans Technology,Halifax,1,EDP 1,Xeos Technologies Inc.,Dartmouth,B3B 1L6,15050.00,1,44.714593,-63.605337,1,1
2535,2021-2022,2021,Business Services,Halifax,1,EDP2,XK Holdings Inc.,Bedford,B4A 0H4,7000.00,1,44.700903,-63.686386,1,1
2536,2021-2022,2021,Business Services,Halifax,1,EDP2,XK Holdings Inc.,Bedford,B4A 0H4,15000.00,1,44.700903,-63.686386,1,1
2537,2021-2022,2021,Business Services,Halifax,1,EDP3,XK Holdings Inc.,Bedford,B4A 0H4,7000.00,1,44.700903,-63.686386,1,1
2538,2021-2022,2021,Finance & Insurance,Halifax,1,EDP3,Yinfinite Trading International Inc.,Halifax,B3M 3P9,30000.00,1,44.651852,-63.65165,1,1
2539,2021-2022,2021,ICT (includes Digital Media),Halifax,1,EDP2,Zmley Inc.,Halifax,B3L 2C2,20000.00,1,44.632133,-63.632263,1,1
2540,2022-2023,2022,Agri-food,Cumberland,1,IRP,Oxford Frozen Foods Limited,Oxford,B0M 1P0,1049612.00,1,45.73435138,-63.87418192,1,1
2541,2022-2023,2022,ICT (includes Digital Media),Pictou,1,EDP2,360Lab Inc.,New Glasgow,B2H 2X1,7950.00,1,45.59258398,-62.64047197,1,1
2542,2022-2023,2022,ICT (includes Digital Media),Halifax,1,PRP,Mariner Partners Inc.,Halifax,B3J 3T2,990000.00,1,44.64339719,-63.57650399,1,1
2543,2022-2023,2022,Advanced Manufacturing,Pictou,1,EDP1,Aqua Production Systems Incorporated,Union Centre,B0K 2A0,4710.23,1,45.530022,-62.75507203,1,1
2544,2022-2023,2022,Other,Halifax,1,EDP3,Harvest Clean Eats Inc.,Bedford,B4A 4L8,3525.00,1,44.7062377,-63.6780847,1,1
2545,2022-2023,2022,CleanTech,Halifax,1,EDP1,Zen Electric Bikes Inc.,Dartmouth,B2Y 4M9,3350.00,1,44.661197,-63.54252116,1,1
2546,2022-2023,2022,Aerospace & Defence,Halifax,1,EDP1,Nautics Technical Surveillance Corporation,Bedford,B4A 2X9,6790.79,1,44.73634952,-63.65696867,1,1
2547,2022-2023,2022,ICT (includes Digital Media),Halifax,1,EDP1,Checkin Innovative Care Technologies Inc.,Dartmouth,B2Y 4J2,2126.50,1,44.6794361,-63.55246478,1,1
2548,2022-2023,2022,Advanced Manufacturing,Halifax,1,EDP2,"Spiri Robotics, Inc.",Dartmouth,B2Y 4T5,15000.00,1,44.66075972,-63.5564813,1,1
2549,2022-2023,2022,ICT (includes Digital Media),Halifax,1,EDP1,B-Line Transportation Analytics Inc.,Halifax,B3H 4P8,3900.00,1,44.64079209,-63.56614748,1,1
2550,2022-2023,2022,CleanTech,Halifax,1,EDP1,ROCarbon Labs Limited,Bedford,B4B 1H6,1100.00,1,44.6990625,-63.6994132,1,1
2551,2022-2023,2022,Other,Halifax,1,EDP1,Medika Beauty Institute Inc.,Hammonds Plains,B4B 0E1,800.00,1,44.75949589,-63.80100581,1,1
2552,2022-2023,2022,Energy,Kings,1,PIVP,Community Biofuels Inc.,Harmony,B0P 1R0,25000.00,1,44.95259298,-64.88862296,1,1
2553,2022-2023,2022,Agri-food,Halifax,1,IRP,Nine Locks Brewing Company Limited,Dartmouth,B2X 2T5,1118063.00,1,44.69489942,-63.54792162,1,1
2554,2022-2023,2022,Advanced Manufacturing,Halifax,1,EDP1,Mattatall Signs Limited,Dartmouth,B3B 1L3,2600.00,1,44.7003593,-63.588484,1,1
2555,2022-2023,2022,CleanTech,Halifax,1,EDP1,Zen Electric Bikes Inc.,Dartmouth,B2Y 4M9,2800.00,1,44.661197,-63.54252116,1,1
2556,2022-2023,2022,Advanced Manufacturing,Halifax,1,EDP1,Graphite Innovation and Technologies Inc.,Dartmouth,B2Y 4M9,2450.00,1,44.661197,-63.54252116,1,1
2557,2022-2023,2022,ICT (includes Digital Media),Halifax,1,PRP,MindSea Development Incorporated,Halifax,B3J 3M8,492800.00,1,44.6472998,-63.57243299,1,1
2558,2022-2023,2022,Advanced Manufacturing,Halifax,1,EDP1,Snap Innovations Inc.,Halifax,B3P 1M1,2350.00,1,44.61831518,-63.61448139,1,1
2559,2022-2023,2022,Agri-food,Halifax,1,EDP1,Renegade Nutrition Inc.,Halifax,B3P 2E1,3350.00,1,44.63097709,-63.62140543,1,1
2560,2022-2023,2022,ICT (includes Digital Media),Halifax,1,EDP1,Fundmetric Incorporated,Halifax,B3J 3K3,4432.50,1,44.64333722,-63.57843871,1,1
2561,2022-2023,2022,ICT (includes Digital Media),Halifax,1,EDP1,11746847 Canada Limited,Halifax,B3S 1E4,2500.00,1,44.6635635,-63.66583991,1,1
2562,2022-2023,2022,Business Services,Halifax,1,EDP2,Westgate Executive Branding & Career Consulting Inc.,Dartmouth,B2Y 3V9,6325.87,1,44.66496052,-63.54238244,1,1
2563,2022-2023,2022,ICT (includes Digital Media),Halifax,1,EDP1,Talkatoo Inc.,Halifax,B3J 3K5,1731.30,1,44.6443969,-63.57215152,1,1
2564,2022-2023,2022,Clothing & Textiles,Kings,1,EDP2,Authentic Ginger Clothing Co.,Wolfville,B4P 1M5,5850.00,1,45.08527621,-64.35439968,1,1
2565,2022-2023,2022,ICT (includes Digital Media),Halifax,1,EDP1,Authentech Systems Ltd.,Hammonds Plains,B4B 1W3,1500.00,1,44.75761659,-63.78412877,1,1
2566,2022-2023,2022,CleanTech,Halifax,1,EDP1,ROCarbon Labs Limited,Bedford,B4B 1H6,2475.00,1,44.6990625,-63.6994132,1,1
2567,2022-2023,2022,Business Services,Halifax,1,EDP1,Michael MacMillan Consulting Inc.,Halifax,B3P 2C4,3448.50,1,44.62595231,-63.61845919,1,1
2568,2022-2023,2022,Business Services,Halifax,1,EDP1,Pink Ink Realty Ltd.,Halifax,B3K 4P6,2400.00,1,44.65916229,-63.60099633,1,1
2569,2022-2023,2022,Life Sciences,Halifax,1,EDP1,Detectica Inc.,Bedford,B4A 0G5,2600.00,1,44.70434649,-63.68210608,1,1
2570,2022-2023,2022,Life Sciences,Halifax,1,EDP1,Sona Nanotech Inc.,Halifax,B3J 3R7,4835.00,1,44.65264008,-63.5745241,1,1
2571,2022-2023,2022,Advanced Manufacturing,Cumberland,1,EDP2,Surrette Battery Co. Ltd.,Springhill,B0M 1X0,15000.00,1,45.65348102,-64.06447903,1,1
2572,2022-2023,2022,Transportation & Logistics,Kings,1,EDP1,Brakemate Ltd.,Kentville,B4N 5H2,4400.00,1,45.07038898,-64.55840104,1,1
2573,2022-2023,2022,Business Services,Halifax,1,EDP2,Danielle Hartley Indigenous Relations,Dartmouth,B2Y 4P5,19740.00,1,44.66628821,-63.56918936,1,1
2574,2022-2023,2022,Business Services,Halifax,1,EDP2,Michael MacMillan Consulting Inc.,Halifax,B3P 2C4,14375.00,1,44.62595231,-63.61845919,1,1
2575,2022-2023,2022,Business Services,Halifax,1,EDP1,Fit First Holdings Inc.,Dartmouth,B3B 0A1,1647.00,1,44.71037061,-63.58494767,1,1
2576,2022-2023,2022,Oceans Technology,Halifax,1,EDP1,Integrasee Research Inc.,Dartmouth,B2X 2J5,2500.00,1,44.69880538,-63.5505289,1,1
2577,2022-2023,2022,Agri-food,Halifax,1,EDP1,Made With Local Snack Foods Inc.,Dartmouth,B2Y 1H1,2450.00,1,44.66512832,-63.56766938,1,1
2578,2022-2023,2022,Business Services,Lunenburg,1,EDP2,Onpayroll.Ca Canada Corp.,Bridgewater,B4V 2W9,30000.00,1,44.401499,-64.533185,1,1
2579,2022-2023,2022,Business Services,Inverness,1,EDP1,1250657 BC Ltd.,Port Hood,B0E 2W0,2150.00,1,46.02414802,-61.52020999,1,1
2580,2022-2023,2022,Agri-food,Halifax,1,PIVP,Oberland Agriscience Inc.,Halifax,B3S 1C2,15000.00,1,44.62676129,-63.66656302,1,1
2581,2022-2023,2022,Oceans Technology,Halifax,1,EDP1,Reeldata Inc.,Halifax,B3K 2Z8,4850.00,1,44.65184011,-63.58154563,1,1
2582,2022-2023,2022,ICT (includes Digital Media),Cape Breton,1,EDP1,Breton Smartek Inc.,Sydney,B1P 3S6,1323.75,1,46.13584267,-60.17018249,1,1
2583,2022-2023,2022,Advanced Manufacturing,Halifax,1,EDP1,Graphite Innovation and Technologies Inc.,Dartmouth,B2Y 4M9,5050.00,1,44.661197,-63.54252116,1,1
2584,2022-2023,2022,Engineering & Professional,Halifax,1,EDP1,Nexus Coastal Resource Management Limited,Halifax,B3M 3Y7,5300.00,1,44.66292719,-63.65753596,1,1
2585,2022-2023,2022,CleanTech,Halifax,1,PIVP,Pure Carbon Capture,Prospect,B3T 2K3,25000.00,1,44.47936619,-63.78244383,1,1
2586,2022-2023,2022,Oceans Technology,Halifax,1,EDP1,RBR Atlantic Instrumentation Ltd.,Dartmouth,B2Y 4T5,5650.00,1,44.66075972,-63.5564813,1,1
2587,2022-2023,2022,Finance & Insurance,Halifax,1,EDP2,"April Stroink, Money Coaching",Halifax,B3H 2K3,18000.00,1,44.6446414,-63.58990632,1,1
2588,2022-2023,2022,Clothing & Textiles,Halifax,1,EDP1,Sevaen Workwear Limited,Dartmouth,B3B 1L2,2975.00,1,44.7051481,-63.5933217,1,1
2589,2022-2023,2022,Business Services,Halifax,1,EDP1,WeUsThem Inc.,Halifax,B3J 3K9,3118.44,1,44.64853102,-63.57454648,1,1
2590,2022-2023,2022,ICT (includes Digital Media),Halifax,1,EDP1,Huminah Huminah Animation Limited,Dartmouth,B2Y 4V7,4100.00,1,44.6701179,-63.56273513,1,1
2591,2022-2023,2022,Business Services,Halifax,1,EDP2,Career Story Project Inc.,Halifax,B3M 1Z8,5000.00,1,44.67988198,-63.66162616,1,1
2592,2022-2023,2022,ICT (includes Digital Media),Halifax,1,EDP1,Erebor Management Ltd.,Hubley,B3Z 1A7,1744.30,1,44.6640709,-63.79258854,1,1
2593,2022-2023,2022,ICT (includes Digital Media),Halifax,1,EDP1,Vesuvius Media Ltd.,Halifax,B3M 1W8,1918.96,1,44.6754586,-63.65096497,1,1
2594,2022-2023,2022,Advanced Manufacturing,Inverness,1,PIVP,Larch Wood Enterprises Inc.,East Margaree,B0E 1Y0,15000.00,1,46.43293327,-61.09338429,1,1
2595,2022-2023,2022,Advanced Manufacturing,Cumberland,1,EDP1,2223134 Nova Scotia Limited,Amherst,B4H 3Y4,5100.00,1,45.849277,-64.18150096,1,1
2596,2022-2023,2022,Advanced Manufacturing,Hants,1,EDP1,Nu-Air Ventilation Systems Incorporated,Windsor,B0N 2T0,8618.45,1,44.98943099,-64.10510302,1,1
2597,2022-2023,2022,Advanced Manufacturing,Hants,1,EDP1,Nu-Air Ventilation Systems Incorporated,Windsor,B0N 2T0,1397.41,1,44.98943099,-64.10510302,1,1
2598,2022-2023,2022,Fish & Seafood Processing,Shelburne,1,EDP1,Age Lobster Inc.,Clark's Harbour,B0W 1P0,4950.00,1,43.43452999,-65.62439204,1,1
2599,2022-2023,2022,Agri-food,Lunenburg,1,EDP1,Sun Under The Sea Nutrition Inc.,Chester,B0J 1K0,1500.00,1,44.553777,-64.248911,1,1
2600,2022-2023,2022,ICT (includes Digital Media),Halifax,1,EDP1,Talkatoo Inc.,Halifax,B3J 3K5,1575.63,1,44.6443969,-63.57215152,1,1
2601,2022-2023,2022,CleanTech,Halifax,1,EDP1,Clean Valley Bio-Filtration Technologies CIC,Dartmouth,B2Y 1N8,1200.00,1,44.680985,-63.54576781,1,1
2602,2022-2023,2022,Oceans Technology,Halifax,1,EDP1,Sensor Technology Ltd.,Dartmouth,B2Y 4T5,10991.85,1,44.66275222,-63.5568393,1,1
2603,2022-2023,2022,Advanced Manufacturing,Cumberland,1,EDP3,Cabinet Central Inc.,Amherst,B4H 4R3,30000.00,1,45.817192,-64.21592703,1,1
2604,2022-2023,2022,Agri-food,Halifax,1,EDP2,JusNova Agriculture Ltd.,Halifax,B3M 1N1,30000.00,1,44.66409982,-63.6420825,1,1
2605,2022-2023,2022,Life Sciences,Halifax,1,EDP1,Ring Rescue Incorporated,Dartmouth,B2Y 4W6,4050.00,1,44.65646378,-63.54008169,1,1
2606,2022-2023,2022,Business Services,Lunenburg,1,EDP3,Mashup Lab Limited,Wileville,B4V 5M7,7000.00,1,44.390673,-64.56308401,1,1
2607,2022-2023,2022,ICT (includes Digital Media),Halifax,1,EDP2,Eli Technology Inc.,Halifax,B3M 2L4,30000.00,1,44.68290361,-63.66155106,1,1
2608,2022-2023,2022,Agri-food,Halifax,1,EDP2,Renegade Nutrition Inc.,Halifax,B3P 2E1,10000.00,1,44.63097709,-63.62140543,1,1
2609,2022-2023,2022,Agri-food,Kings,1,EDP1,McConnell Gordon Estates Limited,Gaspereau,B4P 2R1,2575.00,1,44.99426948,-64.31280717,1,1
2610,2022-2023,2022,Oceans Technology,Halifax,1,EDP1,Survival Systems Limited,Dartmouth,B2Y 4W6,11900.00,1,44.65606841,-63.53998932,1,1
2611,2022-2023,2022,ICT (includes Digital Media),Halifax,1,EDP1,Copernicus Studios Inc.,Halifax,B3J 3P1,5500.00,1,44.64192491,-63.57118752,1,1
2612,2022-2023,2022,Agri-food,Antigonish,1,IRP,Tony's Meats Ltd.,Antigonish,B2G 2L2,234431.00,1,45.63273099,-61.96200603,1,1
2613,2022-2023,2022,Business Services,Halifax,1,EDP2,Big Waves Consulting,Halifax,B3K 2E2,2500.00,1,44.66207261,-63.60474833,1,1
2614,2022-2023,2022,Creative Industries,Halifax,1,EDP3,The Arts Firm Inc.,Dartmouth,B2Y 0C1,21599.39,1,44.66410292,-63.56373106,1,1
2615,2022-2023,2022,Advanced Manufacturing,Colchester,1,EDP1,Ditch Doctor Atlantic Limited,Glenholme,B0M 1G0,6550.00,1,45.49447879,-63.55460678,1,1
2616,2022-2023,2022,Life Sciences,Halifax,1,EDP1,Photodynamic Incorporated,Halifax,B3H 0A8,6584.00,1,44.63964231,-63.58306912,1,1
2617,2022-2023,2022,CleanTech,Pictou,1,Project Management,NRStor Trenton Energy Storage LP,Trenton,B0K 1X0,0.00,1,45.65150595,-62.62472816,1,1
2618,2022-2023,2022,CleanTech,Halifax,1,EDP1,Drinkable Water Solutions Inc.,Dartmouth,B2W 4X7,2100.00,1,44.69354071,-63.49338418,1,1
2619,2022-2023,2022,ICT (includes Digital Media),Halifax,1,EDP1,3RDI Laboratory Incorporated,New Minas,B4N 3R5,5400.00,1,45.06652798,-64.46873102,1,1
2620,2022-2023,2022,Clothing & Textiles,Halifax,1,EDP2,Yaletown Applications Inc.,Halifax,V3H 4H6,12000.00,1,44.6464578,-63.57321938,1,1
2621,2022-2023,2022,Business Services,Halifax,1,EDP2,Formula Consulting Inc.,Halifax,B3J 0A1,30000.00,1,44.6449377,-63.57125919,1,1
2622,2022-2023,2022,Transportation & Logistics,Colchester,1,PIVP,Asante Logistic Group Inc,Truro,B2N 1B5,25000.00,1,45.35694299,-63.29683299,1,1
2623,2022-2023,2022,Oceans Technology,Shelburne,1,EDP1,ProNova Marine Products Limited,Lower Woods Harbour,B0W 2E0,3800.00,1,43.51742198,-65.73777999,1,1
2624,2022-2023,2022,Oceans Technology,Halifax,1,EDP1,3310959 Nova Scotia Limited,Bedford,B4A 0H4,3975.00,1,44.70105379,-63.68605287,1,1
2625,2022-2023,2022,Agri-food,Kings,1,PIVP,Vitis Vine Inc.,Kentville,B4N 1N7,25000.00,1,45.07539499,-64.51945997,1,1
2626,2022-2023,2022,Advanced Manufacturing,Halifax,1,EDP1,Laughing Panda Hobbies and Toys,Upper Tantallon,B3Z 1H6,2690.00,1,44.70814882,-63.85244404,1,1
2627,2022-2023,2022,Energy,Halifax,1,EDP1,Lorax Systems Inc.,Dartmouth,B3B 1S8,2450.00,1,44.69999511,-63.58599122,1,1
2628,2022-2023,2022,Business Services,Lunenburg,1,EDP1,Mashup Lab Limited,Wileville,B4V 5M7,5334.50,1,44.390673,-64.56308401,1,1
2629,2022-2023,2022,Advanced Manufacturing,Antigonish,1,EDP1,Tightline Anchor Inc.,Antigonish,B2G 2S6,5650.00,1,45.62777498,-62.00365897,1,1
2630,2022-2023,2022,CleanTech,Halifax,1,EDP1,Rayleigh Solar Tech Inc.,Dartmouth,B2Y 4M9,2200.00,1,44.661197,-63.54252116,1,1
2631,2022-2023,2022,ICT (includes Digital Media),Pictou,1,EDP1,360Lab Inc.,New Glasgow,B2H 2X1,1500.00,1,45.59258398,-62.64047197,1,1
2632,2022-2023,2022,Oceans Technology,Halifax,1,EDP1,3310959 Nova Scotia Limited,Bedford,B4A 0H4,1600.00,1,44.70105379,-63.68605287,1,1
2633,2022-2023,2022,Life Sciences,Halifax,1,EDP2,AKSO Marine Biotech Inc.,Hacketts Cove,B3Z 3K7,26795.50,1,44.57069038,-63.93146653,1,1
2634,2022-2023,2022,ICT (includes Digital Media),Halifax,1,EDP1,Greenii Inc.,Halifax,B3M 3M9,2250.00,1,44.66055231,-63.65502851,1,1
2635,2022-2023,2022,Agri-food,Halifax,1,EDP1,Oberland Agriscience Inc.,Halifax,B3S 1C2,2275.47,1,44.62676129,-63.66656302,1,1
2636,2022-2023,2022,ICT (includes Digital Media),Hants,1,EDP1,Academic Edge Inc.,Windsor,B0N 2T0,7261.81,1,44.99102799,-64.14318603,1,1
2637,2022-2023,2022,Business Services,Halifax,1,EDP2,Maritimes Immigration Consulting Inc.,Bedford,B4A 3N4,5000.00,1,44.7322265,-63.67279404,1,1
2638,2022-2023,2022,ICT (includes Digital Media),Halifax,1,EDP1,3032102 Nova Scotia Ltd.,Halifax,B3K 2Z8,2450.00,1,44.65213499,-63.58185232,1,1
2639,2022-2023,2022,Business Services,Halifax,1,EDP1,Trinav Fisheries Consultants Inc.,Dartmouth,B3B 1N3,2712.50,1,44.7079425,-63.5949912,1,1
2640,2022-2023,2022,CleanTech,Halifax,1,EDP1,Drinkable Water Solutions Inc.,Dartmouth,B2W 4X7,4650.00,1,44.69354071,-63.49338418,1,1
2641,2022-2023,2022,Advanced Manufacturing,Lunenburg,1,EDP2,Lobster Made Easy Inc.,Mahone Bay,B0J 2E0,19100.00,1,44.455754,-64.37888196,1,1
2642,2022-2023,2022,ICT (includes Digital Media),Halifax,1,EDP3,3043176 Nova Scotia Limited,Dartmouth,B3B 0K4,18275.00,1,44.70817539,-63.60622396,1,1
2643,2022-2023,2022,Aerospace & Defence,Halifax,1,EDP1,NewAE Technology Inc.,Dartmouth,B3B 1W1,11915.05,1,44.7084123,-63.59596384,1,1
2644,2022-2023,2022,Oceans Technology,Halifax,1,EDP1,Sensor Technology Ltd.,Dartmouth,B2Y 4T5,5600.00,1,44.66275222,-63.5568393,1,1
2645,2022-2023,2022,ICT (includes Digital Media),Halifax,1,EDP1,Boondoc Technologies Incorporated,Halifax,B3K 4X5,1150.00,1,44.66215572,-63.61043168,1,1
2646,2022-2023,2022,Clothing & Textiles,Halifax,1,EDP1,Vanity Fashions Limited,Dartmouth,B3B 1Z6,3560.63,1,44.71558809,-63.58313877,1,1
2647,2022-2023,2022,Agri-food,Halifax,1,EDP1,Wrought Iron Brewing Company Limited,Halifax,B3K 4P2,3550.00,1,44.65653419,-63.59778246,1,1
2648,2022-2023,2022,ICT (includes Digital Media),Hants,1,PIVP,Academic Edge Inc.,Windsor,B0N 2T0,15000.00,1,44.99102799,-64.14318603,1,1
2649,2022-2023,2022,Aerospace & Defence,Halifax,1,IRP,Aerotec Engines Limited,Beaverbank,B4G 0A6,450000.00,1,44.79219672,-63.67883974,1,1
2650,2022-2023,2022,ICT (includes Digital Media),Halifax,1,EDP2,Essential Recruit Incorporated,Halifax,B3K5V4,15000.00,1,44.6645428,-63.61429573,1,1
2651,2022-2023,2022,Business Services,Halifax,1,EDP2,Sea Change Colab Consulting Inc.,Halifax,B3K 2M9,9650.00,1,44.66429101,-63.61096401,1,1
2652,2022-2023,2022,Finance & Insurance,Halifax,1,EDP3,East Bay Tech Lab Inc.,Halifax,B3H 4B5,12636.27,1,44.63933741,-63.5994948,1,1
2653,2022-2023,2022,Fish & Seafood Processing,Queens,1,EDP1,Captain Little Seafood Ltd.,Port Mouton,B0T 1T0,29300.00,1,43.913648,-64.83646103,1,1
2654,2022-2023,2022,Agri-food,Kings,1,EDP1,McConnell Gordon Estates Limited,Gaspereau,B4P 2R1,1100.00,1,44.99426948,-64.31280717,1,1
2655,2022-2023,2022,Advanced Manufacturing,Pictou,1,IRP,Big 8 Beverages Limited,Stellarton,B0K 1S0,838291.00,1,45.57478853,-62.65641767,1,1
2656,2022-2023,2022,Advanced Manufacturing,Halifax,1,EDP1,Mil-Aero Electronics Atlantic Inc.,Dartmouth,B2Y 4V9,800.00,1,44.65789562,-63.54001707,1,1
2657,2022-2023,2022,Engineering & Professional,Halifax,1,EDP1,Enginuity Inc.,Halifax,B3P 1M1,900.00,1,44.61831518,-63.61448139,1,1
2658,2022-2023,2022,ICT (includes Digital Media),Halifax,1,EDP1,Swept Technologies Inc.,Halifax,B3H 1B2,4672.67,1,44.62425871,-63.57557997,1,1
2659,2022-2023,2022,Advanced Manufacturing,Halifax,1,EDP1,Reftek Systems Inc.,Dartmouth,B3B 1T8,1850.00,1,44.69449851,-63.58665683,1,1
2660,2022-2023,2022,ICT (includes Digital Media),Cumberland,1,EDP1,Cultureally Software Inc.,Pugwash,B0K 1L0,1850.00,1,45.87157102,-63.56837799,1,1
2661,2022-2023,2022,Agri-food,Lunenburg,1,EDP3,Muwin Estate Wines Ltd.,New Ross,B0J 2M0,7200.00,1,44.83006498,-64.51168802,1,1
2662,2022-2023,2022,Advanced Manufacturing,Halifax,1,IRP,Ace Machining Limited,Dartmouth,B2Y 4W6,193514.00,1,44.65567861,-63.53955061,1,1
2663,2022-2023,2022,Business Services,Halifax,1,EDP1,The GlobalEyes Network Inc.,Halifax,B3K 3W7,9592.50,1,44.65406928,-63.59076496,1,1
2664,2022-2023,2022,Business Services,Inverness,1,EDP2,1250657 BC Ltd.,Port Hood,B0E 2W0,4875.00,1,46.02414802,-61.52020999,1,1
2665,2022-2023,2022,Business Services,Pictou,1,PIVP,Greenoil Solutions Limited,New Glasgow,B2H 5C4,15000.00,1,45.60210301,-62.57556997,1,1
2666,2022-2023,2022,Business Services,Halifax,1,EDP1,Elemental Concepts Limited,Stillwater Lake,B3Z 1G5,4325.00,1,44.70317428,-63.84027142,1,1
2667,2022-2023,2022,Agri-food,Pictou,1,EDP1,3284906 Nova Scotia Limited,New Glasgow,B2H 2P5,4700.00,1,45.588971,-62.644633,1,1
2668,2022-2023,2022,Oceans Technology,Lunenburg,1,EDP1,Pro-Oceanus Systems Incorporated,Bridgewater,B4V 1N1,3200.00,1,44.37764799,-64.52006003,1,1
2669,2022-2023,2022,Fish & Seafood Processing,Colchester,1,PIVP,North River Fish Farm Limited,North River,B2N 5H4,25000.00,1,45.36000683,-63.23642403,1,1
2670,2022-2023,2022,Finance & Insurance,Halifax,1,EDP1,4316005 Nova Scotia Limited,Halifax,B3P 1V5,830.63,1,44.62882219,-63.60628909,1,1
2671,2022-2023,2022,Life Sciences,Halifax,1,EDP1,Axtion Independence Mobility Inc.,Halifax,B3J 1B6,5514.00,1,44.64146629,-63.57312089,1,1
2672,2022-2023,2022,ICT (includes Digital Media),Halifax,1,EDP1,WarrierTech Inc.,Bedford,B4B 0H8,2400.00,1,44.72112451,-63.70527501,1,1
2673,2022-2023,2022,ICT (includes Digital Media),Halifax,1,EDP1,Korrai Technologies Ltd.,Halifax,B3J 3K5,5250.00,1,44.6443969,-63.57215152,1,1
2674,2022-2023,2022,Business Services,Halifax,1,EDP2,Venture 2 Impact Inc.,Halifax,B3K 1Y8,7920.00,1,44.66046392,-63.60286391,1,1
2675,2022-2023,2022,Energy,Queens,1,PIVP,Remote Energy Systems Ltd.,Brooklyn,B0J 1H0,25000.00,1,44.05431498,-64.68994201,1,1
2676,2022-2023,2022,Life Sciences,Halifax,1,EDP1,Precision BioLogic Incorporated,Dartmouth,B3B 0A9,5075.00,1,44.69614321,-63.57192069,1,1
2677,2022-2023,2022,ICT (includes Digital Media),Halifax,1,EDP1,Master Merchant Systems Software Limited,Dartmouth,B3B 1T5,900.00,1,44.69804359,-63.58181301,1,1
2678,2022-2023,2022,ICT (includes Digital Media),Halifax,1,EDP1,Copernicus Studios Inc.,Halifax,B3J 3P1,6422.46,1,44.64192491,-63.57118752,1,1
2679,2022-2023,2022,Business Services,Halifax,1,EDP1,Foundation Marketing Services Inc.,Dartmouth,B3A 3S9,5350.00,1,44.67950718,-63.56525037,1,1
2680,2022-2023,2022,Oceans Technology,Halifax,1,EDP1,Leeway Yachts Limited,Dartmouth,B2Y 2W1,1700.00,1,44.66075972,-63.5564813,1,1
2681,2022-2023,2022,ICT (includes Digital Media),Halifax,1,EDP1,Red Meat Games Inc.,Halifax,B3J 2G3,4550.00,1,44.64649648,-63.57647374,1,1
2682,2022-2023,2022,Life Sciences,Halifax,1,EDP1,AKSO Marine Biotech Inc.,Hackets Cove,B3Z 3K7,2700.00,1,44.57069038,-63.93146653,1,1
2683,2022-2023,2022,Oceans Technology,Halifax,1,EDP1,Marine Thinking Inc.,Halifax,B3H 4N4,630.00,1,44.6383266,-63.56697176,1,1
2684,2022-2023,2022,Life Sciences,Halifax,1,EDP1,Ardea Outcomes Inc.,Halifax,B3J 3M8,3800.00,1,44.6472998,-63.57243299,1,1
2685,2022-2023,2022,Advanced Manufacturing,Halifax,1,EDP1,Hallmark Dental Laboratory Limited,Halifax,B3S 0G4,385.23,1,44.64147832,-63.67858384,1,1
2686,2022-2023,2022,Oceans Technology,Halifax,1,EDP1,3310959 Nova Scotia Limited,Bedford,B4A 0H4,6250.00,1,44.70105379,-63.68605287,1,1
2687,2022-2023,2022,Business Services,Halifax,1,EDP1,Fit First Holdings Inc.,Dartmouth,B3B 0A1,6057.03,1,44.71037061,-63.58494767,1,1
2688,2022-2023,2022,Life Sciences,Halifax,1,EDP1,Ring Rescue Incorporated,Dartmouth,B2Y 4W6,3250.00,1,44.65646378,-63.54008169,1,1
2689,2022-2023,2022,Agri-food,Kings,1,IRP,McConnell Gordon Estates Limited o/a Benjamin Bridge Vineyards,Gaspereau,B4P 2R1,137500.00,1,45.06699518,-64.37189637,1,1
2690,2022-2023,2022,Advanced Manufacturing,Halifax,1,EDP1,Sealand Building Group Inc.,Lower Sackville,B4C 0A7,2267.50,1,44.75996448,-63.65077947,1,1
2691,2022-2023,2022,Other,Halifax,1,EDP1,Denny's Atlantic Detailing Products Ltd.,Waverley,B2R 1W7,1100.00,1,44.75256859,-63.56934543,1,1
2692,2022-2023,2022,Engineering & Professional,Halifax,1,EDP2,ShiftED Academy Inc.,Bayside,B3Z 1L4,12500.00,1,44.53441958,-63.79521257,1,1
2693,2022-2023,2022,Clothing & Textiles,Halifax,1,EDP3,9909460 Canada Ltd.,Halifax,B3S 1B7,19000.00,1,44.6386032,-63.6646382,1,1
2694,2022-2023,2022,Advanced Manufacturing,Halifax,1,EDP1,Dormie Golf Workshop Inc.,Halifax,B3K 5A5,26550.00,1,44.66468421,-63.6195485,1,1
2695,2022-2023,2022,Clothing & Textiles,Halifax,1,EDP1,Vanity Fashions Limited,Dartmouth,B3B 1Z6,2360.50,1,44.71558809,-63.58313877,1,1
2696,2022-2023,2022,Clothing & Textiles,Cape Breton,1,EDP1,Red Label Kilts Inc.,Sydney,B1P 4N7,5350.00,1,46.12873942,-60.18460359,1,1
2697,2022-2023,2022,Business Services,Lunenburg,1,EDP1,Mashup Lab Limited,Wileville,B4V 5M7,3900.00,1,44.390673,-64.56308401,1,1
2698,2022-2023,2022,Engineering & Professional,Halifax,1,EDP1,Nexus Coastal Resource Management Limited,Halifax,B3M 3Y7,4600.00,1,44.66292719,-63.65753596,1,1
2699,2022-2023,2022,Oceans Technology,Halifax,1,EDP1,Xeos Technologies Inc.,Dartmouth,B3B 1L6,3350.00,1,44.71448181,-63.60500112,1,1
2700,2022-2023,2022,Fish & Seafood Processing,Shelburne,1,EDP1,Fishermen's Premium Atlantic Lobster Inc.,North East Point,B0W 2P0,3186.00,1,43.51184839,-65.60704217,1,1
2701,2022-2023,2022,Finance & Insurance,Halifax,1,EDP2,4316005 Nova Scotia Limited,Halifax,B3P 1V5,9900.00,1,44.62882219,-63.60628909,1,1
2702,2022-2023,2022,ICT (includes Digital Media),Halifax,1,EDP1,Greenii Inc.,Halifax,B3M 3M9,2850.00,1,44.66055231,-63.65502851,1,1
2703,2022-2023,2022,Business Services,Halifax,1,EDP1,Sea Change Colab Consulting Inc.,Halifax,B3K 2M9,1400.00,1,44.66429101,-63.61096401,1,1
2704,2022-2023,2022,ICT (includes Digital Media),Halifax,1,EDP3,Virtual Hallway Consults Inc.,Halifax,B3K 2Z8,5908.87,1,44.6513447,-63.58610111,1,1
2705,2022-2023,2022,Aerospace & Defence,Halifax,1,EDP1,Bluedrop Training & Simulation Inc.,Halifax,B3S 1N2,14200.00,1,44.65513152,-63.6699628,1,1
2706,2022-2023,2022,Oceans Technology,Halifax,1,EDP1,GeoSpectrum Technologies Incorporated,Dartmouth,B3B 1J4,2100.00,1,44.7046461,-63.60985458,1,1
2707,2022-2023,2022,ICT (includes Digital Media),Cape Breton,1,EDP1,Breton Smartek Inc.,Sydney,B1P 3S6,2300.00,1,46.13584267,-60.17018249,1,1
2708,2022-2023,2022,Agri-food,Hants,1,EDP1,Shivani's Kitchen Ltd.,Halifax,B3S 1L1,1291.92,1,44.6704502,-63.67389618,1,1
2709,2022-2023,2022,Advanced Manufacturing,Guysborough,1,IRP,Scotia Pallets Ltd,Goshen,B0H 1M0,213000.00,1,45.37796786,-61.9003397,1,1
2710,2022-2023,2022,Life Sciences,Halifax,1,EDP1,Melior Motus Inc.,Halifax,B3H 2M1,6642.50,1,44.64143599,-63.60439746,1,1
2711,2022-2023,2022,Business Services,Halifax,1,EDP1,True North Fabrication Limited,Halifax,B3M 4S9,1700.00,1,44.6701661,-63.66842028,1,1
2712,2022-2023,2022,Business Services,Halifax,1,EDP3,Foundation Marketing Services Inc.,Dartmouth,B3A 3S9,22345.00,1,44.67950718,-63.56525037,1,1
2713,2022-2023,2022,Oceans Technology,Halifax,1,EDP1,Ashored Inc.,Bedford,B4A 2T3,2530.00,1,44.7371875,-63.64741339,1,1
2714,2022-2023,2022,Business Services,Halifax,1,EDP1,Michael MacMillan Consulting Inc.,Halifax,B3P 2C4,7650.00,1,44.62595231,-63.61845919,1,1
2715,2022-2023,2022,Business Services,Lunenburg,1,EDP3,New Voice Languages & Tutoring Inc.,Lunenburg,B0J 2C0,5309.30,1,44.38010501,-64.31373001,1,1
2716,2022-2023,2022,Agri-food,Colchester,1,IRP,Balamore Farm Limited,Great Village,B0M 1L0,425000.00,1,45.39960202,-63.55607604,1,1
2717,2022-2023,2022,CleanTech,Halifax,1,EDP1,ROCarbon Labs Limited,Bedford,B4B 1H6,2400.00,1,44.6990625,-63.6994132,1,1
2718,2022-2023,2022,ICT (includes Digital Media),Halifax,1,EDP1,Vesuvius Media Ltd.,Halifax,B3M 1W8,2384.52,1,44.6754586,-63.65096497,1,1
2719,2022-2023,2022,Engineering & Professional,Halifax,1,EDP2,Talentworks Inc.,Halifax,B3L 4H9,16250.00,1,44.660916,-63.62728877,1,1
2720,2022-2023,2022,CleanTech,Halifax,1,EDP1,Clean Valley Bio-Filtration Technologies CIC,Dartmouth,B2Y 1N8,1736.84,1,44.680985,-63.54576781,1,1
2721,2022-2023,2022,Business Services,Halifax,1,EDP1,Partner International Incorporated,Dartmouth,B2Y 4T6,8600.00,1,44.66220488,-63.54466483,1,1
2722,2022-2023,2022,Other,Halifax,1,EDP2,Denny's Atlantic Detailing Products Ltd.,Waverley,B2R 1W7,20000.00,1,44.75256859,-63.56934543,1,1
2723,2022-2023,2022,Agri-food,Halifax,1,EDP1,Java Blend Coffee Limited,Halifax,B3K 1N9,4200.00,1,44.65435359,-63.59551147,1,1
2724,2022-2023,2022,Oceans Technology,Halifax,1,EDP1,Allswater Marine Consultants Ltd.,Halifax,B4A 1B9,3500.00,1,44.71961069,-63.67227948,1,1
2725,2022-2023,2022,ICT (includes Digital Media),Halifax,1,EDP2,10432423 Canada Limited,Halifax,B3J 3M8,9500.00,1,44.6472998,-63.57243299,1,1
2726,2022-2023,2022,ICT (includes Digital Media),Halifax,1,PIVP,Prosaris Solutions Ltd.,Bedford,B4B 1K5,15000.00,1,44.72376338,-63.71198371,1,1
2727,2022-2023,2022,Finance & Insurance,Halifax,1,EDP2,East Bay Tech Lab Inc.,Halifax,B3H 4B5,3000.00,1,44.63933741,-63.5994948,1,1
2728,2022-2023,2022,Clothing & Textiles,Inverness,1,EDP2,Missbrenna Studio Inc.,Inverness,B0E 1N0,2510.00,1,46.22322299,-61.30977402,1,1
2729,2022-2023,2022,ICT (includes Digital Media),Halifax,1,EDP1,Flolab Data Services Inc.,Bedford,B4B 0Z8,2677.38,1,44.70236048,-63.71144316,1,1
2730,2022-2023,2022,Oceans Technology,Halifax,1,EDP1,Leeway Yachts Limited,Dartmouth,B2Y 2W1,3850.00,1,44.66075972,-63.5564813,1,1
2731,2022-2023,2022,Other,Kings,1,PIVP,Motionbed Inc.,Kentville,B4N 5A7,15000.00,1,45.08274998,-64.47468703,1,1
2732,2022-2023,2022,Advanced Manufacturing,Halifax,1,EDP1,Reftek Systems Inc.,Dartmouth,B3B 1T8,1900.00,1,44.69449851,-63.58665683,1,1
2733,2022-2023,2022,ICT (includes Digital Media),Halifax,1,EDP1,Charcoal Marketing Incorporated,Halifax,B3L 1A4,3200.00,1,44.64562141,-63.59703639,1,1
2734,2022-2023,2022,ICT (includes Digital Media),Halifax,1,EDP2,Virtual Hallway Consults Inc.,Halifax,B3K 1B6,6500.00,1,44.6513447,-63.58610111,1,1
2735,2022-2023,2022,Business Services,Halifax,1,EDP1,Partner International Incorporated,Dartmouth,B2Y 4T6,4700.00,1,44.66220488,-63.54466483,1,1
2736,2022-2023,2022,Clothing & Textiles,Kings,1,EDP1,Authentic Ginger Clothing Co.,Wolfville,B4P 1M5,2113.51,1,45.08527621,-64.35439968,1,1
2737,2022-2023,2022,ICT (includes Digital Media),Halifax,1,EDP1,Checkin Innovative Care Technologies Inc.,Dartmouth,B2Y 4J2,2345.00,1,44.6794361,-63.55246478,1,1
2738,2022-2023,2022,Business Services,Halifax,1,EDP2,Atlantic Neuromodulation Solutions And Rehabilitation Inc.,Bedford,B4A1C2,2500.00,1,44.72151619,-63.67120458,1,1
2739,2022-2023,2022,Business Services,Halifax,1,EDP1,Pisces Research Project Management Inc.,Halifax,B3K 2L9,2847.50,1,44.66909799,-63.60430853,1,1
2740,2022-2023,2022,Transportation & Logistics,Kings,1,EDP1,Brakemate Ltd.,Kentville,B4N 5H2,4400.00,1,45.07038898,-64.55840104,1,1
2741,2022-2023,2022,Energy,Halifax,1,EDP1,Glas Ocean Electric Inc.,Halifax,B3P 2H3,1350.00,1,44.61460078,-63.57834516,1,1
2742,2022-2023,2022,ICT (includes Digital Media),Halifax,1,EDP1,Quantafic Digital Inc.,Halifax,B3J 3K5,3150.00,1,44.6443969,-63.57215152,1,1
2743,2022-2023,2022,ICT (includes Digital Media),Halifax,1,EDP1,11746847 Canada Limited,Halifax,B3S 1E4,2525.00,1,44.6635635,-63.66583991,1,1
2744,2022-2023,2022,ICT (includes Digital Media),Halifax,1,EDP1,Huminah Huminah Animation Limited,Dartmouth,B2Y 4V7,2154.19,1,44.6701179,-63.56273513,1,1
2745,2022-2023,2022,CleanTech,Halifax,1,PIVP,Drinkable Water Solutions Inc.,Dartmouth,B2W 4X7,15000.00,1,44.69354071,-63.49338418,1,1
2746,2022-2023,2022,Oceans Technology,Halifax,1,EDP1,Sensor Technology Ltd.,Dartmouth,B2Y 4T5,4100.00,1,44.66275222,-63.5568393,1,1
2747,2022-2023,2022,Life Sciences,Halifax,1,EDP1,Sparrow Acoustics Inc.,Lucasville,B4B 0X3,2350.00,1,44.75974731,-63.7482393,1,1
2748,2022-2023,2022,Oceans Technology,Halifax,1,EDP1,Marecomms Inc.,Halifax,B3H 2V1,5150.00,1,44.6344547,-63.57479928,1,1
2749,2022-2023,2022,Life Sciences,Halifax,1,EDP1,Ardea Outcomes Inc.,Halifax,B3J 3M8,5950.00,1,44.6472998,-63.57243299,1,1
2750,2022-2023,2022,Clothing & Textiles,Halifax,1,EDP1,Fairechild Inc.,Hubley,B3Z 1A8,5612.50,1,44.66324969,-63.78589089,1,1
2751,2022-2023,2022,Agri-food,Halifax,1,EDP1,Made With Local Snack Foods Inc.,Dartmouth,B2Y 1H1,2000.00,1,44.66512832,-63.56766938,1,1
2752,2022-2023,2022,Oceans Technology,Halifax,1,EDP1,Leeway Yachts Limited,Dartmouth,B2Y 2W1,3100.00,1,44.66075972,-63.5564813,1,1
2753,2022-2023,2022,ICT (includes Digital Media),Halifax,1,EDP1,Fundmetric Incorporated,Halifax,B3J 3K3,4100.00,1,44.64333722,-63.57843871,1,1
2754,2022-2023,2022,Oceans Technology,Halifax,1,EDP1,Reeldata Inc.,Halifax,B3K 2Z8,5400.00,1,44.65184011,-63.58154563,1,1
2755,2022-2023,2022,Business Services,Inverness,1,EDP1,1250657 BC Ltd.,Port Hood,B0E 2W0,1400.00,1,46.02414802,-61.52020999,1,1
2756,2022-2023,2022,Agri-food,Victoria,1,IRP,Groovy Goat Farm Limited,Ingonish,B0C1K0,75527.00,1,46.692194,-60.36864999,1,1
2757,2022-2023,2022,Advanced Manufacturing,Halifax,1,EDP1,Graphite Innovation and Technologies Inc.,Dartmouth,B2Y 4M9,2750.00,1,44.661197,-63.54252116,1,1
2758,2022-2023,2022,Advanced Manufacturing,Shelburne,1,EDP1,Allendale Electronics Limited,Lockeport,B0T 1L0,4200.00,1,43.75445629,-65.3204333,1,1
2759,2022-2023,2022,Advanced Manufacturing,Hants,1,EDP1,Nu-Air Ventilation Systems Incorporated,Windsor,B0N 2T0,1399.42,1,44.98943099,-64.10510302,1,1
2760,2022-2023,2022,Agri-food,Pictou,1,EDP1,Bramble Hill Farm Inc.,Westville,B0K 2A0,1200.00,1,45.56762699,-62.80300697,1,1
2761,2022-2023,2022,Clothing & Textiles,Halifax,1,EDP1,Sevaen Workwear Limited,Dartmouth,B3B 1L2,1372.50,1,44.7051481,-63.5933217,1,1
2762,2022-2023,2022,Oceans Technology,Halifax,1,EDP1,RBR Atlantic Instrumentation Ltd.,Dartmouth,B2Y 4T5,1550.00,1,44.66075972,-63.5564813,1,1
2763,2022-2023,2022,Agri-food,Halifax,1,EDP2,Chain-Yard Cider Inc.,Halifax,B3K 4C8,19500.00,1,44.6555341,-63.59411496,1,1
2764,2022-2023,2022,ICT (includes Digital Media),Halifax,1,EDP1,Huminah Huminah Animation Limited,Dartmouth,B2Y 4V7,4000.00,1,44.6701179,-63.56273513,1,1
2765,2022-2023,2022,Business Services,Halifax,1,EDP1,Success Through Trust Inc.,Halifax,B3L 2H3,2630.00,1,44.64798758,-63.62620549,1,1
2766,2022-2023,2022,Fish & Seafood Processing,Halifax,1,EDP2,Atlantic Sea Cucumber Ltd.,Hacketts Cove,B3Z 3K7,22500.00,1,44.57069038,-63.93146653,1,1
2767,2022-2023,2022,ICT (includes Digital Media),Halifax,1,EDP1,Talkatoo Inc.,Halifax,B3J 3K5,4491.80,1,44.6443969,-63.57215152,1,1
2768,2022-2023,2022,Business Services,Halifax,1,EDP3,Atlantic Canada Business Network Ltd.,Halifax,B4A 1E4,15000.00,1,44.73170222,-63.65941988,1,1
2769,2022-2023,2022,Agri-food,Lunenburg,1,IRP,Muwin Estate Wines Ltd.,New Ross,B0J 2M0,167500.00,1,44.83006498,-64.51168802,1,1
2770,2022-2023,2022,Oceans Technology,Halifax,1,EDP1,Ashored Inc.,Bedford,B4A 2T3,3075.00,1,44.7371875,-63.64741339,1,1
2771,2022-2023,2022,ICT (includes Digital Media),Halifax,1,EDP1,Erebor Management Ltd.,Hubley,B3Z 1A7,2500.00,1,44.6640709,-63.79258854,1,1
2772,2022-2023,2022,Advanced Manufacturing,Lunenburg,1,EDP2,Stevens Solutions & Design Inc.,Mahone Bay,B0J 2E0,15000.00,1,44.45257499,-64.39593997,1,1
2773,2022-2023,2022,Business Services,Halifax,1,EDP3,Healing Tree Communications,Middle Sackville,B4E 1S6,4500.00,1,44.77770109,-63.69949434,1,1
2774,2022-2023,2022,Advanced Manufacturing,Hants,1,EDP1,Nu-Air Ventilation Systems Incorporated,Windsor,B0N 2T0,8512.14,1,44.98943099,-64.10510302,1,1
2775,2022-2023,2022,ICT (includes Digital Media),Halifax,1,EDP1,Flolab Data Services Inc.,Bedford,B4B 0Z8,1200.00,1,44.70236048,-63.71144316,1,1
2776,2022-2023,2022,Aerospace & Defence,Halifax,1,EDP1,Nautics Technical Surveillance Corporation,Bedford,B4A 2X9,5714.63,1,44.73634952,-63.65696867,1,1
2777,2022-2023,2022,Advanced Manufacturing,Cumberland,1,EDP1,Surrette Battery Co. Ltd.,Springhill,B0M 1X0,8200.00,1,45.65348102,-64.06447903,1,1
2778,2022-2023,2022,ICT (includes Digital Media),Halifax,1,EDP1,B-Line Transportation Analytics Inc.,Halifax,B3H 4P8,4200.00,1,44.64079209,-63.56614748,1,1
2779,2022-2023,2022,Engineering & Professional,Halifax,1,EDP2,Huumans Bookkeeping Inc.,Dartmouth,B2W 3E7,30000.00,1,44.681101,-63.53878903,1,1
2780,2022-2023,2022,CleanTech,Halifax,1,EDP3,Clean Valley Bio-Filtration Technologies CIC,Dartmouth,B2Y 1N8,7600.00,1,44.680985,-63.54576781,1,1
2781,2022-2023,2022,Advanced Manufacturing,Halifax,1,EDP1,Mattatall Signs Limited,Dartmouth,B3B 1L3,950.00,1,44.7003593,-63.588484,1,1
2782,2022-2023,2022,Agri-food,Kings,1,IRP,Nova Agri Inc.,Sheffield Mills,B0P 1J0,1127736.00,1,45.13535502,-64.47349403,1,1
2783,2022-2023,2022,ICT (includes Digital Media),Halifax,1,PRP,ResMed Halifax ULC,Halifax,B3S 0H1,831000.00,1,44.65447719,-63.6690858,1,1
2784,2022-2023,2022,Fish & Seafood Processing,Richmond,1,EDP2,Premium Seafoods Limited,Arichat,B0E 1A0,14937.70,1,45.50922989,-61.03047232,1,1
2785,2022-2023,2022,Fish & Seafood Processing,Halifax,1,EDP3,Right Source Group Limited,Bedford,B4B 1J7,9000.00,1,44.7124945,-63.7181393,1,1
2786,2022-2023,2022,ICT (includes Digital Media),Halifax,1,EDP2,Workworld Labour Services Inc.,Halifax,B3M 4H4,12500.00,1,44.72123569,-63.71398087,1,1
2787,2022-2023,2022,Energy,Halifax,1,EDP1,Lorax Systems Inc.,Dartmouth,B3B 1S8,4100.00,1,44.69999511,-63.58599122,1,1
2788,2022-2023,2022,Advanced Manufacturing,Halifax,1,EDP1,Hallmark Dental Laboratory Limited,Halifax,B3S 0G4,2487.99,1,44.64147832,-63.67858384,1,1
2789,2022-2023,2022,Life Sciences,Halifax,1,PIVP,Mara Renewables Corporation,Dartmouth,B2Y 4T6,25000.00,1,44.66220488,-63.54466483,1,1
2790,2022-2023,2022,Mining & Mineral Products,Halifax,1,EDP1,Mercator Geological Services Limited,Dartmouth,B2Y 1G4,3650.00,1,44.66735141,-63.56636508,1,1
2791,2022-2023,2022,Oceans Technology,Halifax,1,EDP1,3310959 Nova Scotia Limited,Bedford,B4A 0H4,4700.00,1,44.70105379,-63.68605287,1,1
2792,2022-2023,2022,Life Sciences,Halifax,1,EDP1,3D BiofibR Inc.,Halifax,B3H 0A8,2219.07,1,44.63964231,-63.58306912,1,1
2793,2022-2023,2022,ICT (includes Digital Media),Halifax,1,EDP1,Vesuvius Media Ltd.,Halifax,B3M 1W8,4667.93,1,44.6754586,-63.65096497,1,1
2794,2022-2023,2022,Other,Halifax,1,EDP1,Dasq Holdings Inc.,Halifax,B3J 1L1,800.00,1,44.64454941,-63.57965492,1,1
2795,2022-2023,2022,Energy,Lunenburg,1,EDP3,Neothermal Energy Storage Inc.,Bridgewater,B4V 2M8,7250.00,1,44.37531798,-64.53024396,1,1
2796,2022-2023,2022,Advanced Manufacturing,Guysborough,1,EDP1,The Soap Company Of Nova Scotia (SCONS) Ltd.,Sherbrooke,B0J 3C0,1705.00,1,45.12130074,-61.93941412,1,1
2797,2022-2023,2022,Advanced Manufacturing,Halifax,1,EDP1,Outdoor-Fit Exercise Systems Inc.,Dartmouth,B3B 1S1,3850.00,1,44.6982233,-63.59115212,1,1
2798,2022-2023,2022,Advanced Manufacturing,Queens,1,EDP1,Lloyoll Custom Building Limited,Brooklyn,B0J 1HO,5195.00,1,44.05111159,-64.70038159,1,1
2799,2022-2023,2022,Advanced Manufacturing,Halifax,1,EDP1,Aqualitas Inc.,Bedford,B4A 1E6,6450.00,1,44.73217621,-63.65754702,1,1
2800,2022-2023,2022,ICT (includes Digital Media),Halifax,1,EDP1,Prosaris Solutions Ltd.,Bedford,B4B 1K5,3100.00,1,44.72376338,-63.71198371,1,1
2801,2022-2023,2022,Engineering & Professional,Halifax,1,EDP1,Enginuity Inc.,Halifax,B3P 1M1,1600.00,1,44.61831518,-63.61448139,1,1
2802,2022-2023,2022,Business Services,Halifax,1,EDP1,Pink Ink Realty Ltd.,Halifax,B3K 4P6,2550.00,1,44.65916229,-63.60099633,1,1
2803,2022-2023,2022,Finance & Insurance,Halifax,1,EDP2,East Bay Tech Lab Inc.,Halifax,B3H 4B5,2645.00,1,44.63933741,-63.5994948,1,1
2804,2022-2023,2022,CleanTech,Halifax,1,EDP1,Zen Electric Bikes Inc.,Dartmouth,B2Y 4M9,3300.00,1,44.661197,-63.54252116,1,1
2805,2022-2023,2022,ICT (includes Digital Media),Halifax,1,EDP1,Quantafic Digital Inc.,Halifax,B3J 3K5,1425.00,1,44.6443969,-63.57215152,1,1
2806,2022-2023,2022,Business Services,Halifax,1,EDP1,Innovar Training And Consulting Inc.,Halifax,B3L 2A1,2880.00,1,44.65447291,-63.60908906,1,1
2807,2022-2023,2022,ICT (includes Digital Media),Pictou,1,EDP3,360Lab Inc.,New Glasgow,B2H 2X1,1707.93,1,45.59258398,-62.64047197,1,1
2808,2022-2023,2022,Agri-food,Pictou,1,EDP1,3284906 Nova Scotia Limited,New Glasgow,B2H 2P5,5000.00,1,45.588971,-62.644633,1,1
2809,2022-2023,2022,ICT (includes Digital Media),Halifax,1,EDP1,Checkin Innovative Care Technologies Inc.,Dartmouth,B2Y 4J2,2711.00,1,44.6794361,-63.55246478,1,1
2810,2022-2023,2022,ICT (includes Digital Media),Halifax,1,EDP1,Densitas Incorporated,Halifax,B3H 0A8,1530.56,1,44.63964231,-63.58306912,1,1
2811,2022-2023,2022,Other,Halifax,1,EDP3,Medika Beauty Institute Inc.,Hammonds Plains,B4B 0E1,4835.00,1,44.75949589,-63.80100581,1,1
2812,2022-2023,2022,Agri-food,Kings,1,EDP2,McConnell Gordon Estates Limited,Gaspereau,B4P 2R1,7650.00,1,44.99426948,-64.31280717,1,1
2813,2022-2023,2022,ICT (includes Digital Media),Halifax,1,EDP1,Rimot.IO Inc.,Dartmouth,B2Y 4M9,4307.15,1,44.661197,-63.54252116,1,1
2814,2022-2023,2022,Finance & Insurance,Halifax,1,EDP1,3343407 Nova Scotia Limited,Dartmouth,B2V 1K5,2600.00,1,44.66560119,-63.48080512,1,1
2815,2022-2023,2022,Life Sciences,Halifax,1,EDP1,Axtion Independence Mobility Inc.,Halifax,B3J 1B6,937.50,1,44.64146629,-63.57312089,1,1
2816,2022-2023,2022,Advanced Manufacturing,Halifax,1,IRP,Advanced Precision Machining & Fabrication Ltd,Dartmouth,B3B 1S3,262016.00,1,44.69663719,-63.59144189,1,1
2817,2022-2023,2022,ICT (includes Digital Media),Halifax,1,EDP1,Renderator Technologies Labs Inc.,Halifax,B3M 5H0,747.50,1,44.7014132,-63.66639027,1,1
2818,2022-2023,2022,Creative Industries,Annapolis,1,EDP1,Fox Mountain Woods,Perotte,B0S 1A0,1300.00,1,44.67098002,-65.39056803,1,1
2819,2022-2023,2022,Other,Kings,1,PIVP,Creation Care Farm,Centreville,B0P 1J0,15000.00,1,45.11338898,-64.509571,1,1
2820,2022-2023,2022,Other,Halifax,1,EDP1,To Be Determined Inc.,Upper Tantallon,B3Z 1M5,5713.69,1,44.71104359,-63.86956726,1,1
2821,2022-2023,2022,Business Services,Halifax,1,EDP1,Sea Change Colab Consulting Inc.,Halifax,B3K 2M9,1600.00,1,44.66429101,-63.61096401,1,1
2822,2022-2023,2022,ICT (includes Digital Media),Halifax,1,EDP1,Greenii Inc.,Halifax,B3M 3M9,2900.00,1,44.66055231,-63.65502851,1,1
2823,2022-2023,2022,Engineering & Professional,Halifax,1,EDP1,Enginuity Inc.,Halifax,B3P 1M1,2350.00,1,44.61831518,-63.61448139,1,1
2824,2022-2023,2022,Agri-food,Lunenburg,1,EDP1,Muwin Estate Wines Ltd.,New Ross,B0J 2M0,1832.50,1,44.83006498,-64.51168802,1,1
2825,2022-2023,2022,Advanced Manufacturing,Pictou,1,EDP1,Aqua Production Systems Incorporated,Union Centre,B0K 2A0,6007.00,1,45.530022,-62.75507203,1,1
2826,2022-2023,2022,Oceans Technology,Halifax,1,EDP1,Xeos Technologies Inc.,Dartmouth,B3B 1L6,3100.00,1,44.71448181,-63.60500112,1,1
2827,2022-2023,2022,ICT (includes Digital Media),Halifax,1,PIVP,Quantum Devices Corp.,Halifax,B3M 1Z3,15000.00,1,44.67936612,-63.65731459,1,1
2828,2022-2023,2022,Business Services,Halifax,1,PIVP,Formula Consulting Inc.,Halifax,B3J 0A1,15000.00,1,44.6449377,-63.57125919,1,1
2829,2022-2023,2022,ICT (includes Digital Media),Halifax,1,EDP1,Rafflebox Technologies Inc.,Halifax,B3J 2A4,4550.00,1,44.64761119,-63.5741035,1,1
2830,2022-2023,2022,Agri-food,Pictou,1,EDP1,Big Cove Foods Inc.,Thorburn,B0K 1W0,4750.00,1,45.59997502,-62.51397598,1,1
2831,2022-2023,2022,Life Sciences,Halifax,1,EDP1,Master's Dental Lab Limited,Halifax,B3M 2K6,5450.00,1,44.67822521,-63.65053891,1,1
2832,2022-2023,2022,CleanTech,Halifax,1,EDP2,Aurea Technologies Inc.,Dartmouth,B3B 1Z6,30000.00,1,44.7158737,-63.58262119,1,1
2833,2022-2023,2022,Advanced Manufacturing,Lunenburg,1,EDP1,Vale Packaging Limited,Hubbards,B0J 1T0,3140.00,1,44.58884001,-64.06880904,1,1
2834,2022-2023,2022,Life Sciences,Halifax,1,EDP1,Sona Nanotech Inc.,Halifax,B3J 3R7,2000.00,1,44.65264008,-63.5745241,1,1
2835,2022-2023,2022,Business Services,Halifax,1,EDP3,The Barrington Consulting Group Incorporated,Halifax,B3J 1Z1,6767.50,1,44.6421583,-63.57178129,1,1
2836,2022-2023,2022,Business Services,Halifax,1,PRP,Avanade Canada Inc.,Halifax,B3H 4P8,12264210.00,1,44.64079209,-63.56614748,1,1
2837,2022-2023,2022,Advanced Manufacturing,Halifax,1,EDP1,Reftek Systems Inc.,Dartmouth,B3B 1T8,3250.00,1,44.69449851,-63.58665683,1,1
2838,2022-2023,2022,Advanced Manufacturing,Halifax,1,EDP1,Sealand Building Group Inc.,Lower Sackville,B4C 0A7,2495.00,1,44.75996448,-63.65077947,1,1
2839,2022-2023,2022,ICT (includes Digital Media),Halifax,1,EDP2,SimplyCast Interactive Marketing LTD.,Dartmouth,B3B 1T3,6500.00,1,44.70323141,-63.60997101,1,1
2840,2022-2023,2022,Business Services,Halifax,1,EDP2,Cosgrove & Co. Strategy Consulting Ltd.,Halifax,B3K 4C5,30000.00,1,44.65445569,-63.59250153,1,1
2841,2022-2023,2022,ICT (includes Digital Media),Halifax,1,EDP1,Talkatoo Inc.,Halifax,B3J 3K5,2540.96,1,44.6443969,-63.57215152,1,1
2842,2022-2023,2022,Energy,Antigonish,1,EDP2,GeoHazard Integrity AI Inc.,Frankville,B0H 1P0,9000.00,1,45.65245629,-61.53518946,1,1
2843,2022-2023,2022,Advanced Manufacturing,Halifax,1,EDP1,Reftek Systems Inc.,Dartmouth,B3B 1T8,800.00,1,44.69449851,-63.58665683,1,1
2844,2022-2023,2022,CleanTech,Halifax,1,PIVP,Atlantic Energy Storage Inc.,Bedford,B4A 2B9,25000.00,1,44.73826801,-63.65888033,1,1
2845,2022-2023,2022,ICT (includes Digital Media),Halifax,1,EDP1,Master Merchant Systems Software Limited,Dartmouth,B3B 1T5,2078.00,1,44.69804359,-63.58181301,1,1
2846,2022-2023,2022,Advanced Manufacturing,Halifax,1,EDP1,Laughing Panda Hobbies and Toys,Upper Tantallon,B3Z 1H6,4130.00,1,44.70814882,-63.85244404,1,1
2847,2022-2023,2022,ICT (includes Digital Media),Antigonish,1,EDP1,Food For Thought Software Solutions Limited,Halifax,B3N 1J9,3175.00,1,44.63940208,-63.62682048,1,1
2848,2022-2023,2022,Advanced Manufacturing,Halifax,1,EDP1,Snap Innovations Inc.,Halifax,B3P 1M1,6213.75,1,44.61831518,-63.61448139,1,1
2849,2022-2023,2022,Advanced Manufacturing,Halifax,1,EDP2,Outdoor-Fit Exercise Systems Inc.,Dartmouth,B3B 1S1,5900.00,1,44.6982233,-63.59115212,1,1
2850,2022-2023,2022,Business Services,Halifax,1,EDP1,True North Fabrication Limited,Halifax,B3M 4S9,3775.00,1,44.6701661,-63.66842028,1,1
2851,2022-2023,2022,Advanced Manufacturing,Halifax,1,EDP2,Eastern Slopes Directional Drilling Incorporated,Goodwood,B3T 1P3,3357.50,1,44.6043164,-63.67379828,1,1
2852,2022-2023,2022,Advanced Manufacturing,Halifax,1,PIVP,Outdoor-Fit Exercise Systems Inc.,Dartmouth,B3B 1S1,15000.00,1,44.6982233,-63.59115212,1,1
2853,2022-2023,2022,Advanced Manufacturing,Halifax,1,EDP1,Maritime Paper Products GP Limited,Dartmouth,B3B 1C7,4800.00,1,44.70284249,-63.60225152,1,1
2854,2022-2023,2022,Clothing & Textiles,Halifax,1,EDP2,9909460 Canada Ltd.,Halifax,B3S 1B7,3000.00,1,44.6386032,-63.6646382,1,1
2855,2022-2023,2022,Agri-food,Halifax,1,EDP1,Cove Kombucha Inc.,Halifax,B3J 1Z4,5725.00,1,44.64487572,-63.5727049,1,1
2856,2022-2023,2022,Advanced Manufacturing,Halifax,1,EDP1,WoodChaCallIt Toy and Wood Crafters,Hatchet Lake,B3T1P7,2355.00,1,44.57551509,-63.70759562,1,1
2857,2022-2023,2022,Business Services,Lunenburg,1,EDP2,Mashup Lab Limited,Wileville,B4V 5M7,13765.50,1,44.390673,-64.56308401,1,1
2858,2022-2023,2022,Life Sciences,Halifax,1,EDP1,Photodynamic Incorporated,Halifax,B3H 0A8,5350.00,1,44.63964231,-63.58306912,1,1
2859,2022-2023,2022,Agri-food,Halifax,1,EDP1,2 Crows Brewing Ltd.,Halifax,B3H 2V5,2200.00,1,44.62834589,-63.57306381,1,1
2860,2022-2023,2022,Finance & Insurance,Halifax,1,EDP1,East Bay Tech Lab Inc.,Halifax,B3H 4B5,7050.00,1,44.63933741,-63.5994948,1,1
2861,2022-2023,2022,Agri-food,Halifax,1,EDP1,Oberland Agriscience Inc.,Halifax,B3S 1C2,784.50,1,44.62676129,-63.66656302,1,1
2862,2022-2023,2022,Aerospace & Defence,Halifax,1,EDP1,Aerovision Canada Inc.,Halifax,B3L 0B7,2650.00,1,44.64456362,-63.6183592,1,1
2863,2022-2023,2022,Advanced Manufacturing,Halifax,1,EDP1,Mil-Aero Electronics Atlantic Inc.,Dartmouth,B2Y 4V9,741.00,1,44.65789562,-63.54001707,1,1
2864,2022-2023,2022,Life Sciences,Halifax,1,EDP1,Detectica Inc.,Bedford,B4A 0G5,4150.00,1,44.70434649,-63.68210608,1,1
2865,2022-2023,2022,Clothing & Textiles,Halifax,1,EDP1,Vanity Fashions Limited,Dartmouth,B3B 1Z6,4300.00,1,44.71558809,-63.58313877,1,1
2866,2022-2023,2022,CleanTech,Halifax,1,EDP1,Clean Valley Bio-Filtration Technologies CIC,Dartmouth,B2Y 1N8,1582.40,1,44.680985,-63.54576781,1,1
2867,2022-2023,2022,Energy,Lunenburg,1,PIVP,Neothermal Energy Storage Inc.,Bridgewater,B4V 2M8,25000.00,1,44.37531798,-64.53024396,1,1
2868,2022-2023,2022,Business Services,Halifax,1,EDP1,Westgate Executive Branding & Career Consulting Inc.,Dartmouth,B2Y 3V9,4195.00,1,44.66496052,-63.54238244,1,1
2869,2022-2023,2022,Finance & Insurance,Halifax,1,EDP2,Yinfinite Trading International Inc.,Halifax,B3M 3P9,30000.00,1,44.65170852,-63.65143251,1,1
2870,2022-2023,2022,Oceans Technology,Lunenburg,1,EDP1,Pro-Oceanus Systems Incorporated,Bridgewater,B4V 1N1,4150.00,1,44.37764799,-64.52006003,1,1
2871,2022-2023,2022,Oceans Technology,Halifax,1,EDP1,Senda Technologies Fisheries,Dartmouth,B2Y 4T5,2550.00,1,44.66075972,-63.5564813,1,1
2872,2022-2023,2022,Business Services,Lunenburg,1,PIVP,Helping Nature Heal Inc.,Bridgewater,B4V 2V2,25000.00,1,44.383698,-64.52347004,1,1
2873,2022-2023,2022,ICT (includes Digital Media),Halifax,1,EDP1,Boondoc Technologies Incorporated,Halifax,B3K 4X5,1225.00,1,44.66215572,-63.61043168,1,1
2874,2022-2023,2022,ICT (includes Digital Media),Halifax,1,EDP1,Master Merchant Systems Software Limited,Dartmouth,B3B 1T5,2750.00,1,44.69804359,-63.58181301,1,1
2875,2022-2023,2022,ICT (includes Digital Media),Halifax,1,EDP1,Greenii Inc.,Halifax,B3M 3M9,1600.00,1,44.66055231,-63.65502851,1,1
2876,2022-2023,2022,Fish & Seafood Processing,Halifax,1,PIVP,Subait Inc.,Dartmouth,B2W 6K4,25000.00,1,44.66572268,-63.52030937,1,1
2877,2022-2023,2022,Business Services,Halifax,1,EDP1,Sea Change Colab Consulting Inc.,Halifax,B3K 2M9,2350.00,1,44.66429101,-63.61096401,1,1
2878,2022-2023,2022,Forest Products,Halifax,1,EDP1,Canadian Lumber Limited,Halifax,B3K 5A5,1742.50,1,44.66468421,-63.6195485,1,1
2879,2022-2023,2022,ICT (includes Digital Media),Antigonish,1,EDP1,Food For Thought Software Solutions Limited,Halifax,B3N 1J9,3150.00,1,44.63940208,-63.62682048,1,1
2880,2022-2023,2022,Agri-food,Kings,1,EDP1,McConnell Gordon Estates Limited,Gaspereau,B4P 2R1,1700.00,1,44.99426948,-64.31280717,1,1
2881,2022-2023,2022,Life Sciences,Annapolis,1,IRP,Acadian Seaplants Limited / Les Algues Acadiennes Limitee,Cornwallis,B0N 2T0,3747500.00,1,44.65385902,-65.63001696,1,1
2882,2022-2023,2022,Life Sciences,Halifax,1,EDP1,Ardea Outcomes Inc.,Halifax,B3J 3M8,4800.00,1,44.6472998,-63.57243299,1,1
2883,2022-2023,2022,ICT (includes Digital Media),Halifax,1,EDP1,Talkatoo Inc.,Halifax,B3J 3K5,4054.82,1,44.6443969,-63.57215152,1,1
2884,2022-2023,2022,ICT (includes Digital Media),Cape Breton,1,EDP2,Securicy Data Solutions Inc.,Sydney,B1R 1V2,30000.00,1,46.11282398,-60.23300699,1,1
2885,2022-2023,2022,Engineering & Professional,Halifax,1,EDP1,Enginuity Inc.,Halifax,B3P 1M1,3267.50,1,44.61831518,-63.61448139,1,1
2886,2022-2023,2022,Oceans Technology,Halifax,1,EDP1,Survival Systems Limited,Dartmouth,B2Y 4W6,10347.50,1,44.65606841,-63.53998932,1,1
2887,2022-2023,2022,Agri-food,Pictou,1,EDP2,Big Cove Foods Inc.,Thorburn,B0K 1W0,6500.00,1,45.59997502,-62.51397598,1,1
2888,2022-2023,2022,Fish & Seafood Processing,Lunenburg,1,EDP2,Deep Cove Aqua Farms Limited,Blandford,B0J 1C0,12500.00,1,44.50419,-64.11696702,1,1
2889,2022-2023,2022,Life Sciences,Halifax,1,EDP1,Ring Rescue Incorporated,Dartmouth,B2Y 4W6,3300.00,1,44.65646378,-63.54008169,1,1
2890,2022-2023,2022,Other,Hants,1,EDP2,3317068 Nova Scotia Limited,Falmouth,B0P 1L0,10122.50,1,45.00024142,-64.18302647,1,1
2891,2022-2023,2022,Life Sciences,Halifax,1,EDP1,Sparrow Acoustics Inc.,Lucasville,B4B 0X3,3395.00,1,44.75974731,-63.7482393,1,1
2892,2022-2023,2022,ICT (includes Digital Media),Halifax,1,EDP2,11746847 Canada Limited,Halifax,B3S 1E4,5000.00,1,44.6635635,-63.66583991,1,1
2893,2022-2023,2022,Advanced Manufacturing,Halifax,1,EDP1,Sealand Building Group Inc.,Lower Sackville,B4C 0A7,3215.00,1,44.75996448,-63.65077947,1,1
2894,2022-2023,2022,Clothing & Textiles,Halifax,1,EDP1,Vanity Fashions Limited,Dartmouth,B3B 1Z6,3746.12,1,44.71558809,-63.58313877,1,1
2895,2022-2023,2022,CleanTech,Halifax,1,EDP2,Clean Valley Bio-Filtration Technologies CIC,Dartmouth,B2Y 1N8,7500.00,1,44.680985,-63.54576781,1,1
2896,2022-2023,2022,ICT (includes Digital Media),Halifax,1,EDP1,Talkatoo Inc.,Halifax,B3J 3K5,1008.40,1,44.6443969,-63.57215152,1,1
2897,2022-2023,2022,Business Services,Halifax,1,EDP1,Fit First Holdings Inc.,Dartmouth,B3B 0A1,943.00,1,44.71037061,-63.58494767,1,1
2898,2022-2023,2022,Life Sciences,Halifax,1,EDP2,FIVAmed Inc.,Halifax,B3P 1M1,9655.00,1,44.61831518,-63.61448139,1,1
2899,2022-2023,2022,Life Sciences,Halifax,1,EDP1,Bend Beauty Inc.,Halifax,B3J 0C7,5150.00,1,44.64595991,-63.57356119,1,1
2900,2022-2023,2022,Oceans Technology,Halifax,1,EDP1,Xeos Technologies Inc.,Dartmouth,B3B 1L6,3600.00,1,44.71448181,-63.60500112,1,1
2901,2022-2023,2022,Advanced Manufacturing,Lunenburg,1,PIVP,ABCO Industries Inc.,Lunenburg,B0J 2C0,15000.00,1,44.374673,-64.31698404,1,1
2902,2022-2023,2022,Advanced Manufacturing,Halifax,1,EDP1,Outdoor-Fit Exercise Systems Inc.,Dartmouth,B3B 1S1,7000.00,1,44.6982233,-63.59115212,1,1
2903,2022-2023,2022,CleanTech,Halifax,1,EDP2,621153 N.B. Ltd.,Halifax,B3J 2J6,10000.00,1,44.6438263,-63.57715141,1,1
2904,2022-2023,2022,Energy,Halifax,1,EDP2,Eosense Inc.,Dartmouth,B3B 1S1,17500.00,1,44.69978841,-63.59398068,1,1
2905,2022-2023,2022,Agri-food,Hants,1,EDP1,Shivani's Kitchen Ltd.,Halifax,B3S 1L1,3333.15,1,44.6704502,-63.67389618,1,1
2906,2022-2023,2022,Agri-food,Halifax,1,EDP2,Nine Locks Brewing Company Limited,Dartmouth,B2X 2T5,13625.00,1,44.69489942,-63.54792162,1,1
2907,2022-2023,2022,Advanced Manufacturing,Shelburne,1,EDP2,Allendale Technologies Limited,Lockeport,B0T 1L0,19665.00,1,43.75445629,-65.3204333,1,1
2908,2022-2023,2022,Advanced Manufacturing,Halifax,1,EDP1,Reftek Systems Inc.,Dartmouth,B3B 1T8,2200.00,1,44.69449851,-63.58665683,1,1
2909,2022-2023,2022,Advanced Manufacturing,Halifax,1,EDP1,Dispension Industries Incorporated,Dartmouth,B2Y 2W3,4500.00,1,44.6668099,-63.56266857,1,1
2910,2022-2023,2022,Advanced Manufacturing,Hants,1,IRP,Nu-Air Ventilation Systems Incorporated,Windsor,B0N 2T0,296883.00,1,44.98943099,-64.10510302,1,1
2911,2022-2023,2022,Agri-food,Halifax,1,EDP2,Made With Local Snack Foods Inc.,Dartmouth,B2Y 1H1,13500.00,1,44.66512832,-63.56766938,1,1
2912,2022-2023,2022,ICT (includes Digital Media),Halifax,1,EDP1,3032102 Nova Scotia Ltd.,Halifax,B3K 2Z8,2600.00,1,44.65213499,-63.58185232,1,1
2913,2022-2023,2022,ICT (includes Digital Media),Halifax,1,EDP1,Cartenav Solutions Inc.,Halifax,B3J 3N2,4360.00,1,44.65177398,-63.57414449,1,1
2914,2022-2023,2022,Agri-food,Antigonish,1,EDP1,Tony's Meats Ltd.,Antigonish,B2G 2L2,2550.00,1,45.63273099,-61.96200603,1,1
2915,2022-2023,2022,ICT (includes Digital Media),Halifax,1,EDP1,3RDI Laboratory Incorporated,New Minas,B4N 3R5,2325.00,1,45.06652798,-64.46873102,1,1
2916,2022-2023,2022,ICT (includes Digital Media),Halifax,1,EDP2,Workworld Labour Services Inc.,Halifax,B3M 4H4,15000.00,1,44.72123569,-63.71398087,1,1
2917,2022-2023,2022,Business Services,Lunenburg,1,EDP1,New Voice Languages & Tutoring Inc.,Lunenburg,B0J 2C0,5300.00,1,44.38010501,-64.31373001,1,1
2918,2022-2023,2022,Oceans Technology,Halifax,1,EDP1,Sensor Technology Ltd.,Dartmouth,B2Y 4T5,2530.00,1,44.66275222,-63.5568393,1,1
2919,2022-2023,2022,ICT (includes Digital Media),Halifax,1,EDP1,WarrierTech Inc.,Bedford,B4B 0H8,2147.50,1,44.72112451,-63.70527501,1,1
2920,2022-2023,2022,ICT (includes Digital Media),Halifax,1,EDP1,Checkin Innovative Care Technologies Inc.,Dartmouth,B2Y 4J2,2525.00,1,44.6794361,-63.55246478,1,1
2921,2022-2023,2022,Life Sciences,Halifax,1,EDP1,Ardea Outcomes Inc.,Halifax,B3J 3M8,1300.00,1,44.6472998,-63.57243299,1,1
2922,2022-2023,2022,ICT (includes Digital Media),Halifax,1,EDP1,Cartenav Solutions Inc.,Halifax,B3J 3N2,3750.00,1,44.65177398,-63.57414449,1,1
2923,2022-2023,2022,Agri-food,Kings,1,EDP1,McConnell Gordon Estates Limited,Gaspereau,B4P 2R1,1175.00,1,44.99426948,-64.31280717,1,1
2924,2022-2023,2022,Aerospace & Defence,Halifax,1,EDP1,Galaxia Mission Systems Inc.,Halifax,B3P 0A1,3875.00,1,44.62263413,-63.61369534,1,1
2925,2022-2023,2022,Aerospace & Defence,Halifax,1,EDP1,Bluedrop Training & Simulation Inc.,Halifax,B3S 1N2,2300.00,1,44.65513152,-63.6699628,1,1
2926,2022-2023,2022,Energy,Halifax,1,EDP1,Glas Ocean Electric Inc.,Halifax,B3P 2H3,4008.50,1,44.61460078,-63.57834516,1,1
2927,2022-2023,2022,Finance & Insurance,Halifax,1,EDP3,"April Stroink, Money Coaching",Halifax,B3H 2K3,7800.00,1,44.6446414,-63.58990632,1,1
2928,2022-2023,2022,ICT (includes Digital Media),Halifax,1,EDP1,11746847 Canada Limited,Halifax,B3S 1E4,2564.77,1,44.6635635,-63.66583991,1,1
2929,2022-2023,2022,ICT (includes Digital Media),Halifax,1,EDP1,Huminah Huminah Animation Limited,Dartmouth,B2Y 4V7,1400.00,1,44.6701179,-63.56273513,1,1
2930,2022-2023,2022,ICT (includes Digital Media),Halifax,1,EDP2,10432423 Canada Limited,Halifax,B3J 3M8,13500.00,1,44.6472998,-63.57243299,1,1
2931,2022-2023,2022,Life Sciences,Halifax,1,EDP1,Motryx Inc.,Halifax,B3J 2L4,3285.50,1,44.6443969,-63.57215152,1,1
2932,2022-2023,2022,Life Sciences,Halifax,1,EDP3,Fairwinds Training and Development Inc.,Halifax,B2R 1B8,20375.00,1,44.77395761,-63.58120691,1,1
2933,2022-2023,2022,Clothing & Textiles,Halifax,1,EDP1,Fairechild Inc.,Hubley,B3Z 1A8,5300.00,1,44.66324969,-63.78589089,1,1
2934,2022-2023,2022,Oceans Technology,Halifax,1,EDP1,Sensor Technology Ltd.,Dartmouth,B2Y 4T5,1598.32,1,44.66275222,-63.5568393,1,1
2935,2022-2023,2022,Oceans Technology,Halifax,1,EDP1,Marecomms Inc.,Halifax,B3H 2V1,2000.00,1,44.6344547,-63.57479928,1,1
2936,2022-2023,2022,Advanced Manufacturing,Hants,1,IRP,Halifax Folding Cartons (2010) Limited,Windsor,B0N 2T0,470000.00,1,44.98874899,-64.10555698,1,1
2937,2022-2023,2022,ICT (includes Digital Media),Halifax,1,EDP1,Swept Technologies Inc.,Halifax,B3H 1B2,2225.00,1,44.62425871,-63.57557997,1,1
2938,2022-2023,2022,CleanTech,Halifax,1,EDP2,AquaMedia Inc.,Bedford,B4A 3N3,22071.25,1,44.7295256,-63.67639398,1,1
2939,2022-2023,2022,Life Sciences,Halifax,1,EDP2,Takaya Technology Inc.,Halifax,B3K 0B9,30000.00,1,44.65145639,-63.59028393,1,1
2940,2022-2023,2022,Business Services,Halifax,1,EDP1,Partner International Incorporated,Dartmouth,B2Y 4T6,4700.00,1,44.66220488,-63.54466483,1,1
2941,2022-2023,2022,Business Services,Halifax,1,EDP1,The Archival Agent,Halifax,B3M 1A3,2625.00,1,44.66051739,-63.63131234,1,1
2942,2022-2023,2022,Engineering & Professional,Halifax,1,EDP2,Bordeleau CPA Inc.,Dartmouth,B2Y 4J2,6150.00,1,44.6794361,-63.55246478,1,1
2943,2022-2023,2022,Business Services,Halifax,1,EDP1,Success Through Trust Inc.,Halifax,B3L 2H3,1246.46,1,44.64798758,-63.62620549,1,1
2944,2022-2023,2022,ICT (includes Digital Media),Halifax,1,EDP2,Virtual Hallway Consults Inc.,Halifax,B3K 1B6,4950.00,1,44.6513447,-63.58610111,1,1
2945,2022-2023,2022,Other,Halifax,1,EDP3,Barb Stegemann & Co Inc.,Bedford,B4B 0R8,30000.00,1,44.70269781,-63.69724439,1,1
2946,2022-2023,2022,Clothing & Textiles,Halifax,1,EDP1,Vanity Fashions Limited,Dartmouth,B3B 1Z6,2000.00,1,44.71558809,-63.58313877,1,1
2947,2022-2023,2022,Fish & Seafood Processing,Halifax,1,EDP2,Atlantic Sea Cucumber Ltd.,Hacketts Cove,B3Z 3K7,6835.80,1,44.57069038,-63.93146653,1,1
2948,2022-2023,2022,Agri-food,Kings,1,EDP2,Lightfoot & Wolfville Vineyards Ltd.,Wolfville,B4P 2R1,9150.00,1,44.99426948,-64.31280717,1,1
2949,2022-2023,2022,CleanTech,Halifax,1,PIVP,Zen Electric Bikes Inc.,Dartmouth,B2Y 4M9,15000.00,1,44.661197,-63.54252116,1,1
2950,2022-2023,2022,Agri-food,Antigonish,1,IRP,Peace By Chocolate Inc.,Antigonish,B2G 2G8,143513.00,1,45.627375,-61.98018604,1,1
2951,2022-2023,2022,Advanced Manufacturing,Colchester,1,IRP,Coldstream Clear Distillery Ltd,Stewiack,B0N 2J0,946000.00,1,45.14046701,-63.36158697,1,1
2952,2022-2023,2022,Clothing & Textiles,Halifax,1,EDP1,Londolozi Trading Ltd.,Lower Sackville,B4E 1B2,4650.00,1,44.77556949,-63.69227006,1,1
2953,2022-2023,2022,ICT (includes Digital Media),Halifax,1,EDP1,Pocket Finance Inc.,Halifax,B3J 3K5,1750.00,1,44.6443969,-63.57215152,1,1
2954,2022-2023,2022,ICT (includes Digital Media),Halifax,1,EDP2,Safer Roads International Inc.,Halifax,B4B 1K9,12500.00,1,44.72123569,-63.71398087,1,1
2955,2022-2023,2022,ICT (includes Digital Media),Halifax,1,EDP1,Workworld Labour Services Inc.,Halifax,B3M 4H4,975.00,1,44.72123569,-63.71398087,1,1
2956,2022-2023,2022,ICT (includes Digital Media),Halifax,1,EDP1,Prosaris Solutions Ltd.,Bedford,B4B 1K5,3037.50,1,44.72376338,-63.71198371,1,1
2957,2022-2023,2022,Agri-food,Hants,1,EDP1,Shivani's Kitchen Ltd.,Halifax,B3S 1L1,1205.84,1,44.6704502,-63.67389618,1,1
2958,2022-2023,2022,ICT (includes Digital Media),Halifax,1,EDP1,QuickFacts Inc.,Bedford,B4B 1L5,1287.30,1,44.71739242,-63.7126691,1,1
2959,2022-2023,2022,Agri-food,Halifax,1,EDP3,Renegade Nutrition Inc.,Halifax,B3P 2E1,12000.00,1,44.63097709,-63.62140543,1,1
2960,2022-2023,2022,ICT (includes Digital Media),Halifax,1,EDP1,Densitas Incorporated,Halifax,B3H 0A8,11527.58,1,44.63964231,-63.58306912,1,1
2961,2022-2023,2022,Other,Halifax,1,EDP1,3333394 Nova Scotia Limited,Hammonds Plains,B4B 1M7,2485.50,1,44.74183472,-63.79057126,1,1
2962,2022-2023,2022,Finance & Insurance,Halifax,1,EDP1,3343407 Nova Scotia Limited,Dartmouth,B2V 1K5,782.50,1,44.66560119,-63.48080512,1,1
2963,2022-2023,2022,CleanTech,Halifax,1,EDP1,Clean Valley Bio-Filtration Technologies CIC,Dartmouth,B2Y 1N8,3650.00,1,44.680985,-63.54576781,1,1
2964,2022-2023,2022,Life Sciences,Halifax,1,EDP1,Hollo Medical Inc.,Halifax,B3M 4Y4,2050.00,1,44.6987416,-63.66754974,1,1
2965,2022-2023,2022,Finance & Insurance,Halifax,1,EDP1,4316005 Nova Scotia Limited,Halifax,B3P 1V5,1540.07,1,44.62882219,-63.60628909,1,1
2966,2022-2023,2022,Oceans Technology,Lunenburg,1,PIVP,Hawboldt Industries (1989) Limited,Chester,B0J 1J0,15000.00,1,44.67956221,-64.23381913,1,1
2967,2022-2023,2022,Life Sciences,Halifax,1,EDP1,Daxsonics Ultrasound Inc.,Halifax,B3H 0A2,4600.00,1,44.6398195,-63.58037643,1,1
2968,2022-2023,2022,ICT (includes Digital Media),Halifax,1,EDP2,Pique Innovations Inc.,Musquodoboit Harbour,B0J 2L0,3500.00,1,44.72010719,-63.08840976,1,1
2969,2022-2023,2022,Fish & Seafood Processing,Halifax,1,EDP1,ITO Seafoods Ltd.,Bedford,B4B 1G7,6300.00,1,44.72616471,-63.70682063,1,1
2970,2022-2023,2022,Finance & Insurance,Halifax,1,EDP1,"April Stroink, Money Coaching",Halifax,B3H 2K3,2300.00,1,44.6446414,-63.58990632,1,1
2971,2022-2023,2022,Advanced Manufacturing,Yarmouth,1,EDP1,Tri-Star Industries Limited,Yarmouth,B5A 4G6,2981.50,1,43.83340799,-66.11052901,1,1
2972,2022-2023,2022,ICT (includes Digital Media),Halifax,1,EDP1,DPP Golf Inc.,Halifax,B3J 2V1,2050.00,1,44.65264008,-63.5745241,1,1
2973,2022-2023,2022,Advanced Manufacturing,Antigonish,1,EDP2,Dockport Ltd.,Harbour Centre,B2G 2L2,7437.50,1,45.673086,-61.89386803,1,1
2974,2022-2023,2022,Agri-food,Kings,1,EDP1,Lightfoot & Wolfville Vineyards Ltd.,Wolfville,B4P 2R1,3150.00,1,44.99426948,-64.31280717,1,1
2975,2022-2023,2022,ICT (includes Digital Media),Halifax,1,EDP1,3043176 Nova Scotia Limited,Dartmouth,B3B 0K4,2975.00,1,44.70817539,-63.60622396,1,1
2976,2022-2023,2022,ICT (includes Digital Media),Halifax,1,EDP1,Red Meat Games Inc.,Halifax,B3J 2G3,8300.00,1,44.64649648,-63.57647374,1,1
2977,2022-2023,2022,Business Services,Halifax,1,EDP1,C-Level Executive Solutions LP,Dartmouth,B2W 0G6,3550.00,1,44.65863189,-63.52273383,1,1
2978,2022-2023,2022,Engineering & Professional,Halifax,1,EDP1,Nexus Coastal Resource Management Limited,Halifax,B3M 3Y7,4800.00,1,44.66292719,-63.65753596,1,1
2979,2022-2023,2022,ICT (includes Digital Media),Halifax,1,EDP2,MindSea Development Incorporated,Halifax,B3J 3M8,30000.00,1,44.6472998,-63.57243299,1,1
2980,2022-2023,2022,ICT (includes Digital Media),Halifax,1,EDP1,Vesuvius Media Ltd.,Halifax,B3M 1W8,5250.00,1,44.6754586,-63.65096497,1,1
2981,2022-2023,2022,Advanced Manufacturing,Lunenburg,1,EDP1,Vale Packaging Limited,Hubbards,B0J 1T0,3100.00,1,44.58884001,-64.06880904,1,1
2982,2022-2023,2022,Aerospace & Defence,Halifax,1,EDP3,Nautics Technical Surveillance Corporation,Bedford,B4A 2X9,7800.00,1,44.73634952,-63.65696867,1,1
2983,2022-2023,2022,Advanced Manufacturing,Guysborough,1,EDP1,The Soap Company Of Nova Scotia (SCONS) Ltd.,Sherbrooke,B0J 3C0,2800.00,1,45.12130074,-61.93941412,1,1
2984,2022-2023,2022,Advanced Manufacturing,Hants,1,IRP,B.R. Printing Plates Company Limited o/a Maritime Labels & Packaging,Milford,B0N 1Y0,1804742.00,1,44.97629068,-63.35971495,1,1
2985,2022-2023,2022,Oceans Technology,Halifax,1,EDP1,Dominon Diving Limited,Dartmouth,B2Y 2W1,2557.50,1,44.66566061,-63.56342739,1,1
2986,2022-2023,2022,ICT (includes Digital Media),Halifax,1,EDP1,Prosaris Solutions Ltd.,Bedford,B4B 1K5,2750.00,1,44.72376338,-63.71198371,1,1
2987,2022-2023,2022,Finance & Insurance,Halifax,1,EDP2,East Bay Tech Lab Inc.,Halifax,B3H 4B5,2645.00,1,44.63933741,-63.5994948,1,1
2988,2022-2023,2022,Engineering & Professional,Halifax,1,EDP1,Enginuity Inc.,Halifax,B3P 1M1,1600.00,1,44.61831518,-63.61448139,1,1
2989,2022-2023,2022,Life Sciences,Halifax,1,EDP1,Photodynamic Incorporated,Halifax,B3H 0A8,4795.00,1,44.63964231,-63.58306912,1,1
2990,2022-2023,2022,Business Services,Lunenburg,1,EDP2,Mind’s Eye Creative Consulting,Upper Northfield,B4V 5B1,3750.00,1,44.512834,-64.60100298,1,1
2991,2022-2023,2022,Agri-food,Halifax,1,EDP1,3292607 Nova Scotia Limited,Halifax,B3N 3M3,13050.00,1,44.63950841,-63.63286861,1,1
2992,2022-2023,2022,ICT (includes Digital Media),Halifax,1,EDP1,3RDI Laboratory Incorporated,New Minas,B4N 3R5,4727.50,1,45.06652798,-64.46873102,1,1
2993,2022-2023,2022,Life Sciences,Halifax,1,PIVP,Axtion Independence Mobility Inc.,Halifax,B3J 1B6,15000.00,1,44.64146629,-63.57312089,1,1
2994,2022-2023,2022,Other,Halifax,1,EDP2,Vida Communities Inc.,Halifax,B3K 4X8,13000.00,1,44.66207161,-63.61757037,1,1
2995,2022-2023,2022,Advanced Manufacturing,Halifax,1,EDP1,Laughing Panda Hobbies and Toys,Upper Tantallon,B3Z 1H6,2600.00,1,44.70814882,-63.85244404,1,1
2996,2022-2023,2022,Business Services,Halifax,1,EDP2,Pink Ink Realty Ltd.,Halifax,B3K 4P6,10250.00,1,44.65916229,-63.60099633,1,1
2997,2022-2023,2022,Chemicals & Plastics,Cape Breton,1,PIVP,Phycus Biotechnologies Inc.,Sydney,B1M1A2,25000.00,1,46.17046101,-60.09374896,1,1
2998,2022-2023,2022,Oceans Technology,Halifax,1,EDP3,Rising Tide Bioacoustics Incorporated,Dartmouth,B2X 2Y2,1125.00,1,44.70853539,-63.54949532,1,1
2999,2022-2023,2022,Business Services,Halifax,1,EDP1,True North Fabrication Limited,Halifax,B3M 4S9,2750.00,1,44.6701661,-63.66842028,1,1
3000,2022-2023,2022,Finance & Insurance,Halifax,1,EDP2,Golden Touch Accounting Services Inc.,Halifax,B3S 0B9,30000.00,1,44.6408804,-63.67083661,1,1
3001,2022-2023,2022,Other,Halifax,1,EDP1,Twin City Painting (1979) Limited,Dartmouth,B3B 1T2,1706.40,1,44.70389345,-63.59071668,1,1
3002,2022-2023,2022,Oceans Technology,Halifax,1,EDP1,Leeway Yachts Limited,Dartmouth,B2Y 2W1,4100.00,1,44.66075972,-63.5564813,1,1
3003,2022-2023,2022,Advanced Manufacturing,Shelburne,1,EDP1,Allendale Electronics Limited,Lockeport,B0T 1L0,2950.00,1,43.75445629,-65.3204333,1,1
3004,2022-2023,2022,Advanced Manufacturing,Cumberland,1,EDP1,Breathing Green Solutions Inc.,Wentworth,B0M 1Z0,3100.00,1,45.561215,-63.54444497,1,1
3005,2022-2023,2022,ICT (includes Digital Media),Halifax,1,EDP1,Korrai Technologies Ltd.,Halifax,B3J 3K5,6150.00,1,44.6443969,-63.57215152,1,1
3006,2022-2023,2022,ICT (includes Digital Media),Halifax,1,EDP1,Erebor Management Ltd.,Hubley,B3Z 1A7,1230.79,1,44.6640709,-63.79258854,1,1
3007,2022-2023,2022,ICT (includes Digital Media),Halifax,1,EDP1,Talkatoo Inc.,Halifax,B3J 3K5,1792.65,1,44.6443969,-63.57215152,1,1
3008,2022-2023,2022,Advanced Manufacturing,Halifax,1,EDP1,Hallmark Dental Laboratory Limited,Halifax,B3S 0G4,1125.00,1,44.64147832,-63.67858384,1,1
3009,2022-2023,2022,Oceans Technology,Halifax,1,EDP1,3310959 Nova Scotia Limited,Bedford,B4A 0H4,7250.00,1,44.70105379,-63.68605287,1,1
3010,2022-2023,2022,Business Services,Halifax,1,EDP1,Power HR Inc.,Halifax,B3M 4R2,2550.00,1,44.67789048,-63.65986177,1,1
3011,2022-2023,2022,Fish & Seafood Processing,Halifax,1,EDP2,3231974 Nova Scotia Limited,Eastern Passage,B3G 1M4,14800.00,1,44.6173757,-63.50158931,1,1
3012,2022-2023,2022,CleanTech,Halifax,1,EDP1,AquaMedia Inc.,Bedford,B4A 3N3,3550.00,1,44.7295256,-63.67639398,1,1
3013,2022-2023,2022,Advanced Manufacturing,Halifax,1,EDP1,Outdoor-Fit Exercise Systems Inc.,Dartmouth,B3B 1S1,4600.00,1,44.6982233,-63.59115212,1,1
3014,2022-2023,2022,ICT (includes Digital Media),Halifax,1,EDP1,3032102 Nova Scotia Ltd.,Halifax,B3K 2Z8,1550.00,1,44.65213499,-63.58185232,1,1
3015,2022-2023,2022,ICT (includes Digital Media),Halifax,1,EDP1,Red Meat Games Inc.,Halifax,B3J 2G3,789.25,1,44.64649648,-63.57647374,1,1
3016,2022-2023,2022,Advanced Manufacturing,Halifax,1,IRP,Pratt & Whitney Canada Corp./Pratt & Whitney Canada Cie.,Goffs,J4G 1A1,3007813.00,1,44.97629068,-63.35971495,1,1
3017,2022-2023,2022,Advanced Manufacturing,Hants,1,EDP1,Nu-Air Ventilation Systems Incorporated,Windsor,B0N 2T0,1427.92,1,44.98943099,-64.10510302,1,1
3018,2022-2023,2022,Aerospace & Defence,Halifax,1,EDP1,Aerovision Canada Inc.,Halifax,B3L 0B7,2150.00,1,44.64456362,-63.6183592,1,1
3019,2022-2023,2022,Business Services,Halifax,1,EDP1,Trinav Fisheries Consultants Inc.,Dartmouth,B3B 1N3,2700.00,1,44.7079425,-63.5949912,1,1
3020,2022-2023,2022,Oceans Technology,Halifax,1,EDP1,Marecomms Inc.,Halifax,B3H 2V1,4400.00,1,44.6344547,-63.57479928,1,1
3021,2022-2023,2022,Business Services,Halifax,1,EDP1,WeUsThem Inc.,Halifax,B3J 3K9,2733.00,1,44.64853102,-63.57454648,1,1
3022,2022-2023,2022,Finance & Insurance,Halifax,1,EDP3,3343407 Nova Scotia Limited,Dartmouth,B2V 1K5,9600.00,1,44.66560119,-63.48080512,1,1
3023,2022-2023,2022,CleanTech,Halifax,1,EDP1,Clean Valley Bio-Filtration Technologies CIC,Dartmouth,B2Y 1N8,3035.00,1,44.680985,-63.54576781,1,1
3024,2022-2023,2022,Energy,Halifax,1,EDP2,Green Power Labs Inc.,Dartmouth,B2Y 4M9,29800.00,1,44.661197,-63.54252116,1,1
3025,2022-2023,2022,Oceans Technology,Halifax,1,EDP1,Senda Technologies Fisheries,Dartmouth,B2Y 4T5,3200.00,1,44.66075972,-63.5564813,1,1
3026,2022-2023,2022,Advanced Manufacturing,Lunenburg,1,EDP1,ABCO Industries Inc.,Lunenburg,B0J 2C0,3850.00,1,44.374673,-64.31698404,1,1
3027,2022-2023,2022,Advanced Manufacturing,Halifax,1,EDP1,Reftek Systems Inc.,Dartmouth,B3B 1T8,2400.00,1,44.69449851,-63.58665683,1,1
3028,2022-2023,2022,Advanced Manufacturing,Halifax,1,EDP1,Mattatall Signs Limited,Dartmouth,B3B 1L3,800.00,1,44.7003593,-63.588484,1,1
3029,2022-2023,2022,Aerospace & Defence,Halifax,1,EDP1,Galaxia Mission Systems Inc.,Halifax,B3P 0A1,1450.00,1,44.62263413,-63.61369534,1,1
3030,2022-2023,2022,Fish & Seafood Processing,Lunenburg,1,IRP,Deep Cove Aqua Farms Limited,Deep Cove,B0J 1C0,550000.00,1,44.50419,-64.11696702,1,1
3031,2022-2023,2022,Clothing & Textiles,Halifax,1,EDP3,Fairechild Inc.,Hubley,B3Z 1A8,1940.00,1,44.66324969,-63.78589089,1,1
3032,2022-2023,2022,ICT (includes Digital Media),Halifax,1,EDP1,DPP Golf Inc.,Halifax,B3J 2V1,1850.00,1,44.65264008,-63.5745241,1,1
3033,2022-2023,2022,Engineering & Professional,Halifax,1,EDP2,Fathom Studio Inc.,Dartmouth,B2Y 2R4,23750.00,1,44.6654431,-63.56626961,1,1
3034,2022-2023,2022,Oceans Technology,Halifax,1,EDP1,MetOcean Telematics Limited,Dartmouth,B3B 1R9,2800.00,1,44.69999109,-63.59548792,1,1
3035,2022-2023,2022,ICT (includes Digital Media),Halifax,1,EDP1,Swept Technologies Inc.,Halifax,B3H 1B2,3829.72,1,44.62425871,-63.57557997,1,1
3036,2022-2023,2022,Business Services,Halifax,1,EDP1,Atlantic Canada Business Network Ltd.,Halifax,B4A 1E4,4300.00,1,44.73170222,-63.65941988,1,1
3037,2022-2023,2022,Other,Halifax,1,EDP1,Dasq Holdings Inc.,Halifax,B3J 1L1,2800.00,1,44.64454941,-63.57965492,1,1
3038,2022-2023,2022,Other,Halifax,1,EDP2,Blue Nile Massage & Wellness Inc.,Halifax,B3J3M7,2500.00,1,44.64258519,-63.5780409,1,1
3039,2022-2023,2022,ICT (includes Digital Media),Halifax,1,EDP2,Swept Technologies Inc.,Halifax,B3H 1B2,13350.00,1,44.62425871,-63.57557997,1,1
3040,2022-2023,2022,ICT (includes Digital Media),Halifax,1,EDP1,WarrierTech Inc.,Bedford,B4B 0H8,1150.00,1,44.72112451,-63.70527501,1,1
3041,2022-2023,2022,Agri-food,Halifax,1,EDP1,Earthli Plant-Powered Superfoods Inc.,Windsor,B0N 2T0,1950.00,1,44.99270802,-64.12385099,1,1
3042,2022-2023,2022,ICT,Halifax,1,Project Management,Quantafic Business Solutions LLP,Halifax,B3J 3K5,0.00,1,44.6443969,-63.57215152,1,1
3043,2022-2023,2022,Business Services,Halifax,1,EDP1,Pink Ink Realty Ltd.,Halifax,B3K 4P6,1625.00,1,44.65916229,-63.60099633,1,1
3044,2022-2023,2022,Life Sciences,Halifax,1,EDP1,Detectica Inc.,Bedford,B4A 0G5,5300.00,1,44.70434649,-63.68210608,1,1
3045,2022-2023,2022,Advanced Manufacturing,Guysborough,1,EDP3,The Soap Company Of Nova Scotia (SCONS) Ltd.,Sherbrooke,B0J 3C0,7005.25,1,45.12130074,-61.93941412,1,1
3046,2022-2023,2022,ICT (includes Digital Media),Halifax,1,EDP1,Boondoc Technologies Incorporated,Halifax,B3K 4X5,4450.00,1,44.66215572,-63.61043168,1,1
3047,2022-2023,2022,ICT (includes Digital Media),Halifax,1,EDP2,Compusult Limited,Halifax,B3J 3K3,30000.00,1,44.64333722,-63.57843871,1,1
3048,2022-2023,2022,ICT (includes Digital Media),Halifax,1,EDP1,Flolab Data Services Inc.,Bedford,B4B 0Z8,1700.00,1,44.70236048,-63.71144316,1,1
3049,2022-2023,2022,Business Services,Halifax,1,EDP1,Innovar Training And Consulting Inc.,Halifax,B3L 2A1,2480.00,1,44.65447291,-63.60908906,1,1
3050,2022-2023,2022,CleanTech,Halifax,1,EDP2,Zen Electric Bikes Inc.,Dartmouth,B2Y 4M9,14000.00,1,44.661197,-63.54252116,1,1
3051,2022-2023,2022,Oceans Technology,Lunenburg,1,EDP1,Pro-Oceanus Systems Incorporated,Bridgewater,B4V 1N1,2662.50,1,44.37764799,-64.52006003,1,1
3052,2022-2023,2022,Oceans Technology,Halifax,1,EDP1,Ashored Inc.,Bedford,B4A 2T3,4975.00,1,44.7371875,-63.64741339,1,1
3053,2022-2023,2022,Business Services,Kings,1,EDP2,More In Store Marketing Solutions Inc.,Sheffield Mills,B0P 1J0,9450.00,1,45.14629001,-64.48994302,1,1
3054,2022-2023,2022,Engineering & Professional,Halifax,1,EDP1,Nexus Coastal Resource Management Limited,Halifax,B3M 3Y7,3800.00,1,44.66292719,-63.65753596,1,1
3055,2022-2023,2022,Business Services,Lunenburg,1,EDP1,Front Porch Mercantile Ltd.,Lunenburg,B0J 2C0,2225.00,1,44.35452399,-64.236602,1,1
3056,2022-2023,2022,Agri-food,Cumberland,1,IRP,Oxford Frozen Foods Limited,Oxford,B0M 1P0,1438100.00,1,45.73435138,-63.87418192,1,1
3057,2022-2023,2022,Business Services,Halifax,1,EDP1,Nadine Wentzell Consulting Inc.,Halifax,B3S 1K6,2247.08,1,44.66057741,-63.66627108,1,1
3058,2022-2023,2022,Oceans Technology,Halifax,1,EDP1,Reeldata Inc.,Halifax,B3K 2Z8,2810.00,1,44.65184011,-63.58154563,1,1
3059,2022-2023,2022,Life Sciences,Halifax,1,EDP1,Ardea Outcomes Inc.,Halifax,B3J 3M8,5300.00,1,44.6472998,-63.57243299,1,1
3060,2022-2023,2022,Agri-food,Antigonish,1,EDP1,Tony's Meats Ltd.,Antigonish,B2G 2L2,4600.00,1,45.63273099,-61.96200603,1,1
3061,2022-2023,2022,Business Services,Inverness,1,EDP1,1250657 BC Ltd.,Port Hood,B0E 2W0,1400.00,1,46.02414802,-61.52020999,1,1
3062,2022-2023,2022,Energy,Halifax,1,EDP1,Glas Ocean Electric Inc.,Halifax,B3P 2H3,3100.00,1,44.61460078,-63.57834516,1,1
3063,2022-2023,2022,ICT (includes Digital Media),Halifax,1,EDP2,Neontrain Inc.,Halifax,B3J 2G3,27500.00,1,44.64649648,-63.57647374,1,1
3064,2022-2023,2022,Advanced Manufacturing,Halifax,1,EDP1,Maritime Paper Products GP Limited,Dartmouth,B3B 1C7,4800.00,1,44.70284249,-63.60225152,1,1
3065,2022-2023,2022,Clothing & Textiles,Halifax,1,EDP1,Sevaen Workwear Limited,Dartmouth,B3B 1L2,1800.00,1,44.7051481,-63.5933217,1,1
3066,2022-2023,2022,Energy,Halifax,1,PIVP,RDA Atlantic Inc.,Halifax,B3M 2L9,15000.00,1,44.70695842,-63.66516039,1,1
3067,2022-2023,2022,Life Sciences,Halifax,1,EDP1,3D BiofibR Inc.,Halifax,B3H 0A8,3843.50,1,44.63964231,-63.58306912,1,1
3068,2022-2023,2022,Clothing & Textiles,Halifax,1,EDP2,9909460 Canada Ltd.,Halifax,B3S 1B7,5000.00,1,44.6386032,-63.6646382,1,1
3069,2022-2023,2022,ICT (includes Digital Media),Halifax,1,EDP1,QuickFacts Inc.,Bedford,B4B 1L5,535.00,1,44.71739242,-63.7126691,1,1
3070,2022-2023,2022,Agri-food,Pictou,1,EDP1,Big Cove Foods Inc.,Thorburn,B0K 1W0,722.50,1,45.59997502,-62.51397598,1,1
3071,2022-2023,2022,Fish & Seafood Processing,Cape Breton,1,EDP1,Louisbourg Seafoods Limited,Sydney,B1S 1A2,3770.00,1,46.13125202,-60.19437798,1,1
3072,2022-2023,2022,ICT (includes Digital Media),Halifax,1,EDP1,Huminah Huminah Animation Limited,Dartmouth,B2Y 4V7,6425.00,1,44.6701179,-63.56273513,1,1
3073,2022-2023,2022,Fish & Seafood Processing,Halifax,1,EDP1,Fathom Fish & Seafood Inc.,Halifax,B3S 1A2,4614.81,1,44.63720648,-63.67069982,1,1
3074,2022-2023,2022,ICT (includes Digital Media),Halifax,1,EDP1,Vesuvius Media Ltd.,Halifax,B3M 1W8,6700.00,1,44.6754586,-63.65096497,1,1
3075,2022-2023,2022,Oceans Technology,Halifax,1,PIVP,Marine Thinking Inc.,Halifax,B3H 4N4,15000.00,1,44.6383266,-63.56697176,1,1
3076,2022-2023,2022,ICT (includes Digital Media),Halifax,1,PRP,"ER Software Canada, ULC",Halifax,B3L 2C2,728000.00,1,44.65543209,-63.62736094,1,1
3077,2022-2023,2022,Life Sciences,Halifax,1,EDP1,Ring Rescue Incorporated,Dartmouth,B2Y 4W6,4750.00,1,44.65646378,-63.54008169,1,1
3078,2022-2023,2022,ICT (includes Digital Media),Halifax,1,EDP3,Korrai Technologies Ltd.,Halifax,B3J 3K5,2000.00,1,44.6443969,-63.57215152,1,1
3079,2022-2023,2022,Agri-food,Halifax,1,EDP1,Oberland Agriscience Inc.,Halifax,B3S 1C2,2697.17,1,44.62676129,-63.66656302,1,1
3080,2022-2023,2022,Advanced Manufacturing,Halifax,1,EDP1,Sealand Building Group Inc.,Lower Sackville,B4C 0A7,3435.00,1,44.75996448,-63.65077947,1,1
3081,2022-2023,2022,CleanTech,Halifax,1,EDP1,Zen Electric Bikes Inc.,Dartmouth,B2Y 4M9,3100.00,1,44.661197,-63.54252116,1,1
3082,2022-2023,2022,ICT (includes Digital Media),Halifax,1,EDP2,Site 2020 Incorporated,Dartmouth,B3B 1J3,25000.00,1,44.70739281,-63.60707908,1,1
3083,2022-2023,2022,Agri-food,Kings,1,EDP1,McConnell Gordon Estates Limited,Gaspereau,B4P 2R1,2100.00,1,44.99426948,-64.31280717,1,1
3084,2022-2023,2022,Fish & Seafood Processing,Shelburne,1,PIVP,I. Deveau Fisheries Limited,North East Point,B0W 2P0,15000.00,1,43.51184839,-65.60704217,1,1
3085,2022-2023,2022,Aerospace & Defence,Halifax,1,EDP1,Nautics Technical Surveillance Corporation,Bedford,B4A 2X9,6660.50,1,44.73634952,-63.65696867,1,1
3086,2022-2023,2022,ICT (includes Digital Media),Halifax,1,EDP1,Talkatoo Inc.,Halifax,B3J 3K5,2525.00,1,44.6443969,-63.57215152,1,1
3087,2022-2023,2022,Advanced Manufacturing,Cumberland,1,EDP1,Surrette Battery Co. Ltd.,Springhill,B0M 1X0,1750.00,1,45.65348102,-64.06447903,1,1
3088,2022-2023,2022,Business Services,Halifax,1,EDP3,Michael MacMillan Consulting Inc.,Halifax,B3P 2C4,7975.00,1,44.62595231,-63.61845919,1,1
3089,2022-2023,2022,Fish & Seafood Processing,Pictou,1,EDP1,Blois Fish Processing Automation Limited,River John,B0K 1N0,6550.00,1,45.75122499,-63.14335096,1,1
3090,2022-2023,2022,Business Services,Halifax,1,EDP1,Westgate Executive Branding & Career Consulting Inc.,Dartmouth,B2Y 3V9,3373.42,1,44.66496052,-63.54238244,1,1
3091,2022-2023,2022,ICT (includes Digital Media),Halifax,1,EDP1,Master Merchant Systems Software Limited,Dartmouth,B3B 1T5,3209.09,1,44.69804359,-63.58181301,1,1
3092,2022-2023,2022,Clothing & Textiles,Halifax,1,EDP1,Vanity Fashions Limited,Dartmouth,B3B 1Z6,3950.00,1,44.71558809,-63.58313877,1,1
3093,2022-2023,2022,CleanTech,Halifax,1,EDP1,Clean Valley Bio-Filtration Technologies CIC,Dartmouth,B2Y 1N8,800.00,1,44.680985,-63.54576781,1,1
3094,2022-2023,2022,Fish & Seafood Processing,Lunenburg,1,EDP3,Deep Cove Aqua Farms Limited,Blandford,B0J 1C0,11625.00,1,44.50419,-64.11696702,1,1
3095,2022-2023,2022,Business Services,Halifax,1,EDP1,Fit First Holdings Inc.,Dartmouth,B3B 0A1,7933.88,1,44.71037061,-63.58494767,1,1
3096,2022-2023,2022,Life Sciences,Halifax,1,EDP2,Master's Dental Lab Limited,Halifax,B3M 2K6,4600.00,1,44.67822521,-63.65053891,1,1
3097,2022-2023,2022,Oceans Technology,Halifax,1,EDP1,Xeos Technologies Inc.,Dartmouth,B3B 1L6,500.00,1,44.71448181,-63.60500112,1,1
3098,2022-2023,2022,Life Sciences,Halifax,1,EDP1,Axtion Independence Mobility Inc.,Halifax,B3J 1B6,562.86,1,44.64146629,-63.57312089,1,1
3099,2022-2023,2022,Agri-food,Kings,1,EDP1,Scotian Gold Cooperative Ltd.,Coldbrook,B4R 1A6,4400.00,1,45.06829602,-64.58037998,1,1
3100,2022-2023,2022,Advanced Manufacturing,Antigonish,1,PIVP,Dockport Ltd.,Habour Centre,B2G 2L2,15000.00,1,45.673086,-61.89386803,1,1
3101,2022-2023,2022,Engineering & Professional,Halifax,1,EDP2,Enginuity Inc.,Halifax,B3P 1M1,6400.00,1,44.61831518,-63.61448139,1,1
3102,2022-2023,2022,Advanced Manufacturing,Halifax,1,EDP1,Snap Innovations Inc.,Halifax,B3P 1M1,2900.00,1,44.61831518,-63.61448139,1,1
3103,2022-2023,2022,Advanced Manufacturing,Pictou,1,EDP1,Aqua Production Systems Incorporated,Union Centre,B0K 2A0,2340.00,1,45.530022,-62.75507203,1,1
3104,2022-2023,2022,Fish & Seafood Processing,Shelburne,1,EDP1,Gerret Enterprises Inc.,Clarks Harbour,B0W 1P0,8000.00,1,43.45760599,-65.65108404,1,1
3105,2022-2023,2022,ICT (includes Digital Media),Halifax,1,EDP1,Greenii Inc.,Halifax,B3M 3M9,2650.00,1,44.66055231,-63.65502851,1,1
3106,2022-2023,2022,Mining & Mineral Products,Victoria,1,Project Management,Canadian Gypsum Corporation,Little Narrows,B0E 1T0,0.00,1,46.010649,-61.53056198,1,1
3107,2022-2023,2022,Oceans Technology,Halifax,1,EDP1,Xeos Technologies Inc.,Dartmouth,B3B 1L6,2800.00,1,44.71448181,-63.60500112,1,1
3108,2022-2023,2022,Advanced Manufacturing,Halifax,1,IRP,Ace Machining Limited,Dartmouth,B2Y 4W6,144467.00,1,44.65567861,-63.53955061,1,1
3109,2022-2023,2022,ICT (includes Digital Media),Halifax,1,EDP2,Union.Dev Software Inc.,Halifax,B3J 3T5,24000.00,1,44.64181879,-63.57752994,1,1
3110,2022-2023,2022,Business Services,Halifax,1,EDP2,Benard + Associates Inc.,Halifax,B3J 3M8,25000.00,1,44.6472998,-63.57243299,1,1
3111,2022-2023,2022,Agri-food,Halifax,1,EDP1,Cove Kombucha Inc.,Halifax,B3J 1Z4,1850.00,1,44.64487572,-63.5727049,1,1
3112,2022-2023,2022,Business Services,Halifax,1,EDP1,Epilog End Of Life Services,Halifax,B3L 1A8,989.50,1,44.64412072,-63.60119457,1,1
3113,2022-2023,2022,ICT (includes Digital Media),Halifax,1,EDP1,Boondoc Technologies Incorporated,Halifax,B3K 4X5,1332.50,1,44.66215572,-63.61043168,1,1
3114,2022-2023,2022,Life Sciences,Halifax,1,EDP1,Master's Dental Lab Limited,Halifax,B3M 2K6,1125.00,1,44.67822521,-63.65053891,1,1
3115,2022-2023,2022,Advanced Manufacturing,Halifax,1,EDP1,Reftek Systems Inc.,Dartmouth,B3B 1T8,2900.00,1,44.69449851,-63.58665683,1,1
3116,2022-2023,2022,Fish & Seafood Processing,Victoria,1,IRP,Victoria Co-Operative Fisheries Ltd,Neils Harbour,B0C 1N0,729883.00,1,46.81444401,-60.31944998,1,1
3117,2022-2023,2022,Fish & Seafood Processing,Lunenburg,1,EDP2,Deep Cove Aqua Farms Limited,Blandford,B0J 1C0,5845.00,1,44.50419,-64.11696702,1,1
3118,2022-2023,2022,Advanced Manufacturing,Halifax,1,EDP1,Snap Innovations Inc.,Halifax,B3P 1M1,1050.00,1,44.61831518,-63.61448139,1,1
3119,2022-2023,2022,Agri-food,Halifax,1,EDP1,Chain-Yard Cider Inc.,Halifax,B3K 4C8,1750.38,1,44.6555341,-63.59411496,1,1
3120,2022-2023,2022,Business Services,Halifax,1,EDP1,Partner International Incorporated,Dartmouth,B2Y 4T6,4000.00,1,44.66220488,-63.54466483,1,1
3121,2022-2023,2022,Advanced Manufacturing,Yarmouth,1,EDP2,Tri-Star Industries Limited,Yarmouth,B5A 4G6,10000.00,1,43.83340799,-66.11052901,1,1
3122,2022-2023,2022,Agri-food,Halifax,1,EDP3,Roasted Coffee Roastery,Bedford,B4A 3L8,4175.00,1,44.72966722,-63.64846817,1,1
3123,2022-2023,2022,ICT (includes Digital Media),Halifax,1,EDP2,11746847 Canada Limited,Halifax,B3S 1E4,3000.00,1,44.6635635,-63.66583991,1,1
3124,2022-2023,2022,Finance & Insurance,Halifax,1,EDP2,East Bay Tech Lab Inc.,Halifax,B3H 4B5,2645.00,1,44.63933741,-63.5994948,1,1
3125,2022-2023,2022,Fish & Seafood Processing,Halifax,1,EDP1,ITO Seafoods Ltd.,Bedford,B4B 1G7,6300.00,1,44.72616471,-63.70682063,1,1
3126,2022-2023,2022,Other,Halifax,1,PIVP,Natural Butter Bar Cosmetics,Dartmouth,B3A0B1,25000.00,1,44.6830122,-63.59253782,1,1
3127,2022-2023,2022,Agri-food,Halifax,1,EDP2,Wrought Iron Brewing Company Limited,Halifax,B3K 4P2,26500.00,1,44.65653419,-63.59778246,1,1
3128,2022-2023,2022,Advanced Manufacturing,Halifax,1,EDP1,Reftek Systems Inc.,Dartmouth,B3B 1T8,1935.00,1,44.69449851,-63.58665683,1,1
3129,2022-2023,2022,ICT (includes Digital Media),Antigonish,1,EDP1,Food For Thought Software Solutions Limited,Halifax,B3N 1J9,3900.00,1,44.63940208,-63.62682048,1,1
3130,2022-2023,2022,Energy,Halifax,1,EDP1,Waterford Energy Services Inc.,Halifax,B3L 0B7,7000.00,1,44.64456362,-63.6183592,1,1
3131,2022-2023,2022,Advanced Manufacturing,Halifax,1,EDP1,Outdoor-Fit Exercise Systems Inc.,Dartmouth,B3B 1S1,8650.00,1,44.6982233,-63.59115212,1,1
3132,2022-2023,2022,Advanced Manufacturing,Halifax,1,EDP1,MacKenzie Health Care Technologies Ltd.,Musquodoboit Harbour,B0J 2L0,4700.00,1,44.78123331,-63.1732565,1,1
3133,2022-2023,2022,ICT (includes Digital Media),Halifax,1,EDP1,Checkin Innovative Care Technologies Inc.,Dartmouth,B2Y 4J2,2447.50,1,44.6794361,-63.55246478,1,1
3134,2022-2023,2022,Agri-food,Halifax,1,EDP1,The Spindrift Brewing Company Limited,Dartmouth,B3B 1Z4,2250.00,1,44.71415671,-63.58308379,1,1
3135,2022-2023,2022,Clothing & Textiles,Halifax,1,EDP1,Londolozi Trading Ltd.,Lower Sackville,B4E 1B2,4490.50,1,44.77556949,-63.69227006,1,1
3136,2022-2023,2022,ICT (includes Digital Media),Antigonish,1,EDP1,Food For Thought Software Solutions Limited,Halifax,B3N 1J9,2950.00,1,44.63940208,-63.62682048,1,1
3137,2022-2023,2022,ICT (includes Digital Media),Halifax,1,EDP1,11746847 Canada Limited,Halifax,B3S 1E4,2650.00,1,44.6635635,-63.66583991,1,1
3138,2022-2023,2022,ICT (includes Digital Media),Halifax,1,EDP1,Huminah Huminah Animation Limited,Dartmouth,B2Y 4V7,1900.00,1,44.6701179,-63.56273513,1,1
3139,2022-2023,2022,Clothing & Textiles,Halifax,1,PIVP,Fairechild Inc.,Hubley,B3Z 1A8,25000.00,1,44.66324969,-63.78589089,1,1
3140,2022-2023,2022,Oceans Technology,Halifax,1,EDP1,Sensor Technology Ltd.,Dartmouth,B2Y 4T5,550.00,1,44.66275222,-63.5568393,1,1
3141,2022-2023,2022,CleanTech,Halifax,1,EDP1,Rayleigh Solar Tech Inc.,Dartmouth,B2Y 4M9,5840.00,1,44.661197,-63.54252116,1,1
3142,2022-2023,2022,ICT (includes Digital Media),Halifax,1,EDP1,QuickFacts Inc.,Bedford,B4B 1L5,2339.59,1,44.71739242,-63.7126691,1,1
3143,2022-2023,2022,Energy,Halifax,1,EDP1,Glas Ocean Electric Inc.,Halifax,B3P 2H3,2850.00,1,44.61460078,-63.57834516,1,1
3144,2022-2023,2022,Oceans Technology,Halifax,1,EDP1,Ashored Inc.,Bedford,B4A 2T3,5350.00,1,44.7371875,-63.64741339,1,1
3145,2022-2023,2022,Business Services,Halifax,1,EDP2,Alison K Consulting,Halifax,B3K 4H4,7500.00,1,44.66318988,-63.60457977,1,1
3146,2022-2023,2022,Agri-food,Halifax,1,IRP,Labatt Brewing Company Limited/La Brasserie Labatt Limitée o/a Oland Brewery,Halifax,B3K 4G2,125000.00,1,44.66044812,-63.59913924,1,1
3147,2022-2023,2022,ICT (includes Digital Media),Halifax,1,EDP1,Densitas Incorporated,Halifax,B3H 0A8,10413.43,1,44.63964231,-63.58306912,1,1
3148,2022-2023,2022,Finance & Insurance,Halifax,1,EDP1,3343407 Nova Scotia Limited,Dartmouth,B2V 1K5,4550.00,1,44.66560119,-63.48080512,1,1
3149,2022-2023,2022,Oceans Technology,Halifax,1,EDP2,Ashored Inc.,Bedford,B4A 2T3,5000.00,1,44.7371875,-63.64741339,1,1
3150,2022-2023,2022,Life Sciences,Halifax,1,EDP1,Ring Rescue Incorporated,Dartmouth,B2Y 4W6,2350.00,1,44.65646378,-63.54008169,1,1
3151,2022-2023,2022,Oceans Technology,Halifax,1,EDP2,Marecomms Inc.,Halifax,B3H 2V1,10000.00,1,44.6344547,-63.57479928,1,1
3152,2022-2023,2022,Advanced Manufacturing,Halifax,1,EDP1,Sealand Building Group Inc.,Lower Sackville,B4C 0A7,3842.50,1,44.75996448,-63.65077947,1,1
3153,2022-2023,2022,Agri-food,Halifax,1,EDP2,Cana Packing Inc.,Halifax,B3K 4P6,3250.00,1,44.65916229,-63.60099633,1,1
3154,2022-2023,2022,ICT (includes Digital Media),Halifax,1,EDP1,Prosaris Solutions Ltd.,Bedford,B4B 1K5,3637.50,1,44.72376338,-63.71198371,1,1
3155,2022-2023,2022,Clothing & Textiles,Halifax,1,EDP1,Vanity Fashions Limited,Dartmouth,B3B 1Z6,1600.00,1,44.71558809,-63.58313877,1,1
3156,2022-2023,2022,Life Sciences,Halifax,1,EDP1,Daxsonics Ultrasound Inc.,Halifax,B3H 0A2,8400.00,1,44.6398195,-63.58037643,1,1
3157,2022-2023,2022,Business Services,Halifax,1,EDP1,Success Through Trust Inc.,Halifax,B3L 2H3,1866.30,1,44.64798758,-63.62620549,1,1
3158,2022-2023,2022,ICT (includes Digital Media),Halifax,1,EDP3,B-Line Transportation Analytics Inc.,Halifax,B3H 4P8,8533.44,1,44.64079209,-63.56614748,1,1
3159,2022-2023,2022,Life Sciences,Halifax,1,EDP2,"Clinical Logistics, Inc.",Dartmouth,B3B 1S8,7250.00,1,44.70058381,-63.58695857,1,1
3160,2022-2023,2022,Chemicals & Plastics,Lunenburg,1,EDP2,Atlantick Repellent Products Inc.,Blockhouse,B0J 1E0,3000.00,1,44.44175316,-64.47923321,1,1
3161,2022-2023,2022,ICT (includes Digital Media),Halifax,1,EDP1,Talkatoo Inc.,Halifax,B3J 3K5,3074.78,1,44.6443969,-63.57215152,1,1
3162,2022-2023,2022,Agri-food,Halifax,1,IRP,Rousseau Chocolatier Ltd.,Halifax,B3J 1A2,94683.00,1,44.64039919,-63.56938633,1,1
3163,2022-2023,2022,Engineering & Professional,Halifax,1,EDP1,Nexus Coastal Resource Management Limited,Halifax,B3M 3Y7,1562.50,1,44.66292719,-63.65753596,1,1
3164,2022-2023,2022,ICT (includes Digital Media),Halifax,1,EDP1,Greenii Inc.,Halifax,B3M 3M9,1950.00,1,44.66055231,-63.65502851,1,1
3165,2022-2023,2022,ICT (includes Digital Media),Halifax,1,EDP2,9364382 Canada Incorporated,Hammonds Plains,B4B 1W6,7500.00,1,44.74681181,-63.80598433,1,1
3166,2022-2023,2022,Other,Kings,1,EDP1,Fireworks F/X Incorporated,Grand Pré,B0P 1M0,3500.00,1,45.09115301,-64.30274201,1,1
3167,2022-2023,2022,Business Services,Halifax,1,EDP1,Sea Change Colab Consulting Inc.,Halifax,B3K 2M9,4800.00,1,44.66429101,-63.61096401,1,1
3168,2022-2023,2022,ICT (includes Digital Media),Halifax,1,EDP1,Boondoc Technologies Incorporated,Halifax,B3K 4X5,2300.00,1,44.66215572,-63.61043168,1,1
3169,2022-2023,2022,ICT (includes Digital Media),Halifax,1,EDP3,Korrai Technologies Ltd.,Halifax,B3J 3K5,1330.00,1,44.6443969,-63.57215152,1,1
3170,2022-2023,2022,ICT (includes Digital Media),Halifax,1,EDP2,Safer Roads International Inc.,Halifax,B4B 1K9,15000.00,1,44.72123569,-63.71398087,1,1
3171,2022-2023,2022,ICT (includes Digital Media),Halifax,1,EDP1,Workworld Labour Services Inc.,Halifax,B3M 4H4,3450.00,1,44.72123569,-63.71398087,1,1
3172,2022-2023,2022,Agri-food,Hants,1,EDP1,Shivani's Kitchen Ltd.,Halifax,B3S 1L1,1700.00,1,44.6704502,-63.67389618,1,1
3173,2022-2023,2022,Agri-food,Kings,1,EDP1,McConnell Gordon Estates Limited,Gaspereau,B4P 2R1,1300.00,1,44.99426948,-64.31280717,1,1
3174,2022-2023,2022,Forest Products,Halifax,1,EDP1,Canadian Lumber Limited,Halifax,B3K 5A5,6818.15,1,44.66468421,-63.6195485,1,1
3175,2022-2023,2022,Advanced Manufacturing,Halifax,1,EDP1,Mil-Aero Electronics Atlantic Inc.,Dartmouth,B2Y 4V9,954.00,1,44.65789562,-63.54001707,1,1
3176,2022-2023,2022,Agri-food,Hants,1,IRP,Made With Local Snack Foods Inc.,Windsor,B0N 2T0,275000.00,1,44.99162202,-64.14055604,1,1
3177,2022-2023,2022,ICT (includes Digital Media),Halifax,1,EDP2,Seo Brothers Inc.,Bedford,B4B 0Z4,30000.00,1,44.70537449,-63.71088728,1,1
3178,2022-2023,2022,ICT (includes Digital Media),Halifax,1,EDP1,Talkatoo Inc.,Halifax,B3J 3K5,1784.67,1,44.6443969,-63.57215152,1,1
3179,2022-2023,2022,Advanced Manufacturing,Halifax,1,EDP1,Reftek Systems Inc.,Dartmouth,B3B 1T8,3400.00,1,44.69449851,-63.58665683,1,1
3180,2022-2023,2022,ICT (includes Digital Media),Halifax,1,EDP3,REDspace Inc.,Bedford,B4A 3Y4,30000.00,1,44.73311121,-63.65426081,1,1
3181,2022-2023,2022,Agri-food,Cape Breton,1,PIVP,3280084 Nova Scotia Limited,Sydney,B1R 1V7,15000.00,1,46.119256,-60.23234298,1,1
3182,2022-2023,2022,Engineering & Professional,Halifax,1,EDP1,Enginuity Inc.,Halifax,B3P 1M1,2250.00,1,44.61831518,-63.61448139,1,1
3183,2022-2023,2022,CleanTech,Halifax,1,EDP1,Clean Valley Bio-Filtration Technologies CIC,Dartmouth,B2Y 1N8,1799.46,1,44.680985,-63.54576781,1,1
3184,2022-2023,2022,Business Services,Halifax,1,EDP2,Westgate Executive Branding & Career Consulting Inc.,Dartmouth,B2Y 3V9,3117.00,1,44.66496052,-63.54238244,1,1
3185,2022-2023,2022,Advanced Manufacturing,Halifax,1,EDP1,A.C. Dispensing Equipment Incorporated,Lower Sackville,B4C 4H2,19763.63,1,44.75770791,-63.65241043,1,1
3186,2022-2023,2022,Life Sciences,Halifax,1,EDP1,Sparrow Acoustics Inc.,Lucasville,B4B 0X3,7428.00,1,44.75974731,-63.7482393,1,1
3187,2022-2023,2022,Advanced Manufacturing,Halifax,1,EDP2,Graphite Innovation and Technologies Inc.,Dartmouth,B2Y 4M9,15250.00,1,44.661197,-63.54252116,1,1
3188,2022-2023,2022,ICT (includes Digital Media),Halifax,1,EDP1,Talkatoo Inc.,Halifax,B3J 3K5,9150.00,1,44.6443969,-63.57215152,1,1
3189,2022-2023,2022,ICT (includes Digital Media),Halifax,1,EDP1,Union.Dev Software Inc.,Halifax,B3J 3T5,4001.50,1,44.64181879,-63.57752994,1,1
3190,2022-2023,2022,Business Services,Hants,1,PIVP,Happy Community Project Limited,Ellershouse,B0N 1L0,25000.00,1,44.97042402,-64.01117902,1,1
3191,2022-2023,2022,ICT (includes Digital Media),Halifax,1,EDP2,DPP Golf Inc.,Halifax,B3J 2V1,10000.00,1,44.65264008,-63.5745241,1,1
3192,2022-2023,2022,Oceans Technology,Halifax,1,EDP1,Allswater Marine Consultants Ltd.,Halifax,B4A 1B9,6350.00,1,44.71961069,-63.67227948,1,1
3193,2022-2023,2022,Business Services,Halifax,1,EDP2,3186232 Nova Scotia Limited,Halifax,B3K2R8,30000.00,1,44.6654747,-63.61307851,1,1
3194,2022-2023,2022,Agri-food,Kings,1,EDP1,Lightfoot & Wolfville Vineyards Ltd.,Wolfville,B4P 2R1,2450.00,1,44.99426948,-64.31280717,1,1
3195,2022-2023,2022,Fish & Seafood Processing,Halifax,1,EDP1,3231974 Nova Scotia Limited,Eastern Passage,B3G 1M4,5485.34,1,44.6173757,-63.50158931,1,1
3196,2022-2023,2022,Agri-food,Lunenburg,1,PIVP,O & K Sea Salt,Lahave,B0R1C0,15000.00,1,44.2600736,-64.39988173,1,1
3197,2022-2023,2022,Other,Kings,1,EDP2,Fireworks F/X Incorporated,Grand Pré,B0P 1M0,7500.00,1,45.09115301,-64.30274201,1,1
3198,2022-2023,2022,ICT (includes Digital Media),Halifax,1,EDP1,Korrai Technologies Ltd.,Halifax,B3J 3K5,3350.00,1,44.6443969,-63.57215152,1,1
3199,2022-2023,2022,Business Services,Halifax,1,EDP1,C-Level Executive Solutions LP,Dartmouth,B2W 0G6,2150.00,1,44.65863189,-63.52273383,1,1
3200,2022-2023,2022,Life Sciences,Halifax,1,EDP2,FIVAmed Inc.,Halifax,B3P 1M1,3497.50,1,44.61831518,-63.61448139,1,1
3201,2022-2023,2022,Agri-food,Colchester,1,PIVP,Woolies Of Upperbrook Farm,Central North River,B6L 6W6,15000.00,1,45.43694021,-63.21911942,1,1
3202,2022-2023,2022,Life Sciences,Halifax,1,EDP1,Precision BioLogic Incorporated,Dartmouth,B3B 0A9,10919.89,1,44.69614321,-63.57192069,1,1
3203,2022-2023,2022,Life Sciences,Halifax,1,EDP1,Bend Beauty Inc.,Halifax,B3J 0C7,1750.00,1,44.64595991,-63.57356119,1,1
3204,2022-2023,2022,ICT (includes Digital Media),Halifax,1,EDP1,Master Merchant Systems Software Limited,Dartmouth,B3B 1T5,3900.00,1,44.69804359,-63.58181301,1,1
3205,2022-2023,2022,ICT (includes Digital Media),Halifax,1,EDP2,NovaResp Technologies Inc.,Halifax,B3H 0A8,30000.00,1,44.63964231,-63.58306912,1,1
3206,2022-2023,2022,Business Services,Halifax,1,EDP1,Pink Ink Realty Ltd.,Halifax,B3K 4P6,4350.00,1,44.65916229,-63.60099633,1,1
3207,2022-2023,2022,Life Sciences,Halifax,1,EDP1,Hollo Medical Inc.,Halifax,B3M 4Y4,1257.00,1,44.6987416,-63.66754974,1,1
3208,2022-2023,2022,Oceans Technology,Halifax,1,EDP1,Marecomms Inc.,Halifax,B3H 2V1,1500.00,1,44.6344547,-63.57479928,1,1
3209,2022-2023,2022,ICT (includes Digital Media),Hants,1,EDP1,Academic Edge Inc.,Windsor,B0N 2T0,4000.00,1,44.99102799,-64.14318603,1,1
3210,2022-2023,2022,Advanced Manufacturing,Pictou,1,EDP1,Aqua Production Systems Incorporated,Union Centre,B0K 2A0,1400.00,1,45.530022,-62.75507203,1,1
3211,2022-2023,2022,ICT (includes Digital Media),Halifax,1,EDP1,Erebor Management Ltd.,Hubley,B3Z 1A7,2103.81,1,44.6640709,-63.79258854,1,1
3212,2022-2023,2022,Finance & Insurance,Halifax,1,EDP2,Bonfire Capital Inc.,Halifax,B3M 4B9,12500.00,1,44.68566201,-63.66191634,1,1
3213,2022-2023,2022,Oceans Technology,Halifax,1,EDP1,Dominon Diving Limited,Dartmouth,B2Y 2W1,3325.00,1,44.66566061,-63.56342739,1,1
3214,2022-2023,2022,Fish & Seafood Processing,Halifax,1,EDP3,Afishionado Fish Mongers Inc.,Bedford,B4A 2T3,8315.00,1,44.7371875,-63.64741339,1,1
3215,2022-2023,2022,ICT (includes Digital Media),Halifax,1,EDP1,DPP Golf Inc.,Halifax,B3J 2V1,1500.00,1,44.65264008,-63.5745241,1,1
3216,2022-2023,2022,Life Sciences,Halifax,1,EDP1,Master's Dental Lab Limited,Halifax,B3M 2K6,2870.00,1,44.67822521,-63.65053891,1,1
3217,2022-2023,2022,Oceans Technology,Halifax,1,EDP1,RBR Atlantic Instrumentation Ltd.,Dartmouth,B2Y 4T5,3300.00,1,44.66075972,-63.5564813,1,1
3218,2022-2023,2022,ICT (includes Digital Media),Halifax,1,EDP1,3032102 Nova Scotia Ltd.,Halifax,B3K 2Z8,2200.00,1,44.65213499,-63.58185232,1,1
3219,2022-2023,2022,Business Services,Halifax,1,EDP1,Vanessa Burns Consulting Group,Halifax,B3K 4A5,1641.48,1,44.67108781,-63.61503728,1,1
3220,2022-2023,2022,ICT (includes Digital Media),Pictou,1,EDP1,New Brooklyn Media Inc.,New Glasgow,B2H 3B2,2199.18,1,45.58616319,-62.64272981,1,1
3221,2022-2023,2022,Oceans Technology,Halifax,1,EDP2,Leeway Yachts Limited,Dartmouth,B2Y 2W1,9150.00,1,44.66075972,-63.5564813,1,1
3222,2022-2023,2022,Oceans Technology,Halifax,1,EDP1,Sensor Technology Ltd.,Dartmouth,B2Y 4T5,3324.50,1,44.66275222,-63.5568393,1,1
3223,2022-2023,2022,CleanTech,Halifax,1,PIVP,Arduro Nova Scotia Limited,Dartmouth,B2Y 1H2,15000.00,1,44.66529541,-63.56664269,1,1
3224,2022-2023,2022,Advanced Manufacturing,Halifax,1,EDP1,Reftek Systems Inc.,Dartmouth,B3B 1T8,3250.00,1,44.69449851,-63.58665683,1,1
3225,2022-2023,2022,ICT (includes Digital Media),Halifax,1,EDP1,Cartenav Solutions Inc.,Halifax,B3J 3N2,7103.00,1,44.65177398,-63.57414449,1,1
3226,2022-2023,2022,Advanced Manufacturing,Halifax,1,EDP1,Mattatall Signs Limited,Dartmouth,B3B 1L3,1660.50,1,44.7003593,-63.588484,1,1
3227,2022-2023,2022,Agri-food,Halifax,1,EDP1,Renegade Nutrition Inc.,Halifax,B3P 2E1,3099.19,1,44.63097709,-63.62140543,1,1
3228,2022-2023,2022,Business Services,Halifax,1,EDP1,True North Fabrication Limited,Halifax,B3M 4S9,1575.00,1,44.6701661,-63.66842028,1,1
3229,2022-2023,2022,ICT (includes Digital Media),Cape Breton,1,EDP3,Harbr Inc.,Howie Center,B1L 1G9,4682.87,1,46.064642,-60.270702,1,1
3230,2022-2023,2022,ICT (includes Digital Media),Halifax,1,EDP1,Mobia Technology Innovations Incorporated,Dartmouth,B3B 0B3,6100.00,1,44.69627891,-63.57650819,1,1
3231,2022-2023,2022,Other,Hants,1,EDP2,3317068 Nova Scotia Limited,Falmouth,B0P 1L0,10600.00,1,45.00024142,-64.18302647,1,1
3232,2022-2023,2022,ICT (includes Digital Media),Halifax,1,EDP1,Talkatoo Inc.,Halifax,B3J 3K5,4249.50,1,44.6443969,-63.57215152,1,1
3233,2022-2023,2022,Advanced Manufacturing,Digby,1,IRP,Lewis Mouldings & Wood Specialties Limited,Weymouth,B0W 3T0,827500.00,1,44.43803,-66.00269398,1,1
3234,2022-2023,2022,Other,Halifax,1,EDP1,3333394 Nova Scotia Limited,Hammonds Plains,B4B 1M7,1950.00,1,44.74183472,-63.79057126,1,1
3235,2022-2023,2022,Business Services,Halifax,1,EDP2,Pink Ink Realty Ltd.,Halifax,B3K 4P6,3250.00,1,44.65916229,-63.60099633,1,1
3236,2022-2023,2022,Advanced Manufacturing,Halifax,1,EDP1,Mattatall Signs Limited,Dartmouth,B3B 1L3,2750.00,1,44.7003593,-63.588484,1,1
3237,2022-2023,2022,Clothing & Textiles,Halifax,1,EDP2,Fairechild Inc.,Hubley,B3Z 1A8,12500.00,1,44.66324969,-63.78589089,1,1
3238,2022-2023,2022,Advanced Manufacturing,Halifax,1,EDP2,Aqualitas Inc.,Bedford,B4A 1E6,22500.00,1,44.73217621,-63.65754702,1,1
3239,2022-2023,2022,Business Services,Halifax,1,EDP1,WeUsThem Inc.,Halifax,B3J 3K9,654.72,1,44.64853102,-63.57454648,1,1
3240,2022-2023,2022,Agri-food,Halifax,1,EDP1,Cove Kombucha Inc.,Halifax,B3J 1Z4,3400.00,1,44.64487572,-63.5727049,1,1
3241,2022-2023,2022,ICT (includes Digital Media),Halifax,1,EDP1,Vesuvius Media Ltd.,Halifax,B3M 1W8,9400.00,1,44.6754586,-63.65096497,1,1
3242,2022-2023,2022,Life Sciences,Cape Breton,1,PIVP,Material Futures Inc.,Sydney,B1M 1A2,15000.00,1,46.17046101,-60.09374896,1,1
3243,2022-2023,2022,ICT (includes Digital Media),Halifax,1,EDP1,3032102 Nova Scotia Ltd.,Halifax,B3K 2Z8,2000.00,1,44.65213499,-63.58185232,1,1
3244,2022-2023,2022,Life Sciences,Halifax,1,EDP2,Master's Dental Lab Limited,Halifax,B3M 2K6,4100.00,1,44.67822521,-63.65053891,1,1
3245,2022-2023,2022,CleanTech,Halifax,1,EDP1,AquaMedia Inc.,Bedford,B4A 3N3,4400.00,1,44.7295256,-63.67639398,1,1
3246,2022-2023,2022,Advanced Manufacturing,Colchester,1,EDP1,Ditch Doctor Atlantic Limited,Glenholme,B0M 1G0,9400.00,1,45.49447879,-63.55460678,1,1
3247,2022-2023,2022,Agri-food,Halifax,1,EDP1,Oberland Agriscience Inc.,Halifax,B3S 1C2,1779.90,1,44.62676129,-63.66656302,1,1
3248,2022-2023,2022,Oceans Technology,Halifax,1,EDP1,Marecomms Inc.,Halifax,B3H 2V1,5950.00,1,44.6344547,-63.57479928,1,1
3249,2022-2023,2022,ICT (includes Digital Media),Halifax,1,EDP1,Red Meat Games Inc.,Halifax,B3J 2G3,9750.00,1,44.64649648,-63.57647374,1,1
3250,2022-2023,2022,Business Services,Halifax,1,EDP1,Trinav Fisheries Consultants Inc.,Dartmouth,B3B 1N3,1375.00,1,44.7079425,-63.5949912,1,1
3251,2022-2023,2022,Clothing & Textiles,Halifax,1,EDP1,Vanity Fashions Limited,Dartmouth,B3B 1Z6,2840.00,1,44.71558809,-63.58313877,1,1
3252,2022-2023,2022,Business Services,Halifax,1,EDP1,WeUsThem Inc.,Halifax,B3J 3K9,4049.83,1,44.64853102,-63.57454648,1,1
3253,2022-2023,2022,CleanTech,Halifax,1,EDP1,Clean Valley Bio-Filtration Technologies CIC,Dartmouth,B2Y 1N8,1200.00,1,44.680985,-63.54576781,1,1
3254,2022-2023,2022,Oceans Technology,Halifax,1,EDP1,Senda Technologies Fisheries,Dartmouth,B2Y 4T5,4300.00,1,44.66075972,-63.5564813,1,1
3255,2022-2023,2022,ICT (includes Digital Media),Halifax,1,EDP1,3RDI Laboratory Incorporated,New Minas,B4N 3R5,6300.00,1,45.06652798,-64.46873102,1,1
3256,2022-2023,2022,Oceans Technology,Lunenburg,1,PIVP,Pro-Oceanus Systems Incorporated,Bridgewater,B4V 1N1,25000.00,1,44.37764799,-64.52006003,1,1
3257,2022-2023,2022,Energy,Halifax,1,PIVP,Iformit Solutions Inc.,Middle Sackville,B4E1S4,25000.00,1,44.7810891,-63.70079513,1,1
3258,2022-2023,2022,Agri-food,Shelburne,1,PIVP,Boxing Rock Brewing Company Limited,Shelburne,B0T1W0,15000.00,1,43.778098,-65.33616102,1,1
3259,2022-2023,2022,ICT (includes Digital Media),Halifax,1,EDP1,Greenii Inc.,Halifax,B3M 3M9,1800.00,1,44.66055231,-63.65502851,1,1
3260,2022-2023,2022,Advanced Manufacturing,Halifax,1,EDP1,Reftek Systems Inc.,Dartmouth,B3B 1T8,3000.00,1,44.69449851,-63.58665683,1,1
3261,2022-2023,2022,Other,Halifax,1,EDP1,Fumes Rolling Papers Inc.,Dartmouth,B2V 1B9,2880.00,1,44.6530697,-63.48487387,1,1
3262,2022-2023,2022,Oceans Technology,Halifax,1,EDP1,Xeos Technologies Inc.,Dartmouth,B3B 1L6,3150.00,1,44.71448181,-63.60500112,1,1
3263,2022-2023,2022,Oceans Technology,Halifax,1,EDP1,Reeldata Inc.,Halifax,B3K 2Z8,2050.00,1,44.65184011,-63.58154563,1,1
3264,2022-2023,2022,Business Services,Halifax,1,EDP1,Big Leap Leadership Inc.,Bedford,B4B 0T2,2195.00,1,44.70741662,-63.70460982,1,1
3265,2022-2023,2022,Other,Lunenburg,1,EDP1,Nanotech Eco Solutions Cdn Inc.,Chester,B0J 1J0,5600.00,1,44.58819201,-64.26937801,1,1
3266,2022-2023,2022,ICT (includes Digital Media),Halifax,1,EDP1,Talkatoo Inc.,Halifax,B3J 3K5,935.00,1,44.6443969,-63.57215152,1,1
3267,2022-2023,2022,Advanced Manufacturing,Lunenburg,1,IRP,Vale Packaging Limited,Hubbards,B0J 1T0,458500.00,1,44.58884001,-64.06880904,1,1
3268,2022-2023,2022,CleanTech,Halifax,1,EDP1,Sustainable Marine Energy (Canada) Ltd.,Dartmouth,B3B 1N7,4800.00,1,44.71693678,-63.60052527,1,1
3269,2022-2023,2022,Fish & Seafood Processing,Halifax,1,EDP1,Atlantic Sea Cucumber Ltd.,Hackets Cove,B3Z 3K7,7500.00,1,44.57069038,-63.93146653,1,1
3270,2022-2023,2022,Advanced Manufacturing,Hants,1,EDP1,Scotia Plastics Inc.,Shubenacadie,B0N 2H0,3000.00,1,45.09335799,-63.41097004,1,1
3271,2022-2023,2022,ICT (includes Digital Media),Halifax,1,EDP1,Erebor Management Ltd.,Hubley,B3Z 1A7,1970.22,1,44.6640709,-63.79258854,1,1
3272,2022-2023,2022,ICT (includes Digital Media),Halifax,1,EDP2,B-Line Transportation Analytics Inc.,Halifax,B3H 4P8,10000.00,1,44.64079209,-63.56614748,1,1
3273,2022-2023,2022,Advanced Manufacturing,Colchester,1,EDP2,Ditch Doctor Atlantic Limited,Glenholme,B0M 1G0,15675.00,1,45.49447879,-63.55460678,1,1
3274,2022-2023,2022,Life Sciences,Halifax,1,IRP,AGADA Biosciences Inc.,Halifax,B3H 0A8,1334699.00,1,44.63964231,-63.58306912,1,1
3275,2022-2023,2022,ICT (includes Digital Media),Halifax,1,EDP1,Sonapay Inc.,Bedford,B4B 0S9,2600.00,1,44.71048302,-63.71057915,1,1
3276,2022-2023,2022,Advanced Manufacturing,Lunenburg,1,EDP1,Vale Packaging Limited,Hubbards,B0J 1T0,2200.00,1,44.58884001,-64.06880904,1,1
3277,2022-2023,2022,Oceans Technology,Halifax,1,EDP1,Senda Technologies Fisheries,Dartmouth,B2Y 4T5,2600.00,1,44.66075972,-63.5564813,1,1
3278,2022-2023,2022,Advanced Manufacturing,Halifax,1,EDP2,Snap Innovations Inc.,Halifax,B3P 1M1,9817.18,1,44.61831518,-63.61448139,1,1
3279,2022-2023,2022,Ocean Technology,Halifax,1,PRP,HydroSurv Unmanned Survey (Nova Scotia) Inc.,Halifax,B3J 0E8,419050.00,1,44.64640851,-63.57513808,1,1
3280,2022-2023,2022,Life Sciences,Halifax,1,EDP1,FIVAmed Inc.,Halifax,B3P 1M1,1500.00,1,44.61831518,-63.61448139,1,1
3281,2022-2023,2022,Other,Halifax,1,EDP1,Blue Nile Massage & Wellness Inc.,Halifax,B3J 3M7,1619.65,1,44.64258519,-63.5780409,1,1
3282,2022-2023,2022,Energy,Lunenburg,1,EDP1,Neothermal Energy Storage Inc.,Bridgewater,B4V 2M8,1125.00,1,44.37531798,-64.53024396,1,1
3283,2022-2023,2022,ICT (includes Digital Media),Yarmouth,1,PIVP,Blackwatch.Tech Inc.,Yarmouth,B5A 4K4,8867.25,1,43.852672,-66.10465296,1,1
3284,2022-2023,2022,Business Services,Halifax,1,EDP2,Venture 2 Impact Inc.,Halifax,B3K 1Y8,5000.00,1,44.66046392,-63.60286391,1,1
3285,2022-2023,2022,Clothing & Textiles,Halifax,1,EDP1,Vanity Fashions Limited,Dartmouth,B3B 1Z6,1065.50,1,44.71558809,-63.58313877,1,1
3286,2022-2023,2022,ICT (includes Digital Media),Hants,1,EDP2,En Point Inc.,Enfield,B2T 1J9,10000.00,1,44.95661399,-63.53269397,1,1
3287,2022-2023,2022,ICT (includes Digital Media),Halifax,1,EDP3,Luminous Labs Inc.,Dartmouth,B3A 2R7,5000.00,1,44.6700998,-63.56845242,1,1
3288,2022-2023,2022,Clothing & Textiles,Colchester,1,EDP1,Sisterhood Fibres Inc.,Tatamagouche,B0K 1V0,1775.00,1,45.72649201,-63.28938299,1,1
3289,2022-2023,2022,Advanced Manufacturing,Halifax,1,EDP1,Maritime Paper Products GP Limited,Dartmouth,B3B 1C7,5300.00,1,44.70284249,-63.60225152,1,1
3290,2022-2023,2022,ICT,Colchester,1,Project Management,eWandzDigital Services Pvt Ltd,Truro,B2N 3Z6,0.00,1,45.36532502,-63.27640202,1,1
3291,2022-2023,2022,Fish & Seafood Processing,Halifax,1,EDP2,Right Source Group Limited,Bedford,B4B 1J7,19600.00,1,44.7124945,-63.7181393,1,1
3292,2022-2023,2022,ICT (includes Digital Media),Halifax,1,EDP1,3RDI Laboratory Incorporated,New Minas,B4N 3R5,5350.00,1,45.06652798,-64.46873102,1,1
3293,2022-2023,2022,Fish & Seafood Processing,Cape Breton,1,EDP1,Louisbourg Seafoods Limited,Sydney,B1S 1A2,9900.00,1,46.13125202,-60.19437798,1,1
3294,2022-2023,2022,Oceans Technology,Halifax,1,EDP1,3310959 Nova Scotia Limited,Bedford,B4A 0H4,1150.00,1,44.70105379,-63.68605287,1,1
3295,2022-2023,2022,ICT (includes Digital Media),Halifax,1,EDP1,Greenii Inc.,Halifax,B3M 3M9,1900.00,1,44.66055231,-63.65502851,1,1
3296,2022-2023,2022,Advanced Manufacturing,Lunenburg,1,EDP1,"Dagley's Boat Services, Incorporated",East LaHave,B4V 0V6,10918.46,1,44.31490902,-64.387445,1,1
3297,2022-2023,2022,Business Services,Halifax,1,EDP2,Alison K Consulting,Halifax,B3K 4H4,2500.00,1,44.66318988,-63.60457977,1,1
3298,2022-2023,2022,Oceans Technology,Halifax,1,EDP1,MetOcean Telematics Limited,Dartmouth,B3B 1R9,4064.06,1,44.69999109,-63.59548792,1,1
3299,2022-2023,2022,Oceans Technology,Halifax,1,EDP1,OceanSync Data Solutions Inc.,Halifax,B3H 1A5,6100.00,1,44.62205699,-63.57476433,1,1
3300,2022-2023,2022,ICT (includes Digital Media),Halifax,1,EDP1,Dugo Systems Inc.,Halifax,B3J 3K5,3067.50,1,44.6443969,-63.57215152,1,1
3301,2022-2023,2022,Aerospace & Defence,Halifax,1,EDP1,Aerovision Canada Inc.,Halifax,B3L 0B7,2900.00,1,44.64456362,-63.6183592,1,1
3302,2022-2023,2022,Clothing & Textiles,Halifax,1,EDP1,Botanical Fibres,Eastern Passage,B3G 1P1,1501.88,1,44.61297838,-63.46429177,1,1
3303,2022-2023,2022,Life Sciences,Cape Breton,1,EDP2,(U)Biquity Health Incorporated,Sydney,B1S3L4,20000.00,1,46.09729102,-60.21374102,1,1
3304,2022-2023,2022,Life Sciences,Halifax,1,EDP1,Photodynamic Incorporated,Halifax,B3H 0A8,6397.50,1,44.63964231,-63.58306912,1,1
3305,2022-2023,2022,Life Sciences,Halifax,1,EDP1,Detectica Inc.,Bedford,B4A 0G5,5800.00,1,44.70434649,-63.68210608,1,1
3306,2022-2023,2022,Fish & Seafood Processing,Shelburne,1,EDP1,Clark's Harbour Seafood Limited,Clark's Harbour,B0W 1P0,10050.00,1,43.44566899,-65.63587801,1,1
3307,2022-2023,2022,Business Services,Halifax,1,EDP2,Microhills Inc.,Halifax,B3A 4S5,6500.00,1,44.66894661,-63.57660919,1,1
3308,2022-2023,2022,Oceans Technology,Lunenburg,1,EDP1,Pro-Oceanus Systems Incorporated,Bridgewater,B4V 1N1,3100.00,1,44.37764799,-64.52006003,1,1
3309,2022-2023,2022,Fish & Seafood Processing,Halifax,1,EDP3,3231974 Nova Scotia Limited,Eastern Passage,B3G 1M4,9000.00,1,44.6173757,-63.50158931,1,1
3310,2022-2023,2022,Clothing & Textiles,Halifax,1,EDP2,Yaletown Applications Inc.,Halifax,B3J 1X1,2713.50,1,44.6464578,-63.57321938,1,1
3311,2022-2023,2022,Agri-food,Halifax,1,EDP1,3292607 Nova Scotia Limited,Halifax,B3N 3M3,3200.00,1,44.63950841,-63.63286861,1,1
3312,2022-2023,2022,Agri-food,Halifax,1,EDP1,2 Crows Brewing Ltd.,Halifax,B3H 2V5,1200.00,1,44.62834589,-63.57306381,1,1
3313,2022-2023,2022,Life Sciences,Halifax,1,EDP1,Ardea Outcomes Inc.,Halifax,B3J 3M8,5400.00,1,44.6472998,-63.57243299,1,1
3314,2022-2023,2022,Agri-food,Antigonish,1,EDP1,Tony's Meats Ltd.,Antigonish,B2G 2L2,6100.00,1,45.63273099,-61.96200603,1,1
3315,2022-2023,2022,Oceans Technology,Halifax,1,EDP1,Leeway Yachts Limited,Dartmouth,B2Y 2W1,3350.00,1,44.66075972,-63.5564813,1,1
3316,2022-2023,2022,ICT (includes Digital Media),Cape Breton,1,EDP1,Breton Smartek Inc.,Sydney,B1P 3S6,1300.00,1,46.13584267,-60.17018249,1,1
3317,2022-2023,2022,Advanced Manufacturing,Shelburne,1,EDP1,Allendale Electronics Limited,Lockeport,B0T 1L0,4991.91,1,43.75445629,-65.3204333,1,1
3318,2022-2023,2022,Advanced Manufacturing,Halifax,1,IRP,Quality Blasting and Coatings Ltd.,Woodside,B2Y 4S9,261250.00,1,44.65668691,-63.53894393,1,1
3319,2022-2023,2022,Engineering & Professional,Halifax,1,EDP1,Nexus Coastal Resource Management Limited,Halifax,B3M 3Y7,5000.00,1,44.66292719,-63.65753596,1,1
3320,2022-2023,2022,Agri-food,Halifax,1,EDP1,Fundy Drinks Ltd.,Halifax,B3J 3J8,2400.00,1,44.64930639,-63.57850928,1,1
3321,2022-2023,2022,Agri-food,Halifax,1,EDP1,Glenora Distillers International Limited,Sackville,B4C 4G3,1925.00,1,44.75806431,-63.65357233,1,1
3322,2022-2023,2022,ICT (includes Digital Media),Halifax,1,EDP1,QuickFacts Inc.,Bedford,B4B 1L5,800.00,1,44.71739242,-63.7126691,1,1
3323,2022-2023,2022,Clothing & Textiles,Halifax,1,EDP1,Sevaen Workwear Limited,Dartmouth,B3B 1L2,3900.00,1,44.7051481,-63.5933217,1,1
3324,2022-2023,2022,Fish & Seafood Processing,Halifax,1,EDP1,Fathom Fish & Seafood Inc.,Halifax,B3S 1A2,5110.13,1,44.63720648,-63.67069982,1,1
3325,2022-2023,2022,Other,Hants,1,EDP2,Beezy Eco Friendly Products,Rines Creek,B0N 2H0,3250.00,1,45.14734701,-63.39545204,1,1
3326,2022-2023,2022,Agri-food,Halifax,1,IRP,The Spindrift Brewing Company Limited,Dartmouth,B3B 1Z4,156675.00,1,44.71415671,-63.58308379,1,1
3327,2022-2023,2022,Life Sciences,Halifax,1,EDP1,Ring Rescue Incorporated,Dartmouth,B2Y 4W6,4475.00,1,44.65646378,-63.54008169,1,1
3328,2022-2023,2022,Life Sciences,Halifax,1,EDP2,Sweetspot Labs (Canada) Inc.,Halifax,B3J 1R9,30000.00,1,44.64425839,-63.57006476,1,1
3329,2022-2023,2022,ICT (includes Digital Media),Halifax,1,EDP1,Immediac Worldwide Incorporated,Halifax,B3J 3X8,2150.00,1,44.6472879,-63.5768469,1,1
3330,2022-2023,2022,Advanced Manufacturing,Hants,1,EDP1,Nu-Air Ventilation Systems Incorporated,Windsor,B0N 2T0,8570.72,1,44.98943099,-64.10510302,1,1
3331,2022-2023,2022,Advanced Manufacturing,Hants,1,Project Management,Nu-Air Ventilation Systems Inc.,Windsor,B0N 2T0,0.00,1,44.98943099,-64.10510302,1,1
3332,2022-2023,2022,ICT (includes Digital Media),Cape Breton,1,EDP3,Tracker Inventory Systems Inc.,Sydney,B1P 1P9,6400.00,1,46.14579701,-60.19729497,1,1
3333,2022-2023,2022,ICT (includes Digital Media),Lunenburg,1,EDP2,Dataguide Technologies Inc.,Conquerall Bank,B4V 0S7,11250.00,1,44.364399,-64.46948899,1,1
3334,2022-2023,2022,Other,Halifax,1,EDP1,Medika Beauty Institute Inc.,Hammonds Plains,B4B 0E1,1360.00,1,44.75949589,-63.80100581,1,1
3335,2022-2023,2022,ICT (includes Digital Media),Halifax,1,EDP1,Talkatoo Inc.,Halifax,B3J 3K5,630.25,1,44.6443969,-63.57215152,1,1
3336,2022-2023,2022,Advanced Manufacturing,Cumberland,1,EDP1,Surrette Battery Co. Ltd.,Springhill,B0M 1X0,5050.00,1,45.65348102,-64.06447903,1,1
3337,2022-2023,2022,Oceans Technology,Halifax,1,EDP1,Ashored Inc.,Bedford,B4A 2T3,2050.00,1,44.7371875,-63.64741339,1,1
3338,2022-2023,2022,ICT (includes Digital Media),Halifax,1,EDP2,Kangaroo Solutions Inc.,Halifax,B3J 1M5,5000.00,1,44.64890381,-63.57313363,1,1
3339,2022-2023,2022,Business Services,Halifax,1,EDP1,Fit First Holdings Inc.,Dartmouth,B3B 0A1,6387.50,1,44.71037061,-63.58494767,1,1
3340,2022-2023,2022,Business Services,Halifax,1,EDP3,DEVENOVA CONSULTING,Halifax,B3N 3J4,1650.00,1,44.63566832,-63.63739534,1,1
3341,2022-2023,2022,Advanced Manufacturing,Halifax,1,EDP1,Laughing Panda Hobbies and Toys,Upper Tantallon,B3Z 1H6,1325.00,1,44.70814882,-63.85244404,1,1
3342,2022-2023,2022,Life Sciences,Halifax,1,EDP1,"Clinical Logistics, Inc.",Dartmouth,B3B 1S8,6150.00,1,44.70058381,-63.58695857,1,1
3343,2022-2023,2022,Clothing & Textiles,Halifax,1,EDP1,Londolozi Trading Ltd.,Lower Sackville,B4E 1B2,4640.00,1,44.77556949,-63.69227006,1,1
3344,2022-2023,2022,Oceans Technology,Halifax,1,EDP1,Xeos Technologies Inc.,Dartmouth,B3B 1L6,2300.00,1,44.71448181,-63.60500112,1,1
3345,2022-2023,2022,Agri-food,Halifax,1,EDP2,SeaChange Biochemistry Inc.,Dartmouth,B2X 2C2,13000.00,1,44.69076898,-63.5465749,1,1
3346,2022-2023,2022,ICT (includes Digital Media),Halifax,1,EDP1,Red Meat Games Inc.,Halifax,B3J 2G3,1723.23,1,44.64649648,-63.57647374,1,1
3347,2022-2023,2022,Oceans Technology,Halifax,1,EDP1,Marine Thinking Inc.,Halifax,B3H 4N4,9321.91,1,44.6383266,-63.56697176,1,1
3348,2022-2023,2022,ICT (includes Digital Media),Halifax,1,EDP1,QuickFacts Inc.,Bedford,B4B 1L5,5000.00,1,44.71739242,-63.7126691,1,1
3349,2022-2023,2022,ICT (includes Digital Media),Cape Breton,1,EDP3,Tracker Inventory Systems Inc.,Sydney,B1P 1P9,8320.00,1,46.14579701,-60.19729497,1,1
3350,2022-2023,2022,Business Services,Halifax,1,EDP1,Pink Ink Realty Ltd.,Halifax,B3K 4P6,2650.00,1,44.65916229,-63.60099633,1,1
3351,2022-2023,2022,Finance & Insurance,Halifax,1,EDP1,3343407 Nova Scotia Limited,Dartmouth,B2V 1K5,2200.00,1,44.66560119,-63.48080512,1,1
3352,2022-2023,2022,Life Sciences,Halifax,1,EDP1,Detectica Inc.,Bedford,B4A 0G5,4300.00,1,44.70434649,-63.68210608,1,1
3353,2022-2023,2022,CleanTech,Halifax,1,EDP3,Zen Electric Bikes Inc.,Dartmouth,B2Y 4M9,3410.00,1,44.661197,-63.54252116,1,1
3354,2022-2023,2022,Agri-food,Colchester,1,EDP1,Haskap Highland Orchards Ltd.,Truro,B2N 6V3,2650.00,1,45.348812,-63.28844296,1,1
3355,2022-2023,2022,CleanTech,Halifax,1,EDP1,Clean Valley Bio-Filtration Technologies CIC,Dartmouth,B2Y 1N8,1757.97,1,44.680985,-63.54576781,1,1
3356,2022-2023,2022,Agri-food,Halifax,1,EDP1,3330676 Nova Scotia Limited,Herring Cove,B3R 1Y9,1230.00,1,44.58450552,-63.5890569,1,1
3357,2022-2023,2022,ICT (includes Digital Media),Hants,1,EDP1,Academic Edge Inc.,Windsor,B0N 2T0,1650.00,1,44.99102799,-64.14318603,1,1
3358,2022-2023,2022,ICT (includes Digital Media),Halifax,1,EDP3,National Wealth Management Inc.,Halifax,B3J 3N2,12500.00,1,44.65177398,-63.57414449,1,1
3359,2022-2023,2022,Business Services,Halifax,1,EDP1,Pink Ink Realty Ltd.,Halifax,B3K 4P6,575.00,1,44.65916229,-63.60099633,1,1
3360,2022-2023,2022,Advanced Manufacturing,Hants,1,PIVP,Halucenex Life Sciences Incorporated,Windsor,B0N 2T0,15000.00,1,44.98595899,-64.11823897,1,1
3361,2022-2023,2022,ICT (includes Digital Media),Hants,1,EDP1,En Point Inc.,Enfield,B2T 1J9,3605.00,1,44.95661399,-63.53269397,1,1
3362,2022-2023,2022,ICT (includes Digital Media),Halifax,1,EDP1,DPP Golf Inc.,Halifax,B3J 2V1,1975.00,1,44.65264008,-63.5745241,1,1
3363,2022-2023,2022,Agri-food,Pictou,1,EDP1,3284906 Nova Scotia Limited,New Glasgow,B2H 2P5,5299.00,1,45.588971,-62.644633,1,1
3364,2022-2023,2022,ICT (includes Digital Media),Halifax,1,EDP1,Prosaris Solutions Ltd.,Bedford,B4B 1K5,3900.00,1,44.72376338,-63.71198371,1,1
3365,2022-2023,2022,Business Services,Digby,1,EDP3,Abbott Wealth Education,Smith Cove,B0S 1S0,1225.00,1,44.66453388,-65.60569205,1,1
3366,2022-2023,2022,Advanced Manufacturing,Halifax,1,PIVP,Mypaq Inc.,Halifax,B3H 4J6,15000.00,1,44.63566539,-63.57572221,1,1
3367,2022-2023,2022,Business Services,Halifax,1,EDP1,Innovar Training And Consulting Inc.,Halifax,B3L 2A1,2250.00,1,44.65447291,-63.60908906,1,1
3368,2022-2023,2022,Life Sciences,Halifax,1,PIVP,Medmira Inc.,Halifax,B3S 1B3,25000.00,1,44.64388011,-63.66677617,1,1
3369,2022-2023,2022,Aerospace & Defence,Halifax,1,EDP1,NewAE Technology Inc.,Dartmouth,B3B 1W1,9115.88,1,44.7084123,-63.59596384,1,1
3370,2022-2023,2022,ICT (includes Digital Media),Halifax,1,EDP1,Virtual Hallway Consults Inc.,Halifax,B3K 1B6,4897.00,1,44.6513447,-63.58610111,1,1
3371,2022-2023,2022,Engineering & Professional,Halifax,1,EDP2,Mitchelmore Engineering Company Ltd.,Dartmouth,B3B 1S8,7500.00,1,44.69999511,-63.58599122,1,1
3372,2022-2023,2022,Advanced Manufacturing,Antigonish,1,EDP1,Tightline Anchor Inc.,Antigonish,B2G 2S6,5162.50,1,45.62777498,-62.00365897,1,1
3373,2022-2023,2022,Advanced Manufacturing,Queens,1,EDP1,Lunenburg County Shipwrights Inc.,Lunenburg,B0J 2C0,3520.00,1,44.37513999,-64.30263003,1,1
3374,2022-2023,2022,Fish & Seafood Processing,Shelburne,1,EDP1,Fishermen's Premium Atlantic Lobster Inc.,North East Point,B0W 2P0,3500.00,1,43.51184839,-65.60704217,1,1
3375,2022-2023,2022,ICT (includes Digital Media),Halifax,1,EDP1,Master Merchant Systems Software Limited,Dartmouth,B3B 1T5,2850.00,1,44.69804359,-63.58181301,1,1
3376,2022-2023,2022,Aerospace & Defence,Halifax,1,EDP1,Bluedrop Training & Simulation Inc.,Halifax,B3S 1N2,13500.00,1,44.65513152,-63.6699628,1,1
3377,2022-2023,2022,Oceans Technology,Halifax,1,EDP1,GeoSpectrum Technologies Incorporated,Dartmouth,B3B 1J4,2600.00,1,44.7046461,-63.60985458,1,1
3378,2022-2023,2022,Energy,Halifax,1,EDP1,Glas Ocean Electric Inc.,Halifax,B3P 2H3,1150.00,1,44.61460078,-63.57834516,1,1
3379,2022-2023,2022,Life Sciences,Cape Breton,1,EDP1,11979787 Canada Inc.,Sydney,B1S 3L8,1796.00,1,46.09566698,-60.21714499,1,1
3380,2022-2023,2022,Agri-food,Kings,1,EDP1,Lightfoot & Wolfville Vineyards Ltd.,Wolfville,B4P 2R1,800.00,1,44.99426948,-64.31280717,1,1
3381,2022-2023,2022,Business Services,Halifax,1,EDP1,Career Story Project Inc.,Halifax,B3M 1Z8,3200.00,1,44.67988198,-63.66162616,1,1
3382,2022-2023,2022,Advanced Manufacturing,Halifax,1,IRP,Cherubini Metal Works Limited,Dartmouth,B3B 0J4,2975000.00,1,44.71979979,-63.57103463,1,1
3383,2022-2023,2022,Fish & Seafood Processing,Cape Breton,1,EDP3,Donald B. Gillis & Son Fish Wholesaler Limited,North Sydney,B2A 3M1,6200.00,1,46.21912039,-60.24419029,1,1
3384,2022-2023,2022,ICT (includes Digital Media),Halifax,1,EDP1,Checkin Innovative Care Technologies Inc.,Dartmouth,B2Y 4J2,3126.00,1,44.6794361,-63.55246478,1,1
3385,2022-2023,2022,Agri-food,Kings,1,EDP1,McConnell Gordon Estates Limited,Gaspereau,B4P 2R1,2000.00,1,44.99426948,-64.31280717,1,1
3386,2022-2023,2022,Oceans Technology,Halifax,1,EDP1,Sensor Technology Ltd.,Dartmouth,B2Y 4T5,2060.83,1,44.66275222,-63.5568393,1,1
3387,2022-2023,2022,ICT (includes Digital Media),Halifax,1,EDP1,Huminah Huminah Animation Limited,Dartmouth,B2Y 4V7,1775.00,1,44.6701179,-63.56273513,1,1
3388,2022-2023,2022,Advanced Manufacturing,Halifax,1,EDP1,Mil-Aero Electronics Atlantic Inc.,Dartmouth,B2Y 4V9,1201.00,1,44.65789562,-63.54001707,1,1
3389,2022-2023,2022,Oceans Technology,Halifax,1,EDP1,Ashored Inc.,Bedford,B4A 2T3,1000.00,1,44.7371875,-63.64741339,1,1
3390,2022-2023,2022,Advanced Manufacturing,Halifax,1,EDP3,Graphite Innovation and Technologies Inc.,Dartmouth,B2Y 4M9,2631.70,1,44.661197,-63.54252116,1,1
3391,2022-2023,2022,Engineering & Professional,Halifax,1,EDP1,Enginuity Inc.,Halifax,B3P 1M1,1838.00,1,44.61831518,-63.61448139,1,1
3392,2022-2023,2022,CleanTech,Halifax,1,EDP1,Rayleigh Solar Tech Inc.,Dartmouth,B2Y 4M9,1775.00,1,44.661197,-63.54252116,1,1
3393,2022-2023,2022,Life Sciences,Halifax,1,EDP1,Ring Rescue Incorporated,Dartmouth,B2Y 4W6,1700.00,1,44.65646378,-63.54008169,1,1
3394,2022-2023,2022,Agri-food,Halifax,1,EDP2,Totally Raw Natural Dog Food Inc.,Dartmouth,B3B 1Y5,30000.00,1,44.69588232,-63.59418662,1,1
3395,2022-2023,2022,Chemicals & Plastics,Lunenburg,1,EDP2,Atlantick Repellent Products Inc.,Blockhouse,B0J 1E0,18125.00,1,44.44175316,-64.47923321,1,1
3396,2022-2023,2022,ICT (includes Digital Media),Halifax,1,EDP1,Peer Ledger Inc.,Halifax,B3J 3K5,12885.50,1,44.6443969,-63.57215152,1,1
3397,2022-2023,2022,Clothing & Textiles,Halifax,1,EDP3,Sevaen Workwear Limited,Dartmouth,B3B 1L2,2000.00,1,44.7051481,-63.5933217,1,1
3398,2022-2023,2022,ICT (includes Digital Media),Halifax,1,EDP2,10432423 Canada Limited,Halifax,B3J 3M8,9162.50,1,44.6472998,-63.57243299,1,1
3399,2022-2023,2022,Agri-food,Lunenburg,1,EDP1,Sun Under The Sea Nutrition Inc.,Chester,B0J 1K0,2200.00,1,44.553777,-64.248911,1,1
3400,2022-2023,2022,Advanced Manufacturing,Halifax,1,EDP2,Eastern Slopes Directional Drilling Incorporated,Goodwood,B3T 1P3,5845.00,1,44.6043164,-63.67379828,1,1
3401,2022-2023,2022,Energy,Halifax,1,EDP2,Lorax Systems Inc.,Dartmouth,B3B 1S8,23450.00,1,44.69999511,-63.58599122,1,1
3402,2022-2023,2022,Business Services,Halifax,1,EDP1,Be Responsive Media Inc.,Bedford,B4B 2E6,1262.50,1,44.70705179,-63.70901576,1,1
3403,2022-2023,2022,Finance & Insurance,Halifax,1,EDP3,Bonfire Capital Inc.,Halifax,B3M 4B9,17500.00,1,44.68566201,-63.66191634,1,1
3404,2022-2023,2022,ICT (includes Digital Media),Halifax,1,EDP1,Korrai Technologies Ltd.,Halifax,B3J 3K5,4612.50,1,44.6443969,-63.57215152,1,1
3405,2022-2023,2022,Advanced Manufacturing,Kings,1,PIVP,Willow Box Manufacturing Limited,Berwick,B0P 1E0,25000.00,1,45.05447699,-64.72411202,1,1
3406,2022-2023,2022,Agri-food,Kings,1,IRP,Scotian Gold Co-operative Limited,Coldbrook,B4R 1A6,2153750.00,1,45.06829602,-64.58037998,1,1
3407,2022-2023,2022,Life Sciences,Halifax,1,EDP1,Precision BioLogic Incorporated,Dartmouth,B3B 0A9,6196.54,1,44.69614321,-63.57192069,1,1
3408,2022-2023,2022,Business Services,Halifax,1,EDP1,Partner International Incorporated,Dartmouth,B2Y 4T6,2250.00,1,44.66220488,-63.54466483,1,1
3409,2022-2023,2022,Oceans Technology,Halifax,1,EDP1,Xeos Technologies Inc.,Dartmouth,B3B 1L6,3000.00,1,44.71448181,-63.60500112,1,1
3410,2022-2023,2022,ICT (includes Digital Media),Halifax,1,PIVP,Acuicy Inc.,Halifax,B3J 3R7,15000.00,1,44.65264008,-63.5745241,1,1
3411,2022-2023,2022,Agri-food,Kings,1,EDP2,McConnell Gordon Estates Limited,Gaspereau,B4P 2R1,12500.00,1,44.99426948,-64.31280717,1,1
3412,2022-2023,2022,ICT (includes Digital Media),Halifax,1,EDP2,Obsessive Analytics Consulting Incorporated,Hammonds Plains,B3Z 1J4,10000.00,1,44.71094079,-63.82788783,1,1
3413,2022-2023,2022,Advanced Manufacturing,Halifax,1,EDP1,Reftek Systems Inc.,Dartmouth,B3B 1T8,4007.27,1,44.69449851,-63.58665683,1,1
3414,2022-2023,2022,Life Sciences,Halifax,1,EDP1,Master's Dental Lab Limited,Halifax,B3M 2K6,4800.00,1,44.67822521,-63.65053891,1,1
3415,2022-2023,2022,Business Services,Halifax,1,EDP1,True North Fabrication Limited,Halifax,B3M 4S9,800.00,1,44.6701661,-63.66842028,1,1
3416,2022-2023,2022,ICT (includes Digital Media),Halifax,1,EDP1,Prosaris Solutions Ltd.,Bedford,B4B 1K5,3337.50,1,44.72376338,-63.71198371,1,1
3417,2022-2023,2022,ICT (includes Digital Media),Halifax,1,PIVP,Krava Inc.,Halifax,B3M 1P5,15000.00,1,44.66941939,-63.6427973,1,1
3418,2022-2023,2022,Clothing & Textiles,Halifax,1,EDP1,Vanity Fashions Limited,Dartmouth,B3B 1Z6,2140.00,1,44.71558809,-63.58313877,1,1
3419,2022-2023,2022,Energy,Pictou,1,EDP1,Stark International Inc.,New Glasgow,B2H 2T3,2251.01,1,45.58813181,-62.64424777,1,1
3420,2022-2023,2022,Other,Hants,1,EDP2,3317068 Nova Scotia Limited,Falmouth,B0P 1L0,9250.00,1,45.00024142,-64.18302647,1,1
3421,2022-2023,2022,Advanced Manufacturing,Halifax,1,EDP1,Reftek Systems Inc.,Dartmouth,B3B 1T8,2600.00,1,44.69449851,-63.58665683,1,1
3422,2022-2023,2022,Advanced Manufacturing,Halifax,1,EDP2,Maritime Paper Products GP Limited,Dartmouth,B3B 1C7,15000.00,1,44.70284249,-63.60225152,1,1
3423,2022-2023,2022,Agri-food,Antigonish,1,EDP3,Peace By Chocolate Inc.,Antigonish,B2G 2G8,14573.79,1,45.653916,-61.99325502,1,1
3424,2022-2023,2022,ICT (includes Digital Media),Halifax,1,EDP1,Charcoal Marketing Incorporated,Halifax,B3L 1A4,1825.00,1,44.64562141,-63.59703639,1,1
3425,2022-2023,2022,Advanced Manufacturing,Halifax,1,EDP1,A.C. Dispensing Equipment Incorporated,Lower Sackville,B4C 4H2,10445.00,1,44.75770791,-63.65241043,1,1
3426,2022-2023,2022,ICT (includes Digital Media),Halifax,1,EDP1,3032102 Nova Scotia Ltd.,Halifax,B3K 2Z8,4050.00,1,44.65213499,-63.58185232,1,1
3427,2022-2023,2022,ICT (includes Digital Media),Halifax,1,EDP1,Deep Vision Inc.,Dartmouth,B2Y 4P5,1400.00,1,44.66628821,-63.56918936,1,1
3428,2022-2023,2022,ICT (includes Digital Media),Halifax,1,EDP1,Erebor Management Ltd.,Hubley,B3Z 1A7,2750.00,1,44.6640709,-63.79258854,1,1
3429,2022-2023,2022,Energy,Halifax,1,PIVP,Eosense Inc.,Dartmouth,B3B 1S1,15000.00,1,44.69978841,-63.59398068,1,1
3430,2022-2023,2022,Advanced Manufacturing,Pictou,1,EDP1,Aqua Production Systems Incorporated,Union Centre,B0K 2A0,1400.00,1,45.530022,-62.75507203,1,1
3431,2022-2023,2022,Oceans Technology,Halifax,1,EDP1,Allswater Marine Consultants Ltd.,Halifax,B4A 1B9,2600.00,1,44.71961069,-63.67227948,1,1
3432,2022-2023,2022,Advanced Manufacturing,Halifax,1,EDP1,Dormie Golf Workshop Inc.,Halifax,B3K 5A5,3450.00,1,44.66468421,-63.6195485,1,1
3433,2022-2023,2022,Advanced Manufacturing,Halifax,1,EDP1,Inventive Marine Products Limited,Bedford,B4B 1H1,4400.00,1,44.71913598,-63.71528551,1,1
3434,2022-2023,2022,Finance & Insurance,Halifax,1,EDP2,East Bay Tech Lab Inc.,Halifax,B3H 4B5,2500.00,1,44.63933741,-63.5994948,1,1
3435,2022-2023,2022,Oceans Technology,Halifax,1,EDP1,RBR Atlantic Instrumentation Ltd.,Dartmouth,B2Y 4T5,2550.00,1,44.66075972,-63.5564813,1,1
3436,2022-2023,2022,Advanced Manufacturing,Hants,1,PIVP,Nu-Air Ventilation Systems Incorporated,Windsor,B0N 2T0,25000.00,1,44.98943099,-64.10510302,1,1
3437,2022-2023,2022,Oceans Technology,Halifax,1,EDP1,Sensor Technology Ltd.,Dartmouth,B2Y 4T5,4100.00,1,44.66275222,-63.5568393,1,1
3438,2022-2023,2022,Clothing & Textiles,Halifax,1,EDP1,Nerds With Needles,Eastern Passage,B3G 1P3,1401.25,1,44.61630151,-63.46343774,1,1
3439,2022-2023,2022,ICT (includes Digital Media),Halifax,1,EDP1,WarrierTech Inc.,Bedford,B4B 0H8,2850.00,1,44.72112451,-63.70527501,1,1
3440,2022-2023,2022,Life Sciences,Halifax,1,EDP1,Axtion Independence Mobility Inc.,Halifax,B3J 1B6,1745.53,1,44.64146629,-63.57312089,1,1
3441,2022-2023,2022,ICT (includes Digital Media),Halifax,1,EDP1,Boondoc Technologies Incorporated,Halifax,B3K 4X5,4100.00,1,44.66215572,-63.61043168,1,1
3442,2022-2023,2022,ICT (includes Digital Media),Halifax,1,EDP1,Greenii Inc.,Halifax,B3M 3M9,2400.00,1,44.66055231,-63.65502851,1,1
3443,2022-2023,2022,ICT (includes Digital Media),Halifax,1,EDP1,FoodByte Inc.,Halifax,B3J 3K5,6700.00,1,44.6443969,-63.57215152,1,1
3444,2022-2023,2022,ICT (includes Digital Media),Halifax,1,EDP1,Master Merchant Systems Software Limited,Dartmouth,B3B 1T5,16807.50,1,44.69804359,-63.58181301,1,1
3445,2022-2023,2022,Business Services,Halifax,1,EDP1,Sea Change Colab Consulting Inc.,Halifax,B3K 2M9,4000.00,1,44.66429101,-63.61096401,1,1
3446,2022-2023,2022,Engineering & Professional,Halifax,1,EDP3,Enginuity Inc.,Halifax,B3P 1M1,10985.42,1,44.61831518,-63.61448139,1,1
3447,2022-2023,2022,Advanced Manufacturing,Halifax,1,EDP1,Mattatall Signs Limited,Dartmouth,B3B 1L3,1025.00,1,44.7003593,-63.588484,1,1
3448,2022-2023,2022,Agri-food,Halifax,1,EDP1,Cana Packing Inc.,Halifax,B3K 4P6,2276.09,1,44.65916229,-63.60099633,1,1
3449,2022-2023,2022,Agri-food,Halifax,1,EDP1,Renegade Nutrition Inc.,Halifax,B3P 2E1,4650.00,1,44.63097709,-63.62140543,1,1
3450,2022-2023,2022,Clothing & Textiles,Halifax,1,EDP1,MichNat Fashion House,Dartmouth,B2W 6P9,3850.00,1,44.66662131,-63.50701601,1,1
3451,2022-2023,2022,Oceans Technology,Halifax,1,EDP1,Ashored Inc.,Bedford,B4A 2T3,2850.00,1,44.7371875,-63.64741339,1,1
3452,2022-2023,2022,Fish & Seafood Processing,Cape Breton,1,IRP,Louisbourg Seafoods Limited,Louisbourg,B1S 1A2,1207050.00,1,45.91865401,-59.97097001,1,1
3453,2022-2023,2022,Advanced Manufacturing,Halifax,1,IRP,Maritime Paper Products Limited Partnership,Dartmouth,B3B 1C7,563942.00,1,44.70284249,-63.60225152,1,1
3454,2022-2023,2022,Agri-food,Halifax,1,EDP1,Made With Local Snack Foods Inc.,Dartmouth,B2Y 1H1,4400.00,1,44.66512832,-63.56766938,1,1
3455,2022-2023,2022,Business Services,Halifax,1,EDP2,Atlantic Canada Business Network Ltd.,Halifax,B4A 1E4,10000.00,1,44.73170222,-63.65941988,1,1
3456,2022-2023,2022,Life Sciences,Cape Breton,1,EDP1,Talem Health Analytics Incorporated,Sydney,B1R 1V2,4100.00,1,46.11282398,-60.23300699,1,1
3457,2022-2023,2022,Business Services,Halifax,1,EDP1,Fit First Holdings Inc.,Dartmouth,B3B 0A1,1037.50,1,44.71037061,-63.58494767,1,1
3458,2022-2023,2022,ICT (includes Digital Media),Halifax,1,EDP2,WarrierTech Inc.,Bedford,B4B 0H8,25063.50,1,44.72112451,-63.70527501,1,1
3459,2022-2023,2022,Advanced Manufacturing,Guysborough,1,EDP1,The Soap Company Of Nova Scotia (SCONS) Ltd.,Sherbrooke,B0J 3C0,1900.00,1,45.12130074,-61.93941412,1,1
3460,2022-2023,2022,Business Services,Inverness,1,EDP2,1250657 BC Ltd.,Port Hood,B0E 2W0,8500.00,1,46.02414802,-61.52020999,1,1
3461,2022-2023,2022,Clothing & Textiles,Halifax,1,EDP2,Sevaen Workwear Limited,Dartmouth,B3B 1L2,12500.00,1,44.7051481,-63.5933217,1,1
3462,2022-2023,2022,Business Services,Halifax,1,EDP2,Career Story Project Inc.,Halifax,B3M 1Z8,9850.00,1,44.67988198,-63.66162616,1,1
3463,2022-2023,2022,Advanced Manufacturing,Halifax,1,EDP1,Sealand Building Group Inc.,Lower Sackville,B4C 0A7,2743.75,1,44.75996448,-63.65077947,1,1
3464,2022-2023,2022,Business Services,Halifax,1,EDP1,Focal Research Consultants Limited,Halifax,B3L 2C2,6283.91,1,44.65543209,-63.62736094,1,1
3465,2022-2023,2022,Clothing & Textiles,Halifax,1,EDP1,Vanity Fashions Limited,Dartmouth,B3B 1Z6,4000.00,1,44.71558809,-63.58313877,1,1
3466,2022-2023,2022,Oceans Technology,Halifax,1,EDP1,Senda Technologies Fisheries,Dartmouth,B2Y 4T5,4300.00,1,44.66075972,-63.5564813,1,1
3467,2022-2023,2022,Advanced Manufacturing,Halifax,1,EDP1,Reftek Systems Inc.,Dartmouth,B3B 1T8,4494.99,1,44.69449851,-63.58665683,1,1
3468,2022-2023,2022,Other,Lunenburg,1,EDP1,Nanotech Eco Solutions Cdn Inc.,Chester,B0J 1J0,3900.00,1,44.58819201,-64.26937801,1,1
3469,2022-2023,2022,ICT (includes Digital Media),Halifax,1,EDP2,Food For Thought Software Solutions Limited,Halifax,B3N 1J9,17500.00,1,44.63940208,-63.62682048,1,1
3470,2022-2023,2022,Other,Halifax,1,EDP1,Fumes Rolling Papers Inc.,Dartmouth,B2V 1B9,3705.50,1,44.6530697,-63.48487387,1,1
3471,2022-2023,2022,ICT (includes Digital Media),Halifax,1,PIVP,Rimot.IO Inc.,Dartmouth,B2Y 4M9,15000.00,1,44.661197,-63.54252116,1,1
3472,2022-2023,2022,Business Services,Halifax,1,EDP1,Big Leap Leadership Inc.,Bedford,B4B 0T2,3075.00,1,44.70741662,-63.70460982,1,1
3473,2023-2024,2023,Advanced Manufacturing,Halifax,1,IRP,Beaumount Cabinets & Milwork,Dartmouth,B3B 1R3,750000.00,1,44.715102,-63.595032,1,1
3474,2023-2024,2023,Advanced Manufacturing,Cape Breton,1,IRP,Copol International Ltd.,North Sydney,B2A 3M4,175000.00,1,46.228734,-60.245932,1,1
3475,2023-2024,2023,Advanced Manufacturing,Cape Breton,1,IRP,Cape Breton Beverages Limited,Sydney,B1P 6R7,141950.00,1,46.121236,-60.199421,1,1
3476,2023-2024,2023,Advanced Manufacturing,Halifax,1,IRP,EASTCUT WOOD Building solutions INC.,Dartmouth,B3B OB1,1769600.00,1,44.710114,-63.580992,1,1
3477,2023-2024,2023,Advanced Manufacturing,Halifax,1,IRP,Dartmouth Metals and Bottle Limited,Dartmouth,B3B 1H9,387038.00,1,44.704514,-63.606173,1,1
3478,2023-2024,2023,Advanced Manufacturing,Cumberland,1,IRP,Emmerson Packaging Limited,Amherst,B4H 4S7,638366.00,1,45.816512,-64.22675,1,1
3479,2023-2024,2023,Agrifood Technology,Cumberland,1,IRP,Floyd Dickie & Sons Ltd,River Philip,BoM 1V0,227675.00,1,45.670125,-63.90232,1,1
3480,2023-2024,2023,Advanced Manufacturing,Colchester,1,IRP,J & B Millen Farms Ltd,Great Village,B0M 1L0,1000000.00,1,45.399602,-63.556076,1,1
3481,2023-2024,2023,Agrifood Technology,Cape Breton,1,IRP,Island_ Folk_ Cider_ House,Sydney,B1P 6A8,79188.00,1,46.142635,-60.195799,1,1
3482,2023-2024,2023,Defence,Halifax,1,IRP,IMP Electronic Systems,Hammonds Plains,B3Z 1H7,921487.00,1,44.715927,-63.831822,1,1
3483,2023-2024,2023,Advanced Manufacturing,Inverness,1,IRP,Lake Shore Living Ltd,East Lake Ainslie,B0E 3M0,420845.00,1,46.11996,-61.138684,1,1
3484,2023-2024,2023,Agrifood Technology,Colchester,1,IRP,Maritime Gourmet Mushrooms Inc.,Great Village,B3M 3Y8,727900.00,1,45.431244,-63.594294,1,1
3485,2023-2024,2023,Agrifood Technology,Cumberland,1,IRP,Jost Vineyards Ltd,North Shore,B0K 1E0,250000.00,1,45.796399,-63.377189,1,1
3486,2023-2024,2023,Advanced Manufacturing,Halifax,1,IRP,John Ross and Sons Limited,Halifax,B3S 1B3,1671752.00,1,44.645175,-63.67105,1,1
3487,2023-2024,2023,Advanced Manufacturing,Halifax,1,IRP,Maritime Paper Products Limited Partnership,Dartmouth,B3B 1C7,3704525.00,1,44.702842,-63.602252,1,1
3488,2023-2024,2023,Advanced Manufacturing,Colchester,1,IRP,Maritime Truss - Roof Systems,Truro,B2N 6T8,412201.00,1,45.350095,-63.290566,1,1
3489,2023-2024,2023,Agrifood Technology,Halifax,1,IRP,Mezza Franchising Limited,Dartmouth,B3B 1Y2,1237955.00,1,44.694476,-63.580371,1,1
3490,2023-2024,2023,Agrifood Technology,Cumberland,1,IRP,Maritime Pride Eggs Inc,Amherst,B4H OA1,134125.00,1,45.817917,-64.228754,1,1
3491,2023-2024,2023,Advanced Manufacturing,Halifax,1,IRP,Moulding Warehouse Limited,Hammonds Plains,B3Z 3Y3,908979.00,1,44.732861,-63.805978,1,1
3492,2023-2024,2023,Agrifood Technology,Kings,1,IRP,Ocean Crisp Apple Company Incorporated,Kentville,B4N 3Y3,2193750.00,1,45.067662,-64.551999,1,1
3493,2023-2024,2023,Advanced Manufacturing,Halifax,1,IRP,Outdoor-Fit Exercise Systems,Dartmouth,B3B 1N7,485000.00,1,44.716937,-63.600525,1,1
3494,2023-2024,2023,Advanced Manufacturing,Halifax,1,IRP,RKO Steel Limited,Dartmouth,B3B 1S2,884625.00,1,44.69299,-63.590836,1,1
3495,2023-2024,2023,Food & Beverages ( including Seafood ),Digby,1,IRP,Sea Crest Fisheries Ltd.,Saulnierville,B0W 2Z0,117500.00,1,,,0,0
3496,2023-2024,2023,Agrifood Technology,Lunenburg,1,IRP,Saltbox Brewing Company,Mahone Bay,B0J 2E0,2187500.00,1,44.450739,-64.388571,1,1
3497,2023-2024,2023,Other,Halifax,1,IRP,The Allen Print,Dartmouth,B3B 1K8,300392.00,1,44.70745,-63.613369,1,1
3498,2023-2024,2023,Advanced Manufacturing,Pictou,1,IRP,Twin Rivers Park Limited,Pictou,B0K 1H0,101250.00,1,45.6542,-62.794789,1,1
3499,2023-2024,2023,Life Science,Halifax,1,venture capital,3D BioFibR,Halifax,B3H 0A8,400000.00,1,44.639642,-63.583069,1,1
3500,2023-2024,2023,Clean Technology,Cape Breton,1,venture capital,Alter Biota,Edwardsville,B2A 0A8,1500000.00,1,46.153997,-60.229707,1,1
3501,2023-2024,2023,Life Science,Halifax,1,venture capital,BlueLight Analytics Inc.,Halifax,B3L 2V1,500000.00,1,44.642553,-63.620699,1,1
3502,2023-2024,2023,ICT,Halifax,1,venture capital,Bright Breaks,Halifax,B3J 2V1,500000.00,1,44.65264,-63.574524,1,1
3503,2023-2024,2023,ICT,Cape Breton,1,venture capital,Click2Order,Sydney,B1P 4P6,99947.00,1,46.141044,-60.194945,1,1
3504,2023-2024,2023,Life Science,Halifax,1,venture capital,Hollo Medical Inc.,Halifax,B3M 4Y4,100000.00,1,44.698742,-63.66755,1,1
3505,2023-2024,2023,ICT,Halifax,1,venture capital,Frenter,Halifax,B3J 0J4,15000.00,1,44.648272,-63.571537,1,1
3506,2023-2024,2023,Finacial Services,Halifax,1,Payroll Rebate,Opus Fund Services (Canada) Limited,Halifax,B3J 3K9,779000.00,1,44.648531,-63.574547,1,1
3507,2023-2024,2023,ICT,Halifax,1,venture capital,Wellnify,Halifax,B3H 2B5,100000.00,1,44.638196,-63.599321,1,1
3508,2023-2024,2023,ICT/Oceans,Halifax,1,Payroll Rebate,Global Spatial Technology Solutions Inc.,Dartmouth,B2Y 4M9,664200.00,1,44.661197,-63.542521,1,1
3509,2023-2024,2023,ICT,Halifax,1,Payroll Rebate,Cognizant Technology Solutions Corporation,Halifax,B3L 0B7,20713600.00,1,44.644559,-63.618301,1,1
3510,2023-2024,2023,Finacial Services,Halifax,1,Payroll Rebate,Bank of Montreal,Halifax,B3J 0E7,2159640.00,1,44.646684,-63.575052,1,1
3511,2023-2024,2023,Clean Tech/Oceans,Halifax,1,Payroll Rebate,Oneka Technologies,Dartmouth,B2Y 4T5,691200.00,1,44.661539,-63.556562,1,1
3512,2023-2024,2023,ICT,Halifax,1,Payroll Rebate,Ness Canada Inc.,Dartmouth,B3B 1H7,680400.00,1,44.700841,-63.606215,1,1
3513,2023-2024,2023,ICT,province-wide,0,Payroll Rebate,"Arctic Wolf Networks Canada, Inc.",province-wide,B1A 3N6,2016000.00,1,46.179046,-59.970705,1,1
3514,2023-2024,2023,ICT,Halifax,1,Payroll Rebate,Virtual Hallway Inc.,Halifax,B3K 1B6,552300.00,1,44.651345,-63.586101,1,1
3515,2023-2024,2023,Clean Tech,Halifax,1,Payroll Rebate,NOVONIX Battery Testing Services Inc.,Dartmouth,B3B 1N9,3125741.00,1,44.716306,-63.603061,1,1
3516,2023-2024,2023,ICT,Halifax,1,EDP,10520136 Canada Limited,Dartmouth,B2W 4H6,1400.00,1,44.674526,-63.513817,1,1
3517,2023-2024,2023,ICT,Halifax,1,EDP,10520136 Canada Limited,Dartmouth,B2W 4H6,3900.00,1,44.674526,-63.513817,1,1
3518,2023-2024,2023,ICT,Halifax,1,EDP,10520136 Canada Limited,Dartmouth,B2W 4H6,4300.00,1,44.674526,-63.513817,1,1
3519,2023-2024,2023,ICT,Halifax,1,EDP,10520136 Canada Limited,Dartmouth,B2W 4H6,4800.00,1,44.674526,-63.513817,1,1
3520,2023-2024,2023,ICT,Halifax,1,EDP,10520136 Canada Limited,Dartmouth,B2W 4H6,1900.00,1,44.674526,-63.513817,1,1
3521,2023-2024,2023,Clean Technology,Halifax,1,EDP,13970710 Canada Inc.,Dartmouth,B2W 4L3,4800.00,1,44.67311,-63.499088,1,1
3522,2023-2024,2023,Other,Inverness,1,EDP,1250657 BC Ltd.,Port Hood,B0E 2W0,2200.00,1,46.012597,-61.497633,1,1
3523,2023-2024,2023,Other,Halifax,1,EDP,2030097 Ontario Inc.,Bedford,B4B 0S9,1400.00,1,44.701689,-63.701434,1,1
3524,2023-2024,2023,Advanced Manufacturing,Halifax,1,EDP,1911741 Nova Scotia Limited,Lower Sackville,B4C 2N1,2080.00,1,44.753904,-63.66251,1,1
3525,2023-2024,2023,ICT,Halifax,1,EDP,3032102 Nova Scotia Ltd.,Halifax,B3K 2Z8,3700.00,1,44.652135,-63.581852,1,1
3526,2023-2024,2023,ICT,Halifax,1,EDP,3032102 Nova Scotia Ltd.,Halifax,B3K 2Z8,872.50,1,44.652135,-63.581852,1,1
3527,2023-2024,2023,ICT,Halifax,1,EDP,3032102 Nova Scotia Ltd.,Halifax,B3K 2Z8,2569.00,1,44.652135,-63.581852,1,1
3528,2023-2024,2023,ICT,Halifax,1,EDP,3032102 Nova Scotia Ltd.,Halifax,B3K 2Z8,2750.00,1,44.652135,-63.581852,1,1
3529,2023-2024,2023,ICT,Halifax,1,EDP,3032102 Nova Scotia Ltd.,Halifax,B3K 2Z8,900.00,1,44.652135,-63.581852,1,1
3530,2023-2024,2023,ICT,Halifax,1,EDP,3032102 Nova Scotia Ltd.,Halifax,B3K 2Z8,882.50,1,44.652135,-63.581852,1,1
3531,2023-2024,2023,ICT,Halifax,1,EDP,3032102 Nova Scotia Ltd.,Halifax,B3K 2Z8,3000.00,1,44.652135,-63.581852,1,1
3532,2023-2024,2023,ICT,Halifax,1,EDP,3043176 Nova Scotia Limited,Dartmouth,B3B 0K4,2600.00,1,44.708168,-63.606224,1,1
3533,2023-2024,2023,ICT,Halifax,1,EDP,3043176 Nova Scotia Limited,Dartmouth,B3B 0K4,3287.29,1,44.708168,-63.606224,1,1
3534,2023-2024,2023,Agrifood Technology,Pictou,1,EDP,3284906 Nova Scotia Limited,New Glasgow,B2H 2P5,3774.14,1,45.589105,-62.644575,1,1
3535,2023-2024,2023,Agrifood Technology,Halifax,1,EDP,3292607 Nova Scotia Limited,Halifax,B3N 3M3,11600.00,1,44.639508,-63.632869,1,1
3536,2023-2024,2023,Agrifood Technology,Halifax,1,EDP,3292607 Nova Scotia Limited,Halifax,B3N 3M3,3400.00,1,44.639508,-63.632869,1,1
3537,2023-2024,2023,Agrifood Technology,Pictou,1,EDP,3284906 Nova Scotia Limited,New Glasgow,B2H 2P5,4399.00,1,45.589105,-62.644575,1,1
3538,2023-2024,2023,Oceans Technology,Halifax,1,EDP,3310959 Nova Scotia Limited,Dartmouth,B3B 1C4,1605.00,1,44.700655,-63.602801,1,1
3539,2023-2024,2023,Oceans Technology,Halifax,1,EDP,3310959 Nova Scotia Limited,Dartmouth,B3B 1C4,600.00,1,44.700655,-63.602801,1,1
3540,2023-2024,2023,Oceans Technology,Halifax,1,EDP,3310959 Nova Scotia Limited,Dartmouth,B3B 1C4,2900.00,1,44.700655,-63.602801,1,1
3541,2023-2024,2023,Oceans Technology,Halifax,1,EDP,3310959 Nova Scotia Limited,Dartmouth,B3B 1C4,1300.00,1,44.700655,-63.602801,1,1
3542,2023-2024,2023,ICT,Lunenburg,1,EDP,3316687 Nova Scotia Limited,Mahone Bay,B0J 2E0,1400.00,1,44.496858,-64.493463,1,1
3543,2023-2024,2023,ICT,Lunenburg,1,EDP,3316687 Nova Scotia Limited,Mahone Bay,B0J 2E0,1775.00,1,44.496858,-64.493463,1,1
3544,2023-2024,2023,ICT,Lunenburg,1,EDP,3316687 Nova Scotia Limited,Mahone Bay,B0J 2E0,1897.50,1,44.496858,-64.493463,1,1
3545,2023-2024,2023,Oceans Technology,Halifax,1,EDP,3310959 Nova Scotia Limited,Dartmouth,B3B 1C4,5250.00,1,44.700655,-63.602801,1,1
3546,2023-2024,2023,ICT,Lunenburg,1,EDP,3316687 Nova Scotia Limited,Mahone Bay,B0J 2E0,1850.00,1,44.496858,-64.493463,1,1
3547,2023-2024,2023,ICT,Lunenburg,1,EDP,3316687 Nova Scotia Limited,Mahone Bay,B0J 2E0,1650.00,1,44.496858,-64.493463,1,1
3548,2023-2024,2023,Life Sciences,Yarmouth,1,EDP,3316791 Nova Scotia Limited,Tusket,B0W 3M0,7400.00,1,43.872643,-65.969463,1,1
3549,2023-2024,2023,Other,Halifax,1,EDP,3333394 Nova Scotia Limited,Hammonds Plains,B4B 1M7,600.00,1,44.741835,-63.790571,1,1
3550,2023-2024,2023,Financial Services,Halifax,1,EDP,3343407 Nova Scotia Limited,Dartmouth,B2V 1K5,2200.00,1,44.665601,-63.480805,1,1
3551,2023-2024,2023,Other,Halifax,1,EDP,3333394 Nova Scotia Limited,Hammonds Plains,B4B 1M7,2650.00,1,44.741835,-63.790571,1,1
3552,2023-2024,2023,Financial Services,Halifax,1,EDP,3343407 Nova Scotia Limited,Dartmouth,B2V 1K5,1200.00,1,44.665601,-63.480805,1,1
3553,2023-2024,2023,Financial Services,Halifax,1,EDP,3343407 Nova Scotia Limited,Dartmouth,B2V 1K5,3800.00,1,44.665601,-63.480805,1,1
3554,2023-2024,2023,Financial Services,Halifax,1,EDP,3343407 Nova Scotia Limited,Dartmouth,B2V 1K5,1100.00,1,44.665601,-63.480805,1,1
3555,2023-2024,2023,Financial Services,Halifax,1,EDP,3343407 Nova Scotia Limited,Dartmouth,B2V 1K5,2657.00,1,44.665601,-63.480805,1,1
3556,2023-2024,2023,Financial Services,Halifax,1,EDP,3343407 Nova Scotia Limited,Dartmouth,B2V 1K5,1943.00,1,44.665601,-63.480805,1,1
3557,2023-2024,2023,Financial Services,Halifax,1,EDP,3343407 Nova Scotia Limited,Dartmouth,B2V 1K5,2100.00,1,44.665601,-63.480805,1,1
3558,2023-2024,2023,Financial Services,Halifax,1,EDP,3343407 Nova Scotia Limited,Dartmouth,B2V 1K5,1550.00,1,44.665601,-63.480805,1,1
3559,2023-2024,2023,Financial Services,Halifax,1,EDP,3343407 Nova Scotia Limited,Dartmouth,B2V 1K5,2600.00,1,44.665601,-63.480805,1,1
3560,2023-2024,2023,Financial Services,Halifax,1,EDP,3343407 Nova Scotia Limited,Dartmouth,B2V 1K5,700.00,1,44.665601,-63.480805,1,1
3561,2023-2024,2023,Financial Services,Halifax,1,EDP,3343407 Nova Scotia Limited,Dartmouth,B2V 1K5,1300.00,1,44.665601,-63.480805,1,1
3562,2023-2024,2023,Financial Services,Halifax,1,EDP,3343407 Nova Scotia Limited,Dartmouth,B2V 1K5,700.00,1,44.665601,-63.480805,1,1
3563,2023-2024,2023,Financial Services,Halifax,1,EDP,3343407 Nova Scotia Limited,Dartmouth,B2V 1K5,1800.00,1,44.665601,-63.480805,1,1
3564,2023-2024,2023,Financial Services,Halifax,1,EDP,3343407 Nova Scotia Limited,Dartmouth,B2V 1K5,1800.00,1,44.665601,-63.480805,1,1
3565,2023-2024,2023,Financial Services,Halifax,1,EDP,3343407 Nova Scotia Limited,Dartmouth,B2V 1K5,1238.71,1,44.665601,-63.480805,1,1
3566,2023-2024,2023,ICT,Pictou,1,EDP,360Lab Inc.,Pictou,B2H 3B2,3157.94,1,45.586163,-62.64273,1,1
3567,2023-2024,2023,Life Sciences,Halifax,1,EDP,3DBioFibR Inc.,Halifax,B3H 0A8,3902.34,1,44.639642,-63.583069,1,1
3568,2023-2024,2023,ICT,Pictou,1,EDP,360Lab Inc.,New Glasgow,B2H 3B2,1800.00,1,45.586163,-62.64273,1,1
3569,2023-2024,2023,ICT,Pictou,1,EDP,360Lab Inc.,New Glasgow,B2H 3B2,900.00,1,45.586163,-62.64273,1,1
3570,2023-2024,2023,ICT,Pictou,1,EDP,360Lab Inc.,New Glasgow,B2H 3B2,1100.00,1,45.586163,-62.64273,1,1
3571,2023-2024,2023,Life Sciences,Halifax,1,EDP,3DBioFibR Inc.,Halifax,B3H 0A8,3125.00,1,44.639642,-63.583069,1,1
3572,2023-2024,2023,Financial Services,Halifax,1,EDP,4316005 Nova Scotia Limited,Halifax,B3P 1V5,1800.00,1,44.628822,-63.606289,1,1
3573,2023-2024,2023,Life Sciences,Halifax,1,EDP,3DBioFibR Inc.,Halifax,B3H 0A8,4412.00,1,44.639642,-63.583069,1,1
3574,2023-2024,2023,Life Sciences,Halifax,1,EDP,3DBioFibR Inc.,Halifax,B3H 0A8,4977.13,1,44.639642,-63.583069,1,1
3575,2023-2024,2023,Financial Services,Halifax,1,EDP,4316005 Nova Scotia Limited,Halifax,B3P 1V5,1000.00,1,44.628822,-63.606289,1,1
3576,2023-2024,2023,Financial Services,Halifax,1,EDP,4316005 Nova Scotia Limited,Halifax,B3P 1V5,800.00,1,44.628822,-63.606289,1,1
3577,2023-2024,2023,Financial Services,Halifax,1,EDP,4316005 Nova Scotia Limited,Halifax,B3P 1V5,2800.00,1,44.628822,-63.606289,1,1
3578,2023-2024,2023,Agrifood Technology,Kings,1,EDP,4318682 Nova Scotia Ltd.,Wolfville,B4P 1C9,4854.00,1,45.091837,-64.360235,1,1
3579,2023-2024,2023,Oceans Technology,Lunenburg,1,EDP,4448997 Nova Scotia Limited,Fauxberg,B0J 2C0,1475.00,1,44.406712,-64.362184,1,1
3580,2023-2024,2023,Agrifood Technology,Kings,1,EDP,4318682 Nova Scotia Ltd.,Wolfville,B4P 1C9,2199.50,1,45.091837,-64.360235,1,1
3581,2023-2024,2023,Agrifood Technology,Kings,1,EDP,4318682 Nova Scotia Ltd.,Wolfville,B4P 1C9,3500.00,1,45.091837,-64.360235,1,1
3582,2023-2024,2023,Oceans Technology,Lunenburg,1,EDP,4448997 Nova Scotia Limited,Fauxberg,B0J 2C0,1925.00,1,44.406712,-64.362184,1,1
3583,2023-2024,2023,Oceans Technology,Lunenburg,1,EDP,4448997 Nova Scotia Limited,Fauxberg,B0J 2C0,1750.00,1,44.406712,-64.362184,1,1
3584,2023-2024,2023,Oceans Technology,Lunenburg,1,EDP,4448997 Nova Scotia Limited,Fauxberg,B0J 2C0,1925.00,1,44.406712,-64.362184,1,1
3585,2023-2024,2023,Oceans Technology,Lunenburg,1,EDP,4448997 Nova Scotia Limited,Fauxberg,B0J 2C0,1500.00,1,44.406712,-64.362184,1,1
3586,2023-2024,2023,Oceans Technology,Lunenburg,1,EDP,4448997 Nova Scotia Limited,Fauxberg,B0J 2C0,1750.00,1,44.406712,-64.362184,1,1
3587,2023-2024,2023,Oceans Technology,Lunenburg,1,EDP,4448997 Nova Scotia Limited,Fauxberg,B0J 2C0,1650.00,1,44.406712,-64.362184,1,1
3588,2023-2024,2023,Oceans Technology,Lunenburg,1,EDP,4448997 Nova Scotia Limited,Fauxberg,B0J 2C0,1750.00,1,44.406712,-64.362184,1,1
3589,2023-2024,2023,Oceans Technology,Lunenburg,1,EDP,4448997 Nova Scotia Limited,Fauxberg,B0J 2C0,2100.00,1,44.406712,-64.362184,1,1
3590,2023-2024,2023,Financial Services,Halifax,1,EDP,4456616 Nova Scotia Inc.,Halifax,B3H 2K3,1700.00,1,44.644641,-63.589906,1,1
3591,2023-2024,2023,Financial Services,Halifax,1,EDP,4456616 Nova Scotia Inc.,Halifax,B3H 2K3,5150.00,1,44.644641,-63.589906,1,1
3592,2023-2024,2023,Financial Services,Halifax,1,EDP,4456616 Nova Scotia Inc.,Halifax,B3H 2K3,1300.00,1,44.644641,-63.589906,1,1
3593,2023-2024,2023,Financial Services,Halifax,1,EDP,4456616 Nova Scotia Inc.,Halifax,B3H 2K3,1300.00,1,44.644641,-63.589906,1,1
3594,2023-2024,2023,Other,Halifax,1,EDP,A. Langley Developments Inc.,Halifax,B3L 2Y2,4300.00,1,44.645827,-63.603966,1,1
3595,2023-2024,2023,Other,Halifax,1,EDP,A. Langley Developments Inc.,Halifax,B3L 2Y2,3300.00,1,44.645827,-63.603966,1,1
3596,2023-2024,2023,Other,Halifax,1,EDP,A. Langley Developments Inc.,Halifax,B3L 2Y2,5300.00,1,44.645827,-63.603966,1,1
3597,2023-2024,2023,Advanced Manufacturing,Lunenburg,1,EDP,ABCO Industries Inc.,Lunenburg,B0J 2C0,1987.50,1,44.374787,-64.317055,1,1
3598,2023-2024,2023,Advanced Manufacturing,Lunenburg,1,EDP,ABCO Industries Inc.,Lunenburg,B0J 2C0,2700.00,1,44.374787,-64.317055,1,1
3599,2023-2024,2023,ICT,Hants,1,EDP,Academic Edge Inc.,Windsor,B0N 2T0,4800.00,1,44.991027,-64.143256,1,1
3600,2023-2024,2023,ICT,Hants,1,EDP,Academic Edge Inc.,Windsor,B0N 2T0,5282.15,1,44.991027,-64.143256,1,1
3601,2023-2024,2023,Advanced Manufacturing,Halifax,1,EDP,Ace Machining Limited,Dartmouth,B2Y 4W6,1100.00,1,44.655659,-63.539334,1,1
3602,2023-2024,2023,Advanced Manufacturing,Halifax,1,EDP,Ace Machining Limited,Dartmouth,B2Y 4W6,3500.00,1,44.655659,-63.539334,1,1
3603,2023-2024,2023,Advanced Manufacturing,Halifax,1,EDP,Ace Machining Limited,Dartmouth,B2Y 4W6,1100.00,1,44.655659,-63.539334,1,1
3604,2023-2024,2023,Advanced Manufacturing,Halifax,1,EDP,Ace Machining Limited,Dartmouth,B2Y 4W6,2200.00,1,44.655659,-63.539334,1,1
3605,2023-2024,2023,Advanced Manufacturing,Halifax,1,EDP,Ace Machining Limited,Dartmouth,B2Y 4W6,1800.00,1,44.655659,-63.539334,1,1
3606,2023-2024,2023,Advanced Manufacturing,Halifax,1,EDP,Ace Machining Limited,Dartmouth,B2Y 4W6,900.00,1,44.655659,-63.539334,1,1
3607,2023-2024,2023,ICT,Halifax,1,EDP,Acuicy Inc.,Halifax,B3J 3R7,1300.00,1,44.65264,-63.574524,1,1
3608,2023-2024,2023,ICT,Halifax,1,EDP,Acuicy Inc.,Halifax,B3J 3R7,5014.00,1,44.65264,-63.574524,1,1
3609,2023-2024,2023,ICT,Halifax,1,EDP,Acuicy Inc.,Halifax,B3J 3R7,2200.00,1,44.65264,-63.574524,1,1
3610,2023-2024,2023,ICT,Halifax,1,EDP,Acuicy Inc.,Halifax,B3J 3R7,2200.00,1,44.65264,-63.574524,1,1
3611,2023-2024,2023,ICT,Halifax,1,EDP,Acuicy Inc.,Halifax,B3J 3R7,1800.00,1,44.65264,-63.574524,1,1
3612,2023-2024,2023,ICT,Halifax,1,EDP,Acuicy Inc.,Halifax,B3J 3R7,1800.00,1,44.65264,-63.574524,1,1
3613,2023-2024,2023,Life Sciences,Halifax,1,EDP,Adaptiiv Medical Technologies Inc.,Halifax,B3J 3R7,2300.00,1,44.65264,-63.574524,1,1
3614,2023-2024,2023,Life Sciences,Halifax,1,EDP,Adaptiiv Medical Technologies Inc.,Halifax,B3J 3R7,3400.00,1,44.65264,-63.574524,1,1
3615,2023-2024,2023,Life Sciences,Halifax,1,EDP,Adaptiiv Medical Technologies Inc.,Halifax,B3J 3R7,2400.00,1,44.65264,-63.574524,1,1
3616,2023-2024,2023,Life Sciences,Halifax,1,EDP,Adaptiiv Medical Technologies Inc.,Halifax,B3J 3R7,2600.00,1,44.65264,-63.574524,1,1
3617,2023-2024,2023,ICT,Halifax,1,EDP,ADDvocacy ADHD & Life Skills Coaching Ltd.,Brookside,B3T 1S4,2547.10,1,44.55751,-63.723914,1,1
3618,2023-2024,2023,ICT,Halifax,1,EDP,ADDvocacy ADHD & Life Skills Coaching Ltd.,Brookside,B3T 1S4,1182.50,1,44.55751,-63.723914,1,1
3619,2023-2024,2023,Other,Halifax,1,EDP,Africa Canada Trade and Investment Venture Inc.,Halifax,B3M 2L8,2440.00,1,44.697236,-63.661495,1,1
3620,2023-2024,2023,ICT,Halifax,1,EDP,ADDvocacy ADHD & Life Skills Coaching Ltd.,Brookside,B3T 1S4,4052.00,1,44.55751,-63.723914,1,1
3621,2023-2024,2023,Other,Halifax,1,EDP,Africa Canada Trade and Investment Venture Inc.,Halifax,B3M 2L8,3050.00,1,44.697236,-63.661495,1,1
3622,2023-2024,2023,Other,Halifax,1,EDP,Africa Canada Trade and Investment Venture Inc.,Halifax,B3M 2L8,1400.00,1,44.697236,-63.661495,1,1
3623,2023-2024,2023,Life Sciences,Halifax,1,EDP,AKSO Marine Biotech Inc.,Hacketts Cove,B3Z 3K7,4950.00,1,44.570807,-63.931694,1,1
3624,2023-2024,2023,Life Sciences,Halifax,1,EDP,AKSO Marine Biotech Inc.,Hacketts Cove,B3Z 3K7,4150.00,1,44.570807,-63.931694,1,1
3625,2023-2024,2023,Food & Beverage (including Seafood),Shelburne,1,EDP,Age Lobster Inc.,Clark's Harbour,B0W 1P0,2200.00,1,43.43453,-65.624392,1,1
3626,2023-2024,2023,Food & Beverage (including Seafood),Shelburne,1,EDP,Age Lobster Inc.,Clark's Harbour,B0W 1P0,6316.50,1,43.43453,-65.624392,1,1
3627,2023-2024,2023,Other,Halifax,1,EDP,Alight Building Lifecycle Consulting,Halifax,B3N 3H4,1570.00,1,44.632207,-63.629884,1,1
3628,2023-2024,2023,Other,Halifax,1,EDP,Alight Building Lifecycle Consulting,Halifax,B3N 3H4,1075.00,1,44.632207,-63.629884,1,1
3629,2023-2024,2023,Other,Kings,1,EDP,All Ma Mates Ltd.,New Minas,B4N 3E3,5822.50,1,45.068659,-64.456447,1,1
3630,2023-2024,2023,Other,Kings,1,EDP,All Ma Mates Ltd.,New Minas,B4N 3E3,4140.00,1,45.068659,-64.456447,1,1
3631,2023-2024,2023,Other,Kings,1,EDP,All Ma Mates Ltd.,New Minas,B4N 3E3,5037.50,1,45.068659,-64.456447,1,1
3632,2023-2024,2023,Advanced Manufacturing,Shelburne,1,EDP,Allendale Electronics Limited,Lockeport,B0T 1L0,4670.76,1,43.698341,-65.111992,1,1
3633,2023-2024,2023,Life Sciences,Halifax,1,EDP,Allied Therapy Ltd.,Upper Tantallon,B3Z 0P6,3000.00,1,44.703804,-63.852571,1,1
3634,2023-2024,2023,Advanced Manufacturing,Shelburne,1,EDP,Allendale Electronics Limited,Lockeport,B0T 1L0,3570.00,1,43.698341,-65.111992,1,1
3635,2023-2024,2023,Advanced Manufacturing,Shelburne,1,EDP,Allendale Electronics Limited,Lockeport,B0T 1L0,4250.00,1,43.698341,-65.111992,1,1
3636,2023-2024,2023,Other,Halifax,1,EDP,Alliance World Transport Incorporated,Halifax,B3M 2L9,6337.50,1,44.706958,-63.66516,1,1
3637,2023-2024,2023,Life Sciences,Halifax,1,EDP,Allied Therapy Ltd.,Upper Tantallon,B3Z 0P6,2400.00,1,44.703804,-63.852571,1,1
3638,2023-2024,2023,Life Sciences,Halifax,1,EDP,Allied Therapy Ltd.,Upper Tantallon,B3Z 0P6,4282.50,1,44.703804,-63.852571,1,1
3639,2023-2024,2023,Life Sciences,Halifax,1,EDP,Allied Therapy Ltd.,Upper Tantallon,B3Z 0P6,3677.48,1,44.703804,-63.852571,1,1
3640,2023-2024,2023,Oceans Technology,Halifax,1,EDP,Allswater Marine Consultants Ltd.,Halifax,B4A 1B9,1900.00,1,44.719611,-63.67228,1,1
3641,2023-2024,2023,Oceans Technology,Halifax,1,EDP,Allswater Marine Consultants Ltd.,Halifax,B4A 1B9,1737.50,1,44.719611,-63.67228,1,1
3642,2023-2024,2023,Oceans Technology,Halifax,1,EDP,Allswater Marine Consultants Ltd.,Halifax,B4A 1B9,1550.00,1,44.719611,-63.67228,1,1
3643,2023-2024,2023,Oceans Technology,Halifax,1,EDP,Allswater Marine Consultants Ltd.,Halifax,B4A 1B9,1695.00,1,44.719611,-63.67228,1,1
3644,2023-2024,2023,Oceans Technology,Halifax,1,EDP,Allswater Marine Consultants Ltd.,Halifax,B4A 1B9,1950.00,1,44.719611,-63.67228,1,1
3645,2023-2024,2023,Life Sciences,Halifax,1,EDP,Altheda Wellness Innovation Inc.,Halifax,B3M 4H4,3475.00,1,44.665503,-63.641504,1,1
3646,2023-2024,2023,Other,Halifax,1,EDP,Angela C. MacMaster Consulting Inc.,Halifax,B3M 3B4,1900.00,1,44.677517,-63.665642,1,1
3647,2023-2024,2023,ICT,Halifax,1,EDP,Antimatter Creative Labs (Halifax) Inc.,Halifax,B3J 3N8,3800.00,1,44.648457,-63.575942,1,1
3648,2023-2024,2023,ICT,Halifax,1,EDP,Antimatter Creative Labs (Halifax) Inc.,Halifax,B3J 3N8,1700.00,1,44.648457,-63.575942,1,1
3649,2023-2024,2023,Advanced Manufacturing,Pictou,1,EDP,Aqua Production Systems Incorporated,Union Centre,B0K 2A0,2525.00,1,45.530054,-62.755099,1,1
3650,2023-2024,2023,Advanced Manufacturing,Pictou,1,EDP,Aqua Production Systems Incorporated,Union Centre,B0K 2A0,6200.00,1,45.530054,-62.755099,1,1
3651,2023-2024,2023,Advanced Manufacturing,Pictou,1,EDP,Aqua Production Systems Incorporated,Union Centre,B0K 2A0,2870.00,1,45.530054,-62.755099,1,1
3652,2023-2024,2023,Advanced Manufacturing,Pictou,1,EDP,Aqua Production Systems Incorporated,Union Centre,B0K 2A0,3405.00,1,45.530054,-62.755099,1,1
3653,2023-2024,2023,Advanced Manufacturing,Halifax,1,EDP,Aqualitas Inc.,Bedford,B4A 1E6,3080.00,1,44.732176,-63.657547,1,1
3654,2023-2024,2023,Life Sciences,Halifax,1,EDP,Ardea Outcomes Inc.,Halifax,B3J 0J2,6000.00,1,44.648758,-63.571779,1,1
3655,2023-2024,2023,Clean Technology,Halifax,1,EDP,AquaMedia Inc.,Bedford,B4A 3N3,2462.50,1,44.729526,-63.676394,1,1
3656,2023-2024,2023,Clean Technology,Halifax,1,EDP,AquaMedia Inc.,Bedford,B4A 3N3,4700.00,1,44.729526,-63.676394,1,1
3657,2023-2024,2023,Life Sciences,Halifax,1,EDP,Ardea Outcomes Inc.,Halifax,B3J 0J2,4150.00,1,44.648758,-63.571779,1,1
3658,2023-2024,2023,Life Sciences,Halifax,1,EDP,Ardea Outcomes Inc.,Halifax,B3J 0J2,4550.00,1,44.648758,-63.571779,1,1
3659,2023-2024,2023,Life Sciences,Halifax,1,EDP,Ardea Outcomes Inc.,Halifax,B3J 0J2,2275.00,1,44.648758,-63.571779,1,1
3660,2023-2024,2023,Life Sciences,Halifax,1,EDP,Ardea Outcomes Inc.,Halifax,B3J 0J2,3560.00,1,44.648758,-63.571779,1,1
3661,2023-2024,2023,Life Sciences,Halifax,1,EDP,Ardea Outcomes Inc.,Halifax,B3J 0J2,2675.00,1,44.648758,-63.571779,1,1
3662,2023-2024,2023,Other,Yarmouth,1,EDP,ASBB Economics and Research Ltd.,Yarmouth,B5A 1E1,515.00,1,43.831934,-66.120429,1,1
3663,2023-2024,2023,Other,Yarmouth,1,EDP,ASBB Economics and Research Ltd.,Yarmouth,B5A 1E1,587.50,1,43.831934,-66.120429,1,1
3664,2023-2024,2023,Other,Yarmouth,1,EDP,ASBB Economics and Research Ltd.,Yarmouth,B5A 1E1,1925.00,1,43.831934,-66.120429,1,1
3665,2023-2024,2023,Other,Yarmouth,1,EDP,ASBB Economics and Research Ltd.,Yarmouth,B5A 1E1,1850.00,1,43.831934,-66.120429,1,1
3666,2023-2024,2023,Oceans Technology,Halifax,1,EDP,Ashored Inc.,Bedford,B4A 2T3,3331.25,1,44.737187,-63.647413,1,1
3667,2023-2024,2023,Oceans Technology,Halifax,1,EDP,Ashored Inc.,Bedford,B4A 2T3,2500.00,1,44.737187,-63.647413,1,1
3668,2023-2024,2023,Oceans Technology,Halifax,1,EDP,Ashored Inc.,Bedford,B4A 2T3,2487.50,1,44.737187,-63.647413,1,1
3669,2023-2024,2023,Oceans Technology,Halifax,1,EDP,Ashored Inc.,Bedford,B4A 2T3,4150.00,1,44.737187,-63.647413,1,1
3670,2023-2024,2023,Oceans Technology,Halifax,1,EDP,Ashored Inc.,Bedford,B4A 2T3,2531.25,1,44.737187,-63.647413,1,1
3671,2023-2024,2023,Oceans Technology,Halifax,1,EDP,Ashored Inc.,Bedford,B4A 2T3,2000.00,1,44.737187,-63.647413,1,1
3672,2023-2024,2023,Oceans Technology,Halifax,1,EDP,Ashored Inc.,Bedford,B4A 2T3,1900.00,1,44.737187,-63.647413,1,1
3673,2023-2024,2023,Oceans Technology,Halifax,1,EDP,Ashored Inc.,Bedford,B4A 2T3,883.75,1,44.737187,-63.647413,1,1
3674,2023-2024,2023,Other,Halifax,1,EDP,Atlantic Leadership and Marketing Solutions Ltd.,Hammonds Plains,B4B 0G9,2600.00,1,44.715628,-63.758823,1,1
3675,2023-2024,2023,Other,Halifax,1,EDP,Atlantic Leadership and Marketing Solutions Ltd.,Hammonds Plains,B4B 0G9,2800.00,1,44.715628,-63.758823,1,1
3676,2023-2024,2023,Food & Beverage (including Seafood),Halifax,1,EDP,Atlantic Sea Cucumber Ltd.,Hacketts Cove,B3Z 3K7,2900.00,1,44.570807,-63.931694,1,1
3677,2023-2024,2023,Other,Halifax,1,EDP,Atlantic Business Express Ltd.,Halifax,B3H 2V8,2900.00,1,44.631135,-63.573744,1,1
3678,2023-2024,2023,Food & Beverage (including Seafood),Halifax,1,EDP,Atlantic Sea Cucumber Ltd.,Hacketts Cove,B3Z 3K7,5053.25,1,44.570807,-63.931694,1,1
3679,2023-2024,2023,Other,Kings,1,EDP,Authentic Ginger Clothing Co.,Wolfville,B4P 1M5,5420.00,1,45.085276,-64.3544,1,1
3680,2023-2024,2023,ICT,Halifax,1,EDP,AvenewAI Inc.,Halifax,B3H 3B7,1965.00,1,44.6404,-63.585134,1,1
3681,2023-2024,2023,Other,Halifax,1,EDP,Atlantic Youth Consulting Inc.,Head of St. Margarets Bay,B3Z 1X8,3768.00,1,44.664075,-63.930896,1,1
3682,2023-2024,2023,Other,Halifax,1,EDP,Atlantic Youth Consulting Inc.,Head of St. Margarets Bay,B3Z 1X8,1100.00,1,44.664075,-63.930896,1,1
3683,2023-2024,2023,Agrifood Technology,Halifax,1,EDP,Axe To Grind Foods,Middle Sackville,B4E 3B6,4600.00,1,44.813556,-63.752015,1,1
3684,2023-2024,2023,Food & Beverage (including Seafood),Digby,1,EDP,B.M.C. Seafoods Limited,Meteghan,B0W 2J0,3900.00,1,44.190763,-66.161959,1,1
3685,2023-2024,2023,Life Sciences,Kings,1,EDP,Axtion Independence Mobility Inc.,Grand Pre,B0P 1M0,6540.21,1,45.10368,-64.307884,1,1
3686,2023-2024,2023,Life Sciences,Kings,1,EDP,Axtion Independence Mobility Inc.,Grand Pre,B0P 1M0,6455.00,1,45.10368,-64.307884,1,1
3687,2023-2024,2023,Life Sciences,Kings,1,EDP,Axtion Independence Mobility Inc.,Grand Pre,B0P 1M0,1900.00,1,45.10368,-64.307884,1,1
3688,2023-2024,2023,Food & Beverage (including Seafood),Digby,1,EDP,B.M.C. Seafoods Limited,Meteghan,B0W 2J0,5837.50,1,44.190763,-66.161959,1,1
3689,2023-2024,2023,Other,Halifax,1,EDP,Be Responsive Media Inc.,Bedford,B4B 2E6,3000.00,1,44.707052,-63.709016,1,1
3690,2023-2024,2023,Other,Halifax,1,EDP,Be Responsive Media Inc.,Bedford,B4B 2E6,2755.00,1,44.707052,-63.709016,1,1
3691,2023-2024,2023,ICT,Halifax,1,EDP,Baelio Technologies Incorporated,Lower Sackville,B4C 2M8,4800.00,1,44.763129,-63.666604,1,1
3692,2023-2024,2023,ICT,Halifax,1,EDP,Baelio Technologies Incorporated,Lower Sackville,B4C 2M8,2900.00,1,44.763129,-63.666604,1,1
3693,2023-2024,2023,Other,Halifax,1,EDP,Be Responsive Media Inc.,Bedford,B4B 2E6,3155.00,1,44.707052,-63.709016,1,1
3694,2023-2024,2023,Other,Halifax,1,EDP,Be Responsive Media Inc.,Bedford,B4B 2E6,2670.00,1,44.707052,-63.709016,1,1
3695,2023-2024,2023,Other,Hants,1,EDP,Beezy Eco Inc.,Rines Creek,B0N 2H0,4450.00,1,45.147347,-63.395452,1,1
3696,2023-2024,2023,Other,Hants,1,EDP,Beezy Eco Inc.,Rines Creek,B0N 2H0,975.00,1,45.147347,-63.395452,1,1
3697,2023-2024,2023,Other,Hants,1,EDP,Beezy Eco Inc.,Rines Creek,B0N 2H0,550.00,1,45.147347,-63.395452,1,1
3698,2023-2024,2023,Other,Halifax,1,EDP,Best Kind Consulting Inc.,Halifax,B3L 1K1,1349.50,1,44.649775,-63.595868,1,1
3699,2023-2024,2023,Other,Halifax,1,EDP,Best Kind Consulting Inc.,Halifax,B3L 1K1,1149.50,1,44.649775,-63.595868,1,1
3700,2023-2024,2023,Other,Halifax,1,EDP,Best Kind Consulting Inc.,Halifax,B3L 1K1,1300.00,1,44.649775,-63.595868,1,1
3701,2023-2024,2023,Other,Halifax,1,EDP,Best Kind Consulting Inc.,Halifax,B3L 1K1,1299.50,1,44.649775,-63.595868,1,1
3702,2023-2024,2023,Other,Halifax,1,EDP,Best Kind Consulting Inc.,Halifax,B3L 1K1,2029.72,1,44.649775,-63.595868,1,1
3703,2023-2024,2023,Other,Halifax,1,EDP,Best Kind Consulting Inc.,Halifax,B3L 1K1,1900.00,1,44.649775,-63.595868,1,1
3704,2023-2024,2023,Other,Halifax,1,EDP,Best Kind Consulting Inc.,Halifax,B3L 1K1,1500.00,1,44.649775,-63.595868,1,1
3705,2023-2024,2023,ICT,Halifax,1,EDP,Beyond Ventures Group Business & Trade Development Inc.,Halifax,B3J 2L4,1337.50,1,44.647332,-63.57214,1,1
3706,2023-2024,2023,ICT,Halifax,1,EDP,Beyond Ventures Group Business & Trade Development Inc.,Halifax,B3J 2L4,1954.96,1,44.647332,-63.57214,1,1
3707,2023-2024,2023,ICT,Halifax,1,EDP,Beyond Ventures Group Business & Trade Development Inc.,Halifax,B3J 2L4,1350.00,1,44.647332,-63.57214,1,1
3708,2023-2024,2023,ICT,Halifax,1,EDP,Beyond Ventures Group Business & Trade Development Inc.,Halifax,B3J 2L4,1812.50,1,44.647332,-63.57214,1,1
3709,2023-2024,2023,Agrifood Technology,Pictou,1,EDP,Big Cove Foods Inc.,Thorburn,B0K 1W0,2017.50,1,45.599975,-62.513976,1,1
3710,2023-2024,2023,Agrifood Technology,Pictou,1,EDP,Big Cove Foods Inc.,Thorburn,B0K 1W0,4825.00,1,45.599975,-62.513976,1,1
3711,2023-2024,2023,Agrifood Technology,Pictou,1,EDP,Big Cove Foods Inc.,Thorburn,B0K 1W0,4219.00,1,45.599975,-62.513976,1,1
3712,2023-2024,2023,Other,Halifax,1,EDP,Big Leap Leadership Inc.,Bedford,B4B 0T2,2050.00,1,44.707455,-63.704553,1,1
3713,2023-2024,2023,Other,Halifax,1,EDP,Blender Networks Inc.,Bedford,B4B 0V2,2743.85,1,44.722498,-63.693087,1,1
3714,2023-2024,2023,ICT,Halifax,1,EDP,B-Line Technologies Inc.,Halifax,B3J 1V1,1600.00,1,44.643801,-63.57069,1,1
3715,2023-2024,2023,ICT,Halifax,1,EDP,B-Line Technologies Inc.,Halifax,B3J 1V1,3000.00,1,44.643801,-63.57069,1,1
3716,2023-2024,2023,ICT,Halifax,1,EDP,B-Line Technologies Inc.,Halifax,B3J 1V1,1700.00,1,44.643801,-63.57069,1,1
3717,2023-2024,2023,ICT,Halifax,1,EDP,B-Line Technologies Inc.,Halifax,B3J 1V1,3400.00,1,44.643801,-63.57069,1,1
3718,2023-2024,2023,ICT,Halifax,1,EDP,B-Line Technologies Inc.,Halifax,B3J 1V1,4400.00,1,44.643801,-63.57069,1,1
3719,2023-2024,2023,Food & Beverage (including Seafood),Pictou,1,EDP,Blois Fish Processing Automation Limited,River John,B0K 1N0,3600.00,1,45.751225,-63.143351,1,1
3720,2023-2024,2023,Food & Beverage (including Seafood),Pictou,1,EDP,Blois Fish Processing Automation Limited,River John,B0K 1N0,3425.00,1,45.751225,-63.143351,1,1
3721,2023-2024,2023,Food & Beverage (including Seafood),Pictou,1,EDP,Blois Fish Processing Automation Limited,River John,B0K 1N0,2425.00,1,45.751225,-63.143351,1,1
3722,2023-2024,2023,Food & Beverage (including Seafood),Pictou,1,EDP,Blois Fish Processing Automation Limited,River John,B0K 1N0,2450.00,1,45.751225,-63.143351,1,1
3723,2023-2024,2023,Food & Beverage (including Seafood),Pictou,1,EDP,Blois Fish Processing Automation Limited,River John,B0K 1N0,3100.00,1,45.751225,-63.143351,1,1
3724,2023-2024,2023,Agrifood Technology,Kings,1,EDP,Blomidon Estate Winery Limited,Canning,B0P 1H0,1650.00,1,45.156617,-64.390455,1,1
3725,2023-2024,2023,Agrifood Technology,Kings,1,EDP,Blomidon Estate Winery Limited,Canning,B0P 1H0,1100.00,1,45.156617,-64.390455,1,1
3726,2023-2024,2023,ICT,Halifax,1,EDP,Blue Charm Adherence Inc.,Halifax,B3J 3K5,6300.00,1,44.644397,-63.572151,1,1
3727,2023-2024,2023,ICT,Halifax,1,EDP,Blue Charm Adherence Inc.,Halifax,B3J 3K5,1500.00,1,44.644397,-63.572151,1,1
3728,2023-2024,2023,ICT,Halifax,1,EDP,Blue Charm Adherence Inc.,Halifax,B3J 3K5,6000.00,1,44.644397,-63.572151,1,1
3729,2023-2024,2023,Other,Halifax,1,EDP,Blue Nile Massage & Wellness Inc.,Halifax,B3J 3M7,4800.00,1,44.642585,-63.578041,1,1
3730,2023-2024,2023,ICT,Halifax,1,EDP,Boondoc Technologies Incorporated,Halifax,B3H 0A8,4450.00,1,44.639642,-63.583069,1,1
3731,2023-2024,2023,ICT,Halifax,1,EDP,Boondoc Technologies Incorporated,Halifax,B3H 0A8,4800.00,1,44.639642,-63.583069,1,1
3732,2023-2024,2023,Defence,Halifax,1,EDP,Bluedrop Training & Simulation Inc.,Halifax,B3S 1N2,14178.00,1,44.655131,-63.669963,1,1
3733,2023-2024,2023,ICT,Halifax,1,EDP,Boondoc Technologies Incorporated,Halifax,B3H 0A8,899.50,1,44.639642,-63.583069,1,1
3734,2023-2024,2023,ICT,Halifax,1,EDP,Boondoc Technologies Incorporated,Halifax,B3H 0A8,1347.50,1,44.639642,-63.583069,1,1
3735,2023-2024,2023,ICT,Halifax,1,EDP,Boondoc Technologies Incorporated,Halifax,B3H 0A8,950.00,1,44.639642,-63.583069,1,1
3736,2023-2024,2023,ICT,Halifax,1,EDP,Boondoc Technologies Incorporated,Halifax,B3H 0A8,2400.00,1,44.639642,-63.583069,1,1
3737,2023-2024,2023,ICT,Halifax,1,EDP,Boondoc Technologies Incorporated,Halifax,B3H 0A8,3000.00,1,44.639642,-63.583069,1,1
3738,2023-2024,2023,ICT,Halifax,1,EDP,Boondoc Technologies Incorporated,Halifax,B3H 0A8,1100.00,1,44.639642,-63.583069,1,1
3739,2023-2024,2023,ICT,Halifax,1,EDP,Boondoc Technologies Incorporated,Halifax,B3H 0A8,762.50,1,44.639642,-63.583069,1,1
3740,2023-2024,2023,Other,Halifax,1,EDP,Bordeleau CPA Inc.,Dartmouth,B2Y 4J2,1700.00,1,44.679428,-63.552456,1,1
3741,2023-2024,2023,Agrifood Technology,Pictou,1,EDP,Bramble Hill Farm Inc.,Greenhill,B0K 2A0,4844.00,1,45.567627,-62.803007,1,1
3742,2023-2024,2023,Agrifood Technology,Pictou,1,EDP,Bramble Hill Farm Inc.,Greenhill,B0K 2A0,1200.00,1,45.567627,-62.803007,1,1
3743,2023-2024,2023,Agrifood Technology,Pictou,1,EDP,Bramble Hill Farm Inc.,Greenhill,B0K 2A0,2700.00,1,45.567627,-62.803007,1,1
3744,2023-2024,2023,Agrifood Technology,Pictou,1,EDP,Bramble Hill Farm Inc.,Greenhill,B0K 2A0,1610.75,1,45.567627,-62.803007,1,1
3745,2023-2024,2023,Other,Halifax,1,EDP,Brendaniel Productions Corp.,Halifax,B3N 2H9,1500.00,1,44.649424,-63.643331,1,1
3746,2023-2024,2023,Other,Halifax,1,EDP,Brendaniel Productions Corp.,Halifax,B3N 2H9,1500.00,1,44.649424,-63.643331,1,1
3747,2023-2024,2023,Agrifood Technology,Pictou,1,EDP,Bramble Hill Farm Inc.,Greenhill,B0K 2A0,2600.00,1,45.567627,-62.803007,1,1
3748,2023-2024,2023,Other,Halifax,1,EDP,Brendaniel Productions Corp.,Halifax,B3N 2H9,1500.00,1,44.649424,-63.643331,1,1
3749,2023-2024,2023,ICT,Cape Breton,1,EDP,Breton Smartek Inc.,Sydney,B1P 3S6,1037.50,1,46.135925,-60.170498,1,1
3750,2023-2024,2023,ICT,Cape Breton,1,EDP,Breton Smartek Inc.,Sydney,B1P 3S6,1575.00,1,46.135925,-60.170498,1,1
3751,2023-2024,2023,Other,Cape Breton,1,EDP,Breton Air Inc.,Reserve Mines,B1E 1A0,3122.50,1,46.167289,-60.047122,1,1
3752,2023-2024,2023,ICT,Cape Breton,1,EDP,Breton Smartek Inc.,Sydney,B1P 3S6,600.00,1,46.135925,-60.170498,1,1
3753,2023-2024,2023,Other,Halifax,1,EDP,Bright Line CPA Inc.,Halifax,B3K 2T3,3490.00,1,44.670322,-63.611089,1,1
3754,2023-2024,2023,Agrifood Technology,Cumberland,1,EDP,Cape d'Or Sustainable Seafoods Inc.,Wentworth,B0M 1Z0,4232.00,1,45.637108,-63.666115,1,1
3755,2023-2024,2023,Food & Beverage (including Seafood),Shelburne,1,EDP,Canadian Red Crab Co. Ltd.,Port Latour,B0W 1E0,3900.00,1,43.506294,-65.469276,1,1
3756,2023-2024,2023,Agrifood Technology,Cumberland,1,EDP,Cape d'Or Sustainable Seafoods Inc.,Wentworth,B0M 1Z0,4337.50,1,45.637108,-63.666115,1,1
3757,2023-2024,2023,Agrifood Technology,Cumberland,1,EDP,Cape d'Or Sustainable Seafoods Inc.,Wentworth,B0M 1Z0,1875.68,1,45.637108,-63.666115,1,1
3758,2023-2024,2023,Food & Beverage (including Seafood),Halifax,1,EDP,Capital Seafood International Incorporated,Eastern Passage,B3G 1M5,3000.00,1,44.610526,-63.495681,1,1
3759,2023-2024,2023,Food & Beverage (including Seafood),Halifax,1,EDP,Capital Seafood International Incorporated,Eastern Passage,B3G 1M5,4300.00,1,44.610526,-63.495681,1,1
3760,2023-2024,2023,Food & Beverage (including Seafood),Halifax,1,EDP,Capital Seafood International Incorporated,Eastern Passage,B3G 1M5,3300.00,1,44.610526,-63.495681,1,1
3761,2023-2024,2023,Food & Beverage (including Seafood),Halifax,1,EDP,Capital Seafood International Incorporated,Eastern Passage,B3G 1M5,5900.00,1,44.610526,-63.495681,1,1
3762,2023-2024,2023,Other,Halifax,1,EDP,Career Story Project Inc.,Halifax,B3M 1Z8,2050.00,1,44.679882,-63.661626,1,1
3763,2023-2024,2023,Other,Halifax,1,EDP,Career Story Project Inc.,Halifax,B3M 1Z8,1097.50,1,44.679882,-63.661626,1,1
3764,2023-2024,2023,Food & Beverage (including Seafood),Queens,1,EDP,Captain Little Seafood Ltd.,Port Mouton,B0T 1T0,15000.00,1,43.913648,-64.836461,1,1
3765,2023-2024,2023,ICT,Halifax,1,EDP,Cartoon Conrad Productions Incorporated,Beaverbank,B4G 1C5,4987.68,1,44.844824,-63.682673,1,1
3766,2023-2024,2023,ICT,Halifax,1,EDP,Cartoon Conrad Productions Incorporated,Beaverbank,B4G 1C5,4550.00,1,44.844824,-63.682673,1,1
3767,2023-2024,2023,ICT,Halifax,1,EDP,Cartoon Conrad Productions Incorporated,Beaverbank,B4G 1C5,3900.00,1,44.844824,-63.682673,1,1
3768,2023-2024,2023,Advanced Manufacturing,Cumberland,1,EDP,Casey Concrete Limited,Amherst,B4H 2R7,2722.28,1,45.819084,-64.210401,1,1
3769,2023-2024,2023,Other,Halifax,1,EDP,CBCL Limited,Halifax,B3J 2R7,2925.00,1,44.644397,-63.572151,1,1
3770,2023-2024,2023,Life Sciences,Halifax,1,EDP,Cellcarta Logistics ULC,Dartmouth,B3B 1S8,2725.00,1,44.700584,-63.586959,1,1
3771,2023-2024,2023,Life Sciences,Halifax,1,EDP,Cellcarta Logistics ULC,Dartmouth,B3B 1S8,5050.00,1,44.700584,-63.586959,1,1
3772,2023-2024,2023,Life Sciences,Halifax,1,EDP,Cellcarta Logistics ULC,Dartmouth,B3B 1S8,2147.50,1,44.700584,-63.586959,1,1
3773,2023-2024,2023,Life Sciences,Halifax,1,EDP,Cellcarta Logistics ULC,Dartmouth,B3B 1S8,3500.00,1,44.700584,-63.586959,1,1
3774,2023-2024,2023,Oceans Technology,Halifax,1,EDP,Cellula Robotics Ltd.,Halifax,B3H 4P8,3100.00,1,44.640792,-63.566148,1,1
3775,2023-2024,2023,Life Sciences,Halifax,1,EDP,Cellcarta Logistics ULC,Dartmouth,B3B 1S8,2850.87,1,44.700584,-63.586959,1,1
3776,2023-2024,2023,Oceans Technology,Halifax,1,EDP,Cellula Robotics Ltd.,Halifax,B3H 4P8,1315.00,1,44.640792,-63.566148,1,1
3777,2023-2024,2023,Oceans Technology,Halifax,1,EDP,Cellula Robotics Ltd.,Halifax,B3H 4P8,6000.00,1,44.640792,-63.566148,1,1
3778,2023-2024,2023,Oceans Technology,Halifax,1,EDP,Cellula Robotics Ltd.,Halifax,B3H 4P8,1550.00,1,44.640792,-63.566148,1,1
3779,2023-2024,2023,Other,Halifax,1,EDP,"Change Is Nature, Household Goods",Halifax,B3M 0J9,4400.01,1,44.66444,-63.635838,1,1
3780,2023-2024,2023,ICT,Halifax,1,EDP,Charcoal Marketing Incorporated,Halifax,B3L 1A4,3200.00,1,44.645621,-63.597036,1,1
3781,2023-2024,2023,Food & Beverage (including Seafood),Cumberland,1,EDP,Chase's Lobster Pound Limited,Pugwash,B0K 1L0,2275.00,1,45.847828,-63.66737,1,1
3782,2023-2024,2023,Food & Beverage (including Seafood),Cumberland,1,EDP,Chase's Lobster Pound Limited,Pugwash,B0K 1L0,2850.00,1,45.847828,-63.66737,1,1
3783,2023-2024,2023,Other,Halifax,1,EDP,Champion Foundational Change Agency - Corporate Wellness Consulting,Dartmouth,B2X 2E5,1850.00,1,44.709358,-63.548712,1,1
3784,2023-2024,2023,Food & Beverage (including Seafood),Lunenburg,1,EDP,Chester Basin Seafoods Group Inc.,Bridgewater,B4V 2S7,3925.00,1,44.384201,-64.516499,1,1
3785,2023-2024,2023,Food & Beverage (including Seafood),Lunenburg,1,EDP,Chester Basin Seafoods Group Inc.,Bridgewater,B4V 2S7,4300.00,1,44.384201,-64.516499,1,1
3786,2023-2024,2023,Food & Beverage (including Seafood),Lunenburg,1,EDP,Chester Basin Seafoods Group Inc.,Bridgewater,B4V 2S7,1750.00,1,44.384201,-64.516499,1,1
3787,2023-2024,2023,Food & Beverage (including Seafood),Lunenburg,1,EDP,Chester Basin Seafoods Group Inc.,Bridgewater,B4V 2S7,2200.00,1,44.384201,-64.516499,1,1
3788,2023-2024,2023,Food & Beverage (including Seafood),Lunenburg,1,EDP,Chester Basin Seafoods Group Inc.,Bridgewater,B4V 2S7,2825.00,1,44.384201,-64.516499,1,1
3789,2023-2024,2023,Food & Beverage (including Seafood),Lunenburg,1,EDP,Chester Basin Seafoods Group Inc.,Bridgewater,B4V 2S7,2150.00,1,44.384201,-64.516499,1,1
3790,2023-2024,2023,Food & Beverage (including Seafood),Shelburne,1,EDP,Clark's Harbour Seafood Limited,Clark's Harbour,B0W 1P0,8840.00,1,43.445669,-65.635878,1,1
3791,2023-2024,2023,Food & Beverage (including Seafood),Shelburne,1,EDP,Clark's Harbour Seafood Limited,Clark's Harbour,B0W 1P0,6160.00,1,43.445669,-65.635878,1,1
3792,2023-2024,2023,Clean Technology,Halifax,1,EDP,Clean Valley Bio-Filtration Technologies CIC,Dartmouth,B2Y 1N8,2700.00,1,44.680985,-63.545768,1,1
3793,2023-2024,2023,Clean Technology,Halifax,1,EDP,Clean Valley Bio-Filtration Technologies CIC,Dartmouth,B2Y 1N8,2150.00,1,44.680985,-63.545768,1,1
3794,2023-2024,2023,Food & Beverage (including Seafood),Shelburne,1,EDP,Clark's Harbour Seafood Limited,Clark's Harbour,B0W 1P0,11439.75,1,43.445669,-65.635878,1,1
3795,2023-2024,2023,Agrifood Technology,Halifax,1,EDP,Clever Barkeep Cocktails Inc.,Dartmouth,B2Y 1K3,1400.00,1,44.669254,-63.556511,1,1
3796,2023-2024,2023,Life Sciences,Halifax,1,EDP,Comforting Companions Care Providers Inc.,Wellington,B2T 0B6,1475.00,1,44.863198,-63.606407,1,1
3797,2023-2024,2023,ICT,Halifax,1,EDP,Common Good Solutions CIC,Halifax,B3K 1C5,4406.00,1,44.652812,-63.586563,1,1
3798,2023-2024,2023,Other,Inverness,1,EDP,COLINDALE BUSINESS SOLUTIONS,Port Hood,B0E 2W0,1500.00,1,46.034119,-61.536016,1,1
3799,2023-2024,2023,ICT,Halifax,1,EDP,Common Good Solutions CIC,Halifax,B3K 1C5,5269.10,1,44.652812,-63.586563,1,1
3800,2023-2024,2023,ICT,Halifax,1,EDP,Copernicus Studios Inc.,Halifax,B3J 3P1,4300.00,1,44.641925,-63.571187,1,1
3801,2023-2024,2023,ICT,Halifax,1,EDP,Copernicus Studios Inc.,Halifax,B3J 3P1,3900.00,1,44.641925,-63.571187,1,1
3802,2023-2024,2023,ICT,Halifax,1,EDP,Copernicus Studios Inc.,Halifax,B3J 3P1,3300.00,1,44.641925,-63.571187,1,1
3803,2023-2024,2023,ICT,Halifax,1,EDP,Copernicus Studios Inc.,Halifax,B3J 3P1,3500.00,1,44.641925,-63.571187,1,1
3804,2023-2024,2023,Agrifood Technology,Halifax,1,EDP,Cove Kombucha Inc.,Halifax,B3J 1Z4,4225.00,1,44.644876,-63.572705,1,1
3805,2023-2024,2023,Agrifood Technology,Halifax,1,EDP,Cove Kombucha Inc.,Halifax,B3J 1Z4,2550.00,1,44.644876,-63.572705,1,1
3806,2023-2024,2023,Agrifood Technology,Halifax,1,EDP,Cove Kombucha Inc.,Halifax,B3J 1Z4,1800.00,1,44.644876,-63.572705,1,1
3807,2023-2024,2023,Agrifood Technology,Halifax,1,EDP,Cove Kombucha Inc.,Halifax,B3J 1Z4,2650.00,1,44.644876,-63.572705,1,1
3808,2023-2024,2023,Other,Halifax,1,EDP,Culture Link CIC,Halifax,B3J 3N8,3283.79,1,44.648457,-63.575942,1,1
3809,2023-2024,2023,Agrifood Technology,Halifax,1,EDP,Cove Kombucha Inc.,Halifax,B3J 1Z4,1800.00,1,44.644876,-63.572705,1,1
3810,2023-2024,2023,Agrifood Technology,Halifax,1,EDP,Cove Kombucha Inc.,Halifax,B3J 1Z4,1800.00,1,44.644876,-63.572705,1,1
3811,2023-2024,2023,Advanced Manufacturing,Colchester,1,EDP,Cripps & Sons Woodworking Inc.,Waughs River,B0K 1V0,1835.00,1,45.692991,-63.241435,1,1
3812,2023-2024,2023,Other,Halifax,1,EDP,Culture Link CIC,Halifax,B3J 3N8,1300.00,1,44.648457,-63.575942,1,1
3813,2023-2024,2023,Other,Halifax,1,EDP,Culture Link CIC,Halifax,B3J 3N8,1033.79,1,44.648457,-63.575942,1,1
3814,2023-2024,2023,Other,Halifax,1,EDP,Curious Indexing Services and Consulting,Dartmouth,B3A 2K9,2137.50,1,44.689735,-63.581381,1,1
3815,2023-2024,2023,Other,Halifax,1,EDP,Danielle Hartley Indigenous Relations Inc.,Dartmouth,B2Y 4P5,3835.00,1,44.666288,-63.569189,1,1
3816,2023-2024,2023,Other,Halifax,1,EDP,Danielle Hartley Indigenous Relations Inc.,Dartmouth,B2Y 4P5,3090.00,1,44.666288,-63.569189,1,1
3817,2023-2024,2023,Other,Halifax,1,EDP,Danielle Hartley Indigenous Relations Inc.,Dartmouth,B2Y 4P5,3000.00,1,44.666288,-63.569189,1,1
3818,2023-2024,2023,Other,Halifax,1,EDP,D. R. Brenton Limited,Beechville,B3T 1L7,2150.00,1,44.638754,-63.689624,1,1
3819,2023-2024,2023,Other,Halifax,1,EDP,Danielle Hartley Indigenous Relations Inc.,Dartmouth,B2Y 4P5,3899.50,1,44.666288,-63.569189,1,1
3820,2023-2024,2023,Oceans Technology,Halifax,1,EDP,Dartmouth Ocean Technologies Inc.,Dartmouth,B2Y 4T5,2150.00,1,44.66215,-63.556749,1,1
3821,2023-2024,2023,Oceans Technology,Halifax,1,EDP,Dartmouth Ocean Technologies Inc.,Dartmouth,B2Y 4T5,2150.00,1,44.66215,-63.556749,1,1
3822,2023-2024,2023,Oceans Technology,Halifax,1,EDP,Dartmouth Ocean Technologies Inc.,Dartmouth,B2Y 4T5,1700.00,1,44.66215,-63.556749,1,1
3823,2023-2024,2023,Oceans Technology,Halifax,1,EDP,Dartmouth Ocean Technologies Inc.,Dartmouth,B2Y 4T5,3300.00,1,44.66215,-63.556749,1,1
3824,2023-2024,2023,Oceans Technology,Halifax,1,EDP,Dartmouth Ocean Technologies Inc.,Dartmouth,B2Y 4T5,2400.00,1,44.66215,-63.556749,1,1
3825,2023-2024,2023,Oceans Technology,Halifax,1,EDP,Dartmouth Ocean Technologies Inc.,Dartmouth,B2Y 4T5,2900.00,1,44.66215,-63.556749,1,1
3826,2023-2024,2023,Oceans Technology,Halifax,1,EDP,Dartmouth Ocean Technologies Inc.,Dartmouth,B2Y 4T5,3000.00,1,44.66215,-63.556749,1,1
3827,2023-2024,2023,Oceans Technology,Halifax,1,EDP,Dasco Equipment Inc.,Dartmouth,B3B 1R6,4300.00,1,44.70898,-63.592298,1,1
3828,2023-2024,2023,Oceans Technology,Halifax,1,EDP,Dasco Equipment Inc.,Dartmouth,B3B 1R6,4300.00,1,44.70898,-63.592298,1,1
3829,2023-2024,2023,Oceans Technology,Halifax,1,EDP,Dartmouth Ocean Technologies Inc.,Dartmouth,B2Y 4T5,2000.00,1,44.66215,-63.556749,1,1
3830,2023-2024,2023,Oceans Technology,Halifax,1,EDP,Dartmouth Ocean Technologies Inc.,Dartmouth,B2Y 4T5,2000.00,1,44.66215,-63.556749,1,1
3831,2023-2024,2023,Other,Halifax,1,EDP,Dashboard Marketing Inc.,Halifax,B3L 1C1,1100.00,1,44.642747,-63.607182,1,1
3832,2023-2024,2023,Other,Halifax,1,EDP,Dashboard Marketing Inc.,Halifax,B3L 1C1,1100.00,1,44.642747,-63.607182,1,1
3833,2023-2024,2023,Other,Halifax,1,EDP,Dashboard Marketing Inc.,Halifax,B3L 1C1,900.00,1,44.642747,-63.607182,1,1
3834,2023-2024,2023,Other,Halifax,1,EDP,Dashboard Marketing Inc.,Halifax,B3L 1C1,700.00,1,44.642747,-63.607182,1,1
3835,2023-2024,2023,Other,Halifax,1,EDP,Dashboard Marketing Inc.,Halifax,B3L 1C1,1500.00,1,44.642747,-63.607182,1,1
3836,2023-2024,2023,Other,Halifax,1,EDP,Denny's Atlantic Detailing Products Ltd.,Waverley,B2R 1W7,3445.00,1,44.752544,-63.569317,1,1
3837,2023-2024,2023,Other,Halifax,1,EDP,Denny's Atlantic Detailing Products Ltd.,Waverley,B2R 1W7,2400.00,1,44.752544,-63.569317,1,1
3838,2023-2024,2023,Other,Halifax,1,EDP,Davis Pierrynowski Limited,Halifax,B3J 1R9,1637.50,1,44.644258,-63.570065,1,1
3839,2023-2024,2023,Other,Halifax,1,EDP,Denny's Atlantic Detailing Products Ltd.,Waverley,B2R 1W7,1800.00,1,44.752544,-63.569317,1,1
3840,2023-2024,2023,Other,Halifax,1,EDP,Denny's Atlantic Detailing Products Ltd.,Waverley,B2R 1W7,1450.00,1,44.752544,-63.569317,1,1
3841,2023-2024,2023,Other,Halifax,1,EDP,Denny's Atlantic Detailing Products Ltd.,Waverley,B2R 1W7,1550.00,1,44.752544,-63.569317,1,1
3842,2023-2024,2023,Other,Halifax,1,EDP,Denny's Atlantic Detailing Products Ltd.,Waverley,B2R 1W7,3300.00,1,44.752544,-63.569317,1,1
3843,2023-2024,2023,Other,Halifax,1,EDP,Denny's Atlantic Detailing Products Ltd.,Waverley,B2R 1W7,1800.00,1,44.752544,-63.569317,1,1
3844,2023-2024,2023,Other,Halifax,1,EDP,Denny's Atlantic Detailing Products Ltd.,Waverley,B2R 1W7,1424.50,1,44.752544,-63.569317,1,1
3845,2023-2024,2023,Life Sciences,Halifax,1,EDP,Densitas Incorporated,Halifax,B3H 0A8,8762.00,1,44.639642,-63.583069,1,1
3846,2023-2024,2023,Life Sciences,Halifax,1,EDP,Densitas Incorporated,Halifax,B3H 0A8,6268.10,1,44.639642,-63.583069,1,1
3847,2023-2024,2023,Life Sciences,Halifax,1,EDP,Detectica Inc.,Bedford,B4A 0G5,4800.00,1,44.704346,-63.682106,1,1
3848,2023-2024,2023,Life Sciences,Halifax,1,EDP,Detectica Inc.,Bedford,B4A 0G5,3800.00,1,44.704346,-63.682106,1,1
3849,2023-2024,2023,Life Sciences,Halifax,1,EDP,Detectica Inc.,Bedford,B4A 0G5,4800.00,1,44.704346,-63.682106,1,1
3850,2023-2024,2023,Life Sciences,Halifax,1,EDP,Detectica Inc.,Bedford,B4A 0G5,1600.00,1,44.704346,-63.682106,1,1
3851,2023-2024,2023,Life Sciences,Halifax,1,EDP,Detectica Inc.,Bedford,B4A 0G5,2150.00,1,44.704346,-63.682106,1,1
3852,2023-2024,2023,Life Sciences,Halifax,1,EDP,Detectica Inc.,Bedford,B4A 0G5,1650.00,1,44.704346,-63.682106,1,1
3853,2023-2024,2023,Other,Halifax,1,EDP,Divetech Ltd.,Hatchet Lake,B3T 1P6,2022.50,1,44.597006,-63.703382,1,1
3854,2023-2024,2023,Advanced Manufacturing,Colchester,1,EDP,Ditch Doctor Atlantic Limited,Glenholme,B0M 1G0,3800.00,1,45.42484,-63.534563,1,1
3855,2023-2024,2023,Advanced Manufacturing,Antigonish,1,EDP,Dockport Ltd.,Harbour Centre,B2G 2L2,3225.00,1,45.672978,-61.89459,1,1
3856,2023-2024,2023,Advanced Manufacturing,Antigonish,1,EDP,Dockport Ltd.,Harbour Centre,B2G 2L2,3000.00,1,45.672978,-61.89459,1,1
3857,2023-2024,2023,Advanced Manufacturing,Antigonish,1,EDP,Dockport Ltd.,Harbour Centre,B2G 2L2,773.00,1,45.672978,-61.89459,1,1
3858,2023-2024,2023,Advanced Manufacturing,Antigonish,1,EDP,Dockport Ltd.,Harbour Centre,B2G 2L2,2825.00,1,45.672978,-61.89459,1,1
3859,2023-2024,2023,Oceans Technology,Halifax,1,EDP,Dominon Diving Limited,Dartmouth,B2Y 2W1,2200.00,1,44.665646,-63.563486,1,1
3860,2023-2024,2023,Advanced Manufacturing,Antigonish,1,EDP,Dockport Ltd.,Harbour Centre,B2G 2L2,3025.00,1,45.672978,-61.89459,1,1
3861,2023-2024,2023,Oceans Technology,Halifax,1,EDP,Dominon Diving Limited,Dartmouth,B2Y 2W1,1675.00,1,44.665646,-63.563486,1,1
3862,2023-2024,2023,Advanced Manufacturing,Antigonish,1,EDP,Dockport Ltd.,Harbour Centre,B2G 2L2,3800.00,1,45.672978,-61.89459,1,1
3863,2023-2024,2023,Advanced Manufacturing,Halifax,1,EDP,Dormie Golf Workshop Inc.,Halifax,B3K 5A5,15000.00,1,44.664684,-63.619548,1,1
3864,2023-2024,2023,Clean Technology,Halifax,1,EDP,Drinkable Water Solutions Inc.,Dartmouth,B2W 4X7,5250.00,1,44.693541,-63.493384,1,1
3865,2023-2024,2023,Clean Technology,Halifax,1,EDP,Drinkable Water Solutions Inc.,Dartmouth,B2W 4X7,3500.00,1,44.693541,-63.493384,1,1
3866,2023-2024,2023,Clean Technology,Halifax,1,EDP,Drinkable Water Solutions Inc.,Dartmouth,B2W 4X7,3900.00,1,44.693541,-63.493384,1,1
3867,2023-2024,2023,ICT,Halifax,1,EDP,Dugo Systems Inc.,Halifax,B3J 3K5,4000.00,1,44.648457,-63.575942,1,1
3868,2023-2024,2023,ICT,Halifax,1,EDP,Dugo Systems Inc.,Halifax,B3J 3K5,1800.00,1,44.648457,-63.575942,1,1
3869,2023-2024,2023,ICT,Halifax,1,EDP,Dugo Systems Inc.,Halifax,B3J 3K5,3900.00,1,44.648457,-63.575942,1,1
3870,2023-2024,2023,ICT,Halifax,1,EDP,Dugo Systems Inc.,Halifax,B3J 3K5,3200.00,1,44.648457,-63.575942,1,1
3871,2023-2024,2023,ICT,Halifax,1,EDP,Dugo Systems Inc.,Halifax,B3J 3K5,1000.00,1,44.648457,-63.575942,1,1
3872,2023-2024,2023,ICT,Halifax,1,EDP,Dugo Systems Inc.,Halifax,B3J 3K5,1100.00,1,44.648457,-63.575942,1,1
3873,2023-2024,2023,Financial Services,Halifax,1,EDP,East Bay Tech Lab Inc.,Dartmouth,B3B 1H7,1300.00,1,44.700841,-63.606215,1,1
3874,2023-2024,2023,Other,Halifax,1,EDP,EcoAdvisors Incorporated,Halifax,B3H 3K6,2000.00,1,44.643714,-63.591208,1,1
3875,2023-2024,2023,Other,Halifax,1,EDP,EcoAdvisors Incorporated,Halifax,B3H 3K6,2400.00,1,44.643714,-63.591208,1,1
3876,2023-2024,2023,Other,Halifax,1,EDP,EcoAdvisors Incorporated,Halifax,B3H 3K6,1950.00,1,44.643714,-63.591208,1,1
3877,2023-2024,2023,Other,Halifax,1,EDP,EcoAdvisors Incorporated,Halifax,B3H 3K6,2700.00,1,44.643714,-63.591208,1,1
3878,2023-2024,2023,Other,Halifax,1,EDP,EcoAdvisors Incorporated,Halifax,B3H 3K6,2565.00,1,44.643714,-63.591208,1,1
3879,2023-2024,2023,Other,Halifax,1,EDP,EcoAdvisors Incorporated,Halifax,B3H 3K6,1100.00,1,44.643714,-63.591208,1,1
3880,2023-2024,2023,Other,Halifax,1,EDP,EcoAdvisors Incorporated,Halifax,B3H 3K6,500.00,1,44.643714,-63.591208,1,1
3881,2023-2024,2023,Other,Halifax,1,EDP,EcoAdvisors Incorporated,Halifax,B3H 3K6,1435.00,1,44.643714,-63.591208,1,1
3882,2023-2024,2023,Other,Halifax,1,EDP,EcoAdvisors Incorporated,Halifax,B3H 3K6,3307.50,1,44.643714,-63.591208,1,1
3883,2023-2024,2023,ICT,Pictou,1,EDP,Edasi Learning Limited,Pictou,B0K 1H0,2855.00,1,45.713929,-62.649607,1,1
3884,2023-2024,2023,Other,Halifax,1,EDP,Elemental Concepts Limited,Stillwater Lake,B3Z 1G5,2750.00,1,44.703174,-63.840271,1,1
3885,2023-2024,2023,Other,Halifax,1,EDP,Eduhaus Inc.,Halifax,B3H 0B2,1900.00,1,44.636851,-63.572724,1,1
3886,2023-2024,2023,ICT,Halifax,1,EDP,Eli Technology Inc.,Halifax,B3M 2L4,5400.00,1,44.682904,-63.661551,1,1
3887,2023-2024,2023,ICT,Halifax,1,EDP,Eli Technology Inc.,Halifax,B3M 2L4,5800.00,1,44.682904,-63.661551,1,1
3888,2023-2024,2023,ICT,Halifax,1,EDP,Eli Technology Inc.,Halifax,B3M 2L4,3800.00,1,44.682904,-63.661551,1,1
3889,2023-2024,2023,ICT,Halifax,1,EDP,Eli Technology Inc.,Halifax,B3M 2L4,2150.00,1,44.682904,-63.661551,1,1
3890,2023-2024,2023,ICT,Halifax,1,EDP,Eli Technology Inc.,Halifax,B3M 2L4,2900.00,1,44.682904,-63.661551,1,1
3891,2023-2024,2023,ICT,Halifax,1,EDP,Eli Technology Inc.,Halifax,B3M 2L4,1856.66,1,44.682904,-63.661551,1,1
3892,2023-2024,2023,ICT,Halifax,1,EDP,Eli Technology Inc.,Halifax,B3M 2L4,706.66,1,44.682904,-63.661551,1,1
3893,2023-2024,2023,ICT,Halifax,1,EDP,Eli Technology Inc.,Halifax,B3M 2L4,2150.00,1,44.682904,-63.661551,1,1
3894,2023-2024,2023,ICT,Halifax,1,EDP,Eli Technology Inc.,Halifax,B3M 2L4,3800.00,1,44.682904,-63.661551,1,1
3895,2023-2024,2023,ICT,Halifax,1,EDP,Eli Technology Inc.,Halifax,B3M 2L4,1900.00,1,44.682904,-63.661551,1,1
3896,2023-2024,2023,ICT,Halifax,1,EDP,Eli Technology Inc.,Halifax,B3M 2L4,1500.00,1,44.682904,-63.661551,1,1
3897,2023-2024,2023,ICT,Hants,1,EDP,En Point Inc.,Enfield,B2T 1A0,2200.00,1,44.956614,-63.532694,1,1
3898,2023-2024,2023,ICT,Hants,1,EDP,En Point Inc.,Enfield,B2T 1A0,3457.50,1,44.956614,-63.532694,1,1
3899,2023-2024,2023,Other,Halifax,1,EDP,Enginuity Inc.,Halifax,B3P 1M1,4275.00,1,44.618315,-63.614481,1,1
3900,2023-2024,2023,Other,Halifax,1,EDP,Enginuity Inc.,Halifax,B3P 1M1,3900.00,1,44.618315,-63.614481,1,1
3901,2023-2024,2023,Other,Halifax,1,EDP,Enginuity Inc.,Halifax,B3P 1M1,1450.00,1,44.618315,-63.614481,1,1
3902,2023-2024,2023,Other,Halifax,1,EDP,Enginuity Inc.,Halifax,B3P 1M1,1500.00,1,44.618315,-63.614481,1,1
3903,2023-2024,2023,Other,Halifax,1,EDP,Enginuity Inc.,Halifax,B3P 1M1,1437.50,1,44.618315,-63.614481,1,1
3904,2023-2024,2023,Other,Halifax,1,EDP,Enginuity Inc.,Halifax,B3P 1M1,1350.00,1,44.618315,-63.614481,1,1
3905,2023-2024,2023,Other,Halifax,1,EDP,Enginuity Inc.,Halifax,B3P 1M1,1400.00,1,44.618315,-63.614481,1,1
3906,2023-2024,2023,Other,Halifax,1,EDP,Enginuity Inc.,Halifax,B3P 1M1,2240.00,1,44.618315,-63.614481,1,1
3907,2023-2024,2023,Other,Halifax,1,EDP,Eosense Inc.,Dartmouth,B3B 1S1,2343.60,1,44.699788,-63.593981,1,1
3908,2023-2024,2023,Other,Halifax,1,EDP,Eosense Inc.,Dartmouth,B3B 1S1,1750.00,1,44.699788,-63.593981,1,1
3909,2023-2024,2023,Other,Halifax,1,EDP,Erin Trafford Incorporated,Eastern Passage,B3G 1E9,3380.00,1,44.606955,-63.482892,1,1
3910,2023-2024,2023,Other,Halifax,1,EDP,Eosense Inc.,Dartmouth,B3B 1S1,2150.00,1,44.699788,-63.593981,1,1
3911,2023-2024,2023,Other,Halifax,1,EDP,ESG Partners Inc.,Halifax,B3S 0G4,3800.00,1,44.640139,-63.677111,1,1
3912,2023-2024,2023,Other,Halifax,1,EDP,Erin Trafford Incorporated,Eastern Passage,B3G 1E9,3000.00,1,44.606955,-63.482892,1,1
3913,2023-2024,2023,Other,Halifax,1,EDP,Erin Trafford Incorporated,Eastern Passage,B3G 1E9,2899.00,1,44.606955,-63.482892,1,1
3914,2023-2024,2023,Other,Halifax,1,EDP,Erin Trafford Incorporated,Eastern Passage,B3G 1E9,4050.00,1,44.606955,-63.482892,1,1
3915,2023-2024,2023,Other,Halifax,1,EDP,ESG Partners Inc.,Halifax,B3S 0G4,1900.00,1,44.640139,-63.677111,1,1
3916,2023-2024,2023,Other,Halifax,1,EDP,ESG Partners Inc.,Halifax,B3S 0G4,1900.00,1,44.640139,-63.677111,1,1
3917,2023-2024,2023,Other,Halifax,1,EDP,ESG Partners Inc.,Halifax,B3S 0G4,1900.00,1,44.640139,-63.677111,1,1
3918,2023-2024,2023,Other,Halifax,1,EDP,ESG Partners Inc.,Halifax,B3S 0G4,2400.00,1,44.640139,-63.677111,1,1
3919,2023-2024,2023,Other,Halifax,1,EDP,ESG Partners Inc.,Halifax,B3S 0G4,2900.00,1,44.640139,-63.677111,1,1
3920,2023-2024,2023,Other,Halifax,1,EDP,ESG Partners Inc.,Halifax,B3S 0G4,700.00,1,44.640139,-63.677111,1,1
3921,2023-2024,2023,Other,Halifax,1,EDP,ESG Partners Inc.,Halifax,B3S 0G4,700.00,1,44.640139,-63.677111,1,1
3922,2023-2024,2023,ICT,Halifax,1,EDP,Essential Recruit Incorporated,Halifax,B3K 5V4,2308.28,1,44.664543,-63.614296,1,1
3923,2023-2024,2023,Food & Beverage (including Seafood),Halifax,1,EDP,Everich Imp.& Exp.Inc.,Halifax,B3L 1C4,1655.75,1,44.641077,-63.61062,1,1
3924,2023-2024,2023,Food & Beverage (including Seafood),Halifax,1,EDP,Everich Imp.& Exp.Inc.,Halifax,B3L 1C4,1889.56,1,44.641077,-63.61062,1,1
3925,2023-2024,2023,Food & Beverage (including Seafood),Halifax,1,EDP,Everich Imp.& Exp.Inc.,Halifax,B3L 1C4,2300.00,1,44.641077,-63.61062,1,1
3926,2023-2024,2023,Food & Beverage (including Seafood),Halifax,1,EDP,Everich Imp.& Exp.Inc.,Halifax,B3L 1C4,1889.56,1,44.641077,-63.61062,1,1
3927,2023-2024,2023,Food & Beverage (including Seafood),Halifax,1,EDP,Everich Imp.& Exp.Inc.,Halifax,B3L 1C4,2900.00,1,44.641077,-63.61062,1,1
3928,2023-2024,2023,Other,Halifax,1,EDP,Evertide Chocolate Maker,Lower Sackville,B4C 2H5,1746.90,1,44.777529,-63.675611,1,1
3929,2023-2024,2023,Other,Halifax,1,EDP,Evertide Chocolate Maker,Lower Sackville,B4C 2H5,1922.50,1,44.777529,-63.675611,1,1
3930,2023-2024,2023,Advanced Manufacturing,Halifax,1,EDP,Eyecandy Signs Inc.,Halifax,B3K 4C7,3000.00,1,44.657092,-63.595645,1,1
3931,2023-2024,2023,Other,Hants,1,EDP,Farrell Communications Incorporated,Enfield,B2T 1H1,1975.00,1,44.950929,-63.574211,1,1
3932,2023-2024,2023,Food & Beverage (including Seafood),Halifax,1,EDP,Fathom Fish & Seafood Inc.,Halifax,B3S 1A2,2375.00,1,44.637207,-63.6707,1,1
3933,2023-2024,2023,Food & Beverage (including Seafood),Halifax,1,EDP,Fathom Fish & Seafood Inc.,Halifax,B3S 1A2,4300.00,1,44.637207,-63.6707,1,1
3934,2023-2024,2023,Food & Beverage (including Seafood),Halifax,1,EDP,Fathom Fish & Seafood Inc.,Halifax,B3S 1A2,6900.00,1,44.637207,-63.6707,1,1
3935,2023-2024,2023,Food & Beverage (including Seafood),Halifax,1,EDP,Fathom Fish & Seafood Inc.,Halifax,B3S 1A2,3800.00,1,44.637207,-63.6707,1,1
3936,2023-2024,2023,Food & Beverage (including Seafood),Halifax,1,EDP,First Catch Fisheries Co. Ltd.,Goffs,B2T 0H4,5700.00,1,44.869545,-63.535309,1,1
3937,2023-2024,2023,Food & Beverage (including Seafood),Halifax,1,EDP,First Catch Fisheries Co. Ltd.,Goffs,B2T 0H4,1700.00,1,44.869545,-63.535309,1,1
3938,2023-2024,2023,Food & Beverage (including Seafood),Halifax,1,EDP,First Catch Fisheries Co. Ltd.,Goffs,B2T 0H4,3700.00,1,44.869545,-63.535309,1,1
3939,2023-2024,2023,Food & Beverage (including Seafood),Halifax,1,EDP,First Catch Fisheries Co. Ltd.,Goffs,B2T 0H4,3800.00,1,44.869545,-63.535309,1,1
3940,2023-2024,2023,Food & Beverage (including Seafood),Halifax,1,EDP,Fisher King Seafoods Limited,Lower Sackville,B4C 4E6,1750.00,1,44.760298,-63.656924,1,1
3941,2023-2024,2023,Food & Beverage (including Seafood),Shelburne,1,EDP,Fishermen's Premium Atlantic Lobster Inc.,North East Point,B0W 2P0,2600.00,1,43.507489,-65.614823,1,1
3942,2023-2024,2023,Food & Beverage (including Seafood),Shelburne,1,EDP,Fishermen's Premium Atlantic Lobster Inc.,North East Point,B0W 2P0,2150.00,1,43.507489,-65.614823,1,1
3943,2023-2024,2023,Food & Beverage (including Seafood),Shelburne,1,EDP,Fishermen's Premium Atlantic Lobster Inc.,North East Point,B0W 2P0,4300.00,1,43.507489,-65.614823,1,1
3944,2023-2024,2023,Life Sciences,Halifax,1,EDP,FIVAmed Inc.,Halifax,B3P 1M1,1272.50,1,44.618315,-63.614481,1,1
3945,2023-2024,2023,Food & Beverage (including Seafood),Shelburne,1,EDP,Fishermen's Premium Atlantic Lobster Inc.,North East Point,B0W 2P0,2200.00,1,43.507489,-65.614823,1,1
3946,2023-2024,2023,Other,Halifax,1,EDP,Fit First Technologies International Inc.,Dartmouth,B3B 0A1,9601.98,1,44.710371,-63.584948,1,1
3947,2023-2024,2023,Other,Halifax,1,EDP,Fit First Technologies International Inc.,Dartmouth,B3B 0A1,2437.10,1,44.710371,-63.584948,1,1
3948,2023-2024,2023,Life Sciences,Halifax,1,EDP,FIVAmed Inc.,Halifax,B3P 1M1,1900.00,1,44.618315,-63.614481,1,1
3949,2023-2024,2023,ICT,Halifax,1,EDP,Flolab Data Services Inc.,Bedford,B4B 0Z8,3500.00,1,44.70236,-63.711443,1,1
3950,2023-2024,2023,ICT,Halifax,1,EDP,Flolab Data Services Inc.,Bedford,B4B 0Z8,2000.00,1,44.70236,-63.711443,1,1
3951,2023-2024,2023,ICT,Halifax,1,EDP,Flolab Data Services Inc.,Bedford,B4B 0Z8,2800.00,1,44.70236,-63.711443,1,1
3952,2023-2024,2023,Other,Halifax,1,EDP,Focal Research Consultants Limited,Halifax,B3L 2C2,3947.42,1,44.655432,-63.627361,1,1
3953,2023-2024,2023,Other,Halifax,1,EDP,Focal Research Consultants Limited,Halifax,B3L 2C2,5459.37,1,44.655432,-63.627361,1,1
3954,2023-2024,2023,Other,Halifax,1,EDP,Focal Research Consultants Limited,Halifax,B3L 2C2,2300.00,1,44.655432,-63.627361,1,1
3955,2023-2024,2023,Other,Halifax,1,EDP,Focal Research Consultants Limited,Halifax,B3L 2C2,3150.00,1,44.655432,-63.627361,1,1
3956,2023-2024,2023,Other,Halifax,1,EDP,Focal Research Consultants Limited,Halifax,B3L 2C2,4538.20,1,44.655432,-63.627361,1,1
3957,2023-2024,2023,Oceans Technology,Halifax,1,EDP,Focal Technologies Corporation,Dartmouth,B3B 1Z4,4719.60,1,44.714837,-63.581514,1,1
3958,2023-2024,2023,Oceans Technology,Halifax,1,EDP,Focal Technologies Corporation,Dartmouth,B3B 1Z4,1525.00,1,44.714837,-63.581514,1,1
3959,2023-2024,2023,Oceans Technology,Halifax,1,EDP,Focal Technologies Corporation,Dartmouth,B3B 1Z4,6881.65,1,44.714837,-63.581514,1,1
3960,2023-2024,2023,Other,Halifax,1,EDP,Foundation Marketing Services Inc.,Dartmouth,B3A 3S9,3571.54,1,44.679488,-63.565232,1,1
3961,2023-2024,2023,Other,Halifax,1,EDP,Foundation Marketing Services Inc.,Dartmouth,B3A 3S9,2274.51,1,44.679488,-63.565232,1,1
3962,2023-2024,2023,Other,Halifax,1,EDP,For You Newcomer Counselling Agency Inc.,Halifax,B3J 1P3,2900.00,1,44.649239,-63.576141,1,1
3963,2023-2024,2023,Other,Halifax,1,EDP,For You Newcomer Counselling Agency Inc.,Halifax,B3J 1P3,2900.00,1,44.649239,-63.576141,1,1
3964,2023-2024,2023,Other,Lunenburg,1,EDP,Front Porch Mercantile Ltd.,Lunenburg,B0J 2C0,1226.00,1,44.354524,-64.236602,1,1
3965,2023-2024,2023,Other,Annapolis,1,EDP,Fox Mountain Woods,Perotte,B0S 1A0,987.50,1,44.671143,-65.390507,1,1
3966,2023-2024,2023,Other,Halifax,1,EDP,Fumes Rolling Papers Inc.,Dartmouth,B2V 1B9,2850.00,1,44.653068,-63.484887,1,1
3967,2023-2024,2023,Other,Halifax,1,EDP,General Public & Partners Inc.,Halifax,B3S 1A2,1500.00,1,44.637207,-63.6707,1,1
3968,2023-2024,2023,Defence,Halifax,1,EDP,Galaxia Mission Systems Inc.,Halifax,B3J 1S9,1350.00,1,44.65023,-63.572787,1,1
3969,2023-2024,2023,Defence,Halifax,1,EDP,Galaxia Mission Systems Inc.,Halifax,B3J 1S9,1736.50,1,44.65023,-63.572787,1,1
3970,2023-2024,2023,Oceans Technology,Halifax,1,EDP,GeoSpectrum Technologies Incorporated,Dartmouth,B3B 1J4,2050.00,1,44.704646,-63.609855,1,1
3971,2023-2024,2023,Agrifood Technology,Halifax,1,EDP,Giffin Technologies Inc.,Halifax,B3N 1X9,3650.00,1,44.645248,-63.630079,1,1
3972,2023-2024,2023,Agrifood Technology,Halifax,1,EDP,Giffin Technologies Inc.,Halifax,B3N 1X9,1700.00,1,44.645248,-63.630079,1,1
3973,2023-2024,2023,Oceans Technology,Halifax,1,EDP,Glas Ocean Electric Inc.,Halifax,B3P 2H3,2450.00,1,44.614601,-63.578345,1,1
3974,2023-2024,2023,Oceans Technology,Halifax,1,EDP,Glas Ocean Electric Inc.,Halifax,B3P 2H3,2725.00,1,44.614601,-63.578345,1,1
3975,2023-2024,2023,Oceans Technology,Halifax,1,EDP,Glas Ocean Electric Inc.,Halifax,B3P 2H3,3000.00,1,44.614601,-63.578345,1,1
3976,2023-2024,2023,Oceans Technology,Halifax,1,EDP,Glas Ocean Electric Inc.,Halifax,B3P 2H3,1750.00,1,44.614601,-63.578345,1,1
3977,2023-2024,2023,Oceans Technology,Halifax,1,EDP,Glas Ocean Electric Inc.,Halifax,B3P 2H3,1100.00,1,44.614601,-63.578345,1,1
3978,2023-2024,2023,Oceans Technology,Halifax,1,EDP,Glas Ocean Electric Inc.,Halifax,B3P 2H3,2250.00,1,44.614601,-63.578345,1,1
3979,2023-2024,2023,Oceans Technology,Halifax,1,EDP,Glas Ocean Electric Inc.,Halifax,B3P 2H3,1300.00,1,44.614601,-63.578345,1,1
3980,2023-2024,2023,Oceans Technology,Halifax,1,EDP,Glas Ocean Electric Inc.,Halifax,B3P 2H3,1300.00,1,44.614601,-63.578345,1,1
3981,2023-2024,2023,Food & Beverage (including Seafood),Halifax,1,EDP,Globaltradesphere Co. Ltd.,Goffs,B2T 0H4,1700.00,1,44.869545,-63.535309,1,1
3982,2023-2024,2023,Oceans Technology,Halifax,1,EDP,Glas Ocean Electric Inc.,Halifax,B3P 2H3,4067.00,1,44.614601,-63.578345,1,1
3983,2023-2024,2023,Food & Beverage (including Seafood),Halifax,1,EDP,Globaltradesphere Co. Ltd.,Goffs,B2T 0H4,5850.00,1,44.869545,-63.535309,1,1
3984,2023-2024,2023,Food & Beverage (including Seafood),Halifax,1,EDP,Globaltradesphere Co. Ltd.,Goffs,B2T 0H4,3650.00,1,44.869545,-63.535309,1,1
3985,2023-2024,2023,Financial Services,Halifax,1,EDP,Goparity Canada Securities Inc.,Halifax,B3K 1W3,1400.00,1,44.659969,-63.598282,1,1
3986,2023-2024,2023,Financial Services,Halifax,1,EDP,Goparity Canada Securities Inc.,Halifax,B3K 1W3,2900.00,1,44.659969,-63.598282,1,1
3987,2023-2024,2023,Other,Halifax,1,EDP,Gratitude At Work Limited,Halifax,B3L 2H1,1550.00,1,44.64839,-63.625081,1,1
3988,2023-2024,2023,Food & Beverage (including Seafood),Lunenburg,1,EDP,Granville Gates & Sons Limited,Blandford,B0J 1T0,15000.00,1,44.49415,-64.112102,1,1
3989,2023-2024,2023,Other,Halifax,1,EDP,Gratitude At Work Limited,Halifax,B3L 2H1,1300.00,1,44.64839,-63.625081,1,1
3990,2023-2024,2023,Clean Technology,Halifax,1,EDP,Green Power Labs Inc.,Dartmouth,B2Y 4M9,3400.00,1,44.661197,-63.542521,1,1
3991,2023-2024,2023,Clean Technology,Halifax,1,EDP,Green Power Labs Inc.,Dartmouth,B2Y 4M9,3000.00,1,44.661197,-63.542521,1,1
3992,2023-2024,2023,Clean Technology,Halifax,1,EDP,Green Power Labs Inc.,Dartmouth,B2Y 4M9,4300.00,1,44.661197,-63.542521,1,1
3993,2023-2024,2023,Clean Technology,Halifax,1,EDP,Green Power Labs Inc.,Dartmouth,B2Y 4M9,4300.00,1,44.661197,-63.542521,1,1
3994,2023-2024,2023,Clean Technology,Halifax,1,EDP,Green Power Labs Inc.,Dartmouth,B2Y 4M9,750.00,1,44.661197,-63.542521,1,1
3995,2023-2024,2023,ICT,Halifax,1,EDP,Greenii Inc.,Halifax,B3M 3M9,3150.00,1,44.660512,-63.655004,1,1
3996,2023-2024,2023,ICT,Halifax,1,EDP,Greenii Inc.,Halifax,B3M 3M9,1450.00,1,44.660512,-63.655004,1,1
3997,2023-2024,2023,ICT,Halifax,1,EDP,Greenii Inc.,Halifax,B3M 3M9,975.00,1,44.660512,-63.655004,1,1
3998,2023-2024,2023,ICT,Halifax,1,EDP,Greenii Inc.,Halifax,B3M 3M9,1480.00,1,44.660512,-63.655004,1,1
3999,2023-2024,2023,ICT,Halifax,1,EDP,Greenii Inc.,Halifax,B3M 3M9,2550.00,1,44.660512,-63.655004,1,1
4000,2023-2024,2023,ICT,Halifax,1,EDP,Greenii Inc.,Halifax,B3M 3M9,1475.00,1,44.660512,-63.655004,1,1
4001,2023-2024,2023,ICT,Halifax,1,EDP,Greenii Inc.,Halifax,B3M 3M9,3050.00,1,44.660512,-63.655004,1,1
4002,2023-2024,2023,ICT,Halifax,1,EDP,Greenii Inc.,Halifax,B3M 3M9,2650.00,1,44.660512,-63.655004,1,1
4003,2023-2024,2023,ICT,Halifax,1,EDP,Greenii Inc.,Halifax,B3M 3M9,1950.00,1,44.660512,-63.655004,1,1
4004,2023-2024,2023,ICT,Halifax,1,EDP,Greenii Inc.,Halifax,B3M 3M9,1131.85,1,44.660512,-63.655004,1,1
4005,2023-2024,2023,ICT,Halifax,1,EDP,Greenii Inc.,Halifax,B3M 3M9,1225.00,1,44.660512,-63.655004,1,1
4006,2023-2024,2023,ICT,Halifax,1,EDP,Greenlight Analytical Inc.,Dartmouth,B2W 6C4,9014.77,1,44.670575,-63.525611,1,1
4007,2023-2024,2023,ICT,Halifax,1,EDP,Greenlight Analytical Inc.,Dartmouth,B2W 6C4,3061.69,1,44.670575,-63.525611,1,1
4008,2023-2024,2023,ICT,Halifax,1,EDP,Greenlight Analytical Inc.,Dartmouth,B2W 6C4,2371.50,1,44.670575,-63.525611,1,1
4009,2023-2024,2023,ICT,Halifax,1,EDP,Greenlight Analytical Inc.,Dartmouth,B2W 6C4,3000.00,1,44.670575,-63.525611,1,1
4010,2023-2024,2023,ICT,Halifax,1,EDP,Growth Recipes Inc.,Halifax,B3J 2T9,2095.00,1,44.6473,-63.572433,1,1
4011,2023-2024,2023,Agrifood Technology,Halifax,1,EDP,Halifax Seed Company Incorporated,Halifax,B3K 5L8,3322.00,1,44.661134,-63.602514,1,1
4012,2023-2024,2023,Agrifood Technology,Halifax,1,EDP,Halifax Seed Company Incorporated,Halifax,B3K 5L8,2660.00,1,44.661134,-63.602514,1,1
4013,2023-2024,2023,Oceans Technology,Halifax,1,EDP,Happy Fish Technologies Inc.,Dartmouth,B2Y 4T5,2650.00,1,44.661539,-63.556562,1,1
4014,2023-2024,2023,ICT,Halifax,1,EDP,Hanatech IOT Inc.,Bedford,B4A 1E8,1800.00,1,44.733425,-63.656387,1,1
4015,2023-2024,2023,Oceans Technology,Halifax,1,EDP,Happy Fish Technologies Inc.,Dartmouth,B2Y 4T5,2650.00,1,44.661539,-63.556562,1,1
4016,2023-2024,2023,Oceans Technology,Halifax,1,EDP,Happy Fish Technologies Inc.,Dartmouth,B2Y 4T5,1150.00,1,44.661539,-63.556562,1,1
4017,2023-2024,2023,Oceans Technology,Halifax,1,EDP,Happy Fish Technologies Inc.,Dartmouth,B2Y 4T5,800.00,1,44.661539,-63.556562,1,1
4018,2023-2024,2023,Oceans Technology,Halifax,1,EDP,Happy Fish Technologies Inc.,Dartmouth,B2Y 4T5,1300.00,1,44.661539,-63.556562,1,1
4019,2023-2024,2023,Oceans Technology,Halifax,1,EDP,Happy Fish Technologies Inc.,Dartmouth,B2Y 4T5,1100.00,1,44.661539,-63.556562,1,1
4020,2023-2024,2023,Oceans Technology,Halifax,1,EDP,Happy Fish Technologies Inc.,Dartmouth,B2Y 4T5,1633.00,1,44.661539,-63.556562,1,1
4021,2023-2024,2023,ICT,Halifax,1,EDP,Harbr Inc.,Howie Centre,B1L 1G9,5600.00,1,46.064642,-60.270703,1,1
4022,2023-2024,2023,Other,Queens,1,EDP,Harry Freeman and Son Ltd.,Greenfield,B0T 1E0,3500.00,1,44.269905,-64.838303,1,1
4023,2023-2024,2023,Other,Queens,1,EDP,Harry Freeman and Son Ltd.,Greenfield,B0T 1E0,2150.00,1,44.269905,-64.838303,1,1
4024,2023-2024,2023,Other,Halifax,1,EDP,Harvest Clean Eats Inc.,Bedford,B4A 4L8,3500.65,1,44.706238,-63.678085,1,1
4025,2023-2024,2023,Agrifood Technology,Colchester,1,EDP,Haskap Highland Orchards Ltd.,Truro,B2N 6V3,2600.00,1,45.348812,-63.288443,1,1
4026,2023-2024,2023,Agrifood Technology,Colchester,1,EDP,Haskap Highland Orchards Ltd.,Truro,B2N 6V3,1600.00,1,45.348812,-63.288443,1,1
4027,2023-2024,2023,Agrifood Technology,Colchester,1,EDP,Haskap Highland Orchards Ltd.,Truro,B2N 6V3,5800.00,1,45.348812,-63.288443,1,1
4028,2023-2024,2023,ICT,Halifax,1,EDP,HealthEME Inc.,Halifax,B3J 3K9,6050.00,1,44.648531,-63.574547,1,1
4029,2023-2024,2023,Other,Cumberland,1,EDP,Hennywales Auto Services Inc.,Amherst,B4H 3K3,4900.00,1,45.832245,-64.206607,1,1
4030,2023-2024,2023,Agrifood Technology,Colchester,1,EDP,Haskap Highland Orchards Ltd.,Truro,B2N 6V3,5000.00,1,45.348812,-63.288443,1,1
4031,2023-2024,2023,ICT,Halifax,1,EDP,HealthEME Inc.,Halifax,B3J 3K9,3046.35,1,44.648531,-63.574547,1,1
4032,2023-2024,2023,ICT,Halifax,1,EDP,HHA Animation Inc.,Dartmouth,B2Y 4V7,2025.00,1,44.670084,-63.562697,1,1
4033,2023-2024,2023,ICT,Halifax,1,EDP,HHA Animation Inc.,Dartmouth,B2Y 4V7,1300.00,1,44.670084,-63.562697,1,1
4034,2023-2024,2023,Other,Halifax,1,EDP,HFX. Learning Centres Inc.,Halifax,B3L 2V9,1275.00,1,44.65277,-63.607365,1,1
4035,2023-2024,2023,ICT,Halifax,1,EDP,HHA Animation Inc.,Dartmouth,B2Y 4V7,2200.00,1,44.670084,-63.562697,1,1
4036,2023-2024,2023,ICT,Halifax,1,EDP,HHA Animation Inc.,Dartmouth,B2Y 4V7,2800.00,1,44.670084,-63.562697,1,1
4037,2023-2024,2023,ICT,Halifax,1,EDP,HHA Animation Inc.,Dartmouth,B2Y 4V7,2200.00,1,44.670084,-63.562697,1,1
4038,2023-2024,2023,ICT,Halifax,1,EDP,HHA Animation Inc.,Dartmouth,B2Y 4V7,4475.00,1,44.670084,-63.562697,1,1
4039,2023-2024,2023,Critical Minerals,Inverness,1,EDP,Hit Drilling Inc.,Mabou,B0E 1X0,3550.00,1,46.075755,-61.382361,1,1
4040,2023-2024,2023,Critical Minerals,Inverness,1,EDP,Hit Drilling Inc.,Mabou,B0E 1X0,6350.00,1,46.075755,-61.382361,1,1
4041,2023-2024,2023,Other,Halifax,1,EDP,Huumans Bookkeeping Inc.,Dartmouth,B2W 3E7,3965.00,1,44.681101,-63.538789,1,1
4042,2023-2024,2023,Food & Beverage (including Seafood),Shelburne,1,EDP,I. Deveau Fisheries Limited,North East Point,B0W 2P0,3400.00,1,43.507946,-65.609774,1,1
4043,2023-2024,2023,Other,Halifax,1,EDP,Incrementum Investments Ltd.,Halifax,B3H 4S7,2400.00,1,44.639957,-63.579893,1,1
4044,2023-2024,2023,Other,Halifax,1,EDP,Indigenous Treaty Partners Consulting Services Inc.,Halifax,B3J 3R7,3425.00,1,44.65264,-63.574524,1,1
4045,2023-2024,2023,Other,Halifax,1,EDP,Indigenous Treaty Partners Consulting Services Inc.,Halifax,B3J 3R7,1200.00,1,44.65264,-63.574524,1,1
4046,2023-2024,2023,Other,Halifax,1,EDP,Indigenous Treaty Partners Consulting Services Inc.,Halifax,B3J 3R7,3000.00,1,44.65264,-63.574524,1,1
4047,2023-2024,2023,Other,Halifax,1,EDP,Intuity Performance Management Coaching + Professional Development,Hammonds Plains,B4B 0S1,1325.00,1,44.709855,-63.769971,1,1
4048,2023-2024,2023,Food & Beverage (including Seafood),Halifax,1,EDP,ITO Seafoods Ltd.,Bedford,B4B 1G7,5800.00,1,44.726165,-63.706821,1,1
4049,2023-2024,2023,Food & Beverage (including Seafood),Halifax,1,EDP,ITO Seafoods Ltd.,Bedford,B4B 1G7,7350.00,1,44.726165,-63.706821,1,1
4050,2023-2024,2023,Food & Beverage (including Seafood),Cape Breton,1,EDP,J. K. Marine Services Limited,Sydney,B1S 1A2,2675.00,1,46.131252,-60.194378,1,1
4051,2023-2024,2023,ICT,Halifax,1,EDP,JackHabbit Inc.,Halifax,B3P 2A2,1100.00,1,44.629366,-63.611588,1,1
4052,2023-2024,2023,ICT,Halifax,1,EDP,JackHabbit Inc.,Halifax,B3P 2A2,900.00,1,44.629366,-63.611588,1,1
4053,2023-2024,2023,Food & Beverage (including Seafood),Cape Breton,1,EDP,J. K. Marine Services Limited,Sydney,B1S 1A2,1400.00,1,46.131252,-60.194378,1,1
4054,2023-2024,2023,ICT,Halifax,1,EDP,JackHabbit Inc.,Halifax,B3P 2A2,500.00,1,44.629366,-63.611588,1,1
4055,2023-2024,2023,ICT,Halifax,1,EDP,JackHabbit Inc.,Halifax,B3P 2A2,1900.00,1,44.629366,-63.611588,1,1
4056,2023-2024,2023,Agrifood Technology,Halifax,1,EDP,Java Blend Coffee Limited,Dartmouth,B3B 1C8,5800.00,1,44.704549,-63.602611,1,1
4057,2023-2024,2023,Agrifood Technology,Halifax,1,EDP,Java Blend Coffee Limited,Dartmouth,B3B 1C8,1700.00,1,44.704549,-63.602611,1,1
4058,2023-2024,2023,Agrifood Technology,Halifax,1,EDP,"Jusnova Agriculture, Ltd.",Halifax,B3M 1N1,5800.00,1,44.6641,-63.642083,1,1
4059,2023-2024,2023,ICT,Halifax,1,EDP,Just Cronies Inc.,Halifax,B3S 1J7,2150.00,1,44.665413,-63.673022,1,1
4060,2023-2024,2023,ICT,Halifax,1,EDP,Just Cronies Inc.,Halifax,B3S 1J7,2400.00,1,44.665413,-63.673022,1,1
4061,2023-2024,2023,ICT,Halifax,1,EDP,Just Cronies Inc.,Halifax,B3S 1J7,2400.00,1,44.665413,-63.673022,1,1
4062,2023-2024,2023,Agrifood Technology,Kings,1,EDP,Just Us! Coffee Roasters Co-Operative Limited,Wolfville,B4P 2R3,1299.50,1,45.105276,-64.293396,1,1
4063,2023-2024,2023,Agrifood Technology,Kings,1,EDP,Just Us! Coffee Roasters Co-Operative Limited,Wolfville,B4P 2R3,3337.50,1,45.105276,-64.293396,1,1
4064,2023-2024,2023,Agrifood Technology,Kings,1,EDP,Just Us! Coffee Roasters Co-Operative Limited,Wolfville,B4P 2R3,2464.50,1,45.105276,-64.293396,1,1
4065,2023-2024,2023,ICT,Halifax,1,EDP,Korrai Technologies Ltd.,Halifax,B3J 3K5,9450.00,1,44.644397,-63.572151,1,1
4066,2023-2024,2023,ICT,Halifax,1,EDP,Korrai Technologies Ltd.,Halifax,B3J 3K5,2250.00,1,44.644397,-63.572151,1,1
4067,2023-2024,2023,ICT,Halifax,1,EDP,Korrai Technologies Ltd.,Halifax,B3J 3K5,3300.00,1,44.644397,-63.572151,1,1
4068,2023-2024,2023,ICT,Halifax,1,EDP,Korrai Technologies Ltd.,Halifax,B3J 3K5,6300.00,1,44.644397,-63.572151,1,1
4069,2023-2024,2023,ICT,Halifax,1,EDP,Korrai Technologies Ltd.,Halifax,B3J 3K5,1800.00,1,44.644397,-63.572151,1,1
4070,2023-2024,2023,ICT,Halifax,1,EDP,Korrai Technologies Ltd.,Halifax,B3J 3K5,1100.00,1,44.644397,-63.572151,1,1
4071,2023-2024,2023,ICT,Halifax,1,EDP,Korrai Technologies Ltd.,Halifax,B3J 3K5,3950.00,1,44.644397,-63.572151,1,1
4072,2023-2024,2023,ICT,Halifax,1,EDP,Krava Inc.,Halifax,B3M 1P5,3800.00,1,44.669391,-63.642812,1,1
4073,2023-2024,2023,ICT,Halifax,1,EDP,Krava Inc.,Halifax,B3M 1P5,1900.00,1,44.669391,-63.642812,1,1
4074,2023-2024,2023,Other,Halifax,1,EDP,Kristen Herrington Art,Stillwater Lake,B3Z 1G5,3686.00,1,44.702117,-63.838678,1,1
4075,2023-2024,2023,Other,Halifax,1,EDP,Kristen Herrington Art,Stillwater Lake,B3Z 1G5,5815.00,1,44.702117,-63.838678,1,1
4076,2023-2024,2023,Other,Halifax,1,EDP,Kristen Herrington Art,Stillwater Lake,B3Z 1G5,3383.76,1,44.702117,-63.838678,1,1
4077,2023-2024,2023,Advanced Manufacturing,Inverness,1,EDP,Larch Wood Enterprises Inc.,East Margaree,B0E 1Y0,5800.00,1,46.397576,-61.076364,1,1
4078,2023-2024,2023,Advanced Manufacturing,Halifax,1,EDP,Laughing Panda Hobbies and Toys,Upper Tantallon,B3Z 1H6,1275.00,1,44.708149,-63.852444,1,1
4079,2023-2024,2023,Advanced Manufacturing,Halifax,1,EDP,Laughing Panda Hobbies and Toys,Upper Tantallon,B3Z 1H6,1000.00,1,44.708149,-63.852444,1,1
4080,2023-2024,2023,Advanced Manufacturing,Halifax,1,EDP,Laughing Panda Hobbies and Toys,Upper Tantallon,B3Z 1H6,1700.00,1,44.708149,-63.852444,1,1
4081,2023-2024,2023,Advanced Manufacturing,Halifax,1,EDP,Laughing Panda Hobbies and Toys,Upper Tantallon,B3Z 1H6,3125.00,1,44.708149,-63.852444,1,1
4082,2023-2024,2023,Advanced Manufacturing,Queens,1,EDP,LCSI Management Incorporated,Lunenburg,B0J 2C0,3100.00,1,44.051771,-64.694036,1,1
4083,2023-2024,2023,Advanced Manufacturing,Queens,1,EDP,LCSI Management Incorporated,Lunenburg,B0J 2C0,3625.00,1,44.051771,-64.694036,1,1
4084,2023-2024,2023,Advanced Manufacturing,Digby,1,EDP,Lewis Mouldings & Wood Specialties Limited,Weymouth,B0W 3T0,1900.00,1,44.43803,-66.002694,1,1
4085,2023-2024,2023,Advanced Manufacturing,Digby,1,EDP,Lewis Mouldings & Wood Specialties Limited,Weymouth,B0W 3T0,1187.50,1,44.43803,-66.002694,1,1
4086,2023-2024,2023,Advanced Manufacturing,Digby,1,EDP,Lewis Mouldings & Wood Specialties Limited,Weymouth,B0W 3T0,2600.00,1,44.43803,-66.002694,1,1
4087,2023-2024,2023,Advanced Manufacturing,Digby,1,EDP,Lewis Mouldings & Wood Specialties Limited,Weymouth,B0W 3T0,2050.00,1,44.43803,-66.002694,1,1
4088,2023-2024,2023,Advanced Manufacturing,Digby,1,EDP,Lewis Mouldings & Wood Specialties Limited,Weymouth,B0W 3T0,4100.00,1,44.43803,-66.002694,1,1
4089,2023-2024,2023,Advanced Manufacturing,Digby,1,EDP,Lewis Mouldings & Wood Specialties Limited,Weymouth,B0W 3T0,2600.00,1,44.43803,-66.002694,1,1
4090,2023-2024,2023,Other,Halifax,1,EDP,Limelight Communications Group Inc.,Dartmouth,B2W 6P3,1747.50,1,44.669925,-63.522436,1,1
4091,2023-2024,2023,Agrifood Technology,Kings,1,EDP,Lightfoot & Wolfville Vineyards Ltd.,Wolfville,B4P 2S3,2600.00,1,45.096111,-64.336019,1,1
4092,2023-2024,2023,Food & Beverage (including Seafood),Digby,1,EDP,Lobster Hub Inc.,Meteghan Centre,B0W 2K0,2600.00,1,44.203885,-66.153396,1,1
4093,2023-2024,2023,Advanced Manufacturing,Lunenburg,1,EDP,Lobster Made Easy Inc.,Mahone Bay,B0J 2E0,3800.00,1,44.455754,-64.378882,1,1
4094,2023-2024,2023,Advanced Manufacturing,Lunenburg,1,EDP,Lobster Made Easy Inc.,Mahone Bay,B0J 2E0,4800.00,1,44.455754,-64.378882,1,1
4095,2023-2024,2023,Advanced Manufacturing,Lunenburg,1,EDP,Lobster Made Easy Inc.,Mahone Bay,B0J 2E0,3800.00,1,44.455754,-64.378882,1,1
4096,2023-2024,2023,Advanced Manufacturing,Lunenburg,1,EDP,Lobster Made Easy Inc.,Mahone Bay,B0J 2E0,2600.00,1,44.455754,-64.378882,1,1
4097,2023-2024,2023,Advanced Manufacturing,Lunenburg,1,EDP,Lobster Made Easy Inc.,Mahone Bay,B0J 2E0,4800.00,1,44.455754,-64.378882,1,1
4098,2023-2024,2023,Other,Halifax,1,EDP,Londolozi Trading Ltd.,Lower Sackville,B4E 1B2,900.00,1,44.775569,-63.69227,1,1
4099,2023-2024,2023,Other,Halifax,1,EDP,Londolozi Trading Ltd.,Lower Sackville,B4E 1B2,1275.00,1,44.775569,-63.69227,1,1
4100,2023-2024,2023,Food & Beverage (including Seafood),Cape Breton,1,EDP,Louisbourg Seafoods Limited,Sydney,B1S 1A2,4300.00,1,46.131252,-60.194378,1,1
4101,2023-2024,2023,Food & Beverage (including Seafood),Cape Breton,1,EDP,Louisbourg Seafoods Limited,Sydney,B1S 1A2,5800.00,1,46.131252,-60.194378,1,1
4102,2023-2024,2023,Food & Beverage (including Seafood),Cape Breton,1,EDP,Louisbourg Seafoods Limited,Sydney,B1S 1A2,3800.00,1,46.131252,-60.194378,1,1
4103,2023-2024,2023,Other,Lunenburg,1,EDP,Lunenburg Shipyard Ltd.,Glen Haven,B3Z 2V8,1800.00,1,44.638947,-63.916289,1,1
4104,2023-2024,2023,Other,Lunenburg,1,EDP,Lunenburg Shipyard Ltd.,Glen Haven,B3Z 2V8,2720.00,1,44.638947,-63.916289,1,1
4105,2023-2024,2023,Food & Beverage (including Seafood),Cape Breton,1,EDP,Louisbourg Seafoods Limited,Sydney,B1S 1A2,1900.00,1,46.131252,-60.194378,1,1
4106,2023-2024,2023,Other,Lunenburg,1,EDP,Lunenburg Shipyard Ltd.,Glen Haven,B3Z 2V8,2300.00,1,44.638947,-63.916289,1,1
4107,2023-2024,2023,Agrifood Technology,Kings,1,EDP,Lutz Family Farm Ltd.,Berwick,B0P 1E0,1633.35,1,45.004632,-64.70933,1,1
4108,2023-2024,2023,Other,Lunenburg,1,EDP,Lunenburg Shipyard Ltd.,Glen Haven,B3Z 2V8,1800.00,1,44.638947,-63.916289,1,1
4109,2023-2024,2023,Agrifood Technology,Hants,1,EDP,Made With Local Snack Foods Inc.,Windsor,B0N 2T0,2200.00,1,44.991622,-64.140556,1,1
4110,2023-2024,2023,Agrifood Technology,Hants,1,EDP,Made With Local Snack Foods Inc.,Windsor,B0N 2T0,1750.00,1,44.991622,-64.140556,1,1
4111,2023-2024,2023,Agrifood Technology,Halifax,1,EDP,Mad Gringo Hot Sauce,Williamswood,B3V 1E8,5800.00,1,44.480999,-63.616426,1,1
4112,2023-2024,2023,Agrifood Technology,Halifax,1,EDP,Magnicon Holdings Inc.,Dartmouth,B3B 1L1,1400.00,1,44.703744,-63.610103,1,1
4113,2023-2024,2023,Agrifood Technology,Hants,1,EDP,Made With Local Snack Foods Inc.,Windsor,B0N 2T0,2200.00,1,44.991622,-64.140556,1,1
4114,2023-2024,2023,Agrifood Technology,Hants,1,EDP,Made With Local Snack Foods Inc.,Windsor,B0N 2T0,1800.00,1,44.991622,-64.140556,1,1
4115,2023-2024,2023,Oceans Technology,Halifax,1,EDP,Marin X Inc.,Dartmouth,B2Y 4T5,2200.00,1,44.661539,-63.556562,1,1
4116,2023-2024,2023,Oceans Technology,Halifax,1,EDP,Marin X Inc.,Dartmouth,B2Y 4T5,2150.00,1,44.661539,-63.556562,1,1
4117,2023-2024,2023,Oceans Technology,Halifax,1,EDP,Marin X Inc.,Dartmouth,B2Y 4T5,2150.00,1,44.661539,-63.556562,1,1
4118,2023-2024,2023,Oceans Technology,Halifax,1,EDP,Marin X Inc.,Dartmouth,B2Y 4T5,2150.00,1,44.661539,-63.556562,1,1
4119,2023-2024,2023,Oceans Technology,Halifax,1,EDP,Marine Thinking Inc.,Halifax,B3H 4N4,2590.00,1,44.638327,-63.566972,1,1
4120,2023-2024,2023,Oceans Technology,Halifax,1,EDP,Marine Thinking Inc.,Halifax,B3H 4N4,6650.00,1,44.638327,-63.566972,1,1
4121,2023-2024,2023,Oceans Technology,Halifax,1,EDP,Marine Thinking Inc.,Halifax,B3H 4N4,664.37,1,44.638327,-63.566972,1,1
4122,2023-2024,2023,Oceans Technology,Halifax,1,EDP,Marine Thinking Inc.,Halifax,B3H 4N4,2160.00,1,44.638327,-63.566972,1,1
4123,2023-2024,2023,ICT,Halifax,1,EDP,Maritime Digital Art and Design Ltd.,Halifax,B3J 1G5,5400.00,1,44.642822,-63.577338,1,1
4124,2023-2024,2023,ICT,Halifax,1,EDP,Maritime Digital Art and Design Ltd.,Halifax,B3J 1G5,5800.00,1,44.642822,-63.577338,1,1
4125,2023-2024,2023,ICT,Halifax,1,EDP,Maritime Digital Art and Design Ltd.,Halifax,B3J 1G5,5936.00,1,44.642822,-63.577338,1,1
4126,2023-2024,2023,ICT,Halifax,1,EDP,Maritime Digital Art and Design Ltd.,Halifax,B3J 1G5,4900.00,1,44.642822,-63.577338,1,1
4127,2023-2024,2023,Agrifood Technology,Halifax,1,EDP,Maritime Foods and Co-Packing,Halifax,B3P 2T8,1100.00,1,44.611918,-63.60737,1,1
4128,2023-2024,2023,Agrifood Technology,Colchester,1,EDP,Maritime Gourmet Mushrooms Inc.,Great Village,B3M 3Y8,3000.00,1,45.431244,-63.594294,1,1
4129,2023-2024,2023,Other,Halifax,1,EDP,Maritime Interpreting & Translation,Halifax,B3L 4T7,840.00,1,44.654773,-63.639605,1,1
4130,2023-2024,2023,Advanced Manufacturing,Colchester,1,EDP,Maritime Truss Limited,Truro,B2N 5C7,3587.50,1,45.350095,-63.290566,1,1
4131,2023-2024,2023,Advanced Manufacturing,Colchester,1,EDP,Maritime Truss Limited,Truro,B2N 5C7,3500.00,1,45.350095,-63.290566,1,1
4132,2023-2024,2023,Other,Halifax,1,EDP,Maritimes Immigration Consulting Inc.,Bedford,B4B 2E6,2900.00,1,44.707401,-63.710064,1,1
4133,2023-2024,2023,Other,Lunenburg,1,EDP,Mashup Lab Limited,Wileville,B4V 5M7,2225.00,1,44.390673,-64.563084,1,1
4134,2023-2024,2023,Other,Lunenburg,1,EDP,Mashup Lab Limited,Wileville,B4V 5M7,2458.50,1,44.390673,-64.563084,1,1
4135,2023-2024,2023,Other,Lunenburg,1,EDP,Mashup Lab Limited,Wileville,B4V 5M7,1850.00,1,44.390673,-64.563084,1,1
4136,2023-2024,2023,Other,Lunenburg,1,EDP,Mashup Lab Limited,Wileville,B4V 5M7,1900.00,1,44.390673,-64.563084,1,1
4137,2023-2024,2023,Other,Lunenburg,1,EDP,Mashup Lab Limited,Wileville,B4V 5M7,4386.97,1,44.390673,-64.563084,1,1
4138,2023-2024,2023,ICT,Halifax,1,EDP,Master Merchant Systems Software Limited,Dartmouth,B3B 1V5,7250.00,1,44.694197,-63.57992,1,1
4139,2023-2024,2023,Other,Lunenburg,1,EDP,Mashup Lab Limited,Wileville,B4V 5M7,5059.80,1,44.390673,-64.563084,1,1
4140,2023-2024,2023,ICT,Halifax,1,EDP,Master Merchant Systems Software Limited,Dartmouth,B3B 1V5,2500.00,1,44.694197,-63.57992,1,1
4141,2023-2024,2023,ICT,Halifax,1,EDP,Master Merchant Systems Software Limited,Dartmouth,B3B 1V5,5250.00,1,44.694197,-63.57992,1,1
4142,2023-2024,2023,Advanced Manufacturing,Halifax,1,EDP,Mattatall Signs Limited,Dartmouth,B3B 1L3,2900.00,1,44.700359,-63.588484,1,1
4143,2023-2024,2023,Advanced Manufacturing,Halifax,1,EDP,Mattatall Signs Limited,Dartmouth,B3B 1L3,3400.00,1,44.700359,-63.588484,1,1
4144,2023-2024,2023,Advanced Manufacturing,Halifax,1,EDP,Mattatall Signs Limited,Dartmouth,B3B 1L3,1300.00,1,44.700359,-63.588484,1,1
4145,2023-2024,2023,Advanced Manufacturing,Halifax,1,EDP,Mattatall Signs Limited,Dartmouth,B3B 1L3,1900.00,1,44.700359,-63.588484,1,1
4146,2023-2024,2023,Advanced Manufacturing,Halifax,1,EDP,Mattatall Signs Limited,Dartmouth,B3B 1L3,1300.00,1,44.700359,-63.588484,1,1
4147,2023-2024,2023,Advanced Manufacturing,Halifax,1,EDP,Mattatall Signs Limited,Dartmouth,B3B 1L3,900.00,1,44.700359,-63.588484,1,1
4148,2023-2024,2023,Advanced Manufacturing,Halifax,1,EDP,Mattatall Signs Limited,Dartmouth,B3B 1L3,2400.00,1,44.700359,-63.588484,1,1
4149,2023-2024,2023,Advanced Manufacturing,Halifax,1,EDP,Mattatall Signs Limited,Dartmouth,B3B 1L3,1500.00,1,44.700359,-63.588484,1,1
4150,2023-2024,2023,Advanced Manufacturing,Halifax,1,EDP,Mattatall Signs Limited,Dartmouth,B3B 1L3,1300.00,1,44.700359,-63.588484,1,1
4151,2023-2024,2023,Other,Halifax,1,EDP,Medika Beauty Institute Inc.,Hammonds Plains,B4B 0E1,5912.50,1,44.759496,-63.801006,1,1
4152,2023-2024,2023,ICT,Halifax,1,EDP,Max Inferno Studio Inc.,Halifax,B3P 1C9,2600.00,1,44.632413,-63.617305,1,1
4153,2023-2024,2023,Other,Halifax,1,EDP,Medika Beauty Institute Inc.,Hammonds Plains,B4B 0E1,5075.00,1,44.759496,-63.801006,1,1
4154,2023-2024,2023,Critical Minerals,Halifax,1,EDP,Mercator Geological Services Limited,Dartmouth,B2Y 1G4,3050.00,1,44.667351,-63.566365,1,1
4155,2023-2024,2023,Life Sciences,Halifax,1,EDP,Melior Motus Inc.,Halifax,B3H 2M1,5590.00,1,44.641436,-63.604398,1,1
4156,2023-2024,2023,Critical Minerals,Halifax,1,EDP,Mercator Geological Services Limited,Dartmouth,B2Y 1G4,2025.00,1,44.667351,-63.566365,1,1
4157,2023-2024,2023,Critical Minerals,Halifax,1,EDP,Mercator Geological Services Limited,Dartmouth,B2Y 1G4,5175.00,1,44.667351,-63.566365,1,1
4158,2023-2024,2023,Critical Minerals,Halifax,1,EDP,Mercator Geological Services Limited,Dartmouth,B2Y 1G4,4750.00,1,44.667351,-63.566365,1,1
4159,2023-2024,2023,Other,Halifax,1,EDP,Mersey Consulting Ltd.,Shad Bay,B3T 2B5,2508.65,1,44.525238,-63.78154,1,1
4160,2023-2024,2023,Other,Halifax,1,EDP,Mersey Consulting Ltd.,Shad Bay,B3T 2B5,3550.00,1,44.525238,-63.78154,1,1
4161,2023-2024,2023,Oceans Technology,Halifax,1,EDP,MetOcean Telematics Limited,Dartmouth,B3B 1R9,3500.00,1,44.699991,-63.595488,1,1
4162,2023-2024,2023,Oceans Technology,Halifax,1,EDP,MetOcean Telematics Limited,Dartmouth,B3B 1R9,11500.00,1,44.699991,-63.595488,1,1
4163,2023-2024,2023,Other,Halifax,1,EDP,Michael MacMillan Consulting Inc.,Halifax,B3P 2C4,1900.00,1,44.625952,-63.618459,1,1
4164,2023-2024,2023,Other,Halifax,1,EDP,Michael MacMillan Consulting Inc.,Halifax,B3P 2C4,2200.00,1,44.625952,-63.618459,1,1
4165,2023-2024,2023,Other,Halifax,1,EDP,MichNat Fashion House,Dartmouth,B2W 6P9,2600.00,1,44.666621,-63.507016,1,1
4166,2023-2024,2023,Other,Halifax,1,EDP,MichNat Fashion House,Dartmouth,B2W 6P9,3788.13,1,44.666621,-63.507016,1,1
4167,2023-2024,2023,Other,Halifax,1,EDP,MightyIQ Inc.,Bedford,B4B 1C3,2000.00,1,44.724804,-63.712458,1,1
4168,2023-2024,2023,Advanced Manufacturing,Halifax,1,EDP,Mil-Aero Electronics Atlantic Inc.,Dartmouth,B2Y 4V9,2415.00,1,44.657857,-63.540039,1,1
4169,2023-2024,2023,Advanced Manufacturing,Halifax,1,EDP,Mil-Aero Electronics Atlantic Inc.,Dartmouth,B2Y 4V9,4300.00,1,44.657857,-63.540039,1,1
4170,2023-2024,2023,Advanced Manufacturing,Colchester,1,EDP,Millen Farms Limited,Great Village,B0M 1L0,2200.00,1,45.399602,-63.556076,1,1
4171,2023-2024,2023,ICT,Halifax,1,EDP,Mobia Technology Innovations Incorporated,Dartmouth,B3B 0B3,2200.00,1,44.696279,-63.576508,1,1
4172,2023-2024,2023,ICT,Halifax,1,EDP,Mobia Technology Innovations Incorporated,Dartmouth,B3B 0B3,1100.00,1,44.696279,-63.576508,1,1
4173,2023-2024,2023,Other,Lunenburg,1,EDP,Mind’s Eye Creative Consulting,Upper Northfield,B4V 5B1,1800.00,1,44.512833,-64.601041,1,1
4174,2023-2024,2023,ICT,Halifax,1,EDP,Mobia Technology Innovations Incorporated,Dartmouth,B3B 0B3,2720.00,1,44.696279,-63.576508,1,1
4175,2023-2024,2023,ICT,Halifax,1,EDP,Mobia Technology Innovations Incorporated,Dartmouth,B3B 0B3,1300.00,1,44.696279,-63.576508,1,1
4176,2023-2024,2023,ICT,Halifax,1,EDP,Modest Tree Media Inc.,Halifax,B3K 2R6,3000.00,1,44.664419,-63.617069,1,1
4177,2023-2024,2023,ICT,Halifax,1,EDP,Modest Tree Media Inc.,Halifax,B3K 2R6,2200.00,1,44.664419,-63.617069,1,1
4178,2023-2024,2023,ICT,Halifax,1,EDP,Mobia Technology Innovations Incorporated,Dartmouth,B3B 0B3,3900.00,1,44.696279,-63.576508,1,1
4179,2023-2024,2023,ICT,Halifax,1,EDP,Modest Tree Media Inc.,Halifax,B3K 2R6,2600.00,1,44.664419,-63.617069,1,1
4180,2023-2024,2023,ICT,Halifax,1,EDP,Modest Tree Media Inc.,Halifax,B3K 2R6,3800.00,1,44.664419,-63.617069,1,1
4181,2023-2024,2023,ICT,Halifax,1,EDP,Modest Tree Media Inc.,Halifax,B3K 2R6,3400.00,1,44.664419,-63.617069,1,1
4182,2023-2024,2023,ICT,Halifax,1,EDP,Moonshot Rights Inc.,Halifax,B3H 3X9,3806.50,1,44.630912,-63.588331,1,1
4183,2023-2024,2023,Life Sciences,Halifax,1,EDP,Motryx Inc.,Lower Sackville,B4C 3H8,4550.00,1,44.762808,-63.671836,1,1
4184,2023-2024,2023,Life Sciences,Halifax,1,EDP,Motryx Inc.,Lower Sackville,B4C 3H8,4100.00,1,44.762808,-63.671836,1,1
4185,2023-2024,2023,Life Sciences,Halifax,1,EDP,Motryx Inc.,Lower Sackville,B4C 3H8,1847.50,1,44.762808,-63.671836,1,1
4186,2023-2024,2023,Life Sciences,Halifax,1,EDP,Motryx Inc.,Lower Sackville,B4C 3H8,2600.00,1,44.762808,-63.671836,1,1
4187,2023-2024,2023,Agrifood Technology,Lunenburg,1,EDP,Muwin Estate Wines Ltd.,New Ross,B0J 2M0,3000.00,1,44.830065,-64.511688,1,1
4188,2023-2024,2023,Agrifood Technology,Lunenburg,1,EDP,Muwin Estate Wines Ltd.,New Ross,B0J 2M0,2150.00,1,44.830065,-64.511688,1,1
4189,2023-2024,2023,Life Sciences,Halifax,1,EDP,Motryx Inc.,Lower Sackville,B4C 3H8,1700.00,1,44.762808,-63.671836,1,1
4190,2023-2024,2023,Agrifood Technology,Lunenburg,1,EDP,Muwin Estate Wines Ltd.,New Ross,B0J 2M0,965.00,1,44.830065,-64.511688,1,1
4191,2023-2024,2023,ICT,Halifax,1,EDP,Nanuk VR Technologies Incorporated,Halifax,B3N 2Z7,3300.00,1,44.642626,-63.629319,1,1
4192,2023-2024,2023,ICT,Halifax,1,EDP,Nata Kostenko Design,Halifax,B3P 2M6,1300.00,1,44.627501,-63.621851,1,1
4193,2023-2024,2023,ICT,Halifax,1,EDP,Nata Kostenko Design,Halifax,B3P 2M6,1700.00,1,44.627501,-63.621851,1,1
4194,2023-2024,2023,Life Sciences,Halifax,1,EDP,Myomar Molecular Inc.,Bedford,B4B 0X6,3650.00,1,44.710195,-63.700289,1,1
4195,2023-2024,2023,ICT,Halifax,1,EDP,Nata Kostenko Design,Halifax,B3P 2M6,2150.00,1,44.627501,-63.621851,1,1
4196,2023-2024,2023,Other,Halifax,1,EDP,Natural Butter Bar Cosmetics,Dartmouth,B3A 0B1,1900.00,1,44.683012,-63.592538,1,1
4197,2023-2024,2023,Advanced Manufacturing,Halifax,1,EDP,Nautel Limited,Hacketts Cove,B3Z 3J4,7861.90,1,44.571179,-63.917429,1,1
4198,2023-2024,2023,Advanced Manufacturing,Halifax,1,EDP,Nautel Limited,Hacketts Cove,B3Z 3J4,1300.00,1,44.571179,-63.917429,1,1
4199,2023-2024,2023,Other,Halifax,1,EDP,Nerds With Needles,Eastern Passage,B3G 1P3,2400.00,1,44.616301,-63.463438,1,1
4200,2023-2024,2023,Other,Halifax,1,EDP,Nerds With Needles,Eastern Passage,B3G 1P3,2070.00,1,44.616301,-63.463438,1,1
4201,2023-2024,2023,Other,Lunenburg,1,EDP,New Voice Languages & Tutoring Inc.,Lunenburg,B0J 2C0,5800.00,1,44.380105,-64.31373,1,1
4202,2023-2024,2023,Other,Lunenburg,1,EDP,New Voice Languages & Tutoring Inc.,Lunenburg,B0J 2C0,4535.00,1,44.380105,-64.31373,1,1
4203,2023-2024,2023,Food & Beverage (including Seafood),Antigonish,1,EDP,North Bay Fishermen's Co-operative Association Limited,Ballantyne's Cove,B2G 2L2,5800.00,1,45.859573,-61.919356,1,1
4204,2023-2024,2023,ICT,Pictou,1,EDP,New Brooklyn Media Inc.,New Glasgow,B2H 3B2,900.00,1,45.586163,-62.64273,1,1
4205,2023-2024,2023,Defence,Halifax,1,EDP,Nova Aerospace Structures Ltd.,Middle Sackville,B4E 0C7,2425.00,1,44.777437,-63.708057,1,1
4206,2023-2024,2023,Defence,Halifax,1,EDP,Nova Aerospace Structures Ltd.,Middle Sackville,B4E 0C7,1300.00,1,44.777437,-63.708057,1,1
4207,2023-2024,2023,Defence,Halifax,1,EDP,Nova Aerospace Structures Ltd.,Middle Sackville,B4E 0C7,1300.00,1,44.777437,-63.708057,1,1
4208,2023-2024,2023,Agrifood Technology,Kings,1,EDP,Nova Agri Inc.,Sheffield Mills,B0P 1J0,1500.00,1,45.135355,-64.473494,1,1
4209,2023-2024,2023,Agrifood Technology,Halifax,1,EDP,Novagevity Incorporated,Halifax,B3H 0A8,3200.00,1,44.639642,-63.583069,1,1
4210,2023-2024,2023,Agrifood Technology,Halifax,1,EDP,Novagevity Incorporated,Halifax,B3H 0A8,1900.00,1,44.639642,-63.583069,1,1
4211,2023-2024,2023,Agrifood Technology,Lunenburg,1,EDP,O & K Sea Salt,LaHave,B0R 1C0,2255.00,1,44.234657,-64.373553,1,1
4212,2023-2024,2023,Agrifood Technology,Lunenburg,1,EDP,O & K Sea Salt,LaHave,B0R 1C0,1800.00,1,44.234657,-64.373553,1,1
4213,2023-2024,2023,Clean Technology,Halifax,1,EDP,Novonix Battery Technology Solutions Inc.,Bedford,B4B 1H1,10658.17,1,44.721492,-63.713642,1,1
4214,2023-2024,2023,Agrifood Technology,Lunenburg,1,EDP,O & K Sea Salt,LaHave,B0R 1C0,3800.00,1,44.234657,-64.373553,1,1
4215,2023-2024,2023,Agrifood Technology,Halifax,1,EDP,Oberland Agriscience Inc.,Halifax,B3L 2Z5,1900.00,1,44.646135,-63.606247,1,1
4216,2023-2024,2023,Agrifood Technology,Halifax,1,EDP,Oberland Agriscience Inc.,Halifax,B3L 2Z5,1100.00,1,44.646135,-63.606247,1,1
4217,2023-2024,2023,Agrifood Technology,Halifax,1,EDP,Oberland Agriscience Inc.,Halifax,B3L 2Z5,2350.00,1,44.646135,-63.606247,1,1
4218,2023-2024,2023,Agrifood Technology,Halifax,1,EDP,Oberland Agriscience Inc.,Halifax,B3L 2Z5,2425.00,1,44.646135,-63.606247,1,1
4219,2023-2024,2023,Agrifood Technology,Halifax,1,EDP,Oberland Agriscience Inc.,Halifax,B3L 2Z5,2550.00,1,44.646135,-63.606247,1,1
4220,2023-2024,2023,Agrifood Technology,Halifax,1,EDP,Oberland Agriscience Inc.,Halifax,B3L 2Z5,1119.50,1,44.646135,-63.606247,1,1
4221,2023-2024,2023,Agrifood Technology,Halifax,1,EDP,Oberland Agriscience Inc.,Halifax,B3L 2Z5,1552.50,1,44.646135,-63.606247,1,1
4222,2023-2024,2023,Agrifood Technology,Halifax,1,EDP,Oberland Agriscience Inc.,Halifax,B3L 2Z5,900.00,1,44.646135,-63.606247,1,1
4223,2023-2024,2023,Agrifood Technology,Halifax,1,EDP,Oberland Agriscience Inc.,Halifax,B3L 2Z5,600.00,1,44.646135,-63.606247,1,1
4224,2023-2024,2023,Food & Beverage (including Seafood),Yarmouth,1,EDP,Ocean Pride Fisheries Limited,Lower Wedgeport,B0W 2B0,7050.00,1,43.711604,-65.972302,1,1
4225,2023-2024,2023,Food & Beverage (including Seafood),Yarmouth,1,EDP,Ocean Pride Fisheries Limited,Lower Wedgeport,B0W 2B0,7950.00,1,43.711604,-65.972302,1,1
4226,2023-2024,2023,Oceans Technology,Colchester,1,EDP,Ocean Sonics Ltd.,Truro Heights,B6L 1N8,5887.50,1,45.345327,-63.308856,1,1
4227,2023-2024,2023,Oceans Technology,Colchester,1,EDP,Ocean Sonics Ltd.,Truro Heights,B6L 1N8,2325.39,1,45.345327,-63.308856,1,1
4228,2023-2024,2023,Oceans Technology,Colchester,1,EDP,Ocean Sonics Ltd.,Truro Heights,B6L 1N8,887.11,1,45.345327,-63.308856,1,1
4229,2023-2024,2023,Oceans Technology,Colchester,1,EDP,Ocean Sonics Ltd.,Truro Heights,B6L 1N8,2800.00,1,45.345327,-63.308856,1,1
4230,2023-2024,2023,Oceans Technology,Halifax,1,EDP,OceanSync Data Solutions Inc.,Halifax,B3H 4P8,1195.00,1,44.640792,-63.566148,1,1
4231,2023-2024,2023,Oceans Technology,Halifax,1,EDP,OceanSync Data Solutions Inc.,Halifax,B3H 4P8,2150.00,1,44.640792,-63.566148,1,1
4232,2023-2024,2023,Oceans Technology,Colchester,1,EDP,Ocean Sonics Ltd.,Truro Heights,B6L 1N8,3100.00,1,45.345327,-63.308856,1,1
4233,2023-2024,2023,Oceans Technology,Colchester,1,EDP,Ocean Sonics Ltd.,Truro Heights,B6L 1N8,7172.41,1,45.345327,-63.308856,1,1
4234,2023-2024,2023,Oceans Technology,Halifax,1,EDP,OceanSync Data Solutions Inc.,Halifax,B3H 4P8,1634.07,1,44.640792,-63.566148,1,1
4235,2023-2024,2023,Oceans Technology,Halifax,1,EDP,OceanSync Data Solutions Inc.,Halifax,B3H 4P8,2972.21,1,44.640792,-63.566148,1,1
4236,2023-2024,2023,Oceans Technology,Halifax,1,EDP,OceanSync Data Solutions Inc.,Halifax,B3H 4P8,1695.78,1,44.640792,-63.566148,1,1
4237,2023-2024,2023,Oceans Technology,Halifax,1,EDP,OMC International Canada Inc.,Halifax,B3H 4P8,2065.50,1,44.640792,-63.566148,1,1
4238,2023-2024,2023,Advanced Manufacturing,Halifax,1,EDP,Outdoor-Fit Exercise Systems Inc.,Dartmouth,B3B 1N7,5700.00,1,44.716937,-63.600525,1,1
4239,2023-2024,2023,Advanced Manufacturing,Halifax,1,EDP,Outdoor-Fit Exercise Systems Inc.,Dartmouth,B3B 1N7,7000.00,1,44.716937,-63.600525,1,1
4240,2023-2024,2023,Advanced Manufacturing,Halifax,1,EDP,Outdoor-Fit Exercise Systems Inc.,Dartmouth,B3B 1N7,2200.00,1,44.716937,-63.600525,1,1
4241,2023-2024,2023,Other,Halifax,1,EDP,OvaAfrique Design,Halifax,B3K 3H4,3512.50,1,44.667875,-63.600477,1,1
4242,2023-2024,2023,Other,Halifax,1,EDP,OvaAfrique Design,Halifax,B3K 3H4,3100.00,1,44.667875,-63.600477,1,1
4243,2023-2024,2023,Other,Halifax,1,EDP,OvaAfrique Design,Halifax,B3K 3H4,1412.50,1,44.667875,-63.600477,1,1
4244,2023-2024,2023,Other,Halifax,1,EDP,OvaAfrique Design,Halifax,B3K 3H4,2030.00,1,44.667875,-63.600477,1,1
4245,2023-2024,2023,Other,Halifax,1,EDP,OvaAfrique Design,Halifax,B3K 3H4,1860.00,1,44.667875,-63.600477,1,1
4246,2023-2024,2023,Other,Halifax,1,EDP,OvaAfrique Design,Halifax,B3K 3H4,2400.00,1,44.667875,-63.600477,1,1
4247,2023-2024,2023,Agrifood Technology,Cumberland,1,EDP,Oxford Frozen Foods Limited,Oxford,B0M 1P0,4927.84,1,45.730902,-63.876833,1,1
4248,2023-2024,2023,Other,Halifax,1,EDP,Over The Edge (Canada) Inc.,Halifax,B3P 1K9,2750.00,1,44.625271,-63.617566,1,1
4249,2023-2024,2023,Advanced Manufacturing,Queens,1,EDP,Parlee Manufacturing Company Limited,Brooklyn,B0J 1H0,4500.00,1,44.052127,-64.712521,1,1
4250,2023-2024,2023,Advanced Manufacturing,Queens,1,EDP,Parlee Manufacturing Company Limited,Brooklyn,B0J 1H0,1700.00,1,44.052127,-64.712521,1,1
4251,2023-2024,2023,Advanced Manufacturing,Queens,1,EDP,Parlee Manufacturing Company Limited,Brooklyn,B0J 1H0,1250.00,1,44.052127,-64.712521,1,1
4252,2023-2024,2023,Advanced Manufacturing,Queens,1,EDP,Parlee Manufacturing Company Limited,Brooklyn,B0J 1H0,1400.00,1,44.052127,-64.712521,1,1
4253,2023-2024,2023,Other,Halifax,1,EDP,Partner International Incorporated,Dartmouth,B2Y 4T6,3275.00,1,44.662205,-63.544665,1,1
4254,2023-2024,2023,Other,Halifax,1,EDP,Partner International Incorporated,Dartmouth,B2Y 4T6,6400.00,1,44.662205,-63.544665,1,1
4255,2023-2024,2023,Advanced Manufacturing,Queens,1,EDP,Parlee Manufacturing Company Limited,Brooklyn,B0J 1H0,1580.00,1,44.052127,-64.712521,1,1
4256,2023-2024,2023,Advanced Manufacturing,Queens,1,EDP,Parlee Manufacturing Company Limited,Brooklyn,B0J 1H0,2850.00,1,44.052127,-64.712521,1,1
4257,2023-2024,2023,Other,Halifax,1,EDP,Partner International Incorporated,Dartmouth,B2Y 4T6,2100.00,1,44.662205,-63.544665,1,1
4258,2023-2024,2023,Other,Halifax,1,EDP,Partner International Incorporated,Dartmouth,B2Y 4T6,3150.00,1,44.662205,-63.544665,1,1
4259,2023-2024,2023,Life Sciences,Halifax,1,EDP,Photodynamic Incorporated,Halifax,B3H 0A8,5552.00,1,44.639642,-63.583069,1,1
4260,2023-2024,2023,Life Sciences,Halifax,1,EDP,Photodynamic Incorporated,Halifax,B3H 0A8,4712.50,1,44.639642,-63.583069,1,1
4261,2023-2024,2023,Agrifood Technology,Antigonish,1,EDP,Peace By Chocolate Inc.,Antigonish,B2G 2G8,5400.00,1,45.653916,-61.993255,1,1
4262,2023-2024,2023,Agrifood Technology,Antigonish,1,EDP,Peace By Chocolate Inc.,Antigonish,B2G 2G8,5800.00,1,45.653916,-61.993255,1,1
4263,2023-2024,2023,Life Sciences,Halifax,1,EDP,Photodynamic Incorporated,Halifax,B3H 0A8,4117.00,1,44.639642,-63.583069,1,1
4264,2023-2024,2023,Life Sciences,Halifax,1,EDP,Photodynamic Incorporated,Halifax,B3H 0A8,618.50,1,44.639642,-63.583069,1,1
4265,2023-2024,2023,Other,Halifax,1,EDP,Pier Labs,Halifax,B3J 1R9,1620.00,1,44.644258,-63.570065,1,1
4266,2023-2024,2023,Other,Halifax,1,EDP,Pier Labs,Halifax,B3J 1R9,2617.50,1,44.644258,-63.570065,1,1
4267,2023-2024,2023,ICT,Halifax,1,EDP,Pique Innovations Inc.,Musquodoboit Harbour,B0J 2L0,2929.25,1,44.720124,-63.088389,1,1
4268,2023-2024,2023,Other,Halifax,1,EDP,Pisces Research Project Management Inc.,Halifax,B3K 2L9,1800.00,1,44.669098,-63.604309,1,1
4269,2023-2024,2023,Other,Halifax,1,EDP,Pisces Research Project Management Inc.,Halifax,B3K 2L9,1999.00,1,44.669098,-63.604309,1,1
4270,2023-2024,2023,Other,Halifax,1,EDP,Pisces Research Project Management Inc.,Halifax,B3K 2L9,2300.00,1,44.669098,-63.604309,1,1
4271,2023-2024,2023,Other,Halifax,1,EDP,Pivotal Growth Inc.,Halifax,B3K 0G7,3550.00,1,44.662161,-63.597595,1,1
4272,2023-2024,2023,ICT,Halifax,1,EDP,Pocket Finance Inc.,Halifax,B3R 2H4,1989.50,1,44.594352,-63.636212,1,1
4273,2023-2024,2023,ICT,Halifax,1,EDP,Pocket Finance Inc.,Halifax,B3R 2H4,500.00,1,44.594352,-63.636212,1,1
4274,2023-2024,2023,ICT,Halifax,1,EDP,Pocket Finance Inc.,Halifax,B3R 2H4,3089.50,1,44.594352,-63.636212,1,1
4275,2023-2024,2023,Oceans Technology,Lunenburg,1,EDP,Pro-Oceanus Systems Incorporated,Bridgewater,B4V 1N1,1550.00,1,44.377648,-64.52006,1,1
4276,2023-2024,2023,Oceans Technology,Lunenburg,1,EDP,Pro-Oceanus Systems Incorporated,Bridgewater,B4V 1N1,3050.00,1,44.377648,-64.52006,1,1
4277,2023-2024,2023,Oceans Technology,Lunenburg,1,EDP,Pro-Oceanus Systems Incorporated,Bridgewater,B4V 1N1,3386.00,1,44.377648,-64.52006,1,1
4278,2023-2024,2023,Oceans Technology,Lunenburg,1,EDP,Pro-Oceanus Systems Incorporated,Bridgewater,B4V 1N1,6075.00,1,44.377648,-64.52006,1,1
4279,2023-2024,2023,ICT,Halifax,1,EDP,Prosaris Solutions Ltd.,Bedford,B4B 1K5,4251.57,1,44.723763,-63.711984,1,1
4280,2023-2024,2023,ICT,Halifax,1,EDP,Prosaris Solutions Ltd.,Bedford,B4B 1K5,4757.75,1,44.723763,-63.711984,1,1
4281,2023-2024,2023,ICT,Halifax,1,EDP,Prosaris Solutions Ltd.,Bedford,B4B 1K5,5705.00,1,44.723763,-63.711984,1,1
4282,2023-2024,2023,Other,Halifax,1,EDP,Qanakor Atlantic Ltd.,Halifax,B3K 0H3,3110.00,1,44.659493,-63.594761,1,1
4283,2023-2024,2023,Other,Halifax,1,EDP,Qanakor Atlantic Ltd.,Halifax,B3K 0H3,2400.00,1,44.659493,-63.594761,1,1
4284,2023-2024,2023,Other,Halifax,1,EDP,Qanakor Atlantic Ltd.,Halifax,B3K 0H3,2374.11,1,44.659493,-63.594761,1,1
4285,2023-2024,2023,Other,Halifax,1,EDP,Qanakor Atlantic Ltd.,Halifax,B3K 0H3,3135.00,1,44.659493,-63.594761,1,1
4286,2023-2024,2023,Other,Halifax,1,EDP,Qanakor Atlantic Ltd.,Halifax,B3K 0H3,2681.00,1,44.659493,-63.594761,1,1
4287,2023-2024,2023,ICT,Halifax,1,EDP,Quantafic Digital Inc.,Halifax,B3M 0H6,1033.12,1,0.0,0.0,1,0
4288,2023-2024,2023,ICT,Halifax,1,EDP,Quantafic Digital Inc.,Halifax,B3M 0H6,1049.50,1,0.0,0.0,1,0
4289,2023-2024,2023,ICT,Halifax,1,EDP,Quantafic Digital Inc.,Halifax,B3M 0H6,992.50,1,0.0,0.0,1,0
4290,2023-2024,2023,ICT,Halifax,1,EDP,QuickFacts Inc.,Bedford,B4B 1L5,1300.00,1,44.717323,-63.71251,1,1
4291,2023-2024,2023,ICT,Halifax,1,EDP,QuickFacts Inc.,Bedford,B4B 1L5,2950.00,1,44.717323,-63.71251,1,1
4292,2023-2024,2023,ICT,Halifax,1,EDP,QuickFacts Inc.,Bedford,B4B 1L5,4375.00,1,44.717323,-63.71251,1,1
4293,2023-2024,2023,ICT,Halifax,1,EDP,QuickFacts Inc.,Bedford,B4B 1L5,3400.00,1,44.717323,-63.71251,1,1
4294,2023-2024,2023,ICT,Halifax,1,EDP,QuickFacts Inc.,Bedford,B4B 1L5,4900.00,1,44.717323,-63.71251,1,1
4295,2023-2024,2023,ICT,Halifax,1,EDP,QuickFacts Inc.,Bedford,B4B 1L5,1575.00,1,44.717323,-63.71251,1,1
4296,2023-2024,2023,Other,Halifax,1,EDP,R D A Atlantic Inc.,Halifax,B3M 2L9,2150.00,1,44.706958,-63.66516,1,1
4297,2023-2024,2023,Other,Halifax,1,EDP,R D A Atlantic Inc.,Halifax,B3M 2L9,2723.38,1,44.706958,-63.66516,1,1
4298,2023-2024,2023,Clean Technology,Halifax,1,EDP,Rayleigh Solar Tech Inc.,Dartmouth,B2Y 4M9,3549.24,1,44.661197,-63.542521,1,1
4299,2023-2024,2023,Other,Halifax,1,EDP,R D A Atlantic Inc.,Halifax,B3M 2L9,2150.00,1,44.706958,-63.66516,1,1
4300,2023-2024,2023,Clean Technology,Halifax,1,EDP,Rayleigh Solar Tech Inc.,Dartmouth,B2Y 4M9,2723.75,1,44.661197,-63.542521,1,1
4301,2023-2024,2023,Clean Technology,Halifax,1,EDP,Rayleigh Solar Tech Inc.,Dartmouth,B2Y 4M9,5000.00,1,44.661197,-63.542521,1,1
4302,2023-2024,2023,ICT,Kings,1,EDP,RealMeta Studios Incorporated,New Minas,B4N 3R5,5650.00,1,45.066528,-64.468731,1,1
4303,2023-2024,2023,ICT,Kings,1,EDP,RealMeta Studios Incorporated,New Minas,B4N 3R5,4800.00,1,45.066528,-64.468731,1,1
4304,2023-2024,2023,Other,Cape Breton,1,EDP,Red Label Kilts Inc.,Sydney,B1P 4N7,2200.00,1,46.128737,-60.184589,1,1
4305,2023-2024,2023,ICT,Kings,1,EDP,RealMeta Studios Incorporated,New Minas,B4N 3R5,4550.00,1,45.066528,-64.468731,1,1
4306,2023-2024,2023,ICT,Halifax,1,EDP,Red Meat Games Inc.,Halifax,B3J 2G3,4800.00,1,44.646496,-63.576474,1,1
4307,2023-2024,2023,ICT,Halifax,1,EDP,Red Meat Games Inc.,Halifax,B3J 2G3,1525.00,1,44.646496,-63.576474,1,1
4308,2023-2024,2023,ICT,Halifax,1,EDP,Red Meat Games Inc.,Halifax,B3J 2G3,1150.00,1,44.646496,-63.576474,1,1
4309,2023-2024,2023,ICT,Halifax,1,EDP,Red Meat Games Inc.,Halifax,B3J 2G3,2350.00,1,44.646496,-63.576474,1,1
4310,2023-2024,2023,ICT,Halifax,1,EDP,Red Meat Games Inc.,Halifax,B3J 2G3,5175.00,1,44.646496,-63.576474,1,1
4311,2023-2024,2023,ICT,Halifax,1,EDP,Red Meat Games Inc.,Halifax,B3J 2G3,4785.78,1,44.646496,-63.576474,1,1
4312,2023-2024,2023,ICT,Halifax,1,EDP,REDspace Inc.,Bedford,B4A 3Y4,5000.00,1,44.733111,-63.654261,1,1
4313,2023-2024,2023,ICT,Halifax,1,EDP,REDspace Inc.,Bedford,B4A 3Y4,3490.00,1,44.733111,-63.654261,1,1
4314,2023-2024,2023,Advanced Manufacturing,Halifax,1,EDP,Reftek Systems Inc.,Dartmouth,B3B 1T8,2509.00,1,44.694498,-63.586657,1,1
4315,2023-2024,2023,ICT,Halifax,1,EDP,REDspace Inc.,Bedford,B4A 3Y4,4160.00,1,44.733111,-63.654261,1,1
4316,2023-2024,2023,Advanced Manufacturing,Halifax,1,EDP,Reftek Systems Inc.,Dartmouth,B3B 1T8,2900.00,1,44.694498,-63.586657,1,1
4317,2023-2024,2023,Advanced Manufacturing,Halifax,1,EDP,Reftek Systems Inc.,Dartmouth,B3B 1T8,2250.00,1,44.694498,-63.586657,1,1
4318,2023-2024,2023,Advanced Manufacturing,Halifax,1,EDP,Reftek Systems Inc.,Dartmouth,B3B 1T8,6191.00,1,44.694498,-63.586657,1,1
4319,2023-2024,2023,Advanced Manufacturing,Halifax,1,EDP,Reftek Systems Inc.,Dartmouth,B3B 1T8,1150.00,1,44.694498,-63.586657,1,1
4320,2023-2024,2023,Clean Technology,Lunenburg,1,EDP,Resolve Composites Inc.,Pleasantville,B0R 1G0,4431.00,1,44.308266,-64.40587,1,1
4321,2023-2024,2023,Advanced Manufacturing,Halifax,1,EDP,Reftek Systems Inc.,Dartmouth,B3B 1T8,1150.00,1,44.694498,-63.586657,1,1
4322,2023-2024,2023,ICT,Halifax,1,EDP,Rimot.IO Inc.,Halifax,B3H 4P8,4157.35,1,44.640792,-63.566148,1,1
4323,2023-2024,2023,Clean Technology,Lunenburg,1,EDP,Resolve Composites Inc.,Pleasantville,B0R 1G0,3800.00,1,44.308266,-64.40587,1,1
4324,2023-2024,2023,ICT,Halifax,1,EDP,Rimot.IO Inc.,Halifax,B3H 4P8,4250.00,1,44.640792,-63.566148,1,1
4325,2023-2024,2023,ICT,Halifax,1,EDP,Rimot.IO Inc.,Halifax,B3H 4P8,2801.00,1,44.640792,-63.566148,1,1
4326,2023-2024,2023,Life Sciences,Halifax,1,EDP,Ring Rescue Incorporated,Dartmouth,B2Y 4W6,4600.00,1,44.656464,-63.540082,1,1
4327,2023-2024,2023,Life Sciences,Halifax,1,EDP,Ring Rescue Incorporated,Dartmouth,B2Y 4W6,4415.00,1,44.656464,-63.540082,1,1
4328,2023-2024,2023,Life Sciences,Halifax,1,EDP,Ring Rescue Incorporated,Dartmouth,B2Y 4W6,1000.00,1,44.656464,-63.540082,1,1
4329,2023-2024,2023,Life Sciences,Halifax,1,EDP,Ring Rescue Incorporated,Dartmouth,B2Y 4W6,2029.45,1,44.656464,-63.540082,1,1
4330,2023-2024,2023,Life Sciences,Halifax,1,EDP,Ring Rescue Incorporated,Dartmouth,B2Y 4W6,2825.00,1,44.656464,-63.540082,1,1
4331,2023-2024,2023,Clean Technology,Halifax,1,EDP,ROCarbon Labs Limited,Bedford,B4B 1H6,1225.00,1,44.699034,-63.699371,1,1
4332,2023-2024,2023,Clean Technology,Halifax,1,EDP,ROCarbon Labs Limited,Bedford,B4B 1H6,1947.50,1,44.699034,-63.699371,1,1
4333,2023-2024,2023,Clean Technology,Halifax,1,EDP,ROCarbon Labs Limited,Bedford,B4B 1H6,1300.00,1,44.699034,-63.699371,1,1
4334,2023-2024,2023,Oceans Technology,Halifax,1,EDP,Rockland Scientific International Inc.,Halifax,B2Y 4T5,2357.50,1,44.661539,-63.556562,1,1
4335,2023-2024,2023,Oceans Technology,Halifax,1,EDP,Rockland Scientific International Inc.,Halifax,B2Y 4T5,2900.00,1,44.661539,-63.556562,1,1
4336,2023-2024,2023,Clean Technology,Halifax,1,EDP,ROCarbon Labs Limited,Bedford,B4B 1H6,2400.00,1,44.699034,-63.699371,1,1
4337,2023-2024,2023,Oceans Technology,Halifax,1,EDP,Rockland Scientific International Inc.,Halifax,B2Y 4T5,3290.00,1,44.661539,-63.556562,1,1
4338,2023-2024,2023,Oceans Technology,Halifax,1,EDP,Rockland Scientific International Inc.,Halifax,B2Y 4T5,1500.00,1,44.661539,-63.556562,1,1
4339,2023-2024,2023,Oceans Technology,Halifax,1,EDP,Rockland Scientific International Inc.,Halifax,B2Y 4T5,4801.50,1,44.661539,-63.556562,1,1
4340,2023-2024,2023,Oceans Technology,Hants,1,EDP,Romor Atlantic Limited,Mount Uniacke,B0N 1Z0,2150.00,1,45.020931,-63.888272,1,1
4341,2023-2024,2023,Oceans Technology,Hants,1,EDP,Romor Atlantic Limited,Mount Uniacke,B0N 1Z0,985.00,1,45.020931,-63.888272,1,1
4342,2023-2024,2023,Oceans Technology,Hants,1,EDP,Romor Atlantic Limited,Mount Uniacke,B0N 1Z0,1597.50,1,45.020931,-63.888272,1,1
4343,2023-2024,2023,Oceans Technology,Hants,1,EDP,Romor Atlantic Limited,Mount Uniacke,B0N 1Z0,1757.50,1,45.020931,-63.888272,1,1
4344,2023-2024,2023,Oceans Technology,Hants,1,EDP,Romor Atlantic Limited,Mount Uniacke,B0N 1Z0,1900.00,1,45.020931,-63.888272,1,1
4345,2023-2024,2023,Oceans Technology,Hants,1,EDP,Romor Atlantic Limited,Mount Uniacke,B0N 1Z0,1641.75,1,45.020931,-63.888272,1,1
4346,2023-2024,2023,Oceans Technology,Hants,1,EDP,Romor Atlantic Limited,Mount Uniacke,B0N 1Z0,4549.50,1,45.020931,-63.888272,1,1
4347,2023-2024,2023,Oceans Technology,Hants,1,EDP,Romor Atlantic Limited,Mount Uniacke,B0N 1Z0,1525.00,1,45.020931,-63.888272,1,1
4348,2023-2024,2023,Oceans Technology,Hants,1,EDP,Romor Atlantic Limited,Mount Uniacke,B0N 1Z0,1979.73,1,45.020931,-63.888272,1,1
4349,2023-2024,2023,Oceans Technology,Hants,1,EDP,Romor Atlantic Limited,Mount Uniacke,B0N 1Z0,1505.27,1,45.020931,-63.888272,1,1
4350,2023-2024,2023,Other,Halifax,1,EDP,Ryan Chute Group Inc.,Halifax,B3H 4B6,1100.00,1,44.641009,-63.601079,1,1
4351,2023-2024,2023,Other,Halifax,1,EDP,Ryan Chute Group Inc.,Halifax,B3H 4B6,2200.00,1,44.641009,-63.601079,1,1
4352,2023-2024,2023,Other,Halifax,1,EDP,Ryan Chute Group Inc.,Halifax,B3H 4B6,2200.00,1,44.641009,-63.601079,1,1
4353,2023-2024,2023,Other,Halifax,1,EDP,Safe At Home Physiotherapy,Middle Sackville,B4E 1S9,2509.19,1,44.777967,-63.703777,1,1
4354,2023-2024,2023,ICT,Halifax,1,EDP,SailTimer Inc.,Glen Haven,B3Z 2R9,1175.00,1,44.644944,-63.91208,1,1
4355,2023-2024,2023,ICT,Halifax,1,EDP,SailTimer Inc.,Glen Haven,B3Z 2R9,2812.50,1,44.644944,-63.91208,1,1
4356,2023-2024,2023,Clean Technology,Halifax,1,EDP,Scient Analytics Inc.,Halifax,B3J 1B6,5561.66,1,44.642052,-63.573957,1,1
4357,2023-2024,2023,Clean Technology,Halifax,1,EDP,Scient Analytics Inc.,Halifax,B3J 1B6,2087.50,1,44.642052,-63.573957,1,1
4358,2023-2024,2023,Advanced Manufacturing,Hants,1,EDP,Scotia Plastics Inc.,Shubenacadie,B0N 2H0,3800.00,1,45.093358,-63.41097,1,1
4359,2023-2024,2023,Food & Beverage (including Seafood),Shelburne,1,EDP,Sea Star Seafoods Limited,Clark's Harbour,B0W 1P0,3900.00,1,43.434529,-65.630171,1,1
4360,2023-2024,2023,Advanced Manufacturing,Halifax,1,EDP,Sealand Building Group Inc.,Lower Sackville,B4C 0A7,2300.00,1,44.759964,-63.650779,1,1
4361,2023-2024,2023,Food & Beverage (including Seafood),Shelburne,1,EDP,Sea Star Seafoods Limited,Clark's Harbour,B0W 1P0,5700.00,1,43.434529,-65.630171,1,1
4362,2023-2024,2023,Advanced Manufacturing,Halifax,1,EDP,Sealand Building Group Inc.,Lower Sackville,B4C 0A7,2300.00,1,44.759964,-63.650779,1,1
4363,2023-2024,2023,Advanced Manufacturing,Halifax,1,EDP,Sealand Building Group Inc.,Lower Sackville,B4C 0A7,3300.00,1,44.759964,-63.650779,1,1
4364,2023-2024,2023,Advanced Manufacturing,Halifax,1,EDP,Sealand Building Group Inc.,Lower Sackville,B4C 0A7,2700.00,1,44.759964,-63.650779,1,1
4365,2023-2024,2023,Advanced Manufacturing,Halifax,1,EDP,Sealand Building Group Inc.,Lower Sackville,B4C 0A7,2750.00,1,44.759964,-63.650779,1,1
4366,2023-2024,2023,Advanced Manufacturing,Halifax,1,EDP,Sealand Building Group Inc.,Lower Sackville,B4C 0A7,1600.00,1,44.759964,-63.650779,1,1
4367,2023-2024,2023,Advanced Manufacturing,Halifax,1,EDP,Sealand Building Group Inc.,Lower Sackville,B4C 0A7,2150.00,1,44.759964,-63.650779,1,1
4368,2023-2024,2023,Advanced Manufacturing,Halifax,1,EDP,Sealand Building Group Inc.,Lower Sackville,B4C 0A7,3350.00,1,44.759964,-63.650779,1,1
4369,2023-2024,2023,Advanced Manufacturing,Halifax,1,EDP,Sealand Building Group Inc.,Lower Sackville,B4C 0A7,2850.00,1,44.759964,-63.650779,1,1
4370,2023-2024,2023,ICT,Halifax,1,EDP,Sempre IT Limited,Halifax,B3H 2L7,1747.50,1,44.641972,-63.602762,1,1
4371,2023-2024,2023,ICT,Halifax,1,EDP,Sempre IT Limited,Halifax,B3H 2L7,949.99,1,44.641972,-63.602762,1,1
4372,2023-2024,2023,ICT,Halifax,1,EDP,Sempre IT Limited,Halifax,B3H 2L7,1512.50,1,44.641972,-63.602762,1,1
4373,2023-2024,2023,Advanced Manufacturing,Halifax,1,EDP,Sealand Building Group Inc.,Lower Sackville,B4C 0A7,4759.00,1,44.759964,-63.650779,1,1
4374,2023-2024,2023,ICT,Halifax,1,EDP,Sempre IT Limited,Halifax,B3H 2L7,900.00,1,44.641972,-63.602762,1,1
4375,2023-2024,2023,Oceans Technology,Halifax,1,EDP,Sensor Technology Ltd.,Dartmouth,B2Y 4T5,1600.00,1,44.66215,-63.556749,1,1
4376,2023-2024,2023,Oceans Technology,Halifax,1,EDP,Sensor Technology Ltd.,Dartmouth,B2Y 4T5,6498.87,1,44.66215,-63.556749,1,1
4377,2023-2024,2023,Oceans Technology,Halifax,1,EDP,Sensor Technology Ltd.,Dartmouth,B2Y 4T5,750.00,1,44.66215,-63.556749,1,1
4378,2023-2024,2023,Oceans Technology,Halifax,1,EDP,Sensor Technology Ltd.,Dartmouth,B2Y 4T5,5449.04,1,44.66215,-63.556749,1,1
4379,2023-2024,2023,Oceans Technology,Halifax,1,EDP,Sensor Technology Ltd.,Dartmouth,B2Y 4T5,1700.00,1,44.66215,-63.556749,1,1
4380,2023-2024,2023,Agrifood Technology,Hants,1,EDP,Shivani's Kitchen Ltd.,Halifax,B3S 1L1,3959.50,1,44.67045,-63.673896,1,1
4381,2023-2024,2023,Clean Technology,Halifax,1,EDP,Shifting Shap3S Inc.,Lower Sackville,B4C 1Y4,3110.00,1,44.769422,-63.6657,1,1
4382,2023-2024,2023,ICT,Halifax,1,EDP,SimplyCast Interactive Marketing LTD.,Halifax,B3B 1T3,2900.00,1,44.703231,-63.609971,1,1
4383,2023-2024,2023,Life Sciences,Halifax,1,EDP,Simply Go Natural Cosmetics Inc.,Halifax,B3M 0P6,1958.50,1,44.662218,-63.62621,1,1
4384,2023-2024,2023,ICT,Halifax,1,EDP,Site 2020 Incorporated,Dartmouth,B3B 1J3,4215.26,1,44.707393,-63.607079,1,1
4385,2023-2024,2023,ICT,Halifax,1,EDP,Site 2020 Incorporated,Dartmouth,B3B 1J3,5823.62,1,44.707393,-63.607079,1,1
4386,2023-2024,2023,ICT,Halifax,1,EDP,Site 2020 Incorporated,Dartmouth,B3B 1J3,4961.12,1,44.707393,-63.607079,1,1
4387,2023-2024,2023,ICT,Halifax,1,EDP,SimplyCast Interactive Marketing LTD.,Dartmouth,B3B 1T3,2900.00,1,44.703231,-63.609971,1,1
4388,2023-2024,2023,Other,Halifax,1,EDP,Skillconnect Eduservices,Halifax,B3M 4X1,2400.00,1,44.699917,-63.665604,1,1
4389,2023-2024,2023,ICT,Halifax,1,EDP,Skilled Cohort Incorporated,Halifax,B3L 2M9,1900.00,1,44.653756,-63.613478,1,1
4390,2023-2024,2023,ICT,Halifax,1,EDP,Skilled Cohort Incorporated,Halifax,B3L 2M9,1700.00,1,44.653756,-63.613478,1,1
4391,2023-2024,2023,Other,Halifax,1,EDP,Smarter Spaces Inc.,Halifax,B3J 2B9,2934.80,1,44.651239,-63.602342,1,1
4392,2023-2024,2023,Advanced Manufacturing,Halifax,1,EDP,Snap Innovations Inc.,Halifax,B3P 1M1,3650.00,1,44.618315,-63.614481,1,1
4393,2023-2024,2023,Advanced Manufacturing,Halifax,1,EDP,Snap Innovations Inc.,Halifax,B3P 1M1,1600.00,1,44.618315,-63.614481,1,1
4394,2023-2024,2023,Advanced Manufacturing,Halifax,1,EDP,Snap Innovations Inc.,Halifax,B3P 1M1,1550.00,1,44.618315,-63.614481,1,1
4395,2023-2024,2023,Advanced Manufacturing,Halifax,1,EDP,Snap Innovations Inc.,Halifax,B3P 1M1,1650.00,1,44.618315,-63.614481,1,1
4396,2023-2024,2023,Advanced Manufacturing,Halifax,1,EDP,Snap Innovations Inc.,Halifax,B3P 1M1,3300.00,1,44.618315,-63.614481,1,1
4397,2023-2024,2023,Advanced Manufacturing,Halifax,1,EDP,Snap Innovations Inc.,Halifax,B3P 1M1,2000.00,1,44.618315,-63.614481,1,1
4398,2023-2024,2023,Advanced Manufacturing,Halifax,1,EDP,Snap Innovations Inc.,Halifax,B3P 1M1,2342.50,1,44.618315,-63.614481,1,1
4399,2023-2024,2023,Advanced Manufacturing,Halifax,1,EDP,Snap Innovations Inc.,Halifax,B3P 1M1,1950.00,1,44.618315,-63.614481,1,1
4400,2023-2024,2023,Life Sciences,Halifax,1,EDP,Sona Nanotech Inc.,Dartmouth,B2Y 4M9,5450.00,1,44.661197,-63.542521,1,1
4401,2023-2024,2023,Life Sciences,Halifax,1,EDP,Sona Nanotech Inc.,Dartmouth,B2Y 4M9,2350.00,1,44.661197,-63.542521,1,1
4402,2023-2024,2023,Life Sciences,Halifax,1,EDP,Sona Nanotech Inc.,Dartmouth,B2Y 4M9,1750.00,1,44.661197,-63.542521,1,1
4403,2023-2024,2023,Life Sciences,Halifax,1,EDP,Sona Nanotech Inc.,Dartmouth,B2Y 4M9,1899.00,1,44.661197,-63.542521,1,1
4404,2023-2024,2023,Life Sciences,Halifax,1,EDP,Sona Nanotech Inc.,Dartmouth,B2Y 4M9,1950.00,1,44.661197,-63.542521,1,1
4405,2023-2024,2023,Clean Technology,Halifax,1,EDP,Sp*rk Electric Boats Inc.,Dartmouth,B2Y 1C4,2630.00,1,44.668754,-63.565667,1,1
4406,2023-2024,2023,Clean Technology,Halifax,1,EDP,Sp*rk Electric Boats Inc.,Dartmouth,B2Y 1C4,1515.00,1,44.668754,-63.565667,1,1
4407,2023-2024,2023,Advanced Manufacturing,Halifax,1,EDP,"Spiri Robotics, Inc.",Dartmouth,B2Y 4T5,2400.00,1,44.661539,-63.556562,1,1
4408,2023-2024,2023,Other,Pictou,1,EDP,Stark International Inc.,New Glasgow,B2H 2T3,6018.00,1,45.588132,-62.644248,1,1
4409,2023-2024,2023,Other,Pictou,1,EDP,Stark International Inc.,New Glasgow,B2H 2T3,1982.00,1,45.588132,-62.644248,1,1
4410,2023-2024,2023,Other,Pictou,1,EDP,Stark International Inc.,New Glasgow,B2H 2T3,2700.00,1,45.588132,-62.644248,1,1
4411,2023-2024,2023,Other,Pictou,1,EDP,Stark International Inc.,New Glasgow,B2H 2T3,4300.00,1,45.588132,-62.644248,1,1
4412,2023-2024,2023,ICT,Halifax,1,EDP,Starling Solutions Inc.,Fergusons Cove,B3V 1L7,15000.00,1,44.598382,-63.555831,1,1
4413,2023-2024,2023,Other,Pictou,1,EDP,Stark International Inc.,New Glasgow,B2H 2T3,1650.00,1,45.588132,-62.644248,1,1
4414,2023-2024,2023,Agrifood Technology,Antigonish,1,EDP,Steinhart Distillery Limited,Arisaig,B2G 2L1,1100.00,1,45.748053,-62.179918,1,1
4415,2023-2024,2023,Agrifood Technology,Antigonish,1,EDP,Steinhart Distillery Limited,Arisaig,B2G 2L1,3800.00,1,45.748053,-62.179918,1,1
4416,2023-2024,2023,Other,Halifax,1,EDP,Strongest Families Institute/Institute Des Familles Solides,Bedford,B4A 2K7,4400.00,1,44.730887,-63.655465,1,1
4417,2023-2024,2023,Other,Halifax,1,EDP,Strongest Families Institute/Institute Des Familles Solides,Bedford,B4A 2K7,3000.00,1,44.730887,-63.655465,1,1
4418,2023-2024,2023,Other,Halifax,1,EDP,Strongest Families Institute/Institute Des Familles Solides,Bedford,B4A 2K7,1665.00,1,44.730887,-63.655465,1,1
4419,2023-2024,2023,Other,Halifax,1,EDP,Strongest Families Institute/Institute Des Familles Solides,Bedford,B4A 2K7,3787.50,1,44.730887,-63.655465,1,1
4420,2023-2024,2023,Other,Halifax,1,EDP,Strongest Families Institute/Institute Des Familles Solides,Bedford,B4A 2K7,3000.00,1,44.730887,-63.655465,1,1
4421,2023-2024,2023,Agrifood Technology,Lunenburg,1,EDP,Sun Under The Sea Nutrition Inc.,Chester,B0J 1K0,1100.00,1,44.553777,-64.248911,1,1
4422,2023-2024,2023,Agrifood Technology,Lunenburg,1,EDP,Sun Under The Sea Nutrition Inc.,Chester,B0J 1K0,2200.00,1,44.553777,-64.248911,1,1
4423,2023-2024,2023,Advanced Manufacturing,Cumberland,1,EDP,Surrette Battery Company Limited,Springhill,B0M 1X0,3900.00,1,45.65348,-64.064479,1,1
4424,2023-2024,2023,Advanced Manufacturing,Cumberland,1,EDP,Surrette Battery Company Limited,Springhill,B0M 1X0,5600.00,1,45.65348,-64.064479,1,1
4425,2023-2024,2023,Advanced Manufacturing,Cumberland,1,EDP,Surrette Battery Company Limited,Springhill,B0M 1X0,2475.00,1,45.65348,-64.064479,1,1
4426,2023-2024,2023,Advanced Manufacturing,Cumberland,1,EDP,Surrette Battery Company Limited,Springhill,B0M 1X0,4900.00,1,45.65348,-64.064479,1,1
4427,2023-2024,2023,Oceans Technology,Halifax,1,EDP,Survival Systems Limited,Dartmouth,B2Y 4W6,2400.00,1,44.6562,-63.53977,1,1
4428,2023-2024,2023,Life Sciences,Cape Breton,1,EDP,Talem Health Analytics Incorporated,Sydney,B1R 1V2,900.00,1,46.112825,-60.233008,1,1
4429,2023-2024,2023,Life Sciences,Cape Breton,1,EDP,Talem Health Analytics Incorporated,Sydney,B1R 1V2,2200.00,1,46.112825,-60.233008,1,1
4430,2023-2024,2023,Life Sciences,Cape Breton,1,EDP,Talem Health Analytics Incorporated,Sydney,B1R 1V2,995.50,1,46.112825,-60.233008,1,1
4431,2023-2024,2023,ICT,Halifax,1,EDP,Talkatoo Inc.,Halifax,B3J 3K5,3800.00,1,44.644397,-63.572151,1,1
4432,2023-2024,2023,ICT,Halifax,1,EDP,Talkatoo Inc.,Halifax,B3J 3K5,4626.50,1,44.644397,-63.572151,1,1
4433,2023-2024,2023,ICT,Halifax,1,EDP,Talkatoo Inc.,Halifax,B3J 3K5,4161.00,1,44.644397,-63.572151,1,1
4434,2023-2024,2023,ICT,Halifax,1,EDP,Talkatoo Inc.,Halifax,B3J 3K5,2412.00,1,44.644397,-63.572151,1,1
4435,2023-2024,2023,ICT,Richmond,1,EDP,Tangelo Audio Limited,Louisdale,B0E 1V0,3135.00,1,45.602743,-61.057296,1,1
4436,2023-2024,2023,ICT,Richmond,1,EDP,Tangelo Audio Limited,Louisdale,B0E 1V0,2900.00,1,45.602743,-61.057296,1,1
4437,2023-2024,2023,ICT,Richmond,1,EDP,Tangelo Audio Limited,Louisdale,B0E 1V0,2150.00,1,45.602743,-61.057296,1,1
4438,2023-2024,2023,ICT,Richmond,1,EDP,Tangelo Audio Limited,Louisdale,B0E 1V0,4900.00,1,45.602743,-61.057296,1,1
4439,2023-2024,2023,Other,Halifax,1,EDP,The GlobalEyes Network Inc.,Halifax,B3K 3W7,4300.00,1,44.654069,-63.590765,1,1
4440,2023-2024,2023,Other,Halifax,1,EDP,The Archival Agent,Halifax,B3M 1A3,1700.00,1,44.660517,-63.631312,1,1
4441,2023-2024,2023,Other,Halifax,1,EDP,The Archival Agent,Halifax,B3M 1A3,1300.00,1,44.660517,-63.631312,1,1
4442,2023-2024,2023,Other,Halifax,1,EDP,The Archival Agent,Halifax,B3M 1A3,1900.00,1,44.660517,-63.631312,1,1
4443,2023-2024,2023,Agrifood Technology,Halifax,1,EDP,The Nova Scotian Cookie Company Inc.,Porters Lake,B3E 1L2,5802.85,1,44.684054,-63.309238,1,1
4444,2023-2024,2023,Agrifood Technology,Halifax,1,EDP,The Nova Scotian Cookie Company Inc.,Porters Lake,B3E 1L2,4717.50,1,44.684054,-63.309238,1,1
4445,2023-2024,2023,Other,Halifax,1,EDP,The GlobalEyes Network Inc.,Halifax,B3K 3W7,6559.00,1,44.654069,-63.590765,1,1
4446,2023-2024,2023,Other,Halifax,1,EDP,The GlobalEyes Network Inc.,Halifax,B3K 3W7,6584.50,1,44.654069,-63.590765,1,1
4447,2023-2024,2023,Agrifood Technology,Halifax,1,EDP,The Nova Scotian Cookie Company Inc.,Porters Lake,B3E 1L2,4487.50,1,44.684054,-63.309238,1,1
4448,2023-2024,2023,Agrifood Technology,Halifax,1,EDP,The Nova Scotian Cookie Company Inc.,Porters Lake,B3E 1L2,4300.00,1,44.684054,-63.309238,1,1
4449,2023-2024,2023,Advanced Manufacturing,Guysborough,1,EDP,The Soap Company Of Nova Scotia (SCONS) Ltd.,Sherbrooke,B0J 3C0,3358.14,1,45.144066,-61.990798,1,1
4450,2023-2024,2023,Advanced Manufacturing,Guysborough,1,EDP,The Soap Company Of Nova Scotia (SCONS) Ltd.,Sherbrooke,B0J 3C0,750.00,1,45.144066,-61.990798,1,1
4451,2023-2024,2023,Other,Halifax,1,EDP,Think Self-Management Inc.,Halifax,B3H 3M7,4496.50,1,44.640529,-63.590912,1,1
4452,2023-2024,2023,Advanced Manufacturing,Guysborough,1,EDP,The Soap Company Of Nova Scotia (SCONS) Ltd.,Sherbrooke,B0J 3C0,1641.86,1,45.144066,-61.990798,1,1
4453,2023-2024,2023,Other,Halifax,1,EDP,Thinkwell Shift Resource Conservation Inc.,Dartmouth,B2Y 1C6,4300.00,1,44.668022,-63.567023,1,1
4454,2023-2024,2023,Other,Halifax,1,EDP,To Be Determined Inc.,Upper Tantallon,B3Z 1M5,3640.00,1,44.711044,-63.869567,1,1
4455,2023-2024,2023,Other,Halifax,1,EDP,This Is Marketing Limited,Dartmouth,B2Y 1H5,1700.00,1,44.666186,-63.566178,1,1
4456,2023-2024,2023,ICT,Cape Breton,1,EDP,Tracker Inventory Systems Inc.,Sydney,B1P 1P9,4570.00,1,46.145798,-60.197296,1,1
4457,2023-2024,2023,Food & Beverage (including Seafood),Halifax,1,EDP,Tribune Seafood Limited,Sambro,B3V 1L5,4600.00,1,44.479573,-63.598785,1,1
4458,2023-2024,2023,Other,Halifax,1,EDP,True North Fabrication Limited,Halifax,B3M 4S9,1300.00,1,44.670166,-63.66842,1,1
4459,2023-2024,2023,Other,Halifax,1,EDP,Trinav Fisheries Consultants Inc.,Dartmouth,B3B 1N3,2750.00,1,44.707954,-63.594977,1,1
4460,2023-2024,2023,Other,Halifax,1,EDP,True North Fabrication Limited,Halifax,B3M 4S9,2340.00,1,44.670166,-63.66842,1,1
4461,2023-2024,2023,Other,Halifax,1,EDP,True North Fabrication Limited,Halifax,B3M 4S9,1800.00,1,44.670166,-63.66842,1,1
4462,2023-2024,2023,Other,Halifax,1,EDP,True North Fabrication Limited,Halifax,B3M 4S9,1200.00,1,44.670166,-63.66842,1,1
4463,2023-2024,2023,Other,Halifax,1,EDP,True North Fabrication Limited,Halifax,B3M 4S9,1500.00,1,44.670166,-63.66842,1,1
4464,2023-2024,2023,Other,Halifax,1,EDP,True North Fabrication Limited,Halifax,B3M 4S9,1425.00,1,44.670166,-63.66842,1,1
4465,2023-2024,2023,Other,Halifax,1,EDP,True North Fabrication Limited,Halifax,B3M 4S9,900.00,1,44.670166,-63.66842,1,1
4466,2023-2024,2023,Other,Halifax,1,EDP,True North Fabrication Limited,Halifax,B3M 4S9,2200.00,1,44.670166,-63.66842,1,1
4467,2023-2024,2023,ICT,Halifax,1,EDP,Tyche Innovations Ltd.,Halifax,B3J 3R7,900.00,1,44.65264,-63.574524,1,1
4468,2023-2024,2023,ICT,Halifax,1,EDP,Tyche Innovations Ltd.,Halifax,B3J 3R7,1500.00,1,44.65264,-63.574524,1,1
4469,2023-2024,2023,ICT,Halifax,1,EDP,Tyche Innovations Ltd.,Halifax,B3J 3R7,1950.00,1,44.65264,-63.574524,1,1
4470,2023-2024,2023,ICT,Halifax,1,EDP,Union.Dev Software Inc.,Bedford,B4A 0H4,1700.00,1,44.701053,-63.686057,1,1
4471,2023-2024,2023,ICT,Halifax,1,EDP,Union.Dev Software Inc.,Bedford,B4A 0H4,1650.00,1,44.701053,-63.686057,1,1
4472,2023-2024,2023,ICT,Halifax,1,EDP,Union.Dev Software Inc.,Bedford,B4A 0H4,1700.00,1,44.701053,-63.686057,1,1
4473,2023-2024,2023,Advanced Manufacturing,Lunenburg,1,EDP,Vale Packaging Limited,Hubbards,B0J 1T0,4600.00,1,44.588841,-64.068809,1,1
4474,2023-2024,2023,Advanced Manufacturing,Lunenburg,1,EDP,Vale Packaging Limited,Hubbards,B0J 1T0,4800.00,1,44.588841,-64.068809,1,1
4475,2023-2024,2023,ICT,Halifax,1,EDP,Uplift Content Inc.,Dartmouth,B2Y 2G6,2228.12,1,44.662896,-63.551048,1,1
4476,2023-2024,2023,ICT,Halifax,1,EDP,UpBeing Inc.,Halifax,B3J 3N8,4400.00,1,44.648457,-63.575942,1,1
4477,2023-2024,2023,Advanced Manufacturing,Lunenburg,1,EDP,Vale Packaging Limited,Hubbards,B0J 1T0,5600.00,1,44.588841,-64.068809,1,1
4478,2023-2024,2023,Advanced Manufacturing,Lunenburg,1,EDP,Vale Packaging Limited,Hubbards,B0J 1T0,5137.50,1,44.588841,-64.068809,1,1
4479,2023-2024,2023,Other,Halifax,1,EDP,Valor BPS Limited,Halifax,B3J 3R7,2352.50,1,44.65264,-63.574524,1,1
4480,2023-2024,2023,Other,Halifax,1,EDP,Valor BPS Limited,Halifax,B3J 3R7,2150.00,1,44.65264,-63.574524,1,1
4481,2023-2024,2023,Other,Halifax,1,EDP,Vanessa Burns Consulting Group,Halifax,B3K 4A5,1910.00,1,44.671088,-63.615037,1,1
4482,2023-2024,2023,ICT,Colchester,1,EDP,Vandy Digital Marketing Inc.,Brookfield,B0N 1C0,2150.00,1,45.272786,-63.287508,1,1
4483,2023-2024,2023,Other,Halifax,1,EDP,Vanessa Burns Consulting Group,Halifax,B3K 4A5,750.00,1,44.671088,-63.615037,1,1
4484,2023-2024,2023,Other,Halifax,1,EDP,Vanity Fashions Limited,Dartmouth,B3B 1Z6,3900.00,1,44.715588,-63.583139,1,1
4485,2023-2024,2023,Other,Halifax,1,EDP,Vanity Fashions Limited,Dartmouth,B3B 1Z6,2150.00,1,44.715588,-63.583139,1,1
4486,2023-2024,2023,Other,Halifax,1,EDP,Vanity Fashions Limited,Dartmouth,B3B 1Z6,4282.50,1,44.715588,-63.583139,1,1
4487,2023-2024,2023,Other,Halifax,1,EDP,Vanity Fashions Limited,Dartmouth,B3B 1Z6,1100.00,1,44.715588,-63.583139,1,1
4488,2023-2024,2023,Other,Halifax,1,EDP,Vanity Fashions Limited,Dartmouth,B3B 1Z6,1400.00,1,44.715588,-63.583139,1,1
4489,2023-2024,2023,Other,Halifax,1,EDP,Vanity Fashions Limited,Dartmouth,B3B 1Z6,1400.00,1,44.715588,-63.583139,1,1
4490,2023-2024,2023,Other,Halifax,1,EDP,Vanity Fashions Limited,Dartmouth,B3B 1Z6,4412.50,1,44.715588,-63.583139,1,1
4491,2023-2024,2023,ICT,Halifax,1,EDP,Vesuvius Media Ltd.,Halifax,B3M 1W8,4684.62,1,44.675459,-63.650965,1,1
4492,2023-2024,2023,Agrifood Technology,Colchester,1,EDP,VerFa Agrifood Innovations Inc.,Truro,B2N 6T2,4300.00,1,45.348699,-63.292157,1,1
4493,2023-2024,2023,Agrifood Technology,Colchester,1,EDP,VerFa Agrifood Innovations Inc.,Truro,B2N 6T2,5900.00,1,45.348699,-63.292157,1,1
4494,2023-2024,2023,ICT,Halifax,1,EDP,Vesuvius Media Ltd.,Halifax,B3M 1W8,3436.09,1,44.675459,-63.650965,1,1
4495,2023-2024,2023,ICT,Halifax,1,EDP,Vesuvius Media Ltd.,Halifax,B3M 1W8,4429.29,1,44.675459,-63.650965,1,1
4496,2023-2024,2023,ICT,Halifax,1,EDP,Vesuvius Media Ltd.,Halifax,B3M 1W8,2450.00,1,44.675459,-63.650965,1,1
4497,2023-2024,2023,ICT,Halifax,1,EDP,Via Initiatives Inc.,Bedford,B4B 2E7,5194.77,1,44.723594,-63.698933,1,1
4498,2023-2024,2023,ICT,Halifax,1,EDP,Via Initiatives Inc.,Bedford,B4B 2E7,7353.00,1,44.723594,-63.698933,1,1
4499,2023-2024,2023,Food & Beverage (including Seafood),Victoria,1,EDP,Victoria Co-operative Fisheries Limited,Neil's Harbour,B0C 1N0,5400.00,1,46.814445,-60.31945,1,1
4500,2023-2024,2023,Food & Beverage (including Seafood),Victoria,1,EDP,Victoria Co-operative Fisheries Limited,Neil's Harbour,B0C 1N0,4400.00,1,46.814445,-60.31945,1,1
4501,2023-2024,2023,Food & Beverage (including Seafood),Victoria,1,EDP,Victoria Co-operative Fisheries Limited,Neil's Harbour,B0C 1N0,2900.00,1,46.814445,-60.31945,1,1
4502,2023-2024,2023,Food & Beverage (including Seafood),Victoria,1,EDP,Victoria Co-operative Fisheries Limited,Neil's Harbour,B0C 1N0,1700.00,1,46.814445,-60.31945,1,1
4503,2023-2024,2023,ICT,Halifax,1,EDP,Virtual Hallway Consults Inc.,Halifax,B3K 1B6,2187.50,1,44.651345,-63.586101,1,1
4504,2023-2024,2023,ICT,Halifax,1,EDP,Virtual Hallway Consults Inc.,Halifax,B3K 1B6,4612.50,1,44.651345,-63.586101,1,1
4505,2023-2024,2023,ICT,Halifax,1,EDP,Virtual Hallway Consults Inc.,Halifax,B3K 1B6,1100.00,1,44.651345,-63.586101,1,1
4506,2023-2024,2023,ICT,Colchester,1,EDP,VoltsUp Technologies Inc.,Truro,B2N 3H9,4300.00,1,45.365973,-63.286396,1,1
4507,2023-2024,2023,ICT,Halifax,1,EDP,WarrierTech Inc.,Bedford,B4B 0H8,1197.50,1,44.721124,-63.705275,1,1
4508,2023-2024,2023,ICT,Halifax,1,EDP,WarrierTech Inc.,Bedford,B4B 0H8,1025.00,1,44.721124,-63.705275,1,1
4509,2023-2024,2023,ICT,Halifax,1,EDP,WarrierTech Inc.,Bedford,B4B 0H8,1900.00,1,44.721124,-63.705275,1,1
4510,2023-2024,2023,ICT,Halifax,1,EDP,WarrierTech Inc.,Bedford,B4B 0H8,1090.00,1,44.721124,-63.705275,1,1
4511,2023-2024,2023,ICT,Halifax,1,EDP,WarrierTech Inc.,Bedford,B4B 0H8,3900.00,1,44.721124,-63.705275,1,1
4512,2023-2024,2023,ICT,Halifax,1,EDP,WarrierTech Inc.,Bedford,B4B 0H8,1225.00,1,44.721124,-63.705275,1,1
4513,2023-2024,2023,Other,Halifax,1,EDP,Waterford Energy Services Inc.,Halifax,B3L 0B7,3278.50,1,44.644559,-63.618301,1,1
4514,2023-2024,2023,Other,Halifax,1,EDP,Waterford Energy Services Inc.,Halifax,B3L 0B7,2692.00,1,44.644559,-63.618301,1,1
4515,2023-2024,2023,Other,Halifax,1,EDP,Waterford Energy Services Inc.,Halifax,B3L 0B7,3984.00,1,44.644559,-63.618301,1,1
4516,2023-2024,2023,Other,Halifax,1,EDP,Waterford Energy Services Inc.,Halifax,B3L 0B7,5100.00,1,44.644559,-63.618301,1,1
4517,2023-2024,2023,Other,Lunenburg,1,EDP,West Dublin Buffalo Dairy,LaHave,B0R 1C0,5800.00,1,44.255006,-64.400271,1,1
4518,2023-2024,2023,Financial Services,Halifax,1,EDP,Wesben Global Ltd.,Halifax,B3M 2L3,2087.50,1,44.684138,-63.660347,1,1
4519,2023-2024,2023,Financial Services,Halifax,1,EDP,Wesben Global Ltd.,Halifax,B3M 2L3,1319.02,1,44.684138,-63.660347,1,1
4520,2023-2024,2023,Food & Beverage (including Seafood),Halifax,1,EDP,West Fish Canada Limited,Dartmouth,B2W 6C4,1950.00,1,44.670575,-63.525611,1,1
4521,2023-2024,2023,Other,Halifax,1,EDP,Westgate Executive Branding & Career Consulting Inc.,Dartmouth,B2Y 3V9,2957.50,1,44.66496,-63.542382,1,1
4522,2023-2024,2023,Other,Halifax,1,EDP,Westgate Executive Branding & Career Consulting Inc.,Dartmouth,B2Y 3V9,1300.00,1,44.66496,-63.542382,1,1
4523,2023-2024,2023,Other,Halifax,1,EDP,Westgate Executive Branding & Career Consulting Inc.,Dartmouth,B2Y 3V9,1700.00,1,44.66496,-63.542382,1,1
4524,2023-2024,2023,Other,Halifax,1,EDP,Westgate Executive Branding & Career Consulting Inc.,Dartmouth,B2Y 3V9,1500.00,1,44.66496,-63.542382,1,1
4525,2023-2024,2023,Other,Halifax,1,EDP,WeUsThem Inc.,Halifax,B3J 3K9,3285.00,1,44.648531,-63.574547,1,1
4526,2023-2024,2023,Other,Halifax,1,EDP,Westgate Executive Branding & Career Consulting Inc.,Dartmouth,B2Y 3V9,4700.00,1,44.66496,-63.542382,1,1
4527,2023-2024,2023,Other,Halifax,1,EDP,Westgate Executive Branding & Career Consulting Inc.,Dartmouth,B2Y 3V9,2842.50,1,44.66496,-63.542382,1,1
4528,2023-2024,2023,Other,Halifax,1,EDP,WeUsThem Inc.,Halifax,B3J 3K9,1800.00,1,44.648531,-63.574547,1,1
4529,2023-2024,2023,Other,Halifax,1,EDP,WeUsThem Inc.,Halifax,B3J 3K9,1833.20,1,44.648531,-63.574547,1,1
4530,2023-2024,2023,Other,Halifax,1,EDP,WeUsThem Inc.,Halifax,B3J 3K9,3416.55,1,44.648531,-63.574547,1,1
4531,2023-2024,2023,Other,Halifax,1,EDP,WeUsThem Inc.,Halifax,B3J 3K9,2778.96,1,44.648531,-63.574547,1,1
4532,2023-2024,2023,ICT,Halifax,1,EDP,Workworld Labour Services Inc.,Halifax,B3M 4H4,2995.00,1,44.721236,-63.713981,1,1
4533,2023-2024,2023,Food & Beverage (including Seafood),Halifax,1,EDP,World Link Food Distributors Inc.,Goffs,B2T 1K3,2600.00,1,44.854553,-63.545988,1,1
4534,2023-2024,2023,Other,Yarmouth,1,EDP,Word-Craft Inc.,Middle West Pubnico,B0W 2M0,1827.08,1,43.661754,-65.81889,1,1
4535,2023-2024,2023,Other,Yarmouth,1,EDP,Word-Craft Inc.,Middle West Pubnico,B0W 2M0,3250.00,1,43.661754,-65.81889,1,1
4536,2023-2024,2023,Other,Yarmouth,1,EDP,Word-Craft Inc.,Middle West Pubnico,B0W 2M0,1500.00,1,43.661754,-65.81889,1,1
4537,2023-2024,2023,Oceans Technology,Halifax,1,EDP,Xeos Technologies Inc.,Dartmouth,B3B 1L6,3300.00,1,44.714482,-63.605001,1,1
4538,2023-2024,2023,Oceans Technology,Halifax,1,EDP,Xeos Technologies Inc.,Dartmouth,B3B 1L6,3100.00,1,44.714482,-63.605001,1,1
4539,2023-2024,2023,Oceans Technology,Halifax,1,EDP,Xeos Technologies Inc.,Dartmouth,B3B 1L6,1300.00,1,44.714482,-63.605001,1,1
4540,2023-2024,2023,Oceans Technology,Halifax,1,EDP,Xeos Technologies Inc.,Dartmouth,B3B 1L6,1750.00,1,44.714482,-63.605001,1,1
4541,2023-2024,2023,Oceans Technology,Halifax,1,EDP,Xeos Technologies Inc.,Dartmouth,B3B 1L6,2200.00,1,44.714482,-63.605001,1,1
4542,2023-2024,2023,Oceans Technology,Halifax,1,EDP,Xeos Technologies Inc.,Dartmouth,B3B 1L6,3000.00,1,44.714482,-63.605001,1,1
4543,2023-2024,2023,Oceans Technology,Halifax,1,EDP,Xeos Technologies Inc.,Dartmouth,B3B 1L6,1700.00,1,44.714482,-63.605001,1,1
4544,2023-2024,2023,Oceans Technology,Halifax,1,EDP,Xeos Technologies Inc.,Dartmouth,B3B 1L6,2550.00,1,44.714482,-63.605001,1,1
4545,2023-2024,2023,Clean Technology,Halifax,1,EDP,Zen Energy Inc.,Dartmouth,B2Y 4M9,2200.00,1,44.661197,-63.542521,1,1
4546,2023-2024,2023,Clean Technology,Halifax,1,EDP,Zen Energy Inc.,Dartmouth,B2Y 4M9,1500.00,1,44.661197,-63.542521,1,1
4547,2023-2024,2023,Clean Technology,Halifax,1,EDP,Zen Energy Inc.,Dartmouth,B2Y 4M9,950.00,1,44.661197,-63.542521,1,1
4548,2023-2024,2023,Clean Technology,Halifax,1,EDP,Zen Energy Inc.,Dartmouth,B2Y 4M9,2228.01,1,44.661197,-63.542521,1,1
4549,2023-2024,2023,Clean Technology,Halifax,1,EDP,Zen Energy Inc.,Dartmouth,B2Y 4M9,2475.00,1,44.661197,-63.542521,1,1
4550,2023-2024,2023,Oceans Technology,Halifax,1,EDP,Zero North America Inc.,Halifax,B3M 1V1,1550.00,1,44.671374,-63.654258,1,1
4551,2023-2024,2023,Oceans Technology,Halifax,1,EDP,Zero North America Inc.,Halifax,B3M 1V1,7000.00,1,44.671374,-63.654258,1,1
4552,2023-2024,2023,Oceans Technology,Halifax,1,EDP,Zero North America Inc.,Halifax,B3M 1V1,3100.00,1,44.671374,-63.654258,1,1
4553,2023-2024,2023,Oceans Technology,Halifax,1,EDP,Zero North America Inc.,Halifax,B3M 1V1,2825.00,1,44.671374,-63.654258,1,1
