objectid,area_name,designation,authority,owner,status,hectares,designation_year,record_rank
752,Tobeatic Wilderness Area,Wilderness Area,NS Environment and Climate Change,NS Environment and Climate Change,Designated,103645.77,,1
35,Cape Breton Highlands National Park Of Canada,National Park,Parks Canada Agency. Environment and Climate Change Canada,Parks Canada Agency. Environment and Climate Change Canada,Designated,95130.79,,2
48,Kejimkujik National Park And National Historic Site Of Canada,National Park,Parks Canada Agency. Environment and Climate Change Canada,Parks Canada Agency. Environment and Climate Change Canada,Designated,38121.34,,3
77,Polletts Cove - Aspy Fault Wilderness Area,Wilderness Area,NS Environment and Climate Change,NS Environment and Climate Change,Designated,27226.66,,4
664,Kelley River Wilderness Area,Wilderness Area,NS Environment and Climate Change,NS Environment and Climate Change,Designated,20925.38,,5
499,Medway Lakes Wilderness Area,Wilderness Area,NS Environment and Climate Change,NS Environment and Climate Change,Designated,19583.00,,6
111,Tidney River Wilderness Area,Wilderness Area,NS Environment and Climate Change,NS Environment and Climate Change,Designated,17790.07,,7
158,French River Wilderness Area,Wilderness Area,NS Environment and Climate Change,NS Environment and Climate Change,Designated,16417.99,,8
92,Tangier Grand Lake Wilderness Area,Wilderness Area,NS Environment and Climate Change,NS Environment and Climate Change,Designated,16029.86,,9
12,Tobeatic Wilderness Area,Wilderness Area,NS Environment and Climate Change,NS Environment and Climate Change,Designated,15672.94,,10
89,Ship Harbour Long Lake Wilderness Area,Wilderness Area,NS Environment and Climate Change,NS Environment and Climate Change,Designated,14807.84,,11
162,Cloud Lake Wilderness Area,Wilderness Area,NS Environment and Climate Change,NS Environment and Climate Change,Designated,10823.02,,12
150,Bonnet Lake Barrens Wilderness Area,Wilderness Area,NS Environment and Climate Change,NS Environment and Climate Change,Designated,10366.99,,13
174,Five Bridge Lakes Wilderness Area,Wilderness Area,NS Environment and Climate Change,NS Environment and Climate Change,Designated,8625.92,,14
119,Waverley - Salmon River Long Lake Wilderness Area,Wilderness Area,NS Environment and Climate Change,NS Environment and Climate Change,Designated,8620.97,,15
152,Canso Coastal Barrens Wilderness Area,Wilderness Area,NS Environment and Climate Change,NS Environment and Climate Change,Designated,8012.97,,16
182,French River Wilderness Area,Wilderness Area,NS Environment and Climate Change,NS Environment and Climate Change,Designated,7096.63,,17
536,South Panuke Wilderness Area,Wilderness Area,NS Environment and Climate Change,NS Environment and Climate Change,Designated,6842.52,,18
63,Margaree River Wilderness Area,Wilderness Area,NS Environment and Climate Change,NS Environment and Climate Change,Designated,6831.53,,19
57,Toadfish Lakes Wilderness Area,Wilderness Area,NS Environment and Climate Change,NS Environment and Climate Change,Designated,6319.97,,20
172,Economy River Wilderness Area,Wilderness Area,NS Environment and Climate Change,NS Environment and Climate Change,Designated,6040.70,,21
66,Middle River Framboise Wilderness Area,Wilderness Area,NS Environment and Climate Change,NS Environment and Climate Change,Designated,5636.55,,22
67,Middle River Wilderness Area,Wilderness Area,NS Environment and Climate Change,NS Environment and Climate Change,Designated,5617.72,,23
750,Economy River Wilderness Area,Wilderness Area,NS Environment and Climate Change,NS Environment and Climate Change,Designation decision made,5495.31,,24
76,Ogden Round Lake Wilderness Area,Wilderness Area,NS Environment and Climate Change,NS Environment and Climate Change,Designated,5469.08,,25
82,Silver River Wilderness Area,Wilderness Area,NS Environment and Climate Change,NS Environment and Climate Change,Designated,5293.91,,26
79,Raven Head Wilderness Area,Wilderness Area,NS Environment and Climate Change,NS Environment and Climate Change,Designated,5257.14,,27
39,Cloud Lake Wilderness Area,Wilderness Area,NS Environment and Climate Change,NS Environment and Climate Change,Designated,4892.63,,28
495,Fourchu Coast Wilderness Area,Wilderness Area,NS Environment and Climate Change,NS Environment and Climate Change,Designated,4810.55,,29
121,White Lake Wilderness Area,Wilderness Area,NS Environment and Climate Change,NS Environment and Climate Change,Designated,4533.32,,30
100,Terence Bay Wilderness Area,Wilderness Area,NS Environment and Climate Change,NS Environment and Climate Change,Designated,4429.28,,31
137,Cape Chignecto Provincial Park,Provincial Park,NS Department of Natural Resources and Renewables,NS Department of Natural Resources and Renewables,Designated,4232.76,,32
138,Eigg Mountain - James River Wilderness Area,Wilderness Area,NS Environment and Climate Change,NS Environment and Climate Change,Designated,4131.73,,33
3,Lake Rossignol Wilderness Area,Wilderness Area,NS Environment and Climate Change,NS Environment and Climate Change,Designated,4072.70,,34
662,Bowers Meadows Wilderness Area,Wilderness Area,NS Environment and Climate Change,NS Environment and Climate Change,Designated,4014.28,,35
74,North River Wilderness Area,Wilderness Area,NS Environment and Climate Change,NS Environment and Climate Change,Designated,3986.93,,36
1096,Island Lake Wilderness Area,Wilderness Area,NS Environment and Climate Change,NS Environment and Climate Change,Designation decision made,3916.73,,37
184,Gully Lake Wilderness Area,Wilderness Area,NS Environment and Climate Change,NS Environment and Climate Change,Designated,3815.95,,38
183,Gabarus Wilderness Area,Wilderness Area,NS Environment and Climate Change,NS Environment and Climate Change,Designated,3749.26,,39
149,Boggy Lake Wilderness Area,Wilderness Area,NS Environment and Climate Change,NS Environment and Climate Change,Designated,3708.45,,40
177,Humes River Wilderness Area,Wilderness Area,NS Environment and Climate Change,NS Environment and Climate Change,Designated,3625.20,,41
103,Dunraven Bog Nature Reserve,Nature Reserve,NS Environment and Climate Change,NS Environment and Climate Change,Designated,3464.26,,42
498,Liscomb River Wilderness Area,Wilderness Area,NS Environment and Climate Change,NS Environment and Climate Change,Designated,3357.24,,43
507,St. Marys River Provincial Park,Provincial Park,NS Department of Natural Resources and Renewables,NS Department of Natural Resources and Renewables,Designated,3213.99,,44
50,Sable Island National Park Reserve Of Canada/Sable Island Bird Sanctuary,"National Park, Migratory Bird Sanctuary",Parks Canada Agency. Environment and Climate Change Canada,Parks Canada Agency. Environment and Climate Change Canada,Designated,3102.18,,45
1104,Guysborough Headlands Wilderness Area,Wilderness Area,NS Environment and Climate Change,NS Environment and Climate Change,Designation decision made,3012.55,,46
176,The Stillwaters Wilderness Area,Wilderness Area,NS Environment and Climate Change,NS Environment and Climate Change,Designated,2969.24,,47
6,Liscomb River Wilderness Area,Wilderness Area,NS Environment and Climate Change,NS Environment and Climate Change,Designated,2962.41,,48
113,Trout Brook Wilderness Area,Wilderness Area,NS Environment and Climate Change,NS Environment and Climate Change,Designated,2861.14,,49
613,Chignecto Isthmus Wilderness Area,Wilderness Area,NS Environment and Climate Change,NS Environment and Climate Change,Designated,2784.99,,50
154,Baddeck River Wilderness Area,Wilderness Area,NS Environment and Climate Change,NS Environment and Climate Change,Designated,2778.24,,51
68,Kluscap Wilderness Area,Wilderness Area,NS Environment and Climate Change,NS Environment and Climate Change,Designated,2776.89,,52
110,The Big Bog Wilderness Area,Wilderness Area,NS Environment and Climate Change,NS Environment and Climate Change,Designated,2707.51,,53
784,Pu'tlaqne'katik,Wilderness Area,NS Environment and Climate Change,NS Environment and Climate Change,Designated,2641.78,,54
112,Tidney River Wilderness Area,Wilderness Area,NS Environment and Climate Change,NS Environment and Climate Change,Designated,2613.56,,55
595,Tracadie River Wilderness Area,Wilderness Area,NS Environment and Climate Change,NS Environment and Climate Change,Designated,2525.83,,56
192,Tidney River Wilderness Area,Wilderness Area,NS Environment and Climate Change,NS Environment and Climate Change,Designated,2306.66,,57
88,Shelburne River Wilderness Area,Wilderness Area,NS Environment and Climate Change,NS Environment and Climate Change,Designated,2266.82,,58
661,Walton River Wilderness Area,Wilderness Area,NS Environment and Climate Change,NS Environment and Climate Change,Designated,2245.79,,59
129,Eigg Mountain - James River Wilderness Area,Wilderness Area,NS Environment and Climate Change,NS Environment and Climate Change,Designated,2176.47,,60
702,Kejimkujik National Park And National Historic Site Of Canada,National Park,Parks Canada Agency. Environment and Climate Change Canada,Parks Canada Agency. Environment and Climate Change Canada,Designated,2158.90,,61
80,Margaree River Wilderness Area,Wilderness Area,NS Environment and Climate Change,NS Environment and Climate Change,Designated,2139.52,,62
1101,Big Plains Wilderness Area,Wilderness Area,NS Environment and Climate Change,NS Environment and Climate Change,Designation decision made,2118.25,,63
78,Portapique River Wilderness Area,Wilderness Area,NS Environment and Climate Change,NS Environment and Climate Change,Designated,2060.34,,64
126,Scrag Lake Wilderness Area,Wilderness Area,NS Environment and Climate Change,NS Environment and Climate Change,Designated,1960.41,,65
665,Wentworth Valley Wilderness Area,Wilderness Area,NS Environment and Climate Change,NS Environment and Climate Change,Designated,1954.23,,66
93,Devils Jaw Wilderness Area,Wilderness Area,NS Environment and Climate Change,NS Environment and Climate Change,Designated,1940.41,,67
161,Clattenburgh Brook Wilderness Area,Wilderness Area,NS Environment and Climate Change,NS Environment and Climate Change,Designated,1912.51,,68
190,Pockwock Wilderness Area,Wilderness Area,NS Environment and Climate Change,NS Environment and Climate Change,Designated,1899.96,,69
52,Eastern Shore Islands Wilderness Area,Wilderness Area,NS Environment and Climate Change,NS Environment and Climate Change,Designated,1852.56,,70
58,Twelve Mile Stream Wilderness Area,Wilderness Area,NS Environment and Climate Change,NS Environment and Climate Change,Designated,1792.77,,71
2,Jim Campbells Barren Wilderness Area,Wilderness Area,NS Environment and Climate Change,NS Environment and Climate Change,Designated,1735.91,,72
136,Cape Chignecto Provincial Park,Provincial Park,NS Department of Natural Resources and Renewables,NS Department of Natural Resources and Renewables,Designated,1722.80,,73
81,Roseway River Wilderness Area,Wilderness Area,NS Environment and Climate Change,NS Environment and Climate Change,Designated,1691.04,,74
55,Tusket River Wilderness Area,Wilderness Area,NS Environment and Climate Change,NS Environment and Climate Change,Designated,1663.36,,75
10,Ruiss Noir Wilderness Area,Wilderness Area,NS Environment and Climate Change,NS Environment and Climate Change,Designated,1602.50,,76
553,Indian Fields Provincial Park,Provincial Park,NS Department of Natural Resources and Renewables,NS Department of Natural Resources and Renewables,Designated,1565.23,,77
87,Scatarie Island Wilderness Area,Wilderness Area,NS Environment and Climate Change,NS Environment and Climate Change,Designated,1496.09,,78
471,Holden Lake Wilderness Area,Wilderness Area,NS Environment and Climate Change,NS Environment and Climate Change,Designated,1490.85,,79
681,Cape Mabou Wilderness Area,Wilderness Area,NS Environment and Climate Change,NS Environment and Climate Change,Designated,1457.45,,80
965,Eigg Mountain - James River Wilderness Area,Wilderness Area,"NS Environment and Climate Change, Town of Antigonish",Town of Antigonish,Designated,1333.93,,81
148,Blue Mountain - Birch Cove Lakes Wilderness Area,Wilderness Area,NS Environment and Climate Change,NS Environment and Climate Change,Designated,1316.87,,82
23,Baleine Nature Reserve,Nature Reserve,NS Environment and Climate Change,NS Environment and Climate Change,Designated,1268.26,,83
529,Katewe'katik,Wilderness Area,NS Environment and Climate Change,NS Environment and Climate Change,Designated,1256.87,,84
41,Sissiboo River Wilderness Area,Wilderness Area,NS Environment and Climate Change,NS Environment and Climate Change,Designated,1203.26,,85
530,Silver River Wilderness Area,"Wilderness Area, Conservation Easement","NS Environment and Climate Change, Nature Conservancy of Canada",NS Environment and Climate Change,Designated,1180.17,,86
102,Shelburne River Wilderness Area,Wilderness Area,NS Environment and Climate Change,NS Environment and Climate Change,Designated,1177.79,,87
157,Calvary River Wilderness Area,Wilderness Area,NS Environment and Climate Change,NS Environment and Climate Change,Designated,1174.40,,88
83,Rogues Roost Wilderness Area,Wilderness Area,NS Environment and Climate Change,NS Environment and Climate Change,Designated,1127.96,,89
189,North Mountain Wilderness Area,Wilderness Area,NS Environment and Climate Change,NS Environment and Climate Change,Designated,1080.01,,90
1120,Blue Mountain - Birch Cove Lakes Wilderness Area,Wilderness Area,NS Environment and Climate Change,NS Environment and Climate Change,Designation decision made,1037.09,,91
552,West Dover Provincial Park,Provincial Park,NS Department of Natural Resources and Renewables,NS Department of Natural Resources and Renewables,Designated,1036.41,,92
519,Port La Tour Bogs Wilderness Area,Wilderness Area,NS Environment and Climate Change,NS Environment and Climate Change,Designated,1022.63,,93
169,Ghost Antler Nature Reserve,Nature Reserve,NS Environment and Climate Change,NS Environment and Climate Change,Designated,1007.30,,94
28,North River Wilderness Area,Wilderness Area,NS Environment and Climate Change,NS Environment and Climate Change,Designated,978.81,,95
191,Porcupine Lake Wilderness Area,Wilderness Area,NS Environment and Climate Change,NS Environment and Climate Change,Designated,974.31,,96
733,Portapique River Wilderness Area,Wilderness Area,NS Environment and Climate Change,NS Environment and Climate Change,Designation decision made,973.75,,97
59,Boggy Lake Wilderness Area,Wilderness Area,NS Environment and Climate Change,NS Environment and Climate Change,Designated,973.25,,98
963,Chignecto Isthmus Wilderness Area,Wilderness Area,"NS Environment and Climate Change, Town of Amherst",Town of Amherst,Designated,963.27,,99
71,Bornish Hill Nature Reserve,Nature Reserve,NS Environment and Climate Change,NS Environment and Climate Change,Designated,954.74,,100
541,Tidney River Conservation Lands,Land Trust or Conservation Easement,"NS Department of Natural Resources and Renewables, Nature Conservancy of Canada",NS Department of Natural Resources and Renewables,Considered protected,946.85,,101
56,Ship Harbour Long Lake Wilderness Area,Wilderness Area,NS Environment and Climate Change,NS Environment and Climate Change,Designated,929.35,,102
598,Carleton River Wilderness Area,Wilderness Area,NS Environment and Climate Change,NS Environment and Climate Change,Designated,919.21,,103
767,Tobeatic Wilderness Area,Wilderness Area,NS Environment and Climate Change,NS Environment and Climate Change,Designated,892.09,,104
594,Lake Charlotte Provincial Park,Provincial Park,NS Department of Natural Resources and Renewables,NS Department of Natural Resources and Renewables,Designated,878.43,,105
650,Chase Lake Wilderness Area,Wilderness Area,NS Environment and Climate Change,NS Environment and Climate Change,Designated,873.56,,106
135,Blomidon Provincial Park,Provincial Park,NS Department of Natural Resources and Renewables,NS Department of Natural Resources and Renewables,Designated,840.97,,107
7,Masons Mountain Nature Reserve,Nature Reserve,NS Environment and Climate Change,NS Environment and Climate Change,Designated,830.76,,108
735,Sackville River Wilderness Area,Wilderness Area,NS Environment and Climate Change,NS Environment and Climate Change,Designation decision made,804.27,,109
934,Silver River Wilderness Area,"Wilderness Area, Land Trust","NS Environment and Climate Change, Nature Conservancy of Canada",Nature Conservancy of Canada,Designated,804.23,,110
551,Taylor Head Provincial Park,Provincial Park,NS Department of Natural Resources and Renewables,NS Department of Natural Resources and Renewables,Designated,799.64,,111
9,Petite Bog Nature Reserve,Nature Reserve,NS Environment and Climate Change,NS Environment and Climate Change,Designated,798.80,,112
95,Polly Brook Wilderness Area,Wilderness Area,NS Environment and Climate Change,NS Environment and Climate Change,Designated,780.74,,113
527,Dollar Lake Provincial Park,Provincial Park,NS Department of Natural Resources and Renewables,NS Department of Natural Resources and Renewables,Designated,770.75,,114
966,Alder Ground Wilderness Area,Wilderness Area,NS Environment and Climate Change,NS Environment and Climate Change,Designated,753.69,,115
38,Chimney Corner Nature Reserve,Nature Reserve,NS Environment and Climate Change,NS Environment and Climate Change,Designated,749.56,,116
91,Sugarloaf Mountain Wilderness Area,Wilderness Area,NS Environment and Climate Change,NS Environment and Climate Change,Designated,746.45,,117
506,Barra Forest and MacNeils Vale Provincial Park,Provincial Park,NS Department of Natural Resources and Renewables,NS Department of Natural Resources and Renewables,Designated,733.28,,118
1092,Long Lake Bog Nature Reserve,Nature Reserve,NS Environment and Climate Change,NS Environment and Climate Change,Designation decision made,726.26,,119
94,Devils Jaw Wilderness Area,Wilderness Area,NS Environment and Climate Change,NS Environment and Climate Change,Designated,725.95,,120
14,Tusket Islands Wilderness Area,Wilderness Area,NS Environment and Climate Change,NS Environment and Climate Change,Designated,706.24,,121
20,Seven Falls Nature Reserve,Nature Reserve,NS Environment and Climate Change,NS Environment and Climate Change,Designated,692.99,,122
518,Port L'Hebert Nature Reserve,Nature Reserve,NS Environment and Climate Change,NS Environment and Climate Change,Designated,691.31,,123
981,Archibald Lake Wilderness Area,Wilderness Area,NS Environment and Climate Change,NS Environment and Climate Change,Designation decision made,687.41,,124
159,French River Wilderness Area,Wilderness Area,NS Environment and Climate Change,NS Environment and Climate Change,Designated,685.67,,125
482,Middle River Wilderness Area,Wilderness Area,NS Environment and Climate Change,NS Environment and Climate Change,Designated,660.70,,126
535,Smith Lake Nature Reserve,Nature Reserve,NS Environment and Climate Change,NS Environment and Climate Change,Designated,645.25,,127
118,Spinneys Heath Nature Reserve,Nature Reserve,NS Environment and Climate Change,NS Environment and Climate Change,Designated,642.37,,128
1109,Douglas Meadow Brook Wilderness Area,Wilderness Area,NS Environment and Climate Change,NS Environment and Climate Change,Designation decision made,638.31,,129
164,Cloud Lake Wilderness Area,Wilderness Area,NS Environment and Climate Change,NS Environment and Climate Change,Designated,621.42,,130
101,White Lake Wilderness Area,Wilderness Area,NS Environment and Climate Change,NS Environment and Climate Change,Designated,568.13,,131
960,Barneys River Nature Reserve,Nature Reserve,NS Environment and Climate Change,NS Environment and Climate Change,Designated,566.88,,132
134,Blomidon Provincial Park,Provincial Park,NS Department of Natural Resources and Renewables,NS Department of Natural Resources and Renewables,Designated,558.13,,133
147,Cains Mountain Wilderness Area,Wilderness Area,NS Environment and Climate Change,NS Environment and Climate Change,Designated,554.81,,134
566,Cape Smokey Provincial Park,Provincial Park,NS Department of Natural Resources and Renewables,NS Department of Natural Resources and Renewables,Designated,539.14,,135
62,John Lusby Marsh National Wildlife Area,National Wildlife Area,Canadian Wildlife Service. Environment and Climate Change Canada,Canadian Wildlife Service. Environment and Climate Change Canada,Designated,537.69,,136
114,Skull Bog Lake Nature Reserve,Nature Reserve,NS Environment and Climate Change,NS Environment and Climate Change,Designated,524.14,,137
753,Tobeatic Wilderness Area,Wilderness Area,NS Environment and Climate Change,NS Environment and Climate Change,Designated,506.25,,138
144,Crystal Crescent Beach Provincial Park,Provincial Park,NS Department of Natural Resources and Renewables,NS Department of Natural Resources and Renewables,Designated,498.93,,139
732,Sand Pond National Wildlife Area,National Wildlife Area,Canadian Wildlife Service. Environment and Climate Change Canada,Canadian Wildlife Service. Environment and Climate Change Canada,Designated,492.40,,140
967,Alder Ground Wilderness Area,Wilderness Area,NS Environment and Climate Change,NS Environment and Climate Change,Designated,489.08,,141
51,Denis Lakes Wilderness Area,Wilderness Area,NS Environment and Climate Change,NS Environment and Climate Change,Designated,487.67,,142
65,McGill Lake Wilderness Area,Wilderness Area,NS Environment and Climate Change,NS Environment and Climate Change,Designated,476.58,,143
36,Blue Mountain - Birch Cove Lakes Wilderness Area,Wilderness Area,NS Environment and Climate Change,NS Environment and Climate Change,Designated,451.11,,144
493,Cape Split Provincial Park,Provincial Park,NS Department of Natural Resources and Renewables,NS Department of Natural Resources and Renewables,Designated,448.56,,145
666,River Inhabitants Nature Reserve,Nature Reserve,NS Environment and Climate Change,NS Environment and Climate Change,Designated,436.46,,146
766,Medway Lakes Wilderness Area,Wilderness Area,NS Environment and Climate Change,NS Environment and Climate Change,Designation decision made,430.19,,147
104,Snowshoe Lakes Nature Reserve,Nature Reserve,NS Environment and Climate Change,NS Environment and Climate Change,Designated,419.21,,148
741,Wallace Bay National Wildlife Area,National Wildlife Area,Canadian Wildlife Service. Environment and Climate Change Canada,Canadian Wildlife Service. Environment and Climate Change Canada,Designated,419.10,,149
1077,Clyde River Conservation Lands,Land Trust or Conservation Easement,Nature Conservancy of Canada,Nature Conservancy of Canada,Considered protected,415.96,,150
60,Chignecto National Wildlife Area/Amherst Point Bird Sanctuary,"National Wildlife Area, Migratory Bird Sanctuary",Canadian Wildlife Service. Environment and Climate Change Canada,Canadian Wildlife Service. Environment and Climate Change Canada,Designated,408.56,,151
475,Tusket River Atlantic Coastal Plain Flora Conservation Lands,Land Trust or Conservation Easement,Nature Conservancy of Canada,Nature Conservancy of Canada,Considered protected,407.04,,152
497,Indian Man Lake Nature Reserve,Nature Reserve,NS Environment and Climate Change,NS Environment and Climate Change,Designated,404.74,,153
503,Quinns Meadow Conservation Lands,Land Trust or Conservation Easement,Nature Conservancy of Canada,Nature Conservancy of Canada,Considered protected,404.65,,154
180,Long Lake Nature Reserve,Nature Reserve,NS Environment and Climate Change,NS Environment and Climate Change,Designated,400.95,,155
30,Raven Head Wilderness Area,Wilderness Area,NS Environment and Climate Change,NS Environment and Climate Change,Designated,398.28,,156
1111,Harpers Lake Nature Reserve,Nature Reserve,NS Environment and Climate Change,NS Environment and Climate Change,Designation decision made,395.80,,157
145,Dollar Lake Provincial Park,Provincial Park,NS Department of Natural Resources and Renewables,NS Department of Natural Resources and Renewables,Designated,395.17,,158
514,Chignecto Isthmus Conservation Lands,Land Trust or Conservation Easement,Nature Conservancy of Canada,Nature Conservancy of Canada,Considered protected,389.24,,159
188,Loon Lake Nature Reserve,Nature Reserve,NS Environment and Climate Change,NS Environment and Climate Change,Designated,384.37,,160
72,Duncans Cove Nature Reserve,Nature Reserve,NS Environment and Climate Change,NS Environment and Climate Change,Designated,369.10,,161
720,Old Annapolis Road Nature Reserve,Nature Reserve,NS Environment and Climate Change,NS Environment and Climate Change,Designated,367.37,,162
106,River Inhabitants Nature Reserve,Nature Reserve,NS Environment and Climate Change,NS Environment and Climate Change,Designated,360.97,,163
179,Little Beaver Lakes Nature Reserve,Nature Reserve,NS Environment and Climate Change,NS Environment and Climate Change,Designated,360.40,,164
581,Five Islands Provincial Park,Provincial Park,NS Department of Natural Resources and Renewables,NS Department of Natural Resources and Renewables,Designated,352.91,,165
1113,South Panuke Wilderness Area,Wilderness Area,NS Environment and Climate Change,NS Environment and Climate Change,Designation decision made,348.58,,166
73,Great Barren and Quinan Lakes Nature Reserve,Nature Reserve,NS Environment and Climate Change,NS Environment and Climate Change,Designated,347.11,,167
22,Tennycape River Nature Reserve,Nature Reserve,NS Environment and Climate Change,NS Environment and Climate Change,Designated,346.06,,168
105,Quinns Meadow Nature Reserve,Nature Reserve,NS Environment and Climate Change,NS Environment and Climate Change,Designated,341.89,,169
90,Ship Harbour Long Lake Wilderness Area,Wilderness Area,NS Environment and Climate Change,NS Environment and Climate Change,Designated,331.78,,170
70,Blandford Nature Reserve,Nature Reserve,NS Environment and Climate Change,NS Environment and Climate Change,Designated,318.89,,171
1051,Cape Negro Island Conservation Lands,Land Trust or Conservation Easement,Nova Scotia Nature Trust,Nova Scotia Nature Trust,Considered protected,316.68,,172
1095,Point Michaud Nature Reserve,Nature Reserve,NS Environment and Climate Change,NS Environment and Climate Change,Designation decision made,309.23,,173
11,Rush Lake Nature Reserve,Nature Reserve,NS Environment and Climate Change,NS Environment and Climate Change,Designated,307.07,,174
633,Margaree Brook Nature Reserve,Nature Reserve,NS Environment and Climate Change,NS Environment and Climate Change,Designated,297.76,,175
280,Deep Cove Conservation Lands,Land Trust or Conservation Easement,Nature Conservancy of Canada,Nature Conservancy of Canada,Considered protected,289.32,,176
120,Waverley - Salmon River Long Lake Wilderness Area,Wilderness Area,NS Environment and Climate Change,NS Environment and Climate Change,Designated,287.48,,177
85,Long Lake Nature Reserve,Nature Reserve,NS Environment and Climate Change,NS Environment and Climate Change,Designated,284.88,,178
961,Big Meadow Brook Nature Reserve,Nature Reserve,NS Environment and Climate Change,NS Environment and Climate Change,Designated,283.60,,179
751,Wallace Bay National Wildlife Area,National Wildlife Area,Canadian Wildlife Service. Environment and Climate Change Canada,Canadian Wildlife Service. Environment and Climate Change Canada,Designated,281.39,,180
45,Bennery Lake Nature Reserve,Nature Reserve,NS Environment and Climate Change,NS Environment and Climate Change,Designated,278.61,,181
53,Fossil Coast Nature Reserve,Nature Reserve,NS Environment and Climate Change,NS Environment and Climate Change,Designated,277.33,,182
722,Glendyer Nature Reserve,Nature Reserve,NS Environment and Climate Change,NS Environment and Climate Change,Designated,276.22,,183
516,Northwest Brook Nature Reserve,Nature Reserve,NS Environment and Climate Change,NS Environment and Climate Change,Designated,270.85,,184
968,Angevine Lake Nature Reserve,Nature Reserve,NS Environment and Climate Change,NS Environment and Climate Change,Designated,270.78,,185
736,Owls Head Provincial Park,Provincial Park,NS Department of Natural Resources and Renewables,NS Department of Natural Resources and Renewables,Designated,267.39,,186
434,French River Conservation Lands,Land Trust or Conservation Easement,Nature Conservancy of Canada,Nature Conservancy of Canada,Considered protected,267.32,,187
19,Seal Island Conservation Lands,Land Trust or Conservation Easement,Nova Scotia Nature Trust,Nova Scotia Nature Trust,Considered protected,266.58,,188
531,Ship Harbour Long Lake Wilderness Area,"Wilderness Area, Conservation Easement",NS Environment and Climate Change,NS Environment and Climate Change,Designated,266.19,,189
477,Third Lake Conservation Lands,Land Trust or Conservation Easement,Nature Conservancy of Canada,Nature Conservancy of Canada,Considered protected,252.67,,190
1093,Mulgrave Hills Nature Reserve,Nature Reserve,NS Environment and Climate Change,NS Environment and Climate Change,Designation decision made,247.49,,191
1091,Wolfville Watershed Nature Preserve,Land Trust or Conservation Easement,Nova Scotia Nature Trust and Town of Wolfville,Town of Wolfville,Considered protected,237.95,,192
723,Porcupine Brook Nature Reserve,Nature Reserve,NS Environment and Climate Change,NS Environment and Climate Change,Designated,237.61,,193
675,Brier Island Conservation Lands,Land Trust or Conservation Easement,Nature Conservancy of Canada,Nature Conservancy of Canada,Considered protected,231.45,,194
5,Lake Rossignol Wilderness Area,Wilderness Area,NS Environment and Climate Change,NS Environment and Climate Change,Designated,230.85,,195
707,Tobeatic Wilderness Area,Wilderness Area,NS Environment and Climate Change,NS Environment and Climate Change,Designated,222.83,,196
949,Silver River Wilderness Area,"Wilderness Area, Land Trust","NS Environment and Climate Change, Nature Conservancy of Canada",Nature Conservancy of Canada,Designated,221.25,,197
42,Tait Lake Nature Reserve,Nature Reserve,NS Environment and Climate Change,NS Environment and Climate Change,Designated,216.42,,198
679,Borgles Island Conservation Lands,Land Trust or Conservation Easement,Nova Scotia Nature Trust,Nova Scotia Nature Trust,Considered protected,215.65,,199
637,Long Lake Bog Conservation Lands,Land Trust or Conservation Easement,Nature Conservancy of Canada,Nature Conservancy of Canada,Considered protected,209.05,,200
279,Holden Lake Wilderness Area,Wilderness Area,"NS Environment and Climate Change, Nova Scotia Power Inc.",Nova Scotia Power Inc.,Designated,205.26,,201
480,North East Bay Conservation Lands,Land Trust or Conservation Easement,"NS Department of Natural Resources and Renewables, Nature Conservancy of Canada",NS Department of Natural Resources and Renewables,Considered protected,202.79,,202
651,Steepbank Brook Nature Reserve,Nature Reserve,"NS Environment and Climate Change, NS Department of Natural Resources and Renewables",NS Environment and Climate Change,Designated,202.20,,203
175,Eagles Nest Nature Reserve,Nature Reserve,NS Environment and Climate Change,NS Environment and Climate Change,Designated,187.78,,204
13,Trout Brook Wilderness Area,Wilderness Area,NS Environment and Climate Change,NS Environment and Climate Change,Designated,185.90,,205
1138,St. Marys River Crows Nest Conservation Lands,Land Trust or Conservation Easement,Nova Scotia Nature Trust,Nova Scotia Nature Trust,Considered protected,184.32,,206
972,Abraham Lake Nature Reserve,"Nature Reserve, Land Trust","NS Environment and Climate Change, Nature Conservancy of Canada",Nature Conservancy of Canada,Designated,182.30,,207
815,Gold River Lake Conservation Lands,Land Trust or Conservation Easement,Nova Scotia Nature Trust and private owner(s),Private owner(s),Considered protected,178.74,,208
64,McGill Lake Wilderness Area,Wilderness Area,NS Environment and Climate Change,NS Environment and Climate Change,Designated,177.53,,209
473,Blue Mountain Wilderness Connector,Land Trust or Conservation Easement,Nova Scotia Nature Trust,Nova Scotia Nature Trust,Considered protected,177.51,,210
1060,Haley Lake Conservation Lands,Land Trust or Conservation Easement,Nature Conservancy of Canada,Nature Conservancy of Canada,Considered protected,176.70,,211
596,Johnson Lake Nature Reserve,Nature Reserve,NS Environment and Climate Change,NS Environment and Climate Change,Designated,174.40,,212
1115,Gully Lake Wilderness Area,Wilderness Area,NS Environment and Climate Change,NS Environment and Climate Change,Designation decision made,174.30,,213
537,Tangier Grand Lake Wilderness Area,Wilderness Area,NS Environment and Climate Change,NS Environment and Climate Change,Designated,169.37,,214
538,Tupper Lake Nature Reserve,Nature Reserve,NS Environment and Climate Change,NS Environment and Climate Change,Designated,166.88,,215
542,Twin Lakes Conservation Lands,Land Trust or Conservation Easement,Nature Conservancy of Canada,Nature Conservancy of Canada,Considered protected,163.88,,216
690,River Denys Nature Reserve,Nature Reserve,NS Environment and Climate Change,NS Environment and Climate Change,Designated,163.23,,217
143,Cape Smokey Provincial Park,Provincial Park,NS Department of Natural Resources and Renewables,NS Department of Natural Resources and Renewables,Designated,161.45,,218
1081,McLeans Lake Conservation Lands,Land Trust or Conservation Easement,Ducks Unlimited Canada,Ducks Unlimited Canada,Considered protected,161.35,,219
185,Irish Cove Nature Reserve,Nature Reserve,NS Environment and Climate Change,NS Environment and Climate Change,Designated,159.93,,220
178,Lambs Lake Nature Reserve,Nature Reserve,NS Environment and Climate Change,NS Environment and Climate Change,Designated,159.40,,221
582,Five Islands Provincial Park,Provincial Park,NS Department of Natural Resources and Renewables,NS Department of Natural Resources and Renewables,Designated,157.39,,222
1160,Ponhook Lake Nature Reserve,Nature Reserve,NS Environment and Climate Change,NS Environment and Climate Change,Designation decision made,156.41,,223
1161,Peppered Moon Nature Reserve,"Nature Reserve, Conservation Easement",NS Environment and Climate Change,NS Environment and Climate Change,Designated,155.42,,224
97,Panuke Lake Nature Reserve,Nature Reserve,NS Environment and Climate Change,NS Environment and Climate Change,Designated,148.17,,225
1116,Liscomb River Wilderness Area,Wilderness Area,NS Environment and Climate Change,NS Environment and Climate Change,Designation decision made,143.87,,226
647,Torbrook Nature Reserve,Nature Reserve,NS Environment and Climate Change,NS Environment and Climate Change,Designated,143.83,,227
558,Upper Ohio Conservation Lands,Land Trust or Conservation Easement,Nature Conservancy of Canada,Nature Conservancy of Canada,Considered protected,142.10,,228
1062,Haley Lake Conservation Lands,Land Trust or Conservation Easement,Nature Conservancy of Canada,Nature Conservancy of Canada,Considered protected,141.97,,229
534,Sloans Lake Nature Reserve,Nature Reserve,NS Environment and Climate Change,NS Environment and Climate Change,Designated,141.21,,230
973,Abraham Lake Nature Reserve,"Nature Reserve, Land Trust","NS Environment and Climate Change, Nature Conservancy of Canada",Nature Conservancy of Canada,Designated,138.41,,231
99,Tangier Grand Lake Wilderness Area,Wilderness Area,NS Environment and Climate Change,NS Environment and Climate Change,Designated,137.91,,232
1090,Bon Portage Conservation Lands,Land Trust or Conservation Easement,Nova Scotia Nature Trust,Acadia University,Considered protected,136.22,,233
1099,Ogden Round Lake Wilderness Area,Wilderness Area,NS Environment and Climate Change,NS Environment and Climate Change,Designation decision made,135.26,,234
1127,Ponys Point Conservation Lands,Land Trust or Conservation Easement,Nova Scotia Nature Trust,Nova Scotia Nature Trust,Considered protected,134.23,,235
467,Hardwood Lake Conservation Lands,Land Trust or Conservation Easement,Nova Scotia Nature Trust,Nova Scotia Nature Trust,Considered protected,133.05,,236
168,Gabarus Wilderness Area,Wilderness Area,NS Environment and Climate Change,NS Environment and Climate Change,Designated,132.22,,237
701,Kejimkujik National Park And National Historic Site Of Canada,National Park,Parks Canada Agency. Environment and Climate Change Canada,Parks Canada Agency. Environment and Climate Change Canada,Designated,129.68,,238
515,Northwest Brook Nature Reserve,Nature Reserve,NS Environment and Climate Change,NS Environment and Climate Change,Designated,129.64,,239
532,Ship Harbour Long Lake Wilderness Area,Wilderness Area,NS Environment and Climate Change,NS Environment and Climate Change,Designated,128.21,,240
84,Indian Man Lake Nature Reserve,Nature Reserve,NS Environment and Climate Change,NS Environment and Climate Change,Designated,125.91,,241
678,Jack & Darlene Stone Conservation Lands,Land Trust or Conservation Easement,Nova Scotia Nature Trust,Nova Scotia Nature Trust,Considered protected,125.69,,242
25,Kennetcook River Nature Reserve,Nature Reserve,NS Environment and Climate Change,NS Environment and Climate Change,Designated,124.57,,243
569,Wilson's Lake Conservation Lands,Land Trust or Conservation Easement,Nova Scotia Nature Trust,Nova Scotia Nature Trust,Considered protected,124.32,,244
1084,Gaetz Conservation Lands,Land Trust or Conservation Easement,Ducks Unlimited Canada,Ducks Unlimited Canada,Considered protected,123.67,,245
116,Toadfish Lakes Wilderness Area,Wilderness Area,NS Environment and Climate Change,NS Environment and Climate Change,Designated,121.15,,246
186,Janvrin Island Nature Reserve,Nature Reserve,NS Environment and Climate Change,NS Environment and Climate Change,Designated,120.99,,247
639,Devils Jaw Wilderness Area,"Wilderness Area, Conservation Easement",NS Environment and Climate Change,NS Environment and Climate Change,Designated,120.96,,248
616,MacLeod Brook Nature Reserve,Nature Reserve,NS Environment and Climate Change,NS Environment and Climate Change,Designated,120.90,,249
494,Economy Point Nature Reserve,Nature Reserve,NS Environment and Climate Change,NS Environment and Climate Change,Designated,120.70,,250
830,Great Island Conservation Lands,Land Trust or Conservation Easement,Nova Scotia Nature Trust and private owner(s),Private owner(s),Considered protected,118.60,,251
916,Bennetts Lake Conservation Lands,Land Trust or Conservation Easement,Nature Conservancy of Canada,Nature Conservancy of Canada,Considered protected,118.16,,252
1033,Little Harbour Conservation Lands,Land Trust or Conservation Easement,Nova Scotia Nature Trust,Nova Scotia Nature Trust,Considered protected,117.92,,253
1061,Haley Lake Conservation Lands,Land Trust or Conservation Easement,Nature Conservancy of Canada,Nature Conservancy of Canada,Considered protected,117.43,,254
520,Rawdon River Nature Reserve,Nature Reserve,NS Environment and Climate Change,NS Environment and Climate Change,Designated,115.86,,255
1059,Haley Lake Conservation Lands,Land Trust or Conservation Easement,Nature Conservancy of Canada,Nature Conservancy of Canada,Considered protected,115.55,,256
862,Plaister Cliffs Conservation Lands,Land Trust or Conservation Easement,Nova Scotia Nature Trust,Nova Scotia Nature Trust,Considered protected,115.43,,257
193,Tidney River Wilderness Area,Wilderness Area,NS Environment and Climate Change,NS Environment and Climate Change,Designated,113.09,,258
46,Diligent River Nature Reserve,Nature Reserve,NS Environment and Climate Change,NS Environment and Climate Change,Designated,112.39,,259
24,Black River Bog Nature Reserve,Nature Reserve,NS Environment and Climate Change,NS Environment and Climate Change,Designated,109.13,,260
667,Hectanooga Cedar Swamp Nature Reserve,Nature Reserve,NS Environment and Climate Change,NS Environment and Climate Change,Designated,107.60,,261
622,Port LaTour Conservation Lands,Land Trust or Conservation Easement,Nova Scotia Nature Trust,Nova Scotia Nature Trust,Considered protected,106.57,,262
27,MacAulays Hill Nature Reserve,Nature Reserve,NS Environment and Climate Change,NS Environment and Climate Change,Designated,104.77,,263
348,Pennant River Conservation Lands,Land Trust or Conservation Easement,Nova Scotia Nature Trust,Nova Scotia Nature Trust,Considered protected,103.29,,264
392,Port Joli Conservation Lands,Land Trust or Conservation Easement,Nature Conservancy of Canada,Nature Conservancy of Canada,Considered protected,102.77,,265
334,Dr. Bill Freedman Nature Reserve,Land Trust or Conservation Easement,Nature Conservancy of Canada,Nature Conservancy of Canada,Considered protected,102.27,,266
378,Johnstons Pond Conservation Lands,Land Trust or Conservation Easement,Nature Conservancy of Canada,Nature Conservancy of Canada,Considered protected,100.89,,267
1008,Argyle Head Conservation Lands,Land Trust or Conservation Easement,Ducks Unlimited Canada,Ducks Unlimited Canada,Considered protected,100.80,,268
508,Silver River - Long Tusket Lake Conservation Lands,Land Trust or Conservation Easement,Nature Conservancy of Canada,Nature Conservancy of Canada,Considered protected,99.80,,269
1159,Porters Lake Conservation Lands,Land Trust or Conservation Easement,Nature Conservancy of Canada,Nature Conservancy of Canada,Considered protected,97.12,,270
486,Atlantic Coastal Plain Flora Conservation Lands,Land Trust or Conservation Easement,Nature Conservancy of Canada,Nature Conservancy of Canada,Considered protected,96.43,,271
749,Eastern Shore Islands Wilderness Area,Wilderness Area,NS Environment and Climate Change,NS Environment and Climate Change,Designation decision made,95.58,,272
864,Luxton Meadows Conservation Lands,Land Trust or Conservation Easement,Nova Scotia Nature Trust,Nova Scotia Nature Trust,Considered protected,95.40,,273
496,Harrison Woods Nature Reserve,Nature Reserve,NS Environment and Climate Change,NS Environment and Climate Change,Designated,93.97,,274
641,Carleton River Conservation Lands,Land Trust or Conservation Easement,Nature Conservancy of Canada,Nature Conservancy of Canada,Considered protected,93.62,,275
488,Atlantic Coastal Plain Flora Conservation Lands,Land Trust or Conservation Easement,Nature Conservancy of Canada,Nature Conservancy of Canada,Considered protected,93.54,,276
646,Southwest Mabou River Nature Reserve,Nature Reserve,NS Environment and Climate Change,NS Environment and Climate Change,Designated,93.23,,277
609,Little Narrows Conservation Lands,Land Trust or Conservation Easement,Nature Conservancy of Canada,Nature Conservancy of Canada,Considered protected,91.48,,278
370,Pugwash River Estuary Conservation Lands,Land Trust or Conservation Easement,Nature Conservancy of Canada,Nature Conservancy of Canada,Considered protected,90.02,,279
517,Polletts Cove - Aspy Fault Wilderness Area,Wilderness Area,NS Environment and Climate Change,NS Environment and Climate Change,Designated,89.34,,280
26,Lake Egmont Nature Reserve,Nature Reserve,NS Environment and Climate Change,NS Environment and Climate Change,Designated,89.25,,281
731,Boot Island National Wildlife Area,National Wildlife Area,Canadian Wildlife Service. Environment and Climate Change Canada,Canadian Wildlife Service. Environment and Climate Change Canada,Designated,88.89,,282
1068,Carleton River Conservation Lands,Land Trust or Conservation Easement,Nature Conservancy of Canada,Nature Conservancy of Canada,Considered protected,86.80,,283
170,Kelley River Wilderness Area,Wilderness Area,NS Environment and Climate Change,NS Environment and Climate Change,Designated,86.69,,284
44,Aylesford Mountain Nature Reserve,Nature Reserve,NS Environment and Climate Change,NS Environment and Climate Change,Designated,86.47,,285
873,Skudiak Lake Conservation Lands,Land Trust or Conservation Easement,Nature Conservancy of Canada,Nature Conservancy of Canada,Considered protected,86.39,,286
1112,Minard Brook Nature Reserve,Nature Reserve,NS Environment and Climate Change,NS Environment and Climate Change,Designation decision made,83.51,,287
484,Tusket River Wilderness Area,Wilderness Area,NS Environment and Climate Change,NS Environment and Climate Change,Designated,83.40,,288
638,Shingle Mill Bog Conservation Lands,Land Trust or Conservation Easement,Nature Conservancy of Canada,Nature Conservancy of Canada,Considered protected,82.34,,289
1026,Otter Brook Conservation Lands,Land Trust or Conservation Easement,Ducks Unlimited Canada,Ducks Unlimited Canada,Considered protected,82.19,,290
142,West Branch Medway River Nature Reserve,"Nature Reserve, Wilderness Area",NS Environment and Climate Change,NS Environment and Climate Change,Designated,81.85,,291
173,Economy River Wilderness Area,Wilderness Area,NS Environment and Climate Change,NS Environment and Climate Change,Designated,81.68,,292
635,Seal Cove Nature Reserve,Nature Reserve,NS Environment and Climate Change,NS Environment and Climate Change,Designated,81.54,,293
757,Mabou Highlands Conservation Lands (4),Land Trust or Conservation Easement,Nova Scotia Nature Trust,Nova Scotia Nature Trust,Considered protected,81.30,,294
576,Upper Ohio Conservation Lands,Land Trust or Conservation Easement,Nature Conservancy of Canada,Nature Conservancy of Canada,Considered protected,80.56,,295
163,Cloud Lake Wilderness Area,Wilderness Area,NS Environment and Climate Change,NS Environment and Climate Change,Designated,80.08,,296
579,Lime Hill Conservation Lands,Land Trust or Conservation Easement,Nova Scotia Nature Trust,Nova Scotia Nature Trust,Considered protected,79.14,,297
1038,Harbour Island Conservation Lands,Land Trust or Conservation Easement,Nova Scotia Nature Trust,Nova Scotia Nature Trust,Considered protected,79.01,,298
1086,Simsons Corner Conservation Lands,Land Trust or Conservation Easement,Ducks Unlimited Canada,Ducks Unlimited Canada,Considered protected,78.58,,299
603,Upper Ohio Conservation Lands,Land Trust or Conservation Easement,Nature Conservancy of Canada,Nature Conservancy of Canada,Considered protected,77.31,,300
69,Sea Wolf Island National Wildlife Area,National Wildlife Area,Canadian Wildlife Service. Environment and Climate Change Canada,Canadian Wildlife Service. Environment and Climate Change Canada,Designated,75.61,,301
842,Lac de l'Ecole Conservation Lands,Land Trust or Conservation Easement,Nova Scotia Nature Trust,Nova Scotia Nature Trust,Considered protected,75.30,,302
898,Mabou Highlands Conservation Lands,Land Trust or Conservation Easement,Nova Scotia Nature Trust and private owner(s),Private owner(s),Considered protected,74.13,,303
207,Port Joli Conservation Lands,Land Trust or Conservation Easement,Nature Conservancy of Canada,Nature Conservancy of Canada,Considered protected,73.84,,304
1105,Cap La Ronde Nature Reserve,Nature Reserve,NS Environment and Climate Change,NS Environment and Climate Change,Designation decision made,72.99,,305
998,Welsh Road Conservation Lands,Land Trust or Conservation Easement,Ducks Unlimited Canada,Ducks Unlimited Canada,Considered protected,72.94,,306
1087,Simsons Corner Conservation Lands,Land Trust or Conservation Easement,Ducks Unlimited Canada,Ducks Unlimited Canada,Considered protected,72.65,,307
546,Upper Ohio Conservation Lands,Land Trust or Conservation Easement,Nature Conservancy of Canada,Nature Conservancy of Canada,Considered protected,72.55,,308
254,Musquodoboit River Valley Conservation Lands,Land Trust or Conservation Easement,Nature Conservancy of Canada,Nature Conservancy of Canada,Considered protected,70.41,,309
117,Sixth and Coades Lakes Nature Reserve,Nature Reserve,NS Environment and Climate Change,NS Environment and Climate Change,Designated,70.34,,310
587,Upper Ohio Conservation Lands,Land Trust or Conservation Easement,Nature Conservancy of Canada,Nature Conservancy of Canada,Considered protected,70.32,,311
765,Eigg Mountain - James River Wilderness Area,Wilderness Area,NS Environment and Climate Change,NS Environment and Climate Change,Designation decision made,69.92,,312
734,Wentworth Valley Wilderness Area,Wilderness Area,NS Environment and Climate Change,NS Environment and Climate Change,Designation decision made,69.82,,313
522,River Denys Nature Reserve,"Nature Reserve, Land Trust","NS Environment and Climate Change, Nature Conservancy of Canada",Nature Conservancy of Canada,Designated,69.79,,314
16,Mabou Highlands Conservation Lands (1),Land Trust or Conservation Easement,Nova Scotia Nature Trust,Nova Scotia Nature Trust,Considered protected,68.77,,315
423,Marble Mountain Conservation Lands,Land Trust or Conservation Easement,Nature Conservancy of Canada,Nature Conservancy of Canada,Considered protected,68.74,,316
912,Mabou Highlands Conservation Lands,Land Trust or Conservation Easement,Nova Scotia Nature Trust and private owner(s),Private owner(s),Considered protected,68.13,,317
485,St. Croix Conservation Lands,Land Trust or Conservation Easement,Nova Scotia Nature Trust,Nova Scotia Nature Trust,Considered protected,67.96,,318
141,Washabuck River Nature Reserve,"Nature Reserve, Land Trust","NS Environment and Climate Change, Nova Scotia Nature Trust",Nova Scotia Nature Trust,Designated,67.59,,319
607,Upper Ohio Conservation Lands,Land Trust or Conservation Easement,Nature Conservancy of Canada,Nature Conservancy of Canada,Considered protected,67.53,,320
365,Hemeon's Head Conservation Lands,Land Trust or Conservation Easement,Nova Scotia Nature Trust,Nova Scotia Nature Trust,Considered protected,66.74,,321
426,Port Joli Conservation Lands,Land Trust or Conservation Easement,Nature Conservancy of Canada,Nature Conservancy of Canada,Considered protected,66.68,,322
721,Old Annapolis Road Nature Reserve,Nature Reserve,NS Environment and Climate Change,NS Environment and Climate Change,Designated,66.62,,323
1124,Eighteen Mile Brook Nature Reserve,Nature Reserve,NS Environment and Climate Change,NS Environment and Climate Change,Designated,66.20,,324
328,Round Bay Conservation Lands,Land Trust or Conservation Easement,Nature Conservancy of Canada,Nature Conservancy of Canada,Considered protected,65.92,,325
1,Atlantic Coastal Plain Flora Conservation Lands,Land Trust or Conservation Easement,Nature Conservancy of Canada,Nature Conservancy of Canada,Considered protected,64.81,,326
248,North Mountain Woodlands Conservation Lands,Land Trust or Conservation Easement,Nova Scotia Nature Trust,Nova Scotia Nature Trust,Considered protected,63.93,,327
115,Rogues Roost Wilderness Area,Wilderness Area,NS Environment and Climate Change,NS Environment and Climate Change,Designated,63.41,,328
980,Abraham Lake Nature Reserve,Nature Reserve,NS Environment and Climate Change,NS Environment and Climate Change,Designated,62.60,,329
390,Port Joli Conservation Lands,Land Trust or Conservation Easement,Nature Conservancy of Canada,Nature Conservancy of Canada,Considered protected,62.21,,330
1023,Fort Lawrence Conservation Lands,Land Trust or Conservation Easement,Ducks Unlimited Canada,Ducks Unlimited Canada,Considered protected,61.99,,331
1085,Stanley Conservation Lands,Land Trust or Conservation Easement,Ducks Unlimited Canada,Ducks Unlimited Canada,Considered protected,61.95,,332
876,Skudiak Lake Conservation Lands,Land Trust or Conservation Easement,Nature Conservancy of Canada,Nature Conservancy of Canada,Considered protected,61.84,,333
15,Frederick Lake Conservation Lands,Land Trust or Conservation Easement,Nova Scotia Nature Trust,Nova Scotia Nature Trust,Considered protected,61.26,,334
654,Sand Beach Conservation Lands,Land Trust or Conservation Easement,Nova Scotia Nature Trust,Nova Scotia Nature Trust,Considered protected,61.24,,335
726,Jack & Darlene Stone Conservation Lands,Land Trust or Conservation Easement,Nova Scotia Nature Trust,Nova Scotia Nature Trust,Considered protected,61.18,,336
717,St. Croix Conservation Lands,Land Trust or Conservation Easement,Nova Scotia Nature Trust,Nova Scotia Nature Trust,Considered protected,60.68,,337
588,Upper Ohio Conservation Lands,Land Trust or Conservation Easement,Nature Conservancy of Canada,Nature Conservancy of Canada,Considered protected,60.36,,338
559,Upper Ohio Conservation Lands,Land Trust or Conservation Easement,Nature Conservancy of Canada,Nature Conservancy of Canada,Considered protected,60.15,,339
931,Hemeon's Head Conservation Lands,Land Trust or Conservation Easement,Nova Scotia Nature Trust and private owner(s),Private owner(s),Considered protected,60.13,,340
825,Little Narrows Conservation Lands,Land Trust or Conservation Easement,Nature Conservancy of Canada,Nature Conservancy of Canada,Considered protected,60.10,,341
32,St. Marys River - Hardwood Hill Conservation Lands,Land Trust or Conservation Easement,Nova Scotia Nature Trust,Nova Scotia Nature Trust,Considered protected,59.81,,342
155,Lyons Marsh Nature Reserve,Nature Reserve,NS Environment and Climate Change,NS Environment and Climate Change,Designated,59.68,,343
86,Martin Brook Nature Reserve,Nature Reserve,NS Environment and Climate Change,NS Environment and Climate Change,Designated,59.31,,344
653,Port Joli Conservation Lands,Land Trust or Conservation Easement,Nature Conservancy of Canada,Nature Conservancy of Canada,Considered protected,59.27,,345
874,Skudiak Lake Conservation Lands,Land Trust or Conservation Easement,Nature Conservancy of Canada,Nature Conservancy of Canada,Considered protected,58.73,,346
644,Plaister Cliffs Conservation Lands,Land Trust or Conservation Easement,Nova Scotia Nature Trust,Nova Scotia Nature Trust,Considered protected,58.40,,347
1125,McNabs & Lawlor Island Provincial Park,Provincial Park,NS Department of Natural Resources and Renewables,NS Department of Natural Resources and Renewables,Designated,58.24,,348
375,St. Marys River - Crows Nest Conservation Lands,Land Trust or Conservation Easement,Nova Scotia Nature Trust,Nova Scotia Nature Trust,Considered protected,58.01,,349
403,St. Marys River Conservation Lands (1),Land Trust or Conservation Easement,Nova Scotia Nature Trust,Nova Scotia Nature Trust,Considered protected,57.68,,350
798,Ponhook Lake Conservation Lands,Land Trust or Conservation Easement,Nova Scotia Nature Trust,Nova Scotia Nature Trust,Considered protected,57.07,,351
43,Terence Bay Wilderness Area,Wilderness Area,NS Environment and Climate Change,NS Environment and Climate Change,Designated,56.98,,352
107,Roman Valley Nature Reserve,Nature Reserve,NS Environment and Climate Change,NS Environment and Climate Change,Designated,56.89,,353
298,Bowers Meadows Conservation Lands,Land Trust or Conservation Easement,Nature Conservancy of Canada,Nature Conservancy of Canada,Considered protected,56.73,,354
550,Taylor Head Provincial Park,Provincial Park,NS Department of Natural Resources and Renewables,NS Department of Natural Resources and Renewables,Designated,56.72,,355
166,Cowan Brook Nature Reserve,Nature Reserve,NS Environment and Climate Change,NS Environment and Climate Change,Designated,56.43,,356
1040,North Highlands Conservation Lands,Land Trust or Conservation Easement,Nova Scotia Nature Trust,Nova Scotia Nature Trust,Considered protected,56.39,,357
436,Cook Conservation Lands,Land Trust or Conservation Easement,Nature Conservancy of Canada,Nature Conservancy of Canada,Considered protected,56.13,,358
729,Brookdale Conservation Lands,Land Trust or Conservation Easement,Nature Conservancy of Canada,Nature Conservancy of Canada,Considered protected,55.69,,359
657,Barren Meadow 3 Conservation Lands,Land Trust or Conservation Easement,Nova Scotia Nature Trust,Nova Scotia Nature Trust,Considered protected,55.66,,360
617,Laybolt Island Conservation Lands,Land Trust or Conservation Easement,Nova Scotia Nature Trust,Nova Scotia Nature Trust,Considered protected,55.62,,361
1031,St. Margarets Bay Islands Nature Reserve,Nature Reserve,NS Environment and Climate Change,NS Environment and Climate Change,Designated,55.40,,362
1037,Prices Island Conservation Lands,Land Trust or Conservation Easement,Nova Scotia Nature Trust,Nova Scotia Nature Trust,Considered protected,55.36,,363
1074,Chimney Corner Conservation Lands,Land Trust or Conservation Easement,Nature Conservancy of Canada,Nature Conservancy of Canada,Considered protected,55.10,,364
108,Sixth and Coades Lakes Nature Reserve,Nature Reserve,NS Environment and Climate Change,NS Environment and Climate Change,Designated,54.98,,365
232,Musquodoboit Harbour Conservation Lands,Land Trust or Conservation Easement,Nature Conservancy of Canada,Nature Conservancy of Canada,Considered protected,54.83,,366
31,Wentworth Lake Nature Reserve,Nature Reserve,NS Environment and Climate Change,NS Environment and Climate Change,Designated,54.13,,367
628,Mabou Highlands Conservation Lands,Land Trust or Conservation Easement,Nova Scotia Nature Trust,Nova Scotia Nature Trust,Considered protected,53.59,,368
1070,Chignecto Isthmus Conservation Lands,Land Trust or Conservation Easement,Nature Conservancy of Canada,Nature Conservancy of Canada,Considered protected,53.55,,369
125,Toadfish Lakes Wilderness Area,Wilderness Area,NS Environment and Climate Change,NS Environment and Climate Change,Designated,52.65,,370
267,Chignecto Isthmus Conservation Lands,Land Trust or Conservation Easement,Nature Conservancy of Canada,Nature Conservancy of Canada,Considered protected,52.23,,371
1032,Little Harbour Conservation Lands,Land Trust or Conservation Easement,Nova Scotia Nature Trust,Nova Scotia Nature Trust,Considered protected,50.99,,372
713,Pleasant River Conservation Lands,Land Trust or Conservation Easement,Nova Scotia Nature Trust,Nova Scotia Nature Trust,Considered protected,50.94,,373
417,Pugwash River Estuary Conservation Lands,Land Trust or Conservation Easement,Nature Conservancy of Canada,Nature Conservancy of Canada,Considered protected,50.42,,374
632,MacRitchies Brook Nature Reserve,Nature Reserve,NS Environment and Climate Change,NS Environment and Climate Change,Designated,50.12,,375
297,Bowers Meadows Conservation Lands,Land Trust or Conservation Easement,Nature Conservancy of Canada,Nature Conservancy of Canada,Considered protected,49.80,,376
855,Skudiak Lake Conservation Lands,Land Trust or Conservation Easement,Nature Conservancy of Canada,Nature Conservancy of Canada,Considered protected,49.61,,377
209,Musquodoboit Harbour Conservation Lands,Land Trust or Conservation Easement,Nova Scotia Nature Trust,Nova Scotia Nature Trust,Considered protected,49.47,,378
791,MacFarlane Woods Nature Reserve,Nature Reserve,"NS Environment and Climate Change, private owner(s)",Private owner(s),Designated,49.41,,379
573,Upper Ohio Conservation Lands,Land Trust or Conservation Easement,Nature Conservancy of Canada,Nature Conservancy of Canada,Considered protected,49.39,,380
540,St. Croix Cove Conservation Lands,Land Trust or Conservation Easement,Nature Conservancy of Canada,Nature Conservancy of Canada,Considered protected,49.08,,381
592,Little Narrows Conservation Lands,Land Trust or Conservation Easement,Nature Conservancy of Canada,Nature Conservancy of Canada,Considered protected,49.06,,382
311,Tangier River Conservation Lands,Land Trust or Conservation Easement,Nova Scotia Nature Trust,Nova Scotia Nature Trust,Considered protected,48.33,,383
216,Ship Harbour Long Lake Wilderness Area,"Wilderness Area, Land Trust","NS Environment and Climate Change, Nature Conservancy of Canada",Nature Conservancy of Canada,Designated,48.09,,384
75,North River Wilderness Area,Wilderness Area,NS Environment and Climate Change,NS Environment and Climate Change,Designated,47.47,,385
754,Mabou Highlands Conservation Lands (4),Land Trust or Conservation Easement,Nova Scotia Nature Trust,Nova Scotia Nature Trust,Considered protected,47.31,,386
652,Port Joli Conservation Lands,Land Trust or Conservation Easement,Nature Conservancy of Canada,Nature Conservancy of Canada,Considered protected,47.16,,387
755,Mabou Highlands Conservation Lands (4),Land Trust or Conservation Easement,Nova Scotia Nature Trust,Nova Scotia Nature Trust,Considered protected,47.13,,388
1114,Fourchu Coast Wilderness Area,Wilderness Area,NS Environment and Climate Change,NS Environment and Climate Change,Designation decision made,46.48,,389
585,Farley's Ark Conservation Lands,Land Trust or Conservation Easement,Nova Scotia Nature Trust,Nova Scotia Nature Trust,Considered protected,46.47,,390
504,Barren Meadow 2 Conservation Lands,Land Trust or Conservation Easement,Nova Scotia Nature Trust,Nova Scotia Nature Trust,Considered protected,46.39,,391
40,Dalhousie Mountain Nature Reserve,Nature Reserve,NS Environment and Climate Change,NS Environment and Climate Change,Designated,46.36,,392
878,Waternish Conservation Lands,Land Trust or Conservation Easement,Nova Scotia Nature Trust and private owner(s),Private owner(s),Considered protected,46.25,,393
875,Springhaven Duck Lake Conservation Lands,Land Trust or Conservation Easement,Nova Scotia Nature Trust,Nova Scotia Nature Trust,Considered protected,46.19,,394
29,Quinns Meadow Nature Reserve,Nature Reserve,NS Environment and Climate Change,NS Environment and Climate Change,Designated,46.12,,395
354,Docherty's Brook Conservation Lands,Land Trust or Conservation Easement,Nature Conservancy of Canada,Nature Conservancy of Canada,Considered protected,45.87,,396
4,Lake Rossignol Wilderness Area,Wilderness Area,NS Environment and Climate Change,NS Environment and Climate Change,Designated,45.32,,397
402,St. Marys River Conservation Lands (1),Land Trust or Conservation Easement,Nova Scotia Nature Trust,Nova Scotia Nature Trust,Considered protected,44.97,,398
583,MacRae's Island Conservation Lands,Land Trust or Conservation Easement,Nova Scotia Nature Trust,Nova Scotia Nature Trust,Considered protected,44.91,,399
255,Musquodoboit River Valley Conservation Lands,Land Trust or Conservation Easement,Nature Conservancy of Canada,Nature Conservancy of Canada,Considered protected,44.83,,400
584,Lime Hill Conservation Lands,Land Trust or Conservation Easement,Nova Scotia Nature Trust,Nova Scotia Nature Trust,Considered protected,44.81,,401
708,Lowland Cove Conservation Lands,Land Trust or Conservation Easement,Nova Scotia Nature Trust,Nova Scotia Nature Trust,Considered protected,44.78,,402
511,Pugwash River Estuary Conservation Lands,Land Trust or Conservation Easement,Nature Conservancy of Canada,Nature Conservancy of Canada,Considered protected,44.72,,403
246,North Mountain Woodlands Conservation Lands,Land Trust or Conservation Easement,Nova Scotia Nature Trust,Nova Scotia Nature Trust,Considered protected,44.50,,404
281,Deep Cove Conservation Lands,Land Trust or Conservation Easement,Nature Conservancy of Canada,Nature Conservancy of Canada,Considered protected,44.35,,405
492,Crystal Crescent Beach Provincial Park,Provincial Park,NS Department of Natural Resources and Renewables,NS Department of Natural Resources and Renewables,Designated,44.07,,406
696,Lake Annis Nature Reserve,Nature Reserve,"NS Environment and Climate Change, private owner(s)",Private owner(s),Designated,43.81,,407
400,Pugwash River Estuary Conservation Lands,Land Trust or Conservation Easement,Nature Conservancy of Canada,Nature Conservancy of Canada,Considered protected,43.59,,408
561,Upper Ohio Conservation Lands,Land Trust or Conservation Easement,Nature Conservancy of Canada,Nature Conservancy of Canada,Considered protected,43.46,,409
1073,Chimney Corner Conservation Lands,Land Trust or Conservation Easement,Nature Conservancy of Canada,Nature Conservancy of Canada,Considered protected,43.36,,410
545,Upper Ohio Conservation Lands,Land Trust or Conservation Easement,Nature Conservancy of Canada,Nature Conservancy of Canada,Considered protected,43.26,,411
217,Ship Harbour Long Lake Wilderness Area,"Wilderness Area, Land Trust","NS Environment and Climate Change, Nature Conservancy of Canada",Nature Conservancy of Canada,Designated,43.15,,412
313,Bowers Meadows Conservation Lands,Land Trust or Conservation Easement,Nature Conservancy of Canada,Nature Conservancy of Canada,Considered protected,43.02,,413
314,Bowers Meadows Conservation Lands,Land Trust or Conservation Easement,Nature Conservancy of Canada,Nature Conservancy of Canada,Considered protected,42.94,,414
435,Cook Conservation Lands,Land Trust or Conservation Easement,Nature Conservancy of Canada,Nature Conservancy of Canada,Considered protected,42.70,,415
945,Marble Mountain Conservation Lands,Land Trust or Conservation Easement,Nature Conservancy of Canada,Nature Conservancy of Canada,Considered protected,42.70,,416
395,Minas Basin Conservation Lands,Land Trust or Conservation Easement,Nature Conservancy of Canada,Nature Conservancy of Canada,Considered protected,42.61,,417
1121,Nine Mile Woods Wilderness Area,Wilderness Area,NS Environment and Climate Change,NS Environment and Climate Change,Designation decision made,42.45,,418
350,Docherty's Brook Conservation Lands,Land Trust or Conservation Easement,Nature Conservancy of Canada,Nature Conservancy of Canada,Considered protected,41.96,,419
680,C.W. Anderson Conservation Lands,Land Trust or Conservation Easement,Nova Scotia Nature Trust,Nova Scotia Nature Trust,Considered protected,41.95,,420
803,Salmon Lake Conservation Lands,Land Trust or Conservation Easement,Nova Scotia Nature Trust,Nova Scotia Nature Trust,Considered protected,41.83,,421
804,Purgatory Point Conservation Lands,Land Trust or Conservation Easement,Nova Scotia Nature Trust and private owner(s),Private owner(s),Considered protected,41.65,,422
33,Wentworth Conservation Lands (1),Land Trust or Conservation Easement,Nova Scotia Nature Trust,Nova Scotia Nature Trust,Considered protected,41.46,,423
1034,Acaciaville Conservation Lands,Land Trust or Conservation Easement,Nova Scotia Nature Trust,Nova Scotia Nature Trust,Considered protected,41.41,,424
674,Brier Island Conservation Lands,Land Trust or Conservation Easement,Nature Conservancy of Canada,Nature Conservancy of Canada,Considered protected,41.06,,425
464,Tusket River Atlantic Coastal Plain Flora Conservation Lands,Land Trust or Conservation Easement,Nature Conservancy of Canada,Nature Conservancy of Canada,Considered protected,41.05,,426
17,Mabou Highlands Conservation Lands (2),Land Trust or Conservation Easement,Nova Scotia Nature Trust,Nova Scotia Nature Trust,Considered protected,40.54,,427
970,Ashfield Nature Reserve,Nature Reserve,NS Environment and Climate Change,NS Environment and Climate Change,Designated,40.31,,428
98,Ponhook Lake Nature Reserve,Nature Reserve,NS Environment and Climate Change,NS Environment and Climate Change,Designated,40.26,,429
788,Baddeck River Conservation Lands,Land Trust or Conservation Easement,Nova Scotia Nature Trust,Nova Scotia Nature Trust,Considered protected,40.12,,430
415,Chignecto Isthmus Conservation Lands,Land Trust or Conservation Easement,Nature Conservancy of Canada,Nature Conservancy of Canada,Considered protected,40.03,,431
879,Mabou Highlands Conservation Lands,Land Trust or Conservation Easement,Nova Scotia Nature Trust and private owner(s),Private owner(s),Considered protected,39.76,,432
18,Mabou Highlands Conservation Lands (5),Land Trust or Conservation Easement,Nova Scotia Nature Trust,Nova Scotia Nature Trust,Considered protected,39.73,,433
590,Lime Hill Conservation Lands,Land Trust or Conservation Easement,Nova Scotia Nature Trust,Nova Scotia Nature Trust,Considered protected,39.41,,434
611,Little Narrows Conservation Lands,Land Trust or Conservation Easement,Nature Conservancy of Canada,Nature Conservancy of Canada,Considered protected,39.30,,435
740,Sand Pond National Wildlife Area,National Wildlife Area,Canadian Wildlife Service. Environment and Climate Change Canada,Canadian Wildlife Service. Environment and Climate Change Canada,Designated,39.30,,436
489,Atlantic Coastal Plain Flora Conservation Lands,Land Trust or Conservation Easement,Nature Conservancy of Canada,Nature Conservancy of Canada,Considered protected,39.15,,437
627,Mabou Highlands Conservation Lands,Land Trust or Conservation Easement,Nova Scotia Nature Trust,Nova Scotia Nature Trust,Considered protected,39.02,,438
528,Terence Bay Wilderness Area,Wilderness Area,NS Environment and Climate Change,NS Environment and Climate Change,Designated,38.84,,439
227,Port Joli Conservation Lands,Land Trust or Conservation Easement,Nature Conservancy of Canada,Nature Conservancy of Canada,Considered protected,38.33,,440
338,Docherty's Brook Conservation Lands,Land Trust or Conservation Easement,Nature Conservancy of Canada,Nature Conservancy of Canada,Considered protected,38.24,,441
1118,Sugar Harbour Islands Nature Reserve,Nature Reserve,NS Environment and Climate Change,NS Environment and Climate Change,Designation decision made,38.08,,442
658,Brier Island Conservation Lands,Land Trust or Conservation Easement,Nature Conservancy of Canada,Nature Conservancy of Canada,Considered protected,38.03,,443
772,River Inhabitants Nature Reserve,Nature Reserve,"NS Environment and Climate Change, private owner(s)",Private owner(s),Designated,37.78,,444
577,Lime Hill Conservation Lands,Land Trust or Conservation Easement,Nova Scotia Nature Trust,Nova Scotia Nature Trust,Considered protected,37.68,,445
621,Upper Ohio Conservation Lands,Land Trust or Conservation Easement,Nature Conservancy of Canada,Nature Conservancy of Canada,Considered protected,37.57,,446
1110,Devils Jaw Wilderness Area,Wilderness Area,NS Environment and Climate Change,NS Environment and Climate Change,Designation decision made,37.57,,447
483,Ragged Harbour Nature Reserve,Nature Reserve,NS Environment and Climate Change,NS Environment and Climate Change,Designated,37.51,,448
933,Mabou Highlands Conservation Lands (3),Land Trust or Conservation Easement,Nova Scotia Nature Trust,Nova Scotia Nature Trust,Considered protected,37.49,,449
341,Hemlock Hill Conservation Lands,Land Trust or Conservation Easement,Nova Scotia Nature Trust,Nova Scotia Nature Trust,Considered protected,37.35,,450
513,Pugwash River Estuary Conservation Lands,Land Trust or Conservation Easement,Nature Conservancy of Canada,Nature Conservancy of Canada,Considered protected,37.20,,451
1072,Mattatall Lake Conservation Lands,Land Trust or Conservation Easement,Nature Conservancy of Canada,Nature Conservancy of Canada,Considered protected,37.10,,452
738,John Forbes Thompson Conservation Lands,Land Trust or Conservation Easement,Nova Scotia Nature Trust,Nova Scotia Nature Trust,Considered protected,36.97,,453
615,MacDonalds Pond Nature Reserve,Nature Reserve,NS Environment and Climate Change,NS Environment and Climate Change,Designated,36.91,,454
270,Gerard Island Conservation Lands,Land Trust or Conservation Easement,Nova Scotia Nature Trust,Nova Scotia Nature Trust,Considered protected,36.84,,455
204,Mabou Highlands Conservation Lands (3),Land Trust or Conservation Easement,Nova Scotia Nature Trust,Nova Scotia Nature Trust,Considered protected,36.78,,456
453,Musquodoboit Harbour Conservation Lands,Land Trust or Conservation Easement,Nature Conservancy of Canada,Nature Conservancy of Canada,Considered protected,36.64,,457
1117,East River St. Marys Nature Reserve,Nature Reserve,NS Environment and Climate Change,NS Environment and Climate Change,Designation decision made,36.35,,458
549,The Bend Conservation Lands,Land Trust or Conservation Easement,Nova Scotia Nature Trust,Nova Scotia Nature Trust,Considered protected,36.32,,459
557,Upper Ohio Conservation Lands,Land Trust or Conservation Easement,Nature Conservancy of Canada,Nature Conservancy of Canada,Considered protected,36.00,,460
307,Chignecto Isthmus Conservation Lands,Land Trust or Conservation Easement,Nature Conservancy of Canada,Nature Conservancy of Canada,Considered protected,35.93,,461
437,Musquodoboit Harbour Conservation Lands,Land Trust or Conservation Easement,Nature Conservancy of Canada,Nature Conservancy of Canada,Considered protected,35.56,,462
575,Upper Ohio Conservation Lands,Land Trust or Conservation Easement,Nature Conservancy of Canada,Nature Conservancy of Canada,Considered protected,35.41,,463
462,Lake Annis Nature Reserve,Nature Reserve,"NS Environment and Climate Change, private owner(s)",Private owner(s),Designated,35.39,,464
490,Boar's Head Conservation Lands,Land Trust or Conservation Easement,Nature Conservancy of Canada,Nature Conservancy of Canada,Considered protected,35.30,,465
895,Mabou Highlands Conservation Lands,Land Trust or Conservation Easement,Nova Scotia Nature Trust and private owner(s),Private owner(s),Considered protected,35.20,,466
612,Little Narrows Conservation Lands,Land Trust or Conservation Easement,Nature Conservancy of Canada,Nature Conservancy of Canada,Considered protected,35.04,,467
326,Monks Head Conservation Lands,Land Trust or Conservation Easement,Nature Conservancy of Canada,Nature Conservancy of Canada,Considered protected,34.34,,468
167,Drug Brook Nature Reserve,Nature Reserve,NS Environment and Climate Change,NS Environment and Climate Change,Designated,34.30,,469
465,Tusket River Atlantic Coastal Plain Flora Conservation Lands,Land Trust or Conservation Easement,Nature Conservancy of Canada,Nature Conservancy of Canada,Considered protected,34.17,,470
995,Morrison Lake Conservation Lands,Land Trust or Conservation Easement,Ducks Unlimited Canada,Ducks Unlimited Canada,Considered protected,33.68,,471
1157,St. Andrews River Conservation Lands,Land Trust or Conservation Easement,Ducks Unlimited Canada,Ducks Unlimited Canada,Considered protected,32.86,,472
857,Skudiak Lake Conservation Lands,Land Trust or Conservation Easement,Nature Conservancy of Canada,Nature Conservancy of Canada,Considered protected,32.67,,473
487,Atlantic Coastal Plain Flora Conservation Lands,Land Trust or Conservation Easement,Nature Conservancy of Canada,Nature Conservancy of Canada,Considered protected,32.55,,474
165,Caribou Rivers Nature Reserve,Nature Reserve,NS Environment and Climate Change,NS Environment and Climate Change,Designated,32.37,,475
510,Silver River - Long Tusket Lake Conservation Lands,Land Trust or Conservation Easement,Nature Conservancy of Canada,Nature Conservancy of Canada,Considered protected,32.31,,476
786,Black River Bog Conservation Lands,Land Trust or Conservation Easement,Nature Conservancy of Canada,Nature Conservancy of Canada,Considered protected,32.16,,477
560,Upper Ohio Conservation Lands,Land Trust or Conservation Easement,Nature Conservancy of Canada,Nature Conservancy of Canada,Considered protected,31.88,,478
231,Musquodoboit Harbour Conservation Lands,Land Trust or Conservation Easement,Nature Conservancy of Canada,Nature Conservancy of Canada,Considered protected,31.68,,479
1108,Fourchu Coast Wilderness Area,Wilderness Area,NS Environment and Climate Change,NS Environment and Climate Change,Designation decision made,31.21,,480
1065,Haley Lake Conservation Lands,Land Trust or Conservation Easement,Nature Conservancy of Canada,Nature Conservancy of Canada,Considered protected,31.19,,481
660,Brier Island Conservation Lands,Land Trust or Conservation Easement,Nature Conservancy of Canada,Nature Conservancy of Canada,Considered protected,31.16,,482
448,Chignecto Isthmus Conservation Lands,Land Trust or Conservation Easement,Nature Conservancy of Canada,Nature Conservancy of Canada,Considered protected,31.10,,483
422,MacKenzie Cove Conservation Lands,Land Trust or Conservation Easement,Nova Scotia Nature Trust,Nova Scotia Nature Trust,Considered protected,31.05,,484
384,Pugwash River Estuary Conservation Lands,Land Trust or Conservation Easement,Nature Conservancy of Canada,Nature Conservancy of Canada,Considered protected,31.00,,485
431,Chignecto Isthmus Conservation Lands,Land Trust or Conservation Easement,Nature Conservancy of Canada,Nature Conservancy of Canada,Considered protected,30.56,,486
620,Pu'tlaqne'katik,"Wilderness Area, Conservation Easement",NS Environment and Climate Change,NS Environment and Climate Change,Designated,30.52,,487
640,Lobster Bay Conservation Lands,Land Trust or Conservation Easement,Nature Conservancy of Canada,Nature Conservancy of Canada,Considered protected,30.31,,488
449,Chignecto Isthmus Conservation Lands,Land Trust or Conservation Easement,Nature Conservancy of Canada,Nature Conservancy of Canada,Considered protected,30.29,,489
257,Lake Annis Nature Reserve,Nature Reserve,"NS Environment and Climate Change, private owner(s)",Private owner(s),Designated,30.27,,490
438,Little Narrows Conservation Lands,Land Trust or Conservation Easement,Nature Conservancy of Canada,Nature Conservancy of Canada,Considered protected,30.18,,491
1015,Argyle Conservation Lands,Land Trust or Conservation Easement,Ducks Unlimited Canada,Ducks Unlimited Canada,Considered protected,30.01,,492
421,MacKenzie Cove Conservation Lands,Land Trust or Conservation Easement,Nova Scotia Nature Trust,Nova Scotia Nature Trust,Considered protected,29.84,,493
54,Tiddville Nature Reserve,Nature Reserve,NS Environment and Climate Change,NS Environment and Climate Change,Designated,29.77,,494
1107,Fourchu Coast Wilderness Area,Wilderness Area,NS Environment and Climate Change,NS Environment and Climate Change,Designation decision made,29.42,,495
971,Atlantic Coastal Plain Flora Conservation Lands,Land Trust or Conservation Easement,Nature Conservancy of Canada,Nature Conservancy of Canada,Considered protected,29.32,,496
606,Upper Ohio Conservation Lands,Land Trust or Conservation Easement,Nature Conservancy of Canada,Nature Conservancy of Canada,Considered protected,29.24,,497
724,Cherry Hill Beach Nature Reserve,Nature Reserve,NS Environment and Climate Change,NS Environment and Climate Change,Designated,29.16,,498
881,Johnstons Pond Conservation Lands,Land Trust or Conservation Easement,Nature Conservancy of Canada,Nature Conservancy of Canada,Considered protected,29.11,,499
420,Wentworth Conservation Lands (2),Land Trust or Conservation Easement,Nova Scotia Nature Trust,Nova Scotia Nature Trust,Considered protected,28.87,,500
317,Round Bay Conservation Lands,Land Trust or Conservation Easement,Nature Conservancy of Canada,Nature Conservancy of Canada,Considered protected,28.74,,501
1069,Chignecto Isthmus Conservation Lands,Land Trust or Conservation Easement,Nature Conservancy of Canada,Nature Conservancy of Canada,Considered protected,28.65,,502
353,Docherty's Brook Conservation Lands,Land Trust or Conservation Easement,Nature Conservancy of Canada,Nature Conservancy of Canada,Considered protected,28.64,,503
308,Shelter Cove Wilderness Sanctuary,Land Trust or Conservation Easement,Nova Scotia Nature Trust,Nova Scotia Nature Trust,Considered protected,28.60,,504
466,Tusket River Wilderness Area,"Wilderness Area, Conservation Easement","NS Environment and Climate Change, Nova Scotia Nature Trust",NS Environment and Climate Change,Designated,28.52,,505
1041,North Highlands Conservation Lands,Land Trust or Conservation Easement,Nova Scotia Nature Trust,Nova Scotia Nature Trust,Considered protected,28.44,,506
433,Chignecto Isthmus Conservation Lands,Land Trust or Conservation Easement,Nature Conservancy of Canada,Nature Conservancy of Canada,Considered protected,28.35,,507
160,Johnstons Pond Conservation Lands,Land Trust or Conservation Easement,Nature Conservancy of Canada,Nature Conservancy of Canada,Considered protected,28.23,,508
843,Herbert River Conservation Lands,Land Trust or Conservation Easement,Nova Scotia Nature Trust and private owner(s),Private owner(s),Considered protected,28.18,,509
634,Ohio River Nature Reserve,Nature Reserve,NS Environment and Climate Change,NS Environment and Climate Change,Designated,28.16,,510
416,Chignecto Isthmus Conservation Lands,Land Trust or Conservation Easement,Nature Conservancy of Canada,Nature Conservancy of Canada,Considered protected,28.14,,511
509,Silver River - Long Tusket Lake Conservation Lands,Land Trust or Conservation Easement,Nature Conservancy of Canada,Nature Conservancy of Canada,Considered protected,28.02,,512
401,Pugwash River Estuary Conservation Lands,Land Trust or Conservation Easement,Nature Conservancy of Canada,Nature Conservancy of Canada,Considered protected,28.00,,513
839,Port Joli Conservation Lands,Land Trust or Conservation Easement,Nature Conservancy of Canada,Nature Conservancy of Canada,Considered protected,27.98,,514
950,Carleton River Conservation Lands,Land Trust or Conservation Easement,Nature Conservancy of Canada,Nature Conservancy of Canada,Considered protected,27.85,,515
1079,Charlesville Conservation Lands,Land Trust or Conservation Easement,Ducks Unlimited Canada,Ducks Unlimited Canada,Considered protected,27.81,,516
703,Mabou Highlands Conservation Lands,Land Trust or Conservation Easement,Nova Scotia Nature Trust,Nova Scotia Nature Trust,Considered protected,27.78,,517
325,Monks Head Conservation Lands,Land Trust or Conservation Easement,Nature Conservancy of Canada,Nature Conservancy of Canada,Considered protected,27.77,,518
329,Round Bay Conservation Lands,Land Trust or Conservation Easement,Nature Conservancy of Canada,Nature Conservancy of Canada,Considered protected,27.66,,519
1043,North Highlands Conservation Lands,Land Trust or Conservation Easement,Nova Scotia Nature Trust,Nova Scotia Nature Trust,Considered protected,27.62,,520
813,Salmon Lake Conservation Lands,Land Trust or Conservation Easement,Nova Scotia Nature Trust,Nova Scotia Nature Trust,Considered protected,27.57,,521
451,Chignecto Isthmus Conservation Lands,Land Trust or Conservation Easement,Nature Conservancy of Canada,Nature Conservancy of Canada,Considered protected,27.41,,522
439,Little Narrows Conservation Lands,Land Trust or Conservation Easement,Nature Conservancy of Canada,Nature Conservancy of Canada,Considered protected,27.40,,523
1005,Melbourne Conservation Lands,Land Trust or Conservation Easement,Ducks Unlimited Canada,Ducks Unlimited Canada,Considered protected,27.35,,524
1067,Upper Ohio Conservation Lands,Land Trust or Conservation Easement,Nature Conservancy of Canada,Nature Conservancy of Canada,Considered protected,27.26,,525
759,Mabou Highlands Conservation Lands (4),Land Trust or Conservation Easement,Nova Scotia Nature Trust,Nova Scotia Nature Trust,Considered protected,27.12,,526
899,Mabou Highlands Conservation Lands,Land Trust or Conservation Easement,Nova Scotia Nature Trust and private owner(s),Private owner(s),Considered protected,27.07,,527
571,Marble Mountain Conservation Lands,Land Trust or Conservation Easement,Nova Scotia Nature Trust,Nova Scotia Nature Trust,Considered protected,26.78,,528
547,Barren Brook Conservation Lands,Land Trust or Conservation Easement,Nova Scotia Nature Trust,Nova Scotia Nature Trust,Considered protected,26.73,,529
659,Brier Island Conservation Lands,Land Trust or Conservation Easement,Nature Conservancy of Canada,Nature Conservancy of Canada,Considered protected,26.70,,530
608,Upper Ohio Conservation Lands,Land Trust or Conservation Easement,Nature Conservancy of Canada,Nature Conservancy of Canada,Considered protected,26.63,,531
383,Pugwash River Estuary Conservation Lands,Land Trust or Conservation Easement,Nature Conservancy of Canada,Nature Conservancy of Canada,Considered protected,26.57,,532
109,Terence Bay Wilderness Area,Wilderness Area,NS Environment and Climate Change,NS Environment and Climate Change,Designated,26.56,,533
989,Amherst Point Conservation Lands,Land Trust or Conservation Easement,Ducks Unlimited Canada,Ducks Unlimited Canada,Considered protected,26.53,,534
96,Mary Harper Nature Reserve,"Nature Reserve, Land Trust","NS Environment and Climate Change, Bras d'Or Preservation Nature Trust",Bras d'Or Preservation Nature Trust,Designated,26.48,,535
349,Pennant River Conservation Lands,Land Trust or Conservation Easement,Nova Scotia Nature Trust,Nova Scotia Nature Trust,Considered protected,26.42,,536
910,Plaister Mines Conservation Lands,Land Trust or Conservation Easement,Nature Conservancy of Canada,Nature Conservancy of Canada,Considered protected,26.27,,537
1102,Fourchu Coast Wilderness Area,Wilderness Area,NS Environment and Climate Change,NS Environment and Climate Change,Designation decision made,26.20,,538
379,Johnstons Pond Conservation Lands,Land Trust or Conservation Easement,Nature Conservancy of Canada,Nature Conservancy of Canada,Considered protected,26.12,,539
1156,St. Andrews River Conservation Lands,Land Trust or Conservation Easement,Ducks Unlimited Canada,Ducks Unlimited Canada,Considered protected,25.88,,540
440,Little Narrows Conservation Lands,Land Trust or Conservation Easement,Nature Conservancy of Canada,Nature Conservancy of Canada,Considered protected,25.80,,541
844,Stoney Island Conservation Easement,Land Trust or Conservation Easement,Nova Scotia Nature Trust and private owner(s),Private owner(s),Considered protected,25.62,,542
8,Montrose Nature Reserve,Nature Reserve,NS Environment and Climate Change,NS Environment and Climate Change,Designated,25.54,,543
474,Blue Mountain Wilderness Connector,Land Trust or Conservation Easement,Nova Scotia Nature Trust,Nova Scotia Nature Trust,Considered protected,25.50,,544
406,Port Joli Conservation Lands,Land Trust or Conservation Easement,Nature Conservancy of Canada,Nature Conservancy of Canada,Considered protected,25.45,,545
171,Lake Rossignol Wilderness Area,Wilderness Area,NS Environment and Climate Change,NS Environment and Climate Change,Designated,25.44,,546
369,Pugwash River Estuary Conservation Lands,Land Trust or Conservation Easement,Nature Conservancy of Canada,Nature Conservancy of Canada,Considered protected,25.41,,547
463,Lake Annis Nature Reserve,Nature Reserve,"NS Environment and Climate Change, private owner(s)",Private owner(s),Designated,25.37,,548
309,Gerard Island Conservation Lands,Land Trust or Conservation Easement,Nova Scotia Nature Trust,Nova Scotia Nature Trust,Considered protected,25.18,,549
424,Little Narrows Conservation Lands,Land Trust or Conservation Easement,Nature Conservancy of Canada,Nature Conservancy of Canada,Considered protected,25.16,,550
604,Upper Ohio Conservation Lands,Land Trust or Conservation Easement,Nature Conservancy of Canada,Nature Conservancy of Canada,Considered protected,25.03,,551
687,Cameron Lake Conservation Lands,Land Trust or Conservation Easement,Nova Scotia Nature Trust,Nova Scotia Nature Trust,Considered protected,25.02,,552
239,Sight Point Conservation Lands,Land Trust or Conservation Easement,Nature Conservancy of Canada,Nature Conservancy of Canada,Considered protected,24.94,,553
837,Lobster Bay Conservation Lands,Land Trust or Conservation Easement,Nature Conservancy of Canada,Nature Conservancy of Canada,Considered protected,24.77,,554
315,Round Bay Conservation Lands,Land Trust or Conservation Easement,Nature Conservancy of Canada,Nature Conservancy of Canada,Considered protected,24.69,,555
481,Long Cove Conservation Lands,Land Trust or Conservation Easement,Nova Scotia Nature Trust,Nova Scotia Nature Trust,Considered protected,24.69,,556
21,Slade Lake Nature Reserve,Nature Reserve,NS Environment and Climate Change,NS Environment and Climate Change,Designated,24.62,,557
894,Hectanooga Conservation Lands,Land Trust or Conservation Easement,Nova Scotia Nature Trust,Nova Scotia Nature Trust,Considered protected,24.37,,558
198,Musquodoboit Harbour Conservation Lands,Land Trust or Conservation Easement,Nature Conservancy of Canada,Nature Conservancy of Canada,Considered protected,24.23,,559
928,Little Annapolis Lake Conservation Lands,Land Trust or Conservation Easement,Nova Scotia Nature Trust and private owner(s),Private owner(s),Considered protected,24.23,,560
124,Toadfish Lakes Wilderness Area,Wilderness Area,NS Environment and Climate Change,NS Environment and Climate Change,Designated,23.76,,561
544,Upper Ohio Conservation Lands,Land Trust or Conservation Easement,Nature Conservancy of Canada,Nature Conservancy of Canada,Considered protected,23.65,,562
418,Pugwash River Estuary Conservation Lands,Land Trust or Conservation Easement,Nature Conservancy of Canada,Nature Conservancy of Canada,Considered protected,23.53,,563
397,Pugwash River Estuary Conservation Lands,Land Trust or Conservation Easement,Nature Conservancy of Canada,Nature Conservancy of Canada,Considered protected,23.44,,564
619,Hog Lake Conservation Lands,Land Trust or Conservation Easement,Nova Scotia Nature Trust,Nova Scotia Nature Trust,Considered protected,23.28,,565
131,Sporting Lake Nature Reserve,"Nature Reserve, Wilderness Area",NS Environment and Climate Change,NS Environment and Climate Change,Designated,23.22,,566
37,Cedar Lake Nature Reserve,Nature Reserve,NS Environment and Climate Change,NS Environment and Climate Change,Designated,23.15,,567
816,Gold River Lake Conservation Lands,Land Trust or Conservation Easement,Nova Scotia Nature Trust and private owner(s),Private owner(s),Considered protected,22.93,,568
398,Pugwash River Estuary Conservation Lands,Land Trust or Conservation Easement,Nature Conservancy of Canada,Nature Conservancy of Canada,Considered protected,22.85,,569
458,Little Narrows Conservation Lands,Land Trust or Conservation Easement,Nature Conservancy of Canada,Nature Conservancy of Canada,Considered protected,22.70,,570
132,Tusket River Nature Reserve,Nature Reserve,NS Environment and Climate Change,NS Environment and Climate Change,Designated,22.51,,571
768,Baddeck Bay Consevation Lands,Land Trust or Conservation Easement,Bras d'Or Preservation Nature Trust and private owner(s),Private owner(s),Considered protected,22.51,,572
470,Crows Neck Nature Reserve,Nature Reserve,NS Environment and Climate Change,NS Environment and Climate Change,Designated,22.36,,573
712,Barren Meadow 4 Conservation Lands,Land Trust or Conservation Easement,Nova Scotia Nature Trust,Nova Scotia Nature Trust,Considered protected,22.30,,574
258,Lake Annis Nature Reserve,Nature Reserve,"NS Environment and Climate Change, private owner(s)",Private owner(s),Designated,22.16,,575
1063,Haley Lake Conservation Lands,Land Trust or Conservation Easement,Nature Conservancy of Canada,Nature Conservancy of Canada,Considered protected,22.13,,576
1071,Chignecto Isthmus Conservation Lands,Land Trust or Conservation Easement,Nature Conservancy of Canada,Nature Conservancy of Canada,Considered protected,22.13,,577
223,Mabou Highlands Conservation Lands (4),Land Trust or Conservation Easement,Nova Scotia Nature Trust,Nova Scotia Nature Trust,Considered protected,22.05,,578
699,Musquodoboit River Valley Conservation Lands,Land Trust or Conservation Easement,Nature Conservancy of Canada,Nature Conservancy of Canada,Considered protected,21.95,,579
247,North Mountain Woodlands Conservation Lands,Land Trust or Conservation Easement,Nova Scotia Nature Trust,Nova Scotia Nature Trust,Considered protected,21.94,,580
1103,Fourchu Coast Wilderness Area,Wilderness Area,NS Environment and Climate Change,NS Environment and Climate Change,Designation decision made,21.93,,581
962,Les Caps Nature Reserve,Nature Reserve,NS Environment and Climate Change,NS Environment and Climate Change,Designated,21.92,,582
288,Gerard Island Conservation Lands,Land Trust or Conservation Easement,Nova Scotia Nature Trust,Nova Scotia Nature Trust,Considered protected,21.84,,583
725,Middle River Framboise Wilderness Area,Wilderness Area,NS Environment and Climate Change,NS Environment and Climate Change,Designation decision made,21.26,,584
256,Gerard Island Conservation Lands,Land Trust or Conservation Easement,Nova Scotia Nature Trust,Nova Scotia Nature Trust,Considered protected,21.25,,585
624,Port LaTour Conservation Lands,Land Trust or Conservation Easement,Nova Scotia Nature Trust,Nova Scotia Nature Trust,Considered protected,21.19,,586
1036,Prices Island Conservation Lands,Land Trust or Conservation Easement,Nova Scotia Nature Trust,Nova Scotia Nature Trust,Considered protected,20.83,,587
122,White Lake Wilderness Area,Wilderness Area,NS Environment and Climate Change,NS Environment and Climate Change,Designated,20.73,,588
206,Port Joli Conservation Lands,Land Trust or Conservation Easement,Nature Conservancy of Canada,Nature Conservancy of Canada,Considered protected,20.56,,589
1082,Black Brook Conservation Lands,Land Trust or Conservation Easement,Ducks Unlimited Canada,Ducks Unlimited Canada,Considered protected,20.54,,590
580,Lime Hill Conservation Lands,Land Trust or Conservation Easement,Nova Scotia Nature Trust,Nova Scotia Nature Trust,Considered protected,20.49,,591
156,Blandford Nature Reserve,Nature Reserve,NS Environment and Climate Change,NS Environment and Climate Change,Designated,20.40,,592
219,Musquodoboit River Valley Conservation Lands,Land Trust or Conservation Easement,Nature Conservancy of Canada,Nature Conservancy of Canada,Considered protected,20.35,,593
593,Little Narrows Conservation Lands,Land Trust or Conservation Easement,Nature Conservancy of Canada,Nature Conservancy of Canada,Considered protected,20.33,,594
151,Bonnet Lake Barrens Wilderness Area,Wilderness Area,NS Environment and Climate Change,NS Environment and Climate Change,Designated,20.30,,595
336,Chignecto Isthmus Conservation Lands,Land Trust or Conservation Easement,Nature Conservancy of Canada,Nature Conservancy of Canada,Considered protected,20.22,,596
526,Selig Island Conservation Lands,Land Trust or Conservation Easement,Nova Scotia Nature Trust,Nova Scotia Nature Trust,Considered protected,20.22,,597
705,Mabou Highlands Conservation Lands,Land Trust or Conservation Easement,Nova Scotia Nature Trust,Nova Scotia Nature Trust,Considered protected,20.20,,598
1011,Argyle Head Conservation Lands,Land Trust or Conservation Easement,Ducks Unlimited Canada,Ducks Unlimited Canada,Considered protected,20.18,,599
459,MacFarlane Woods Nature Reserve,"Nature Reserve, Land Trust","NS Environment and Climate Change, Nature Conservancy of Canada",Nature Conservancy of Canada,Designated,20.15,,600
278,Round Bay Conservation Lands,Land Trust or Conservation Easement,Nature Conservancy of Canada,Nature Conservancy of Canada,Considered protected,20.10,,601
1123,Old Annapolis Road Nature Reserve,"Nature Reserve, Wilderness Area",NS Environment and Climate Change,NS Environment and Climate Change,Designated,20.08,,602
187,MacKay Brook Nature Reserve,Nature Reserve,NS Environment and Climate Change,NS Environment and Climate Change,Designated,20.06,,603
226,Port Joli Conservation Lands,Land Trust or Conservation Easement,Nature Conservancy of Canada,Nature Conservancy of Canada,Considered protected,19.83,,604
572,Upper Ohio Conservation Lands,Land Trust or Conservation Easement,Nature Conservancy of Canada,Nature Conservancy of Canada,Considered protected,19.81,,605
1089,Partridge Island Conservation Lands,Land Trust or Conservation Easement,Nova Scotia Nature Trust,Acadia University,Considered protected,19.80,,606
211,Musquodoboit Harbour Conservation Lands,Land Trust or Conservation Easement,Nova Scotia Nature Trust,Nova Scotia Nature Trust,Considered protected,19.79,,607
345,Round Bay Conservation Lands,Land Trust or Conservation Easement,Nature Conservancy of Canada,Nature Conservancy of Canada,Considered protected,19.69,,608
787,Black River Bog Conservation Lands,Land Trust or Conservation Easement,Nature Conservancy of Canada,Nature Conservancy of Canada,Considered protected,19.67,,609
405,MacKenzie Cove Conservation Lands,Land Trust or Conservation Easement,Nova Scotia Nature Trust,Nova Scotia Nature Trust,Considered protected,19.56,,610
358,Mitchells Pool Consevation Lands,Land Trust or Conservation Easement,Nova Scotia Nature Trust,Nova Scotia Nature Trust,Considered protected,19.54,,611
944,Port Joli Conservation Lands,Land Trust or Conservation Easement,Nature Conservancy of Canada,Nature Conservancy of Canada,Considered protected,19.36,,612
234,Musquodoboit River Valley Conservation Lands,Land Trust or Conservation Easement,Nature Conservancy of Canada,Nature Conservancy of Canada,Considered protected,19.26,,613
237,Musquodoboit River Valley Conservation Lands,Land Trust or Conservation Easement,Nature Conservancy of Canada,Nature Conservancy of Canada,Considered protected,19.26,,614
241,Sight Point Conservation Lands,Land Trust or Conservation Easement,Nature Conservancy of Canada,Nature Conservancy of Canada,Considered protected,19.15,,615
563,The Bend Conservation Lands,Land Trust or Conservation Easement,Nova Scotia Nature Trust,Nova Scotia Nature Trust,Considered protected,19.12,,616
901,Brier Island Conservation Lands,Land Trust or Conservation Easement,Nature Conservancy of Canada,Nature Conservancy of Canada,Considered protected,19.04,,617
605,Upper Ohio Conservation Lands,Land Trust or Conservation Easement,Nature Conservancy of Canada,Nature Conservancy of Canada,Considered protected,19.03,,618
564,McDonald Mill Brook Conservation Lands,Land Trust or Conservation Easement,Nova Scotia Nature Trust,Nova Scotia Nature Trust,Considered protected,18.76,,619
225,Port Joli Conservation Lands,Land Trust or Conservation Easement,Nature Conservancy of Canada,Nature Conservancy of Canada,Considered protected,18.74,,620
988,Barronsfield Conservation Lands,Land Trust or Conservation Easement,Ducks Unlimited Canada,Ducks Unlimited Canada,Considered protected,18.72,,621
245,North Mountain Woodlands Conservation Lands,Land Trust or Conservation Easement,Nova Scotia Nature Trust,Nova Scotia Nature Trust,Considered protected,18.58,,622
737,McGowan Lake Conservation Lands,Land Trust or Conservation Easement,Nova Scotia Nature Trust,Nova Scotia Nature Trust,Considered protected,18.56,,623
695,Lake Annis Nature Reserve,Nature Reserve,"NS Environment and Climate Change, private owner(s)",Private owner(s),Designated,18.55,,624
287,Gerard Island Conservation Lands,Land Trust or Conservation Easement,Nova Scotia Nature Trust,Nova Scotia Nature Trust,Considered protected,18.51,,625
1016,Centreville Conservation Lands,Land Trust or Conservation Easement,Ducks Unlimited Canada,Ducks Unlimited Canada,Considered protected,18.51,,626
291,Shelter Cove Wilderness Sanctuary,Land Trust or Conservation Easement,Nova Scotia Nature Trust,Nova Scotia Nature Trust,Considered protected,18.48,,627
771,Black River Bog Conservation Lands,Land Trust or Conservation Easement,Nature Conservancy of Canada,Nature Conservancy of Canada,Considered protected,18.01,,628
643,Plaister Cliffs Conservation Lands,Land Trust or Conservation Easement,Nova Scotia Nature Trust,Nova Scotia Nature Trust,Considered protected,18.00,,629
799,Salmon Lake Conservation Lands,Land Trust or Conservation Easement,Nova Scotia Nature Trust,Nova Scotia Nature Trust,Considered protected,17.77,,630
543,River Denys Nature Reserve,Nature Reserve,NS Environment and Climate Change,NS Environment and Climate Change,Designated,17.71,,631
730,Boot Island National Wildlife Area,National Wildlife Area,Canadian Wildlife Service. Environment and Climate Change Canada,Canadian Wildlife Service. Environment and Climate Change Canada,Designated,17.70,,632
913,North Harbour Conservation Lands,Land Trust or Conservation Easement,Nova Scotia Nature Trust and private owner(s),Private owner(s),Considered protected,17.69,,633
574,Upper Ohio Conservation Lands,Land Trust or Conservation Easement,Nature Conservancy of Canada,Nature Conservancy of Canada,Considered protected,17.67,,634
428,Port Joli Conservation Lands,Land Trust or Conservation Easement,Nature Conservancy of Canada,Nature Conservancy of Canada,Considered protected,17.56,,635
479,Lobster Bay Conservation Lands,Land Trust or Conservation Easement,Nature Conservancy of Canada,Nature Conservancy of Canada,Considered protected,17.43,,636
848,Lobster Bay Conservation Lands,Land Trust or Conservation Easement,Nature Conservancy of Canada,Nature Conservancy of Canada,Considered protected,17.42,,637
656,St. Mary Bay Conservation Lands,Land Trust or Conservation Easement,Nova Scotia Nature Trust,Nova Scotia Nature Trust,Considered protected,17.37,,638
849,Johnstons Pond Conservation Lands,Land Trust or Conservation Easement,Nature Conservancy of Canada,Nature Conservancy of Canada,Considered protected,17.31,,639
642,Plaister Cliffs Conservation Lands,Land Trust or Conservation Easement,Nova Scotia Nature Trust,Nova Scotia Nature Trust,Considered protected,17.30,,640
700,Musquodoboit River Valley Conservation Lands,Land Trust or Conservation Easement,Nature Conservancy of Canada,Nature Conservancy of Canada,Considered protected,17.29,,641
763,McKinnons Harbour Conservation Lands,Land Trust or Conservation Easement,Bras d'Or Preservation Nature Trust,Bras d'Or Preservation Nature Trust,Considered protected,17.09,,642
691,Catalone Lake Nature Reserve,Nature Reserve,NS Environment and Climate Change,NS Environment and Climate Change,Designated,16.98,,643
693,Belliveau Lake - La Grande Ile Conservation Lands,Land Trust or Conservation Easement,Nova Scotia Nature Trust,Nova Scotia Nature Trust,Considered protected,16.97,,644
432,Chignecto Isthmus Conservation Lands,Land Trust or Conservation Easement,Nature Conservancy of Canada,Nature Conservancy of Canada,Considered protected,16.95,,645
310,Gerard Island Conservation Lands,Land Trust or Conservation Easement,Nova Scotia Nature Trust,Nova Scotia Nature Trust,Considered protected,16.94,,646
412,Minas Basin Conservation Lands,Land Trust or Conservation Easement,Nature Conservancy of Canada,Nature Conservancy of Canada,Considered protected,16.93,,647
979,A.M. Sandy Cameron Conservation Lands,Land Trust or Conservation Easement,Nova Scotia Nature Trust,Nova Scotia Nature Trust,Considered protected,16.91,,648
290,Gerard Island Conservation Lands,Land Trust or Conservation Easement,Nova Scotia Nature Trust,Nova Scotia Nature Trust,Considered protected,16.90,,649
1145,Toymakers Marsh Conservation Lands,Land Trust or Conservation Easement,Ducks Unlimited Canada,Ducks Unlimited Canada,Considered protected,16.84,,650
823,Farley's Ark Conservation Lands,Land Trust or Conservation Easement,Nova Scotia Nature Trust,Nova Scotia Nature Trust,Considered protected,16.83,,651
1106,Fourchu Coast Wilderness Area,Wilderness Area,NS Environment and Climate Change,NS Environment and Climate Change,Designation decision made,16.80,,652
1126,Dunns Beach Provincial Park,Provincial Park,NS Department of Natural Resources and Renewables,NS Department of Natural Resources and Renewables,Designated,16.80,,653
339,Monks Head Conservation Lands,Land Trust or Conservation Easement,Nature Conservancy of Canada,Nature Conservancy of Canada,Considered protected,16.78,,654
1139,St. Marys River East Conservation Lands,Land Trust or Conservation Easement,Nova Scotia Nature Trust,Nova Scotia Nature Trust,Considered protected,16.71,,655
1052,Acaciaville Conservation Lands,Land Trust or Conservation Easement,Nova Scotia Nature Trust,Nova Scotia Nature Trust,Considered protected,16.66,,656
1027,Stillwater Conservation Lands,Land Trust or Conservation Easement,Ducks Unlimited Canada,Ducks Unlimited Canada,Considered protected,16.50,,657
293,Round Bay Conservation Lands,Land Trust or Conservation Easement,Nature Conservancy of Canada,Nature Conservancy of Canada,Considered protected,16.48,,658
800,Salmon Lake Conservation Lands,Land Trust or Conservation Easement,Nova Scotia Nature Trust,Nova Scotia Nature Trust,Considered protected,16.48,,659
984,Upper Granville Conservation Lands,Land Trust or Conservation Easement,Ducks Unlimited Canada,Ducks Unlimited Canada,Considered protected,16.47,,660
1056,Deep Brook Bog Conservation Lands,Land Trust or Conservation Easement,Nova Scotia Nature Trust,Nova Scotia Nature Trust,Considered protected,16.24,,661
926,Little Annapolis Lake Conservation Lands,Land Trust or Conservation Easement,Nova Scotia Nature Trust and private owner(s),Private owner(s),Considered protected,16.23,,662
454,Musquodoboit Harbour Conservation Lands,Land Trust or Conservation Easement,Nature Conservancy of Canada,Nature Conservancy of Canada,Considered protected,16.22,,663
512,Pugwash River Estuary Conservation Lands,Land Trust or Conservation Easement,Nature Conservancy of Canada,Nature Conservancy of Canada,Considered protected,16.21,,664
133,Tusket River Nature Reserve,Nature Reserve,NS Environment and Climate Change,NS Environment and Climate Change,Designated,16.15,,665
769,Baddeck Bay Consevation Lands,Land Trust or Conservation Easement,Bras d'Or Preservation Nature Trust and private owner(s),Private owner(s),Considered protected,16.12,,666
578,Lime Hill Conservation Lands,Land Trust or Conservation Easement,Nova Scotia Nature Trust,Nova Scotia Nature Trust,Considered protected,16.05,,667
820,Farley's Ark Conservation Lands,Land Trust or Conservation Easement,Nova Scotia Nature Trust,Nova Scotia Nature Trust,Considered protected,15.99,,668
567,Indian Island Conservation Lands,Land Trust or Conservation Easement,Nova Scotia Nature Trust,Nova Scotia Nature Trust,Considered protected,15.93,,669
863,Bull Moose Meadow Conservation Lands,Land Trust or Conservation Easement,Nova Scotia Nature Trust,Nova Scotia Nature Trust,Considered protected,15.89,,670
419,Wentworth Conservation Lands (2),Land Trust or Conservation Easement,Nova Scotia Nature Trust,Nova Scotia Nature Trust,Considered protected,15.87,,671
236,Ship Harbour Long Lake Wilderness Area,"Wilderness Area, Land Trust","NS Environment and Climate Change, Nature Conservancy of Canada",Nature Conservancy of Canada,Designated,15.39,,672
1098,Fourchu Coast Wilderness Area,Wilderness Area,NS Environment and Climate Change,NS Environment and Climate Change,Designation decision made,15.39,,673
719,Middle Island Conservation Lands,Land Trust or Conservation Easement,Nova Scotia Nature Trust,Nova Scotia Nature Trust,Considered protected,15.25,,674
123,Blomidon Provincial Park,Provincial Park,NS Department of Natural Resources and Renewables,NS Department of Natural Resources and Renewables,Designated,15.20,,675
645,South River Nature Reserve,Nature Reserve,NS Environment and Climate Change,NS Environment and Climate Change,Designated,15.17,,676
240,Mabou Highlands Conservation Lands (4),Land Trust or Conservation Easement,Nova Scotia Nature Trust,Nova Scotia Nature Trust,Considered protected,15.14,,677
801,Salmon Lake Conservation Lands,Land Trust or Conservation Easement,Nova Scotia Nature Trust,Nova Scotia Nature Trust,Considered protected,15.14,,678
747,Mahone Bay Conservation Lands,Land Trust or Conservation Easement,Nature Conservancy of Canada,Nature Conservancy of Canada,Considered protected,15.10,,679
1119,Fourchu Coast Wilderness Area,Wilderness Area,NS Environment and Climate Change,NS Environment and Climate Change,Designation decision made,15.06,,680
252,Ship Harbour Long Lake Wilderness Area,"Wilderness Area, Land Trust","NS Environment and Climate Change, Nature Conservancy of Canada",Nature Conservancy of Canada,Designated,14.92,,681
443,Port Joli Conservation Lands,Land Trust or Conservation Easement,Nature Conservancy of Canada,Nature Conservancy of Canada,Considered protected,14.70,,682
1050,Spectacle Islands Conservation Lands,Land Trust or Conservation Easement,Nova Scotia Nature Trust,Nova Scotia Nature Trust,Considered protected,14.68,,683
407,Port Joli Conservation Lands,Land Trust or Conservation Easement,Nature Conservancy of Canada,Nature Conservancy of Canada,Considered protected,14.64,,684
445,Port Joli Conservation Lands,Land Trust or Conservation Easement,Nature Conservancy of Canada,Nature Conservancy of Canada,Considered protected,14.60,,685
997,Athol Conservation Lands,Land Trust or Conservation Easement,Ducks Unlimited Canada,Ducks Unlimited Canada,Considered protected,14.60,,686
441,Little Narrows Conservation Lands,Land Trust or Conservation Easement,Nature Conservancy of Canada,Nature Conservancy of Canada,Considered protected,14.54,,687
776,River Inhabitants Nature Reserve,Nature Reserve,"NS Environment and Climate Change, private owner(s)",Private owner(s),Designated,14.49,,688
61,John Lusby Marsh National Wildlife Area,National Wildlife Area,Canadian Wildlife Service. Environment and Climate Change Canada,Canadian Wildlife Service. Environment and Climate Change Canada,Designated,14.44,,689
711,Hectanooga Conservation Lands,Land Trust or Conservation Easement,Nova Scotia Nature Trust,Nova Scotia Nature Trust,Considered protected,14.43,,690
814,Blanche Island Conservation Lands,Land Trust or Conservation Easement,Nova Scotia Nature Trust,Nova Scotia Nature Trust,Considered protected,14.43,,691
1029,Summerville Conservation Lands,Land Trust or Conservation Easement,Ducks Unlimited Canada,Ducks Unlimited Canada,Considered protected,14.43,,692
631,Marble Mountain Conservation Lands,Land Trust or Conservation Easement,Nova Scotia Nature Trust,Nova Scotia Nature Trust,Considered protected,14.37,,693
469,Molega Lake Conservation Lands,Land Trust or Conservation Easement,Nova Scotia Nature Trust,Nova Scotia Nature Trust,Considered protected,14.31,,694
714,Upper Pleasant River Conservation Lands,Land Trust or Conservation Easement,Nova Scotia Nature Trust,Nova Scotia Nature Trust,Considered protected,14.31,,695
332,Round Bay Conservation Lands,Land Trust or Conservation Easement,Nature Conservancy of Canada,Nature Conservancy of Canada,Considered protected,14.26,,696
461,Lake Annis Nature Reserve,Nature Reserve,"NS Environment and Climate Change, private owner(s)",Private owner(s),Designated,14.24,,697
807,Port Joli Conservation Lands,Land Trust or Conservation Easement,Nature Conservancy of Canada,Nature Conservancy of Canada,Considered protected,14.24,,698
877,Waternish Conservation Lands,Land Trust or Conservation Easement,Nova Scotia Nature Trust and private owner(s),Private owner(s),Considered protected,14.24,,699
625,Lobster Bay Conservation Lands,Land Trust or Conservation Easement,Nature Conservancy of Canada,Nature Conservancy of Canada,Considered protected,13.99,,700
505,Barren Meadow 1 Conservation Lands,Land Trust or Conservation Easement,Nova Scotia Nature Trust,Nova Scotia Nature Trust,Considered protected,13.92,,701
450,Chignecto Isthmus Conservation Lands,Land Trust or Conservation Easement,Nature Conservancy of Canada,Nature Conservancy of Canada,Considered protected,13.89,,702
777,River Inhabitants Nature Reserve,Nature Reserve,"NS Environment and Climate Change, private owner(s)",Private owner(s),Designated,13.85,,703
562,Upper Ohio Conservation Lands,Land Trust or Conservation Easement,Nature Conservancy of Canada,Nature Conservancy of Canada,Considered protected,13.83,,704
396,Minas Basin Conservation Lands,Land Trust or Conservation Easement,Nature Conservancy of Canada,Nature Conservancy of Canada,Considered protected,13.79,,705
1007,Argyle Head Conservation Lands,Land Trust or Conservation Easement,Ducks Unlimited Canada,Ducks Unlimited Canada,Considered protected,13.78,,706
841,Port Joli Conservation Lands,Land Trust or Conservation Easement,Nature Conservancy of Canada,Nature Conservancy of Canada,Considered protected,13.71,,707
883,Medway River Conservation Lands,Land Trust or Conservation Easement,Nova Scotia Nature Trust,Nova Scotia Nature Trust,Considered protected,13.65,,708
275,Round Bay Conservation Lands,Land Trust or Conservation Easement,Nature Conservancy of Canada,Nature Conservancy of Canada,Considered protected,13.64,,709
983,Athol Conservation Lands,Land Trust or Conservation Easement,Ducks Unlimited Canada,Ducks Unlimited Canada,Considered protected,13.57,,710
1020,Fort Lawrence Conservation Lands,Land Trust or Conservation Easement,Ducks Unlimited Canada,Ducks Unlimited Canada,Considered protected,13.47,,711
1009,Argyle Head Conservation Lands,Land Trust or Conservation Easement,Ducks Unlimited Canada,Ducks Unlimited Canada,Considered protected,13.35,,712
1012,Argyle Head Conservation Lands,Land Trust or Conservation Easement,Ducks Unlimited Canada,Ducks Unlimited Canada,Considered protected,13.35,,713
286,Chignecto Isthmus Conservation Lands,Land Trust or Conservation Easement,Nature Conservancy of Canada,Nature Conservancy of Canada,Considered protected,13.27,,714
742,Dr. Bill Freedman Nature Reserve,Land Trust or Conservation Easement,Nature Conservancy of Canada,Nature Conservancy of Canada,Considered protected,13.15,,715
1014,Argyle Head Conservation Lands,Land Trust or Conservation Easement,Ducks Unlimited Canada,Ducks Unlimited Canada,Considered protected,13.11,,716
429,Port Joli Conservation Lands,Land Trust or Conservation Easement,Nature Conservancy of Canada,Nature Conservancy of Canada,Considered protected,13.10,,717
770,Black River Bog Conservation Lands,Land Trust or Conservation Easement,Nature Conservancy of Canada,Nature Conservancy of Canada,Considered protected,13.10,,718
692,Blue Mountain Wilderness Connector,Land Trust or Conservation Easement,Nova Scotia Nature Trust,Nova Scotia Nature Trust,Considered protected,13.04,,719
388,St. Marys River - Harrisons Pool Conservation Lands,Land Trust or Conservation Easement,Nova Scotia Nature Trust,Nova Scotia Nature Trust,Considered protected,13.01,,720
457,Little Narrows Conservation Lands,Land Trust or Conservation Easement,Nature Conservancy of Canada,Nature Conservancy of Canada,Considered protected,12.96,,721
985,Upper Granville Conservation Lands,Land Trust or Conservation Easement,Ducks Unlimited Canada,Ducks Unlimited Canada,Considered protected,12.92,,722
380,Johnstons Pond Conservation Lands,Land Trust or Conservation Easement,Nature Conservancy of Canada,Nature Conservancy of Canada,Considered protected,12.91,,723
128,MacFarlane Woods Nature Reserve,Nature Reserve,NS Environment and Climate Change,NS Environment and Climate Change,Designated,12.90,,724
430,Chignecto Isthmus Conservation Lands,Land Trust or Conservation Easement,Nature Conservancy of Canada,Nature Conservancy of Canada,Considered protected,12.83,,725
782,Pugwash Victoria Island Easement,Land Trust or Conservation Easement,Nature Conservancy of Canada and Seagull Foundation,Seagull Foundation,Considered protected,12.77,,726
386,Pugwash River Estuary Conservation Lands,Land Trust or Conservation Easement,Nature Conservancy of Canada,Nature Conservancy of Canada,Considered protected,12.71,,727
994,Morrison Lake Conservation Lands,Land Trust or Conservation Easement,Ducks Unlimited Canada,Ducks Unlimited Canada,Considered protected,12.64,,728
790,River Inhabitants Nature Reserve,Nature Reserve,"NS Environment and Climate Change, private owner(s)",Private owner(s),Designated,12.57,,729
915,North Harbour Conservation Lands,Land Trust or Conservation Easement,Nova Scotia Nature Trust and private owner(s),Private owner(s),Considered protected,12.57,,730
356,Pugwash River Estuary Conservation Lands,Land Trust or Conservation Easement,Nature Conservancy of Canada,Nature Conservancy of Canada,Considered protected,12.50,,731
472,Blue Mountain Wilderness Connector,Land Trust or Conservation Easement,Nova Scotia Nature Trust,Nova Scotia Nature Trust,Considered protected,12.20,,732
927,Little Annapolis Lake Conservation Lands,Land Trust or Conservation Easement,Nova Scotia Nature Trust and private owner(s),Private owner(s),Considered protected,12.17,,733
1042,North Highlands Conservation Lands,Land Trust or Conservation Easement,Nova Scotia Nature Trust,Nova Scotia Nature Trust,Considered protected,12.15,,734
127,MacFarlane Woods Nature Reserve,Nature Reserve,NS Environment and Climate Change,NS Environment and Climate Change,Designated,12.13,,735
306,Chignecto Isthmus Conservation Lands,Land Trust or Conservation Easement,Nature Conservancy of Canada,Nature Conservancy of Canada,Considered protected,12.11,,736
289,Gerard Island Conservation Lands,Land Trust or Conservation Easement,Nova Scotia Nature Trust,Nova Scotia Nature Trust,Considered protected,12.03,,737
47,Dochertys Brook Nature Reserve,Nature Reserve,NS Environment and Climate Change,NS Environment and Climate Change,Designated,12.01,,738
387,Pugwash River Estuary Conservation Lands,Land Trust or Conservation Easement,Nature Conservancy of Canada,Nature Conservancy of Canada,Considered protected,11.95,,739
393,Port Joli Conservation Lands,Land Trust or Conservation Easement,Nature Conservancy of Canada,Nature Conservancy of Canada,Considered protected,11.88,,740
951,CRK Allen Conservation Lands,Land Trust or Conservation Easement,Tusket River Environmental Protection Association,Tusket River Environmental Protection Association,Considered protected,11.79,,741
663,Rogues Roost Wilderness Area,"Wilderness Area, Conservation Easement",NS Environment and Climate Change,NS Environment and Climate Change,Designated,11.76,,742
364,Round Bay Conservation Lands,Land Trust or Conservation Easement,Nature Conservancy of Canada,Nature Conservancy of Canada,Considered protected,11.69,,743
344,Round Bay Conservation Lands,Land Trust or Conservation Easement,Nature Conservancy of Canada,Nature Conservancy of Canada,Considered protected,11.67,,744
381,Purcells Cove Conservation Lands,Land Trust or Conservation Easement,Nova Scotia Nature Trust,Nova Scotia Nature Trust,Considered protected,11.67,,745
610,Little Narrows Conservation Lands,Land Trust or Conservation Easement,Nature Conservancy of Canada,Nature Conservancy of Canada,Considered protected,11.63,,746
242,Port Joli Conservation Lands,Land Trust or Conservation Easement,Nature Conservancy of Canada,Nature Conservancy of Canada,Considered protected,11.31,,747
502,Pomquet Island Conservation Lands,Land Trust or Conservation Easement,Nature Conservancy of Canada,Nature Conservancy of Canada,Considered protected,11.31,,748
394,Captain Arnell Conservation Lands,Land Trust or Conservation Easement,Nova Scotia Nature Trust,Nova Scotia Nature Trust,Considered protected,11.25,,749
614,Green Island Nature Reserve,Nature Reserve,NS Environment and Climate Change,NS Environment and Climate Change,Designated,11.24,,750
589,Upper Ohio Conservation Lands,Land Trust or Conservation Easement,Nature Conservancy of Canada,Nature Conservancy of Canada,Considered protected,11.22,,751
739,John Forbes Thompson Conservation Lands,Land Trust or Conservation Easement,Nova Scotia Nature Trust,Nova Scotia Nature Trust,Considered protected,11.19,,752
829,Gold River Lake Conservation Lands,Land Trust or Conservation Easement,Nova Scotia Nature Trust and private owner(s),Private owner(s),Considered protected,11.15,,753
698,Purcells Cove Conservation Lands,Land Trust or Conservation Easement,Nova Scotia Nature Trust,Nova Scotia Nature Trust,Considered protected,11.11,,754
623,Port LaTour Conservation Lands,Land Trust or Conservation Easement,Nova Scotia Nature Trust,Nova Scotia Nature Trust,Considered protected,11.06,,755
591,Little Narrows Conservation Lands,Land Trust or Conservation Easement,Nature Conservancy of Canada,Nature Conservancy of Canada,Considered protected,11.03,,756
249,Wolfville Ridge Conservation Lands,Land Trust or Conservation Easement,Nova Scotia Nature Trust,Nova Scotia Nature Trust,Considered protected,11.01,,757
993,Morrison Lake Conservation Lands,Land Trust or Conservation Easement,Ducks Unlimited Canada,Ducks Unlimited Canada,Considered protected,10.97,,758
1049,Peases Island Conservation Lands,Land Trust or Conservation Easement,Nova Scotia Nature Trust,Nova Scotia Nature Trust,Considered protected,10.90,,759
335,Dr. Bill Freedman Nature Reserve,Land Trust or Conservation Easement,Nature Conservancy of Canada,Nature Conservancy of Canada,Considered protected,10.80,,760
817,Gold River Lake Conservation Lands,Land Trust or Conservation Easement,Nova Scotia Nature Trust and private owner(s),Private owner(s),Considered protected,10.80,,761
982,Summerville Conservation Lands,Land Trust or Conservation Easement,Ducks Unlimited Canada,Ducks Unlimited Canada,Considered protected,10.80,,762
1094,Fourchu Coast Wilderness Area,Wilderness Area,NS Environment and Climate Change,NS Environment and Climate Change,Designation decision made,10.67,,763
460,MacFarlane Woods Nature Reserve,"Nature Reserve, Land Trust","NS Environment and Climate Change, Nature Conservancy of Canada",Nature Conservancy of Canada,Designated,10.66,,764
554,Voglers Cove Conservation Lands,Land Trust or Conservation Easement,Nova Scotia Nature Trust,Nova Scotia Nature Trust,Considered protected,10.63,,765
743,Brier Island Conservation Lands,Land Trust or Conservation Easement,Nature Conservancy of Canada,Nature Conservancy of Canada,Considered protected,10.63,,766
385,Pugwash River Estuary Conservation Lands,Land Trust or Conservation Easement,Nature Conservancy of Canada,Nature Conservancy of Canada,Considered protected,10.59,,767
796,MacFarlane Woods Nature Reserve,Nature Reserve,"NS Environment and Climate Change, private owner(s)",Private owner(s),Designated,10.54,,768
819,Gold River Lake Conservation Lands,Land Trust or Conservation Easement,Nova Scotia Nature Trust and private owner(s),Private owner(s),Considered protected,10.47,,769
818,Gold River Lake Conservation Lands,Land Trust or Conservation Easement,Nova Scotia Nature Trust and private owner(s),Private owner(s),Considered protected,10.43,,770
243,Port Joli Conservation Lands,Land Trust or Conservation Easement,Nature Conservancy of Canada,Nature Conservancy of Canada,Considered protected,10.02,,771
1022,Fort Lawrence Conservation Lands,Land Trust or Conservation Easement,Ducks Unlimited Canada,Ducks Unlimited Canada,Considered protected,9.98,,772
1048,Spectacle Islands Conservation Lands,Land Trust or Conservation Easement,Nova Scotia Nature Trust,Nova Scotia Nature Trust,Considered protected,9.95,,773
600,Harbour Island Conservation Lands,Land Trust or Conservation Easement,Nova Scotia Nature Trust,Nova Scotia Nature Trust,Considered protected,9.87,,774
648,Port La Tour Bogs Wilderness Area,"Wilderness Area, Conservation Easement",NS Environment and Climate Change,NS Environment and Climate Change,Designated,9.84,,775
391,Port Joli Conservation Lands,Land Trust or Conservation Easement,Nature Conservancy of Canada,Nature Conservancy of Canada,Considered protected,9.83,,776
555,Hertford Island Conservation Lands,Land Trust or Conservation Easement,Nova Scotia Nature Trust,Nova Scotia Nature Trust,Considered protected,9.77,,777
351,Docherty's Brook Conservation Lands,Land Trust or Conservation Easement,Nature Conservancy of Canada,Nature Conservancy of Canada,Considered protected,9.67,,778
810,Yellow Head Conservation Lands,Land Trust or Conservation Easement,Nova Scotia Nature Trust,Nova Scotia Nature Trust,Considered protected,9.62,,779
1137,St. Marys River East Conservation Lands,Land Trust or Conservation Easement,Nova Scotia Nature Trust,Nova Scotia Nature Trust,Considered protected,9.55,,780
706,Middle Islands Conservation Lands,Land Trust or Conservation Easement,Nova Scotia Nature Trust,Nova Scotia Nature Trust,Considered protected,9.54,,781
828,Port Joli Conservation Lands,Land Trust or Conservation Easement,Nature Conservancy of Canada,Nature Conservancy of Canada,Considered protected,9.49,,782
974,A.M. Sandy Cameron Conservation Lands,Land Trust or Conservation Easement,Nova Scotia Nature Trust,Nova Scotia Nature Trust,Considered protected,9.47,,783
900,Medway River Conservation Lands,Land Trust or Conservation Easement,Nova Scotia Nature Trust,Nova Scotia Nature Trust,Considered protected,9.44,,784
1006,Upper Port LaTour Conservation Lands,Land Trust or Conservation Easement,Ducks Unlimited Canada,Ducks Unlimited Canada,Considered protected,9.38,,785
539,Spencer's Island Conservation Lands,Land Trust or Conservation Easement,Nature Conservancy of Canada,Nature Conservancy of Canada,Considered protected,9.36,,786
1100,Tobacco Island Nature Reserve,Nature Reserve,NS Environment and Climate Change,NS Environment and Climate Change,Designation decision made,9.29,,787
399,Pugwash River Estuary Conservation Lands,Land Trust or Conservation Easement,Nature Conservancy of Canada,Nature Conservancy of Canada,Considered protected,9.05,,788
360,Hemlock Hill Conservation Lands,Land Trust or Conservation Easement,Nova Scotia Nature Trust,Nova Scotia Nature Trust,Considered protected,8.98,,789
331,Round Bay Conservation Lands,Land Trust or Conservation Easement,Nature Conservancy of Canada,Nature Conservancy of Canada,Considered protected,8.84,,790
897,Mabou Highlands Conservation Lands,Land Trust or Conservation Easement,Nova Scotia Nature Trust and private owner(s),Private owner(s),Considered protected,8.81,,791
382,Purcells Cove Conservation Lands,Land Trust or Conservation Easement,Nova Scotia Nature Trust,Nova Scotia Nature Trust,Considered protected,8.72,,792
710,Hectanooga Conservation Lands,Land Trust or Conservation Easement,Nova Scotia Nature Trust,Nova Scotia Nature Trust,Considered protected,8.68,,793
746,Mahone Bay Conservation Lands,Land Trust or Conservation Easement,Nature Conservancy of Canada,Nature Conservancy of Canada,Considered protected,8.67,,794
1158,Acaciaville Conservation Lands,Land Trust or Conservation Easement,Nova Scotia Nature Trust,Nova Scotia Nature Trust,Considered protected,8.65,,795
296,Round Bay Conservation Lands,Land Trust or Conservation Easement,Nature Conservancy of Canada,Nature Conservancy of Canada,Considered protected,8.63,,796
265,Wolfville Ridge Conservation Lands,Land Trust or Conservation Easement,Nova Scotia Nature Trust,Nova Scotia Nature Trust,Considered protected,8.62,,797
599,Long Island Conservation Lands,Land Trust or Conservation Easement,Nova Scotia Nature Trust,Nova Scotia Nature Trust,Considered protected,8.60,,798
891,Hectanooga Conservation Lands,Land Trust or Conservation Easement,Nova Scotia Nature Trust,Nova Scotia Nature Trust,Considered protected,8.59,,799
250,Musquodoboit River Valley Conservation Lands,Land Trust or Conservation Easement,Nature Conservancy of Canada,Nature Conservancy of Canada,Considered protected,8.57,,800
1083,Stanley Conservation Lands,Land Trust or Conservation Easement,Ducks Unlimited Canada,Ducks Unlimited Canada,Considered protected,8.54,,801
920,Zinck's Point Conservation Lands,Land Trust or Conservation Easement,Kingsburg Coastal Conservancy,Kingsburg Coastal Conservancy,Considered protected,8.21,,802
533,Chignecto Isthmus Conservation Lands,Land Trust or Conservation Easement,Nature Conservancy of Canada,Nature Conservancy of Canada,Considered protected,8.09,,803
677,Brier Island Conservation Lands,Land Trust or Conservation Easement,Nature Conservancy of Canada,Nature Conservancy of Canada,Considered protected,8.09,,804
756,Mabou Highlands Conservation Lands (4),Land Trust or Conservation Easement,Nova Scotia Nature Trust,Nova Scotia Nature Trust,Considered protected,8.03,,805
409,Port Joli Conservation Lands,Land Trust or Conservation Easement,Nature Conservancy of Canada,Nature Conservancy of Canada,Considered protected,7.97,,806
330,Round Bay Conservation Lands,Land Trust or Conservation Easement,Nature Conservancy of Canada,Nature Conservancy of Canada,Considered protected,7.96,,807
845,Tuff Island Conservation Lands,Land Trust or Conservation Easement,Nova Scotia Nature Trust and private owner(s),Private owner(s),Considered protected,7.96,,808
917,Brothers Islands Conservation Lands,Land Trust or Conservation Easement,Nova Scotia Nature Trust,Nova Scotia Nature Trust,Considered protected,7.96,,809
779,Mosher's Bay Conservation Lands,Land Trust or Conservation Easement,Kingsburg Coastal Conservancy,Kingsburg Coastal Conservancy,Considered protected,7.95,,810
671,Mosher's Bay Conservation Lands,Land Trust or Conservation Easement,Kingsburg Coastal Conservancy,Kingsburg Coastal Conservancy,Considered protected,7.91,,811
1028,Stillwater Conservation Lands,Land Trust or Conservation Easement,Ducks Unlimited Canada,Ducks Unlimited Canada,Considered protected,7.90,,812
478,Gillfillan Lake Conservation Lands,Land Trust or Conservation Easement,Nova Scotia Nature Trust,Nova Scotia Nature Trust,Considered protected,7.71,,813
689,Gaspereau Mountain Conservation Lands,Land Trust or Conservation Easement,Nova Scotia Nature Trust,Nova Scotia Nature Trust,Considered protected,7.56,,814
565,Oxbow Conservation Lands,Land Trust or Conservation Easement,Nova Scotia Nature Trust,Nova Scotia Nature Trust,Considered protected,7.53,,815
500,Toby Island Conservation Lands,Land Trust or Conservation Easement,Nature Conservancy of Canada,Nature Conservancy of Canada,Considered protected,7.46,,816
941,Kingsburg Pond Conservation Lands,Land Trust or Conservation Easement,Kingsburg Coastal Conservancy,Kingsburg Coastal Conservancy,Considered protected,7.42,,817
218,Musquodoboit River Valley Conservation Lands,Land Trust or Conservation Easement,Nature Conservancy of Canada,Nature Conservancy of Canada,Considered protected,7.31,,818
626,Lobster Bay Conservation Lands,Land Trust or Conservation Easement,Nature Conservancy of Canada,Nature Conservancy of Canada,Considered protected,7.26,,819
251,Musquodoboit River Valley Conservation Lands,Land Trust or Conservation Easement,Nature Conservancy of Canada,Nature Conservancy of Canada,Considered protected,7.19,,820
636,Pleasant River Conservation Lands,Land Trust or Conservation Easement,Nova Scotia Nature Trust,Nova Scotia Nature Trust,Considered protected,7.18,,821
153,Shut-in Island Nature Reserve,Nature Reserve,NS Environment and Climate Change,NS Environment and Climate Change,Designated,7.14,,822
410,Port Joli Conservation Lands,Land Trust or Conservation Easement,Nature Conservancy of Canada,Nature Conservancy of Canada,Considered protected,7.14,,823
413,Minas Basin Conservation Lands,Land Trust or Conservation Easement,Nature Conservancy of Canada,Nature Conservancy of Canada,Considered protected,7.13,,824
491,McLures Brook Conservation Lands,Land Trust or Conservation Easement,Nature Conservancy of Canada,Nature Conservancy of Canada,Considered protected,6.94,,825
602,Outer Island Conservation Lands,Land Trust or Conservation Easement,Nova Scotia Nature Trust,Nova Scotia Nature Trust,Considered protected,6.88,,826
501,Pleasant River Woodlands Conservation Lands,Land Trust or Conservation Easement,Nova Scotia Nature Trust,Nova Scotia Nature Trust,Considered protected,6.83,,827
911,Mabou Highlands Conservation Lands,Land Trust or Conservation Easement,Nova Scotia Nature Trust and private owner(s),Private owner(s),Considered protected,6.76,,828
1025,Melbourne Conservation Lands,Land Trust or Conservation Easement,Ducks Unlimited Canada,Ducks Unlimited Canada,Considered protected,6.76,,829
859,Ship Rock Islands Conservation Lands,Land Trust or Conservation Easement,Nova Scotia Nature Trust and private owner(s),Private owner(s),Considered protected,6.73,,830
197,Musquodoboit Harbour Conservation Lands,Land Trust or Conservation Easement,Nature Conservancy of Canada,Nature Conservancy of Canada,Considered protected,6.69,,831
1017,Cheverie Conservation Lands,Land Trust or Conservation Easement,Ducks Unlimited Canada,Ducks Unlimited Canada,Considered protected,6.53,,832
346,Round Bay Conservation Lands,Land Trust or Conservation Easement,Nature Conservancy of Canada,Nature Conservancy of Canada,Considered protected,6.52,,833
704,Mabou Highlands Conservation Lands,Land Trust or Conservation Easement,Nova Scotia Nature Trust,Nova Scotia Nature Trust,Considered protected,6.35,,834
833,Meander River Conservation Lands,Land Trust or Conservation Easement,Nova Scotia Nature Trust and private owner(s),Private owner(s),Considered protected,6.27,,835
294,Round Bay Conservation Lands,Land Trust or Conservation Easement,Nature Conservancy of Canada,Nature Conservancy of Canada,Considered protected,6.23,,836
1039,North Highlands Conservation Lands,Land Trust or Conservation Easement,Nova Scotia Nature Trust,Nova Scotia Nature Trust,Considered protected,6.18,,837
359,St. Marys River - Harrisons Pool Conservation Lands,Land Trust or Conservation Easement,Nova Scotia Nature Trust,Nova Scotia Nature Trust,Considered protected,6.09,,838
556,West River Conservation Lands,Land Trust or Conservation Easement,Nova Scotia Nature Trust,Nova Scotia Nature Trust,Considered protected,6.09,,839
718,Skudiak Lake Conservation Lands,Land Trust or Conservation Easement,Nature Conservancy of Canada,Nature Conservancy of Canada,Considered protected,6.08,,840
880,Mabou Highlands Conservation Lands,Land Trust or Conservation Easement,Nova Scotia Nature Trust and private owner(s),Private owner(s),Considered protected,6.07,,841
597,Basque Islands Nature Reserve,Nature Reserve,NS Environment and Climate Change,NS Environment and Climate Change,Designated,6.05,,842
1132,Ponys Point Conservation Lands,Land Trust or Conservation Easement,Nova Scotia Nature Trust,Nova Scotia Nature Trust,Considered protected,5.98,,843
377,St. Marys River - Harrisons Pool Conservation Lands,Land Trust or Conservation Easement,Nova Scotia Nature Trust,Nova Scotia Nature Trust,Considered protected,5.97,,844
861,Ship Rock Islands Conservation Lands,Land Trust or Conservation Easement,Nova Scotia Nature Trust and private owner(s),Private owner(s),Considered protected,5.93,,845
316,Round Bay Conservation Lands,Land Trust or Conservation Easement,Nature Conservancy of Canada,Nature Conservancy of Canada,Considered protected,5.90,,846
1045,Sheep Islands Conservation Lands,Land Trust or Conservation Easement,Nova Scotia Nature Trust,Nova Scotia Nature Trust,Considered protected,5.89,,847
969,Archibald Conservation Lands,Land Trust or Conservation Easement,Nova Scotia Nature Trust,Nova Scotia Nature Trust,Considered protected,5.88,,848
1133,Ponys Point Conservation Lands,Land Trust or Conservation Easement,Nova Scotia Nature Trust,Nova Scotia Nature Trust,Considered protected,5.88,,849
709,Mosher's Bay Conservation Lands,Land Trust or Conservation Easement,Kingsburg Coastal Conservancy,Kingsburg Coastal Conservancy,Considered protected,5.80,,850
792,MacFarlane Woods Nature Reserve,Nature Reserve,"NS Environment and Climate Change, private owner(s)",Private owner(s),Designated,5.78,,851
327,Monks Head Conservation Lands,Land Trust or Conservation Easement,Nature Conservancy of Canada,Nature Conservancy of Canada,Considered protected,5.70,,852
1076,Beinn Scalpie Conservation Lands,Land Trust or Conservation Easement,Nature Conservancy of Canada,Nature Conservancy of Canada,Considered protected,5.66,,853
202,Mabou Highlands Conservation Lands (3),Land Trust or Conservation Easement,Nova Scotia Nature Trust,Nova Scotia Nature Trust,Considered protected,5.52,,854
996,Wallace Bay Conservation Lands,Land Trust or Conservation Easement,Ducks Unlimited Canada,Ducks Unlimited Canada,Considered protected,5.48,,855
228,Port Joli Conservation Lands,Land Trust or Conservation Easement,Nature Conservancy of Canada,Nature Conservancy of Canada,Considered protected,5.40,,856
411,Port Joli Conservation Lands,Land Trust or Conservation Easement,Nature Conservancy of Canada,Nature Conservancy of Canada,Considered protected,5.40,,857
261,Wolfville Ridge Conservation Lands,Land Trust or Conservation Easement,Nova Scotia Nature Trust,Nova Scotia Nature Trust,Considered protected,5.35,,858
312,Bowers Meadows Conservation Lands,Land Trust or Conservation Easement,Nature Conservancy of Canada,Nature Conservancy of Canada,Considered protected,5.28,,859
1122,Trout Brook Wilderness Area Addition,Wilderness Area,NS Environment and Climate Change,NS Environment and Climate Change,Designation decision made,5.24,,860
783,Gerard Island Conservation Lands,Land Trust or Conservation Easement,Nova Scotia Nature Trust and private owner(s),Nova Scotia Nature Trust and private owner(s),Considered protected,5.23,,861
975,A.M. Sandy Cameron Conservation Lands,Land Trust or Conservation Easement,Nova Scotia Nature Trust,Nova Scotia Nature Trust,Considered protected,5.18,,862
1075,Beinn Scalpie Conservation Lands,Land Trust or Conservation Easement,Nature Conservancy of Canada,Nature Conservancy of Canada,Considered protected,5.18,,863
811,Yellow Head Conservation Lands,Land Trust or Conservation Easement,Nova Scotia Nature Trust,Nova Scotia Nature Trust,Considered protected,5.14,,864
797,Ponhook Lake Conservation Lands,Land Trust or Conservation Easement,Nova Scotia Nature Trust,Nova Scotia Nature Trust,Considered protected,5.10,,865
468,Hopewell Conservation Lands,Land Trust or Conservation Easement,Nature Conservancy of Canada,Nature Conservancy of Canada,Considered protected,5.04,,866
203,Mabou Highlands Conservation Lands (3),Land Trust or Conservation Easement,Nova Scotia Nature Trust,Nova Scotia Nature Trust,Considered protected,5.01,,867
425,Port Joli Conservation Lands,Land Trust or Conservation Easement,Nature Conservancy of Canada,Nature Conservancy of Canada,Considered protected,4.95,,868
840,Port Joli Conservation Lands,Land Trust or Conservation Easement,Nature Conservancy of Canada,Nature Conservancy of Canada,Considered protected,4.93,,869
34,Cape Breton Highlands National Park Of Canada,National Park,Parks Canada Agency. Environment and Climate Change Canada,Parks Canada Agency. Environment and Climate Change Canada,Designated,4.92,,870
568,Zinck's Point Conservation Lands,Land Trust or Conservation Easement,Kingsburg Coastal Conservancy,Kingsburg Coastal Conservancy,Considered protected,4.89,,871
201,Mabou Highlands Conservation Lands (3),Land Trust or Conservation Easement,Nova Scotia Nature Trust,Nova Scotia Nature Trust,Considered protected,4.80,,872
452,Chignecto Isthmus Conservation Lands,Land Trust or Conservation Easement,Nature Conservancy of Canada,Nature Conservancy of Canada,Considered protected,4.77,,873
865,Luxton Meadows Conservation Lands,Land Trust or Conservation Easement,Nova Scotia Nature Trust,Nova Scotia Nature Trust,Considered protected,4.76,,874
333,Dr. Bill Freedman Nature Reserve,Land Trust or Conservation Easement,Nature Conservancy of Canada,Nature Conservancy of Canada,Considered protected,4.75,,875
758,Mabou Highlands Conservation Lands (4),Land Trust or Conservation Easement,Nova Scotia Nature Trust,Nova Scotia Nature Trust,Considered protected,4.74,,876
224,Mabou Highlands Conservation Lands (4),Land Trust or Conservation Easement,Nova Scotia Nature Trust,Nova Scotia Nature Trust,Considered protected,4.73,,877
1013,Argyle Head Conservation Lands,Land Trust or Conservation Easement,Ducks Unlimited Canada,Ducks Unlimited Canada,Considered protected,4.73,,878
781,Mosher's Bay Conservation Lands,Land Trust or Conservation Easement,Kingsburg Coastal Conservancy,Kingsburg Coastal Conservancy,Considered protected,4.71,,879
930,Little Annapolis Lake Conservation Lands,Land Trust or Conservation Easement,Nova Scotia Nature Trust and private owner(s),Private owner(s),Considered protected,4.68,,880
374,Hemlock Hill Conservation Lands,Land Trust or Conservation Easement,Nova Scotia Nature Trust,Nova Scotia Nature Trust,Considered protected,4.66,,881
260,Wolfville Ridge Conservation Lands,Land Trust or Conservation Easement,Nova Scotia Nature Trust,Nova Scotia Nature Trust,Considered protected,4.61,,882
902,Gaff Point Conservation Lands,Land Trust or Conservation Easement,Nature Conservancy of Canada,Nature Conservancy of Canada,Considered protected,4.60,,883
892,Hectanooga Conservation Lands,Land Trust or Conservation Easement,Nova Scotia Nature Trust,Nova Scotia Nature Trust,Considered protected,4.55,,884
793,MacFarlane Woods Nature Reserve,Nature Reserve,"NS Environment and Climate Change, private owner(s)",Private owner(s),Designated,4.48,,885
210,Musquodoboit Harbour Conservation Lands,Land Trust or Conservation Easement,Nature Conservancy of Canada,Nature Conservancy of Canada,Considered protected,4.46,,886
802,Salmon Lake Conservation Lands,Land Trust or Conservation Easement,Nova Scotia Nature Trust,Nova Scotia Nature Trust,Considered protected,4.46,,887
773,River Inhabitants Nature Reserve,Nature Reserve,"NS Environment and Climate Change, private owner(s)",Private owner(s),Designated,4.41,,888
992,Sullivan Marsh Conservation Lands,Land Trust or Conservation Easement,Ducks Unlimited Canada,Ducks Unlimited Canada,Considered protected,4.38,,889
355,Docherty's Brook Conservation Lands,Land Trust or Conservation Easement,Nature Conservancy of Canada,Nature Conservancy of Canada,Considered protected,4.37,,890
976,A.M. Sandy Cameron Conservation Lands,Land Trust or Conservation Easement,Nova Scotia Nature Trust,Nova Scotia Nature Trust,Considered protected,4.36,,891
905,Mosher's Bay Conservation Lands,Land Trust or Conservation Easement,Kingsburg Coastal Conservancy,Kingsburg Coastal Conservancy,Considered protected,4.32,,892
986,Victoria Vale Conservation Lands,Land Trust or Conservation Easement,Ducks Unlimited Canada,Ducks Unlimited Canada,Considered protected,4.29,,893
846,Lobster Bay Conservation Lands,Land Trust or Conservation Easement,Nature Conservancy of Canada,Nature Conservancy of Canada,Considered protected,4.26,,894
238,Musquodoboit River Valley Conservation Lands,Land Trust or Conservation Easement,Nature Conservancy of Canada,Nature Conservancy of Canada,Considered protected,4.22,,895
904,Gaff Point Conservation Lands,Land Trust or Conservation Easement,Nature Conservancy of Canada,Nature Conservancy of Canada,Considered protected,4.22,,896
244,Port Joli Conservation Lands,Land Trust or Conservation Easement,Nova Scotia Nature Trust,Nova Scotia Nature Trust,Considered protected,4.17,,897
672,Mosher's Bay Conservation Lands,Land Trust or Conservation Easement,Kingsburg Coastal Conservancy,Kingsburg Coastal Conservancy,Considered protected,4.08,,898
727,McGowan Lake Conservation Lands,Land Trust or Conservation Easement,Nova Scotia Nature Trust,Nova Scotia Nature Trust,Considered protected,4.07,,899
1141,Ponys Point Conservation Lands,Land Trust or Conservation Easement,Nova Scotia Nature Trust,Nova Scotia Nature Trust,Considered protected,4.04,,900
221,Mabou Highlands Conservation Lands (4),Land Trust or Conservation Easement,Nova Scotia Nature Trust,Nova Scotia Nature Trust,Considered protected,4.01,,901
688,Deep Brook Bog Conservation Lands,Land Trust or Conservation Easement,Nova Scotia Nature Trust,Nova Scotia Nature Trust,Considered protected,3.95,,902
775,River Inhabitants Nature Reserve,Nature Reserve,"NS Environment and Climate Change, private owner(s)",Private owner(s),Designated,3.94,,903
456,Little Narrows Conservation Lands,Land Trust or Conservation Easement,Nature Conservancy of Canada,Nature Conservancy of Canada,Considered protected,3.93,,904
795,MacFarlane Woods Nature Reserve,Nature Reserve,"NS Environment and Climate Change, private owner(s)",Private owner(s),Designated,3.92,,905
914,North Harbour Conservation Lands,Land Trust or Conservation Easement,Nova Scotia Nature Trust and private owner(s),Private owner(s),Considered protected,3.87,,906
630,Mabou Highlands Conservation Lands,Land Trust or Conservation Easement,Nova Scotia Nature Trust,Nova Scotia Nature Trust,Considered protected,3.85,,907
889,Gaff Point Conservation Lands,Land Trust or Conservation Easement,Nova Scotia Nature Trust,Nova Scotia Nature Trust,Considered protected,3.81,,908
959,Lime Hill Conservation Lands,Land Trust or Conservation Easement,Nova Scotia Nature Trust,Nova Scotia Nature Trust,Considered protected,3.80,,909
1135,Ponys Point Conservation Lands,Land Trust or Conservation Easement,Nova Scotia Nature Trust,Nova Scotia Nature Trust,Considered protected,3.77,,910
808,Baddeck River Conservation Lands,Land Trust or Conservation Easement,Nova Scotia Nature Trust,Nova Scotia Nature Trust,Considered protected,3.76,,911
444,Port Joli Conservation Lands,Land Trust or Conservation Easement,Nature Conservancy of Canada,Nature Conservancy of Canada,Considered protected,3.72,,912
1136,Ponys Point Conservation Lands,Land Trust or Conservation Easement,Nova Scotia Nature Trust,Nova Scotia Nature Trust,Considered protected,3.70,,913
999,Conrod Beach Road Conservation Lands,Land Trust or Conservation Easement,Ducks Unlimited Canada,Ducks Unlimited Canada,Considered protected,3.68,,914
282,Deep Cove Conservation Lands,Land Trust or Conservation Easement,Nature Conservancy of Canada,Nature Conservancy of Canada,Considered protected,3.65,,915
525,Sawmill Brook Conservation Lands,Land Trust or Conservation Easement,Nature Conservancy of Canada,Nature Conservancy of Canada,Considered protected,3.64,,916
836,Bald Islands Conservation Lands,Land Trust or Conservation Easement,Nova Scotia Nature Trust,Nova Scotia Nature Trust,Considered protected,3.64,,917
601,Middle Islands Conservation Lands,Land Trust or Conservation Easement,Nova Scotia Nature Trust,Nova Scotia Nature Trust,Considered protected,3.52,,918
827,Little Narrows Conservation Lands,Land Trust or Conservation Easement,Nature Conservancy of Canada,Nature Conservancy of Canada,Considered protected,3.51,,919
446,Port Joli Conservation Lands,Land Trust or Conservation Easement,Nature Conservancy of Canada,Nature Conservancy of Canada,Considered protected,3.50,,920
860,Ship Rock Islands Conservation Lands,Land Trust or Conservation Easement,Nova Scotia Nature Trust and private owner(s),Private owner(s),Considered protected,3.48,,921
271,Tangier River Conservation Lands,Land Trust or Conservation Easement,Nova Scotia Nature Trust,Nova Scotia Nature Trust,Considered protected,3.47,,922
1019,Fort Lawrence Conservation Lands,Land Trust or Conservation Easement,Ducks Unlimited Canada,Ducks Unlimited Canada,Considered protected,3.47,,923
618,Gaff Point Conservation Lands,Land Trust or Conservation Easement,Kingsburg Coastal Conservancy,Kingsburg Coastal Conservancy,Considered protected,3.46,,924
1151,Toymakers Marsh Conservation Lands,Land Trust or Conservation Easement,Ducks Unlimited Canada,Ducks Unlimited Canada,Considered protected,3.46,,925
716,Timberlea Conservation Lands,Land Trust or Conservation Easement,Nova Scotia Nature Trust,Nova Scotia Nature Trust,Considered protected,3.44,,926
1024,Lower Burlington Conservation Lands,Land Trust or Conservation Easement,Ducks Unlimited Canada,Ducks Unlimited Canada,Considered protected,3.44,,927
832,Meander River Conservation Lands,Land Trust or Conservation Easement,Nova Scotia Nature Trust and private owner(s),Private owner(s),Considered protected,3.43,,928
447,Port Joli Conservation Lands,Land Trust or Conservation Easement,Nature Conservancy of Canada,Nature Conservancy of Canada,Considered protected,3.42,,929
778,Mosher's Bay Conservation Lands,Land Trust or Conservation Easement,Kingsburg Coastal Conservancy,Kingsburg Coastal Conservancy,Considered protected,3.41,,930
259,Wolfville Ridge Conservation Lands,Land Trust or Conservation Easement,Nova Scotia Nature Trust,Nova Scotia Nature Trust,Considered protected,3.34,,931
885,Gaff Point Conservation Lands,Land Trust or Conservation Easement,Nature Conservancy of Canada,Nature Conservancy of Canada,Considered protected,3.34,,932
835,Bald Islands Conservation Lands,Land Trust or Conservation Easement,Nova Scotia Nature Trust,Nova Scotia Nature Trust,Considered protected,3.32,,933
235,Musquodoboit River Valley Conservation Lands,Land Trust or Conservation Easement,Nature Conservancy of Canada,Nature Conservancy of Canada,Considered protected,3.30,,934
1001,West Petpeswick Conservation Lands,Land Trust or Conservation Easement,Ducks Unlimited Canada,Ducks Unlimited Canada,Considered protected,3.29,,935
1131,St. Marys River Conservation Lands,Land Trust or Conservation Easement,Nova Scotia Nature Trust,Nova Scotia Nature Trust,Considered protected,3.28,,936
991,Sullivan Marsh Conservation Lands,Land Trust or Conservation Easement,Ducks Unlimited Canada,Ducks Unlimited Canada,Considered protected,3.22,,937
1128,Ponys Point Conservation Lands,Land Trust or Conservation Easement,Nova Scotia Nature Trust,Nova Scotia Nature Trust,Considered protected,3.21,,938
272,Tangier River Conservation Lands,Land Trust or Conservation Easement,Nova Scotia Nature Trust,Nova Scotia Nature Trust,Considered protected,3.19,,939
1021,Fort Lawrence Conservation Lands,Land Trust or Conservation Easement,Ducks Unlimited Canada,Ducks Unlimited Canada,Considered protected,3.16,,940
302,Troop Island Conservation Lands,Land Trust or Conservation Easement,Nova Scotia Nature Trust,Nova Scotia Nature Trust,Considered protected,3.11,,941
728,McGowan Lake Conservation Lands,Land Trust or Conservation Easement,Nova Scotia Nature Trust,Nova Scotia Nature Trust,Considered protected,3.11,,942
794,MacFarlane Woods Nature Reserve,Nature Reserve,"NS Environment and Climate Change, private owner(s)",Private owner(s),Designated,3.11,,943
570,Peter's Island Conservation Lands,Land Trust or Conservation Easement,Nova Scotia Nature Trust,Nova Scotia Nature Trust,Considered protected,3.10,,944
373,Pugwash River Estuary Conservation Lands,Land Trust or Conservation Easement,Nature Conservancy of Canada,Nature Conservancy of Canada,Considered protected,3.06,,945
274,Round Bay Conservation Lands,Land Trust or Conservation Easement,Nature Conservancy of Canada,Nature Conservancy of Canada,Considered protected,3.03,,946
668,North Mountain Woodlands Conservation Lands,Land Trust or Conservation Easement,Nova Scotia Nature Trust,Nova Scotia Nature Trust,Considered protected,3.02,,947
831,Great Island Conservation Lands,Land Trust or Conservation Easement,Nova Scotia Nature Trust and private owner(s),Private owner(s),Considered protected,3.00,,948
987,Tidnish Conservation Lands,Land Trust or Conservation Easement,Ducks Unlimited Canada,Ducks Unlimited Canada,Considered protected,3.00,,949
760,Musquodoboit River Valley Conservation Lands,Land Trust or Conservation Easement,Nature Conservancy of Canada,Nature Conservancy of Canada,Considered protected,2.99,,950
362,St. Marys River - Harrisons Pool Conservation Lands,Land Trust or Conservation Easement,Nova Scotia Nature Trust,Nova Scotia Nature Trust,Considered protected,2.93,,951
748,Mahone Bay Conservation Lands,Land Trust or Conservation Easement,Nature Conservancy of Canada,Nature Conservancy of Canada,Considered protected,2.91,,952
200,Musquodoboit Harbour Conservation Lands,Land Trust or Conservation Easement,Nature Conservancy of Canada,Nature Conservancy of Canada,Considered protected,2.89,,953
745,Sheep Island Conservation Lands,Land Trust or Conservation Easement,Nature Conservancy of Canada,Nature Conservancy of Canada,Considered protected,2.89,,954
277,Round Bay Conservation Lands,Land Trust or Conservation Easement,Nature Conservancy of Canada,Nature Conservancy of Canada,Considered protected,2.87,,955
888,Gaff Point Conservation Lands,Land Trust or Conservation Easement,Nature Conservancy of Canada,Nature Conservancy of Canada,Considered protected,2.83,,956
649,Crows Neck Nature Reserve,"Nature Reserve, Conservation Easement","NS Environment and Climate Change, NS Department of Natural Resources and Renewables, Nature Conservancy of Canada",NS Environment and Climate Change,Designated,2.79,,957
853,Gaff Point Conservation Lands,Land Trust or Conservation Easement,Nature Conservancy of Canada,Nature Conservancy of Canada,Considered protected,2.79,,958
324,Chignecto Isthmus Conservation Lands,Land Trust or Conservation Easement,Nature Conservancy of Canada,Nature Conservancy of Canada,Considered protected,2.74,,959
1134,Ponys Point Conservation Lands,Land Trust or Conservation Easement,Nova Scotia Nature Trust,Nova Scotia Nature Trust,Considered protected,2.72,,960
774,River Inhabitants Nature Reserve,Nature Reserve,"NS Environment and Climate Change, private owner(s)",Private owner(s),Designated,2.71,,961
342,St. Marys River - Harrisons Pool Conservation Lands,Land Trust or Conservation Easement,Nova Scotia Nature Trust,Nova Scotia Nature Trust,Considered protected,2.70,,962
1000,West Petpeswick Conservation Lands,Land Trust or Conservation Easement,Ducks Unlimited Canada,Ducks Unlimited Canada,Considered protected,2.69,,963
253,Musquodoboit River Valley Conservation Lands,Land Trust or Conservation Easement,Nature Conservancy of Canada,Nature Conservancy of Canada,Considered protected,2.67,,964
262,Wolfville Ridge Conservation Lands,Land Trust or Conservation Easement,Nova Scotia Nature Trust,Nova Scotia Nature Trust,Considered protected,2.63,,965
683,Brier Island Conservation Lands,Land Trust or Conservation Easement,Nature Conservancy of Canada,Nature Conservancy of Canada,Considered protected,2.62,,966
890,Gaff Point Conservation Lands,Land Trust or Conservation Easement,Nova Scotia Nature Trust,Nova Scotia Nature Trust,Considered protected,2.58,,967
1142,Ponys Point Conservation Lands,Land Trust or Conservation Easement,Nova Scotia Nature Trust,Nova Scotia Nature Trust,Considered protected,2.54,,968
854,Gaff Point Conservation Lands,Land Trust or Conservation Easement,Nature Conservancy of Canada,Nature Conservancy of Canada,Considered protected,2.53,,969
1002,West Petpeswick Conservation Lands,Land Trust or Conservation Easement,Ducks Unlimited Canada,Ducks Unlimited Canada,Considered protected,2.48,,970
233,Musquodoboit River Valley Conservation Lands,Land Trust or Conservation Easement,Nature Conservancy of Canada,Nature Conservancy of Canada,Considered protected,2.45,,971
1058,Knob and Round Islands Conservation Lands,Land Trust or Conservation Easement,Nova Scotia Nature Trust,Nova Scotia Nature Trust,Considered protected,2.44,,972
851,Gaff Point Conservation Lands,Land Trust or Conservation Easement,Nature Conservancy of Canada,Nature Conservancy of Canada,Considered protected,2.43,,973
1030,St. Margarets Bay Islands Nature Reserve,"Nature Reserve, Conservation Easement","NS Environment and Climate Change, Nova Scotia Nature Trust",NS Environment and Climate Change,Designated,2.42,,974
1053,Purcells Cove Conservation Lands,Land Trust or Conservation Easement,Nova Scotia Nature Trust,Nova Scotia Nature Trust,Considered protected,2.39,,975
139,Black River Bog Conservation Lands,Land Trust or Conservation Easement,Nature Conservancy of Canada,Nature Conservancy of Canada,Considered protected,2.35,,976
299,Troop Island Conservation Lands,Land Trust or Conservation Easement,Nova Scotia Nature Trust,Nova Scotia Nature Trust,Considered protected,2.35,,977
809,Baddeck River Conservation Lands,Land Trust or Conservation Easement,Nova Scotia Nature Trust,Nova Scotia Nature Trust,Considered protected,2.35,,978
49,Sable Island National Park Reserve Of Canada,National Park,Parks Canada Agency. Environment and Climate Change Canada,Parks Canada Agency. Environment and Climate Change Canada,Designated,2.34,,979
208,Port Joli Conservation Lands,Land Trust or Conservation Easement,Nature Conservancy of Canada,Nature Conservancy of Canada,Considered protected,2.34,,980
932,Brothers Islands Conservation Lands,Land Trust or Conservation Easement,Nova Scotia Nature Trust,Nova Scotia Nature Trust,Considered protected,2.30,,981
222,Mabou Highlands Conservation Lands (4),Land Trust or Conservation Easement,Nova Scotia Nature Trust,Nova Scotia Nature Trust,Considered protected,2.27,,982
785,Purgatory Point Conservation Lands,Land Trust or Conservation Easement,Nova Scotia Nature Trust and private owner(s),Private owner(s),Considered protected,2.27,,983
548,Barren Brook Conservation Lands,Land Trust or Conservation Easement,Nova Scotia Nature Trust,Nova Scotia Nature Trust,Considered protected,2.26,,984
789,Baddeck River Conservation Lands,Land Trust or Conservation Easement,Nova Scotia Nature Trust,Nova Scotia Nature Trust,Considered protected,2.26,,985
140,Black River Bog Conservation Lands,Land Trust or Conservation Easement,Nature Conservancy of Canada,Nature Conservancy of Canada,Considered protected,2.23,,986
269,Chignecto Isthmus Conservation Lands,Land Trust or Conservation Easement,Nature Conservancy of Canada,Nature Conservancy of Canada,Considered protected,2.23,,987
884,Gaff Point Conservation Lands,Land Trust or Conservation Easement,Nature Conservancy of Canada,Nature Conservancy of Canada,Considered protected,2.23,,988
886,Gaff Point Conservation Lands,Land Trust or Conservation Easement,Nature Conservancy of Canada,Nature Conservancy of Canada,Considered protected,2.23,,989
1080,Allain River Marsh Conservation Lands,Land Trust or Conservation Easement,Ducks Unlimited Canada,Ducks Unlimited Canada,Considered protected,2.21,,990
887,Gaff Point Conservation Lands,Land Trust or Conservation Easement,Nature Conservancy of Canada,Nature Conservancy of Canada,Considered protected,2.18,,991
1018,Fort Lawrence Conservation Lands,Land Trust or Conservation Easement,Ducks Unlimited Canada,Ducks Unlimited Canada,Considered protected,2.14,,992
882,Medway River Conservation Lands,Land Trust or Conservation Easement,Nova Scotia Nature Trust,Nova Scotia Nature Trust,Considered protected,2.12,,993
1143,Ponys Point Conservation Lands,Land Trust or Conservation Easement,Nova Scotia Nature Trust,Nova Scotia Nature Trust,Considered protected,2.12,,994
301,Troop Island Conservation Lands,Land Trust or Conservation Easement,Nova Scotia Nature Trust,Nova Scotia Nature Trust,Considered protected,2.11,,995
194,Chignecto Isthmus Conservation Lands,Land Trust or Conservation Easement,Nature Conservancy of Canada,Nature Conservancy of Canada,Considered protected,2.10,,996
337,Chignecto Isthmus Conservation Lands,Land Trust or Conservation Easement,Nature Conservancy of Canada,Nature Conservancy of Canada,Considered protected,2.09,,997
1055,Maskells Harbour Conservation Lands,Land Trust or Conservation Easement,Nova Scotia Nature Trust,Nova Scotia Nature Trust,Considered protected,2.05,,998
371,Pugwash River Estuary Conservation Lands,Land Trust or Conservation Easement,Nature Conservancy of Canada,Nature Conservancy of Canada,Considered protected,2.01,,999
442,Port Joli Conservation Lands,Land Trust or Conservation Easement,Nature Conservancy of Canada,Nature Conservancy of Canada,Considered protected,1.99,,1000
1129,Ponys Point Conservation Lands,Land Trust or Conservation Easement,Nova Scotia Nature Trust,Nova Scotia Nature Trust,Considered protected,1.99,,1001
130,Black River Bog Conservation Lands,Land Trust or Conservation Easement,Nature Conservancy of Canada,Nature Conservancy of Canada,Considered protected,1.96,,1002
869,Gaff Point Conservation Lands,Land Trust or Conservation Easement,Nature Conservancy of Canada,Nature Conservancy of Canada,Considered protected,1.96,,1003
1140,St. Marys River East Conservation Lands,Land Trust or Conservation Easement,Nova Scotia Nature Trust,Nova Scotia Nature Trust,Considered protected,1.96,,1004
872,Gaff Point Conservation Lands,Land Trust or Conservation Easement,Nature Conservancy of Canada,Nature Conservancy of Canada,Considered protected,1.94,,1005
276,Round Bay Conservation Lands,Land Trust or Conservation Easement,Nature Conservancy of Canada,Nature Conservancy of Canada,Considered protected,1.93,,1006
1047,Sheep Islands Conservation Lands,Land Trust or Conservation Easement,Nova Scotia Nature Trust,Nova Scotia Nature Trust,Considered protected,1.91,,1007
868,Gaff Point Conservation Lands,Land Trust or Conservation Easement,Nature Conservancy of Canada,Nature Conservancy of Canada,Considered protected,1.90,,1008
682,Brier Island Conservation Lands,Land Trust or Conservation Easement,Nature Conservancy of Canada,Nature Conservancy of Canada,Considered protected,1.89,,1009
273,Round Bay Conservation Lands,Land Trust or Conservation Easement,Nature Conservancy of Canada,Nature Conservancy of Canada,Considered protected,1.88,,1010
524,Rose Point Conservation Lands,Land Trust or Conservation Easement,Kingsburg Coastal Conservancy,Kingsburg Coastal Conservancy,Considered protected,1.86,,1011
1130,Ponys Point Conservation Lands,Land Trust or Conservation Easement,Nova Scotia Nature Trust,Nova Scotia Nature Trust,Considered protected,1.82,,1012
414,Minas Basin Conservation Lands,Land Trust or Conservation Easement,Nature Conservancy of Canada,Nature Conservancy of Canada,Considered protected,1.79,,1013
903,Gaff Point Conservation Lands,Land Trust or Conservation Easement,Nature Conservancy of Canada,Nature Conservancy of Canada,Considered protected,1.77,,1014
304,Mahone Bay Conservation Lands,Land Trust or Conservation Easement,Nature Conservancy of Canada,Nature Conservancy of Canada,Considered protected,1.75,,1015
323,Mahone Bay Conservation Lands,Land Trust or Conservation Easement,Nature Conservancy of Canada,Nature Conservancy of Canada,Considered protected,1.75,,1016
655,Sand Beach Conservation Lands,Land Trust or Conservation Easement,Nova Scotia Nature Trust,Nova Scotia Nature Trust,Considered protected,1.71,,1017
1097,Fourchu Coast Wilderness Area,Wilderness Area,NS Environment and Climate Change,NS Environment and Climate Change,Designation decision made,1.69,,1018
196,Chignecto Isthmus Conservation Lands,Land Trust or Conservation Easement,Nature Conservancy of Canada,Nature Conservancy of Canada,Considered protected,1.66,,1019
292,Round Bay Conservation Lands,Land Trust or Conservation Easement,Nature Conservancy of Canada,Nature Conservancy of Canada,Considered protected,1.66,,1020
764,River Inhabitants Nature Reserve,Nature Reserve,"NS Environment and Climate Change, private owner(s)",Private owner(s),Designated,1.65,,1021
852,Gaff Point Conservation Lands,Land Trust or Conservation Easement,Nature Conservancy of Canada,Nature Conservancy of Canada,Considered protected,1.63,,1022
978,A.M. Sandy Cameron Conservation Lands,Land Trust or Conservation Easement,Nova Scotia Nature Trust,Nova Scotia Nature Trust,Considered protected,1.63,,1023
805,Purgatory Point Conservation Lands,Land Trust or Conservation Easement,Nova Scotia Nature Trust and private owner(s),Private owner(s),Considered protected,1.62,,1024
826,Little Narrows Conservation Lands,Land Trust or Conservation Easement,Nature Conservancy of Canada,Nature Conservancy of Canada,Considered protected,1.62,,1025
1010,Argyle Head Conservation Lands,Land Trust or Conservation Easement,Ducks Unlimited Canada,Ducks Unlimited Canada,Considered protected,1.57,,1026
906,Mosher's Bay Conservation Lands,Land Trust or Conservation Easement,Kingsburg Coastal Conservancy,Kingsburg Coastal Conservancy,Considered protected,1.55,,1027
918,Mosher's Bay Conservation Lands,Land Trust or Conservation Easement,Kingsburg Coastal Conservancy,Kingsburg Coastal Conservancy,Considered protected,1.55,,1028
822,Farley's Ark Conservation Lands,Land Trust or Conservation Easement,Nova Scotia Nature Trust,Nova Scotia Nature Trust,Considered protected,1.51,,1029
943,Port Joli Conservation Lands,Land Trust or Conservation Easement,Nature Conservancy of Canada,Nature Conservancy of Canada,Considered protected,1.50,,1030
427,Port Joli Conservation Lands,Land Trust or Conservation Easement,Nature Conservancy of Canada,Nature Conservancy of Canada,Considered protected,1.49,,1031
866,Gaff Point Conservation Lands,Land Trust or Conservation Easement,Nature Conservancy of Canada,Nature Conservancy of Canada,Considered protected,1.47,,1032
268,Chignecto Isthmus Conservation Lands,Land Trust or Conservation Easement,Nature Conservancy of Canada,Nature Conservancy of Canada,Considered protected,1.46,,1033
220,Musquodoboit River Valley Conservation Lands,Land Trust or Conservation Easement,Nature Conservancy of Canada,Nature Conservancy of Canada,Considered protected,1.44,,1034
867,Gaff Point Conservation Lands,Land Trust or Conservation Easement,Nature Conservancy of Canada,Nature Conservancy of Canada,Considered protected,1.42,,1035
673,Mosher's Bay Conservation Lands,Land Trust or Conservation Easement,Kingsburg Coastal Conservancy,Kingsburg Coastal Conservancy,Considered protected,1.41,,1036
870,Gaff Point Conservation Lands,Land Trust or Conservation Easement,Nature Conservancy of Canada,Nature Conservancy of Canada,Considered protected,1.40,,1037
629,Mabou Highlands Conservation Lands,Land Trust or Conservation Easement,Nova Scotia Nature Trust,Nova Scotia Nature Trust,Considered protected,1.37,,1038
1057,Knob and Round Islands Conservation Lands,Land Trust or Conservation Easement,Nova Scotia Nature Trust,Nova Scotia Nature Trust,Considered protected,1.32,,1039
871,Gaff Point Conservation Lands,Land Trust or Conservation Easement,Nature Conservancy of Canada,Nature Conservancy of Canada,Considered protected,1.30,,1040
838,Lobster Bay Conservation Lands,Land Trust or Conservation Easement,Nature Conservancy of Canada,Nature Conservancy of Canada,Considered protected,1.29,,1041
907,Mosher's Bay Conservation Lands,Land Trust or Conservation Easement,Kingsburg Coastal Conservancy,Kingsburg Coastal Conservancy,Considered protected,1.28,,1042
1154,Toymakers Marsh Conservation Lands,Land Trust or Conservation Easement,Ducks Unlimited Canada,Ducks Unlimited Canada,Considered protected,1.27,,1043
361,St. Marys River - Harrisons Pool Conservation Lands,Land Trust or Conservation Easement,Nova Scotia Nature Trust,Nova Scotia Nature Trust,Considered protected,1.22,,1044
1078,Allain River Marsh Conservation Lands,Land Trust or Conservation Easement,Ducks Unlimited Canada,Ducks Unlimited Canada,Considered protected,1.22,,1045
1152,Toymakers Marsh Conservation Lands,Land Trust or Conservation Easement,Ducks Unlimited Canada,Ducks Unlimited Canada,Considered protected,1.21,,1046
455,Musquodoboit Harbour Conservation Lands,Land Trust or Conservation Easement,Nature Conservancy of Canada,Nature Conservancy of Canada,Considered protected,1.18,,1047
964,Eigg Mountain - James River Wilderness Area,Wilderness Area,"NS Environment and Climate Change, Town of Antigonish",Town of Antigonish,Designated,1.16,,1048
824,Bald Islands Conservation Lands,Land Trust or Conservation Easement,Nova Scotia Nature Trust,Nova Scotia Nature Trust,Considered protected,1.15,,1049
521,Rines Creek Conservation Lands,Land Trust or Conservation Easement,Nova Scotia Nature Trust,Nova Scotia Nature Trust,Considered protected,1.14,,1050
919,Mosher's Bay Conservation Lands,Land Trust or Conservation Easement,Kingsburg Coastal Conservancy,Kingsburg Coastal Conservancy,Considered protected,1.14,,1051
761,Plaister Cliffs Conservation Lands,Land Trust or Conservation Easement,Nova Scotia Nature Trust,Nova Scotia Nature Trust,Considered protected,1.13,,1052
295,Round Bay Conservation Lands,Land Trust or Conservation Easement,Nature Conservancy of Canada,Nature Conservancy of Canada,Considered protected,1.10,,1053
990,Tidal View Marsh Conservation Lands,Land Trust or Conservation Easement,Ducks Unlimited Canada,Ducks Unlimited Canada,Considered protected,1.10,,1054
1046,Sheep Islands Conservation Lands,Land Trust or Conservation Easement,Nova Scotia Nature Trust,Nova Scotia Nature Trust,Considered protected,1.10,,1055
908,Mosher's Bay Conservation Lands,Land Trust or Conservation Easement,Kingsburg Coastal Conservancy,Kingsburg Coastal Conservancy,Considered protected,1.09,,1056
205,Mabou Highlands Conservation Lands (3),Land Trust or Conservation Easement,Nova Scotia Nature Trust,Nova Scotia Nature Trust,Considered protected,1.08,,1057
1004,West Petpeswick Conservation Lands,Land Trust or Conservation Easement,Ducks Unlimited Canada,Ducks Unlimited Canada,Considered protected,1.08,,1058
1146,Toymakers Marsh Conservation Lands,Land Trust or Conservation Easement,Ducks Unlimited Canada,Ducks Unlimited Canada,Considered protected,1.07,,1059
1147,Toymakers Marsh Conservation Lands,Land Trust or Conservation Easement,Ducks Unlimited Canada,Ducks Unlimited Canada,Considered protected,1.07,,1060
376,Mitchells Pool Consevation Lands,Land Trust or Conservation Easement,Nova Scotia Nature Trust,Nova Scotia Nature Trust,Considered protected,1.04,,1061
213,Musquodoboit Harbour Conservation Lands,Land Trust or Conservation Easement,Nova Scotia Nature Trust,Nova Scotia Nature Trust,Considered protected,1.00,,1062
762,McKinnons Harbour Conservation Lands,Land Trust or Conservation Easement,Bras d'Or Preservation Nature Trust,Bras d'Or Preservation Nature Trust,Considered protected,0.97,,1063
953,Kingsburg Pond Conservation Lands,Land Trust or Conservation Easement,Kingsburg Coastal Conservancy,Kingsburg Coastal Conservancy,Considered protected,0.96,,1064
389,St. Marys River Conservation Lands (1),Land Trust or Conservation Easement,Nova Scotia Nature Trust,Nova Scotia Nature Trust,Considered protected,0.94,,1065
303,Troop Island Conservation Lands,Land Trust or Conservation Easement,Nova Scotia Nature Trust,Nova Scotia Nature Trust,Considered protected,0.90,,1066
935,Kingsburg Pond Conservation Lands,Land Trust or Conservation Easement,Kingsburg Coastal Conservancy,Kingsburg Coastal Conservancy,Considered protected,0.87,,1067
347,Round Bay Conservation Lands,Land Trust or Conservation Easement,Nature Conservancy of Canada,Nature Conservancy of Canada,Considered protected,0.85,,1068
1064,Haley Lake Conservation Lands,Land Trust or Conservation Easement,Nature Conservancy of Canada,Nature Conservancy of Canada,Considered protected,0.84,,1069
214,Musquodoboit Harbour Conservation Lands,Land Trust or Conservation Easement,Nova Scotia Nature Trust,Nova Scotia Nature Trust,Considered protected,0.83,,1070
676,Brier Island Conservation Lands,Land Trust or Conservation Easement,Nature Conservancy of Canada,Nature Conservancy of Canada,Considered protected,0.83,,1071
834,Bald Islands Conservation Lands,Land Trust or Conservation Easement,Nova Scotia Nature Trust,Nova Scotia Nature Trust,Considered protected,0.83,,1072
957,Kingsburg Pond Conservation Lands,Land Trust or Conservation Easement,Kingsburg Coastal Conservancy,Kingsburg Coastal Conservancy,Considered protected,0.83,,1073
285,Chignecto Isthmus Conservation Lands,Land Trust or Conservation Easement,Nature Conservancy of Canada,Nature Conservancy of Canada,Considered protected,0.82,,1074
1153,Toymakers Marsh Conservation Lands,Land Trust or Conservation Easement,Ducks Unlimited Canada,Ducks Unlimited Canada,Considered protected,0.81,,1075
586,Farley's Ark Conservation Lands,Land Trust or Conservation Easement,Nova Scotia Nature Trust,Nova Scotia Nature Trust,Considered protected,0.80,,1076
1150,Toymakers Marsh Conservation Lands,Land Trust or Conservation Easement,Ducks Unlimited Canada,Ducks Unlimited Canada,Considered protected,0.80,,1077
300,Troop Island Conservation Lands,Land Trust or Conservation Easement,Nova Scotia Nature Trust,Nova Scotia Nature Trust,Considered protected,0.78,,1078
1155,Toymakers Marsh Conservation Lands,Land Trust or Conservation Easement,Ducks Unlimited Canada,Ducks Unlimited Canada,Considered protected,0.77,,1079
780,Mosher's Bay Conservation Lands,Land Trust or Conservation Easement,Kingsburg Coastal Conservancy,Kingsburg Coastal Conservancy,Considered protected,0.76,,1080
215,Musquodoboit Harbour Conservation Lands,Land Trust or Conservation Easement,Nova Scotia Nature Trust,Nova Scotia Nature Trust,Considered protected,0.75,,1081
283,Chignecto Isthmus Conservation Lands,Land Trust or Conservation Easement,Nature Conservancy of Canada,Nature Conservancy of Canada,Considered protected,0.72,,1082
929,Little Annapolis Lake Conservation Lands,Land Trust or Conservation Easement,Nova Scotia Nature Trust and private owner(s),Private owner(s),Considered protected,0.71,,1083
181,Zinck's Point Conservation Lands,Land Trust or Conservation Easement,Kingsburg Coastal Conservancy,Kingsburg Coastal Conservancy,Considered protected,0.70,,1084
1149,Toymakers Marsh Conservation Lands,Land Trust or Conservation Easement,Ducks Unlimited Canada,Ducks Unlimited Canada,Considered protected,0.70,,1085
146,Grassy Island Nature Reserve,Nature Reserve,NS Environment and Climate Change,NS Environment and Climate Change,Designated,0.69,,1086
372,Pugwash River Estuary Conservation Lands,Land Trust or Conservation Easement,Nature Conservancy of Canada,Nature Conservancy of Canada,Considered protected,0.68,,1087
909,Mosher's Bay Conservation Lands,Land Trust or Conservation Easement,Kingsburg Coastal Conservancy,Kingsburg Coastal Conservancy,Considered protected,0.67,,1088
305,Mahone Bay Conservation Lands,Land Trust or Conservation Easement,Nature Conservancy of Canada,Nature Conservancy of Canada,Considered protected,0.65,,1089
263,Wolfville Ridge Conservation Lands,Land Trust or Conservation Easement,Nova Scotia Nature Trust,Nova Scotia Nature Trust,Considered protected,0.64,,1090
264,Wolfville Ridge Conservation Lands,Land Trust or Conservation Easement,Nova Scotia Nature Trust,Nova Scotia Nature Trust,Considered protected,0.63,,1091
195,Chignecto Isthmus Conservation Lands,Land Trust or Conservation Easement,Nature Conservancy of Canada,Nature Conservancy of Canada,Considered protected,0.62,,1092
694,Belliveau Lake - La Grande Ile Conservation Lands,Land Trust or Conservation Easement,Nova Scotia Nature Trust,Nova Scotia Nature Trust,Considered protected,0.62,,1093
954,Kingsburg Pond Conservation Lands,Land Trust or Conservation Easement,Kingsburg Coastal Conservancy,Kingsburg Coastal Conservancy,Considered protected,0.62,,1094
812,Yellow Head Conservation Lands,Land Trust or Conservation Easement,Nova Scotia Nature Trust,Nova Scotia Nature Trust,Considered protected,0.61,,1095
939,Kingsburg Pond Conservation Lands,Land Trust or Conservation Easement,Kingsburg Coastal Conservancy,Kingsburg Coastal Conservancy,Considered protected,0.61,,1096
1148,Toymakers Marsh Conservation Lands,Land Trust or Conservation Easement,Ducks Unlimited Canada,Ducks Unlimited Canada,Considered protected,0.61,,1097
322,Mahone Bay Conservation Lands,Land Trust or Conservation Easement,Nature Conservancy of Canada,Nature Conservancy of Canada,Considered protected,0.59,,1098
847,Lobster Bay Conservation Lands,Land Trust or Conservation Easement,Nature Conservancy of Canada,Nature Conservancy of Canada,Considered protected,0.56,,1099
1035,Acaciaville Conservation Lands,Land Trust or Conservation Easement,Nova Scotia Nature Trust,Nova Scotia Nature Trust,Considered protected,0.55,,1100
229,Musquodoboit Harbour Conservation Lands,Land Trust or Conservation Easement,Nova Scotia Nature Trust,Nova Scotia Nature Trust,Considered protected,0.51,,1101
1003,West Petpeswick Conservation Lands,Land Trust or Conservation Easement,Ducks Unlimited Canada,Ducks Unlimited Canada,Considered protected,0.50,,1102
199,Musquodoboit Harbour Conservation Lands,Land Trust or Conservation Easement,Nature Conservancy of Canada,Nature Conservancy of Canada,Considered protected,0.49,,1103
284,Chignecto Isthmus Conservation Lands,Land Trust or Conservation Easement,Nature Conservancy of Canada,Nature Conservancy of Canada,Considered protected,0.49,,1104
858,Ship Rock Islands Conservation Lands,Land Trust or Conservation Easement,Nova Scotia Nature Trust and private owner(s),Private owner(s),Considered protected,0.48,,1105
1144,Ponys Point Conservation Lands,Land Trust or Conservation Easement,Nova Scotia Nature Trust,Nova Scotia Nature Trust,Considered protected,0.47,,1106
318,Mahone Bay Conservation Lands,Land Trust or Conservation Easement,Nature Conservancy of Canada,Nature Conservancy of Canada,Considered protected,0.43,,1107
357,St. Marys River - Harrisons Pool Conservation Lands,Land Trust or Conservation Easement,Nova Scotia Nature Trust,Nova Scotia Nature Trust,Considered protected,0.42,,1108
938,Kingsburg Pond Conservation Lands,Land Trust or Conservation Easement,Kingsburg Coastal Conservancy,Kingsburg Coastal Conservancy,Considered protected,0.41,,1109
1044,Green Island Conservation Lands,Land Trust or Conservation Easement,Nova Scotia Nature Trust,Nova Scotia Nature Trust,Considered protected,0.41,,1110
321,Mahone Bay Conservation Lands,Land Trust or Conservation Easement,Nature Conservancy of Canada,Nature Conservancy of Canada,Considered protected,0.40,,1111
942,Kingsburg Pond Conservation Lands,Land Trust or Conservation Easement,Kingsburg Coastal Conservancy,Kingsburg Coastal Conservancy,Considered protected,0.40,,1112
947,Silver River Wilderness Area,Wilderness Area,NS Environment and Climate Change,NS Environment and Climate Change,Designated,0.40,,1113
212,Musquodoboit Harbour Conservation Lands,Land Trust or Conservation Easement,Nova Scotia Nature Trust,Nova Scotia Nature Trust,Considered protected,0.39,,1114
319,Mahone Bay Conservation Lands,Land Trust or Conservation Easement,Nature Conservancy of Canada,Nature Conservancy of Canada,Considered protected,0.39,,1115
952,Kingsburg Pond Conservation Lands,Land Trust or Conservation Easement,Kingsburg Coastal Conservancy,Kingsburg Coastal Conservancy,Considered protected,0.38,,1116
320,Mahone Bay Conservation Lands,Land Trust or Conservation Easement,Nature Conservancy of Canada,Nature Conservancy of Canada,Considered protected,0.36,,1117
946,Gaff Point Conservation Lands,Land Trust or Conservation Easement,Nature Conservancy of Canada and private owners,Nature Conservancy of Canada and private owners,Considered protected,0.36,,1118
955,Kingsburg Pond Conservation Lands,Land Trust or Conservation Easement,Kingsburg Coastal Conservancy,Kingsburg Coastal Conservancy,Considered protected,0.36,,1119
850,Johnstons Pond Conservation Lands,Land Trust or Conservation Easement,Nature Conservancy of Canada,Nature Conservancy of Canada,Considered protected,0.30,,1120
924,Kingsburg Pond Conservation Lands,Land Trust or Conservation Easement,Kingsburg Coastal Conservancy,Kingsburg Coastal Conservancy,Considered protected,0.30,,1121
925,Kingsburg Pond Conservation Lands,Land Trust or Conservation Easement,Kingsburg Coastal Conservancy,Kingsburg Coastal Conservancy,Considered protected,0.30,,1122
921,Kingsburg Pond Conservation Lands,Land Trust or Conservation Easement,Kingsburg Coastal Conservancy,Kingsburg Coastal Conservancy,Considered protected,0.29,,1123
715,Brier Island Conservation Lands,Land Trust or Conservation Easement,Nature Conservancy of Canada,Nature Conservancy of Canada,Considered protected,0.27,,1124
940,Kingsburg Pond Conservation Lands,Land Trust or Conservation Easement,Kingsburg Coastal Conservancy,Kingsburg Coastal Conservancy,Considered protected,0.27,,1125
352,Docherty's Brook Conservation Lands,Land Trust or Conservation Easement,Nature Conservancy of Canada,Nature Conservancy of Canada,Considered protected,0.26,,1126
476,Tusket River Atlantic Coastal Plain Flora Conservation Lands,Land Trust or Conservation Easement,Nature Conservancy of Canada,Nature Conservancy of Canada,Considered protected,0.26,,1127
922,Kingsburg Pond Conservation Lands,Land Trust or Conservation Easement,Kingsburg Coastal Conservancy,Kingsburg Coastal Conservancy,Considered protected,0.25,,1128
266,Wolfville Ridge Conservation Lands,Land Trust or Conservation Easement,Nova Scotia Nature Trust,Nova Scotia Nature Trust,Considered protected,0.24,,1129
893,Hectanooga Conservation Lands,Land Trust or Conservation Easement,Nova Scotia Nature Trust,Nova Scotia Nature Trust,Considered protected,0.24,,1130
936,Kingsburg Pond Conservation Lands,Land Trust or Conservation Easement,Kingsburg Coastal Conservancy,Kingsburg Coastal Conservancy,Considered protected,0.23,,1131
523,Rose Bay Conservation Lands,Land Trust or Conservation Easement,Kingsburg Coastal Conservancy,Kingsburg Coastal Conservancy,Considered protected,0.22,,1132
363,Round Bay Conservation Lands,Land Trust or Conservation Easement,Nature Conservancy of Canada,Nature Conservancy of Canada,Considered protected,0.20,,1133
343,St. Marys River - Harrisons Pool Conservation Lands,Land Trust or Conservation Easement,Nova Scotia Nature Trust,Nova Scotia Nature Trust,Considered protected,0.18,,1134
670,Selig Island Conservation Lands,Land Trust or Conservation Easement,Nova Scotia Nature Trust,Nova Scotia Nature Trust,Considered protected,0.18,,1135
821,Farley's Ark Conservation Lands,Land Trust or Conservation Easement,Nova Scotia Nature Trust,Nova Scotia Nature Trust,Considered protected,0.18,,1136
856,Skudiak Lake Conservation Lands,Land Trust or Conservation Easement,Nature Conservancy of Canada,Nature Conservancy of Canada,Considered protected,0.18,,1137
937,Kingsburg Pond Conservation Lands,Land Trust or Conservation Easement,Kingsburg Coastal Conservancy,Kingsburg Coastal Conservancy,Considered protected,0.17,,1138
948,Silver River Wilderness Area,Wilderness Area,NS Environment and Climate Change,NS Environment and Climate Change,Designated,0.16,,1139
408,Port Joli Conservation Lands,Land Trust or Conservation Easement,Nature Conservancy of Canada,Nature Conservancy of Canada,Considered protected,0.15,,1140
956,Kingsburg Pond Conservation Lands,Land Trust or Conservation Easement,Kingsburg Coastal Conservancy,Kingsburg Coastal Conservancy,Considered protected,0.15,,1141
1066,Haley Lake Conservation Lands,Land Trust or Conservation Easement,Nature Conservancy of Canada,Nature Conservancy of Canada,Considered protected,0.14,,1142
366,Pennant River Conservation Lands,Land Trust or Conservation Easement,Nova Scotia Nature Trust,Nova Scotia Nature Trust,Considered protected,0.13,,1143
669,Selig Island Conservation Lands,Land Trust or Conservation Easement,Nova Scotia Nature Trust,Nova Scotia Nature Trust,Considered protected,0.13,,1144
806,Purgatory Point Conservation Lands,Land Trust or Conservation Easement,Nova Scotia Nature Trust and private owner(s),Private owner(s),Considered protected,0.12,,1145
367,Pennant River Conservation Lands,Land Trust or Conservation Easement,Nova Scotia Nature Trust,Nova Scotia Nature Trust,Considered protected,0.11,,1146
697,Lake Annis Nature Reserve,Nature Reserve,"NS Environment and Climate Change, private owner(s)",Private owner(s),Designated,0.11,,1147
404,St. Marys River Conservation Lands (1),Land Trust or Conservation Easement,Nova Scotia Nature Trust,Nova Scotia Nature Trust,Considered protected,0.10,,1148
340,Hemlock Hill Conservation Lands,Land Trust or Conservation Easement,Nova Scotia Nature Trust,Nova Scotia Nature Trust,Considered protected,0.09,,1149
923,Kingsburg Pond Conservation Lands,Land Trust or Conservation Easement,Kingsburg Coastal Conservancy,Kingsburg Coastal Conservancy,Considered protected,0.09,,1150
958,Kingsburg Pond Conservation Lands,Land Trust or Conservation Easement,Kingsburg Coastal Conservancy,Kingsburg Coastal Conservancy,Considered protected,0.09,,1151
230,Musquodoboit Harbour Conservation Lands,Land Trust or Conservation Easement,Nova Scotia Nature Trust,Nova Scotia Nature Trust,Considered protected,0.07,,1152
1088,Lime Hill Conservation Lands,Land Trust or Conservation Easement,Nova Scotia Nature Trust,Nova Scotia Nature Trust,Considered protected,0.06,,1153
977,A.M. Sandy Cameron Conservation Lands,Land Trust or Conservation Easement,Nova Scotia Nature Trust,Nova Scotia Nature Trust,Considered protected,0.05,,1154
686,Belliveau Lake - La Grande Ile Conservation Lands,Land Trust or Conservation Easement,Nova Scotia Nature Trust,Nova Scotia Nature Trust,Considered protected,0.03,,1155
744,McDonald Mill Brook Conservation Lands,Land Trust or Conservation Easement,Nova Scotia Nature Trust,Nova Scotia Nature Trust,Considered protected,0.03,,1156
368,Pennant River Conservation Lands,Land Trust or Conservation Easement,Nova Scotia Nature Trust,Nova Scotia Nature Trust,Considered protected,0.02,,1157
896,Mabou Highlands Conservation Lands,Land Trust or Conservation Easement,Nova Scotia Nature Trust and private owner(s),Private owner(s),Considered protected,0.02,,1158
1054,Deep Brook Bog Conservation Lands,Land Trust or Conservation Easement,Nova Scotia Nature Trust,Nova Scotia Nature Trust,Considered protected,0.02,,1159
684,Belliveau Lake - La Grande Ile Conservation Lands,Land Trust or Conservation Easement,Nova Scotia Nature Trust,Nova Scotia Nature Trust,Considered protected,0.01,,1160
685,Belliveau Lake - La Grande Ile Conservation Lands,Land Trust or Conservation Easement,Nova Scotia Nature Trust,Nova Scotia Nature Trust,Considered protected,0.01,,1161
